,0000,0111,0112,0113,0114,0115,0116,0119,0121,0122,0123,0124,0125,0126,0127,0128,0129,0130,0141,0142,0144,0145,0146,0149,0150,0161,0162,0163,0164,0170,0210,0220,0230,0240,0311,0312,0321,0322,0510,0520,0610,0620,0710,0721,0729,0810,0891,0893,0899,0910,0990,1010,1020,1030,1040,1050,1061,1062,1071,1072,1073,1074,1075,1079,1080,1101,1102,1103,1104,1200,1311,1312,1313,1391,1392,1393,1394,1399,1410,1420,1430,1511,1512,1520,1610,1621,1622,1623,1629,1701,1702,1709,1811,1812,1820,1920,2011,2012,2013,2021,2022,2023,2029,2030,2100,2211,2219,2220,2310,2391,2392,2393,2394,2395,2396,2399,2410,2420,2431,2432,2511,2512,2513,2520,2591,2592,2593,2599,2610,2620,2630,2640,2651,2652,2660,2670,2710,2720,2731,2732,2733,2740,2750,2790,2811,2812,2813,2814,2815,2816,2817,2818,2819,2821,2822,2823,2824,2825,2826,2829,2910,2920,2930,3011,3012,3020,3030,3040,3091,3092,3099,3100,3211,3212,3220,3230,3240,3250,3290,3311,3312,3313,3314,3315,3319,3320,3510,3520,3530,3600,3700,3811,3812,3821,3822,3830,3900,4100,4210,4220,4290,4311,4312,4321,4322,4329,4330,4390,4510,4520,4530,4540,4610,4620,4630,4641,4649,4651,4652,4653,4659,4661,4662,4663,4669,4690,4711,4719,4721,4722,4723,4730,4741,4742,4751,4752,4753,4759,4761,4762,4763,4764,4771,4772,4773,4774,4781,4782,4789,4791,4799,4911,4912,4921,4922,4923,4930,5011,5012,5021,5022,5110,5120,5210,5221,5222,5223,5224,5229,5310,5320,5510,5520,5590,5610,5621,5629,5630,5811,5813,5819,5820,5911,5912,5913,5914,5920,6010,6020,6110,6120,6130,6190,6201,6202,6209,6311,6312,6391,6399,6411,6419,6420,6430,6491,6492,6499,6511,6512,6520,6530,6611,6612,6614,6619,6621,6622,6630,6810,6820,6910,6920,7010,7020,7110,7120,7210,7220,7310,7320,7410,7420,7490,7500,7710,7721,7722,7729,7730,7740,7810,7820,7830,7911,7912,7990,8010,8020,8030,8110,8121,8129,8130,8211,8219,8220,8230,8291,8292,8299,8411,8412,8413,8421,8422,8423,8430,8510,8521,8522,8530,8541,8542,8549,8550,8610,8620,8690,8710,8720,8730,8790,8810,8890,9000,9101,9102,9103,9200,9311,9312,9319,9321,9329,9411,9412,9420,9491,9492,9499,9511,9512,9521,9522,9523,9524,9529,9601,9602,9603,9609,9700,9800,9820,9900,9999
0000,1.0,0.0,0.002551,0.0,0.0,0.004808,0.0,0.007519,0.0,0.00055,0.004808,0.0,0.0,0.0,0.00187,0.0,0.0,0.0,0.000742,0.0,0.0,0.0,0.001661,0.0,0.001845,0.004808,0.0,0.0,0.0,0.0,0.0,0.0,0.0,0.0,0.0,0.0,0.0,0.0,0.0,0.0,0.0,0.0,0.0,0.0,0.0,0.0,0.0,0.0,0.0,0.0,0.0,0.0,0.0,0.0,0.0,0.0,0.0,0.0,0.0,0.0,0.0,0.0,0.0,0.0,0.0,0.0,0.0,0.0,0.0,0.0,0.0,0.0,0.0,0.0,0.0,0.0,0.0,0.0,0.000401,0.0,0.0,0.0,0.0,0.0,0.0,0.0,0.0,0.0,0.0,0.0,0.0,0.0,0.001508,0.001629,0.0,0.0,0.0,0.0,0.0,0.0,0.0,0.003311,0.0,0.0,0.0,0.0,0.0,0.0,0.0,0.0,0.0,0.0,0.0,0.0,0.0,0.0,0.0,0.0,0.0,0.0,0.0,0.0,0.0,0.0,0.0,0.0,0.0,0.0,0.0,0.0,0.0,0.0,0.0,0.0,0.0,0.0,0.0,0.0,0.0,0.0,0.0,0.0,0.0,0.0,0.0,0.0,0.0,0.0,0.0,0.0,0.0,0.0,0.0,0.0,0.0,0.0,0.0,0.0,0.0,0.0,0.0,0.004808,0.0,0.0,0.0,0.0,0.0,0.0,0.0,0.0,0.0,0.000998,0.0,0.0,0.0,0.0,0.0,0.0,0.0,0.004808,0.0,0.004808,0.0,0.0,0.0,0.0,0.0,0.0,0.0,0.0,0.0,0.0,0.0,0.0,0.0,0.0,0.0,0.000498,0.0,0.0,0.0,0.0,0.004808,0.0,0.0,0.0,0.0,0.0,0.00155,0.001058,0.000889,0.0,0.0,0.0,0.000741,0.000428,0.001372,0.003024,0.0,0.0,0.001651,0.0,0.0,0.000763,0.0,0.000566,0.000518,0.001462,0.000315,0.000578,0.0,0.0,0.000736,0.0,0.0,0.000468,0.0,0.000714,0.000912,0.0,0.0,0.0,0.001027,0.001311,0.000722,0.0,0.0,0.001764,0.0,0.0,0.001347,0.0,0.0,0.000549,0.000359,0.001039,0.0,0.0,0.0,0.0,0.0,0.0,0.0,0.003017,0.0,0.0,0.0,0.0,0.0,0.001718,0.0,0.000734,0.0,0.0,0.000969,0.0,0.001961,0.001794,0.0,0.0,0.0,0.0,0.004808,0.0,0.0,0.0,0.0,0.0,0.0,0.0,0.0,0.0,0.002516,0.003115,0.004808,0.0,0.0,0.0,0.0,0.0,0.0,0.0,0.0,0.0,0.0,0.0,0.0,0.0,0.0,0.0,0.0,0.0,0.0,0.0,0.0,0.004808,0.0,0.0,0.003857,0.001564,0.000776,0.000735,0.0,0.00223,0.0,0.0,0.0,0.0,0.002105,0.0,0.006024,0.0,0.001864,0.003226,0.0,0.0,0.0,0.0,0.0,0.0,0.0,0.0,0.0,0.003497,0.0,0.0,0.0,0.0,0.0,0.0,0.0,0.0,0.0,0.0,0.002227,0.0,0.0,0.0,0.0,0.0,0.0,0.0,0.0,0.0,0.0,0.0,0.0,0.0,0.0,0.0,0.000749,0.0,0.0,0.000941,0.0,0.0,0.002276,0.0,0.0,0.0,0.0,0.0,0.0,0.0,0.001208,0.0,0.0,0.0,0.0,0.000929,0.0,0.003257,0.0,0.001497,0.0,0.0,0.0,0.0,0.0,0.0,0.0,0.0,0.0,0.0,0.0,0.0,0.004444,0.003534,0.000856,0.0,0.000972,0.0,0.0,0.0,0.0,0.0
0111,0.0,1.0,0.013556,0.010428,0.003128,0.005214,0.0,0.002086,0.0,0.014851,0.0,0.0,0.004171,0.021898,0.015586,0.001043,0.0,0.002086,0.004824,0.0,0.0,0.010428,0.005214,0.001043,0.002086,0.003128,0.0,0.004171,0.008342,0.0,0.0,0.0,0.0,0.0,0.0,0.0,0.011085,0.001043,0.0,0.0,0.0,0.0,0.0,0.0,0.001043,0.0,0.0,0.0,0.001043,0.0,0.0,0.002086,0.001043,0.002086,0.003128,0.001043,0.008342,0.0,0.003249,0.0,0.0,0.0,0.001043,0.0,0.0,0.001043,0.0,0.0,0.004171,0.0,0.0,0.0,0.001043,0.0,0.001043,0.0,0.0,0.0,0.003208,0.0,0.0,0.0,0.0,0.0,0.001043,0.0,0.002086,0.0,0.0,0.0,0.001043,0.0,0.001043,0.001043,0.0,0.0,0.0,0.0,0.0,0.0,0.0,0.002086,0.0,0.0,0.0,0.0,0.0,0.001043,0.0,0.0,0.0,0.0,0.0,0.001043,0.0,0.0,0.001043,0.0,0.0,0.0,0.001043,0.0,0.0,0.0,0.0,0.002086,0.001043,0.0,0.0,0.0,0.0,0.0,0.0,0.0,0.0,0.0,0.0,0.0,0.0,0.0,0.0,0.001043,0.0,0.0,0.0,0.001043,0.0,0.0,0.0,0.0,0.0,0.0,0.0,0.0,0.0,0.0,0.0,0.0,0.0,0.0,0.0,0.0,0.0,0.0,0.0,0.0,0.0,0.0,0.0,0.0,0.0,0.002994,0.0,0.0,0.0,0.0,0.001043,0.001043,0.0,0.0,0.002086,0.0,0.0,0.0,0.0,0.0,0.0,0.001043,0.0,0.0,0.0,0.0,0.0,0.0,0.0,0.0,0.0,0.006474,0.004171,0.001043,0.0,0.0,0.0,0.003128,0.0,0.0,0.001043,0.003128,0.001043,0.00344,0.002963,0.001965,0.002,0.023226,0.007559,0.000856,0.002156,0.001008,0.001043,0.002086,0.002476,0.0,0.0,0.00458,0.01467,0.001888,0.003727,0.000731,0.003785,0.002311,0.0,0.006582,0.002576,0.001043,0.002086,0.002809,0.0,0.00464,0.00365,0.0,0.0,0.0,0.001541,0.002403,0.005292,0.0,0.0,0.001043,0.0,0.001043,0.002963,0.0,0.0,0.009158,0.005244,0.015283,0.0,0.0,0.0,0.0,0.0,0.0,0.0,0.003128,0.003128,0.0,0.0,0.0,0.000944,0.0,0.001043,0.003302,0.0,0.0,0.002908,0.003128,0.001043,0.003589,0.0,0.0,0.0,0.0,0.0,0.0,0.0,0.0,0.0,0.0,0.0,0.002086,0.0,0.001043,0.003128,0.0,0.0,0.001043,0.0,0.0,0.0,0.0,0.001043,0.0,0.0,0.0,0.0,0.0,0.0,0.0,0.0,0.0,0.0,0.0,0.0,0.0,0.0,0.0,0.001043,0.0,0.005786,0.006255,0.006211,0.002574,0.002381,0.004014,0.002488,0.001043,0.002086,0.001043,0.0,0.0,0.003128,0.0,0.003884,0.0,0.001043,0.001043,0.0,0.001043,0.009683,0.0,0.0,0.001043,0.0,0.0,0.0,0.002086,0.0,0.0,0.0,0.0,0.0,0.001043,0.0,0.001043,0.0,0.0,0.004098,0.0,0.002086,0.0,0.0,0.0,0.002086,0.0,0.0,0.0,0.0,0.002086,0.001043,0.0,0.002994,0.0,0.0,0.001412,0.0,0.0,0.004551,0.001592,0.0,0.0,0.0,0.0,0.0,0.0,0.002086,0.0,0.0,0.0,0.0,0.0,0.0,0.001043,0.0,0.003128,0.0,0.0,0.0,0.0,0.0,0.0,0.001043,0.0,0.0,0.0,0.0,0.0,0.0,0.002086,0.002997,0.001043,0.002651,0.0,0.0,0.0,0.0,0.0
0112,0.002551,0.013556,1.0,0.00354,0.007653,0.002551,0.0,0.0,0.0,0.007701,0.002551,0.0,0.0,0.008026,0.004364,0.0,0.0,0.0,0.001855,0.0,0.0,0.006279,0.0,0.0,0.00369,0.002551,0.0,0.002551,0.005102,0.0,0.0,0.0,0.0,0.0,0.0,0.0,0.005542,0.0,0.0,0.0,0.0,0.0,0.0,0.0,0.002551,0.0,0.0,0.0,0.0,0.0,0.0,0.0,0.002551,0.0,0.0,0.001931,0.028061,0.0,0.0013,0.0,0.0,0.0,0.0,0.002381,0.0,0.0,0.0,0.0,0.0,0.0,0.0,0.0,0.0,0.0,0.0,0.0,0.0,0.0,0.0,0.0,0.0,0.0,0.0,0.002551,0.0,0.0,0.0,0.0,0.0,0.0,0.0,0.0,0.003017,0.0,0.0,0.0,0.0,0.0,0.0,0.002551,0.0,0.0,0.0,0.0,0.0,0.0,0.0,0.0,0.0,0.0,0.0,0.0,0.0,0.0,0.0,0.0,0.0,0.0,0.0,0.0,0.003058,0.0,0.0,0.0,0.0,0.005102,0.002551,0.002551,0.0,0.0,0.0,0.0,0.0,0.0,0.0,0.0,0.0,0.0,0.0,0.0,0.0,0.0,0.0,0.0,0.0,0.0,0.0,0.0,0.0,0.0,0.0,0.0,0.0,0.0,0.0,0.0,0.0,0.0,0.0,0.0,0.0,0.0,0.0,0.0,0.0,0.0,0.0,0.0,0.0,0.0,0.0,0.0,0.0,0.0,0.0,0.0,0.0,0.0,0.0,0.0,0.001664,0.0,0.0,0.0,0.0,0.0,0.0,0.0,0.0,0.0,0.0,0.0,0.0,0.0,0.0,0.0,0.0,0.001494,0.0,0.003891,0.0,0.0,0.0,0.0,0.0,0.0,0.0,0.0,0.0,0.001058,0.001185,0.001965,0.001,0.013936,0.003854,0.000428,0.000392,0.001008,0.0,0.002551,0.001238,0.0,0.0,0.001272,0.005379,0.000378,0.001242,0.000365,0.000631,0.001445,0.0,0.00141,0.000368,0.001504,0.0,0.001639,0.0,0.000714,0.000456,0.0,0.0,0.0,0.001198,0.000655,0.003127,0.0,0.0,0.0,0.0,0.0,0.001347,0.0,0.0,0.005678,0.001652,0.006182,0.0,0.0,0.0,0.002551,0.0,0.0,0.0,0.001508,0.003953,0.0,0.0,0.0,0.001889,0.0,0.0,0.000367,0.0,0.0,0.000889,0.001127,0.0,0.001794,0.0,0.0,0.0,0.0,0.002551,0.0,0.0,0.0,0.0,0.0,0.0,0.0,0.0,0.0,0.0,0.0,0.0,0.0,0.0,0.0,0.0,0.002551,0.0,0.0,0.0,0.0,0.0,0.0,0.0,0.0,0.0,0.0,0.0,0.0,0.0,0.0,0.0,0.0,0.0,0.0,0.004822,0.001798,0.0,0.002206,0.001587,0.000446,0.000711,0.0,0.0,0.0,0.000702,0.0,0.0,0.0,0.001398,0.0,0.002551,0.0,0.0,0.0,0.003352,0.0,0.0,0.0,0.0,0.0,0.002551,0.0,0.0,0.0,0.0,0.0,0.002451,0.0,0.0,0.0,0.0,0.0,0.00082,0.0,0.0,0.0,0.0,0.0,0.002551,0.0,0.0,0.0,0.0,0.003175,0.0,0.0,0.004491,0.0,0.0,0.000941,0.0,0.0,0.000975,0.001062,0.0,0.0,0.0,0.0,0.0,0.0,0.0,0.0,0.0,0.0,0.0,0.000929,0.0,0.0,0.0,0.001497,0.0,0.0,0.0,0.0,0.0,0.0,0.00129,0.0,0.0,0.0,0.0,0.0,0.0,0.0,0.000428,0.002551,0.000884,0.0,0.0,0.0,0.0,0.0
0113,0.0,0.010428,0.00354,1.0,0.00177,0.0,0.0,0.00885,0.0,0.0044,0.00354,0.0,0.00885,0.004815,0.002494,0.00177,0.00177,0.00177,0.00705,0.0,0.0,0.00314,0.004983,0.0,0.00531,0.00177,0.0,0.00177,0.0,0.0,0.0,0.00177,0.0,0.0,0.00177,0.0,0.003959,0.0,0.0,0.0,0.0,0.0,0.0,0.0,0.0,0.0,0.0,0.0,0.0,0.0,0.0,0.0,0.0,0.014159,0.0,0.00177,0.0,0.0,0.0,0.0,0.0,0.0,0.00177,0.00354,0.00177,0.00177,0.0,0.0,0.0,0.0,0.0,0.0,0.0,0.0,0.00354,0.0,0.0,0.0,0.0,0.0,0.0,0.0,0.00177,0.0,0.0,0.0,0.0,0.0,0.0,0.0,0.0,0.0,0.0,0.001629,0.0,0.0,0.0,0.0,0.0,0.0,0.0,0.00177,0.0,0.0,0.0,0.0,0.0,0.0,0.0,0.00177,0.0,0.0,0.0,0.00177,0.0,0.0,0.0,0.0,0.0,0.0,0.001529,0.0,0.0,0.0,0.0,0.00177,0.0,0.0,0.0,0.0,0.0,0.0,0.0,0.0,0.0,0.0,0.0,0.0,0.0,0.0,0.0,0.0,0.0,0.0,0.0,0.0,0.0,0.0,0.0,0.0,0.0,0.0,0.0,0.0,0.0,0.0,0.0,0.0,0.0,0.0,0.0,0.0,0.0,0.0,0.0,0.0,0.0,0.0,0.0,0.0,0.0,0.001996,0.0,0.0,0.0,0.0,0.0,0.0,0.0,0.0,0.0,0.0,0.0,0.0,0.0,0.0,0.0,0.00354,0.0,0.0,0.0,0.0,0.0,0.0,0.0,0.0,0.0,0.001494,0.00177,0.0,0.0,0.0,0.00354,0.001182,0.0,0.0,0.0,0.003442,0.00155,0.001852,0.001481,0.0,0.004,0.002111,0.002964,0.0,0.000392,0.001008,0.00177,0.00531,0.000413,0.0,0.0,0.002036,0.001956,0.001133,0.001242,0.000731,0.003312,0.000867,0.0,0.002351,0.000368,0.0,0.0,0.001404,0.0,0.000357,0.001369,0.0,0.0,0.0,0.000514,0.001747,0.001203,0.0,0.0,0.0,0.00177,0.0,0.002155,0.0,0.0,0.008059,0.003304,0.011277,0.0,0.00177,0.00177,0.0,0.0,0.0,0.0,0.0,0.00531,0.0,0.0,0.0,0.001889,0.0,0.0,0.002568,0.0,0.0,0.001212,0.002255,0.00177,0.000598,0.0,0.0,0.0,0.0,0.0,0.0,0.0,0.0,0.0,0.0,0.0,0.0,0.0,0.0,0.0,0.0,0.0,0.00177,0.0,0.0,0.0,0.0,0.0,0.0,0.0,0.0,0.0,0.0,0.0,0.0,0.0,0.0,0.0,0.0,0.0,0.0,0.0,0.0,0.0,0.0,0.001929,0.002502,0.003882,0.001471,0.002381,0.000892,0.004264,0.0,0.0,0.00177,0.0,0.0,0.00177,0.0,0.001398,0.0,0.0,0.0,0.0,0.0,0.002235,0.0,0.0,0.0,0.0,0.0,0.00354,0.0,0.0,0.0,0.0,0.0,0.00354,0.0,0.0,0.00177,0.0,0.0,0.001639,0.0,0.00177,0.0,0.0,0.0,0.0,0.0,0.0,0.0,0.0,0.001587,0.0,0.0,0.004491,0.0,0.00177,0.000941,0.0,0.0,0.0013,0.0,0.0,0.0,0.0,0.0,0.0,0.0,0.003623,0.0,0.0,0.0,0.0,0.0,0.0,0.00177,0.0,0.0,0.0,0.0,0.0,0.0,0.0,0.0,0.003871,0.0,0.0,0.0,0.0,0.0,0.0,0.001767,0.000856,0.00177,0.001679,0.0,0.0,0.0,0.0,0.0
0114,0.0,0.003128,0.007653,0.00177,1.0,0.0,0.0,0.003759,0.0,0.006601,0.0,0.0,0.0,0.00321,0.00187,0.0,0.004975,0.0,0.001855,0.0,0.0,0.00157,0.001661,0.0,0.005535,0.004902,0.0,0.014925,0.0,0.0,0.004975,0.0,0.0,0.0,0.0,0.0,0.000792,0.0,0.0,0.0,0.0,0.0,0.0,0.0,0.0,0.0,0.0,0.0,0.0,0.0,0.0,0.0,0.0,0.002375,0.0,0.003861,0.0,0.0,0.0,0.0,0.0,0.0,0.0,0.0,0.0,0.0,0.0,0.0,0.0,0.0,0.0,0.0,0.0,0.0,0.0,0.0,0.0,0.0,0.0,0.0,0.0,0.0,0.0,0.0,0.0,0.0,0.0,0.0,0.004975,0.0,0.0,0.0,0.0,0.0,0.0,0.0,0.0,0.0,0.0,0.0,0.0,0.0,0.0,0.0,0.0,0.0,0.0,0.0,0.0,0.0,0.0,0.0,0.0,0.003195,0.0,0.0,0.0,0.0,0.0,0.0,0.003058,0.0,0.0,0.0,0.0,0.0,0.0,0.0,0.0,0.0,0.0,0.0,0.0,0.0,0.0,0.0,0.0,0.0,0.0,0.0,0.0,0.0,0.0,0.0,0.0,0.0,0.0,0.0,0.0,0.0,0.0,0.0,0.0,0.0,0.0,0.0,0.0,0.0,0.0,0.0,0.0,0.0,0.0,0.0,0.0,0.0,0.0,0.0,0.0,0.0,0.0,0.0,0.0,0.0,0.0,0.0,0.0,0.0,0.0,0.0,0.0,0.0,0.0,0.0,0.0,0.0,0.0,0.004975,0.0,0.0,0.0,0.0,0.0,0.0,0.0,0.0,0.0,0.000996,0.002123,0.001946,0.0,0.0,0.0,0.001182,0.0,0.0,0.0,0.0,0.004651,0.000265,0.0,0.000982,0.0,0.000422,0.001927,0.000428,0.000196,0.002016,0.0,0.0,0.000413,0.002874,0.0,0.001018,0.002445,0.000378,0.000414,0.0,0.000789,0.000289,0.0,0.00141,0.0,0.001504,0.002174,0.000702,0.004975,0.000357,0.000456,0.0,0.0,0.0,0.000685,0.000437,0.000722,0.0,0.0,0.001764,0.0,0.0,0.000539,0.0,0.0,0.002381,0.000575,0.002374,0.0,0.0,0.0,0.0,0.0,0.0,0.0,0.0,0.0,0.0,0.0,0.0,0.0,0.0,0.0,0.000367,0.0,0.0,0.000323,0.0,0.0,0.0,0.0,0.0,0.0,0.0,0.0,0.0,0.0,0.0,0.0,0.0,0.0,0.0,0.0,0.0,0.0,0.0,0.0,0.0,0.0,0.0,0.0,0.0,0.0,0.0,0.0,0.0,0.0,0.0,0.0,0.0,0.0,0.0,0.0,0.0,0.0,0.0,0.0,0.0,0.0,0.0,0.003857,0.002893,0.000776,0.000735,0.001587,0.001338,0.001421,0.0,0.0,0.0,0.000702,0.0,0.0,0.0,0.000777,0.0,0.0,0.0,0.0,0.0,0.002607,0.0,0.0,0.0,0.0,0.0,0.0,0.0,0.0,0.0,0.0,0.0,0.0,0.002088,0.0,0.0,0.0,0.0,0.00082,0.004975,0.0,0.0,0.0,0.0,0.0,0.0,0.0,0.0,0.0,0.001587,0.0,0.0,0.000749,0.0,0.0,0.0,0.0,0.0,0.00065,0.000531,0.0,0.0,0.0,0.0,0.0,0.0,0.0,0.0,0.0,0.0,0.0,0.0,0.0,0.003257,0.0,0.002994,0.0,0.0,0.0,0.0,0.0,0.0,0.00129,0.0,0.0,0.0,0.0,0.0,0.0,0.0,0.0,0.0,0.000177,0.0,0.0,0.0,0.0,0.0
0115,0.004808,0.005214,0.002551,0.0,0.0,1.0,0.0,0.0,0.0,0.0011,0.0,0.0,0.0,0.001605,0.0,0.0,0.0,0.0,0.0,0.0,0.0,0.0,0.0,0.0,0.001845,0.0,0.0,0.005319,0.0,0.0,0.0,0.0,0.0,0.0,0.0,0.0,0.0,0.0,0.0,0.0,0.0,0.0,0.0,0.0,0.0,0.0,0.0,0.0,0.0,0.0,0.0,0.0,0.0,0.0,0.0,0.0,0.0,0.0,0.0,0.0,0.0,0.0,0.0,0.0,0.0,0.0,0.0,0.0,0.0,0.0,0.0,0.0,0.0,0.0,0.0,0.0,0.0,0.0,0.0,0.0,0.0,0.0,0.0,0.0,0.0,0.0,0.0,0.0,0.0,0.0,0.0,0.0,0.0,0.0,0.0,0.0,0.0,0.0,0.0,0.0,0.0,0.0,0.0,0.0,0.0,0.0,0.0,0.0,0.0,0.0,0.0,0.0,0.0,0.0,0.0,0.0,0.0,0.0,0.0,0.0,0.0,0.0,0.0,0.0,0.0,0.0,0.0,0.0,0.0,0.0,0.0,0.0,0.0,0.0,0.0,0.0,0.0,0.0,0.0,0.0,0.0,0.0,0.0,0.0,0.0,0.0,0.0,0.0,0.0,0.0,0.0,0.0,0.0,0.0,0.0,0.0,0.0,0.0,0.0,0.0,0.0,0.0,0.0,0.0,0.0,0.0,0.0,0.0,0.0,0.0,0.0,0.0,0.0,0.0,0.0,0.0,0.0,0.0,0.0,0.0,0.0,0.0,0.0,0.0,0.0,0.0,0.0,0.0,0.0,0.0,0.0,0.0,0.0,0.0,0.0,0.0,0.0,0.0,0.0,0.0,0.0,0.0,0.0,0.0,0.0,0.0,0.0,0.0,0.0,0.0,0.0,0.0,0.002,0.002111,0.000148,0.0,0.0,0.0,0.0,0.0,0.0,0.0,0.0,0.0,0.000489,0.0,0.0,0.0,0.0,0.0,0.0,0.00047,0.0,0.0,0.0,0.0,0.0,0.0,0.0,0.0,0.0,0.0,0.000171,0.000218,0.0,0.0,0.0,0.0,0.0,0.0,0.0,0.0,0.0,0.0,7.2e-05,0.000198,0.0,0.0,0.0,0.0,0.0,0.0,0.0,0.0,0.0,0.0,0.0,0.0,0.0,0.0,0.0,0.0,0.0,0.0,0.0,0.0,0.0,0.0,0.0,0.0,0.0,0.0,0.0,0.0,0.0,0.0,0.0,0.0,0.0,0.0,0.0,0.0,0.0,0.0,0.0,0.0,0.0,0.0,0.0,0.0,0.0,0.0,0.0,0.0,0.0,0.0,0.0,0.0,0.0,0.0,0.0,0.0,0.0,0.0,0.0,0.0,0.0,0.0,0.0,0.000156,0.0,0.000368,0.0,0.0,0.0,0.0,0.00625,0.0,0.0,0.0,0.0,0.0,0.000466,0.0,0.0,0.0,0.0,0.0,0.0,0.0,0.0,0.0,0.0,0.0,0.0,0.0,0.0,0.0,0.0,0.0,0.0,0.0,0.0,0.002037,0.0,0.0,0.0,0.0,0.0,0.0,0.0,0.0,0.0,0.0,0.0,0.0,0.0,0.001587,0.0,0.0,0.0,0.0,0.0,0.0,0.0,0.0,0.0,0.0,0.0,0.0,0.0,0.0,0.0,0.0,0.0,0.0,0.0,0.0,0.0,0.0,0.0,0.0,0.0,0.001497,0.0,0.0,0.0,0.0,0.0,0.0,0.0,0.0,0.0,0.0,0.0,0.0,0.0,0.0,0.0,0.0,0.000177,0.0,0.0,0.0,0.0,0.0
0116,0.0,0.0,0.0,0.0,0.0,0.0,1.0,0.003759,0.0,0.0,0.0,0.0,0.0,0.00321,0.0,0.0,0.007634,0.0,0.000742,0.0,0.0,0.0,0.001661,0.0,0.0,0.0,0.0,0.0,0.0,0.0,0.0,0.0,0.0,0.0,0.0,0.0,0.0,0.0,0.0,0.0,0.0,0.0,0.0,0.0,0.0,0.0,0.0,0.0,0.0,0.0,0.0,0.0,0.0,0.0,0.0,0.0,0.0,0.0,0.0,0.0,0.0,0.0,0.0,0.0,0.0,0.0,0.0,0.0,0.0,0.0,0.0,0.0,0.0,0.0,0.0,0.0,0.0,0.0,0.0,0.0,0.0,0.0,0.0,0.0,0.0,0.0,0.0,0.0,0.0,0.0,0.0,0.0,0.0,0.0,0.0,0.0,0.0,0.0,0.0,0.0,0.0,0.0,0.0,0.0,0.020619,0.0,0.0,0.0,0.0,0.0,0.0,0.0,0.0,0.0,0.0,0.0,0.0,0.0,0.0,0.0,0.001529,0.0,0.0,0.0,0.0,0.0,0.0,0.0,0.0,0.0,0.0,0.0,0.0,0.0,0.0,0.0,0.0,0.0,0.0,0.0,0.0,0.0,0.0,0.0,0.0,0.0,0.0,0.0,0.0,0.0,0.0,0.0,0.0,0.0,0.0,0.0,0.0,0.0,0.0,0.0,0.0,0.0,0.0,0.0,0.0,0.0,0.0,0.0,0.0,0.0,0.0,0.0,0.0,0.0,0.0,0.0,0.0,0.0,0.0,0.0,0.0,0.0,0.0,0.0,0.0,0.0,0.0,0.0,0.0,0.0,0.0,0.0,0.0,0.0,0.0,0.0,0.0,0.0,0.0,0.0,0.0,0.0,0.0,0.0,0.003436,0.0,0.0,0.0,0.0,0.0,0.000296,0.0,0.0,0.001267,0.0,0.0,0.0,0.0,0.0,0.0,0.0,0.0,0.0,0.000509,0.000978,0.0,0.0,0.000365,0.0,0.0,0.0,0.0,0.0,0.0,0.0,0.0,0.0,0.0,0.0,0.0,0.0,0.0,0.000171,0.000218,0.000241,0.0,0.0,0.0,0.0,0.0,0.0,0.0,0.0,0.0,0.000216,0.000148,0.0,0.0,0.0,0.0,0.0,0.0,0.0,0.0,0.0,0.0,0.0,0.0,0.0,0.0,0.0,0.000367,0.0,0.0,0.0,0.0,0.0,0.0,0.0,0.0,0.0,0.0,0.0,0.0,0.0,0.0,0.0,0.0,0.0,0.0,0.0,0.0,0.0,0.0,0.0,0.0,0.0,0.0,0.0,0.0,0.0,0.0,0.0,0.0,0.0,0.0,0.0,0.0,0.0,0.0,0.0,0.0,0.0,0.0,0.0,0.0,0.0,0.0,0.0,7.8e-05,0.0,0.000368,0.0,0.000446,0.0,0.0,0.0,0.0,0.0,0.0,0.0,0.0,0.0,0.0,0.0,0.0,0.0,0.0,0.0,0.0,0.0,0.0,0.0,0.0,0.0,0.0,0.0,0.0,0.0,0.0,0.0,0.0,0.0,0.0,0.0,0.0,0.0,0.0,0.0,0.0,0.0,0.0,0.0,0.0,0.0,0.0,0.0,0.0,0.0,0.0,0.0,0.0,0.0,0.0,0.0,0.0,0.0,0.0,0.0,0.0,0.0,0.0,0.0,0.0,0.0,0.0,0.0,0.0,0.0,0.0,0.0,0.0,0.0,0.0,0.0,0.0,0.0,0.0,0.0,0.0,0.0,0.0,0.0,0.0,0.0,0.0,0.0,0.0,0.0,0.0,0.0,0.0,0.0,0.0,0.0,0.0
0119,0.007519,0.002086,0.0,0.00885,0.003759,0.0,0.003759,1.0,0.0,0.00055,0.0,0.0,0.007519,0.0,0.0,0.003759,0.011278,0.033835,0.004824,0.0,0.003759,0.00157,0.0,0.0,0.005535,0.003759,0.0,0.011278,0.0,0.0,0.0,0.0,0.0,0.0,0.0,0.0,0.0,0.0,0.0,0.0,0.0,0.0,0.0,0.0,0.0,0.0,0.0,0.0,0.0,0.0,0.0,0.002481,0.0,0.0,0.0,0.001931,0.0,0.0,0.00065,0.003759,0.0,0.0,0.0,0.0,0.0,0.0,0.0,0.0,0.002525,0.0,0.0,0.0,0.0,0.0,0.0,0.0,0.0,0.0,0.000401,0.0,0.0,0.0,0.0,0.0,0.0,0.0,0.0,0.0,0.0,0.0,0.0,0.0,0.0,0.0,0.0,0.0,0.0,0.0,0.0,0.003759,0.0,0.0,0.0,0.0,0.0,0.0,0.0,0.0,0.0,0.0,0.0,0.0,0.0,0.00639,0.0,0.0,0.0,0.0,0.0,0.0,0.001529,0.0,0.0,0.0,0.0,0.0,0.0,0.0,0.0,0.0,0.0,0.0,0.0,0.0,0.0,0.0,0.0,0.0,0.0,0.0,0.0,0.0,0.0,0.0,0.0,0.0,0.0,0.0,0.0,0.0,0.0,0.0,0.0,0.0,0.0,0.0,0.0,0.0,0.0,0.0,0.0,0.003759,0.0,0.0,0.0,0.0,0.0,0.0,0.0,0.0,0.0,0.001996,0.0,0.0,0.0,0.0,0.0,0.0,0.0,0.0,0.0,0.0,0.0,0.0,0.0,0.0,0.0,0.0,0.0,0.0,0.0,0.0,0.0,0.003759,0.0,0.0,0.0,0.000996,0.0,0.0,0.0,0.0,0.0,0.0,0.0,0.0,0.0,0.0,0.00155,0.000529,0.0,0.0,0.002,0.018159,0.000445,0.000428,0.000196,0.0,0.0,0.0,0.000413,0.0,0.0,0.001272,0.002934,0.000189,0.000207,0.001096,0.000315,0.0,0.0,0.00047,0.000368,0.0,0.002174,0.000936,0.0,0.000714,0.000456,0.0,0.0,0.0,0.000171,0.000874,0.003608,0.0,0.0,0.001764,0.0,0.0,0.000269,0.0,0.0,0.002381,0.001437,0.001879,0.0,0.0,0.0,0.0,0.0,0.0,0.0,0.001508,0.001976,0.0,0.0,0.0,0.000944,0.0,0.0,0.001467,0.0,0.0,0.000162,0.0,0.0,0.000598,0.0,0.0,0.0,0.0,0.0,0.0,0.0,0.0,0.0,0.0,0.0,0.0,0.0,0.0,0.0,0.0,0.0,0.003759,0.0,0.0,0.0,0.0,0.0,0.0,0.0,0.0,0.0,0.0,0.0,0.0,0.0,0.0,0.0,0.0,0.0,0.0,0.0,0.0,0.0,0.0,0.002893,0.001016,0.0,0.000735,0.000794,0.001784,0.000355,0.0,0.003759,0.0,0.001404,0.0,0.0,0.0,0.001087,0.003226,0.0,0.0,0.0,0.002353,0.0,0.0,0.0,0.0,0.0,0.0,0.0,0.0,0.0,0.0,0.0,0.0,0.0,0.002088,0.0,0.002037,0.0,0.0,0.00082,0.0,0.0,0.0,0.0,0.0,0.0,0.0,0.0,0.0,0.0,0.001587,0.0,0.0,0.002246,0.0,0.0,0.0,0.0,0.0,0.000325,0.0,0.0,0.0,0.0,0.0,0.0,0.0,0.0,0.0,0.0,0.0,0.0,0.000929,0.0,0.003257,0.0,0.0,0.0,0.0,0.0,0.0,0.0,0.0,0.003871,0.004751,0.0,0.0,0.0,0.003759,0.0,0.0,0.000428,0.0,0.001149,0.0,0.0,0.0,0.0,0.0
0121,0.0,0.0,0.0,0.0,0.0,0.0,0.0,0.0,1.0,0.0011,0.006993,0.0,0.0,0.0,0.0,0.0,0.0,0.0,0.000371,0.0,0.0,0.0,0.0,0.0,0.0,0.0,0.0,0.0,0.0,0.0,0.0,0.0,0.0,0.0,0.0,0.0,0.0,0.0,0.0,0.0,0.0,0.0,0.0,0.0,0.0,0.0,0.0,0.0,0.0,0.0,0.0,0.0,0.0,0.0,0.0,0.0,0.0,0.0,0.0,0.0,0.0,0.0,0.0,0.0,0.0,0.0,0.0,0.0,0.0,0.0,0.0,0.0,0.0,0.0,0.0,0.0,0.0,0.0,0.0,0.0,0.0,0.0,0.0,0.0,0.0,0.0,0.0,0.0,0.0,0.0,0.0,0.0,0.001508,0.0,0.0,0.0,0.0,0.0,0.0,0.0,0.0,0.0,0.0,0.0,0.0,0.0,0.0,0.0,0.0,0.0,0.0,0.0,0.0,0.0,0.0,0.0,0.0,0.0,0.0,0.0,0.0,0.0,0.0,0.0,0.0,0.0,0.0,0.0,0.0,0.0,0.0,0.0,0.0,0.0,0.0,0.0,0.0,0.0,0.0,0.0,0.0,0.0,0.0,0.0,0.0,0.0,0.0,0.0,0.0,0.0,0.0,0.0,0.0,0.0,0.0,0.0,0.0,0.0,0.0,0.0,0.0,0.0,0.0,0.0,0.0,0.0,0.0,0.0,0.0,0.0,0.0,0.0,0.0,0.0,0.0,0.0,0.0,0.0,0.0,0.0,0.0,0.0,0.0,0.0,0.0,0.0,0.0,0.0,0.0,0.0,0.0,0.0,0.0,0.0,0.0,0.0,0.0,0.000498,0.002123,0.001946,0.0,0.0,0.0,0.0,0.0,0.0,0.0,0.0,0.0,0.0,0.0,0.0,0.0,0.0,0.000148,0.0,0.0,0.0,0.0,0.0,0.0,0.0,0.0,0.0,0.0,0.0,0.0,0.0,0.0,0.0,0.0,0.0,0.0,0.0,0.0,0.0,0.0,0.0,0.0,0.0,0.0,0.0,0.000342,0.0,0.0,0.0,0.0,0.0,0.0,0.0,0.0,0.0,0.0,0.0,0.0,0.0,0.0,0.0,0.0,0.0,0.0,0.0,0.0,0.001508,0.0,0.0,0.0,0.0,0.0,0.0,0.0,0.0,0.0,0.0,8.1e-05,0.0,0.0,0.0,0.0,0.0,0.0,0.0,0.0,0.0,0.0,0.0,0.0,0.0,0.0,0.0,0.0,0.0,0.0,0.0,0.0,0.0,0.0,0.0,0.0,0.0,0.0,0.0,0.0,0.0,0.0,0.0,0.0,0.0,0.0,0.0,0.0,0.0,0.0,0.0,0.0,0.0,0.0,0.0,0.0,0.000235,0.0,0.0,0.0,0.0,0.000355,0.0,0.0,0.0,0.0,0.0,0.0,0.0,0.0,0.0,0.0,0.0,0.0,0.0,0.000372,0.0,0.0,0.0,0.0,0.0,0.0,0.0,0.0,0.0,0.0,0.0,0.0,0.0,0.0,0.0,0.0,0.0,0.0,0.0,0.0,0.0,0.0,0.0,0.0,0.0,0.0,0.0,0.0,0.0,0.0,0.0,0.0,0.0,0.0,0.0,0.0,0.0,0.0,0.0,0.0,0.0,0.0,0.0,0.0,0.0,0.0,0.0,0.0,0.0,0.0,0.0,0.0,0.0,0.0,0.0,0.0,0.0,0.0,0.0,0.0,0.0,0.0,0.0,0.0,0.0,0.0,0.0,0.0,0.0,0.0,0.0,0.0,0.0,0.0,0.0,0.0,0.0
0122,0.00055,0.014851,0.007701,0.0044,0.006601,0.0011,0.0,0.00055,0.0011,1.0,0.00495,0.0,0.0022,0.023652,0.048955,0.0022,0.0022,0.00275,0.015584,0.00055,0.0,0.00275,0.0033,0.0,0.006601,0.006051,0.00055,0.012101,0.00055,0.0,0.00385,0.00275,0.00055,0.00055,0.00055,0.0,0.041254,0.00165,0.0,0.0,0.0,0.00055,0.00055,0.0,0.0033,0.00055,0.0,0.0,0.0,0.0,0.0,0.0011,0.0,0.00385,0.0,0.0044,0.0011,0.00055,0.00165,0.00055,0.00055,0.00055,0.00055,0.0011,0.0011,0.00055,0.0,0.0,0.00055,0.0,0.0,0.0,0.00055,0.0,0.00055,0.0,0.0,0.0,0.002406,0.0,0.0,0.0,0.0011,0.0,0.0011,0.0,0.0011,0.0011,0.00055,0.0,0.0,0.00055,0.0,0.0022,0.0,0.00055,0.00055,0.0,0.0,0.00055,0.0,0.0,0.0,0.0,0.00055,0.0,0.0,0.0,0.0,0.0,0.0,0.0,0.0,0.0,0.0,0.0,0.00055,0.0,0.0,0.0,0.00055,0.0,0.0,0.0,0.00055,0.0011,0.0,0.0,0.0,0.0,0.0,0.0,0.0,0.0,0.0,0.0,0.0,0.0,0.0,0.0,0.0,0.0,0.0,0.0,0.0,0.0,0.0,0.0,0.0,0.0,0.0,0.0,0.00055,0.0,0.0,0.0,0.0,0.0,0.0,0.0,0.0,0.0,0.0,0.0,0.0,0.0,0.0,0.0,0.0,0.0,0.0,0.0011,0.0,0.00055,0.0,0.0,0.0,0.00055,0.0,0.0,0.0,0.0,0.00055,0.0,0.0,0.0,0.0,0.0011,0.0,0.00055,0.0,0.0,0.0,0.0,0.0,0.0,0.0,0.006972,0.00165,0.0011,0.0,0.0,0.0,0.00055,0.0,0.0,0.00055,0.0022,0.0011,0.00344,0.003852,0.0033,0.0044,0.011824,0.025345,0.002567,0.002156,0.00055,0.0,0.006051,0.002889,0.00275,0.00055,0.007125,0.020538,0.003965,0.004659,0.001827,0.007412,0.005201,0.0,0.010813,0.003681,0.0011,0.0011,0.003511,0.0,0.002855,0.00365,0.0,0.00055,0.00055,0.00291,0.00415,0.009863,0.0,0.00055,0.00055,0.0,0.0,0.009696,0.0,0.0,0.011172,0.006321,0.024334,0.0,0.00055,0.00165,0.0,0.0,0.00055,0.0,0.0011,0.00165,0.0,0.0,0.0011,0.0011,0.0011,0.0,0.006603,0.0011,0.00055,0.003716,0.0011,0.00165,0.0033,0.00055,0.0,0.0,0.0,0.0,0.0,0.0,0.0,0.0,0.0,0.00055,0.0,0.00055,0.00055,0.00165,0.00055,0.0,0.0,0.0011,0.0,0.0,0.0,0.00055,0.0,0.0,0.0,0.0,0.0,0.0,0.0,0.0,0.0,0.0,0.00055,0.0,0.0,0.0,0.0,0.0,0.0,0.009901,0.015324,0.007701,0.009191,0.008801,0.008029,0.008173,0.0,0.00055,0.0,0.00275,0.0,0.00165,0.0011,0.007302,0.0011,0.0,0.0,0.0022,0.00055,0.008566,0.0,0.0,0.0,0.0,0.0,0.0,0.0011,0.0,0.0,0.0,0.0,0.0011,0.0,0.0,0.0033,0.00055,0.0,0.00055,0.00055,0.00055,0.0,0.0,0.0,0.00055,0.0,0.0,0.0,0.0,0.00055,0.00055,0.0,0.005501,0.0,0.0,0.002824,0.00055,0.00165,0.008778,0.003715,0.0,0.00055,0.0,0.0,0.0,0.00055,0.0011,0.0,0.0,0.0,0.00165,0.00385,0.0,0.0,0.0011,0.00275,0.0,0.0011,0.00055,0.0,0.0,0.0011,0.00165,0.00055,0.00055,0.0,0.0,0.00055,0.0,0.00165,0.003425,0.0,0.006451,0.00055,0.00055,0.0,0.0,0.0
0123,0.004808,0.0,0.002551,0.00354,0.0,0.0,0.0,0.0,0.006993,0.00495,1.0,0.0,0.003831,0.0,0.00187,0.0,0.0,0.0,0.001484,0.0,0.0,0.00157,0.001661,0.0,0.0,0.004902,0.0,0.0,0.0,0.0,0.0,0.0,0.0,0.0,0.0,0.0,0.003167,0.00625,0.0,0.0,0.0,0.0,0.0,0.0,0.002597,0.004149,0.0,0.0,0.0,0.0,0.0,0.0,0.0,0.004751,0.0,0.0,0.0,0.0,0.0,0.0,0.0,0.0,0.0,0.0,0.0,0.0,0.0,0.0,0.0,0.0,0.0,0.0,0.0,0.0,0.0,0.0,0.0,0.0,0.000401,0.0,0.0,0.0,0.0,0.0,0.004329,0.0,0.002604,0.0,0.0,0.0,0.0,0.0,0.0,0.001629,0.0,0.0,0.0,0.0,0.0,0.0,0.0,0.0,0.0,0.0,0.0,0.0,0.0,0.0,0.0,0.0,0.0,0.0,0.0,0.003195,0.0,0.0,0.0,0.0,0.0,0.006993,0.0,0.006993,0.0,0.0,0.0,0.0,0.0,0.0,0.0,0.0,0.0,0.0,0.0,0.0,0.0,0.0,0.0,0.0,0.0,0.0,0.0,0.0,0.0,0.0,0.0,0.0,0.0,0.0,0.0,0.0,0.0,0.0,0.0,0.0,0.0,0.0,0.0,0.0,0.0,0.0,0.0,0.0,0.0,0.0,0.0,0.0,0.0,0.0,0.0,0.0,0.0,0.0,0.0,0.006993,0.0,0.0,0.0,0.0,0.00303,0.0,0.0,0.0,0.0,0.0,0.0,0.0,0.0,0.0,0.0,0.0,0.0,0.0,0.0,0.0,0.0,0.0,0.0,0.000996,0.0,0.0,0.0,0.0,0.0,0.0,0.0,0.0,0.001701,0.003442,0.00155,0.0,0.000593,0.0,0.0,0.000845,0.001334,0.0,0.000196,0.0,0.0,0.0,0.0,0.0,0.0,0.000254,0.001467,0.000378,0.000518,0.000365,0.000315,0.000289,0.0,0.00047,0.001104,0.0,0.0,0.000702,0.0,0.0,0.000912,0.0,0.0,0.0,0.000342,0.000218,0.000481,0.0,0.0,0.0,0.0,0.002941,0.000808,0.0,0.0,0.003297,0.001293,0.001929,0.0,0.0,0.0,0.0,0.0,0.0,0.0,0.0,0.0,0.0,0.0,0.0,0.0,0.0,0.0,0.000367,0.0,0.0,0.000242,0.0,0.0,0.0,0.0,0.0,0.0,0.0,0.0,0.0,0.0,0.0,0.006993,0.0,0.0,0.0,0.003521,0.0,0.0,0.0,0.0,0.0,0.0,0.0,0.0,0.0,0.0,0.0,0.0,0.0,0.0,0.0,0.0,0.0,0.0,0.0,0.0,0.0,0.0,0.0,0.0,0.0,0.0,0.0,0.000964,0.00086,0.001553,0.001471,0.001587,0.0,0.001066,0.0,0.0,0.0,0.001404,0.0,0.0,0.0,0.000311,0.0,0.0,0.0,0.0,0.0,0.000372,0.0,0.0,0.0,0.0,0.0,0.0,0.0,0.0,0.0,0.0,0.0,0.0,0.0,0.0,0.0,0.0,0.0,0.0,0.006849,0.0,0.0,0.003425,0.0,0.0,0.0,0.0,0.0,0.0,0.0,0.0,0.0,0.0,0.0,0.0,0.000471,0.0,0.0,0.0013,0.000531,0.0,0.0,0.0,0.0,0.0,0.0,0.0,0.0,0.0,0.0,0.0,0.0,0.0,0.0,0.0,0.001497,0.0,0.0,0.0,0.0,0.0,0.0,0.00129,0.0,0.0,0.0,0.0,0.0,0.004444,0.0,0.000428,0.0,0.000619,0.0,0.0,0.0,0.0,0.0
0124,0.0,0.0,0.0,0.0,0.0,0.0,0.0,0.0,0.0,0.0,0.0,1.0,0.003831,0.0,0.0,0.0,0.0,0.0,0.0,0.0,0.0,0.0,0.0,0.0,0.0,0.0,0.0,0.0,0.0,0.0,0.0,0.0,0.0,0.0,0.0,0.0,0.0,0.0,0.0,0.0,0.0,0.0,0.0,0.0,0.0,0.0,0.0,0.0,0.0,0.0,0.0,0.0,0.0,0.0,0.0,0.0,0.0,0.0,0.0,0.0,0.0,0.0,0.0,0.0,0.0,0.0,0.0,0.0,0.0,0.0,0.0,0.0,0.0,0.0,0.0,0.0,0.0,0.0,0.000401,0.0,0.0,0.0,0.0,0.0,0.0,0.0,0.0,0.0,0.0,0.0,0.0,0.0,0.0,0.0,0.0,0.0,0.0,0.0,0.0,0.0,0.0,0.0,0.0,0.0,0.0,0.0,0.0,0.0,0.0,0.0,0.0,0.0,0.0,0.0,0.0,0.0,0.0,0.0,0.0,0.0,0.0,0.0,0.0,0.0,0.0,0.0,0.0,0.0,0.0,0.0,0.0,0.0,0.0,0.0,0.0,0.0,0.0,0.0,0.0,0.0,0.0,0.0,0.0,0.0,0.0,0.0,0.0,0.0,0.0,0.0,0.0,0.0,0.0,0.0,0.0,0.0,0.0,0.0,0.0,0.0,0.0,0.0,0.0,0.0,0.0,0.0,0.0,0.0,0.0,0.0,0.0,0.0,0.0,0.0,0.0,0.0,0.0,0.0,0.0,0.0,0.001664,0.0,0.0,0.0,0.0,0.0,0.0,0.0,0.0,0.0,0.0,0.0,0.0,0.0,0.0,0.0,0.0,0.0,0.0,0.0,0.0,0.0,0.0,0.0,0.0,0.0,0.0,0.0,0.0,0.0,0.000296,0.0,0.0,0.0,0.000148,0.000428,0.0,0.0,0.0,0.0,0.0,0.0,0.0,0.0,0.0,0.0,0.0,0.0,0.0,0.0,0.0,0.0,0.0,0.0,0.0,0.0,0.0,0.0,0.0,0.0,0.0,0.0,0.000171,0.0,0.000241,0.0,0.0,0.0,0.0,0.0,0.0,0.0,0.0,0.0,0.000144,0.000198,0.0,0.0,0.0,0.0,0.0,0.0,0.0,0.0,0.0,0.0,0.0,0.0,0.0,0.0,0.0,0.0,0.0,0.0,8.1e-05,0.0,0.0,0.0,0.0,0.0,0.0,0.0,0.0,0.0,0.0,0.0,0.0,0.0,0.0,0.0,0.0,0.0,0.0,0.0,0.0,0.0,0.0,0.0,0.0,0.0,0.0,0.0,0.0,0.0,0.0,0.0,0.0,0.0,0.0,0.0,0.0,0.0,0.0,0.0,0.0,0.0,0.0,0.0,0.0,0.000156,0.000776,0.0,0.0,0.0,0.0,0.0,0.0,0.0,0.0,0.0,0.0,0.0,0.0,0.0,0.0,0.0,0.0,0.0,0.0,0.0,0.0,0.0,0.0,0.0,0.0,0.0,0.0,0.0,0.0,0.0,0.0,0.0,0.0,0.0,0.0,0.0,0.0,0.0,0.0,0.0,0.0,0.0,0.0,0.0,0.0,0.0,0.0,0.0,0.0,0.0,0.0,0.0,0.0,0.0,0.0,0.0,0.0,0.0,0.0,0.0,0.0,0.0,0.0,0.0,0.0,0.0,0.0,0.0,0.0,0.0,0.0,0.0,0.0,0.0,0.0,0.0,0.0,0.0,0.0,0.0,0.0,0.0,0.0,0.0,0.0,0.0,0.0,0.0,0.0,0.0,0.0,0.0,0.0,0.0,0.0,0.0
0125,0.0,0.004171,0.0,0.00885,0.0,0.0,0.0,0.007519,0.0,0.0022,0.003831,0.003831,1.0,0.001605,0.000623,0.003831,0.007663,0.0,0.000742,0.0,0.0,0.0,0.006645,0.0,0.00369,0.003831,0.0,0.007663,0.0,0.0,0.003831,0.0,0.0,0.0,0.00369,0.0,0.003959,0.0,0.0,0.0,0.0,0.0,0.0,0.0,0.002597,0.0,0.0,0.0,0.0,0.0,0.003831,0.004963,0.0,0.004751,0.003831,0.001931,0.0,0.0,0.0,0.0,0.007663,0.0,0.0,0.0,0.003831,0.0,0.003831,0.0,0.0,0.0,0.0,0.0,0.0,0.0,0.0,0.0,0.0,0.0,0.000802,0.0,0.0,0.003831,0.0,0.0,0.0,0.0,0.0,0.0,0.0,0.0,0.0,0.0,0.0,0.0,0.0,0.0,0.0,0.0,0.0,0.0,0.0,0.0,0.0,0.0,0.0,0.0,0.0,0.0,0.0,0.0,0.0,0.0,0.0,0.0,0.0,0.0,0.0,0.0,0.0,0.0,0.0,0.0,0.0,0.0,0.0,0.0,0.0,0.0,0.0,0.0,0.0,0.0,0.0,0.0,0.0,0.0,0.0,0.0,0.0,0.0,0.0,0.0,0.0,0.0,0.0,0.0,0.0,0.0,0.0,0.0,0.0,0.0,0.0,0.0,0.0,0.0,0.0,0.0,0.0,0.0,0.0,0.0,0.0,0.0,0.0,0.0,0.0,0.0,0.0,0.0,0.0,0.000998,0.0,0.0,0.0,0.0,0.0,0.0,0.0,0.0,0.0,0.0,0.0,0.0,0.0,0.0,0.0,0.0,0.0,0.0,0.0,0.0,0.0,0.0,0.0,0.0,0.0,0.000996,0.0,0.001946,0.0,0.0,0.003831,0.0,0.0,0.0,0.0,0.003442,0.0,0.000529,0.000593,0.000982,0.001,0.001689,0.002223,0.000428,0.001372,0.001008,0.0,0.006349,0.000825,0.0,0.0,0.000509,0.002445,0.0,0.000932,0.000731,0.000631,0.000289,0.0,0.00094,0.000368,0.0,0.0,0.000468,0.0,0.001071,0.000912,0.0,0.003831,0.0,0.000856,0.000218,0.001684,0.0,0.0,0.0,0.0,0.0,0.000269,0.0,0.0,0.002747,0.001365,0.003709,0.0,0.0,0.003831,0.0,0.0,0.0,0.0,0.001508,0.0,0.0,0.0,0.0,0.0,0.0,0.0,0.000367,0.0,0.0,0.000565,0.001127,0.0,0.001794,0.0,0.0,0.0,0.0,0.0,0.0,0.0,0.0,0.0,0.0,0.0,0.0,0.0,0.0,0.0,0.0,0.0,0.0,0.0,0.0,0.0,0.003831,0.0,0.0,0.0,0.0,0.0,0.0,0.0,0.0,0.0,0.0,0.0,0.0,0.0,0.0,0.0,0.0,0.0,0.0,0.0,0.001642,0.000776,0.001103,0.001587,0.001784,0.000711,0.0,0.0,0.0,0.001404,0.0,0.003012,0.0,0.000777,0.0,0.0,0.0,0.0,0.004706,0.002607,0.0,0.0,0.0,0.0,0.0,0.0,0.0,0.0,0.0,0.0,0.0,0.0,0.0,0.0,0.0,0.0,0.0,0.001639,0.0,0.0,0.0,0.0,0.0,0.0,0.0,0.0,0.0,0.0,0.001587,0.002941,0.0,0.0,0.003831,0.0,0.000471,0.0,0.0,0.001625,0.0,0.0,0.0,0.0,0.0,0.0,0.0,0.0,0.0,0.0,0.0,0.002967,0.000929,0.0,0.0,0.0,0.002994,0.0,0.0,0.0,0.0,0.0,0.0,0.0,0.0,0.003831,0.0,0.0,0.0,0.0,0.0,0.000428,0.0,0.000972,0.003831,0.0,0.0,0.0,0.0
0126,0.0,0.021898,0.008026,0.004815,0.00321,0.001605,0.00321,0.0,0.0,0.023652,0.0,0.0,0.001605,1.0,0.011845,0.001605,0.016051,0.00321,0.012616,0.0,0.001605,0.00471,0.006421,0.0,0.012841,0.004815,0.001605,0.008026,0.004815,0.0,0.011236,0.006421,0.0,0.001605,0.0,0.0,0.012668,0.001605,0.0,0.0,0.0,0.0,0.0,0.0,0.001605,0.0,0.0,0.0,0.0,0.0,0.0,0.001605,0.001605,0.001605,0.006421,0.00321,0.004815,0.0,0.0013,0.0,0.0,0.0,0.001605,0.00321,0.001605,0.0,0.0,0.0,0.0,0.001605,0.0,0.0,0.0,0.0,0.001605,0.0,0.0,0.0,0.000401,0.0,0.0,0.0,0.0,0.0,0.0,0.0,0.0,0.0,0.0,0.0,0.0,0.0,0.0,0.001605,0.0,0.0,0.0,0.0,0.001605,0.0,0.0,0.00321,0.0,0.0,0.0,0.0,0.0,0.0,0.0,0.0,0.0,0.0,0.0,0.001605,0.0,0.00321,0.0,0.0,0.0,0.0,0.001529,0.0,0.0,0.0,0.0,0.0,0.0,0.0,0.0,0.0,0.0,0.0,0.0,0.0,0.0,0.0,0.0,0.0,0.0,0.0,0.0,0.0,0.0,0.0,0.0,0.0,0.0,0.0,0.0,0.0,0.0,0.0,0.0,0.0,0.0,0.0,0.0,0.0,0.0,0.0,0.0,0.0,0.0,0.0,0.0,0.0,0.0,0.0,0.0,0.0,0.0,0.0,0.0,0.0,0.0,0.0,0.0,0.0,0.0,0.0,0.0,0.0,0.0,0.0,0.0,0.0,0.0,0.001605,0.0,0.0,0.0,0.001605,0.0,0.0,0.0,0.001605,0.0,0.001494,0.001605,0.0,0.0,0.0,0.001605,0.001182,0.0,0.0,0.0,0.00321,0.00155,0.002911,0.001778,0.002947,0.0,0.009291,0.00415,0.000856,0.001372,0.001008,0.001605,0.00321,0.001238,0.001605,0.0,0.004326,0.004401,0.000944,0.000828,0.001462,0.001577,0.000867,0.0,0.002821,0.001104,0.001504,0.001605,0.002809,0.0,0.001071,0.0,0.0,0.0,0.001605,0.001027,0.000874,0.002646,0.0,0.0,0.0,0.0,0.0,0.00404,0.0,0.0,0.001648,0.001868,0.00727,0.0,0.0,0.0,0.0,0.00321,0.0,0.0,0.003017,0.001605,0.001605,0.0,0.0,0.001889,0.0,0.0,0.004769,0.0,0.0,0.000565,0.001127,0.0,0.001196,0.0,0.0,0.0,0.0,0.0,0.0,0.0,0.0,0.0,0.0,0.0,0.001605,0.001605,0.0,0.001258,0.0,0.0,0.0,0.0,0.0,0.0,0.0,0.001605,0.0,0.0,0.0,0.0,0.0,0.0,0.0,0.0,0.0,0.0,0.0,0.0,0.0,0.0,0.0,0.0,0.0,0.008679,0.008835,0.004658,0.002206,0.003968,0.00446,0.00462,0.001605,0.006421,0.0,0.000702,0.0,0.001605,0.0,0.00233,0.004815,0.001605,0.0,0.0,0.0,0.00298,0.0,0.0,0.0,0.0,0.0,0.0,0.0,0.001605,0.0,0.0,0.0,0.001605,0.001605,0.001605,0.001605,0.00321,0.0,0.0,0.0,0.001605,0.0,0.001605,0.0,0.0,0.0,0.0,0.0,0.0,0.0,0.0,0.0,0.004491,0.0,0.0,0.000941,0.0,0.0,0.002601,0.002654,0.0,0.0,0.0,0.0,0.0,0.0,0.0,0.0,0.0,0.0,0.0,0.000929,0.0,0.0,0.0,0.0,0.0,0.0,0.0,0.0,0.0,0.0,0.00129,0.0,0.0,0.0,0.0,0.0,0.0,0.00321,0.001712,0.001605,0.001414,0.0,0.0,0.0,0.0,0.0
0127,0.00187,0.015586,0.004364,0.002494,0.00187,0.0,0.0,0.0,0.0,0.048955,0.00187,0.0,0.000623,0.011845,1.0,0.000623,0.00187,0.002494,0.012987,0.0,0.0,0.005611,0.004364,0.002494,0.003117,0.001247,0.0,0.006858,0.001247,0.0,0.003117,0.003741,0.0,0.0,0.001247,0.0,0.014339,0.000623,0.000623,0.0,0.0,0.000623,0.0,0.0,0.003117,0.0,0.0,0.0,0.000623,0.0,0.0,0.00187,0.0,0.002494,0.0,0.00187,0.000623,0.0,0.004364,0.000623,0.003117,0.0,0.001247,0.004988,0.0,0.000623,0.0,0.0,0.004364,0.0,0.0,0.0,0.000623,0.0,0.000623,0.0,0.000623,0.000623,0.004812,0.0,0.0,0.0,0.000623,0.0,0.001247,0.0,0.001247,0.000623,0.0,0.0,0.0,0.0,0.000623,0.004988,0.0,0.000623,0.0,0.0,0.0,0.0,0.000623,0.0,0.0,0.0,0.000623,0.0,0.0,0.0,0.0,0.0,0.0,0.0,0.0,0.001247,0.0,0.0,0.0,0.0,0.0,0.0,0.003117,0.0,0.0,0.0,0.0,0.0,0.0,0.0,0.0,0.0,0.0,0.0,0.0,0.0,0.0,0.0,0.00187,0.0,0.0,0.0,0.0,0.0,0.0,0.0,0.0,0.000623,0.0,0.0,0.0,0.0,0.0,0.0,0.001247,0.0,0.0,0.0,0.0,0.000623,0.0,0.0,0.0,0.001247,0.0,0.0,0.0,0.0,0.0,0.0,0.0,0.0,0.0,0.000623,0.0,0.0,0.0,0.0,0.0,0.000623,0.0,0.000623,0.00187,0.0,0.000623,0.0,0.0,0.000623,0.0,0.000623,0.0,0.0,0.000623,0.0,0.0,0.0,0.0,0.0,0.0,0.004482,0.0,0.001247,0.000623,0.0,0.000623,0.004364,0.001247,0.0,0.002494,0.003117,0.000623,0.006086,0.004148,0.006858,0.001247,0.012669,0.015266,0.003423,0.004115,0.0,0.000623,0.000623,0.003714,0.00187,0.001247,0.007634,0.014181,0.005475,0.007765,0.002924,0.006308,0.00549,0.000623,0.005172,0.002208,0.003741,0.001247,0.007725,0.000623,0.00464,0.007755,0.0,0.0,0.000623,0.006335,0.006116,0.006976,0.0,0.001247,0.000623,0.0,0.000623,0.00781,0.0,0.0,0.010256,0.008333,0.017657,0.0,0.000623,0.000623,0.000623,0.0,0.000623,0.0,0.001247,0.000623,0.0,0.0,0.0,0.003117,0.000623,0.000623,0.006603,0.000623,0.000623,0.005331,0.00187,0.001247,0.005383,0.0,0.0,0.0,0.0,0.0,0.0,0.0,0.0,0.0,0.0,0.0,0.001247,0.000623,0.000623,0.002494,0.0,0.000623,0.0,0.001247,0.0,0.0,0.0,0.0,0.0,0.0,0.0,0.0,0.0,0.0,0.0,0.0,0.0,0.0,0.0,0.0,0.0,0.0,0.0,0.0,0.000623,0.006858,0.008835,0.011222,0.012868,0.006234,0.004014,0.00533,0.0,0.000623,0.000623,0.000623,0.0,0.00187,0.0,0.006525,0.00187,0.0,0.0,0.000623,0.000623,0.009311,0.0,0.0,0.0,0.0,0.0,0.001247,0.0,0.0,0.001247,0.0,0.0,0.00187,0.001247,0.0,0.000623,0.001247,0.0,0.005611,0.000623,0.0,0.000623,0.000623,0.000623,0.000623,0.0,0.0,0.0,0.0,0.00187,0.000623,0.0,0.004364,0.001247,0.0,0.002824,0.000623,0.000623,0.006502,0.004246,0.0,0.0,0.0,0.0,0.0,0.000623,0.002494,0.0,0.0,0.0,0.004988,0.002494,0.0,0.0,0.0,0.003117,0.0,0.0,0.0,0.000623,0.0,0.0,0.00187,0.000623,0.0,0.001247,0.0,0.0,0.000623,0.000623,0.001712,0.000623,0.005479,0.00187,0.0,0.0,0.000623,0.0
0128,0.0,0.001043,0.0,0.00177,0.0,0.0,0.0,0.003759,0.0,0.0022,0.0,0.0,0.003831,0.001605,0.000623,1.0,0.0,0.0,0.000371,0.0,0.0,0.0,0.001661,0.0,0.0,0.0,0.0,0.0,0.0,0.0,0.0,0.0,0.0,0.0,0.0,0.0,0.0,0.0,0.0,0.0,0.0,0.0,0.0,0.0,0.0,0.0,0.0,0.0,0.0,0.0,0.0,0.0,0.005882,0.004751,0.0,0.0,0.0,0.0,0.0,0.0,0.0,0.0,0.0,0.0,0.0,0.0,0.0,0.0,0.002525,0.0,0.0,0.0,0.0,0.0,0.0,0.0,0.0,0.0,0.0,0.0,0.0,0.0,0.0,0.0,0.0,0.0,0.0,0.0,0.0,0.0,0.0,0.0,0.0,0.0,0.0,0.0,0.0,0.0,0.0,0.0,0.0,0.0,0.0,0.0,0.0,0.0,0.0,0.0,0.0,0.0,0.0,0.0,0.0,0.0,0.0,0.0,0.0,0.0,0.0,0.0,0.0,0.0,0.0,0.0,0.0,0.0,0.0,0.010989,0.0,0.0,0.0,0.0,0.0,0.0,0.0,0.0,0.0,0.0,0.0,0.0,0.0,0.0,0.0,0.0,0.0,0.0,0.0,0.0,0.0,0.0,0.0,0.0,0.0,0.0,0.0,0.0,0.0,0.0,0.0,0.0,0.0,0.0,0.0,0.0,0.0,0.0,0.0,0.0,0.0,0.0,0.0,0.0,0.0,0.0,0.0,0.0,0.0,0.0,0.0,0.0,0.0,0.0,0.0,0.0,0.0,0.0,0.0,0.0,0.0,0.0,0.0,0.0,0.0,0.0,0.0,0.0,0.0,0.0,0.0,0.0,0.0,0.0,0.0,0.0,0.0,0.0,0.0,0.0,0.0,0.000265,0.000296,0.0,0.0,0.000845,0.000445,0.000428,0.000196,0.0,0.0,0.0,0.0,0.0,0.0,0.000509,0.000978,0.000189,0.000207,0.0,0.000158,0.000289,0.0,0.0,0.0,0.0,0.0,0.0,0.0,0.000357,0.000912,0.0,0.003891,0.0,0.000171,0.000218,0.000481,0.0,0.0,0.0,0.0,0.0,0.000539,0.0,0.0,0.000183,0.000431,0.000692,0.0,0.0,0.0,0.0,0.0,0.0,0.0,0.0,0.0,0.0,0.0,0.0,0.000944,0.0,0.003215,0.001467,0.0,0.0,0.000646,0.0,0.0,0.0,0.0,0.0,0.0,0.0,0.0,0.0,0.0,0.0,0.0,0.0,0.0,0.0,0.0,0.0,0.0,0.0,0.0,0.0,0.0,0.0,0.0,0.0,0.0,0.0,0.0,0.0,0.0,0.0,0.0,0.0,0.0,0.0,0.0,0.0,0.0,0.0,0.0,0.0,0.0,0.0,0.000964,0.000391,0.000776,0.000368,0.0,0.0,0.000355,0.0,0.0,0.0,0.0,0.0,0.0,0.0,0.000466,0.0,0.0,0.0,0.0,0.0,0.0,0.0,0.0,0.0,0.0,0.0,0.0,0.0,0.0,0.0,0.0,0.0,0.0,0.0,0.0,0.0,0.0,0.0,0.0,0.0,0.0,0.0,0.0,0.0,0.0,0.0,0.0,0.0,0.0,0.0,0.0,0.0,0.000749,0.0,0.0,0.000471,0.0,0.0,0.0,0.000531,0.0,0.0,0.0,0.0,0.0,0.0,0.001208,0.0,0.0,0.0,0.0,0.0,0.0,0.0,0.0,0.0,0.0,0.00625,0.0,0.0,0.0,0.0,0.0,0.0,0.0,0.0,0.0,0.0,0.0,0.0,0.001284,0.0,0.000177,0.0,0.0,0.0,0.0,0.0
0129,0.0,0.0,0.0,0.00177,0.004975,0.0,0.007634,0.011278,0.0,0.0022,0.0,0.0,0.007663,0.016051,0.00187,0.0,1.0,0.0,0.003711,0.0,0.007634,0.0,0.004983,0.0,0.001845,0.004902,0.0,0.005319,0.007634,0.0,0.010695,0.0,0.0,0.0,0.0,0.0,0.001584,0.0,0.0,0.0,0.0,0.0,0.0,0.0,0.0,0.004149,0.0,0.0,0.0,0.0,0.0,0.0,0.0,0.002375,0.0,0.003861,0.004695,0.0,0.00065,0.0,0.0,0.0,0.0,0.004762,0.0,0.0,0.0,0.0,0.0,0.0,0.0,0.0,0.0,0.0,0.0,0.0,0.0,0.007634,0.0,0.0,0.0,0.0,0.0,0.0,0.0,0.0,0.0,0.0,0.0,0.0,0.0,0.0,0.0,0.001629,0.0,0.0,0.007634,0.0,0.0,0.0,0.0,0.0,0.007634,0.0,0.0,0.0,0.015267,0.0,0.0,0.0,0.0,0.0,0.0,0.0,0.0,0.007634,0.0,0.0,0.0,0.0,0.0,0.0,0.0,0.0,0.0,0.0,0.0,0.0,0.0,0.0,0.0,0.0,0.0,0.0,0.0,0.0,0.0,0.0,0.0,0.0,0.0,0.0,0.0,0.0,0.0,0.0,0.0,0.0,0.0,0.0,0.0,0.0,0.0,0.0,0.0,0.0,0.0,0.0,0.0,0.0,0.0,0.0,0.0,0.0,0.0,0.0,0.0,0.0,0.0,0.0,0.0,0.0,0.0,0.0,0.0,0.0,0.0,0.0,0.0,0.0,0.0,0.0,0.0,0.0,0.0,0.0,0.0,0.0,0.0,0.0,0.0,0.0,0.0,0.0,0.0,0.0,0.0,0.000498,0.0,0.0,0.0,0.0,0.0,0.0,0.0,0.0,0.0,0.0,0.00155,0.0,0.000889,0.000982,0.001,0.001689,0.0,0.0,0.000392,0.0,0.0,0.0,0.0,0.0,0.004484,0.001018,0.000978,0.000566,0.000207,0.000731,0.000315,0.000578,0.0,0.00141,0.0,0.0,0.0,0.000234,0.0,0.0,0.000912,0.0,0.0,0.0,0.0,0.0,0.000962,0.0,0.0,0.0,0.0,0.0,0.000539,0.0,0.0,0.000183,0.000431,0.001039,0.0,0.0,0.0,0.0,0.0,0.0,0.0,0.001508,0.0,0.0,0.0,0.0,0.0,0.0,0.0,0.000734,0.0,0.0,0.000162,0.0,0.0,0.000598,0.0,0.0,0.0,0.0,0.0,0.0,0.0,0.0,0.0,0.0,0.0,0.0,0.0,0.0,0.0,0.0,0.0,0.0,0.0,0.0,0.0,0.0,0.0,0.0,0.0,0.0,0.0,0.0,0.0,0.0,0.0,0.0,0.0,0.0,0.0,0.0,0.0,0.0,0.0,0.0,0.002893,0.001564,0.000776,0.000368,0.000794,0.000446,0.001421,0.0,0.0,0.0,0.0,0.0,0.0,0.0,0.000155,0.0,0.0,0.0,0.0,0.0,0.0,0.0,0.0,0.0,0.0,0.0,0.0,0.0,0.0,0.0,0.0,0.0,0.0,0.002088,0.004878,0.002037,0.0,0.0,0.0,0.0,0.0,0.0,0.0,0.0,0.0,0.0,0.0,0.0,0.0,0.0,0.002941,0.0,0.0,0.0,0.0,0.000471,0.0,0.0,0.000325,0.0,0.0,0.0,0.0,0.0,0.007634,0.00339,0.0,0.0,0.0,0.0,0.0,0.0,0.0,0.0,0.0,0.0,0.0,0.0,0.0,0.0,0.0,0.007634,0.0,0.0,0.0,0.0,0.0,0.0,0.0,0.0,0.0,0.0,0.000619,0.0,0.0,0.0,0.0,0.0
0130,0.0,0.002086,0.0,0.00177,0.0,0.0,0.0,0.033835,0.0,0.00275,0.0,0.0,0.0,0.00321,0.002494,0.0,0.0,1.0,0.002597,0.005128,0.0,0.0,0.003322,0.0,0.0,0.009804,0.005128,0.005128,0.0,0.0,0.010256,0.0,0.0,0.0,0.0,0.0,0.000792,0.0,0.0,0.0,0.0,0.0,0.0,0.0,0.0,0.008299,0.0,0.0,0.0,0.0,0.0,0.007444,0.0,0.004751,0.0,0.001931,0.004695,0.0,0.00065,0.0,0.005128,0.0,0.0,0.0,0.0,0.0,0.0,0.0,0.0,0.0,0.0,0.0,0.0,0.0,0.0,0.0,0.0,0.0,0.000401,0.0,0.0,0.0,0.0,0.0,0.0,0.0,0.002604,0.0,0.0,0.0,0.0,0.0,0.001508,0.0,0.0,0.0,0.0,0.0,0.0,0.0,0.0,0.0,0.0,0.0,0.0,0.0,0.0,0.0,0.0,0.0,0.0,0.0,0.0,0.0,0.0,0.0,0.0,0.0,0.0,0.0,0.001529,0.0,0.0,0.0,0.0,0.0,0.0,0.0,0.0,0.0,0.0,0.0,0.0,0.0,0.0,0.0,0.0,0.0,0.0,0.0,0.0,0.0,0.0,0.0,0.0,0.0,0.0,0.0,0.0,0.0,0.0,0.0,0.0,0.0,0.0,0.0,0.0,0.0,0.0,0.0,0.0,0.0,0.0,0.0,0.0,0.0,0.0,0.0,0.0,0.0,0.0,0.001996,0.0,0.0,0.0,0.0,0.0,0.0,0.00303,0.0,0.0,0.0,0.0,0.0,0.0,0.0,0.0,0.0,0.0,0.0,0.0,0.0,0.0,0.005128,0.0,0.0,0.0,0.000498,0.004246,0.001946,0.0,0.0,0.005128,0.0,0.003436,0.0,0.0,0.0,0.0,0.000265,0.000593,0.0,0.0,0.005912,0.000593,0.0,0.000588,0.0,0.0,0.0,0.000413,0.0,0.0,0.001272,0.003912,0.000378,0.000518,0.000365,0.001262,0.000578,0.0,0.00047,0.000368,0.0,0.002174,0.000936,0.0,0.000357,0.001825,0.0,0.0,0.0,0.000685,0.000437,0.00433,0.0,0.0,0.001764,0.0,0.0,0.001077,0.0,0.0,0.000366,0.000575,0.00183,0.0,0.0,0.0,0.0,0.005128,0.0,0.0,0.001508,0.003953,0.0,0.0,0.0,0.0,0.0,0.0,0.000367,0.0,0.0,0.000727,0.002255,0.0,0.000598,0.0,0.005128,0.0,0.0,0.0,0.0,0.0,0.0,0.0,0.0,0.0,0.0,0.003521,0.0,0.0,0.003115,0.0,0.0,0.0,0.0,0.0,0.0,0.0,0.0,0.0,0.0,0.0,0.0,0.0,0.0,0.0,0.0,0.0,0.0,0.0,0.0,0.0,0.005128,0.0,0.0,0.002893,0.001251,0.000776,0.000368,0.001587,0.000446,0.000355,0.0,0.0,0.0,0.0,0.0,0.003012,0.0,0.000932,0.003226,0.0,0.0,0.0,0.0,0.00149,0.0,0.0,0.0,0.0,0.0,0.003472,0.002809,0.0,0.0,0.0,0.0,0.004902,0.004175,0.004878,0.002037,0.0,0.0,0.0,0.005128,0.0,0.0,0.013699,0.013761,0.015385,0.0,0.0,0.0,0.005128,0.003175,0.002941,0.005128,0.0,0.0,0.0,0.001882,0.0,0.0,0.000975,0.000531,0.0,0.010256,0.0,0.010256,0.0,0.00678,0.0,0.010256,0.0,0.0,0.0,0.000929,0.0,0.0,0.005128,0.001497,0.0,0.0,0.0,0.005128,0.0,0.010256,0.0,0.002375,0.005128,0.0,0.0,0.0,0.0,0.0,0.000428,0.0,0.000707,0.0,0.0,0.0,0.0,0.0
0141,0.000742,0.004824,0.001855,0.00705,0.001855,0.0,0.000742,0.004824,0.000371,0.015584,0.001484,0.0,0.000742,0.012616,0.012987,0.000371,0.003711,0.002597,1.0,0.000742,0.000371,0.006679,0.003711,0.001484,0.004453,0.001855,0.000371,0.002226,0.0,0.0,0.001113,0.001855,0.0,0.0,0.0,0.0,0.023748,0.001113,0.0,0.0,0.0,0.0,0.0,0.0,0.010761,0.002226,0.0,0.000371,0.0,0.000371,0.000371,0.004082,0.000742,0.001484,0.0,0.01039,0.000742,0.0,0.002968,0.001484,0.0,0.000371,0.000371,0.001484,0.001113,0.001113,0.000371,0.0,0.001113,0.0,0.0,0.000371,0.0,0.0,0.000371,0.0,0.0,0.000371,0.00705,0.0,0.0,0.0,0.0,0.0,0.000742,0.0,0.000371,0.000371,0.0,0.0,0.0,0.0,0.001113,0.002597,0.0,0.0,0.0,0.000742,0.0,0.0,0.0,0.000742,0.0,0.0,0.0,0.0,0.000371,0.000371,0.0,0.0,0.0,0.000371,0.0,0.000371,0.0,0.0,0.0,0.0,0.0,0.000371,0.001484,0.0,0.0,0.0,0.0,0.000742,0.0,0.0,0.0,0.0,0.0,0.0,0.0,0.0,0.0,0.0,0.0,0.0,0.0,0.0,0.0,0.0,0.0,0.0,0.0,0.0,0.0,0.0,0.0,0.0,0.0,0.0,0.000371,0.0,0.0,0.0,0.0,0.0,0.0,0.0,0.0,0.000371,0.0,0.0,0.0,0.0,0.0,0.0,0.0,0.0,0.0,0.001855,0.0,0.000371,0.0,0.0,0.0,0.000371,0.0,0.000371,0.002968,0.0,0.0,0.0,0.0,0.0,0.0,0.000742,0.0,0.0,0.000371,0.000371,0.0,0.000371,0.0,0.0,0.0,0.006679,0.000742,0.001484,0.000742,0.0,0.0,0.001484,0.0,0.0,0.001113,0.004453,0.002597,0.009262,0.009481,0.004824,0.003711,0.021521,0.014229,0.004082,0.006663,0.001484,0.000371,0.002226,0.00705,0.000742,0.002226,0.010433,0.012245,0.005664,0.008697,0.003655,0.014666,0.004623,0.0,0.009647,0.004785,0.000371,0.000371,0.01147,0.0,0.007852,0.005566,0.0,0.000742,0.0,0.00428,0.010922,0.014193,0.0,0.000371,0.000742,0.0,0.0,0.008888,0.0,0.0,0.032234,0.018749,0.036401,0.0,0.000371,0.000371,0.000742,0.0,0.0,0.000371,0.001484,0.00334,0.0,0.0,0.0,0.002597,0.002226,0.001855,0.014307,0.000742,0.0,0.008401,0.001855,0.001113,0.002597,0.0,0.0,0.0,0.0,0.0,0.0,0.0,0.000371,0.0,0.000742,0.0,0.000371,0.000371,0.000371,0.001113,0.000371,0.0,0.0,0.000371,0.0,0.0,0.000742,0.0,0.0,0.0,0.0,0.0,0.0,0.0,0.0,0.0,0.0,0.0,0.0,0.0,0.0,0.0,0.0,0.000742,0.0,0.008905,0.021736,0.012616,0.00625,0.00705,0.007792,0.012438,0.0,0.001113,0.001113,0.002226,0.0,0.0,0.000371,0.013826,0.004453,0.0,0.0,0.0,0.000371,0.017069,0.0,0.0,0.001113,0.0,0.0,0.001113,0.000742,0.0,0.0,0.0,0.000742,0.000371,0.000742,0.000742,0.001113,0.000742,0.0,0.003711,0.000742,0.0,0.000742,0.000742,0.000371,0.000742,0.0,0.0,0.0,0.0,0.001855,0.000371,0.000371,0.006308,0.000371,0.0,0.002968,0.0,0.000742,0.013329,0.00334,0.000742,0.0,0.000371,0.0,0.000371,0.001113,0.002968,0.0,0.0,0.0,0.000371,0.002226,0.0,0.000742,0.0,0.00334,0.000371,0.0,0.0,0.000371,0.0,0.0,0.002226,0.001113,0.0,0.001113,0.0,0.0,0.000371,0.000742,0.005937,0.0,0.00813,0.0,0.000742,0.0,0.0,0.0
0142,0.0,0.0,0.0,0.0,0.0,0.0,0.0,0.0,0.0,0.00055,0.0,0.0,0.0,0.0,0.0,0.0,0.0,0.005128,0.000742,1.0,0.0,0.0,0.001661,0.0,0.001845,0.0,0.0,0.0,0.0,0.0,0.0,0.0,0.0,0.0,0.0,0.0,0.0,0.0,0.0,0.0,0.0,0.0,0.0,0.0,0.002597,0.0,0.0,0.0,0.0,0.0,0.0,0.0,0.0,0.0,0.0,0.0,0.0,0.0,0.0,0.0,0.0,0.0,0.0,0.0,0.0,0.0,0.0,0.0,0.0,0.0,0.0,0.0,0.0,0.0,0.0,0.0,0.0,0.0,0.0,0.0,0.0,0.0,0.0,0.0,0.0,0.0,0.0,0.0,0.0,0.0,0.0,0.0,0.0,0.0,0.0,0.0,0.0,0.0,0.0,0.0,0.0,0.0,0.0,0.0,0.0,0.0,0.0,0.0,0.0,0.0,0.0,0.0,0.0,0.0,0.0,0.0,0.0,0.0,0.0,0.0,0.0,0.0,0.0,0.0,0.0,0.0,0.0,0.0,0.0,0.0,0.0,0.0,0.0,0.0,0.0,0.0,0.0,0.0,0.0,0.0,0.0,0.0,0.0,0.0,0.0,0.0,0.0,0.0,0.0,0.0,0.0,0.0,0.0,0.0,0.0,0.0,0.0,0.0,0.0,0.0,0.0,0.0,0.0,0.0,0.0,0.0,0.0,0.0,0.0,0.0,0.0,0.0,0.0,0.0,0.0,0.0,0.0,0.0,0.0,0.0,0.0,0.0,0.0,0.0,0.0,0.0,0.0,0.0,0.0,0.0,0.0,0.0,0.0,0.0,0.0,0.0,0.0,0.0,0.002123,0.0,0.0,0.0,0.0,0.0,0.0,0.0,0.0,0.0,0.0,0.0,0.0,0.0,0.001,0.000845,0.000148,0.0,0.000196,0.0,0.0,0.0,0.0,0.002874,0.0,0.000254,0.0,0.0,0.0,0.0,0.0,0.0,0.0,0.00094,0.0,0.0,0.0,0.0,0.0,0.000357,0.0,0.0,0.0,0.0,0.0,0.0,0.000241,0.0,0.0,0.0,0.0,0.0,0.000269,0.0,0.0,0.000183,0.0,0.000148,0.0,0.0,0.0,0.0,0.0,0.0,0.0,0.0,0.0,0.0,0.0,0.0,0.0,0.0,0.0,0.0,0.0,0.0,0.000162,0.0,0.0,0.000598,0.0,0.0,0.0,0.0,0.0,0.0,0.0,0.0,0.0,0.0,0.0,0.0,0.0,0.0,0.0,0.0,0.0,0.0,0.0,0.0,0.0,0.0,0.0,0.0,0.0,0.0,0.0,0.0,0.0,0.0,0.0,0.0,0.0,0.0,0.0,0.0,0.0,0.0,0.0,0.0,0.0,0.000313,0.0,0.0,0.0,0.000892,0.000355,0.0,0.0,0.0,0.0,0.0,0.0,0.0,0.0,0.0,0.0,0.0,0.0,0.0,0.000372,0.0,0.0,0.0,0.0,0.0,0.0,0.0,0.0,0.0,0.0,0.0,0.0,0.0,0.0,0.0,0.0,0.0,0.0,0.0,0.0,0.0,0.0,0.0,0.0,0.0,0.0,0.0,0.0,0.0,0.0,0.0,0.0,0.0,0.0,0.0,0.0,0.0,0.000325,0.0,0.0,0.0,0.0,0.0,0.0,0.0,0.0,0.0,0.0,0.0,0.0,0.0,0.0,0.003257,0.0,0.0,0.0,0.0,0.0,0.0,0.0,0.0,0.0,0.0,0.0,0.0,0.0,0.0,0.0,0.0,0.0,0.0,8.8e-05,0.0,0.0,0.0,0.0,0.0
0144,0.0,0.0,0.0,0.0,0.0,0.0,0.0,0.003759,0.0,0.0,0.0,0.0,0.0,0.001605,0.0,0.0,0.007634,0.0,0.000371,0.0,1.0,0.0,0.001661,0.0,0.0,0.0,0.0,0.0,0.0,0.0,0.0,0.0,0.0,0.0,0.0,0.0,0.0,0.0,0.0,0.0,0.0,0.0,0.0,0.0,0.0,0.0,0.0,0.0,0.0,0.0,0.0,0.0,0.0,0.0,0.0,0.001931,0.0,0.0,0.00065,0.0,0.0,0.0,0.0,0.0,0.0,0.0,0.0,0.0,0.0,0.0,0.0,0.0,0.0,0.0,0.0,0.0,0.0,0.0,0.0,0.0,0.0,0.0,0.0,0.0,0.0,0.0,0.0,0.0,0.0,0.0,0.0,0.0,0.0,0.0,0.0,0.0,0.0,0.0,0.0,0.0,0.0,0.0,0.0,0.0,0.0,0.0,0.0,0.005848,0.0,0.0,0.0,0.0,0.0,0.0,0.0,0.0,0.0,0.0,0.0,0.0,0.0,0.0,0.0,0.0,0.0,0.0,0.0,0.0,0.0,0.0,0.0,0.0,0.0,0.0,0.0,0.0,0.0,0.0,0.0,0.0,0.0,0.0,0.0,0.0,0.0,0.0,0.0,0.0,0.0,0.0,0.0,0.0,0.00565,0.0,0.0,0.0,0.0,0.0,0.0,0.0,0.0,0.0,0.0,0.0,0.0,0.0,0.0,0.0,0.0,0.0,0.0,0.0,0.0,0.0,0.0,0.0,0.0,0.0,0.0,0.0,0.0,0.0,0.0,0.0,0.0,0.0,0.0,0.0,0.0,0.0,0.0,0.0,0.0,0.0,0.0,0.0,0.0,0.0,0.0,0.0,0.0,0.0,0.0,0.0,0.0,0.0,0.0,0.0,0.0,0.0,0.0,0.000982,0.0,0.0,0.0,0.0,0.000196,0.0,0.0,0.0,0.0,0.0,0.0,0.0,0.0,0.000189,0.000104,0.0,0.0,0.0,0.0,0.0,0.0,0.0,0.0,0.0,0.0,0.000357,0.0,0.0,0.0,0.0,0.000171,0.0,0.0,0.0,0.0,0.0,0.0,0.0,0.000269,0.0,0.0,0.0,0.0,0.000198,0.0,0.0,0.0,0.0,0.0,0.0,0.0,0.0,0.0,0.0,0.0,0.0,0.0,0.0,0.0,0.0,0.0,0.0,0.000162,0.0,0.0,0.0,0.0,0.0,0.0,0.0,0.0,0.0,0.0,0.0,0.0,0.0,0.0,0.0,0.003521,0.0,0.0,0.0,0.0,0.0,0.0,0.0,0.0,0.0,0.0,0.0,0.0,0.0,0.0,0.0,0.0,0.0,0.0,0.0,0.0,0.0,0.0,0.0,0.0,0.0,0.0,0.0,0.0,0.000235,0.0,0.0,0.0,0.0,0.0,0.0,0.0,0.0,0.0,0.0,0.0,0.0,0.000155,0.0,0.0,0.0,0.0,0.0,0.0,0.0,0.0,0.0,0.0,0.0,0.0,0.0,0.0,0.0,0.0,0.0,0.0,0.0,0.004878,0.0,0.0,0.0,0.0,0.0,0.0,0.0,0.003425,0.0,0.0,0.0,0.0,0.0,0.0,0.0,0.0,0.0,0.0,0.0,0.0,0.0,0.0,0.0,0.0,0.000531,0.0,0.0,0.0,0.0,0.0,0.0,0.0,0.0,0.0,0.0,0.0,0.0,0.0,0.0,0.0,0.0,0.0,0.0,0.0,0.0,0.0,0.0,0.0,0.0,0.0,0.0,0.0,0.0,0.0,0.0,0.0,0.0,0.000177,0.0,0.0,0.0,0.0,0.0
0145,0.0,0.010428,0.006279,0.00314,0.00157,0.0,0.0,0.00157,0.0,0.00275,0.00157,0.0,0.0,0.00471,0.005611,0.0,0.0,0.0,0.006679,0.0,0.0,1.0,0.028257,0.0,0.00157,0.00314,0.0,0.00314,0.0,0.0,0.0,0.0,0.0,0.0,0.00314,0.0,0.002375,0.00157,0.0,0.0,0.0,0.0,0.0,0.0,0.006279,0.0,0.0,0.0,0.0,0.0,0.00157,0.010989,0.0,0.00157,0.00314,0.00157,0.0,0.0,0.005848,0.0,0.00157,0.0,0.0,0.009419,0.00471,0.00157,0.0,0.0,0.00157,0.0,0.00157,0.0,0.0,0.0,0.0,0.0,0.0,0.0,0.000802,0.0,0.0,0.0,0.0,0.0,0.00157,0.0,0.00157,0.0,0.0,0.0,0.0,0.0,0.0,0.0,0.0,0.0,0.0,0.00157,0.0,0.0,0.0,0.00157,0.0,0.0,0.0,0.0,0.0,0.0,0.0,0.0,0.0,0.0,0.0,0.0,0.0,0.0,0.0,0.0,0.0,0.0,0.004587,0.0,0.0,0.0,0.0,0.00157,0.0,0.0,0.0,0.0,0.0,0.00157,0.0,0.0,0.0,0.0,0.0,0.0,0.0,0.0,0.0,0.0,0.0,0.0,0.0,0.0,0.0,0.0,0.0,0.0,0.0,0.0,0.0,0.0,0.0,0.0,0.0,0.0,0.0,0.0,0.0,0.0,0.0,0.00157,0.0,0.0,0.0,0.0,0.0,0.00157,0.0,0.000998,0.0,0.0,0.0,0.0,0.0,0.00314,0.0,0.0,0.00157,0.0,0.00157,0.0,0.0,0.0,0.0,0.0,0.00157,0.0,0.00157,0.00157,0.0,0.0,0.0,0.0,0.0,0.00249,0.0,0.0,0.0,0.0,0.00157,0.0,0.0,0.0,0.0,0.00157,0.006202,0.002911,0.002074,0.001965,0.001,0.004645,0.006373,0.000856,0.002352,0.001008,0.00157,0.00314,0.000825,0.00157,0.00314,0.004071,0.003423,0.003021,0.003624,0.000731,0.00615,0.001445,0.0,0.002821,0.002208,0.001504,0.00471,0.002809,0.00157,0.003926,0.000456,0.0,0.0,0.0,0.001712,0.002621,0.005292,0.0,0.0,0.006279,0.0,0.0,0.002693,0.0,0.0,0.005128,0.004454,0.00826,0.0,0.00157,0.0,0.0,0.0,0.0,0.0,0.003017,0.00157,0.0,0.0,0.00157,0.000944,0.006279,0.00157,0.001834,0.0,0.0,0.003473,0.001127,0.00157,0.001196,0.0,0.0,0.0,0.0,0.0,0.0,0.0,0.0,0.0,0.0,0.0,0.0,0.00314,0.0,0.005031,0.0,0.0,0.0,0.0,0.0,0.0,0.0,0.0,0.0,0.0,0.0,0.0,0.0,0.0,0.0,0.0,0.0,0.0,0.0,0.0,0.0,0.0,0.0,0.0,0.0,0.000964,0.002737,0.001553,0.002206,0.000794,0.000446,0.001421,0.00314,0.00157,0.0,0.0,0.0,0.00157,0.0,0.003107,0.007849,0.0,0.0,0.0,0.0,0.003352,0.0,0.0,0.0,0.0,0.0,0.0,0.00314,0.0,0.0,0.0,0.0,0.0,0.00157,0.0,0.00157,0.00157,0.0,0.001639,0.0,0.0,0.00157,0.0,0.0,0.0,0.0,0.0,0.0,0.0,0.00157,0.0,0.0,0.002246,0.0,0.0,0.000941,0.0,0.0,0.0013,0.001062,0.0,0.00157,0.0,0.00314,0.00157,0.00157,0.002415,0.0,0.0,0.0,0.0,0.002788,0.0,0.00314,0.0,0.002994,0.00157,0.0,0.0,0.0,0.0,0.00157,0.0,0.00157,0.0,0.0,0.0,0.0,0.0,0.00157,0.00214,0.0,0.002651,0.0,0.0,0.0,0.0,0.0
0146,0.001661,0.005214,0.0,0.004983,0.001661,0.0,0.001661,0.0,0.0,0.0033,0.001661,0.0,0.006645,0.006421,0.004364,0.001661,0.004983,0.003322,0.003711,0.001661,0.001661,0.028257,1.0,0.001661,0.008306,0.001661,0.0,0.001661,0.001661,0.0,0.003322,0.0,0.0,0.0,0.001661,0.0,0.005542,0.0,0.0,0.0,0.0,0.0,0.0,0.0,0.0,0.0,0.0,0.0,0.0,0.0,0.0,0.046512,0.001661,0.004983,0.001661,0.001661,0.0,0.0,0.0013,0.0,0.001661,0.0,0.001661,0.011628,0.019934,0.001661,0.0,0.001661,0.0,0.0,0.0,0.0,0.0,0.0,0.001661,0.0,0.001661,0.0,0.000802,0.0,0.0,0.0,0.0,0.0,0.0,0.0,0.0,0.0,0.0,0.0,0.0,0.0,0.0,0.0,0.0,0.0,0.0,0.003322,0.0,0.0,0.0,0.001661,0.0,0.0,0.0,0.0,0.0,0.0,0.0,0.0,0.0,0.0,0.0,0.001661,0.0,0.0,0.0,0.0,0.0,0.0,0.003058,0.0,0.0,0.0,0.0,0.001661,0.0,0.0,0.0,0.0,0.0,0.0,0.0,0.0,0.0,0.0,0.0,0.0,0.0,0.0,0.0,0.0,0.0,0.0,0.0,0.0,0.0,0.0,0.0,0.0,0.0,0.0,0.0,0.0,0.0,0.0,0.0,0.001661,0.0,0.0,0.0,0.0,0.0,0.0,0.0,0.0,0.0,0.0,0.0,0.0,0.0,0.0,0.0,0.0,0.0,0.0,0.0,0.0,0.001661,0.0,0.0,0.0,0.0,0.0,0.0,0.0,0.0,0.0,0.001661,0.0,0.0,0.0,0.0,0.0,0.0,0.0,0.0,0.002988,0.003322,0.0,0.001661,0.0,0.0,0.0,0.0,0.0,0.001661,0.004983,0.0,0.001588,0.000593,0.001965,0.001,0.013514,0.009337,0.002567,0.002548,0.0,0.001661,0.009967,0.001651,0.0,0.001661,0.001781,0.009291,0.001888,0.003313,0.000365,0.009778,0.001156,0.0,0.00141,0.001472,0.001504,0.004983,0.000702,0.0,0.000357,0.001825,0.0,0.0,0.0,0.001198,0.003058,0.005292,0.0,0.0,0.001661,0.0,0.0,0.002155,0.0,0.0,0.00293,0.002586,0.008062,0.0,0.0,0.0,0.0,0.0,0.0,0.0,0.010558,0.003322,0.0,0.0,0.0,0.002833,0.001661,0.0,0.001467,0.0,0.0,0.001939,0.002255,0.001661,0.000598,0.0,0.0,0.0,0.001661,0.0,0.0,0.0,0.0,0.0,0.0,0.0,0.0,0.0,0.0,0.0,0.0,0.0,0.0,0.0,0.0,0.0,0.0,0.0,0.0,0.0,0.0,0.0,0.0,0.0,0.0,0.0,0.0,0.0,0.0,0.0,0.0,0.0,0.0,0.0,0.0,0.001929,0.003675,0.001553,0.003309,0.002381,0.003568,0.001066,0.003322,0.001661,0.0,0.0,0.0,0.0,0.0,0.002175,0.006645,0.0,0.0,0.0,0.001661,0.002235,0.0,0.0,0.0,0.0,0.0,0.0,0.001661,0.0,0.0,0.0,0.0,0.0,0.001661,0.0,0.001661,0.0,0.0,0.00082,0.0,0.0,0.0,0.001661,0.0,0.0,0.0,0.0,0.0,0.0,0.0,0.0,0.0,0.0,0.0,0.0,0.000941,0.0,0.0,0.000975,0.000531,0.0,0.0,0.0,0.0,0.0,0.0,0.0,0.0,0.0,0.0,0.0,0.002788,0.0,0.001661,0.003322,0.002994,0.001661,0.0,0.0,0.001661,0.0,0.001661,0.0,0.0,0.0,0.0,0.0,0.0,0.0,0.001661,0.000856,0.0,0.001679,0.0,0.001661,0.0,0.0,0.0
0149,0.0,0.001043,0.0,0.0,0.0,0.0,0.0,0.0,0.0,0.0,0.0,0.0,0.0,0.0,0.002494,0.0,0.0,0.0,0.001484,0.0,0.0,0.0,0.001661,1.0,0.0,0.004902,0.0,0.010638,0.0,0.0,0.0,0.0,0.0,0.0,0.0,0.0,0.001584,0.0125,0.0,0.0,0.0,0.0,0.0,0.0,0.002597,0.0,0.0,0.0,0.0,0.0,0.0,0.002481,0.0,0.002375,0.0,0.0,0.0,0.0,0.00065,0.0,0.005618,0.0,0.0,0.0,0.009174,0.0,0.0,0.0,0.0,0.0,0.0,0.0,0.0,0.0,0.0,0.0,0.0,0.0,0.000401,0.0,0.0,0.0,0.0,0.0,0.0,0.0,0.0,0.0,0.0,0.0,0.0,0.0,0.001508,0.0,0.0,0.0,0.0,0.01,0.0,0.0,0.0,0.0,0.0,0.0,0.0,0.0,0.0,0.0,0.0,0.0,0.0,0.0,0.0,0.0,0.0,0.0,0.0,0.0,0.0,0.0,0.0,0.0,0.0,0.0,0.0,0.0,0.0,0.0,0.0,0.0,0.0,0.0,0.0,0.0,0.0,0.0,0.0,0.0,0.0,0.0,0.0,0.0,0.0,0.0,0.0,0.0,0.0,0.0,0.0,0.0,0.0,0.0,0.0,0.01,0.0,0.0,0.0,0.0,0.0,0.0,0.0,0.0,0.0,0.0,0.0,0.0,0.0,0.0,0.0,0.0,0.0,0.000998,0.0,0.0,0.0,0.0,0.0,0.0,0.0,0.0,0.001664,0.0,0.0,0.0,0.0,0.0,0.0,0.0,0.0,0.0,0.0,0.0,0.0,0.0,0.0,0.0,0.0,0.000498,0.0,0.001946,0.0,0.0,0.0,0.0,0.0,0.0,0.0,0.0,0.0,0.000794,0.0,0.0,0.001,0.001689,0.000296,0.0,0.000392,0.0,0.0,0.003175,0.001238,0.002874,0.004484,0.0,0.001467,0.000378,0.000518,0.000365,0.000473,0.000289,0.0,0.0,0.0,0.0,0.0,0.0,0.0,0.0,0.000456,0.0,0.0,0.0,0.000342,0.000437,0.000722,0.0,0.0,0.0,0.0,0.002941,0.000269,0.0,0.0,0.000733,0.000216,0.000297,0.0,0.0,0.0,0.0,0.0,0.0,0.0,0.0,0.001976,0.0,0.0,0.0,0.0,0.0,0.0,0.000734,0.0,0.0,0.000485,0.0,0.0,0.0,0.0,0.0,0.0,0.0,0.0,0.0,0.0,0.0,0.02,0.0,0.0,0.0,0.0,0.0,0.001258,0.0,0.0,0.0,0.0,0.0,0.0,0.0,0.0,0.0,0.0,0.0,0.0,0.0,0.0,0.0,0.0,0.0,0.0,0.0,0.0,0.0,0.0,0.0,0.0,0.0,0.0,0.000782,0.000776,0.0,0.000794,0.000446,0.0,0.0,0.0,0.007519,0.0,0.0,0.003012,0.0,0.000621,0.003226,0.0,0.0,0.0,0.0,0.000372,0.0,0.0,0.0,0.0,0.0,0.0,0.0,0.0,0.0,0.0,0.0,0.0,0.0,0.0,0.0,0.002227,0.0,0.001639,0.0,0.005102,0.0,0.0,0.004587,0.0,0.0,0.0,0.0,0.0,0.001587,0.0,0.0,0.001497,0.0,0.0,0.000941,0.0,0.0,0.00065,0.0,0.0,0.0,0.0,0.0,0.0,0.0,0.001208,0.0,0.0,0.0,0.0,0.0,0.0,0.0,0.0,0.0,0.0,0.0,0.0,0.0,0.0,0.0,0.0,0.0,0.0,0.0,0.0,0.0,0.0,0.0,0.000428,0.004525,0.000442,0.0,0.0,0.0,0.0,0.0
0150,0.001845,0.002086,0.00369,0.00531,0.005535,0.001845,0.0,0.005535,0.0,0.006601,0.0,0.0,0.00369,0.012841,0.003117,0.0,0.001845,0.0,0.004453,0.001845,0.0,0.00157,0.008306,0.0,1.0,0.00369,0.0,0.01476,0.00369,0.0,0.01107,0.0,0.001845,0.001845,0.0,0.0,0.007126,0.005535,0.0,0.0,0.0,0.0,0.0,0.0,0.001845,0.0,0.0,0.0,0.0,0.0,0.0,0.00369,0.0,0.005535,0.0,0.00369,0.00369,0.0,0.0013,0.0,0.0,0.0,0.001845,0.00738,0.005535,0.001845,0.0,0.001845,0.00369,0.0,0.0,0.0,0.0,0.0,0.0,0.0,0.0,0.0,0.000401,0.0,0.0,0.0,0.0,0.0,0.001845,0.0,0.0,0.0,0.0,0.0,0.0,0.0,0.0,0.001629,0.0,0.0,0.0,0.00369,0.0,0.001845,0.0,0.0,0.0,0.0,0.0,0.0,0.0,0.0,0.0,0.0,0.0,0.0,0.0,0.0,0.0,0.0,0.0,0.0,0.0,0.0,0.0,0.0,0.0,0.0,0.0,0.0,0.0,0.0,0.0,0.0,0.0,0.0,0.0,0.0,0.0,0.0,0.0,0.0,0.0,0.0,0.0,0.0,0.0,0.0,0.001845,0.0,0.0,0.0,0.0,0.0,0.0,0.0,0.0,0.0,0.0,0.0,0.0,0.0,0.0,0.0,0.0,0.0,0.0,0.0,0.001845,0.0,0.0,0.0,0.0,0.0,0.0,0.003992,0.0,0.0,0.0,0.0,0.0,0.0,0.001845,0.0,0.001664,0.001845,0.0,0.0,0.0,0.0,0.001845,0.0,0.0,0.001845,0.0,0.0,0.0,0.0,0.0,0.0,0.0,0.00249,0.001845,0.00369,0.0,0.0,0.0,0.001182,0.001845,0.0,0.0,0.001721,0.006202,0.002646,0.000889,0.000982,0.002,0.008446,0.004446,0.000856,0.001764,0.0,0.0,0.009225,0.000413,0.001845,0.0,0.001781,0.006846,0.001699,0.002071,0.001096,0.003785,0.001734,0.0,0.002351,0.000736,0.001504,0.0,0.001404,0.0,0.001784,0.000456,0.0,0.0,0.0,0.000514,0.001311,0.003608,0.001845,0.0,0.0,0.0,0.0,0.001347,0.0,0.0,0.006044,0.002442,0.007369,0.0,0.01107,0.0,0.001845,0.001845,0.0,0.0,0.006033,0.001845,0.0,0.0,0.0,0.0,0.0,0.0,0.005503,0.0,0.0,0.001858,0.0,0.0,0.001794,0.0,0.0,0.0,0.0,0.0,0.0,0.0,0.0,0.0,0.0,0.0,0.0,0.0,0.0,0.0,0.0,0.0,0.0,0.0,0.0,0.0,0.0,0.0,0.0,0.0,0.0,0.0,0.0,0.0,0.0,0.0,0.0,0.0,0.0,0.0,0.0,0.0,0.0,0.0,0.0,0.004822,0.003362,0.001553,0.000368,0.003175,0.004906,0.002488,0.005535,0.00738,0.0,0.0,0.00369,0.0,0.0,0.001864,0.00369,0.001845,0.0,0.0,0.0,0.001862,0.0,0.0,0.0,0.0,0.0,0.00738,0.0,0.0,0.0,0.0,0.0,0.001845,0.001845,0.0,0.00369,0.001845,0.0,0.0,0.0,0.00369,0.0,0.00369,0.0,0.0,0.0,0.0,0.0,0.0,0.0,0.0,0.0,0.002246,0.0,0.0,0.0,0.0,0.0,0.0013,0.000531,0.0,0.0,0.0,0.00369,0.001845,0.001845,0.001208,0.0,0.0,0.0,0.0,0.000929,0.0,0.0,0.0,0.001497,0.001845,0.0,0.0,0.001845,0.0,0.0,0.0,0.0,0.0,0.0,0.0,0.0,0.0,0.0,0.000428,0.0,0.001414,0.0,0.0,0.0,0.0,0.0
0161,0.004808,0.003128,0.002551,0.00177,0.004902,0.0,0.0,0.003759,0.0,0.006051,0.004902,0.0,0.003831,0.004815,0.001247,0.0,0.004902,0.009804,0.001855,0.0,0.0,0.00314,0.001661,0.004902,0.00369,1.0,0.0,0.02451,0.014706,0.0,0.0,0.0,0.0,0.0,0.0,0.0,0.0,0.004902,0.0,0.0,0.0,0.0,0.0,0.0,0.0,0.0,0.0,0.0,0.0,0.0,0.0,0.0,0.0,0.002375,0.0,0.0,0.004695,0.0,0.0,0.0,0.0,0.0,0.0,0.002381,0.004902,0.0,0.0,0.0,0.002525,0.0,0.004902,0.0,0.0,0.0,0.0,0.0,0.0,0.0,0.0,0.0,0.0,0.0,0.0,0.0,0.0,0.0,0.002604,0.0,0.0,0.0,0.0,0.0,0.001508,0.0,0.0,0.0,0.0,0.004902,0.0,0.004902,0.0,0.0,0.0,0.0,0.0,0.0,0.0,0.0,0.0,0.0,0.0,0.0,0.0,0.0,0.0,0.0,0.0,0.0,0.0,0.0,0.001529,0.0,0.0,0.0,0.0,0.002604,0.0,0.0,0.0,0.0,0.0,0.0,0.0,0.0,0.0,0.0,0.0,0.0,0.0,0.0,0.0,0.0,0.0,0.0,0.0,0.0,0.0,0.0,0.0,0.0,0.0,0.0,0.0,0.004902,0.0,0.0,0.0,0.0,0.0,0.0,0.0,0.0,0.0,0.0,0.0,0.0,0.004902,0.0,0.0,0.0,0.0,0.001996,0.0,0.0,0.0,0.0,0.0,0.0,0.0,0.0,0.0,0.0,0.004545,0.0,0.0,0.0,0.0,0.004902,0.0,0.0,0.0,0.0,0.0,0.0,0.0,0.0,0.0,0.000996,0.0,0.001946,0.004902,0.0,0.0,0.001182,0.010309,0.0,0.0,0.0,0.00155,0.0,0.0,0.001965,0.0,0.005068,0.00163,0.000428,0.000588,0.002016,0.003839,0.025397,0.001651,0.0,0.0,0.001272,0.005868,0.001322,0.001035,0.000365,0.000631,0.000578,0.0,0.00141,0.000736,0.0,0.0,0.002107,0.004902,0.000714,0.000456,0.0,0.0,0.004695,0.0,0.000655,0.001924,0.0,0.0,0.0,0.0,0.0,0.0,0.0,0.0,0.0,0.000359,0.00089,0.0,0.0,0.0,0.0,0.0,0.014706,0.0,0.006033,0.0,0.0,0.004902,0.0,0.0,0.003436,0.003215,0.000734,0.0,0.0,0.000808,0.0,0.001961,0.001196,0.0,0.0,0.0,0.0,0.0,0.0,0.0,0.0,0.0,0.0,0.0,0.0,0.003521,0.0,0.0,0.0,0.0,0.0,0.0,0.0,0.0,0.0,0.0,0.0,0.0,0.0,0.0,0.0,0.0,0.0,0.0,0.0,0.0,0.0,0.0,0.0,0.0,0.0,0.0,0.0,0.000964,0.000547,0.000776,0.001103,0.000794,0.001784,0.001066,0.0,0.004902,0.0,0.003509,0.0,0.003012,0.0,0.000621,0.0,0.0,0.0,0.0,0.0,0.001117,0.0,0.0,0.0,0.0,0.0,0.0,0.0,0.0,0.0,0.0,0.004902,0.0,0.008351,0.004878,0.0,0.002227,0.0,0.00082,0.0,0.0,0.0,0.0,0.0,0.0,0.0,0.0,0.0,0.0,0.001587,0.0,0.004902,0.0,0.0,0.0,0.001412,0.004902,0.0,0.000325,0.0,0.0,0.0,0.0,0.0,0.0,0.00339,0.0,0.0,0.0,0.0,0.0,0.000929,0.0,0.006515,0.0,0.0,0.0,0.0,0.0,0.0,0.0,0.0,0.00129,0.0,0.0,0.002882,0.0,0.0,0.0,0.0,0.0,0.0,0.000707,0.0,0.0,0.0,0.0,0.0
0162,0.0,0.0,0.0,0.0,0.0,0.0,0.0,0.0,0.0,0.00055,0.0,0.0,0.0,0.001605,0.0,0.0,0.0,0.005128,0.000371,0.0,0.0,0.0,0.0,0.0,0.0,0.0,1.0,0.0,0.0,0.0,0.005348,0.0,0.0,0.0,0.0,0.0,0.0,0.0,0.0,0.0,0.0,0.0,0.0,0.0,0.0,0.0,0.0,0.0,0.0,0.014493,0.0,0.004963,0.0,0.0,0.0,0.0,0.0,0.0,0.0,0.0,0.0,0.0,0.0,0.0,0.0,0.0,0.0,0.0,0.0,0.0,0.0,0.0,0.0,0.0,0.0,0.0,0.0,0.0,0.0,0.0,0.0,0.0,0.0,0.0,0.0,0.0,0.002604,0.0,0.0,0.0,0.0,0.0,0.0,0.001629,0.0,0.0,0.0,0.0,0.0,0.0,0.0,0.0,0.0,0.0,0.0,0.0,0.0,0.0,0.0,0.0,0.0,0.0,0.0,0.0,0.0,0.0,0.0,0.0,0.0,0.0,0.0,0.0,0.0,0.0,0.0,0.0,0.0,0.0,0.0,0.0,0.0,0.0,0.0,0.0,0.0,0.0,0.0,0.0,0.0,0.0,0.0,0.0,0.0,0.0,0.0,0.0,0.0,0.0,0.0,0.0,0.0,0.0,0.0,0.0,0.0,0.0,0.0,0.0,0.0,0.0,0.0,0.0,0.0,0.0,0.0,0.0,0.0,0.0,0.0,0.0,0.0,0.0,0.0,0.0,0.0,0.0,0.0,0.0,0.0,0.009615,0.0,0.0,0.0,0.0,0.0,0.0,0.0,0.0,0.0,0.007812,0.0,0.0,0.0,0.0,0.0,0.0,0.0,0.000498,0.0,0.0,0.0,0.0,0.0,0.0,0.0,0.0,0.0,0.0,0.0,0.0,0.0,0.000982,0.0,0.000845,0.0,0.0,0.000392,0.0,0.0,0.0,0.0,0.0,0.0,0.000254,0.001956,0.000189,0.000311,0.0,0.0,0.000289,0.0,0.0,0.0,0.0,0.0,0.000702,0.0,0.0,0.0,0.0,0.0,0.0,0.0,0.0,0.000241,0.0,0.0,0.0,0.0,0.0,0.000269,0.0,0.0,0.0,0.000359,0.000594,0.0,0.0,0.0,0.0,0.0,0.0,0.0,0.001508,0.0,0.0,0.0,0.0,0.0,0.0,0.0,0.000367,0.0,0.0,0.000485,0.001127,0.0,0.000598,0.029412,0.0,0.0,0.0,0.0,0.0,0.0,0.0,0.0,0.0,0.0,0.0,0.0,0.0,0.0,0.0,0.0,0.0,0.0,0.0,0.0,0.0,0.0,0.0,0.0,0.0,0.0,0.0,0.0,0.0,0.0,0.0,0.0,0.0,0.0,0.0,0.0,0.0,0.0,0.0,0.000964,0.000625,0.0,0.000368,0.000794,0.000446,0.000711,0.0,0.00625,0.007519,0.0,0.0,0.0,0.005291,0.000466,0.012903,0.0,0.0,0.0,0.0,0.000745,0.0,0.0,0.0,0.0,0.0,0.0,0.0,0.0,0.0,0.0,0.0,0.002451,0.0,0.0,0.0,0.0,0.0,0.00082,0.0,0.0,0.0,0.010274,0.009174,0.015385,0.0,0.0,0.014925,0.0,0.0,0.0,0.008065,0.000749,0.004587,0.0,0.000471,0.0,0.002304,0.000325,0.000531,0.014925,0.0,0.0,0.006757,0.0,0.00339,0.0,0.074627,0.0,0.0,0.0,0.000929,0.0,0.0,0.0,0.002994,0.0,0.0,0.0,0.0,0.0,0.0,0.0,0.0,0.0,0.0,0.0,0.0,0.0,0.0,0.0,0.00905,0.000353,0.0,0.0,0.0,0.0,0.0
0163,0.0,0.004171,0.002551,0.00177,0.014925,0.005319,0.0,0.011278,0.0,0.012101,0.0,0.0,0.007663,0.008026,0.006858,0.0,0.005319,0.005128,0.002226,0.0,0.0,0.00314,0.001661,0.010638,0.01476,0.02451,0.0,1.0,0.005319,0.0,0.010638,0.005319,0.0,0.005319,0.00369,0.0,0.005542,0.0,0.0,0.0,0.0,0.0,0.0,0.0,0.0,0.0,0.0,0.0,0.0,0.0,0.0,0.002481,0.0,0.007126,0.010638,0.0,0.004695,0.0,0.0,0.0,0.010638,0.0,0.0,0.004762,0.015957,0.0,0.0,0.0,0.0,0.0,0.0,0.0,0.0,0.0,0.0,0.0,0.0,0.0,0.0,0.0,0.0,0.0,0.0,0.0,0.0,0.005319,0.0,0.0,0.005319,0.0,0.0,0.0,0.0,0.0,0.0,0.0,0.0,0.005319,0.0,0.005319,0.0,0.0,0.0,0.0,0.0,0.0,0.0,0.0,0.0,0.0,0.0,0.0,0.0,0.0,0.0,0.0,0.0,0.0,0.0,0.0,0.0,0.005319,0.0,0.0,0.0,0.0,0.0,0.0,0.0,0.0,0.0,0.0,0.0,0.0,0.0,0.0,0.0,0.0,0.0,0.0,0.0,0.0,0.0,0.0,0.0,0.0,0.0,0.0,0.0,0.0,0.0,0.0,0.0,0.0,0.0,0.0,0.005319,0.0,0.0,0.0,0.0,0.0,0.0,0.0,0.0,0.0,0.0,0.0,0.0,0.0,0.0,0.0,0.0,0.0,0.0,0.0,0.0,0.0,0.0,0.0,0.0,0.0,0.0,0.0,0.0,0.0,0.0,0.0,0.0,0.0,0.0,0.0,0.0,0.0,0.0,0.0,0.0,0.000498,0.0,0.0,0.0,0.0,0.0,0.0,0.0,0.0,0.0,0.001721,0.0,0.0,0.000296,0.0,0.0,0.004223,0.003705,0.0,0.000196,0.001008,0.001919,0.009524,0.000825,0.002874,0.0,0.000509,0.001956,0.001322,0.000414,0.0,0.000789,0.0,0.0,0.00047,0.0,0.001504,0.0,0.000468,0.0,0.000357,0.000456,0.0,0.0,0.0,0.000171,0.000655,0.001443,0.0,0.0,0.0,0.0,0.0,0.000269,0.0,0.0,0.000366,0.000216,0.000594,0.0,0.0,0.0,0.0,0.0,0.005319,0.0,0.004525,0.0,0.0,0.0,0.005025,0.0,0.0,0.0,0.001101,0.0,0.0,0.000162,0.0,0.0,0.001196,0.0,0.0,0.0,0.0,0.0,0.0,0.0,0.0,0.0,0.010638,0.0,0.0,0.0,0.0,0.0,0.0,0.0,0.0,0.0,0.0,0.0,0.0,0.0,0.0,0.0,0.0,0.0,0.0,0.0,0.0,0.0,0.0,0.0,0.0,0.0,0.0,0.0,0.0,0.0,0.0,0.0,0.00086,0.000776,0.000368,0.000794,0.001784,0.000711,0.015957,0.005319,0.0,0.001404,0.0,0.0,0.0,0.000621,0.003226,0.0,0.0,0.0,0.0,0.001117,0.0,0.0,0.0,0.0,0.0,0.0,0.0,0.0,0.005,0.0,0.0,0.0,0.0,0.0,0.0,0.002227,0.0,0.0,0.0,0.010204,0.0,0.003425,0.0,0.0,0.0,0.0,0.0,0.0,0.0,0.002941,0.0,0.0,0.0,0.0,0.000941,0.0,0.0,0.000325,0.0,0.0,0.0,0.0,0.0,0.0,0.00339,0.0,0.0,0.0,0.0,0.0,0.0,0.0,0.0,0.0,0.0,0.005319,0.0,0.005319,0.005319,0.0,0.0,0.0,0.0,0.0,0.0,0.0,0.0,0.004444,0.0,0.0,0.0,0.000353,0.0,0.0,0.0,0.0,0.0
0164,0.0,0.008342,0.005102,0.0,0.0,0.0,0.0,0.0,0.0,0.00055,0.0,0.0,0.0,0.004815,0.001247,0.0,0.007634,0.0,0.0,0.0,0.0,0.0,0.001661,0.0,0.00369,0.014706,0.0,0.005319,1.0,0.0,0.0,0.009174,0.0,0.0,0.0,0.0,0.0,0.0,0.0,0.0,0.0,0.0,0.0,0.0,0.0,0.0,0.0,0.0,0.0,0.0,0.0,0.002481,0.0,0.0,0.0,0.0,0.004695,0.0,0.0,0.0,0.0,0.0,0.0,0.0,0.0,0.0,0.0,0.0,0.0,0.0,0.0,0.0,0.0,0.0,0.0,0.0,0.0,0.0,0.0,0.0,0.0,0.0,0.0,0.0,0.0,0.0,0.0,0.0,0.0,0.0,0.0,0.0,0.0,0.0,0.0,0.0,0.0,0.0,0.0,0.0,0.0,0.0,0.0,0.0,0.0,0.0,0.0,0.0,0.0,0.0,0.0,0.0,0.0,0.0,0.0,0.0,0.0,0.0,0.0,0.0,0.0,0.0,0.0,0.0,0.0,0.0,0.0,0.0,0.0,0.0,0.0,0.0,0.0,0.0,0.0,0.0,0.0,0.0,0.0,0.0,0.0,0.0,0.0,0.0,0.0,0.0,0.0,0.0,0.0,0.0,0.0,0.0,0.0,0.0,0.0,0.0,0.0,0.0,0.0,0.0,0.0,0.0,0.0,0.0,0.0,0.0,0.0,0.0,0.0,0.0,0.0,0.0,0.0,0.0,0.0,0.0,0.0,0.0,0.0,0.0,0.0,0.0,0.0,0.0,0.0,0.0,0.0,0.0,0.010309,0.0,0.0,0.0,0.0,0.0,0.0,0.0,0.0,0.000498,0.0,0.0,0.0,0.0,0.0,0.0,0.0,0.014286,0.0,0.0,0.0,0.0,0.0,0.0,0.001,0.005912,0.001037,0.0,0.000392,0.0,0.0,0.003175,0.0,0.0,0.0,0.000763,0.002445,0.0,0.000104,0.0,0.000315,0.000578,0.0,0.0,0.0,0.0,0.0,0.0,0.0,0.0,0.0,0.0,0.0,0.0,0.0,0.000218,0.000962,0.0,0.0,0.0,0.0,0.0,0.0,0.0,0.0,0.000733,0.000216,0.001088,0.0,0.0,0.0,0.0,0.0,0.0,0.0,0.001508,0.0,0.0,0.0,0.0,0.000944,0.0,0.0,0.0,0.0,0.0,0.0,0.0,0.0,0.0,0.0,0.0,0.0,0.0,0.0,0.0,0.0,0.0,0.0,0.0,0.0,0.0,0.0,0.0,0.0,0.0,0.0,0.0,0.0,0.0,0.0,0.0,0.0,0.0,0.0,0.0,0.0,0.0,0.0,0.0,0.0,0.0,0.0,0.0,0.0,0.0,0.0,0.0,0.0,0.0,0.000964,0.000704,0.0,0.000368,0.0,0.001784,0.0,0.0,0.0,0.0,0.0,0.0,0.0,0.0,0.0,0.0,0.0,0.0,0.0,0.0,0.0,0.0,0.0,0.0,0.0,0.0,0.0,0.0,0.0,0.0,0.0,0.0,0.0,0.0,0.0,0.0,0.0,0.0,0.0,0.0,0.005102,0.0,0.0,0.0,0.0,0.0,0.0,0.0,0.0,0.0,0.0,0.0,0.0,0.0,0.0,0.0,0.0,0.0,0.0,0.0,0.0,0.0,0.0,0.0,0.01087,0.0,0.001208,0.0,0.0,0.0,0.0,0.0,0.0,0.0,0.0,0.0,0.014286,0.0,0.006135,0.0,0.0,0.0,0.0,0.0,0.0,0.0,0.0,0.0,0.0,0.0,0.0,0.0,0.0,0.005376,0.0,0.0,0.014286,0.0
0170,0.0,0.0,0.0,0.0,0.0,0.0,0.0,0.0,0.0,0.0,0.0,0.0,0.0,0.0,0.0,0.0,0.0,0.0,0.0,0.0,0.0,0.0,0.0,0.0,0.0,0.0,0.0,0.0,0.0,1.0,0.0,0.0,0.0,0.0,0.0,0.0,0.0,0.0,0.0,0.0,0.0,0.0,0.0,0.0,0.0,0.0,0.0,0.0,0.0,0.0,0.0,0.0,0.0,0.0,0.0,0.0,0.0,0.0,0.0,0.0,0.0,0.0,0.0,0.0,0.0,0.0,0.0,0.0,0.0,0.0,0.0,0.0,0.0,0.0,0.0,0.0,0.0,0.0,0.0,0.0,0.0,0.0,0.0,0.0,0.0,0.0,0.0,0.0,0.0,0.0,0.0,0.0,0.0,0.001629,0.0,0.0,0.0,0.0,0.0,0.0,0.0,0.0,0.0,0.0,0.0,0.0,0.0,0.0,0.0,0.0,0.0,0.0,0.0,0.0,0.0,0.0,0.0,0.0,0.0,0.0,0.0,0.0,0.0,0.0,0.0,0.0,0.0,0.0,0.0,0.0,0.0,0.0,0.0,0.0,0.0,0.0,0.0,0.0,0.0,0.0,0.0,0.0,0.0,0.0,0.0,0.0,0.0,0.0,0.0,0.0,0.0,0.0,0.0,0.0,0.0,0.0,0.0,0.0,0.0,0.0,0.0,0.0,0.0,0.0,0.0,0.0,0.0,0.0,0.0,0.0,0.0,0.0,0.0,0.0,0.0,0.0,0.0,0.0,0.0,0.0,0.0,0.0,0.0,0.0,0.0,0.0,0.0,0.0,0.0,0.0,0.0,0.0,0.0,0.0,0.0,0.0,0.0,0.0,0.0,0.0,0.0,0.0,0.0,0.0,0.0,0.0,0.0,0.0,0.0,0.0,0.0,0.0,0.0,0.0,0.0,0.0,0.0,0.0,0.0,0.0,0.0,0.0,0.0,0.0,0.0,0.0,0.0,0.0,0.0,0.0,0.0,0.0,0.0,0.0,0.0,0.0,0.0,0.0,0.0,0.0,0.0,0.0,0.0,0.0,0.0,0.0,0.0,0.0,0.0,0.0,0.0,0.0,0.0,0.0,0.0,0.0,0.0,0.0,0.0,0.0,0.0,0.0,0.0,0.0,0.001976,0.0,0.0,0.0,0.0,0.0,0.0,0.0,0.0,0.0,0.0,0.0,0.0,0.0,0.0,0.0,0.0,0.0,0.0,0.0,0.0,0.0,0.0,0.0,0.0,0.0,0.0,0.0,0.0,0.0,0.0,0.0,0.0,0.0,0.0,0.0,0.0,0.0,0.0,0.0,0.0,0.0,0.0,0.0,0.0,0.0,0.0,0.0,0.0,0.0,0.0,0.0,0.0,0.0,0.0,0.0,0.0,0.0,0.0,0.0,0.0,0.0,0.0,0.0,0.0,0.0,0.0,0.0,0.0,0.0,0.0,0.0,0.0,0.0,0.0,0.0,0.0,0.0,0.0,0.0,0.0,0.0,0.0,0.0,0.0,0.0,0.0,0.0,0.0,0.0,0.0,0.0,0.0,0.0,0.0,0.0,0.0,0.0,0.0,0.0,0.0,0.0,0.0,0.0,0.0,0.0,0.0,0.004587,0.0,0.0,0.0,0.0,0.0,0.0,0.0,0.0,0.0,0.0,0.0,0.00339,0.0,0.0,0.0,0.0,0.0,0.0,0.0,0.0,0.0,0.0,0.0,0.0,0.0,0.0,0.0,0.0,0.0,0.0,0.0,0.0,0.0,0.0,0.0,0.0,0.0,0.0,0.0,0.0,0.0,0.0,0.0,0.0
0210,0.0,0.0,0.0,0.0,0.004975,0.0,0.0,0.0,0.0,0.00385,0.0,0.0,0.003831,0.011236,0.003117,0.0,0.010695,0.010256,0.001113,0.0,0.0,0.0,0.003322,0.0,0.01107,0.0,0.005348,0.010638,0.0,0.0,1.0,0.053476,0.0,0.02139,0.0,0.0,0.003167,0.005348,0.0,0.0,0.0,0.0,0.0,0.0,0.005195,0.004149,0.0,0.0,0.0,0.0,0.005348,0.0,0.0,0.0,0.0,0.001931,0.0,0.0,0.00065,0.0,0.0,0.0,0.0,0.0,0.0,0.0,0.0,0.0,0.0,0.0,0.0,0.0,0.0,0.0,0.0,0.0,0.0,0.0,0.0,0.0,0.0,0.0,0.0,0.0,0.038961,0.0,0.002604,0.005348,0.005348,0.0,0.0,0.0,0.0,0.001629,0.0,0.0,0.0,0.005348,0.0,0.0,0.0,0.0,0.0,0.0,0.0,0.0,0.0,0.0,0.0,0.005348,0.0,0.0,0.0,0.0,0.0,0.0,0.0,0.0,0.0,0.0,0.0,0.0,0.0,0.0,0.0,0.0,0.0,0.0,0.0,0.0,0.0,0.0,0.0,0.0,0.0,0.0,0.0,0.0,0.0,0.0,0.0,0.0,0.0,0.0,0.0,0.0,0.0,0.0,0.0,0.0,0.0,0.0,0.0,0.0,0.0,0.0,0.0,0.0,0.0,0.0,0.0,0.0,0.0,0.0,0.0,0.0,0.0,0.0,0.0,0.0,0.0,0.002994,0.0,0.0,0.0,0.0,0.0,0.0,0.0,0.0,0.0,0.0,0.0,0.0,0.0,0.0,0.0,0.0,0.0,0.0,0.0,0.005348,0.0,0.0,0.0,0.0,0.0,0.001494,0.002123,0.001946,0.0,0.0,0.0,0.001182,0.0,0.0,0.001701,0.0,0.003101,0.000265,0.0,0.002947,0.005,0.001267,0.001037,0.000428,0.000784,0.0,0.0,0.003175,0.0,0.0,0.0,0.007888,0.0,0.000566,0.000311,0.000365,0.000315,0.000289,0.0,0.00094,0.0,0.0,0.0,0.00117,0.0,0.000714,0.0,0.0,0.0,0.0,0.000171,0.000655,0.000481,0.0,0.0,0.0,0.0,0.0,0.000269,0.0,0.0,0.000549,0.000503,0.001731,0.0,0.0,0.0,0.0,0.0,0.0,0.0,0.006033,0.0,0.0,0.0,0.0,0.0,0.003436,0.0,0.002201,0.0,0.0,0.000323,0.0,0.0,0.001196,0.0,0.0,0.0,0.0,0.005348,0.0,0.0,0.0,0.0,0.0,0.0,0.0,0.0,0.0,0.001258,0.0,0.0,0.0,0.0,0.0,0.0,0.0,0.0,0.0,0.005348,0.0,0.0,0.0,0.0,0.0,0.0,0.0,0.0,0.0,0.0,0.0,0.0,0.0,0.0,0.0,0.001929,0.001251,0.000776,0.000368,0.0,0.001338,0.001066,0.0,0.010695,0.005348,0.0,0.0,0.0,0.0,0.001709,0.003226,0.0,0.0,0.0,0.002353,0.002235,0.0,0.0,0.0,0.0,0.0,0.0,0.0,0.0,0.0,0.0,0.0,0.0,0.0,0.004878,0.0,0.0,0.0,0.0,0.0,0.0,0.0,0.006849,0.004587,0.010695,0.0,0.0,0.0,0.0,0.001587,0.0,0.0,0.000749,0.0,0.0,0.000941,0.0,0.0,0.0013,0.001062,0.0,0.0,0.0,0.0,0.0,0.0,0.001208,0.005348,0.0,0.0,0.0,0.0,0.0,0.0,0.0,0.0,0.0,0.0,0.0,0.0,0.0,0.0,0.0,0.0,0.0,0.0,0.0,0.0,0.0,0.0,0.0,0.0,0.000619,0.0,0.0,0.0,0.0,0.0
0220,0.0,0.0,0.0,0.00177,0.0,0.0,0.0,0.0,0.0,0.00275,0.0,0.0,0.0,0.006421,0.003741,0.0,0.0,0.0,0.001855,0.0,0.0,0.0,0.0,0.0,0.0,0.0,0.0,0.005319,0.009174,0.0,0.053476,1.0,0.0,0.036697,0.0,0.0,0.000792,0.0,0.0,0.0,0.0,0.0,0.0,0.0,0.0,0.0,0.0,0.0,0.0,0.0,0.0,0.002481,0.0,0.0,0.0,0.0,0.0,0.0,0.00065,0.0,0.0,0.0,0.0,0.0,0.0,0.0,0.0,0.0,0.0,0.0,0.0,0.0,0.0,0.0,0.0,0.0,0.0,0.0,0.0,0.0,0.0,0.0,0.0,0.002882,0.030303,0.0,0.005208,0.0,0.0,0.0,0.0,0.0,0.0,0.0,0.0,0.0,0.0,0.0,0.0,0.0,0.0,0.0,0.0,0.0,0.0,0.0,0.0,0.0,0.0,0.0,0.0,0.0,0.0,0.0,0.0,0.0,0.0,0.0,0.0,0.0,0.0,0.0,0.0,0.0,0.0,0.0,0.0,0.0,0.0,0.0,0.0,0.0,0.0,0.0,0.0,0.0,0.0,0.0,0.0,0.0,0.0,0.0,0.0,0.0,0.0,0.0,0.0,0.0,0.0,0.0,0.0,0.0,0.0,0.0,0.0,0.0,0.0,0.0,0.0,0.0,0.0,0.0,0.0,0.0,0.0,0.0,0.0,0.0,0.0,0.0,0.0,0.0,0.0,0.0,0.0,0.0,0.0,0.0,0.0,0.0,0.0,0.0,0.0,0.0,0.0,0.0,0.0,0.0,0.0,0.007812,0.0,0.0,0.0,0.0,0.0,0.0,0.0,0.001494,0.004246,0.001946,0.008065,0.0,0.005682,0.0,0.0,0.0,0.001701,0.0,0.0,0.000529,0.000593,0.0,0.0,0.0,0.001186,0.0,0.000588,0.001008,0.0,0.0,0.000413,0.0,0.0,0.006361,0.0,0.000189,0.000311,0.000365,0.000631,0.0,0.0,0.00094,0.000368,0.0,0.0,0.000468,0.0,0.000357,0.000456,0.0,0.0,0.0,0.000171,0.0,0.000241,0.0,0.0,0.0,0.0,0.0,0.000269,0.0,0.0,0.0,0.000216,0.000989,0.0,0.0,0.0,0.0,0.0,0.0,0.0,0.0,0.0,0.0,0.0,0.0,0.0,0.0,0.0,0.000734,0.0,0.0,0.000323,0.0,0.0,0.0,0.0,0.0,0.0,0.0,0.0,0.0,0.0,0.0,0.0,0.0,0.0,0.0,0.0,0.0,0.0,0.0,0.005102,0.0,0.0,0.0,0.0,0.0,0.0,0.0,0.0,0.0,0.0,0.0,0.009174,0.0,0.0,0.0,0.0,0.0,0.0,0.0,0.0,0.0,0.0,0.0,0.0,0.000313,0.0,0.000368,0.0,0.0,0.000711,0.0,0.0,0.007519,0.0,0.0,0.0,0.0,0.000777,0.0,0.0,0.0,0.0,0.0,0.001117,0.0,0.0,0.0,0.0,0.0,0.0,0.0,0.0,0.0,0.0,0.0,0.002451,0.004175,0.0,0.0,0.0,0.0,0.0,0.0,0.0,0.0,0.0,0.0,0.0,0.0,0.0,0.0,0.0,0.0,0.0,0.0,0.0,0.0,0.0,0.001412,0.0,0.0,0.0,0.0,0.0,0.0,0.0,0.0,0.009174,0.00339,0.0,0.0,0.0,0.0,0.0,0.0,0.0,0.0,0.0,0.001497,0.0,0.0,0.0,0.0,0.0,0.0,0.0,0.0,0.0,0.0,0.0,0.0,0.0,0.0,0.0,0.004525,0.000177,0.0,0.0,0.0,0.0,0.0
0230,0.0,0.0,0.0,0.0,0.0,0.0,0.0,0.0,0.0,0.00055,0.0,0.0,0.0,0.0,0.0,0.0,0.0,0.0,0.0,0.0,0.0,0.0,0.0,0.0,0.001845,0.0,0.0,0.0,0.0,0.0,0.0,0.0,1.0,0.0,0.0,0.0,0.0,0.0,0.0,0.0,0.0,0.0,0.0,0.0,0.0,0.0,0.0,0.0,0.0,0.0,0.0,0.0,0.0,0.0,0.0,0.0,0.0,0.0,0.0,0.0,0.0,0.0,0.0,0.0,0.0,0.0,0.0,0.0,0.0,0.0,0.0,0.0,0.0,0.0,0.0,0.0,0.0,0.0,0.0,0.0,0.0,0.0,0.0,0.0,0.0,0.0,0.0,0.0,0.0,0.0,0.0,0.0,0.0,0.0,0.0,0.0,0.0,0.0,0.0,0.0,0.0,0.0,0.0,0.0,0.0,0.0,0.0,0.0,0.0,0.0,0.0,0.0,0.0,0.0,0.0,0.0,0.0,0.0,0.0,0.0,0.0,0.0,0.0,0.0,0.0,0.0,0.0,0.0,0.0,0.0,0.0,0.0,0.0,0.0,0.0,0.0,0.0,0.0,0.0,0.0,0.0,0.0,0.0,0.0,0.0,0.0,0.0,0.0,0.0,0.0,0.0,0.0,0.0,0.0,0.0,0.0,0.0,0.0,0.0,0.0,0.0,0.0,0.0,0.0,0.0,0.0,0.0,0.0,0.0,0.0,0.0,0.0,0.0,0.0,0.0,0.0,0.0,0.0,0.0,0.0,0.0,0.0,0.0,0.0,0.0,0.0,0.0,0.0,0.0,0.0,0.0,0.0,0.0,0.0,0.0,0.0,0.0,0.0,0.0,0.0,0.0,0.0,0.0,0.0,0.0,0.0,0.0,0.0,0.0,0.0,0.0,0.0,0.0,0.0,0.0,0.0,0.0,0.0,0.0,0.0,0.0,0.0,0.0,0.0,0.0,0.0,0.0,0.0,0.0,0.0,0.0,0.0,0.0,0.0,0.0,0.0,0.0,0.0,0.0,0.0,0.0,0.0,0.0,0.0,0.0,0.0,0.0,0.0,0.0,0.0,0.0,0.0,0.0,0.0,0.0,0.0,0.0,0.0,0.0,0.0,0.0,0.0,0.0,0.0,0.0,0.0,0.0,0.0,0.0,0.0,0.0,0.0,0.0,0.0,0.0,0.0,0.0,0.0,0.0,0.0,0.0,0.0,0.0,0.0,0.0,0.0,0.0,0.0,0.0,0.0,0.0,0.0,0.0,0.0,0.0,0.0,0.0,0.0,0.0,0.0,0.0,0.0,0.0,0.0,0.0,0.0,0.0,0.0,0.0,0.0,0.0,0.0,0.0,0.0,0.0,0.0,0.0,0.0,0.0,0.0,0.0,0.0,0.0,0.0,0.0,0.0,0.0,0.0,0.0,0.0,0.0,0.0,0.0,0.0,0.0,0.0,0.0,0.0,0.0,0.0,0.0,0.0,0.0,0.0,0.0,0.0,0.0,0.0,0.0,0.0,0.0,0.0,0.0,0.0,0.0,0.0,0.0,0.0,0.0,0.0,0.0,0.0,0.0,0.0,0.0,0.0,0.0,0.0,0.0,0.0,0.0,0.0,0.0,0.0,0.0,0.0,0.0,0.0,0.0,0.0,0.0,0.0,0.0,0.0,0.0,0.0,0.0,0.0,0.0,0.0,0.0,0.0,0.0,0.0,0.0,0.0,0.0,0.0,0.0,0.0,0.0,0.0,0.0,0.0,0.0,0.0,0.0,0.0,0.0,0.0,0.0,0.0,0.0,0.0,0.0,0.0
0240,0.0,0.0,0.0,0.0,0.0,0.0,0.0,0.0,0.0,0.00055,0.0,0.0,0.0,0.001605,0.0,0.0,0.0,0.0,0.0,0.0,0.0,0.0,0.0,0.0,0.001845,0.0,0.0,0.005319,0.0,0.0,0.02139,0.036697,0.0,1.0,0.0,0.0,0.000792,0.0,0.0,0.0,0.0,0.0,0.0,0.0,0.0,0.0,0.0,0.0,0.0,0.0,0.0,0.0,0.0,0.0,0.0,0.0,0.0,0.0,0.0,0.0,0.0,0.0,0.003356,0.0,0.0,0.0,0.0,0.0,0.0,0.0,0.0,0.0,0.0,0.0,0.0,0.0,0.0,0.0,0.0,0.0,0.0,0.0,0.0,0.0,0.0,0.033333,0.0,0.0,0.0,0.0,0.0,0.0,0.0,0.0,0.0,0.0,0.0,0.0,0.0,0.0,0.0,0.0,0.0,0.0,0.0,0.0,0.0,0.0,0.0,0.0,0.0,0.0,0.0,0.0,0.0,0.0,0.0,0.0,0.0,0.0,0.0,0.0,0.0,0.0,0.0,0.0,0.0,0.0,0.0,0.0,0.0,0.0,0.0,0.0,0.0,0.0,0.0,0.0,0.0,0.0,0.0,0.0,0.0,0.0,0.0,0.0,0.0,0.0,0.0,0.0,0.0,0.0,0.0,0.0,0.0,0.0,0.0,0.0,0.0,0.0,0.0,0.0,0.0,0.0,0.0,0.0,0.0,0.0,0.0,0.0,0.0,0.0,0.0,0.0,0.0,0.0,0.0,0.0,0.0,0.0,0.0,0.0,0.0,0.0,0.0,0.0,0.0,0.0,0.0,0.0,0.0,0.0,0.0,0.0,0.0,0.0,0.0,0.000498,0.002123,0.0,0.0,0.0,0.0,0.0,0.0,0.0,0.0,0.001721,0.0,0.0,0.0,0.0,0.0,0.0,0.000148,0.0,0.000196,0.0,0.0,0.0,0.0,0.0,0.0,0.001272,0.000489,0.000189,0.000104,0.0,0.000315,0.0,0.0,0.0,0.000368,0.0,0.0,0.0,0.0,0.0,0.0,0.0,0.0,0.0,0.000171,0.0,0.0,0.0,0.0,0.0,0.0,0.0,0.0,0.0,0.0,0.000183,0.0,4.9e-05,0.0,0.0,0.0,0.0,0.0,0.0,0.0,0.0,0.0,0.0,0.0,0.0,0.0,0.0,0.0,0.0,0.0,0.0,0.0,0.0,0.0,0.0,0.0,0.0,0.0,0.0,0.0,0.0,0.0,0.0,0.0,0.0,0.0,0.0,0.0,0.0,0.0,0.0,0.0,0.0,0.0,0.0,0.0,0.0,0.0,0.0,0.0,0.0,0.0,0.0,0.0,0.0,0.0,0.0,0.0,0.0,0.0,0.0,0.0,0.0,0.0,0.0,0.0,0.000156,0.0,0.0,0.0,0.0,0.000711,0.0,0.0,0.0,0.0,0.0,0.0,0.0,0.000466,0.0,0.0,0.0,0.0,0.0,0.0,0.0,0.0,0.0,0.0,0.0,0.0,0.0,0.0,0.0,0.0,0.0,0.002451,0.0,0.004878,0.0,0.0,0.0,0.0,0.0,0.0,0.0,0.0,0.004587,0.0,0.0,0.0,0.0,0.0,0.0,0.0,0.0,0.0,0.0,0.0,0.000471,0.0,0.0,0.000325,0.0,0.0,0.0,0.0,0.0,0.0,0.0,0.0,0.0,0.0,0.0,0.0,0.0,0.0,0.0,0.0,0.0,0.0,0.0,0.0,0.0,0.0,0.0,0.0,0.0,0.0,0.0,0.0,0.0,0.0,0.0,0.000428,0.0,8.8e-05,0.0,0.0,0.0,0.0,0.0
0311,0.0,0.0,0.0,0.00177,0.0,0.0,0.0,0.0,0.0,0.00055,0.0,0.0,0.00369,0.0,0.001247,0.0,0.0,0.0,0.0,0.0,0.0,0.00314,0.001661,0.0,0.0,0.0,0.0,0.00369,0.0,0.0,0.0,0.0,0.0,0.0,1.0,0.01476,0.029295,0.01107,0.0,0.0,0.0,0.0,0.0,0.0,0.0,0.0,0.0,0.0,0.0,0.0,0.0,0.0,0.092251,0.002375,0.00369,0.0,0.0,0.0,0.0,0.0,0.0,0.0,0.0,0.0,0.0,0.0,0.0,0.0,0.002525,0.0,0.0,0.0,0.0,0.0,0.0,0.0,0.00369,0.0,0.0,0.0,0.0,0.0,0.0,0.0,0.0,0.0,0.0,0.00369,0.0,0.0,0.0,0.0,0.0,0.0,0.0,0.0,0.0,0.0,0.0,0.0,0.0,0.003311,0.0,0.0,0.0,0.0,0.0,0.0,0.0,0.0,0.0,0.0,0.0,0.0,0.0,0.0,0.0,0.0,0.0,0.0,0.0,0.0,0.0,0.0,0.0,0.0,0.0,0.0,0.0,0.0,0.0,0.0,0.0,0.0,0.0,0.0,0.0,0.0,0.0,0.0,0.0,0.0,0.0,0.0,0.0,0.0,0.0,0.0,0.0,0.0,0.0,0.0,0.0,0.00369,0.0,0.0,0.0,0.0,0.0,0.0,0.0,0.0,0.0,0.0,0.0,0.0,0.0,0.0,0.0,0.0,0.0,0.0,0.0,0.0,0.0,0.0,0.0,0.0,0.0,0.0,0.003328,0.0,0.0,0.01107,0.0,0.00369,0.0,0.0,0.00369,0.0,0.0,0.0,0.0,0.0,0.0,0.0,0.0,0.0,0.0,0.0,0.0,0.0,0.0,0.0,0.0,0.0,0.0,0.0,0.0,0.000529,0.000296,0.0,0.0,0.000845,0.006373,0.0,0.000392,0.0,0.0,0.0,0.000413,0.002874,0.00369,0.000254,0.000978,0.001322,0.001035,0.000365,0.004416,0.001156,0.0,0.0,0.000736,0.0,0.0,0.0,0.0,0.0,0.001825,0.0,0.01476,0.0,0.000856,0.000655,0.0,0.0,0.0,0.0,0.0,0.0,0.001347,0.0,0.0,0.000916,0.00194,0.00094,0.0,0.01476,0.00738,0.0,0.00369,0.0,0.0,0.006033,0.0,0.0,0.0,0.00738,0.002833,0.0,0.0,0.002201,0.0,0.0,0.000727,0.0,0.0,0.002392,0.0,0.0,0.0,0.0,0.0,0.0,0.0,0.0,0.0,0.0,0.0,0.0,0.0,0.0,0.0,0.0,0.0,0.0,0.0,0.0,0.0,0.0,0.0,0.0,0.0,0.0,0.0,0.0,0.0,0.0,0.0,0.0,0.0,0.00369,0.0,0.0,0.0,0.0,0.0,0.0,0.001929,0.001095,0.000776,0.000368,0.000794,0.001784,0.000711,0.0,0.0,0.0,0.0,0.0,0.0,0.0,0.000466,0.0,0.0,0.00369,0.0,0.0,0.0,0.0,0.0,0.0,0.0,0.003497,0.0,0.0,0.0,0.0,0.0,0.0,0.0,0.0,0.0,0.002037,0.0,0.0,0.00082,0.0,0.0,0.0,0.0,0.0,0.0,0.0,0.0,0.0,0.0,0.0,0.0,0.0,0.0,0.0,0.0,0.0,0.0,0.0,0.0,0.0,0.0,0.0,0.0,0.0,0.0,0.0,0.001208,0.0,0.0,0.0,0.002967,0.0,0.0,0.003257,0.0,0.001497,0.0,0.0,0.0,0.0,0.0,0.0,0.0,0.0,0.0,0.0,0.0,0.0,0.0,0.0,0.000428,0.0,0.000353,0.0,0.0,0.0,0.0,0.0
0312,0.0,0.0,0.0,0.0,0.0,0.0,0.0,0.0,0.0,0.0,0.0,0.0,0.0,0.0,0.0,0.0,0.0,0.0,0.0,0.0,0.0,0.0,0.0,0.0,0.0,0.0,0.0,0.0,0.0,0.0,0.0,0.0,0.0,0.0,0.01476,1.0,0.004751,0.00625,0.0,0.0,0.0,0.0,0.0,0.0,0.0,0.0,0.0,0.0,0.0,0.0,0.0,0.0,0.0,0.0,0.0,0.0,0.0,0.0,0.0,0.0,0.0,0.0,0.0,0.0,0.0,0.0,0.0,0.0,0.002525,0.0,0.0,0.0,0.0,0.0,0.0,0.0,0.0,0.0,0.0,0.0,0.0,0.0,0.0,0.0,0.0,0.0,0.0,0.0,0.0,0.0,0.0,0.0,0.0,0.0,0.0,0.0,0.0,0.0,0.0,0.0,0.0,0.0,0.0,0.0,0.0,0.0,0.0,0.0,0.0,0.0,0.0,0.0,0.0,0.0,0.0,0.0,0.0,0.0,0.0,0.0,0.0,0.0,0.0,0.0,0.0,0.0,0.0,0.0,0.0,0.0,0.0,0.0,0.0,0.0,0.0,0.0,0.0,0.0,0.0,0.0,0.0,0.0,0.0,0.0,0.0,0.0,0.0,0.0,0.0,0.0,0.0,0.0,0.0,0.0,0.0,0.0,0.0,0.0,0.0,0.0,0.0,0.0,0.0,0.0,0.0,0.0,0.0,0.0,0.0,0.0,0.0,0.0,0.0,0.0,0.0,0.0,0.0,0.0,0.0,0.0,0.0,0.0,0.0,0.0,0.0,0.0,0.0,0.0,0.0,0.0,0.0,0.0,0.0,0.0,0.0,0.0,0.0,0.000498,0.0,0.0,0.0,0.0,0.0,0.0,0.0,0.0,0.0,0.0,0.0,0.0,0.0,0.0,0.0,0.0,0.000296,0.0,0.0,0.0,0.0,0.0,0.000413,0.0,0.0,0.000254,0.0,0.000189,0.0,0.0,0.000315,0.0,0.0,0.0,0.0,0.0,0.0,0.0,0.0,0.0,0.000912,0.0,0.0,0.0,0.0,0.0,0.000241,0.0,0.0,0.0,0.0,0.0,0.0,0.0,0.0,0.0,0.000144,9.9e-05,0.0,0.0,0.0,0.0,0.0,0.0,0.0,0.0,0.0,0.0,0.0,0.0,0.0,0.0,0.0,0.0,0.0,0.0,0.000242,0.001127,0.0,0.0,0.0,0.0,0.0,0.0,0.0,0.0,0.0,0.0,0.0,0.0,0.0,0.0,0.0,0.0,0.001258,0.0,0.0,0.0,0.0,0.0,0.0,0.0,0.0,0.0,0.0,0.0,0.0,0.0,0.0,0.0,0.0,0.0,0.0,0.0,0.0,0.0,0.0,0.0,0.0,0.0,0.0,0.0,0.0,0.0,0.0,0.0,0.0,0.0,0.0,0.0,0.0,0.0,0.0,0.0,0.0,0.0,0.0,0.0,0.0,0.0,0.0,0.0,0.0,0.0,0.0,0.0,0.0,0.0,0.0,0.0,0.0,0.0,0.0,0.0,0.0,0.0,0.0,0.0,0.0,0.0,0.0,0.0,0.0,0.0,0.0,0.0,0.0,0.0,0.0,0.0,0.0,0.0,0.0,0.0,0.0,0.0,0.0,0.0,0.0,0.0,0.0,0.0,0.0,0.0,0.0,0.0,0.0,0.0,0.0,0.0,0.0,0.0,0.0,0.0,0.0,0.0,0.0,0.0,0.0,0.0,0.0,0.0,0.00129,0.0,0.0,0.0,0.0,0.0,0.0,0.0,0.0,0.0,0.0,0.0,0.0,0.0,0.0,0.0
0321,0.0,0.011085,0.005542,0.003959,0.000792,0.0,0.0,0.0,0.0,0.041254,0.003167,0.0,0.003959,0.012668,0.014339,0.0,0.001584,0.000792,0.023748,0.0,0.0,0.002375,0.005542,0.001584,0.007126,0.0,0.0,0.005542,0.0,0.0,0.003167,0.000792,0.0,0.000792,0.029295,0.004751,1.0,0.019794,0.0,0.0,0.0,0.0,0.0,0.0,0.007126,0.000792,0.0,0.0,0.0,0.0,0.000792,0.000792,0.017419,0.001584,0.0,0.002375,0.0,0.0,0.002599,0.0,0.0,0.0,0.002375,0.001584,0.003167,0.0,0.0,0.0,0.003959,0.0,0.0,0.0,0.0,0.0,0.001584,0.0,0.000792,0.0,0.000802,0.0,0.0,0.0,0.0,0.0,0.001584,0.0,0.0,0.0,0.0,0.0,0.0,0.0,0.000792,0.000792,0.0,0.0,0.0,0.0,0.0,0.0,0.0,0.0,0.0,0.0,0.000792,0.0,0.0,0.0,0.0,0.0,0.0,0.0,0.0,0.0,0.0,0.001584,0.0,0.000792,0.0,0.0,0.000792,0.000792,0.0,0.0,0.0,0.001584,0.000792,0.000792,0.0,0.0,0.0,0.0,0.0,0.0,0.0,0.0,0.001584,0.0,0.0,0.0,0.0,0.0,0.0,0.0,0.000792,0.0,0.0,0.0,0.0,0.0,0.0,0.0,0.000792,0.0,0.0,0.0,0.0,0.0,0.0,0.0,0.0,0.0,0.0,0.000792,0.000792,0.0,0.0,0.0,0.0,0.0,0.0,0.000792,0.0,0.0,0.0,0.0,0.0,0.0,0.0,0.000792,0.002375,0.0,0.0,0.0,0.0,0.0,0.0,0.0,0.006334,0.0,0.0,0.0,0.0,0.0,0.0,0.0,0.0,0.005478,0.002375,0.000792,0.0,0.0,0.001584,0.002375,0.000792,0.0,0.000792,0.018211,0.002375,0.002646,0.002963,0.000792,0.003959,0.012669,0.028605,0.002995,0.002352,0.003959,0.002375,0.002375,0.005778,0.001584,0.000792,0.007634,0.013692,0.002832,0.001864,0.001462,0.006466,0.003178,0.0,0.005172,0.00184,0.000792,0.0,0.003277,0.000792,0.002498,0.000912,0.0,0.000792,0.0,0.002397,0.001311,0.011066,0.0,0.0,0.001584,0.0,0.0,0.005117,0.0,0.0,0.002198,0.002155,0.005737,0.0,0.001584,0.017419,0.0,0.000792,0.0,0.000792,0.003167,0.000792,0.0,0.0,0.0,0.006334,0.0,0.0,0.005869,0.0,0.0,0.002746,0.003959,0.000792,0.002392,0.0,0.0,0.0,0.0,0.0,0.0,0.0,0.0,0.0,0.0,0.0,0.000792,0.0,0.0,0.001584,0.0,0.0,0.0,0.000792,0.0,0.0,0.0,0.0,0.0,0.0,0.0,0.0,0.0,0.0,0.0,0.0,0.0,0.0,0.000792,0.0,0.0,0.0,0.0,0.0,0.0,0.01346,0.011337,0.005435,0.004412,0.003959,0.008029,0.006397,0.000792,0.002375,0.0,0.003509,0.000792,0.0,0.0,0.007768,0.000792,0.000792,0.0,0.0,0.001584,0.021601,0.0,0.0,0.000792,0.0,0.0,0.0,0.000792,0.0,0.0,0.0,0.0,0.000792,0.0,0.000792,0.001584,0.000792,0.0,0.003167,0.000792,0.003167,0.000792,0.000792,0.0,0.002375,0.0,0.0,0.0,0.0,0.000792,0.0,0.0,0.006737,0.0,0.000792,0.0,0.0,0.0,0.005852,0.001592,0.0,0.0,0.0,0.0,0.000792,0.000792,0.005542,0.0,0.0,0.0,0.000792,0.001584,0.0,0.0,0.0,0.001584,0.0,0.0,0.000792,0.0,0.0,0.002375,0.000792,0.000792,0.000792,0.0,0.0,0.0,0.000792,0.000792,0.002568,0.000792,0.004153,0.0,0.0,0.0,0.0,0.0
0322,0.0,0.001043,0.0,0.0,0.0,0.0,0.0,0.0,0.0,0.00165,0.00625,0.0,0.0,0.001605,0.000623,0.0,0.0,0.0,0.001113,0.0,0.0,0.00157,0.0,0.0125,0.005535,0.004902,0.0,0.0,0.0,0.0,0.005348,0.0,0.0,0.0,0.01107,0.00625,0.019794,1.0,0.0,0.0,0.0,0.0,0.0,0.0,0.002597,0.0,0.0,0.0,0.0,0.0,0.0,0.0,0.017647,0.0,0.0,0.0,0.0,0.0,0.0,0.00625,0.0,0.0,0.0,0.0,0.0,0.0,0.0,0.0,0.0,0.0,0.0,0.0,0.0,0.0,0.0,0.0,0.0,0.0,0.0,0.0,0.0,0.0,0.0,0.002882,0.0,0.00625,0.0,0.0,0.0,0.0,0.0,0.0,0.0,0.0,0.0,0.0,0.0,0.0,0.0,0.0,0.0,0.0,0.0,0.0,0.0,0.0,0.0,0.0,0.0,0.0,0.0,0.0,0.0,0.0,0.0,0.0,0.0,0.0,0.0,0.0,0.001529,0.0,0.0,0.0,0.0,0.0,0.0,0.0,0.0,0.0,0.0,0.0,0.0,0.0,0.0,0.0,0.0,0.0,0.0,0.0,0.0,0.0,0.0,0.0,0.0,0.0,0.0,0.0,0.0,0.0,0.0,0.0,0.0,0.0,0.0,0.0,0.0,0.0,0.0,0.0,0.0,0.0,0.0,0.0,0.0,0.0,0.0,0.0,0.0,0.0,0.0,0.0,0.0,0.0,0.0,0.0,0.0,0.0,0.0,0.0,0.0,0.0,0.0,0.0,0.0,0.0,0.0,0.0,0.0125,0.00625,0.0,0.00625,0.0,0.0,0.0,0.0,0.0,0.000498,0.0,0.0,0.0,0.0,0.0,0.0,0.003436,0.0,0.0,0.0,0.00155,0.0,0.0,0.002947,0.0,0.001689,0.000445,0.000856,0.000588,0.002016,0.0,0.003175,0.000825,0.0,0.0,0.000509,0.000978,0.000566,0.000621,0.000365,0.000789,0.0,0.0,0.00047,0.000736,0.0,0.0,0.000702,0.0,0.000357,0.0,0.0,0.0,0.0,0.000685,0.000218,0.000241,0.0,0.0,0.001764,0.0,0.0,0.001077,0.0,0.0,0.0,0.001293,0.000989,0.0,0.0,0.0,0.0,0.0,0.0,0.0,0.0,0.001976,0.0,0.0,0.0,0.0,0.0,0.0,0.000367,0.0,0.0,0.001131,0.001127,0.0,0.0,0.0,0.0,0.0,0.0,0.0,0.0,0.0,0.0,0.0,0.0,0.0,0.003509,0.0,0.0,0.0,0.0,0.005102,0.0,0.0,0.0,0.0,0.0,0.0,0.0,0.0,0.0,0.0,0.0,0.0,0.0,0.0,0.0,0.0,0.0,0.0,0.0,0.0,0.0,0.0,0.0,0.0,0.000782,0.000776,0.0,0.000794,0.000892,0.000355,0.0,0.01875,0.0,0.000702,0.0,0.0,0.005291,0.000466,0.003226,0.0,0.0,0.00625,0.0,0.001862,0.0,0.0,0.0,0.0,0.0,0.0,0.0,0.0,0.0,0.0,0.0,0.002451,0.0,0.0,0.002037,0.0,0.0,0.0,0.0,0.0,0.0,0.003425,0.0,0.0,0.0,0.0,0.0,0.0,0.0,0.0,0.0,0.0,0.0,0.0,0.000471,0.0,0.0,0.000325,0.000531,0.0,0.0,0.0,0.0,0.0,0.0,0.0,0.0,0.0,0.0,0.0,0.0,0.0,0.0,0.0,0.0,0.0,0.0,0.0,0.0,0.0,0.0,0.0,0.0,0.0,0.0,0.00625,0.0,0.0,0.0,0.000428,0.0,0.000619,0.0,0.0,0.0,0.0,0.0
0510,0.0,0.0,0.0,0.0,0.0,0.0,0.0,0.0,0.0,0.0,0.0,0.0,0.0,0.0,0.000623,0.0,0.0,0.0,0.0,0.0,0.0,0.0,0.0,0.0,0.0,0.0,0.0,0.0,0.0,0.0,0.0,0.0,0.0,0.0,0.0,0.0,0.0,0.0,1.0,0.0,0.0,0.0,0.047619,0.0,0.005195,0.0,0.0,0.0,0.0,0.014493,0.0,0.0,0.0,0.0,0.0,0.0,0.0,0.0,0.0,0.0,0.0,0.0,0.0,0.0,0.0,0.0,0.0,0.0,0.0,0.0,0.0,0.0,0.0,0.0,0.0,0.0,0.0,0.0,0.0,0.0,0.0,0.0,0.0,0.0,0.0,0.0,0.0,0.0,0.0,0.0,0.0,0.0,0.0,0.0,0.0,0.0,0.0,0.0,0.0,0.0,0.0,0.0,0.0,0.0,0.0,0.0,0.0,0.0,0.0,0.0,0.0,0.0,0.0,0.0,0.0,0.0,0.0,0.0,0.0,0.0,0.0,0.0,0.0,0.0,0.0,0.0,0.0,0.0,0.0,0.0,0.0,0.0,0.0,0.0,0.0,0.0,0.0,0.0,0.0,0.0,0.0,0.0,0.0,0.0,0.0,0.0,0.0,0.0,0.0,0.0,0.0,0.0,0.0,0.0,0.0,0.0,0.0,0.0,0.0,0.0,0.0,0.0,0.0,0.0,0.0,0.0,0.0,0.0,0.0,0.0,0.0,0.0,0.0,0.0,0.0,0.0,0.0,0.0,0.0,0.0,0.0,0.0,0.0,0.0,0.0,0.0,0.0,0.0,0.0,0.0,0.0,0.0,0.0,0.0,0.0,0.0,0.0,0.0,0.0,0.0,0.0,0.0,0.0,0.0,0.0,0.0,0.0,0.001721,0.0,0.0,0.0,0.0,0.0,0.0,0.000148,0.0,0.0,0.0,0.0,0.0,0.0,0.0,0.0,0.000254,0.000978,0.0,0.000104,0.0,0.0,0.0,0.0,0.0,0.0,0.0,0.0,0.0,0.0,0.0,0.0,0.0,0.0,0.0,0.0,0.0,0.0,0.0,0.0,0.0,0.0,0.0,0.0,0.0,0.0,0.0,0.0,0.0,0.0,0.0,0.0,0.0,0.0,0.0,0.0,0.0,0.0,0.0,0.0,0.0,0.0,0.0,0.0,0.0,0.0,0.0,0.0,0.0,0.0,0.0,0.0,0.0,0.0,0.0,0.0,0.0,0.0,0.0,0.0,0.0,0.0,0.0,0.0,0.0,0.0,0.0,0.0,0.0,0.0,0.0,0.0,0.0,0.0,0.0,0.0,0.0,0.0,0.0,0.0,0.0,0.0,0.0,0.0,0.0,0.0,0.0,0.0,0.0,0.0,0.0,0.000964,0.0,0.0,0.0,0.0,0.000446,0.0,0.0,0.0,0.0,0.0,0.0,0.0,0.0,0.0,0.0,0.0,0.0,0.0,0.0,0.0,0.0,0.0,0.0,0.0,0.0,0.0,0.0,0.0,0.0,0.0,0.0,0.0,0.0,0.0,0.002037,0.0,0.0,0.0,0.0,0.0,0.0,0.003425,0.004587,0.0,0.0,0.0,0.0,0.0,0.0,0.0,0.0,0.0,0.0,0.0,0.0,0.0,0.0,0.0,0.0,0.0,0.0,0.0,0.0,0.0,0.0,0.0,0.0,0.0,0.0,0.0,0.0,0.0,0.0,0.0,0.0,0.0,0.0,0.0,0.0,0.0,0.0,0.0,0.0,0.0,0.0,0.0,0.0,0.0,0.0,0.0,0.0,8.8e-05,0.0,0.0,0.0,0.0,0.0
0520,0.0,0.0,0.0,0.0,0.0,0.0,0.0,0.0,0.0,0.0,0.0,0.0,0.0,0.0,0.0,0.0,0.0,0.0,0.0,0.0,0.0,0.0,0.0,0.0,0.0,0.0,0.0,0.0,0.0,0.0,0.0,0.0,0.0,0.0,0.0,0.0,0.0,0.0,0.0,1.0,0.0,0.0,0.0,0.0,0.002597,0.0,0.0,0.0,0.0,0.0,0.0,0.0,0.0,0.0,0.0,0.0,0.0,0.0,0.0,0.0,0.0,0.0,0.0,0.0,0.0,0.0,0.0,0.0,0.0,0.0,0.0,0.0,0.0,0.0,0.0,0.0,0.0,0.0,0.0,0.0,0.0,0.0,0.0,0.0,0.0,0.0,0.0,0.0,0.0,0.0,0.0,0.0,0.0,0.0,0.0,0.0,0.0,0.0,0.0,0.0,0.0,0.0,0.0,0.0,0.0,0.0,0.0,0.0,0.0,0.0,0.0,0.0,0.0,0.0,0.0,0.0,0.0,0.0,0.0,0.0,0.0,0.0,0.0,0.0,0.0,0.0,0.0,0.0,0.0,0.0,0.0,0.0,0.0,0.0,0.0,0.0,0.0,0.0,0.0,0.0,0.0,0.0,0.0,0.0,0.0,0.0,0.0,0.0,0.0,0.0,0.0,0.0,0.0,0.0,0.0,0.0,0.0,0.0,0.0,0.0,0.0,0.0,0.0,0.0,0.0,0.0,0.0,0.0,0.0,0.0,0.0,0.0,0.0,0.0,0.0,0.0,0.0,0.0,0.0,0.0,0.0,0.0,0.0,0.0,0.0,0.0,0.0,0.0,0.0,0.0,0.0,0.0,0.0,0.0,0.0,0.0,0.0,0.0,0.0,0.0,0.0,0.0,0.0,0.0,0.0,0.0,0.0,0.0,0.0,0.0,0.0,0.0,0.0,0.0,0.0,0.0,0.0,0.0,0.0,0.0,0.0,0.0,0.0,0.0,0.0,0.000189,0.000104,0.0,0.0,0.0,0.0,0.00047,0.0,0.0,0.002174,0.0,0.0,0.000357,0.0,0.0,0.0,0.0,0.0,0.0,0.0,0.0,0.0,0.0,0.0,0.0,0.0,0.0,0.0,0.0,0.0,9.9e-05,0.0,0.0,0.0,0.0,0.0,0.0,0.0,0.0,0.0,0.0,0.0,0.0,0.0,0.0,0.0,0.0,0.0,0.0,8.1e-05,0.0,0.0,0.0,0.0,0.0,0.0,0.0,0.0,0.0,0.0,0.0,0.0,0.0,0.0,0.0,0.0,0.0,0.0,0.0,0.0,0.0,0.0,0.0,0.0,0.0,0.0,0.0,0.0,0.0,0.0,0.0,0.0,0.0,0.0,0.0,0.0,0.0,0.0,0.0,0.0,0.0,0.0,0.0,0.0,0.0,0.0,0.0,0.0,0.0,0.0,0.0,0.0,0.0,0.0,0.0,0.0,0.0,0.0,0.0,0.0,0.0,0.0,0.0,0.0,0.0,0.0,0.0,0.0,0.0,0.0,0.0,0.0,0.0,0.0,0.0,0.0,0.0,0.0,0.0,0.0,0.0,0.0,0.0,0.0,0.0,0.0,0.0,0.0,0.0,0.0,0.0,0.0,0.0,0.0,0.0,0.0,0.0,0.0,0.0,0.0,0.0,0.0,0.0,0.0,0.0,0.0,0.0,0.0,0.0,0.0,0.0,0.0,0.0,0.0,0.0,0.0,0.0,0.0,0.0,0.0,0.0,0.0,0.0,0.0,0.0,0.0,0.0,0.0,0.0,0.0,0.0,0.0,0.0,0.0,0.0,8.8e-05,0.0,0.0,0.0,0.0,0.0
0610,0.0,0.0,0.0,0.0,0.0,0.0,0.0,0.0,0.0,0.0,0.0,0.0,0.0,0.0,0.0,0.0,0.0,0.0,0.0,0.0,0.0,0.0,0.0,0.0,0.0,0.0,0.0,0.0,0.0,0.0,0.0,0.0,0.0,0.0,0.0,0.0,0.0,0.0,0.0,0.0,1.0,0.2,0.0,0.0,0.002597,0.0,0.0,0.0,0.0,0.086957,0.021739,0.0,0.0,0.0,0.0,0.0,0.0,0.0,0.0,0.0,0.0,0.0,0.0,0.0,0.0,0.0,0.0,0.0,0.0,0.0,0.0,0.0,0.0,0.0,0.0,0.0,0.0,0.0,0.0,0.0,0.0,0.0,0.0,0.0,0.0,0.0,0.0,0.0,0.0,0.0,0.0,0.0,0.0,0.0,0.0,0.0,0.0,0.0,0.0,0.0,0.0,0.0,0.0,0.0,0.0,0.0,0.0,0.0,0.0,0.0,0.0,0.0,0.0,0.0,0.0,0.0,0.0,0.0,0.0,0.0,0.0,0.0,0.0,0.0,0.0,0.0,0.0,0.0,0.0,0.0,0.0,0.0,0.0,0.0,0.0,0.0,0.0,0.0,0.0,0.0,0.0,0.0,0.0,0.0,0.0,0.0,0.0,0.0,0.0,0.0,0.0,0.0,0.0,0.0,0.0,0.0,0.0,0.0,0.0,0.0,0.0,0.0,0.0,0.0,0.0,0.0,0.0,0.0,0.0,0.0,0.0,0.0,0.0,0.0,0.0,0.0,0.0,0.0,0.0,0.0,0.0,0.0,0.0,0.0,0.0,0.0,0.0,0.0,0.0,0.0,0.0,0.0,0.0,0.0,0.0,0.0,0.0,0.000498,0.0,0.0,0.0,0.0,0.005682,0.0,0.0,0.0,0.0,0.0,0.0,0.0,0.0,0.0,0.0,0.0,0.0,0.0,0.0,0.0,0.0,0.0,0.000825,0.0,0.0,0.0,0.0,0.0,0.0,0.0,0.0,0.0,0.0,0.0,0.0,0.0,0.0,0.0,0.0,0.0,0.0,0.0,0.0,0.0,0.0,0.0,0.0,0.0,0.0,0.0,0.0,0.0,0.0,0.0,0.0,0.0,0.0,4.9e-05,0.0,0.0,0.0,0.0,0.0,0.0,0.0,0.0,0.0,0.0,0.0,0.0,0.0,0.0,0.0,0.0,0.0,0.0,0.0,0.0,0.0,0.0,0.0,0.0,0.0,0.0,0.0,0.0,0.0,0.0,0.0,0.0,0.0,0.0,0.0,0.0,0.0,0.0,0.0,0.0,0.0,0.0,0.0,0.0,0.0,0.0,0.0,0.0,0.0,0.0,0.0,0.0,0.0,0.0,0.0,0.0,0.0,0.0,0.0,0.0,0.0,0.0,0.000964,0.0,0.0,0.0,0.0,0.0,0.000355,0.0,0.0,0.0,0.0,0.0,0.0,0.0,0.0,0.0,0.0,0.0,0.0,0.0,0.0,0.0,0.0,0.0,0.0,0.0,0.0,0.0,0.0,0.0,0.0,0.0,0.0,0.0,0.0,0.002037,0.0,0.0,0.0,0.0,0.0,0.0,0.0,0.0,0.0,0.0,0.0,0.0,0.0,0.0,0.0,0.0,0.0,0.0,0.0,0.0,0.0,0.0,0.0,0.0,0.0,0.0,0.0,0.0,0.0,0.0,0.0,0.0,0.0,0.0,0.0,0.0,0.0,0.0,0.0,0.0,0.0,0.0,0.0,0.0,0.0,0.0,0.0,0.0,0.0,0.0,0.0,0.0,0.0,0.0,0.0,0.0,8.8e-05,0.0,0.0,0.0,0.0,0.0
0620,0.0,0.0,0.0,0.0,0.0,0.0,0.0,0.0,0.0,0.00055,0.0,0.0,0.0,0.0,0.000623,0.0,0.0,0.0,0.0,0.0,0.0,0.0,0.0,0.0,0.0,0.0,0.0,0.0,0.0,0.0,0.0,0.0,0.0,0.0,0.0,0.0,0.0,0.0,0.0,0.0,0.2,1.0,0.0,0.0,0.0,0.0,0.0,0.0,0.0,0.028986,0.021739,0.0,0.0,0.0,0.0,0.0,0.0,0.0,0.0,0.016393,0.0,0.0,0.0,0.002381,0.0,0.0,0.0,0.0,0.0,0.0,0.0,0.0,0.0,0.0,0.0,0.0,0.0,0.0,0.0,0.0,0.0,0.0,0.0,0.0,0.0,0.0,0.0,0.0,0.0,0.0,0.0,0.0,0.0,0.0,0.0,0.034483,0.0,0.0,0.0,0.0,0.0,0.0,0.0,0.0,0.010309,0.0,0.0,0.0,0.0,0.0,0.0,0.0,0.0,0.0,0.0,0.0,0.0,0.0,0.0,0.0,0.0,0.026316,0.0,0.0,0.0,0.0,0.0,0.0,0.0,0.0,0.0,0.0,0.0,0.0,0.0,0.0,0.0,0.0,0.0,0.0,0.0,0.0,0.0,0.0,0.0,0.0,0.0,0.0,0.0,0.0,0.0,0.0,0.0,0.0,0.0,0.0,0.0,0.0,0.0,0.0,0.0,0.0,0.0,0.0,0.0,0.0,0.0,0.0,0.0,0.0,0.0,0.0,0.0,0.0,0.0,0.0,0.0,0.0,0.0,0.009615,0.0,0.0,0.0,0.0,0.0,0.0,0.011905,0.018182,0.010309,0.0,0.0,0.0,0.0,0.0,0.0,0.0,0.0,0.000498,0.0,0.0,0.0,0.0,0.0,0.0,0.0,0.0,0.0,0.001721,0.0,0.000529,0.0,0.0,0.0,0.0,0.000148,0.000428,0.000196,0.0,0.0,0.0,0.0,0.002874,0.0,0.0,0.000489,0.000378,0.0,0.0,0.000158,0.0,0.0,0.00047,0.0,0.0,0.0,0.0,0.0,0.0,0.000456,0.0,0.0,0.0,0.0,0.000218,0.0,0.0,0.009174,0.0,0.0,0.0,0.0,0.0,0.0,0.0,0.0,0.0,0.095238,0.0,0.0,0.0,0.0,0.02439,0.0,0.001508,0.0,0.0,0.0,0.0,0.0,0.0,0.0,0.0,0.0,0.04,8.1e-05,0.0,0.001961,0.0,0.0,0.0,0.0,0.0,0.0,0.0,0.0,0.0,0.0,0.0,0.0,0.0,0.0,0.0,0.001258,0.003115,0.0,0.0,0.006711,0.0,0.0,0.0,0.0,0.0,0.0,0.0,0.0,0.0,0.0,0.0,0.0,0.0,0.0,0.0,0.0,0.0,0.0,0.0,0.0,0.0,0.0,0.0,0.0,0.0,0.0,0.000446,0.000711,0.0,0.0,0.0,0.0,0.0,0.003012,0.0,0.0,0.0,0.0,0.0,0.0,0.002353,0.0,0.0,0.0,0.0,0.0,0.0,0.0,0.0,0.0,0.0,0.0,0.0,0.0,0.0,0.0,0.0,0.0,0.0,0.0,0.0,0.0,0.0,0.003425,0.0,0.0,0.0,0.0,0.0,0.0,0.0,0.0,0.0,0.0,0.0,0.0,0.000471,0.017241,0.002304,0.000325,0.0,0.0,0.0,0.0,0.0,0.0,0.0,0.001208,0.0,0.0,0.0,0.0,0.000929,0.0,0.0,0.0,0.0,0.0,0.0,0.0,0.0,0.0,0.0,0.0,0.0,0.0,0.0,0.0,0.0,0.0,0.0,0.0,0.0,8.8e-05,0.0,0.0,0.0,0.0,0.0
0710,0.0,0.0,0.0,0.0,0.0,0.0,0.0,0.0,0.0,0.00055,0.0,0.0,0.0,0.0,0.0,0.0,0.0,0.0,0.0,0.0,0.0,0.0,0.0,0.0,0.0,0.0,0.0,0.0,0.0,0.0,0.0,0.0,0.0,0.0,0.0,0.0,0.0,0.0,0.047619,0.0,0.0,0.0,1.0,0.047619,0.012987,0.0,0.0,0.0,0.0,0.0,0.021739,0.0,0.0,0.0,0.0,0.0,0.0,0.0,0.0,0.0,0.0,0.0,0.0,0.0,0.0,0.0,0.0,0.0,0.0,0.0,0.0,0.0,0.0,0.0,0.0,0.0,0.0,0.0,0.0,0.0,0.0,0.0,0.0,0.0,0.0,0.0,0.0,0.0,0.0,0.0,0.0,0.0,0.0,0.0,0.0,0.0,0.0,0.0,0.0,0.0,0.0,0.0,0.0,0.0,0.0,0.0,0.0,0.0,0.0,0.0,0.0,0.0,0.0,0.0,0.0,0.0,0.0,0.0,0.0,0.0,0.0,0.0,0.0,0.0,0.0,0.0,0.0,0.0,0.0,0.0,0.0,0.0,0.0,0.0,0.0,0.0,0.0,0.0,0.0,0.0,0.0,0.0,0.0,0.0,0.0,0.0,0.0,0.0,0.0,0.0,0.0,0.0,0.0,0.0,0.0,0.0,0.0,0.0,0.0,0.0,0.0,0.0,0.0,0.0,0.0,0.0,0.0,0.0,0.0,0.0,0.0,0.0,0.0,0.0,0.0,0.0,0.0,0.0,0.0,0.0,0.0,0.0,0.0,0.0,0.0,0.0,0.0,0.0,0.0,0.0,0.0,0.0,0.0,0.0,0.0,0.0,0.0,0.0,0.0,0.0,0.0,0.0,0.005682,0.0,0.0,0.0,0.0,0.0,0.0,0.000265,0.000296,0.0,0.0,0.0,0.0,0.0,0.0,0.0,0.0,0.0,0.000413,0.0,0.0,0.0,0.0,0.000189,0.000104,0.0,0.0,0.0,0.0,0.00047,0.0,0.0,0.0,0.0,0.0,0.0,0.0,0.0,0.0,0.0,0.0,0.000218,0.0,0.0,0.0,0.0,0.0,0.0,0.0,0.0,0.0,0.000183,0.0,9.9e-05,0.0,0.0,0.0,0.0,0.0,0.0,0.0,0.0,0.0,0.0,0.0,0.0,0.0,0.0,0.0,0.0,0.0,0.0,0.0,0.0,0.0,0.0,0.0,0.0,0.0,0.0,0.0,0.0,0.0,0.0,0.0,0.0,0.0,0.0,0.0,0.0,0.0,0.0,0.0,0.0,0.0,0.0,0.0,0.0,0.0,0.0,0.0,0.0,0.0,0.0,0.0,0.0,0.0,0.0,0.0,0.0,0.0,0.0,0.0,0.0,0.0,0.0,0.0,0.0,0.0,0.0,0.0,0.0,0.000355,0.0,0.0,0.0,0.0,0.0,0.0,0.0,0.000155,0.0,0.0,0.0,0.0,0.0,0.000372,0.0,0.0,0.0,0.0,0.0,0.0,0.0,0.0,0.0,0.0,0.0,0.0,0.0,0.0,0.0,0.0,0.0,0.0,0.0,0.0,0.0,0.0,0.0,0.0,0.0,0.0,0.0,0.0,0.0,0.0,0.0,0.0,0.0,0.0,0.0,0.0,0.0,0.0,0.0,0.0,0.0,0.0,0.0,0.0,0.0,0.0,0.0,0.0,0.0,0.0,0.0,0.0,0.003257,0.0,0.0,0.0,0.0,0.0,0.0,0.0,0.0,0.0,0.0,0.0,0.0,0.0,0.0,0.0,0.0,0.0,0.0,0.0,0.0,0.0,0.0,0.0,0.0
0721,0.0,0.0,0.0,0.0,0.0,0.0,0.0,0.0,0.0,0.0,0.0,0.0,0.0,0.0,0.0,0.0,0.0,0.0,0.0,0.0,0.0,0.0,0.0,0.0,0.0,0.0,0.0,0.0,0.0,0.0,0.0,0.0,0.0,0.0,0.0,0.0,0.0,0.0,0.0,0.0,0.0,0.0,0.047619,1.0,0.002597,0.0,0.0,0.0,0.0,0.0,0.0,0.0,0.0,0.0,0.0,0.0,0.0,0.0,0.0,0.0,0.0,0.0,0.0,0.0,0.0,0.0,0.0,0.0,0.0,0.0,0.0,0.0,0.0,0.0,0.0,0.0,0.0,0.0,0.0,0.0,0.0,0.0,0.0,0.0,0.0,0.0,0.0,0.0,0.0,0.0,0.0,0.0,0.0,0.0,0.0,0.0,0.0,0.0,0.0,0.0,0.0,0.0,0.0,0.0,0.0,0.0,0.0,0.0,0.0,0.0,0.0,0.0,0.0,0.0,0.0,0.0,0.0,0.0,0.0,0.0,0.0,0.0,0.0,0.0,0.0,0.0,0.0,0.0,0.0,0.0,0.0,0.0,0.0,0.0,0.0,0.0,0.0,0.0,0.0,0.0,0.0,0.0,0.0,0.0,0.0,0.0,0.0,0.0,0.0,0.0,0.0,0.0,0.0,0.0,0.0,0.0,0.0,0.0,0.0,0.0,0.0,0.0,0.0,0.0,0.0,0.0,0.0,0.0,0.0,0.0,0.0,0.0,0.0,0.0,0.0,0.0,0.0,0.0,0.0,0.0,0.0,0.0,0.0,0.0,0.0,0.0,0.0,0.0,0.0,0.0,0.0,0.0,0.0,0.0,0.0,0.0,0.0,0.0,0.0,0.0,0.0,0.0,0.0,0.0,0.0,0.0,0.0,0.0,0.0,0.0,0.0,0.0,0.0,0.0,0.0,0.0,0.0,0.0,0.0,0.0,0.0,0.0,0.0,0.0,0.0,0.0,0.0,0.0,0.0,0.0,0.0,0.0,0.0,0.0,0.0,0.0,0.0,0.0,0.0,0.0,0.0,0.0,0.0,0.0,0.0,0.0,0.0,0.0,0.0,0.0,0.0,0.0,0.0,0.0,0.0,0.0,0.0,0.0,0.0,0.0,0.0,0.0,0.0,0.0,0.0,0.0,0.0,0.0,0.0,0.0,0.0,0.0,0.0,0.0,0.0,0.0,0.0,0.0,0.0,0.0,0.0,0.0,0.0,0.0,0.0,0.0,0.0,0.0,0.0,0.0,0.0,0.0,0.0,0.0,0.0,0.0,0.0,0.0,0.0,0.0,0.0,0.0,0.0,0.0,0.0,0.0,0.0,0.0,0.0,0.0,0.0,0.0,0.0,0.0,0.0,0.0,0.0,0.0,0.0,0.0,0.0,0.0,0.0,0.000446,0.0,0.0,0.0,0.0,0.0,0.0,0.0,0.0,0.0,0.0,0.0,0.0,0.0,0.0,0.0,0.0,0.0,0.0,0.0,0.0,0.0,0.0,0.0,0.0,0.0,0.0,0.0,0.0,0.0,0.0,0.0,0.0,0.0,0.0,0.0,0.0,0.0,0.0,0.0,0.0,0.0,0.0,0.0,0.0,0.0,0.0,0.0,0.0,0.0,0.0,0.0,0.0,0.0,0.0,0.0,0.0,0.0,0.0,0.0,0.0,0.0,0.0,0.0,0.0,0.0,0.0,0.0,0.0,0.0,0.0,0.0,0.0,0.0,0.0,0.0,0.0,0.0,0.0,0.0,0.0,0.0,0.0,0.0,0.0,0.0,0.0,0.0,0.0,0.0,0.0,0.0,0.0
0729,0.0,0.001043,0.002551,0.0,0.0,0.0,0.0,0.0,0.0,0.0033,0.002597,0.0,0.002597,0.001605,0.003117,0.0,0.0,0.0,0.010761,0.002597,0.0,0.006279,0.0,0.002597,0.001845,0.0,0.0,0.0,0.0,0.0,0.005195,0.0,0.0,0.0,0.0,0.0,0.007126,0.002597,0.005195,0.002597,0.002597,0.0,0.012987,0.002597,1.0,0.020779,0.0,0.0,0.007792,0.0,0.031169,0.0,0.0,0.0,0.0,0.001931,0.0,0.0,0.0013,0.0,0.0,0.0,0.0,0.0,0.002597,0.0,0.0,0.0,0.0,0.0,0.0,0.002597,0.0,0.0,0.0,0.0,0.0,0.0,0.000401,0.0,0.0,0.0,0.0,0.002597,0.0,0.0,0.002597,0.0,0.0,0.0,0.0,0.0,0.0,0.0,0.0,0.0,0.0,0.0,0.002597,0.0,0.0,0.002597,0.0,0.0,0.0,0.0,0.0,0.0,0.0,0.0,0.0,0.0,0.0,0.0,0.0,0.0,0.0,0.01039,0.0,0.0,0.003058,0.0,0.0,0.0,0.0,0.005195,0.0,0.0,0.0,0.0,0.0,0.0,0.0,0.0,0.0,0.0,0.0,0.0,0.0,0.0,0.0,0.0,0.0,0.0,0.0,0.0,0.0,0.0,0.0,0.0,0.0,0.0,0.0,0.0,0.0,0.0,0.0,0.0,0.0,0.0,0.0,0.0,0.0,0.0,0.0,0.0,0.0,0.0,0.0,0.0,0.0,0.0,0.005195,0.0,0.0,0.0,0.0,0.0,0.0,0.0,0.001664,0.0,0.0,0.0,0.0,0.0,0.0,0.0,0.0,0.0,0.0,0.002597,0.0,0.0,0.0,0.002597,0.0,0.002988,0.006369,0.001946,0.002597,0.0,0.012987,0.001182,0.0,0.0,0.0,0.012048,0.0,0.001323,0.000889,0.001965,0.001,0.000422,0.000741,0.000856,0.00098,0.0,0.0,0.002597,0.002889,0.007792,0.098701,0.00229,0.004401,0.000755,0.000414,0.0,0.000158,0.000867,0.0,0.002351,0.001104,0.001504,0.0,0.002809,0.0,0.001071,0.000456,0.0,0.0,0.0,0.000171,0.0,0.000722,0.0,0.0,0.0,0.002597,0.0,0.001347,0.0,0.0,0.002198,0.001796,0.005144,0.0,0.0,0.002597,0.0,0.0,0.0,0.002597,0.004525,0.003953,0.0,0.0,0.0,0.0,0.001718,0.0,0.002201,0.0,0.0,0.000969,0.002255,0.0,0.000598,0.0,0.0,0.0,0.0,0.0,0.0,0.0,0.0,0.0,0.0,0.0,0.0,0.002597,0.0,0.001258,0.0,0.0,0.002597,0.0,0.0,0.0,0.0,0.0,0.0,0.0,0.0,0.0,0.0,0.0,0.0,0.0,0.0,0.0,0.0,0.0,0.0,0.0,0.0,0.0,0.0,0.002893,0.003362,0.000776,0.000735,0.000794,0.001338,0.005686,0.002597,0.002597,0.0,0.0,0.0,0.0,0.002597,0.000932,0.0,0.0,0.002597,0.0,0.0,0.020484,0.0,0.0,0.0,0.0,0.0,0.0,0.0,0.0,0.0,0.0,0.0,0.0,0.0,0.0,0.002037,0.0,0.0,0.00082,0.0,0.0,0.0,0.0,0.0,0.020779,0.0,0.0,0.0,0.0,0.0,0.0,0.0,0.0,0.0,0.0,0.0,0.0,0.0,0.000325,0.0,0.0,0.0,0.0,0.0,0.0,0.0,0.0,0.0,0.0,0.0,0.0,0.0,0.0,0.0,0.002597,0.002994,0.0,0.0,0.0,0.0,0.0,0.0,0.00129,0.0,0.0,0.0,0.0,0.0,0.002597,0.001767,0.000428,0.0,0.001149,0.0,0.0,0.0,0.0,0.0
0810,0.0,0.0,0.0,0.0,0.0,0.0,0.0,0.0,0.0,0.00055,0.004149,0.0,0.0,0.0,0.0,0.0,0.004149,0.008299,0.002226,0.0,0.0,0.0,0.0,0.0,0.0,0.0,0.0,0.0,0.0,0.0,0.004149,0.0,0.0,0.0,0.0,0.0,0.000792,0.0,0.0,0.0,0.0,0.0,0.0,0.0,0.020779,1.0,0.004149,0.004149,0.004149,0.0,0.0,0.002481,0.0,0.0,0.0,0.001931,0.0,0.0,0.00065,0.0,0.0,0.0,0.0,0.0,0.0,0.0,0.0,0.004149,0.002525,0.0,0.0,0.0,0.0,0.0,0.003195,0.0,0.0,0.0,0.0,0.0,0.0,0.0,0.0,0.0,0.0,0.0,0.0,0.0,0.0,0.0,0.0,0.0,0.0,0.001629,0.0,0.0,0.0,0.0,0.0,0.004149,0.0,0.0,0.0,0.0,0.0,0.0,0.0,0.0,0.0,0.008299,0.0,0.0,0.004149,0.028754,0.0,0.008299,0.0,0.004149,0.0,0.0,0.0,0.0,0.0,0.0,0.0,0.0,0.0,0.0,0.0,0.0,0.0,0.0,0.0,0.0,0.0,0.0,0.0,0.0,0.0,0.0,0.0,0.0,0.0,0.004149,0.0,0.0,0.004149,0.0,0.0,0.0,0.0,0.0,0.0,0.0,0.0,0.0,0.004149,0.0,0.0,0.0,0.0,0.0,0.0,0.0,0.0,0.0,0.0,0.0,0.0,0.0,0.0,0.0,0.0,0.0,0.0,0.0,0.0,0.0,0.0,0.0,0.001664,0.0,0.0,0.0,0.0,0.0,0.0,0.0,0.0,0.004149,0.0,0.0,0.004149,0.004149,0.0,0.0,0.0,0.00498,0.016985,0.003891,0.0,0.0,0.012448,0.0,0.0,0.0,0.0,0.012048,0.003101,0.001058,0.000593,0.0,0.0,0.000845,0.0,0.0,0.000588,0.0,0.001919,0.0,0.002889,0.005747,0.012448,0.006107,0.002445,0.00151,0.000414,0.0,0.000315,0.000578,0.0,0.00141,0.0,0.0,0.0,0.003511,0.0,0.000714,0.000912,0.0,0.0,0.0,0.0,0.000218,0.000722,0.0,0.0,0.0,0.0,0.0,0.001077,0.0,0.0,0.000916,0.000431,0.004748,0.0,0.0,0.0,0.004149,0.0,0.0,0.0,0.001508,0.001976,0.0,0.0,0.004149,0.000944,0.0,0.0,0.000734,0.0,0.0,0.000485,0.0,0.0,0.0,0.0,0.0,0.0,0.0,0.0,0.0,0.0,0.0,0.0,0.0,0.0,0.0,0.003521,0.0,0.0,0.0,0.0,0.0,0.0,0.0,0.0,0.0,0.0,0.0,0.0,0.0,0.0,0.0,0.0,0.0,0.0,0.0,0.0,0.0,0.0,0.0,0.0,0.0,0.0,0.004149,0.007715,0.001642,0.0,0.0,0.000794,0.000446,0.007818,0.0,0.0,0.0,0.000702,0.0,0.0,0.0,0.001087,0.0,0.0,0.0,0.0,0.0,0.011546,0.0,0.0,0.0,0.0,0.0,0.0,0.0,0.0,0.0,0.0,0.0,0.0,0.0,0.012448,0.0,0.0,0.0,0.00082,0.0,0.0,0.0,0.013699,0.008299,0.008299,0.0,0.0,0.0,0.004149,0.001587,0.0,0.0,0.000749,0.0,0.0,0.0,0.0,0.0,0.000325,0.0,0.0,0.0,0.0,0.004149,0.0,0.0,0.001208,0.008299,0.0,0.0,0.0,0.000929,0.0,0.0,0.004149,0.0,0.0,0.0,0.0,0.0,0.0,0.0,0.0,0.0,0.0,0.0,0.0,0.0,0.004149,0.0,0.0,0.008299,0.000619,0.0,0.0,0.0,0.0,0.0
0891,0.0,0.0,0.0,0.0,0.0,0.0,0.0,0.0,0.0,0.0,0.0,0.0,0.0,0.0,0.0,0.0,0.0,0.0,0.0,0.0,0.0,0.0,0.0,0.0,0.0,0.0,0.0,0.0,0.0,0.0,0.0,0.0,0.0,0.0,0.0,0.0,0.0,0.0,0.0,0.0,0.0,0.0,0.0,0.0,0.0,0.004149,1.0,0.0,0.05,0.0,0.0,0.0,0.0,0.0,0.0,0.0,0.0,0.0,0.0,0.0,0.0,0.0,0.0,0.0,0.0,0.0,0.0,0.0,0.0,0.0,0.0,0.0,0.0,0.0,0.0,0.0,0.0,0.0,0.0,0.0,0.0,0.0,0.0,0.0,0.0,0.0,0.0,0.0,0.0,0.0,0.0,0.0,0.0,0.0,0.0,0.0,0.0,0.0,0.0,0.0,0.0,0.0,0.0,0.0,0.0,0.0,0.0,0.0,0.0,0.0,0.0,0.0,0.052632,0.0,0.0,0.0,0.0,0.0,0.0,0.0,0.0,0.0,0.0,0.0,0.0,0.0,0.0,0.0,0.0,0.0,0.0,0.0,0.0,0.0,0.0,0.0,0.0,0.0,0.0,0.0,0.0,0.0,0.0,0.0,0.0,0.0,0.0,0.0,0.0,0.0,0.0,0.0,0.0,0.0,0.0,0.0,0.0,0.0,0.0,0.0,0.0,0.0,0.0,0.0,0.0,0.0,0.0,0.0,0.0,0.0,0.0,0.0,0.0,0.0,0.0,0.0,0.0,0.0,0.0,0.0,0.0,0.0,0.0,0.0,0.0,0.0,0.0,0.0,0.0,0.0,0.0,0.0,0.0,0.0,0.0,0.0,0.0,0.0,0.0,0.0,0.0,0.0,0.0,0.0,0.0,0.0,0.0,0.0,0.0,0.0,0.0,0.0,0.0,0.0,0.0,0.0,0.0,0.0,0.0,0.0,0.0,0.0,0.0,0.0,0.0,0.0,0.0,0.0,0.0,0.0,0.0,0.00047,0.0,0.0,0.0,0.0,0.0,0.0,0.0,0.0,0.0,0.0,0.0,0.0,0.000241,0.0,0.0,0.0,0.0,0.0,0.0,0.0,0.0,0.0,7.2e-05,0.000297,0.0,0.0,0.0,0.0,0.0,0.0,0.0,0.0,0.0,0.0,0.0,0.0,0.0,0.0,0.0,0.0,0.0,0.0,0.0,0.0,0.0,0.0,0.0,0.0,0.0,0.0,0.0,0.0,0.0,0.0,0.0,0.0,0.0,0.0,0.0,0.0,0.0,0.0,0.0,0.0,0.0,0.0,0.0,0.0,0.0,0.0,0.0,0.0,0.0,0.0,0.0,0.0,0.0,0.0,0.0,0.0,0.0,0.0,0.0,0.0,0.0,0.0,0.000964,0.000156,0.0,0.0,0.0,0.0,0.000355,0.0,0.0,0.0,0.000702,0.0,0.0,0.0,0.0,0.0,0.0,0.0,0.0,0.0,0.000745,0.0,0.0,0.0,0.0,0.0,0.0,0.0,0.0,0.0,0.0,0.0,0.0,0.0,0.0,0.0,0.0,0.0,0.0,0.0,0.0,0.0,0.0,0.0,0.0,0.0,0.0,0.0,0.0,0.0,0.0,0.0,0.0,0.0,0.0,0.0,0.0,0.0,0.0,0.0,0.0,0.0,0.0,0.0,0.0,0.0,0.0,0.0,0.0,0.0,0.0,0.0,0.0,0.0,0.0,0.0,0.0,0.0,0.0,0.0,0.0,0.0,0.0,0.0,0.0,0.0,0.0,0.0,0.0,0.0,0.0,0.0,8.8e-05,0.0,0.0,0.0,0.0,0.0
0893,0.0,0.0,0.0,0.0,0.0,0.0,0.0,0.0,0.0,0.0,0.0,0.0,0.0,0.0,0.0,0.0,0.0,0.0,0.000371,0.0,0.0,0.0,0.0,0.0,0.0,0.0,0.0,0.0,0.0,0.0,0.0,0.0,0.0,0.0,0.0,0.0,0.0,0.0,0.0,0.0,0.0,0.0,0.0,0.0,0.0,0.004149,0.0,1.0,0.0,0.0,0.0,0.0,0.0,0.0,0.0,0.0,0.0,0.0,0.0,0.0,0.0,0.0,0.0,0.002381,0.0,0.0,0.0,0.0,0.0,0.0,0.0,0.0,0.0,0.0,0.0,0.0,0.0,0.0,0.0,0.0,0.0,0.0,0.0,0.0,0.0,0.0,0.0,0.0,0.0,0.0,0.0,0.0,0.0,0.0,0.0,0.0,0.0,0.0,0.0,0.0,0.0,0.0,0.0,0.0,0.0,0.0,0.0,0.0,0.0,0.0,0.0,0.0,0.0,0.0,0.0,0.0,0.0,0.0,0.0,0.0,0.0,0.0,0.0,0.0,0.0,0.0,0.0,0.0,0.0,0.0,0.0,0.0,0.0,0.0,0.0,0.0,0.0,0.0,0.0,0.0,0.0,0.0,0.0,0.0,0.0,0.0,0.0,0.0,0.0,0.0,0.0,0.0,0.0,0.0,0.0,0.0,0.0,0.0,0.0,0.0,0.0,0.0,0.0,0.0,0.0,0.0,0.0,0.0,0.0,0.0,0.0,0.0,0.0,0.0,0.0,0.0,0.0,0.0,0.0,0.0,0.0,0.0,0.0,0.0,0.0,0.0,0.0,0.0,0.0,0.0,0.0,0.0,0.0,0.0,0.0,0.0,0.0,0.0,0.0,0.0,0.0,0.0,0.0,0.0,0.0,0.0,0.0,0.0,0.0,0.0,0.0,0.0,0.0,0.0,0.0,0.0,0.0,0.0,0.0,0.0,0.0,0.0,0.0,0.000509,0.0,0.0,0.0,0.0,0.0,0.0,0.0,0.0,0.0,0.001504,0.0,0.0,0.0,0.000357,0.0,0.0,0.0,0.0,0.0,0.0,0.000241,0.0,0.0,0.0,0.0,0.0,0.0,0.0,0.0,0.0,0.000144,0.000198,0.0,0.0,0.0,0.0,0.0,0.0,0.0,0.0,0.0,0.0,0.0,0.0,0.0,0.0,0.0,0.0,0.0,0.0,0.0,0.0,0.0,0.0,0.0,0.0,0.0,0.0,0.0,0.0,0.0,0.0,0.0,0.0,0.0,0.0,0.0,0.0,0.0,0.0,0.0,0.0,0.0,0.0,0.0,0.0,0.0,0.0,0.0,0.0,0.0,0.0,0.0,0.0,0.0,0.0,0.0,0.0,0.0,0.0,0.0,0.0,0.0,0.0,0.0,0.0,0.0,0.0,0.0,0.0,0.0,0.0,0.0,0.0,0.0,0.0,0.0,0.0,0.0,0.0,0.0,0.0,0.0,0.0,0.0,0.0,0.0,0.0,0.0,0.0,0.0,0.0,0.0,0.0,0.0,0.0,0.0,0.0,0.0,0.0,0.0,0.0,0.0,0.0,0.0,0.0,0.0,0.0,0.0,0.0,0.0,0.0,0.0,0.0,0.0,0.0,0.0,0.0,0.0,0.0,0.0,0.0,0.0,0.0,0.0,0.0,0.0,0.0,0.0,0.0,0.0,0.0,0.0,0.0,0.0,0.0,0.0,0.0,0.0,0.0,0.0,0.0,0.0,0.0,0.0,0.0,0.0,0.0,0.0,0.0,0.0,0.0,0.0,0.0,0.0,0.0,0.0,0.0,0.0,0.0,0.0,0.0
0899,0.0,0.001043,0.0,0.0,0.0,0.0,0.0,0.0,0.0,0.0,0.0,0.0,0.0,0.0,0.000623,0.0,0.0,0.0,0.0,0.0,0.0,0.0,0.0,0.0,0.0,0.0,0.0,0.0,0.0,0.0,0.0,0.0,0.0,0.0,0.0,0.0,0.0,0.0,0.0,0.0,0.0,0.0,0.0,0.0,0.007792,0.004149,0.05,0.0,1.0,0.0,0.021739,0.0,0.0,0.0,0.0,0.0,0.0,0.0,0.0,0.0,0.0,0.0,0.0,0.0,0.0,0.0,0.0,0.0,0.0,0.0,0.0,0.0,0.0,0.0,0.0,0.0,0.0,0.0,0.0,0.0,0.0,0.0,0.0,0.0,0.0,0.0,0.0,0.0,0.0,0.0,0.0,0.0,0.0,0.0,0.0,0.0,0.0,0.0,0.0,0.0,0.0,0.0,0.010753,0.0,0.0,0.0,0.0,0.0,0.0,0.0,0.015625,0.0,0.0,0.0,0.0,0.054054,0.0,0.0,0.0,0.0,0.0,0.0,0.0,0.0,0.0,0.0,0.0,0.0,0.0,0.0,0.0,0.0,0.0,0.0,0.0,0.0,0.0,0.0,0.0,0.0,0.0,0.0,0.0,0.0,0.0,0.0,0.0,0.0,0.0,0.0,0.0,0.0,0.0,0.0,0.0,0.0,0.0,0.0,0.0,0.0,0.0,0.0,0.0,0.0,0.0,0.0,0.0,0.0,0.0,0.0,0.0,0.0,0.0,0.0,0.0,0.0,0.0,0.0,0.0,0.0,0.0,0.0,0.0,0.0,0.0,0.0,0.0,0.0,0.0,0.0,0.0,0.0,0.0,0.0,0.0,0.0,0.0,0.000996,0.004246,0.0,0.0,0.0,0.0,0.0,0.0,0.0,0.0,0.0,0.0,0.0,0.0,0.0,0.0,0.0,0.0,0.0,0.0,0.0,0.0,0.0,0.0,0.0,0.004484,0.000509,0.000489,0.0,0.0,0.0,0.0,0.0,0.0,0.0,0.0,0.0,0.0,0.000234,0.0,0.0,0.0,0.0,0.0,0.0,0.0,0.0,0.0,0.0,0.0,0.0,0.0,0.0,0.0,0.0,0.0,0.0,0.0,0.000148,0.0,0.0,0.0,0.0,0.0,0.0,0.0,0.0,0.0,0.0,0.0,0.0,0.0,0.0,0.0,0.0,0.0,0.0,0.0,0.0,0.0,0.0,0.0,0.0,0.0,0.0,0.0,0.0,0.0,0.0,0.0,0.0,0.0,0.0,0.0,0.0,0.0,0.0,0.0,0.0,0.0,0.0,0.0,0.0,0.0,0.0,0.0,0.0,0.0,0.0,0.0,0.0,0.0,0.0,0.0,0.0,0.0,0.0,0.0,0.0,0.0,0.0,0.0,0.000156,0.0,0.0,0.0,0.000446,0.001777,0.0,0.0,0.0,0.0,0.0,0.0,0.0,0.000155,0.0,0.0,0.0,0.0,0.0,0.0,0.0,0.0,0.0,0.0,0.0,0.0,0.0,0.0,0.0,0.0,0.0,0.0,0.0,0.0,0.0,0.004454,0.0,0.0,0.0,0.0,0.0,0.006849,0.0,0.007692,0.0,0.0,0.0,0.0,0.0,0.0,0.0,0.0,0.0,0.0,0.0,0.0,0.0,0.0,0.0,0.0,0.0,0.0,0.0,0.0,0.0,0.0,0.0,0.0,0.0,0.0,0.0,0.0,0.0,0.0,0.0,0.0,0.0,0.0,0.0,0.0,0.0,0.0,0.0,0.0,0.0,0.0,0.0,0.0,0.0,0.0,0.0,0.000177,0.0,0.0,0.0,0.0,0.0
0910,0.0,0.0,0.0,0.0,0.0,0.0,0.0,0.0,0.0,0.0,0.0,0.0,0.0,0.0,0.0,0.0,0.0,0.0,0.000371,0.0,0.0,0.0,0.0,0.0,0.0,0.0,0.014493,0.0,0.0,0.0,0.0,0.0,0.0,0.0,0.0,0.0,0.0,0.0,0.014493,0.0,0.086957,0.028986,0.0,0.0,0.0,0.0,0.0,0.0,0.0,1.0,0.072464,0.0,0.0,0.0,0.0,0.0,0.0,0.0,0.0,0.0,0.0,0.0,0.0,0.0,0.0,0.0,0.0,0.0,0.0,0.0,0.0,0.0,0.0,0.0,0.0,0.0,0.0,0.0,0.0,0.0,0.0,0.0,0.0,0.0,0.0,0.0,0.0,0.0,0.0,0.014493,0.0,0.0,0.0,0.001629,0.0,0.0,0.0,0.0,0.0,0.0,0.0,0.0,0.0,0.0,0.0,0.0,0.0,0.0,0.0,0.0,0.0,0.0,0.0,0.0,0.0,0.0,0.0,0.0,0.0,0.0,0.0,0.0,0.0,0.0,0.0,0.005208,0.0,0.0,0.0,0.0,0.0,0.0,0.0,0.0,0.0,0.0,0.0,0.0,0.0,0.0,0.0,0.0,0.0,0.0,0.0,0.0,0.0,0.0,0.0,0.0,0.0,0.0,0.0,0.0,0.0,0.0,0.0,0.0,0.0,0.0,0.0,0.0,0.0,0.0,0.0,0.0,0.0,0.0,0.014493,0.0,0.0,0.0,0.0,0.0,0.0,0.0,0.0,0.0,0.0,0.0,0.008319,0.0,0.0,0.0,0.0,0.0,0.0,0.009091,0.0,0.0,0.0,0.0,0.014493,0.0,0.0,0.0,0.0,0.000498,0.002123,0.001946,0.0,0.0,0.011364,0.001182,0.0,0.0,0.001701,0.001721,0.0,0.0,0.0,0.0,0.001,0.0,0.0,0.0,0.0,0.0,0.0,0.0,0.002889,0.005747,0.0,0.000254,0.001467,0.000944,0.0,0.0,0.0,0.0,0.0,0.00047,0.0,0.0,0.0,0.0,0.0,0.001071,0.0,0.0,0.003891,0.0,0.0,0.0,0.0,0.0,0.0,0.0,0.0,0.0,0.0,0.0,0.0,0.0,0.0,0.000148,0.028986,0.0,0.0,0.0,0.0,0.0,0.0,0.004525,0.005929,0.0,0.0,0.0,0.0,0.0,0.0,0.0,0.0,0.0,8.1e-05,0.0,0.0,0.0,0.0,0.0,0.0,0.0,0.0,0.0,0.0,0.0,0.0,0.0,0.0,0.0,0.0,0.0,0.0,0.0,0.0,0.0,0.0,0.0,0.0,0.0,0.0,0.0,0.0,0.0,0.0,0.0,0.0,0.0,0.0,0.0,0.0,0.0,0.0,0.0,0.0,0.0,0.0,0.0,0.000964,0.000235,0.0,0.0,0.000794,0.001784,0.003198,0.022727,0.00625,0.007519,0.0,0.0,0.0,0.005291,0.000621,0.0,0.00625,0.0,0.0,0.0,0.000745,0.0,0.0,0.0,0.0,0.0,0.0,0.0,0.0,0.0,0.0,0.0,0.0,0.0,0.0,0.002037,0.0,0.0,0.00082,0.0,0.0,0.0,0.003425,0.004587,0.015385,0.0,0.0,0.0,0.0,0.0,0.002941,0.008065,0.000749,0.0,0.0,0.0,0.0,0.002304,0.000325,0.001062,0.014493,0.0,0.0,0.0,0.0,0.00339,0.0,0.0,0.0,0.0,0.0,0.0,0.0,0.0,0.0,0.001497,0.0,0.0,0.0,0.0,0.0,0.0,0.0,0.0,0.0,0.0,0.0,0.0,0.0,0.0,0.0,0.0,0.000265,0.0,0.0,0.0,0.0,0.0
0990,0.0,0.0,0.0,0.0,0.0,0.0,0.0,0.0,0.0,0.0,0.0,0.0,0.003831,0.0,0.0,0.0,0.0,0.0,0.000371,0.0,0.0,0.00157,0.0,0.0,0.0,0.0,0.0,0.0,0.0,0.0,0.005348,0.0,0.0,0.0,0.0,0.0,0.000792,0.0,0.0,0.0,0.021739,0.021739,0.021739,0.0,0.031169,0.0,0.0,0.0,0.021739,0.072464,1.0,0.0,0.0,0.0,0.0,0.0,0.0,0.0,0.0,0.0,0.0,0.0,0.0,0.0,0.0,0.0,0.0,0.0,0.0,0.0,0.0,0.0,0.0,0.0,0.0,0.0,0.0,0.0,0.0,0.0,0.0,0.0,0.0,0.0,0.0,0.0,0.0,0.0,0.0,0.0,0.0,0.0,0.0,0.0,0.0,0.0,0.0,0.0,0.0,0.0,0.0,0.0,0.0,0.0,0.0,0.0,0.0,0.0,0.0,0.0,0.0,0.0,0.0,0.0,0.0,0.0,0.0,0.0,0.0,0.0,0.001529,0.0,0.0,0.0,0.0,0.0,0.0,0.0,0.0,0.0,0.0,0.0,0.0,0.0,0.0,0.0,0.0,0.0,0.0,0.0,0.0,0.0,0.0,0.0,0.0,0.0,0.0,0.0,0.0,0.0,0.0,0.0,0.0,0.0,0.0,0.0,0.0,0.0,0.0,0.0,0.0,0.0,0.0,0.0,0.0,0.0,0.0,0.0,0.0,0.0,0.0,0.0,0.0,0.0,0.0,0.0,0.0,0.0,0.0,0.0,0.0,0.0,0.0,0.0,0.0,0.0,0.0,0.009091,0.0,0.0,0.0,0.0,0.0,0.0,0.0,0.0,0.0,0.000996,0.004246,0.0,0.0,0.0,0.011364,0.0,0.0,0.0,0.0,0.0,0.0,0.0,0.000296,0.0,0.0,0.0,0.0,0.0,0.000196,0.0,0.0,0.0,0.000413,0.0,0.004484,0.000254,0.000978,0.0,0.000311,0.0,0.0,0.0,0.0,0.00047,0.0,0.0,0.0,0.0,0.0,0.000357,0.0,0.0,0.0,0.0,0.0,0.0,0.0,0.0,0.0,0.0,0.0,0.0,0.0,0.0,0.0,0.0,7.2e-05,0.000346,0.0,0.0,0.0,0.0,0.0,0.0,0.0,0.001508,0.0,0.0,0.0,0.0,0.0,0.0,0.0,0.000367,0.0,0.0,0.0,0.0,0.0,0.0,0.0,0.0,0.0,0.0,0.0,0.0,0.0,0.0,0.0,0.0,0.0,0.0,0.0,0.0,0.0,0.0,0.0,0.0,0.0,0.0,0.0,0.0,0.0,0.0,0.0,0.0,0.0,0.0,0.0,0.0,0.0,0.0,0.0,0.0,0.0,0.0,0.0,0.0,0.0,0.0,0.0,0.0,0.0,0.0,0.0,0.0,0.001066,0.0,0.0,0.0,0.0,0.0,0.0,0.0,0.0,0.0,0.0,0.0,0.0,0.0,0.0,0.0,0.0,0.0,0.0,0.0,0.0,0.002809,0.0,0.0,0.0,0.0,0.0,0.0,0.0,0.0,0.002227,0.0,0.0,0.0,0.0,0.0,0.0,0.0,0.007692,0.0,0.0,0.0,0.0,0.0,0.0,0.0,0.0,0.0,0.0,0.0,0.0,0.0,0.0,0.0,0.0,0.0,0.0,0.0,0.0,0.0,0.0,0.0,0.0,0.0,0.0,0.0,0.0,0.0,0.0,0.001497,0.0,0.0,0.0,0.0,0.0,0.0,0.0,0.0,0.0,0.0,0.0,0.0,0.0,0.0,0.0,0.0,8.8e-05,0.0,0.0,0.0,0.0,0.0
1010,0.0,0.002086,0.0,0.0,0.0,0.0,0.0,0.002481,0.0,0.0011,0.0,0.0,0.004963,0.001605,0.00187,0.0,0.0,0.007444,0.004082,0.0,0.0,0.010989,0.046512,0.002481,0.00369,0.0,0.004963,0.002481,0.002481,0.0,0.0,0.002481,0.0,0.0,0.0,0.0,0.000792,0.0,0.0,0.0,0.0,0.0,0.0,0.0,0.0,0.002481,0.0,0.0,0.0,0.0,0.0,1.0,0.004963,0.007126,0.0,0.005792,0.0,0.0,0.0,0.0,0.0,0.002481,0.002481,0.009524,0.009926,0.0,0.0,0.002481,0.002481,0.0,0.002481,0.0,0.0,0.0,0.0,0.0,0.0,0.0,0.000401,0.0,0.0,0.0,0.0,0.0,0.002481,0.0,0.0,0.0,0.0,0.0,0.0,0.0,0.0,0.0,0.0,0.0,0.0,0.004963,0.0,0.0,0.0,0.002481,0.0,0.0,0.0,0.0,0.0,0.0,0.0,0.0,0.0,0.0,0.0,0.0,0.0,0.0,0.0,0.0,0.0,0.0,0.0,0.0,0.0,0.0,0.0,0.0,0.0,0.0,0.0,0.0,0.0,0.0,0.0,0.0,0.0,0.0,0.0,0.0,0.0,0.0,0.0,0.0,0.0,0.0,0.0,0.0,0.0,0.0,0.0,0.0,0.0,0.0,0.0,0.0,0.0,0.0,0.0,0.0,0.0,0.0,0.0,0.0,0.0,0.0,0.002481,0.0,0.0,0.0,0.0,0.0,0.0,0.0,0.002481,0.0,0.0,0.0,0.0,0.0,0.0,0.0,0.0,0.0,0.0,0.0,0.0,0.0,0.0,0.0,0.0,0.012407,0.004963,0.004963,0.0,0.004963,0.0,0.0,0.0,0.000996,0.002123,0.0,0.0,0.0,0.002481,0.001182,0.0,0.0,0.0,0.003442,0.0,0.000794,0.000889,0.0,0.0,0.005912,0.010079,0.000428,0.001372,0.0,0.0,0.002481,0.000413,0.0,0.0,0.001018,0.002445,0.001322,0.004141,0.0,0.018609,0.002023,0.0,0.00141,0.0,0.0,0.002174,0.000468,0.0,0.001428,0.000912,0.0,0.0,0.0,0.000514,0.000655,0.002406,0.0,0.002481,0.0,0.0,0.0,0.000808,0.0,0.0,0.001099,0.001149,0.002275,0.0,0.0,0.0,0.0,0.0,0.0,0.0,0.007541,0.005929,0.0,0.0,0.0,0.001889,0.0,0.0,0.001101,0.0,0.0,0.002262,0.003382,0.0,0.001794,0.0,0.0,0.0,0.0,0.0,0.0,0.0,0.0,0.0,0.0,0.0,0.002481,0.002481,0.0,0.001258,0.0,0.0,0.0,0.002481,0.0,0.0,0.0,0.0,0.0,0.0,0.0,0.0,0.0,0.0,0.0,0.0,0.0,0.0,0.0,0.0,0.0,0.0,0.0,0.0,0.0,0.009643,0.002267,0.003106,0.001103,0.002381,0.00223,0.000711,0.002481,0.002481,0.0,0.001404,0.002481,0.0,0.0,0.001243,0.009926,0.0,0.0,0.0,0.0,0.001117,0.0,0.0,0.0,0.0,0.0,0.002481,0.0,0.0,0.0,0.0,0.0,0.002451,0.0,0.004963,0.002037,0.0,0.0,0.0,0.0,0.0,0.002481,0.042184,0.034739,0.012407,0.0,0.0,0.0,0.002481,0.004762,0.0,0.0,0.000749,0.0,0.0,0.001412,0.0,0.004608,0.000975,0.000531,0.0,0.002481,0.0,0.012407,0.009926,0.01737,0.0,0.01737,0.0,0.0,0.0,0.002788,0.0,0.0,0.002481,0.005988,0.002481,0.0,0.002481,0.0,0.0,0.004963,0.0,0.0,0.0,0.0,0.0,0.0,0.0,0.001767,0.000428,0.007444,0.00106,0.0,0.0,0.0,0.0,0.0
1020,0.0,0.001043,0.002551,0.0,0.0,0.0,0.0,0.0,0.0,0.0,0.0,0.0,0.0,0.001605,0.0,0.005882,0.0,0.0,0.000742,0.0,0.0,0.0,0.001661,0.0,0.0,0.0,0.0,0.0,0.0,0.0,0.0,0.0,0.0,0.0,0.092251,0.0,0.017419,0.017647,0.0,0.0,0.0,0.0,0.0,0.0,0.0,0.0,0.0,0.0,0.0,0.0,0.0,0.004963,1.0,0.002375,0.011765,0.0,0.004695,0.0,0.0,0.0,0.005618,0.0,0.0,0.007143,0.017647,0.0,0.0,0.0,0.0,0.0,0.0,0.0,0.0,0.0,0.0,0.0,0.0,0.0,0.0,0.0,0.0,0.0,0.0,0.0,0.0,0.0,0.0,0.0,0.0,0.0,0.0,0.0,0.0,0.0,0.0,0.0,0.0,0.0,0.0,0.0,0.0,0.0,0.0,0.0,0.0,0.0,0.0,0.0,0.0,0.0,0.0,0.0,0.0,0.0,0.0,0.0,0.0,0.0,0.0,0.0,0.0,0.0,0.0,0.0,0.0,0.0,0.0,0.0,0.0,0.0,0.0,0.0,0.0,0.0,0.0,0.0,0.0,0.0,0.0,0.0,0.0,0.0,0.0,0.0,0.0,0.0,0.0,0.0,0.0,0.0,0.0,0.0,0.0,0.0,0.0,0.0,0.0,0.0,0.0,0.0,0.0,0.0,0.0,0.0,0.0,0.0,0.0,0.0,0.0,0.0,0.0,0.0,0.0,0.0,0.0,0.0,0.0,0.0,0.0,0.0,0.0,0.0,0.0,0.0,0.0,0.0,0.0,0.0,0.029412,0.0,0.0,0.0,0.0,0.0,0.0,0.0,0.0,0.000498,0.0,0.0,0.0,0.0,0.0,0.0,0.0,0.0,0.0,0.001721,0.0,0.0,0.000296,0.000982,0.0,0.001267,0.006818,0.0,0.000196,0.0,0.0,0.003175,0.000825,0.002874,0.0,0.000509,0.000978,0.000944,0.000414,0.0,0.003154,0.000289,0.0,0.00047,0.0,0.001504,0.0,0.0,0.0,0.0,0.000456,0.0,0.0,0.0,0.0,0.000218,0.000481,0.0,0.0,0.0,0.0,0.0,0.0,0.0,0.0,0.0,0.000144,0.000692,0.0,0.0,0.005882,0.0,0.005882,0.0,0.0,0.007541,0.0,0.005882,0.0,0.005025,0.002833,0.0,0.0,0.0,0.0,0.0,0.000485,0.001127,0.0,0.0,0.0,0.0,0.0,0.0,0.0,0.0,0.0,0.0,0.0,0.0,0.005882,0.0,0.0,0.0,0.001258,0.0,0.0,0.0,0.0,0.0,0.0,0.0,0.0,0.0,0.0,0.0,0.0,0.0,0.0,0.0,0.0,0.0,0.0,0.0,0.0,0.0,0.0,0.0,0.0,0.005882,0.001929,0.000313,0.0,0.000368,0.000794,0.000446,0.0,0.0,0.0,0.0,0.0,0.0,0.0,0.0,0.0,0.0,0.0,0.0,0.0,0.0,0.001117,0.0,0.0,0.0,0.0,0.0,0.0,0.002809,0.0,0.0,0.0,0.0,0.002451,0.0,0.0,0.0,0.0,0.0,0.0,0.0,0.010204,0.0,0.0,0.0,0.0,0.0,0.0,0.0,0.0,0.0,0.0,0.0,0.0,0.0,0.0,0.0,0.0,0.0,0.0,0.0,0.0,0.0,0.0,0.0,0.0,0.0,0.0,0.0,0.0,0.0,0.0,0.0,0.0,0.0,0.0,0.0,0.0,0.0,0.0,0.0,0.0,0.0,0.0,0.0,0.0,0.0,0.0,0.005882,0.0,0.0,0.0,0.0,0.000353,0.0,0.0,0.0,0.0,0.0
1030,0.0,0.002086,0.0,0.014159,0.002375,0.0,0.0,0.0,0.0,0.00385,0.004751,0.0,0.004751,0.001605,0.002494,0.004751,0.002375,0.004751,0.001484,0.0,0.0,0.00157,0.004983,0.002375,0.005535,0.002375,0.0,0.007126,0.0,0.0,0.0,0.0,0.0,0.0,0.002375,0.0,0.001584,0.0,0.0,0.0,0.0,0.0,0.0,0.0,0.0,0.0,0.0,0.0,0.0,0.0,0.0,0.007126,0.002375,1.0,0.002375,0.007722,0.007126,0.0,0.007797,0.002375,0.011876,0.0,0.002375,0.028504,0.0,0.004751,0.0,0.0,0.011876,0.0,0.004751,0.0,0.002375,0.0,0.0,0.0,0.0,0.0,0.000802,0.0,0.0,0.0,0.002375,0.0,0.0,0.0,0.002375,0.0,0.0,0.0,0.0,0.0,0.003017,0.001629,0.0,0.0,0.0,0.0,0.0,0.0,0.0,0.0,0.0,0.0,0.002375,0.0,0.0,0.0,0.0,0.0,0.0,0.0,0.0,0.0,0.0,0.0,0.0,0.0,0.0,0.0,0.001529,0.0,0.0,0.0,0.0,0.0,0.0,0.0,0.0,0.0,0.0,0.0,0.0,0.0,0.0,0.0,0.0,0.0,0.0,0.0,0.0,0.0,0.0,0.0,0.0,0.0,0.0,0.0,0.0,0.0,0.0,0.0,0.0,0.0,0.0,0.0,0.0,0.0,0.0,0.0,0.0,0.0,0.0,0.002375,0.0,0.0,0.0,0.0,0.0,0.0,0.0,0.000998,0.002375,0.002375,0.0,0.0,0.0,0.0,0.0,0.0,0.0,0.0,0.0,0.0,0.0,0.0,0.002375,0.0,0.0,0.0,0.0,0.0,0.0,0.0,0.0,0.0,0.0,0.0,0.0,0.0,0.0,0.0,0.0,0.0,0.0,0.0,0.001701,0.0,0.0,0.000529,0.001778,0.0,0.003,0.003378,0.005484,0.001284,0.000588,0.002016,0.0,0.002375,0.001651,0.0,0.0,0.000254,0.000489,0.003021,0.002588,0.001096,0.005677,0.002311,0.0,0.00047,0.001472,0.003008,0.002174,0.000234,0.002375,0.000714,0.0,0.0,0.0,0.0,0.001198,0.001966,0.001443,0.0,0.002375,0.001764,0.002375,0.002375,0.001885,0.0,0.0,0.000549,0.000575,0.001236,0.0,0.002375,0.0,0.0,0.0,0.0,0.0,0.003017,0.0,0.0,0.0,0.0,0.000944,0.001718,0.0,0.001834,0.0,0.0,0.004362,0.002255,0.005882,0.004187,0.0,0.0,0.0,0.0,0.0,0.0,0.0,0.0,0.0,0.0,0.0,0.002375,0.0,0.0,0.0,0.002375,0.0,0.002375,0.0,0.0,0.0,0.0,0.0,0.0,0.0,0.0,0.0,0.0,0.0,0.0,0.0,0.0,0.0,0.0,0.0,0.0,0.002375,0.0,0.0,0.0,0.000964,0.000704,0.001553,0.001471,0.000794,0.000446,0.001421,0.0,0.002375,0.0,0.003509,0.0,0.002375,0.0,0.001554,0.0,0.0,0.0,0.002375,0.004706,0.001117,0.002375,0.0,0.0,0.0,0.002375,0.002375,0.004751,0.0,0.0,0.0,0.0,0.004751,0.002088,0.002375,0.0,0.004454,0.0,0.001639,0.002375,0.009501,0.0,0.0,0.0,0.0,0.0,0.0,0.0,0.0,0.0,0.0,0.0,0.001497,0.0,0.002375,0.000941,0.0,0.0,0.000325,0.002123,0.0,0.0,0.0,0.0,0.0,0.002375,0.0,0.0,0.0,0.0,0.002375,0.002788,0.0,0.002375,0.0,0.0,0.0,0.0,0.0,0.0,0.0,0.002375,0.0,0.0,0.0,0.0,0.0,0.0,0.0,0.001767,0.001284,0.0,0.001502,0.0,0.0,0.0,0.0,0.0
1040,0.0,0.003128,0.0,0.0,0.0,0.0,0.0,0.0,0.0,0.0,0.0,0.0,0.003831,0.006421,0.0,0.0,0.0,0.0,0.0,0.0,0.0,0.00314,0.001661,0.0,0.0,0.0,0.0,0.010638,0.0,0.0,0.0,0.0,0.0,0.0,0.00369,0.0,0.0,0.0,0.0,0.0,0.0,0.0,0.0,0.0,0.0,0.0,0.0,0.0,0.0,0.0,0.0,0.0,0.011765,0.002375,1.0,0.0,0.0,0.0,0.00065,0.0,0.011236,0.0,0.0,0.002381,0.0,0.0,0.0,0.0,0.0,0.0,0.0,0.0,0.0,0.0,0.0,0.0,0.0,0.0,0.0,0.0,0.0,0.0,0.0,0.0,0.0,0.0,0.0,0.0,0.0,0.0,0.0,0.0,0.0,0.001629,0.0,0.018868,0.0,0.0,0.0,0.0,0.0,0.013245,0.0,0.0,0.0,0.0,0.0,0.0,0.0,0.0,0.0,0.0,0.0,0.0,0.0,0.0,0.0,0.0,0.0,0.0,0.0,0.0,0.0,0.0,0.0,0.0,0.0,0.0,0.0,0.0,0.0,0.0,0.0,0.0,0.0,0.0,0.0,0.0,0.0,0.0,0.0,0.0,0.0,0.0,0.0,0.0,0.0,0.0,0.0,0.0,0.0,0.0,0.0,0.0,0.0,0.0,0.0,0.0,0.0,0.0,0.0,0.0,0.0,0.0,0.0,0.0,0.0,0.0,0.0,0.0,0.0,0.0,0.0,0.0,0.0,0.0,0.0,0.0,0.0,0.0,0.0,0.0,0.0,0.0,0.0,0.0,0.0,0.0,0.020619,0.0,0.0,0.0,0.0,0.0,0.0,0.0,0.0,0.0,0.0,0.0,0.0,0.0,0.0,0.0,0.0,0.0,0.0,0.0,0.0,0.0,0.000296,0.0,0.0,0.002956,0.001482,0.0,0.000392,0.0,0.0,0.0,0.0,0.0,0.0,0.000509,0.000978,0.000755,0.000104,0.000365,0.000158,0.0,0.0,0.00047,0.0,0.0,0.0,0.000234,0.0,0.000357,0.0,0.0,0.0,0.0,0.000171,0.000218,0.000481,0.0,0.0,0.0,0.0,0.0,0.000269,0.0,0.0,0.000183,7.2e-05,0.000346,0.0,0.0,0.0,0.0,0.0,0.0,0.0,0.007541,0.0,0.0,0.0,0.0,0.000944,0.0,0.0,0.0,0.0,0.0,8.1e-05,0.0,0.0,0.0,0.0,0.0,0.0,0.0,0.0,0.0,0.0,0.0,0.010309,0.0,0.0,0.0,0.0,0.0,0.0,0.0,0.0,0.0,0.0,0.0,0.0,0.0,0.0,0.0,0.0,0.0,0.0,0.0,0.0,0.0,0.0,0.0,0.0,0.0,0.0,0.0,0.0,0.0,0.0,0.0,0.0,0.000235,0.0,0.0,0.000794,0.0,0.000355,0.011364,0.0,0.0,0.0,0.0,0.0,0.0,0.000311,0.0,0.0,0.0,0.0,0.0,0.000372,0.0,0.0,0.0,0.0,0.0,0.0,0.0,0.0,0.0,0.0,0.0,0.0,0.0,0.0,0.0,0.0,0.0,0.0,0.0,0.005102,0.0,0.0,0.0,0.0,0.0,0.0,0.0,0.0,0.001587,0.0,0.0,0.0,0.0,0.0,0.0,0.0,0.0,0.0,0.0,0.0,0.0,0.0,0.0,0.0,0.0,0.0,0.0,0.0,0.0,0.0,0.0,0.0,0.0,0.0,0.0,0.0,0.0,0.0,0.0,0.0,0.00813,0.0,0.0,0.0,0.0,0.0,0.0,0.0,0.0,0.0,0.0,8.8e-05,0.0,0.0,0.0,0.0,0.0
1050,0.0,0.001043,0.001931,0.00177,0.003861,0.0,0.0,0.001931,0.0,0.0044,0.0,0.0,0.001931,0.00321,0.00187,0.0,0.003861,0.001931,0.01039,0.0,0.001931,0.00157,0.001661,0.0,0.00369,0.0,0.0,0.0,0.0,0.0,0.001931,0.0,0.0,0.0,0.0,0.0,0.002375,0.0,0.0,0.0,0.0,0.0,0.0,0.0,0.001931,0.001931,0.0,0.0,0.0,0.0,0.0,0.005792,0.0,0.007722,0.0,1.0,0.001931,0.0,0.007797,0.0,0.001931,0.001931,0.005792,0.007722,0.003861,0.0,0.001931,0.0,0.007722,0.0,0.0,0.0,0.001931,0.0,0.001931,0.0,0.0,0.0,0.001203,0.0,0.0,0.0,0.001931,0.0,0.001931,0.0,0.001931,0.0,0.0,0.0,0.0,0.0,0.0,0.0,0.0,0.0,0.0,0.0,0.0,0.0,0.0,0.003861,0.0,0.0,0.0,0.0,0.0,0.001931,0.0,0.0,0.0,0.001931,0.0,0.0,0.0,0.0,0.0,0.0,0.0,0.0,0.001529,0.0,0.0,0.0,0.0,0.0,0.0,0.0,0.0,0.0,0.0,0.0,0.0,0.0,0.0,0.001931,0.0,0.0,0.0,0.0,0.0,0.0,0.0,0.0,0.0,0.0,0.0,0.0,0.0,0.0,0.0,0.0,0.0,0.0,0.0,0.0,0.0,0.001931,0.0,0.0,0.0,0.0,0.0,0.0,0.0,0.0,0.0,0.0,0.0,0.0,0.0,0.001996,0.0,0.0,0.0,0.0,0.0,0.0,0.0,0.0,0.003328,0.0,0.0,0.0,0.001931,0.0,0.0,0.0,0.0,0.0,0.0,0.0,0.0,0.001931,0.0,0.0,0.0,0.001494,0.001931,0.0,0.0,0.0,0.0,0.0,0.0,0.0,0.0,0.0,0.003101,0.001058,0.000889,0.0,0.001,0.002534,0.008004,0.000856,0.001176,0.0,0.0,0.001931,0.000825,0.0,0.0,0.000763,0.000489,0.000566,0.002795,0.000731,0.005993,0.007512,0.0,0.00094,0.000736,0.0,0.0,0.000468,0.0,0.002498,0.000912,0.0,0.0,0.0,0.000685,0.001747,0.001924,0.0,0.0,0.0,0.0,0.001931,0.001616,0.0,0.0,0.001832,0.002083,0.003116,0.0,0.0,0.0,0.0,0.0,0.0,0.0,0.006033,0.001931,0.0,0.0,0.0,0.0,0.0,0.0,0.000367,0.0,0.0,0.006866,0.00451,0.0,0.001794,0.0,0.0,0.0,0.0,0.0,0.0,0.0,0.0,0.0,0.0,0.0,0.0,0.0,0.0,0.0,0.0,0.0,0.0,0.0,0.0,0.0,0.0,0.0,0.0,0.0,0.0,0.0,0.0,0.0,0.0,0.0,0.0,0.0,0.0,0.0,0.0,0.0,0.0,0.0,0.0,0.000964,0.00258,0.0,0.001103,0.0,0.001338,0.000355,0.0,0.0,0.003861,0.000702,0.001931,0.0,0.001931,0.003418,0.0,0.0,0.0,0.0,0.005792,0.0,0.0,0.0,0.0,0.0,0.0,0.0,0.005792,0.0,0.0,0.0,0.0,0.0,0.0,0.0,0.001931,0.0,0.0,0.00082,0.003861,0.003861,0.0,0.0,0.0,0.0,0.0,0.0,0.0,0.0,0.0,0.001931,0.0,0.003743,0.0,0.0,0.001412,0.0,0.0,0.0013,0.001062,0.0,0.0,0.0,0.0,0.0,0.0,0.001208,0.0,0.0,0.0,0.0,0.001859,0.0,0.005792,0.0,0.001497,0.0,0.0,0.001931,0.001931,0.0,0.001931,0.00129,0.0,0.0,0.0,0.0,0.0,0.0,0.0,0.002568,0.0,0.002033,0.0,0.0,0.0,0.0,0.0
1061,0.0,0.008342,0.028061,0.0,0.0,0.0,0.0,0.0,0.0,0.0011,0.0,0.0,0.0,0.004815,0.000623,0.0,0.004695,0.004695,0.000742,0.0,0.0,0.0,0.0,0.0,0.00369,0.004695,0.0,0.004695,0.004695,0.0,0.0,0.0,0.0,0.0,0.0,0.0,0.0,0.0,0.0,0.0,0.0,0.0,0.0,0.0,0.0,0.0,0.0,0.0,0.0,0.0,0.0,0.0,0.004695,0.007126,0.0,0.001931,1.0,0.00939,0.005848,0.0,0.004695,0.023474,0.0,0.004762,0.018779,0.0,0.00939,0.0,0.005051,0.0,0.0,0.0,0.0,0.0,0.0,0.0,0.0,0.0,0.000802,0.0,0.0,0.0,0.0,0.0,0.0,0.0,0.002604,0.0,0.0,0.0,0.0,0.004695,0.0,0.0,0.0,0.0,0.0,0.0,0.0,0.0,0.0,0.0,0.0,0.0,0.0,0.0,0.0,0.0,0.0,0.0,0.0,0.0,0.0,0.0,0.0,0.0,0.0,0.0,0.0,0.0,0.0,0.0,0.0,0.0,0.0,0.0,0.0,0.0,0.0,0.0,0.0,0.0,0.0,0.0,0.0,0.0,0.0,0.0,0.0,0.0,0.0,0.0,0.0,0.0,0.0,0.0,0.0,0.0,0.0,0.0,0.0,0.0,0.0,0.0,0.0,0.0,0.0,0.0,0.0,0.0,0.0,0.0,0.0,0.0,0.0,0.0,0.0,0.0,0.0,0.0,0.0,0.0,0.0,0.0,0.0,0.0,0.0,0.0,0.0,0.0,0.0,0.0,0.0,0.0,0.0,0.0,0.004695,0.0,0.0,0.004695,0.0,0.0,0.0,0.0,0.0,0.0,0.0,0.0,0.0,0.0,0.0,0.0,0.0,0.0,0.0,0.0,0.0,0.0,0.0,0.000265,0.000296,0.0,0.0,0.009713,0.004743,0.000856,0.000392,0.0,0.0,0.0,0.000825,0.0,0.0,0.000763,0.000489,0.002077,0.001656,0.000365,0.001892,0.000289,0.0,0.0,0.0,0.001504,0.0,0.000468,0.0,0.000357,0.0,0.0,0.0,0.0,0.000342,0.001092,0.002165,0.0,0.004695,0.0,0.004695,0.002941,0.0,0.0,0.0,0.000183,0.000575,0.002325,0.0,0.0,0.0,0.0,0.0,0.0,0.0,0.012066,0.0,0.0,0.0,0.004695,0.000944,0.001718,0.0,0.000734,0.0,0.0,0.001131,0.0,0.0,0.0,0.0,0.004695,0.0,0.0,0.0,0.0,0.0,0.0,0.0,0.0,0.0,0.0,0.0,0.0,0.001258,0.0,0.0,0.0,0.0,0.0,0.0,0.0,0.0,0.0,0.0,0.0,0.0,0.0,0.0,0.0,0.0,0.0,0.0,0.0,0.0,0.0,0.0,0.0,0.0,0.0,0.003857,0.001329,0.000776,0.000368,0.0,0.0,0.0,0.0,0.004695,0.0,0.0,0.0,0.0,0.0,0.000311,0.0,0.0,0.0,0.0,0.0,0.001117,0.0,0.0,0.0,0.0,0.0,0.0,0.0,0.004695,0.0,0.0,0.0,0.0,0.0,0.0,0.002037,0.0,0.0,0.0,0.0,0.023474,0.0,0.0,0.0,0.0,0.0,0.0,0.0,0.0,0.0,0.005882,0.0,0.0,0.0,0.0,0.000471,0.0,0.0,0.000325,0.0,0.0,0.0,0.0,0.0,0.0,0.0,0.0,0.0,0.0,0.0,0.0,0.0,0.0,0.0,0.0,0.0,0.0,0.0,0.0,0.0,0.0,0.0,0.002581,0.0,0.0,0.0,0.0,0.0,0.0,0.001767,0.0,0.0,0.000442,0.0,0.004695,0.0,0.0,0.0
1062,0.0,0.0,0.0,0.0,0.0,0.0,0.0,0.0,0.0,0.00055,0.0,0.0,0.0,0.0,0.0,0.0,0.0,0.0,0.0,0.0,0.0,0.0,0.0,0.0,0.0,0.0,0.0,0.0,0.0,0.0,0.0,0.0,0.0,0.0,0.0,0.0,0.0,0.0,0.0,0.0,0.0,0.0,0.0,0.0,0.0,0.0,0.0,0.0,0.0,0.0,0.0,0.0,0.0,0.0,0.0,0.0,0.00939,1.0,0.0,0.0,0.0,0.0,0.0,0.0,0.009174,0.0,0.0,0.0,0.0,0.0,0.0,0.0,0.0,0.0,0.0,0.0,0.0,0.0,0.0,0.0,0.0,0.0,0.0,0.0,0.0,0.0,0.0,0.0,0.0,0.0,0.0,0.0,0.0,0.0,0.0,0.0,0.0,0.0,0.0,0.0,0.0,0.0,0.0,0.0,0.0,0.0,0.0,0.0,0.0,0.0,0.0,0.0,0.0,0.0,0.0,0.0,0.0,0.0,0.0,0.0,0.0,0.0,0.0,0.0,0.0,0.0,0.0,0.0,0.0,0.0,0.0,0.0,0.0,0.0,0.0,0.0,0.0,0.0,0.0,0.0,0.0,0.0,0.0,0.0,0.0,0.0,0.0,0.0,0.0,0.0,0.0,0.0,0.0,0.0,0.0,0.0,0.0,0.0,0.0,0.0,0.0,0.0,0.0,0.0,0.0,0.0,0.0,0.0,0.0,0.0,0.0,0.0,0.0,0.0,0.0,0.0,0.0,0.0,0.0,0.0,0.0,0.0,0.0,0.0,0.0,0.0,0.0,0.0,0.0,0.0,0.0,0.0,0.0,0.0,0.0,0.0,0.0,0.0,0.0,0.0,0.0,0.0,0.0,0.0,0.0,0.0,0.0,0.0,0.0,0.0,0.0,0.0,0.0,0.0,0.000296,0.0,0.0,0.0,0.0,0.0,0.0,0.0,0.0,0.0,0.0,0.0,0.000104,0.000365,0.0,0.0,0.0,0.0,0.0,0.0,0.0,0.0,0.0,0.0,0.0,0.0,0.0,0.0,0.0,0.0,0.0,0.0,0.0,0.0,0.0,0.0,0.0,0.0,0.0,0.0,0.0,0.0,0.0,0.0,0.0,0.0,0.0,0.0,0.0,0.001508,0.0,0.0,0.0,0.0,0.0,0.0,0.0,0.0,0.0,0.0,8.1e-05,0.0,0.0,0.0,0.0,0.0,0.0,0.0,0.0,0.0,0.0,0.0,0.0,0.0,0.0,0.0,0.0,0.0,0.0,0.0,0.0,0.0,0.0,0.0,0.0,0.0,0.0,0.0,0.0,0.0,0.0,0.0,0.0,0.0,0.0,0.0,0.0,0.0,0.0,0.0,0.0,0.0,0.0,0.0,0.0,0.0,0.0,0.0,0.0,0.0,0.0,0.0,0.0,0.0,0.0,0.0,0.0,0.0,0.0,0.0,0.0,0.0,0.0,0.0,0.0,0.0,0.0,0.0,0.0,0.0,0.0,0.0,0.0,0.0,0.0,0.0,0.0,0.0,0.0,0.0,0.0,0.0,0.0,0.0,0.0,0.0,0.0,0.0,0.0,0.0,0.0,0.0,0.0,0.0,0.0,0.0,0.0,0.0,0.0,0.0,0.0,0.0,0.0,0.0,0.0,0.0,0.0,0.0,0.0,0.0,0.0,0.0,0.0,0.0,0.002967,0.0,0.0,0.0,0.0,0.0,0.0,0.0,0.0,0.0,0.0,0.0,0.0,0.0,0.0,0.0,0.0,0.0,0.0,0.0,0.0,0.0,8.8e-05,0.0,0.0,0.0,0.0,0.0
1071,0.0,0.003249,0.0013,0.0,0.0,0.0,0.0,0.00065,0.0,0.00165,0.0,0.0,0.0,0.0013,0.004364,0.0,0.00065,0.00065,0.002968,0.0,0.00065,0.005848,0.0013,0.00065,0.0013,0.0,0.0,0.0,0.0,0.0,0.00065,0.00065,0.0,0.0,0.0,0.0,0.002599,0.0,0.0,0.0,0.0,0.0,0.0,0.0,0.0013,0.00065,0.0,0.0,0.0,0.0,0.0,0.0,0.0,0.007797,0.00065,0.007797,0.005848,0.0,1.0,0.0,0.003249,0.00065,0.002599,0.007147,0.0,0.00065,0.0,0.0,0.003249,0.0,0.0,0.0,0.0,0.0,0.00065,0.0,0.0,0.0,0.005613,0.0,0.0,0.0,0.00065,0.00065,0.0,0.0,0.0,0.0,0.0,0.0,0.0,0.0,0.0013,0.0,0.0,0.0,0.0,0.0,0.00065,0.0,0.0,0.00065,0.0,0.0,0.0,0.0,0.0,0.0,0.0,0.0,0.0,0.00065,0.0,0.0,0.0,0.0,0.0,0.0,0.0,0.0,0.00065,0.0,0.0,0.0,0.0,0.0,0.0,0.0,0.0,0.0,0.0,0.0,0.0,0.0,0.0,0.0,0.0,0.0,0.0,0.0,0.0,0.00065,0.0,0.00065,0.0,0.0,0.0,0.0,0.0,0.0,0.0,0.0,0.00065,0.0,0.0,0.0,0.0,0.0,0.0,0.0,0.0,0.0,0.0,0.0,0.0,0.0,0.0,0.0,0.0,0.0,0.0,0.001949,0.00065,0.00065,0.0,0.0,0.0,0.0,0.0,0.0,0.001949,0.0,0.0,0.0,0.0,0.0,0.0,0.0,0.0,0.0,0.0,0.0,0.0,0.0,0.0,0.0,0.0,0.001494,0.0,0.0,0.0,0.0,0.0,0.001949,0.0,0.00065,0.0013,0.00065,0.00065,0.001323,0.002074,0.00065,0.001949,0.001267,0.00993,0.001284,0.002352,0.001949,0.001949,0.00065,0.002064,0.0,0.0,0.002036,0.003912,0.005852,0.015944,0.005482,0.047627,0.020225,0.00065,0.001881,0.004049,0.0013,0.0013,0.003043,0.0,0.002855,0.006387,0.0,0.0,0.0013,0.003595,0.003277,0.005052,0.0,0.00065,0.003899,0.0,0.0013,0.005656,0.0,0.0,0.002381,0.006034,0.00272,0.0,0.0,0.0,0.00065,0.0,0.0,0.0,0.002599,0.0,0.0,0.0,0.00065,0.003249,0.0013,0.001949,0.004402,0.0,0.0,0.021082,0.005848,0.004548,0.004187,0.0,0.0,0.0,0.00065,0.0,0.0,0.0,0.0,0.00065,0.00065,0.0,0.0,0.00065,0.0,0.001949,0.0,0.0,0.0,0.0,0.00065,0.0,0.0,0.0,0.0,0.0,0.0,0.0,0.0,0.0,0.0,0.0,0.0,0.0,0.0,0.0,0.0,0.0,0.0,0.0,0.0,0.0013,0.008522,0.004548,0.008456,0.001949,0.005798,0.002488,0.0,0.00065,0.0,0.003899,0.0,0.0013,0.00065,0.008389,0.0,0.0,0.0,0.0,0.0,0.003724,0.0,0.0,0.0,0.0,0.00065,0.001949,0.00065,0.0,0.0,0.0,0.0,0.0,0.002599,0.0,0.002599,0.0013,0.0,0.006498,0.0,0.0,0.0,0.0,0.0,0.0,0.0,0.0,0.0,0.00065,0.002599,0.00065,0.00065,0.004548,0.0013,0.00065,0.008,0.0,0.0,0.003901,0.001592,0.0,0.0013,0.0,0.00065,0.0,0.00065,0.003249,0.0,0.0,0.0,0.00065,0.002599,0.00065,0.00065,0.00065,0.003899,0.0,0.0,0.00065,0.00065,0.0,0.00065,0.001949,0.00065,0.0,0.00065,0.0,0.00065,0.0,0.004548,0.006849,0.0,0.006805,0.0,0.0,0.0,0.0,0.0
1072,0.0,0.0,0.0,0.0,0.0,0.0,0.0,0.003759,0.0,0.00055,0.0,0.0,0.0,0.0,0.000623,0.0,0.0,0.0,0.001484,0.0,0.0,0.0,0.0,0.0,0.0,0.0,0.0,0.0,0.0,0.0,0.0,0.0,0.0,0.0,0.0,0.0,0.0,0.00625,0.0,0.0,0.0,0.016393,0.0,0.0,0.0,0.0,0.0,0.0,0.0,0.0,0.0,0.0,0.0,0.002375,0.0,0.0,0.0,0.0,0.0,1.0,0.0,0.0,0.0,0.004762,0.0,0.036585,0.0,0.0,0.0,0.0,0.0,0.0,0.0,0.0,0.0,0.0,0.0,0.0,0.0,0.0,0.0,0.0,0.0,0.0,0.0,0.0,0.002604,0.0,0.0,0.0,0.0,0.0,0.0,0.0,0.0,0.016393,0.0,0.0,0.0,0.0,0.0,0.0,0.0,0.0,0.010309,0.0,0.0,0.0,0.0,0.0,0.0,0.0,0.0,0.0,0.0,0.0,0.0,0.0,0.0,0.0,0.0,0.0,0.0,0.0,0.0,0.0,0.0,0.0,0.0,0.0,0.0,0.0,0.0,0.0,0.0,0.0,0.0,0.0,0.0,0.0,0.0,0.0,0.0,0.0,0.0,0.0,0.0,0.0,0.0,0.0,0.0,0.0,0.0,0.016393,0.0,0.0,0.0,0.0,0.0,0.0,0.0,0.0,0.0,0.0,0.0,0.0,0.0,0.0,0.0,0.0,0.0,0.0,0.0,0.0,0.0,0.0,0.0,0.0,0.0,0.0,0.0,0.0,0.0,0.0,0.0,0.0,0.011905,0.0,0.0,0.0,0.0,0.0,0.0,0.0,0.0,0.0,0.0,0.000498,0.0,0.0,0.0,0.0,0.0,0.0,0.0,0.0,0.0,0.001721,0.0,0.000265,0.0,0.0,0.0,0.0,0.000889,0.000428,0.000392,0.0,0.0,0.0,0.000413,0.0,0.0,0.0,0.0,0.000566,0.000725,0.0,0.000789,0.000289,0.0,0.0,0.0,0.0,0.0,0.0,0.0,0.000357,0.000456,0.0,0.0,0.0,0.0,0.000655,0.000722,0.0,0.009174,0.0,0.0,0.0,0.000269,0.0,0.0,0.000366,7.2e-05,0.000791,0.0,0.0,0.0,0.0,0.0,0.016393,0.0,0.003017,0.0,0.0,0.0,0.0,0.0,0.0,0.0,0.0,0.0,0.016393,0.000162,0.0,0.001961,0.0,0.0,0.0,0.0,0.0,0.0,0.0,0.0,0.0,0.0,0.0,0.0,0.0,0.0,0.0,0.001258,0.0,0.0,0.0,0.006711,0.0,0.0,0.0,0.0,0.0,0.0,0.0,0.0,0.0,0.0,0.0,0.0,0.0,0.0,0.0,0.0,0.0,0.0,0.0,0.0,0.0,0.001929,0.000313,0.001553,0.000368,0.0,0.0,0.000355,0.0,0.0,0.0,0.0,0.0,0.003012,0.0,0.000155,0.0,0.0,0.0,0.0,0.002353,0.000372,0.0,0.0,0.0,0.0,0.0,0.0,0.0,0.0,0.0,0.0,0.0,0.0,0.0,0.0,0.0,0.0,0.0,0.00082,0.0,0.0,0.0,0.0,0.0,0.0,0.0,0.0,0.0,0.0,0.0,0.002941,0.0,0.0,0.0,0.0,0.000471,0.016393,0.002304,0.000975,0.000531,0.0,0.0,0.0,0.0,0.0,0.0,0.002415,0.0,0.0,0.0,0.0,0.000929,0.0,0.0,0.0,0.0,0.0,0.0,0.0,0.0,0.0,0.0,0.0,0.0,0.0,0.0,0.0,0.0,0.0,0.0,0.0,0.0,0.000265,0.0,0.0,0.0,0.0,0.0
1073,0.0,0.0,0.0,0.0,0.0,0.0,0.0,0.0,0.0,0.00055,0.0,0.0,0.007663,0.0,0.003117,0.0,0.0,0.005128,0.0,0.0,0.0,0.00157,0.001661,0.005618,0.0,0.0,0.0,0.010638,0.0,0.0,0.0,0.0,0.0,0.0,0.0,0.0,0.0,0.0,0.0,0.0,0.0,0.0,0.0,0.0,0.0,0.0,0.0,0.0,0.0,0.0,0.0,0.0,0.005618,0.011876,0.011236,0.001931,0.004695,0.0,0.003249,0.0,1.0,0.0,0.0,0.014286,0.0,0.0,0.0,0.0,0.0,0.0,0.0,0.0,0.0,0.0,0.003195,0.0,0.0,0.0,0.000802,0.0,0.0,0.0,0.0,0.0,0.0,0.0,0.0,0.0,0.0,0.0,0.0,0.0,0.0,0.0,0.0,0.0,0.0,0.0,0.0,0.0,0.0,0.0,0.0,0.0,0.0,0.0,0.0,0.0,0.005618,0.0,0.0,0.0,0.0,0.0,0.0,0.0,0.0,0.0,0.0,0.0,0.0,0.0,0.0,0.0,0.0,0.0,0.0,0.0,0.0,0.0,0.0,0.0,0.0,0.0,0.0,0.0,0.0,0.0,0.0,0.0,0.0,0.0,0.0,0.0,0.0,0.0,0.0,0.0,0.0,0.0,0.005618,0.0,0.005618,0.005618,0.0,0.0,0.0,0.0,0.0,0.0,0.0,0.0,0.0,0.0,0.0,0.0,0.0,0.0,0.0,0.0,0.0,0.0,0.0,0.0,0.0,0.0,0.0,0.0,0.00303,0.0,0.0,0.0,0.0,0.0,0.0,0.0,0.0,0.0,0.0,0.0,0.0,0.0,0.0,0.0,0.0,0.0,0.0,0.0,0.0,0.0,0.0,0.0,0.005618,0.0,0.0,0.0,0.0,0.0,0.0,0.000529,0.000889,0.000982,0.001,0.000845,0.003261,0.000428,0.000196,0.0,0.0,0.0,0.000413,0.0,0.0,0.000254,0.000489,0.001133,0.000725,0.000365,0.002681,0.000578,0.0,0.0,0.000368,0.0,0.002174,0.000702,0.0,0.000357,0.000456,0.0,0.0,0.0,0.000685,0.000218,0.000481,0.0,0.0,0.0,0.0,0.0,0.001077,0.0,0.0,0.000183,0.000359,0.000297,0.0,0.0,0.0,0.0,0.0,0.0,0.0,0.004525,0.0,0.0,0.0,0.0,0.0,0.0,0.0,0.001101,0.0,0.0,0.001212,0.0,0.0,0.000598,0.0,0.0,0.0,0.0,0.005618,0.0,0.0,0.0,0.005618,0.0,0.0,0.0,0.003521,0.0,0.001258,0.0,0.0,0.0,0.0,0.0,0.0,0.0,0.0,0.0,0.0,0.0,0.0,0.0,0.0,0.0,0.0,0.0,0.0,0.0,0.0,0.0,0.0,0.0,0.0,0.0,0.0,0.000938,0.000776,0.001103,0.000794,0.000892,0.000711,0.0,0.0,0.0,0.0,0.005618,0.003012,0.0,0.001554,0.003226,0.0,0.0,0.0,0.0,0.000745,0.0,0.0,0.0,0.0,0.006993,0.0,0.0,0.0,0.0,0.0,0.0,0.0,0.0,0.0,0.0,0.004454,0.0,0.0,0.0,0.0,0.0,0.0,0.0,0.0,0.0,0.0,0.0,0.0,0.001587,0.0,0.0,0.002994,0.004587,0.0,0.0,0.0,0.0,0.0,0.0,0.0,0.0,0.0,0.0,0.0,0.00339,0.0,0.0,0.0,0.0,0.0,0.0,0.0,0.0,0.0,0.0,0.0,0.0,0.0,0.0,0.0,0.005618,0.0,0.0,0.0,0.0,0.0,0.0,0.0,0.0,0.000428,0.0,0.000619,0.0,0.0,0.0,0.0,0.0
1074,0.0,0.0,0.0,0.0,0.0,0.0,0.0,0.0,0.0,0.00055,0.0,0.0,0.0,0.0,0.0,0.0,0.0,0.0,0.000371,0.0,0.0,0.0,0.0,0.0,0.0,0.0,0.0,0.0,0.0,0.0,0.0,0.0,0.0,0.0,0.0,0.0,0.0,0.0,0.0,0.0,0.0,0.0,0.0,0.0,0.0,0.0,0.0,0.0,0.0,0.0,0.0,0.002481,0.0,0.0,0.0,0.001931,0.023474,0.0,0.00065,0.0,0.0,1.0,0.0,0.002381,0.009174,0.0,0.0,0.0,0.002525,0.0,0.0,0.0,0.0,0.0,0.0,0.0,0.0,0.0,0.0,0.0,0.0,0.0,0.0,0.0,0.0,0.0,0.0,0.0,0.0,0.0,0.0,0.0,0.0,0.0,0.0,0.0,0.0,0.0,0.0,0.0,0.0,0.0,0.0,0.0,0.0,0.0,0.0,0.0,0.0,0.012346,0.0,0.0,0.0,0.0,0.0,0.0,0.0,0.0,0.0,0.0,0.0,0.0,0.0,0.0,0.0,0.0,0.0,0.0,0.0,0.0,0.0,0.0,0.0,0.0,0.0,0.0,0.0,0.0,0.0,0.0,0.0,0.0,0.0,0.0,0.0,0.0,0.0,0.0,0.0,0.0,0.0,0.0,0.0,0.0,0.0,0.0,0.0,0.0,0.0,0.0,0.0,0.0,0.0,0.0,0.0,0.0,0.0,0.0,0.0,0.0,0.0,0.0,0.0,0.0,0.0,0.0,0.0,0.0,0.0,0.0,0.0,0.0,0.0,0.0,0.0,0.0,0.0,0.0,0.0,0.0,0.0,0.0,0.0,0.0,0.0,0.0,0.0,0.0,0.0,0.0,0.0,0.0,0.0,0.0,0.0,0.0,0.0,0.0,0.0,0.0,0.0,0.0,0.0,0.000422,0.000889,0.0,0.000196,0.0,0.0,0.0,0.0,0.0,0.0,0.0,0.0,0.000566,0.0,0.0,0.000315,0.0,0.0,0.0,0.0,0.0,0.0,0.0,0.0,0.0,0.0,0.0,0.0,0.0,0.0,0.0,0.0,0.0,0.0,0.0,0.0,0.0,0.000269,0.0,0.0,0.0,0.0,9.9e-05,0.0,0.0,0.0,0.0,0.0,0.0,0.0,0.001508,0.0,0.0,0.0,0.0,0.0,0.0,0.0,0.0,0.0,0.0,8.1e-05,0.0,0.0,0.0,0.0,0.0,0.0,0.0,0.0,0.0,0.0,0.0,0.0,0.0,0.0,0.0,0.0,0.0,0.0,0.0,0.0,0.0,0.0,0.0,0.0,0.0,0.0,0.0,0.0,0.0,0.0,0.0,0.0,0.0,0.0,0.0,0.0,0.0,0.0,0.0,0.0,0.0,0.0,0.0,0.0,0.000156,0.0,0.0,0.0,0.0,0.0,0.0,0.0,0.0,0.0,0.0,0.0,0.0,0.0,0.0,0.0,0.0,0.0,0.0,0.0,0.0,0.0,0.011364,0.0,0.0,0.0,0.0,0.0,0.0,0.0,0.0,0.0,0.0,0.0,0.0,0.0,0.0,0.0,0.0,0.005102,0.0,0.0,0.0,0.0,0.0,0.0,0.0,0.0,0.0,0.0,0.0,0.0,0.0,0.0,0.000471,0.0,0.0,0.0,0.0,0.0,0.0,0.0,0.0,0.0,0.0,0.0,0.0,0.0,0.0,0.0,0.0,0.0,0.0,0.0,0.0,0.0,0.0,0.0,0.0,0.0,0.0,0.0,0.0,0.0,0.0,0.0,0.0,0.0,0.0,0.0,0.0,8.8e-05,0.0,0.0,0.0,0.0,0.0
1075,0.0,0.001043,0.0,0.00177,0.0,0.0,0.0,0.0,0.0,0.00055,0.0,0.0,0.0,0.001605,0.001247,0.0,0.0,0.0,0.000371,0.0,0.0,0.0,0.001661,0.0,0.001845,0.0,0.0,0.0,0.0,0.0,0.0,0.0,0.0,0.003356,0.0,0.0,0.002375,0.0,0.0,0.0,0.0,0.0,0.0,0.0,0.0,0.0,0.0,0.0,0.0,0.0,0.0,0.002481,0.0,0.002375,0.0,0.005792,0.0,0.0,0.002599,0.0,0.0,0.0,1.0,0.007143,0.006711,0.0,0.0,0.0,0.002525,0.0,0.0,0.0,0.0,0.0,0.0,0.0,0.0,0.003356,0.002005,0.0,0.0,0.0,0.0,0.0,0.0,0.0,0.0,0.0,0.0,0.0,0.0,0.0,0.001508,0.001629,0.0,0.0,0.0,0.0,0.0,0.0,0.0,0.0,0.003356,0.0,0.0,0.0,0.0,0.0,0.0,0.0,0.0,0.0,0.0,0.0,0.0,0.0,0.0,0.0,0.0,0.0,0.0,0.0,0.0,0.0,0.0,0.0,0.0,0.0,0.0,0.0,0.0,0.0,0.0,0.0,0.0,0.0,0.0,0.0,0.0,0.0,0.0,0.0,0.0,0.0,0.0,0.0,0.0,0.0,0.0,0.0,0.0,0.0,0.0,0.0,0.0,0.0,0.0,0.0,0.0,0.0,0.0,0.003356,0.0,0.0,0.0,0.0,0.0,0.0,0.0,0.0,0.0,0.000998,0.0,0.0,0.0,0.0,0.0,0.0,0.0,0.0,0.001664,0.0,0.0,0.0,0.0,0.0,0.0,0.0,0.0,0.0,0.0,0.0,0.0,0.0,0.0,0.003356,0.0,0.000996,0.002123,0.0,0.0,0.0,0.0,0.001182,0.0,0.0,0.001701,0.001721,0.0,0.000794,0.000593,0.0,0.001,0.000422,0.000889,0.0,0.000196,0.0,0.0,0.0,0.000825,0.0,0.0,0.001018,0.000489,0.00151,0.001864,0.001096,0.001104,0.001156,0.0,0.00094,0.000736,0.0,0.0,0.000936,0.0,0.000714,0.001825,0.0,0.0,0.0,0.000856,0.000218,0.0,0.0,0.003356,0.0,0.0,0.0,0.001347,0.0,0.0,0.000733,0.001078,0.000445,0.0,0.0,0.0,0.0,0.0,0.0,0.0,0.001508,0.0,0.0,0.0,0.0,0.0,0.0,0.0,0.002935,0.0,0.0,0.007997,0.007892,0.021569,0.004785,0.0,0.0,0.0,0.0,0.003356,0.0,0.0,0.0,0.0,0.0,0.0,0.0,0.0,0.0,0.0,0.003115,0.0,0.0,0.0,0.0,0.0,0.0,0.0,0.0,0.0,0.0,0.0,0.0,0.0,0.0,0.0,0.0,0.0,0.0,0.0,0.0,0.0,0.0,0.0,0.0,0.000964,0.000704,0.0,0.000368,0.0,0.000892,0.000355,0.0,0.0,0.0,0.001404,0.0,0.003012,0.0,0.001398,0.003226,0.0,0.0,0.0,0.0,0.001117,0.0,0.0,0.0,0.0,0.0,0.003356,0.0,0.0,0.0,0.0,0.0,0.004902,0.002088,0.003356,0.002037,0.0,0.0,0.002459,0.003356,0.0,0.0,0.0,0.0,0.0,0.0,0.0,0.0,0.0,0.0,0.002941,0.0,0.001497,0.0,0.0,0.001412,0.0,0.0,0.000325,0.0,0.0,0.0,0.0,0.0,0.0,0.003356,0.002415,0.0,0.0,0.0,0.0,0.003717,0.0,0.0,0.0,0.001497,0.0,0.0,0.0,0.0,0.0,0.0,0.0,0.0,0.0,0.002882,0.0,0.0,0.0,0.003534,0.001284,0.0,0.000619,0.0,0.0,0.003356,0.0,0.0
1079,0.0,0.0,0.002381,0.00354,0.0,0.0,0.0,0.0,0.0,0.0011,0.0,0.0,0.0,0.00321,0.004988,0.0,0.004762,0.0,0.001484,0.0,0.0,0.009419,0.011628,0.0,0.00738,0.002381,0.0,0.004762,0.0,0.0,0.0,0.0,0.0,0.0,0.0,0.0,0.001584,0.0,0.0,0.0,0.0,0.002381,0.0,0.0,0.0,0.0,0.0,0.002381,0.0,0.0,0.0,0.009524,0.007143,0.028504,0.002381,0.007722,0.004762,0.0,0.007147,0.004762,0.014286,0.002381,0.007143,1.0,0.011905,0.002381,0.0,0.002381,0.009524,0.0,0.0,0.0,0.0,0.0,0.0,0.0,0.0,0.0,0.001604,0.0,0.0,0.0,0.0,0.0,0.0,0.0,0.0,0.0,0.0,0.0,0.0,0.0,0.001508,0.0,0.0,0.002381,0.007143,0.002381,0.0,0.0,0.0,0.004762,0.0,0.0,0.019048,0.0,0.0,0.0,0.0,0.002381,0.0,0.0,0.0,0.0,0.0,0.0,0.002381,0.0,0.0,0.0,0.0,0.0,0.0,0.0,0.0,0.0,0.0,0.0,0.0,0.0,0.0,0.0,0.0,0.0,0.0,0.0,0.0,0.0,0.0,0.0,0.0,0.0,0.0,0.0,0.0,0.0,0.0,0.0,0.0,0.0,0.0,0.0,0.0,0.0,0.0,0.0,0.0,0.0,0.0,0.0,0.0,0.0,0.0,0.0,0.0,0.0,0.0,0.0,0.0,0.0,0.0,0.0,0.0,0.0,0.0,0.0,0.0,0.0,0.0,0.0,0.001664,0.0,0.0,0.0,0.0,0.0,0.0,0.0,0.002381,0.0,0.0,0.0,0.0,0.007143,0.0,0.002381,0.0,0.001992,0.002123,0.0,0.0,0.0,0.0,0.0,0.0,0.0,0.0,0.003442,0.00155,0.000529,0.0,0.0,0.004,0.005912,0.008004,0.000428,0.002548,0.0,0.001919,0.0,0.001651,0.0,0.0,0.000763,0.002445,0.005097,0.002278,0.001827,0.006308,0.002023,0.0,0.0,0.000368,0.001504,0.0,0.000468,0.0,0.001428,0.001369,0.0,0.0,0.002381,0.000514,0.003058,0.001684,0.0,0.007143,0.001764,0.0,0.002381,0.002424,0.0,0.0,0.000366,0.000647,0.00089,0.0,0.0,0.0,0.0,0.0,0.002381,0.0,0.013575,0.0,0.0,0.0,0.002381,0.002833,0.001718,0.0,0.002568,0.0,0.002381,0.005977,0.006764,0.005882,0.00299,0.002381,0.0,0.0,0.0,0.002381,0.0,0.0,0.0,0.0,0.002381,0.0,0.0,0.002381,0.0,0.001258,0.0,0.0,0.0,0.002381,0.0,0.0,0.0,0.0,0.002381,0.0,0.0,0.0,0.0,0.0,0.0,0.0,0.0,0.0,0.0,0.0,0.0,0.0,0.0,0.002381,0.0,0.002893,0.001329,0.001553,0.000368,0.003968,0.002676,0.001066,0.002381,0.007143,0.0,0.003509,0.0,0.007143,0.0,0.001864,0.004762,0.002381,0.0,0.002381,0.002353,0.0,0.002381,0.0,0.0,0.0,0.0,0.007143,0.0,0.0,0.0,0.0,0.0,0.0,0.002088,0.0,0.0,0.0,0.0,0.003279,0.002381,0.002381,0.0,0.0,0.0,0.0,0.0,0.0,0.0,0.0,0.0,0.0,0.0,0.000749,0.004762,0.0,0.002353,0.002381,0.002304,0.00065,0.001062,0.0,0.0,0.0,0.004762,0.0,0.004762,0.003623,0.0,0.0,0.0,0.002381,0.000929,0.0,0.0,0.002381,0.001497,0.002381,0.0,0.0,0.002381,0.002381,0.0,0.0,0.0,0.0,0.0,0.0,0.0,0.0,0.0,0.000856,0.0,0.002033,0.0,0.0,0.0,0.0,0.0
1080,0.0,0.0,0.0,0.00177,0.0,0.0,0.0,0.0,0.0,0.0011,0.0,0.0,0.003831,0.001605,0.0,0.0,0.0,0.0,0.001113,0.0,0.0,0.00471,0.019934,0.009174,0.005535,0.004902,0.0,0.015957,0.0,0.0,0.0,0.0,0.0,0.0,0.0,0.0,0.003167,0.0,0.0,0.0,0.0,0.0,0.0,0.0,0.002597,0.0,0.0,0.0,0.0,0.0,0.0,0.009926,0.017647,0.0,0.0,0.003861,0.018779,0.009174,0.0,0.0,0.0,0.009174,0.006711,0.011905,1.0,0.0,0.0,0.0,0.002525,0.0,0.0,0.0,0.0,0.0,0.0,0.0,0.0,0.0,0.000401,0.0,0.0,0.0,0.0,0.0,0.0,0.0,0.0,0.0,0.0,0.0,0.0,0.0,0.0,0.0,0.0,0.0,0.0,0.009174,0.0,0.0,0.0,0.0,0.0,0.0,0.0,0.0,0.0,0.0,0.0,0.0,0.0,0.0,0.0,0.00639,0.0,0.0,0.0,0.0,0.0,0.0,0.0,0.0,0.0,0.0,0.0,0.0,0.0,0.0,0.0,0.0,0.0,0.0,0.0,0.0,0.0,0.0,0.0,0.0,0.0,0.0,0.0,0.0,0.0,0.0,0.0,0.0,0.0,0.0,0.0,0.0,0.0,0.0,0.0,0.0,0.0,0.0,0.0,0.0,0.0,0.0,0.0,0.0,0.0,0.0,0.0,0.0,0.0,0.0,0.0,0.0,0.0,0.0,0.0,0.0,0.0,0.0,0.0,0.0,0.0,0.0,0.001664,0.0,0.0,0.0,0.0,0.0,0.0,0.0,0.0,0.007812,0.0,0.0,0.0,0.0,0.0,0.0,0.0,0.0,0.0,0.0,0.0,0.0,0.0,0.0,0.0,0.0,0.0,0.0,0.0,0.0,0.0,0.0,0.0,0.008446,0.002668,0.000428,0.001568,0.001008,0.0,0.0,0.000413,0.0,0.0,0.000763,0.002445,0.000566,0.000311,0.0,0.001419,0.0,0.0,0.0,0.0,0.0,0.002174,0.000468,0.0,0.000357,0.0,0.0,0.0,0.0,0.0,0.001092,0.001924,0.0,0.0,0.001764,0.0,0.0,0.0,0.0,0.0,0.0,0.000144,0.000791,0.0,0.0,0.0,0.0,0.0,0.0,0.0,0.012066,0.0,0.0,0.0,0.0,0.001889,0.0,0.0,0.000367,0.0,0.0,0.000162,0.0,0.0,0.0,0.0,0.0,0.0,0.0,0.0,0.0,0.0,0.0,0.0,0.0,0.0,0.0,0.0,0.0,0.0,0.0,0.0,0.0,0.0,0.0,0.0,0.0,0.0,0.0,0.0,0.0,0.0,0.0,0.0,0.0,0.0,0.0,0.0,0.0,0.0,0.0,0.0,0.0,0.0,0.0,0.000964,0.000391,0.0,0.000368,0.001587,0.000446,0.0,0.018349,0.00625,0.0,0.001404,0.0,0.0,0.0,0.000311,0.009677,0.0,0.0,0.0,0.0,0.0,0.0,0.0,0.0,0.0,0.0,0.0,0.0,0.0,0.0,0.0,0.0,0.002451,0.0,0.0,0.0,0.0,0.0,0.0,0.0,0.0,0.0,0.0,0.0,0.0,0.0,0.0,0.0,0.0,0.0,0.0,0.0,0.0,0.0,0.0,0.0,0.0,0.0,0.0,0.000531,0.0,0.0,0.0,0.0,0.0,0.0,0.0,0.0,0.0,0.0,0.0,0.0,0.0,0.0,0.0,0.0,0.009174,0.0,0.0,0.0,0.0,0.0,0.0,0.0,0.0,0.0,0.0,0.0,0.0,0.0,0.0,0.0,8.8e-05,0.0,0.0,0.0,0.0,0.0
1101,0.0,0.001043,0.0,0.00177,0.0,0.0,0.0,0.0,0.0,0.00055,0.0,0.0,0.0,0.0,0.000623,0.0,0.0,0.0,0.001113,0.0,0.0,0.00157,0.001661,0.0,0.001845,0.0,0.0,0.0,0.0,0.0,0.0,0.0,0.0,0.0,0.0,0.0,0.0,0.0,0.0,0.0,0.0,0.0,0.0,0.0,0.0,0.0,0.0,0.0,0.0,0.0,0.0,0.0,0.0,0.004751,0.0,0.0,0.0,0.0,0.00065,0.036585,0.0,0.0,0.0,0.002381,0.0,1.0,0.02439,0.012195,0.002525,0.0,0.0,0.0,0.0,0.0,0.0,0.0,0.0,0.0,0.0,0.0,0.0,0.0,0.0,0.0,0.0,0.0,0.0,0.0,0.0,0.0,0.0,0.0,0.0,0.0,0.0,0.0,0.033333,0.0,0.0,0.0,0.0,0.0,0.0,0.0,0.010309,0.0,0.0,0.0,0.0,0.0,0.0,0.0,0.0,0.0,0.0,0.0,0.0,0.0,0.0,0.0,0.0,0.0,0.0,0.0,0.0,0.0,0.0,0.0,0.0,0.0,0.0,0.0,0.0,0.0,0.0,0.0,0.0,0.0,0.0,0.0,0.0,0.0,0.0,0.0,0.0,0.0,0.0,0.0,0.0,0.0,0.0,0.0,0.0,0.0,0.0,0.0,0.0,0.0,0.0,0.0,0.0,0.0,0.0,0.0,0.0,0.0,0.0,0.0,0.0,0.0,0.0,0.0,0.0,0.0,0.0,0.0,0.012195,0.0,0.0,0.0,0.0,0.0,0.0,0.0,0.0,0.0,0.0,0.0,0.0,0.0,0.0,0.0,0.0,0.0,0.0,0.0,0.0,0.0,0.0,0.0,0.0,0.0,0.0,0.0,0.0,0.0,0.001701,0.0,0.0,0.000529,0.0,0.0,0.0,0.000422,0.001779,0.0,0.000588,0.0,0.0,0.0,0.0,0.0,0.0,0.000254,0.001467,0.000189,0.000414,0.000731,0.000473,0.002889,0.0,0.0,0.0,0.0,0.0,0.000234,0.0,0.0,0.0,0.0,0.0,0.0,0.000171,0.000218,0.000722,0.0,0.0,0.0,0.0,0.0,0.0,0.0,0.0,0.000183,0.000216,0.000643,0.0,0.0,0.0,0.0,0.0,0.0,0.0,0.0,0.0,0.0,0.0,0.0,0.0,0.0,0.0,0.0,0.0,0.0,0.000162,0.0,0.0,0.001794,0.0,0.0,0.0,0.0,0.0,0.0,0.0,0.0,0.0,0.0,0.0,0.0,0.0,0.0,0.0,0.0,0.0,0.0,0.0,0.0,0.0,0.0,0.0,0.0,0.0,0.0,0.0,0.0,0.0,0.0,0.0,0.0,0.0,0.0,0.0,0.0,0.0,0.0,0.0,0.0,0.0,0.000156,0.0,0.0,0.0,0.000446,0.000355,0.0,0.0,0.0,0.0,0.0,0.0,0.0,0.000155,0.0,0.0,0.0,0.0,0.0,0.0,0.0,0.0,0.0,0.0,0.0,0.003472,0.0,0.0,0.0,0.0,0.0,0.0,0.0,0.0,0.0,0.0,0.0,0.00082,0.0,0.0,0.0,0.0,0.0,0.0,0.0,0.0,0.0,0.0,0.0,0.0,0.0,0.0,0.0,0.0,0.000471,0.0,0.0,0.0,0.0,0.0,0.0,0.0,0.0,0.0,0.00339,0.0,0.0,0.0,0.0,0.0,0.000929,0.0,0.0,0.0,0.0,0.0,0.0,0.0,0.0,0.0,0.0,0.00129,0.0,0.0,0.0,0.0,0.0,0.0,0.0,0.0,0.0,0.000265,0.0,0.0,0.0,0.0,0.0
1102,0.0,0.0,0.0,0.0,0.0,0.0,0.0,0.0,0.0,0.0,0.0,0.0,0.003831,0.0,0.0,0.0,0.0,0.0,0.000371,0.0,0.0,0.0,0.0,0.0,0.0,0.0,0.0,0.0,0.0,0.0,0.0,0.0,0.0,0.0,0.0,0.0,0.0,0.0,0.0,0.0,0.0,0.0,0.0,0.0,0.0,0.0,0.0,0.0,0.0,0.0,0.0,0.0,0.0,0.0,0.0,0.001931,0.00939,0.0,0.0,0.0,0.0,0.0,0.0,0.0,0.0,0.02439,1.0,0.021277,0.005051,0.0,0.0,0.0,0.0,0.0,0.0,0.0,0.0,0.0,0.000401,0.0,0.0,0.0,0.0,0.0,0.0,0.0,0.0,0.0,0.0,0.0,0.0,0.0,0.001508,0.0,0.0,0.0,0.0,0.0,0.0,0.0,0.0,0.0,0.0,0.0,0.0,0.0,0.0,0.0,0.0,0.0,0.0,0.0,0.0,0.0,0.0,0.0,0.0,0.0,0.0,0.0,0.0,0.0,0.0,0.0,0.0,0.0,0.0,0.0,0.0,0.0,0.0,0.0,0.0,0.0,0.0,0.0,0.0,0.0,0.0,0.0,0.0,0.0,0.0,0.0,0.0,0.0,0.0,0.0,0.0,0.0,0.0,0.0,0.0,0.0,0.0,0.0,0.0,0.0,0.0,0.0,0.0,0.0,0.0,0.0,0.0,0.0,0.0,0.0,0.0,0.0,0.0,0.0,0.0,0.0,0.0,0.0,0.0,0.0,0.0,0.0,0.0,0.0,0.0,0.0,0.0,0.0,0.0,0.0,0.0,0.0,0.0,0.0,0.0,0.0,0.0,0.0,0.0,0.0,0.0,0.0,0.0,0.0,0.0,0.0,0.0,0.0,0.001701,0.0,0.0,0.0,0.0,0.0,0.0,0.0,0.001037,0.0,0.0,0.0,0.0,0.0,0.0,0.0,0.0,0.0,0.0,0.000189,0.0,0.0,0.000158,0.000289,0.0,0.0,0.0,0.0,0.0,0.000234,0.0,0.0,0.0,0.0,0.0,0.0,0.0,0.0,0.000241,0.0,0.0,0.0,0.0,0.0,0.000269,0.0,0.0,0.0,7.2e-05,4.9e-05,0.0,0.0,0.0,0.0,0.0,0.0,0.0,0.003017,0.0,0.0,0.0,0.0,0.0,0.0,0.0,0.000367,0.0,0.0,0.000162,0.0,0.0,0.000598,0.0,0.0,0.0,0.0,0.0,0.0,0.0,0.0,0.0,0.0,0.0,0.0,0.0,0.0,0.0,0.0,0.0,0.0,0.0,0.0,0.0,0.0,0.0,0.0,0.0,0.0,0.0,0.0,0.0,0.0,0.0,0.0,0.0,0.0,0.0,0.0,0.0,0.0,0.0,0.0,0.0,0.000156,0.0,0.0,0.0,0.0,0.0,0.0,0.0,0.0,0.0,0.0,0.0,0.0,0.000155,0.0,0.0,0.0,0.0,0.0,0.0,0.0,0.0,0.0,0.0,0.0,0.0,0.0,0.0,0.0,0.0,0.0,0.0,0.0,0.0,0.0,0.0,0.0,0.0,0.0,0.0,0.0,0.0,0.0,0.0,0.0,0.0,0.0,0.0,0.0,0.002941,0.0,0.001497,0.0,0.0,0.000471,0.0,0.0,0.0,0.0,0.0,0.0,0.0,0.0,0.0,0.0,0.0,0.0,0.0,0.0,0.0,0.0,0.0,0.0,0.0,0.0,0.0,0.0,0.0,0.0,0.0,0.0,0.0,0.0,0.0,0.0,0.0,0.0,0.0,0.0,0.000428,0.0,0.0,0.0,0.0,0.0,0.0,0.0
1103,0.0,0.0,0.0,0.0,0.0,0.0,0.0,0.0,0.0,0.0,0.0,0.0,0.0,0.0,0.0,0.0,0.0,0.0,0.0,0.0,0.0,0.0,0.001661,0.0,0.001845,0.0,0.0,0.0,0.0,0.0,0.0,0.0,0.0,0.0,0.0,0.0,0.0,0.0,0.0,0.0,0.0,0.0,0.0,0.0,0.0,0.004149,0.0,0.0,0.0,0.0,0.0,0.002481,0.0,0.0,0.0,0.0,0.0,0.0,0.0,0.0,0.0,0.0,0.0,0.002381,0.0,0.012195,0.021277,1.0,0.002525,0.0,0.0,0.0,0.0,0.0,0.0,0.0,0.0,0.0,0.0,0.0,0.0,0.0,0.0,0.0,0.0,0.0,0.0,0.0,0.0,0.0,0.0,0.0,0.0,0.0,0.0,0.0,0.0,0.0,0.0,0.0,0.0,0.0,0.0,0.0,0.0,0.0,0.0,0.0,0.0,0.0,0.0,0.0,0.0,0.0,0.0,0.0,0.0,0.0,0.0,0.0,0.0,0.0,0.0,0.0,0.0,0.0,0.0,0.0,0.0,0.0,0.0,0.0,0.0,0.0,0.0,0.0,0.0,0.0,0.0,0.0,0.0,0.0,0.0,0.0,0.0,0.0,0.0,0.0,0.0,0.0,0.0,0.0,0.0,0.0,0.0,0.0,0.0,0.0,0.0,0.0,0.0,0.0,0.0,0.0,0.0,0.0,0.0,0.0,0.0,0.0,0.0,0.0,0.0,0.0,0.0,0.0,0.0,0.0,0.0,0.0,0.001664,0.0,0.0,0.0,0.0,0.0,0.0,0.0,0.0,0.0,0.0,0.0,0.0,0.0,0.0,0.0,0.0,0.000498,0.0,0.0,0.0,0.0,0.0,0.0,0.003436,0.0,0.0,0.0,0.0,0.0,0.0,0.0,0.0,0.0,0.000593,0.000428,0.000196,0.0,0.0,0.0,0.000825,0.0,0.0,0.0,0.0,0.000189,0.0,0.0,0.000158,0.000289,0.0,0.0,0.000368,0.0,0.0,0.0,0.0,0.000714,0.0,0.0,0.0,0.0,0.0,0.0,0.000241,0.0,0.0,0.0,0.0,0.0,0.000269,0.0,0.0,0.0,0.0,0.000198,0.0,0.0,0.0,0.0,0.0,0.0,0.0,0.001508,0.0,0.0,0.0,0.0,0.0,0.0,0.0,0.000734,0.0,0.0,0.000889,0.0,0.0,0.002392,0.0,0.0,0.0,0.0,0.0,0.0,0.0,0.0,0.0,0.0,0.0,0.0,0.0,0.0,0.0,0.0,0.0,0.0,0.0,0.0,0.0,0.0,0.0,0.0,0.0,0.0,0.0,0.0,0.0,0.0,0.0,0.0,0.0,0.0,0.0,0.0,0.0,0.0,0.0,0.0,0.0,0.000235,0.0,0.0,0.000794,0.0,0.0,0.0,0.0,0.0,0.0,0.0,0.003012,0.010582,0.000621,0.0,0.0,0.0,0.0,0.0,0.000745,0.0,0.0,0.0,0.0,0.0,0.0,0.002809,0.0,0.0,0.0,0.0,0.0,0.0,0.0,0.0,0.0,0.0,0.0,0.0,0.0,0.010101,0.0,0.0,0.0,0.0,0.0,0.0,0.0,0.0,0.0,0.0,0.0,0.0,0.0,0.0,0.0,0.0,0.00065,0.0,0.0,0.0,0.0,0.0,0.0,0.0,0.001208,0.0,0.0,0.0,0.0,0.0,0.0,0.0,0.0,0.001497,0.0,0.0,0.0,0.0,0.0,0.0,0.0,0.0,0.0,0.0,0.0,0.0,0.0,0.0,0.0,0.0,0.000265,0.0,0.0,0.0,0.0,0.0
1104,0.0,0.004171,0.0,0.0,0.0,0.0,0.0,0.002525,0.0,0.00055,0.0,0.0,0.0,0.0,0.004364,0.002525,0.0,0.0,0.001113,0.0,0.0,0.00157,0.0,0.0,0.00369,0.002525,0.0,0.0,0.0,0.0,0.0,0.0,0.0,0.0,0.002525,0.002525,0.003959,0.0,0.0,0.0,0.0,0.0,0.0,0.0,0.0,0.002525,0.0,0.0,0.0,0.0,0.0,0.002481,0.0,0.011876,0.0,0.007722,0.005051,0.0,0.003249,0.0,0.0,0.002525,0.002525,0.009524,0.002525,0.002525,0.005051,0.002525,1.0,0.0,0.0,0.0,0.0,0.0,0.002525,0.0,0.0,0.0,0.002005,0.0,0.0,0.0,0.0,0.0,0.002525,0.0,0.0,0.0,0.0,0.0,0.0,0.0,0.003017,0.001629,0.0,0.0,0.002525,0.002525,0.002525,0.0,0.0,0.002525,0.0,0.0,0.0,0.0,0.0,0.005051,0.0,0.0,0.0,0.0,0.0,0.0,0.0,0.002525,0.0,0.0,0.0,0.0,0.003058,0.0,0.0,0.0,0.0,0.0,0.0,0.0,0.0,0.0,0.0,0.0,0.0,0.0,0.0,0.0,0.0,0.0,0.0,0.0,0.0,0.0,0.0,0.0,0.0,0.0,0.0,0.0,0.0,0.0,0.0,0.0,0.0,0.0,0.0,0.0,0.0,0.0,0.0,0.0,0.0,0.0,0.0,0.0,0.0,0.0,0.0,0.0,0.0,0.002525,0.0,0.001996,0.0,0.0,0.0,0.0,0.0,0.0,0.0,0.0,0.006656,0.0,0.002525,0.0,0.0,0.0,0.0,0.002525,0.002525,0.012626,0.005051,0.002525,0.0,0.0,0.0,0.0,0.0,0.000498,0.0,0.003891,0.0,0.0,0.005051,0.002364,0.002525,0.0,0.0,0.0,0.0,0.001323,0.002074,0.000982,0.003,0.002534,0.006966,0.000428,0.001568,0.001008,0.0,0.0,0.002889,0.005051,0.0,0.001018,0.00489,0.001322,0.001967,0.002193,0.001735,0.003756,0.0,0.002351,0.00184,0.0,0.0,0.000702,0.0,0.002855,0.001825,0.0,0.005051,0.0,0.000342,0.001966,0.003127,0.0,0.0,0.0,0.0,0.0,0.001885,0.0,0.0,0.000916,0.001293,0.001929,0.0,0.0,0.0,0.0,0.0,0.0,0.0,0.001508,0.001976,0.0,0.0,0.0,0.001889,0.0,0.0,0.003302,0.002525,0.0,0.001777,0.003382,0.0,0.004785,0.0,0.0,0.0,0.0,0.0,0.0,0.0,0.0,0.002525,0.002525,0.0,0.0,0.0,0.0,0.003774,0.002525,0.0,0.0,0.002525,0.0,0.0,0.0,0.0,0.0,0.0,0.0,0.0,0.0,0.0,0.0,0.0,0.0,0.0,0.0,0.0,0.0,0.0,0.0,0.0,0.0,0.001929,0.001642,0.002329,0.002206,0.0,0.001784,0.003198,0.002525,0.0,0.0,0.001404,0.0,0.0,0.0,0.002641,0.0,0.0,0.0,0.0,0.002353,0.003352,0.0,0.0,0.002525,0.0,0.002525,0.0,0.002525,0.0,0.002525,0.0,0.0,0.002451,0.004175,0.0,0.004073,0.0,0.0,0.002459,0.0,0.0,0.0,0.0,0.007576,0.002525,0.0,0.0,0.0,0.0,0.003175,0.0,0.002525,0.002994,0.005051,0.0,0.000941,0.0,0.0,0.001951,0.000531,0.0,0.0,0.0,0.0,0.0,0.002525,0.001208,0.0,0.0,0.0,0.0,0.004647,0.0,0.0,0.0,0.0,0.0,0.0,0.0,0.0,0.0,0.0,0.00129,0.0,0.0,0.002525,0.0,0.0,0.0,0.0,0.00214,0.0,0.001767,0.002525,0.0,0.0,0.0,0.0
1200,0.0,0.0,0.0,0.0,0.0,0.0,0.0,0.0,0.0,0.0,0.0,0.0,0.0,0.001605,0.0,0.0,0.0,0.0,0.0,0.0,0.0,0.0,0.0,0.0,0.0,0.0,0.0,0.0,0.0,0.0,0.0,0.0,0.0,0.0,0.0,0.0,0.0,0.0,0.0,0.0,0.0,0.0,0.0,0.0,0.0,0.0,0.0,0.0,0.0,0.0,0.0,0.0,0.0,0.0,0.0,0.0,0.0,0.0,0.0,0.0,0.0,0.0,0.0,0.0,0.0,0.0,0.0,0.0,0.0,1.0,0.0,0.0,0.0,0.0,0.0,0.0,0.0,0.0,0.0,0.0,0.0,0.0,0.0,0.0,0.0,0.0,0.0,0.0,0.0,0.0,0.0,0.0,0.0,0.0,0.0,0.0,0.0,0.0,0.0,0.0,0.0,0.0,0.0,0.0,0.0,0.0,0.0,0.0,0.0,0.0,0.0,0.0,0.0,0.0,0.0,0.0,0.0,0.0,0.0,0.0,0.0,0.0,0.0,0.0,0.0,0.0,0.0,0.0,0.0,0.0,0.0,0.0,0.0,0.0,0.0,0.0,0.0,0.0,0.0,0.0,0.0,0.0,0.0,0.0,0.0,0.0,0.0,0.0,0.0,0.0,0.0,0.0,0.0,0.0,0.0,0.0,0.0,0.0,0.0,0.0,0.0,0.0,0.0,0.0,0.0,0.0,0.0,0.0,0.0,0.0,0.0,0.0,0.0,0.0,0.0,0.0,0.0,0.0,0.00303,0.0,0.0,0.0,0.0,0.0,0.0,0.0,0.0,0.0,0.0,0.0,0.0,0.0,0.0,0.0,0.0,0.0,0.0,0.0,0.0,0.0,0.0,0.0,0.0,0.0,0.0,0.0,0.0,0.0,0.0,0.0,0.000296,0.0,0.0,0.0,0.0,0.0,0.0,0.0,0.0,0.0,0.0,0.0,0.0,0.0,0.0,0.0,0.0,0.0,0.000158,0.0,0.0,0.0,0.0,0.0,0.0,0.0,0.0,0.0,0.0,0.0,0.0,0.0,0.0,0.0,0.0,0.0,0.0,0.0,0.0,0.0,0.0,0.0,0.0,0.0,0.0,0.0,0.0,0.0,0.0,0.0,0.0,0.0,0.0,0.0,0.0,0.0,0.0,0.0,0.0,0.0,0.0,0.000367,0.0,0.0,8.1e-05,0.0,0.0,0.0,0.0,0.0,0.0,0.0,0.0,0.0,0.0,0.0,0.0,0.0,0.0,0.0,0.0,0.0,0.0,0.0,0.0,0.0,0.0,0.0,0.0,0.0,0.0,0.0,0.0,0.0,0.0,0.0,0.0,0.0,0.0,0.0,0.0,0.0,0.0,0.0,0.0,0.0,0.0,0.0,0.0,0.0,0.0,0.0,0.0,0.0,0.0,0.0,0.0,0.0,0.0,0.0,0.0,0.0,0.0,0.0,0.0,0.0,0.0,0.0,0.0,0.0,0.0,0.0,0.0,0.0,0.0,0.0,0.0,0.0,0.0,0.0,0.0,0.0,0.0,0.0,0.0,0.0,0.0,0.0,0.0,0.0,0.0,0.0,0.0,0.0,0.0,0.0,0.0,0.0,0.0,0.0,0.0,0.0,0.0,0.0,0.0,0.0,0.0,0.0,0.0,0.0,0.0,0.0,0.0,0.0,0.0,0.0,0.0,0.0,0.0,0.0,0.0,0.0,0.0,0.0,0.0,0.0,0.0,0.0,0.0,0.0,0.0,0.0,0.0,0.0,0.0,0.0,0.0,0.0,0.0,0.0,0.0,0.0,0.0,0.0,0.0,0.0
1311,0.0,0.0,0.0,0.0,0.0,0.0,0.0,0.0,0.0,0.0,0.0,0.0,0.0,0.0,0.0,0.0,0.0,0.0,0.0,0.0,0.0,0.00157,0.0,0.0,0.0,0.004902,0.0,0.0,0.0,0.0,0.0,0.0,0.0,0.0,0.0,0.0,0.0,0.0,0.0,0.0,0.0,0.0,0.0,0.0,0.0,0.0,0.0,0.0,0.0,0.0,0.0,0.002481,0.0,0.004751,0.0,0.0,0.0,0.0,0.0,0.0,0.0,0.0,0.0,0.0,0.0,0.0,0.0,0.0,0.0,0.0,1.0,0.0,0.0,0.0,0.0,0.0,0.0625,0.0,0.000401,0.0,0.0,0.0,0.0,0.0,0.0,0.0,0.0,0.0,0.0,0.0,0.0,0.0,0.0,0.0,0.0,0.0,0.0,0.0,0.0,0.0,0.0,0.0,0.0,0.0,0.0,0.0,0.030303,0.0,0.0,0.0,0.0,0.0,0.0,0.0,0.025641,0.027027,0.0,0.0,0.0,0.0,0.0,0.0,0.0,0.0,0.0,0.0,0.0,0.0,0.0625,0.0,0.0,0.0,0.0,0.0,0.0,0.0,0.0,0.0,0.0,0.0,0.0,0.0,0.0,0.0,0.0,0.045455,0.0,0.0,0.0625,0.0,0.0,0.0,0.00565,0.0,0.0,0.0,0.0,0.0,0.0,0.0,0.0,0.0,0.0,0.0,0.0,0.0,0.0,0.0,0.0,0.0,0.0,0.0,0.0,0.0,0.0,0.0,0.015152,0.0,0.0,0.0,0.0,0.0,0.0,0.0,0.0,0.0,0.0,0.0,0.0,0.0,0.0,0.0,0.0,0.0,0.0,0.0,0.0,0.000498,0.0,0.001946,0.008065,0.0,0.0,0.0,0.0,0.0,0.001701,0.0,0.0,0.0,0.0,0.0,0.0,0.0,0.0,0.000428,0.0,0.0,0.0,0.0,0.0,0.0,0.0,0.0,0.0,0.0,0.000104,0.0,0.0,0.0,0.0,0.0,0.0,0.0,0.002174,0.0,0.0,0.0,0.0,0.0,0.0,0.0,0.000171,0.0,0.0,0.0,0.0,0.0,0.0,0.0,0.0,0.0,0.0,0.0,0.0,0.0,0.0,0.0,0.0,0.0,0.0,0.0,0.0,0.0,0.0,0.0,0.0,0.005025,0.0,0.0,0.0,0.0,0.0,0.0,8.1e-05,0.0,0.0,0.0,0.0,0.0,0.0,0.0,0.0,0.0,0.0,0.0,0.0,0.0,0.0,0.0,0.0,0.0,0.0,0.0,0.0,0.0,0.0,0.0,0.0,0.0,0.0,0.0,0.0,0.0,0.0,0.0,0.0,0.0,0.0,0.0,0.0,0.0,0.0,0.0,0.0,0.0,0.0,0.0,0.001929,0.000235,0.0,0.0,0.0,0.0,0.0,0.0,0.0,0.0,0.000702,0.0,0.0,0.0,0.0,0.0,0.0,0.0,0.0,0.0,0.0,0.0,0.0,0.0,0.0,0.0,0.0,0.0,0.0,0.0,0.0,0.0,0.002451,0.0,0.0,0.0,0.0,0.0,0.0,0.0,0.0,0.0,0.0,0.0,0.0,0.0,0.0,0.0,0.0,0.0,0.0,0.0,0.0,0.0,0.0,0.0,0.0,0.0,0.0,0.0,0.0,0.0,0.0,0.0,0.0,0.0,0.0,0.0,0.0,0.0,0.0,0.0,0.0,0.0,0.0,0.0,0.0,0.0,0.0,0.0,0.0,0.00813,0.0,0.0,0.0,0.002882,0.0,0.0,0.0,0.0,0.0,0.0,0.0,0.0,0.0,0.0,0.0,0.0
1312,0.0,0.0,0.0,0.0,0.0,0.0,0.0,0.0,0.0,0.0,0.0,0.0,0.0,0.0,0.0,0.0,0.0,0.0,0.000371,0.0,0.0,0.0,0.0,0.0,0.0,0.0,0.0,0.0,0.0,0.0,0.0,0.0,0.0,0.0,0.0,0.0,0.0,0.0,0.0,0.0,0.0,0.0,0.0,0.0,0.002597,0.0,0.0,0.0,0.0,0.0,0.0,0.0,0.0,0.0,0.0,0.0,0.0,0.0,0.0,0.0,0.0,0.0,0.0,0.0,0.0,0.0,0.0,0.0,0.0,0.0,0.0,1.0,0.0,0.017241,0.009585,0.017241,0.0,0.008403,0.001203,0.0,0.0,0.0,0.0,0.0,0.0,0.0,0.0,0.0,0.0,0.0,0.0,0.0,0.0,0.0,0.0,0.0,0.0,0.0,0.0,0.0,0.0,0.0,0.010753,0.017241,0.0,0.0,0.0,0.0,0.0,0.0,0.0,0.0,0.0,0.0,0.0,0.0,0.0,0.0,0.0,0.0,0.0,0.0,0.0,0.0,0.0,0.0,0.0,0.010989,0.0,0.0,0.0,0.0,0.0,0.0,0.0,0.0,0.0,0.0,0.0,0.0,0.0,0.017241,0.0,0.0,0.0,0.0,0.0,0.0,0.0,0.0,0.0,0.0,0.0,0.0,0.0,0.0,0.0,0.0,0.0,0.0,0.0,0.0,0.0,0.0,0.0,0.0,0.0,0.0,0.0,0.0,0.0,0.000998,0.0,0.0,0.0,0.0,0.0,0.0,0.006061,0.0,0.0,0.0,0.0,0.0,0.0,0.0,0.0,0.0,0.0,0.0,0.0,0.0,0.0,0.0,0.0,0.0,0.0,0.0,0.0,0.0,0.0,0.0,0.0,0.0,0.0,0.0,0.0,0.0,0.0,0.0,0.0,0.0,0.0,0.0,0.0,0.005135,0.000588,0.0,0.0,0.0,0.000413,0.0,0.0,0.0,0.000489,0.000944,0.0,0.000731,0.0,0.0,0.0,0.0,0.0,0.0,0.019565,0.000468,0.0,0.000357,0.0,0.0,0.0,0.0,0.001712,0.0,0.0,0.0,0.0,0.0,0.0,0.0,0.0,0.0,0.0,0.000366,0.0,9.9e-05,0.0,0.0,0.0,0.0,0.0,0.0,0.0,0.004525,0.0,0.0,0.0,0.0,0.0,0.0,0.0,0.000734,0.0,0.0,0.0,0.0,0.0,0.000598,0.0,0.0,0.0,0.0,0.0,0.0,0.0,0.0,0.0,0.0,0.0,0.0,0.0,0.0,0.0,0.0,0.0,0.0,0.0,0.0,0.0,0.0,0.0,0.0,0.0,0.0,0.0,0.0,0.0,0.0,0.0,0.0,0.0,0.0,0.0,0.0,0.0,0.0,0.0,0.0,0.0,0.000547,0.0,0.0,0.0,0.000892,0.0,0.0,0.0,0.0,0.0,0.0,0.0,0.0,0.000155,0.0,0.0,0.0,0.0,0.0,0.0,0.0,0.0,0.0,0.0,0.0,0.0,0.0,0.0,0.0,0.0,0.0,0.0,0.0,0.0,0.0,0.0,0.0,0.0,0.0,0.0,0.0,0.0,0.0,0.0,0.0,0.0,0.0,0.0,0.0,0.0,0.0,0.0,0.004587,0.0,0.0,0.0,0.0,0.000325,0.000531,0.0,0.0,0.0,0.0,0.0,0.0,0.001208,0.0,0.0,0.0,0.0,0.0,0.0,0.0,0.0,0.0,0.0,0.0,0.0,0.0,0.0,0.0,0.0,0.0,0.0,0.0,0.0,0.0,0.0,0.0,0.0,0.0,8.8e-05,0.0,0.0,0.0,0.0,0.0
1313,0.0,0.001043,0.0,0.0,0.0,0.0,0.0,0.0,0.0,0.00055,0.0,0.0,0.0,0.0,0.000623,0.0,0.0,0.0,0.0,0.0,0.0,0.0,0.0,0.0,0.0,0.0,0.0,0.0,0.0,0.0,0.0,0.0,0.0,0.0,0.0,0.0,0.0,0.0,0.0,0.0,0.0,0.0,0.0,0.0,0.0,0.0,0.0,0.0,0.0,0.0,0.0,0.0,0.0,0.002375,0.0,0.001931,0.0,0.0,0.0,0.0,0.0,0.0,0.0,0.0,0.0,0.0,0.0,0.0,0.0,0.0,0.0,0.0,1.0,0.0,0.009585,0.0,0.0,0.008403,0.005613,0.0,0.0,0.0,0.0,0.0,0.0,0.0,0.0,0.0,0.0,0.0,0.0,0.0,0.001508,0.0,0.0,0.0,0.0,0.0,0.0,0.0,0.0,0.0,0.0,0.0,0.0,0.0,0.0,0.0,0.0,0.0,0.0,0.0,0.0,0.0,0.0,0.0,0.0,0.0,0.0,0.0,0.0,0.0,0.0,0.0,0.0,0.002604,0.0,0.0,0.0,0.0,0.0,0.0,0.0,0.0,0.0,0.0,0.0,0.0,0.0,0.0,0.0,0.0,0.0,0.0,0.0,0.0,0.0,0.0,0.0,0.0,0.0,0.0,0.0,0.0,0.0,0.0,0.0,0.0,0.0,0.0,0.0,0.0,0.0,0.0,0.0,0.0,0.0,0.0,0.0,0.0,0.0,0.000998,0.0,0.0,0.0,0.0,0.0,0.0,0.0,0.0,0.0,0.0,0.0,0.0,0.0,0.0,0.0,0.0,0.0,0.0,0.0,0.0,0.0,0.0,0.0,0.0,0.0,0.000996,0.0,0.0,0.0,0.0,0.0,0.0,0.0,0.0,0.001701,0.0,0.0,0.000265,0.000889,0.0,0.002,0.0,0.000148,0.004279,0.000784,0.001008,0.0,0.0,0.000413,0.0,0.0,0.0,0.000489,0.001133,0.000414,0.000365,0.000158,0.000289,0.0,0.0,0.0,0.0,0.002174,0.000234,0.0,0.0,0.000456,0.0,0.0,0.0,0.002226,0.0,0.000241,0.0,0.0,0.0,0.0,0.0,0.0,0.0,0.0,0.000549,0.000359,0.000198,0.0,0.0,0.0,0.0,0.0,0.0,0.0,0.0,0.0,0.0,0.0,0.0,0.0,0.0,0.0,0.000734,0.0,0.0,0.000323,0.0,0.0,0.0,0.0,0.0,0.0,0.0,0.0,0.0,0.0,0.0,0.0,0.0,0.0,0.0,0.0,0.0,0.0,0.0,0.0,0.0,0.0,0.0,0.0,0.0,0.0,0.0,0.0,0.0,0.0,0.0,0.0,0.0,0.0,0.0,0.0,0.0,0.0,0.0,0.0,0.0,0.0,0.0,0.0,0.000391,0.0,0.000368,0.0,0.000446,0.001066,0.0,0.0,0.0,0.002105,0.0,0.006024,0.0,0.000466,0.0,0.0,0.0,0.0,0.0,0.000745,0.0,0.0,0.0,0.0,0.0,0.0,0.005618,0.0,0.0,0.0,0.0,0.0,0.0,0.0,0.0,0.0,0.0,0.0,0.0,0.0,0.0,0.0,0.0,0.0,0.0,0.0,0.0,0.0,0.0,0.0,0.0,0.000749,0.0,0.0,0.000471,0.0,0.0,0.000325,0.000531,0.0,0.0,0.0,0.0,0.0,0.0,0.0,0.0,0.0,0.0,0.0,0.000929,0.0,0.0,0.0,0.0,0.0,0.0,0.0,0.0,0.0,0.0,0.003871,0.0,0.0,0.0,0.0,0.0,0.004444,0.007067,0.0,0.004525,0.000353,0.0,0.0,0.0,0.0,0.0
1391,0.0,0.0,0.0,0.0,0.0,0.0,0.0,0.0,0.0,0.0,0.0,0.0,0.0,0.0,0.0,0.0,0.0,0.0,0.0,0.0,0.0,0.0,0.0,0.0,0.0,0.0,0.0,0.0,0.0,0.0,0.0,0.0,0.0,0.0,0.0,0.0,0.0,0.0,0.0,0.0,0.0,0.0,0.0,0.0,0.0,0.0,0.0,0.0,0.0,0.0,0.0,0.0,0.0,0.0,0.0,0.0,0.0,0.0,0.0,0.0,0.0,0.0,0.0,0.0,0.0,0.0,0.0,0.0,0.0,0.0,0.0,0.017241,0.0,1.0,0.0,0.0,0.0,0.008403,0.001203,0.0,0.034483,0.0,0.0,0.0,0.0,0.0,0.0,0.0,0.0,0.0,0.0,0.0,0.0,0.0,0.0,0.0,0.0,0.0,0.0,0.0,0.0,0.0,0.0,0.0,0.0,0.0,0.0,0.0,0.0,0.0,0.0,0.0,0.0,0.0,0.0,0.0,0.0,0.0,0.0,0.0,0.0,0.0,0.0,0.0,0.0,0.0,0.0,0.0,0.0,0.0,0.0,0.0,0.0,0.0,0.0,0.0,0.0,0.0,0.0,0.0,0.0,0.0,0.0,0.0,0.0,0.0,0.0,0.0,0.0,0.0,0.0,0.0,0.0,0.0,0.0,0.0,0.0,0.0,0.0,0.0,0.0,0.0,0.0,0.0,0.0,0.0,0.0,0.0,0.0,0.0,0.0,0.0,0.0,0.0,0.0,0.0,0.0,0.0,0.0,0.0,0.0,0.0,0.0,0.0,0.0,0.0,0.0,0.0,0.0,0.0,0.0,0.0,0.0,0.0,0.0,0.0,0.0,0.0,0.0,0.0,0.0,0.0,0.0,0.0,0.0,0.0,0.0,0.0,0.0,0.0,0.0,0.0,0.0,0.0,0.0,0.001284,0.0,0.0,0.0,0.0,0.0,0.0,0.0,0.0,0.0,0.000189,0.0,0.0,0.0,0.0,0.0,0.0,0.0,0.0,0.0,0.0,0.0,0.0,0.0,0.0,0.0,0.0,0.000856,0.0,0.0,0.0,0.0,0.0,0.0,0.0,0.0,0.0,0.0,0.0,7.2e-05,0.0,0.0,0.0,0.0,0.0,0.0,0.0,0.0,0.0,0.0,0.0,0.0,0.0,0.0,0.0,0.0,0.0,0.0,0.0,8.1e-05,0.0,0.0,0.0,0.0,0.0,0.0,0.0,0.0,0.0,0.0,0.0,0.0,0.0,0.0,0.0,0.0,0.0,0.0,0.0,0.0,0.0,0.0,0.0,0.0,0.0,0.0,0.0,0.0,0.0,0.0,0.0,0.0,0.0,0.0,0.0,0.0,0.0,0.0,0.0,0.0,0.0,0.0,0.0,0.0,0.000156,0.0,0.000368,0.0,0.0,0.0,0.0,0.0,0.0,0.0,0.0,0.0,0.0,0.0,0.0,0.0,0.0,0.0,0.0,0.0,0.0,0.0,0.0,0.0,0.0,0.0,0.0,0.0,0.0,0.0,0.0,0.0,0.0,0.0,0.0,0.0,0.0,0.00082,0.0,0.0,0.0,0.0,0.0,0.0,0.0,0.0,0.0,0.0,0.0,0.0,0.0,0.0,0.0,0.0,0.0,0.0,0.0,0.0,0.0,0.0,0.0,0.0,0.0,0.0,0.0,0.0,0.0,0.0,0.0,0.0,0.0,0.0,0.0,0.0,0.0,0.0,0.0,0.0,0.0,0.0,0.0,0.0,0.0,0.0,0.0,0.0,0.0,0.0,0.0,0.0,0.0,0.0,0.0,0.0,0.0,0.0,0.0
1392,0.0,0.001043,0.0,0.00354,0.0,0.0,0.0,0.0,0.0,0.00055,0.0,0.0,0.0,0.001605,0.000623,0.0,0.0,0.0,0.000371,0.0,0.0,0.0,0.001661,0.0,0.0,0.0,0.0,0.0,0.0,0.0,0.0,0.0,0.0,0.0,0.0,0.0,0.001584,0.0,0.0,0.0,0.0,0.0,0.0,0.0,0.0,0.003195,0.0,0.0,0.0,0.0,0.0,0.0,0.0,0.0,0.0,0.001931,0.0,0.0,0.00065,0.0,0.003195,0.0,0.0,0.0,0.0,0.0,0.0,0.0,0.002525,0.0,0.0,0.009585,0.009585,0.0,1.0,0.0,0.0,0.0,0.009623,0.003195,0.0,0.0,0.0,0.0,0.0,0.0,0.005208,0.0,0.0,0.0,0.0,0.0,0.003017,0.003257,0.0,0.0,0.003195,0.0,0.003195,0.0,0.0,0.0,0.003195,0.0,0.0,0.0,0.003195,0.00639,0.003195,0.0,0.0,0.003195,0.003195,0.003195,0.0,0.0,0.0,0.003195,0.0,0.0,0.0,0.0,0.0,0.0,0.0,0.0,0.0,0.00639,0.0,0.0,0.003195,0.0,0.0,0.0,0.003195,0.0,0.0,0.003195,0.0,0.0,0.0,0.0,0.0,0.0,0.0,0.0,0.0,0.0,0.0,0.0,0.0,0.0,0.0,0.0,0.0,0.0,0.0,0.0,0.0,0.0,0.0,0.0,0.0,0.0,0.0,0.0,0.0,0.0,0.0,0.0,0.0,0.007984,0.0,0.0,0.0,0.003195,0.003195,0.0,0.006061,0.0,0.0,0.0,0.0,0.0,0.0,0.0,0.0,0.0,0.0,0.0,0.0,0.0,0.0,0.0,0.0,0.0,0.0,0.000996,0.0,0.0,0.0,0.0,0.0,0.002364,0.0,0.0,0.0,0.0,0.0,0.001323,0.001481,0.000982,0.003,0.0,0.000296,0.009414,0.002548,0.0,0.0,0.0,0.001238,0.0,0.003195,0.000509,0.002934,0.001322,0.001553,0.001462,0.000789,0.000578,0.0,0.00047,0.000736,0.004511,0.036957,0.002107,0.022364,0.001071,0.000912,0.0,0.00639,0.0,0.003424,0.001092,0.000241,0.0,0.0,0.003527,0.0,0.0,0.000269,0.0,0.0,0.000549,0.001006,0.00089,0.0,0.0,0.0,0.0,0.0,0.0,0.0,0.003017,0.0,0.0,0.0,0.0,0.0,0.0,0.003195,0.002201,0.0,0.0,0.001373,0.0,0.003922,0.000598,0.0,0.0,0.0,0.0,0.0,0.0,0.0,0.0,0.0,0.0,0.0,0.0,0.003195,0.0,0.0,0.0,0.0,0.0,0.0,0.0,0.0,0.0,0.0,0.0,0.0,0.0,0.0,0.0,0.0,0.0,0.0,0.0,0.0,0.0,0.0,0.0,0.0,0.0,0.0,0.0,0.000964,0.001407,0.003882,0.001838,0.000794,0.003122,0.000355,0.0,0.0,0.0,0.000702,0.0,0.009036,0.0,0.000311,0.0,0.0,0.0,0.0,0.0,0.002235,0.0,0.0,0.0,0.0,0.003195,0.003195,0.0,0.003195,0.0,0.0,0.00639,0.002451,0.002088,0.0,0.0,0.0,0.0,0.001639,0.003195,0.0,0.0,0.0,0.0,0.0,0.0,0.0,0.0,0.0,0.0,0.0,0.0,0.000749,0.0,0.0,0.0,0.0,0.0,0.00065,0.001592,0.0,0.0,0.0,0.0,0.0,0.0,0.0,0.0,0.0,0.0,0.0,0.0,0.0,0.003195,0.0,0.001497,0.0,0.0,0.0,0.003195,0.0,0.0,0.0,0.0,0.0,0.0,0.0,0.003195,0.009585,0.001767,0.000428,0.0,0.002033,0.0,0.0,0.0,0.0,0.0
1393,0.0,0.0,0.0,0.0,0.0,0.0,0.0,0.0,0.0,0.0,0.0,0.0,0.0,0.0,0.0,0.0,0.0,0.0,0.0,0.0,0.0,0.0,0.0,0.0,0.0,0.0,0.0,0.0,0.0,0.0,0.0,0.0,0.0,0.0,0.0,0.0,0.0,0.0,0.0,0.0,0.0,0.0,0.0,0.0,0.0,0.0,0.0,0.0,0.0,0.0,0.0,0.0,0.0,0.0,0.0,0.0,0.0,0.0,0.0,0.0,0.0,0.0,0.0,0.0,0.0,0.0,0.0,0.0,0.0,0.0,0.0,0.017241,0.0,0.0,0.0,1.0,0.0,0.008403,0.0,0.0,0.0,0.0,0.010101,0.0,0.0,0.0,0.0,0.0,0.0,0.0,0.0,0.0,0.0,0.0,0.0,0.0,0.0,0.0,0.0,0.0,0.0,0.0,0.0,0.0,0.0,0.0,0.0,0.0,0.0,0.0,0.0,0.0,0.0,0.0,0.0,0.0,0.0,0.0,0.0,0.0,0.0,0.0,0.0,0.0,0.0,0.0,0.0,0.0,0.0,0.0,0.0,0.0,0.0,0.0,0.0,0.0,0.0,0.0,0.0,0.0,0.0,0.0,0.0,0.0,0.0,0.0,0.0,0.0,0.0,0.0,0.0,0.0,0.0,0.0,0.0,0.0,0.0,0.0,0.0,0.0,0.0,0.0,0.0,0.0,0.0,0.0,0.0,0.0,0.0,0.0,0.0,0.000998,0.0,0.0,0.0,0.0,0.0,0.0,0.0,0.0,0.0,0.0,0.0,0.0,0.0,0.0,0.0,0.0,0.0,0.0,0.0,0.0,0.0,0.0,0.0,0.0,0.0,0.0,0.0,0.0,0.0,0.0,0.0,0.0,0.0,0.0,0.0,0.0,0.0,0.000265,0.000296,0.0,0.0,0.0,0.0,0.000428,0.0,0.0,0.0,0.0,0.0,0.0,0.0,0.0,0.0,0.000189,0.0,0.0,0.000158,0.0,0.0,0.0,0.000368,0.0,0.0,0.0,0.0,0.000357,0.0,0.0,0.0,0.0,0.0,0.0,0.0,0.0,0.0,0.0,0.012658,0.0,0.0,0.0,0.0,0.0,7.2e-05,4.9e-05,0.0,0.0,0.0,0.0,0.0,0.0,0.0,0.003017,0.0,0.0,0.0,0.0,0.0,0.0,0.0,0.0,0.0,0.0,0.0,0.0,0.0,0.0,0.0,0.0,0.0,0.0,0.0,0.0,0.0,0.0,0.0,0.0,0.0,0.0,0.0,0.0,0.0,0.0,0.0,0.0,0.0,0.0,0.0,0.0,0.0,0.0,0.0,0.0,0.0,0.0,0.0,0.0,0.0,0.0,0.0,0.0,0.0,0.0,0.0,0.0,0.0,0.0,0.0,0.000156,0.0,0.0,0.0,0.0,0.0,0.0,0.0,0.0,0.0,0.0,0.0,0.0,0.0,0.0,0.0,0.0,0.0,0.0,0.0,0.0,0.0,0.0,0.0,0.0,0.0,0.0,0.0,0.0,0.0,0.0,0.0,0.0,0.0,0.0,0.0,0.0,0.0,0.0,0.0,0.0,0.0,0.0,0.0,0.0,0.0,0.0,0.0,0.0,0.0,0.0,0.0,0.0,0.0,0.0,0.0,0.0,0.0,0.0,0.0,0.0,0.0,0.0,0.0,0.0,0.0,0.0,0.0,0.0,0.0,0.0,0.0,0.0,0.0,0.0,0.0,0.0,0.0,0.0,0.0,0.0,0.00129,0.0,0.0,0.0,0.0,0.0,0.0,0.003534,0.0,0.0,0.0,0.0,0.0,0.0,0.0,0.0
1394,0.0,0.0,0.0,0.0,0.0,0.0,0.0,0.0,0.0,0.0,0.0,0.0,0.0,0.0,0.000623,0.0,0.0,0.0,0.0,0.0,0.0,0.0,0.001661,0.0,0.0,0.0,0.0,0.0,0.0,0.0,0.0,0.0,0.0,0.0,0.00369,0.0,0.000792,0.0,0.0,0.0,0.0,0.0,0.0,0.0,0.0,0.0,0.0,0.0,0.0,0.0,0.0,0.0,0.0,0.0,0.0,0.0,0.0,0.0,0.0,0.0,0.0,0.0,0.0,0.0,0.0,0.0,0.0,0.0,0.0,0.0,0.0625,0.0,0.0,0.0,0.0,0.0,1.0,0.016807,0.000802,0.0,0.0,0.0,0.0,0.0,0.0,0.0,0.002604,0.0,0.0,0.0,0.0,0.0,0.0,0.0,0.0,0.0,0.0,0.0,0.0,0.0,0.0,0.0,0.0,0.0,0.0,0.0,0.0,0.005848,0.0,0.0,0.0,0.0,0.0,0.0,0.0,0.0,0.0,0.0,0.0,0.0,0.0,0.0,0.0,0.0,0.0,0.0,0.0,0.0,0.0,0.0,0.0,0.0,0.0,0.0,0.0,0.0,0.009709,0.0,0.0,0.0,0.0,0.0,0.0,0.0,0.0,0.0,0.0,0.0,0.0,0.0,0.0,0.0,0.0,0.0,0.058824,0.0,0.0,0.0,0.0,0.0,0.0,0.0,0.017544,0.0,0.0,0.0,0.0,0.0,0.0,0.0,0.0,0.0,0.0,0.0,0.0,0.0,0.0,0.0,0.0,0.0,0.0,0.0,0.0,0.0,0.0,0.0,0.0,0.0,0.0,0.0,0.0,0.0,0.0,0.0,0.0,0.0,0.0,0.0,0.0,0.0,0.0,0.0,0.0,0.0,0.0,0.0,0.0,0.0,0.0,0.0,0.0,0.0,0.0,0.0,0.000148,0.000856,0.0,0.0,0.0,0.0,0.000413,0.0,0.0,0.0,0.0,0.0,0.0,0.0,0.0,0.0,0.0,0.0,0.0,0.0,0.0,0.000234,0.0,0.000357,0.0,0.0,0.0,0.0,0.0,0.0,0.0,0.0,0.0,0.0,0.0,0.0,0.0,0.0,0.0,0.0,7.2e-05,9.9e-05,0.0,0.0,0.0,0.0,0.0,0.0,0.0,0.0,0.0,0.0,0.0,0.0,0.0,0.0,0.0,0.0,0.0,0.0,0.0,0.0,0.0,0.0,0.0,0.0,0.0,0.0,0.0,0.0,0.0,0.0,0.0,0.0,0.0,0.0,0.0,0.0,0.0,0.0,0.0,0.0,0.0,0.0,0.0,0.0,0.0,0.0,0.0,0.0,0.0,0.0,0.0,0.0,0.0,0.0,0.0,0.0,0.0,0.0,0.0,0.0,0.0,0.0,0.0,0.0,0.0,0.0,0.0,0.0,0.0,0.0,0.0,0.0,0.0,0.0,0.0,0.0,0.0,0.0,0.0,0.0,0.0,0.0,0.0,0.0,0.0,0.0,0.0,0.0,0.0,0.0,0.0,0.0,0.0,0.0,0.0,0.0,0.0,0.0,0.0,0.0,0.0,0.0,0.0,0.0,0.0,0.0,0.0,0.0,0.0,0.0,0.0,0.0,0.0,0.0,0.0,0.0,0.0,0.0,0.0,0.0,0.0,0.0,0.0,0.0,0.0,0.0,0.0,0.0,0.0,0.0,0.0,0.0,0.0,0.0,0.0,0.0,0.0,0.0,0.0,0.0,0.0,0.0,0.0,0.0,0.0,0.0,0.0,0.0,0.0,0.0,0.0,0.0,0.0,0.0,8.8e-05,0.0,0.0,0.0,0.0,0.0
1399,0.0,0.0,0.0,0.0,0.0,0.0,0.0,0.0,0.0,0.0,0.0,0.0,0.0,0.0,0.000623,0.0,0.007634,0.0,0.000371,0.0,0.0,0.0,0.0,0.0,0.0,0.0,0.0,0.0,0.0,0.0,0.0,0.0,0.0,0.0,0.0,0.0,0.0,0.0,0.0,0.0,0.0,0.0,0.0,0.0,0.0,0.0,0.0,0.0,0.0,0.0,0.0,0.0,0.0,0.0,0.0,0.0,0.0,0.0,0.0,0.0,0.0,0.0,0.003356,0.0,0.0,0.0,0.0,0.0,0.0,0.0,0.0,0.008403,0.008403,0.008403,0.0,0.008403,0.016807,1.0,0.009623,0.0,0.0,0.0,0.008403,0.0,0.0,0.0,0.0,0.0,0.0,0.0,0.0,0.0,0.001508,0.0,0.0,0.0,0.0,0.0,0.0,0.0,0.0,0.003311,0.0,0.0,0.0,0.0,0.0,0.0,0.0,0.0,0.0,0.008403,0.0,0.003195,0.0,0.0,0.0,0.0,0.0,0.0,0.0,0.0,0.0,0.0,0.0,0.0,0.0,0.0,0.0,0.0,0.0,0.0,0.0,0.0,0.0,0.0,0.0,0.0,0.0,0.0,0.0,0.0,0.0,0.0,0.0,0.0,0.0,0.0,0.0,0.0,0.0,0.0,0.0,0.0,0.0,0.0,0.0,0.0,0.0,0.0,0.0,0.0,0.0,0.0,0.0,0.0,0.0,0.0,0.0,0.0,0.0,0.0,0.0,0.0,0.0,0.0,0.0,0.0,0.006061,0.0,0.0,0.0,0.0,0.0,0.0,0.0,0.0,0.0,0.0,0.0,0.0,0.0,0.0,0.0,0.0,0.0,0.0,0.0,0.0,0.0,0.0,0.0,0.0,0.0,0.0,0.0,0.0,0.0,0.0,0.0,0.0,0.0,0.0,0.0,0.000148,0.00813,0.000392,0.0,0.0,0.0,0.000825,0.0,0.0,0.0,0.0,0.000566,0.000621,0.001827,0.0,0.000289,0.0,0.00047,0.000368,0.0,0.01087,0.000234,0.0,0.000714,0.0,0.0,0.0,0.004695,0.002226,0.000437,0.0,0.0,0.0,0.005291,0.0,0.0,0.000269,0.0,0.0,0.000183,0.000287,0.000297,0.0,0.0,0.0,0.0,0.0,0.0,0.0,0.003017,0.001976,0.0,0.0,0.0,0.001889,0.0,0.0,0.000367,0.0,0.0,8.1e-05,0.0,0.0,0.000598,0.0,0.0,0.0,0.0,0.0,0.0,0.0,0.0,0.0,0.0,0.0,0.0,0.0,0.0,0.0,0.0,0.0,0.0,0.0,0.0,0.0,0.0,0.0,0.0,0.0,0.0,0.0,0.0,0.0,0.0,0.0,0.0,0.0,0.0,0.0,0.0,0.0,0.0,0.0,0.0,0.0,0.000156,0.0,0.000368,0.0,0.000446,0.000355,0.0,0.0,0.0,0.0,0.0,0.0,0.0,0.000466,0.0,0.0,0.0,0.0,0.0,0.000372,0.0,0.0,0.0,0.0,0.0,0.0,0.0,0.0,0.0,0.0,0.0,0.0,0.0,0.0,0.0,0.0,0.0,0.0,0.0,0.010204,0.0,0.0,0.0,0.0,0.0,0.0,0.0,0.0,0.001587,0.0,0.0,0.000749,0.0,0.0,0.000471,0.0,0.0,0.0,0.001062,0.0,0.0,0.0,0.0,0.0,0.0,0.0,0.0,0.0,0.0,0.0,0.0,0.0,0.0,0.0,0.0,0.0,0.0,0.0,0.0,0.0,0.0,0.002581,0.0,0.0,0.0,0.0,0.0,0.013333,0.0,0.0,0.004525,0.000442,0.0,0.0,0.0,0.0,0.0
1410,0.000401,0.003208,0.0,0.0,0.0,0.0,0.0,0.000401,0.0,0.002406,0.000401,0.000401,0.000802,0.000401,0.004812,0.0,0.0,0.000401,0.00705,0.0,0.0,0.000802,0.000802,0.000401,0.000401,0.0,0.0,0.0,0.0,0.0,0.0,0.0,0.0,0.0,0.0,0.0,0.000802,0.0,0.0,0.0,0.0,0.0,0.0,0.0,0.000401,0.0,0.0,0.0,0.0,0.0,0.0,0.000401,0.0,0.000802,0.0,0.001203,0.000802,0.0,0.005613,0.0,0.000802,0.0,0.002005,0.001604,0.000401,0.0,0.000401,0.0,0.002005,0.0,0.000401,0.001203,0.005613,0.001203,0.009623,0.0,0.000802,0.009623,1.0,0.0,0.002807,0.0,0.002807,0.003208,0.0,0.0,0.000401,0.0,0.0,0.0,0.0,0.000401,0.004411,0.001203,0.0,0.000401,0.0,0.0,0.0,0.000401,0.0,0.001203,0.000401,0.0,0.0,0.0,0.000401,0.001203,0.0,0.0,0.0,0.001203,0.0,0.001604,0.0,0.0,0.0,0.0,0.0,0.0,0.001203,0.0,0.0,0.0,0.000401,0.001604,0.0,0.000401,0.0,0.0,0.0,0.0,0.0,0.0,0.000401,0.0,0.000401,0.0,0.0,0.0,0.0,0.0,0.0,0.0,0.0,0.0,0.0,0.0,0.000401,0.0,0.0,0.0,0.000401,0.0,0.000401,0.0,0.0,0.0,0.0,0.0,0.000401,0.0,0.000802,0.0,0.0,0.0,0.0,0.0,0.0,0.0,0.0,0.004411,0.001203,0.000401,0.0,0.000802,0.001604,0.000802,0.009222,0.000401,0.002005,0.000802,0.000401,0.0,0.0,0.0,0.000401,0.0,0.0,0.000401,0.0,0.0,0.000401,0.0,0.0,0.000401,0.0,0.002005,0.000401,0.0,0.0,0.0,0.0,0.002406,0.000401,0.0,0.000401,0.0,0.000802,0.006616,0.00563,0.001604,0.002807,0.003609,0.00415,0.136728,0.00921,0.001604,0.000401,0.0,0.004812,0.0,0.0,0.003308,0.005213,0.012082,0.010664,0.012427,0.00552,0.006934,0.000401,0.002406,0.005889,0.000802,0.010024,0.004213,0.0,0.005353,0.006415,0.0,0.003208,0.0,0.0981,0.006116,0.006495,0.0,0.000401,0.02085,0.000401,0.000802,0.007002,0.000401,0.0,0.00696,0.01135,0.004303,0.0,0.0,0.0,0.001203,0.0,0.0,0.0,0.000802,0.000401,0.0,0.0,0.000401,0.0,0.000802,0.000802,0.007704,0.0,0.0,0.009935,0.001203,0.002005,0.005613,0.0,0.000401,0.0,0.0,0.0,0.000401,0.0,0.0,0.0,0.0,0.0,0.000401,0.0,0.0,0.002005,0.001203,0.0,0.0,0.0,0.000401,0.0,0.0,0.0,0.0,0.0,0.0,0.0,0.000401,0.0,0.0,0.0,0.0,0.0,0.0,0.0,0.0,0.000401,0.0,0.0,0.0,0.002807,0.011884,0.003609,0.007721,0.002005,0.004812,0.001421,0.0,0.0,0.000802,0.004411,0.0,0.001604,0.000401,0.007302,0.000401,0.000401,0.000401,0.000401,0.00401,0.005959,0.0,0.0,0.0,0.0,0.000401,0.000401,0.0,0.000401,0.000401,0.0,0.0,0.002005,0.000401,0.000401,0.001203,0.001604,0.0,0.003609,0.000401,0.002406,0.000401,0.0,0.0,0.0,0.0,0.0,0.0,0.0,0.000802,0.002005,0.000401,0.004812,0.000802,0.000401,0.010024,0.0,0.0,0.002601,0.001203,0.0,0.000401,0.000401,0.000401,0.0,0.000802,0.004411,0.0,0.0,0.0,0.001203,0.005613,0.0,0.001203,0.000401,0.003208,0.0,0.0,0.0,0.001203,0.0,0.0,0.001604,0.0,0.0,0.0,0.002005,0.0,0.012029,0.008821,0.007217,0.000401,0.007865,0.000401,0.0,0.0,0.0,0.0
1420,0.0,0.0,0.0,0.0,0.0,0.0,0.0,0.0,0.0,0.0,0.0,0.0,0.0,0.0,0.0,0.0,0.0,0.0,0.0,0.0,0.0,0.0,0.0,0.0,0.0,0.0,0.0,0.0,0.0,0.0,0.0,0.0,0.0,0.0,0.0,0.0,0.0,0.0,0.0,0.0,0.0,0.0,0.0,0.0,0.0,0.0,0.0,0.0,0.0,0.0,0.0,0.0,0.0,0.0,0.0,0.0,0.0,0.0,0.0,0.0,0.0,0.0,0.0,0.0,0.0,0.0,0.0,0.0,0.0,0.0,0.0,0.0,0.0,0.0,0.003195,0.0,0.0,0.0,0.0,1.0,0.0,0.058824,0.010101,0.002882,0.0,0.0,0.0,0.0,0.0,0.0,0.0,0.0,0.0,0.0,0.0,0.0,0.0,0.0,0.0,0.0,0.0,0.0,0.0,0.0,0.0,0.0,0.0,0.0,0.0,0.0,0.0,0.0,0.0,0.0,0.0,0.0,0.0,0.0,0.0,0.0,0.0,0.0,0.0,0.0,0.0,0.0,0.0,0.0,0.0,0.0,0.0,0.0,0.0,0.0,0.0,0.0,0.0,0.0,0.0,0.0,0.0,0.0,0.0,0.0,0.0,0.0,0.0,0.0,0.0,0.0,0.0,0.0,0.0,0.0,0.0,0.0,0.0,0.0,0.0,0.0,0.0,0.0,0.0,0.0,0.0,0.0,0.0,0.0,0.0,0.0,0.0,0.000998,0.0,0.0,0.0,0.0,0.0,0.006667,0.0,0.0,0.0,0.0,0.0,0.0,0.0,0.0,0.0,0.0,0.0,0.0,0.0,0.0,0.0,0.0,0.0,0.0,0.0,0.0,0.0,0.0,0.0,0.0,0.0,0.0,0.0,0.0,0.0,0.0,0.0,0.0,0.0,0.0,0.0,0.0,0.0,0.0,0.0,0.0,0.0,0.0,0.0,0.0,0.0,0.0,0.000489,0.0,0.0,0.0,0.0,0.0,0.0,0.0,0.0,0.0,0.002174,0.0,0.0,0.0,0.0,0.0,0.0,0.0,0.000685,0.0,0.0,0.0,0.0,0.0,0.0,0.0,0.0,0.0,0.0,0.0,7.2e-05,9.9e-05,0.0,0.0,0.0,0.0,0.0,0.0,0.0,0.0,0.0,0.0,0.0,0.0,0.0,0.0,0.0,0.0,0.0,0.0,8.1e-05,0.0,0.0,0.0,0.0,0.0,0.0,0.0,0.0,0.0,0.0,0.0,0.0,0.0,0.0,0.0,0.0,0.0,0.0,0.0,0.0,0.0,0.0,0.0,0.0,0.0,0.0,0.0,0.0,0.0,0.0,0.0,0.0,0.0,0.0,0.0,0.0,0.0,0.0,0.0,0.0,0.0,0.0,0.0,0.0,7.8e-05,0.0,0.0,0.0,0.0,0.0,0.0,0.0,0.0,0.0,0.0,0.0,0.0,0.0,0.0,0.0,0.0,0.0,0.0,0.0,0.0,0.0,0.0,0.0,0.0,0.0,0.0,0.0,0.0,0.0,0.0,0.0,0.0,0.0,0.0,0.0,0.0,0.0,0.0,0.0,0.0,0.0,0.0,0.0,0.0,0.0,0.0,0.0,0.0,0.0,0.0,0.0,0.0,0.0,0.0,0.0,0.0,0.0,0.0,0.0,0.0,0.0,0.0,0.0,0.0,0.0,0.0,0.0,0.0,0.0,0.0,0.0,0.0,0.0,0.0,0.0,0.0,0.0,0.0,0.0,0.0,0.0,0.0,0.0,0.0,0.0,0.0,0.0,0.0,0.0,0.0,0.000177,0.0,0.0,0.0,0.0,0.0
1430,0.0,0.0,0.0,0.0,0.0,0.0,0.0,0.0,0.0,0.0,0.0,0.0,0.0,0.0,0.0,0.0,0.0,0.0,0.0,0.0,0.0,0.0,0.0,0.0,0.0,0.0,0.0,0.0,0.0,0.0,0.0,0.0,0.0,0.0,0.0,0.0,0.0,0.0,0.0,0.0,0.0,0.0,0.0,0.0,0.0,0.0,0.0,0.0,0.0,0.0,0.0,0.0,0.0,0.0,0.0,0.0,0.0,0.0,0.0,0.0,0.0,0.0,0.0,0.0,0.0,0.0,0.0,0.0,0.0,0.0,0.0,0.0,0.0,0.034483,0.0,0.0,0.0,0.0,0.002807,0.0,1.0,0.0,0.0,0.0,0.0,0.0,0.0,0.0,0.0,0.0,0.0,0.0,0.0,0.0,0.0,0.0,0.0,0.0,0.0,0.0,0.0,0.0,0.0,0.0,0.0,0.0,0.0,0.0,0.0,0.0,0.0,0.0,0.0,0.0,0.0,0.0,0.0,0.0,0.0,0.0,0.0,0.0,0.0,0.0,0.0,0.0,0.0,0.0,0.0,0.0,0.0,0.0,0.0,0.0,0.0,0.0,0.0,0.0,0.0,0.0,0.0,0.0,0.0,0.0,0.0,0.0,0.0,0.0,0.0,0.0,0.0,0.0,0.0,0.0,0.0,0.0,0.0,0.0,0.0,0.0,0.0,0.0,0.0,0.0,0.0,0.0,0.0,0.0,0.0,0.0,0.0,0.0,0.0,0.0,0.0,0.0,0.0,0.0,0.00303,0.0,0.0,0.0,0.0,0.0,0.0,0.0,0.0,0.0,0.0,0.0,0.0,0.0,0.0,0.0,0.0,0.0,0.0,0.0,0.0,0.0,0.0,0.0,0.0,0.0,0.0,0.0,0.0,0.0,0.0,0.000265,0.0,0.0,0.0,0.0,0.0,0.001284,0.000784,0.0,0.0,0.0,0.000413,0.0,0.0,0.0,0.0,0.0,0.0,0.0,0.0,0.0,0.0,0.0,0.0,0.0,0.0,0.0,0.0,0.0,0.0,0.0,0.0,0.0,0.000514,0.000218,0.0,0.0,0.0,0.0,0.0,0.0,0.0,0.0,0.0,0.0,0.000144,0.0,0.0,0.0,0.0,0.0,0.0,0.0,0.0,0.0,0.0,0.0,0.0,0.0,0.0,0.0,0.0,0.000367,0.0,0.0,0.000162,0.0,0.0,0.0,0.0,0.0,0.0,0.0,0.0,0.0,0.0,0.0,0.0,0.0,0.0,0.0,0.0,0.0,0.0,0.0,0.0,0.0,0.0,0.0,0.0,0.0,0.0,0.0,0.0,0.0,0.0,0.0,0.0,0.0,0.0,0.0,0.0,0.0,0.0,0.0,0.0,0.0,0.0,0.0,0.0,7.8e-05,0.0,0.0,0.0,0.000446,0.000355,0.0,0.0,0.0,0.0,0.0,0.0,0.0,0.0,0.0,0.0,0.0,0.0,0.0,0.0,0.0,0.0,0.0,0.0,0.0,0.0,0.0,0.0,0.0,0.0,0.0,0.0,0.0,0.0,0.0,0.0,0.0,0.0,0.0,0.0,0.0,0.0,0.0,0.0,0.0,0.0,0.0,0.0,0.0,0.0,0.0,0.0,0.0,0.0,0.0,0.0,0.0,0.0,0.0,0.0,0.0,0.0,0.0,0.0,0.0,0.0,0.0,0.0,0.0,0.0,0.0,0.0,0.003257,0.0,0.0,0.0,0.0,0.0,0.0,0.0,0.0,0.0,0.0,0.0,0.0,0.0,0.0,0.0,0.0,0.0,0.0,0.0,0.0,0.0,0.0,0.0,0.0
1511,0.0,0.0,0.0,0.0,0.0,0.0,0.0,0.0,0.0,0.0,0.0,0.0,0.003831,0.0,0.0,0.0,0.0,0.0,0.0,0.0,0.0,0.0,0.0,0.0,0.0,0.0,0.0,0.0,0.0,0.0,0.0,0.0,0.0,0.0,0.0,0.0,0.0,0.0,0.0,0.0,0.0,0.0,0.0,0.0,0.0,0.0,0.0,0.0,0.0,0.0,0.0,0.0,0.0,0.0,0.0,0.0,0.0,0.0,0.0,0.0,0.0,0.0,0.0,0.0,0.0,0.0,0.0,0.0,0.0,0.0,0.0,0.0,0.0,0.0,0.0,0.0,0.0,0.0,0.0,0.058824,0.0,1.0,0.0,0.0,0.0,0.0,0.0,0.0,0.0,0.0,0.0,0.0,0.0,0.0,0.0,0.0,0.0,0.0,0.0,0.0,0.0,0.0,0.0,0.0,0.0,0.0,0.0,0.0,0.0,0.0,0.0,0.0,0.0,0.0,0.0,0.0,0.0,0.0,0.0,0.0,0.0,0.0,0.0,0.0,0.0,0.0,0.0,0.0,0.0,0.0,0.0,0.0,0.0,0.0,0.0,0.0,0.0,0.0,0.0,0.0,0.0,0.0,0.0,0.0,0.0,0.0,0.0,0.0,0.0,0.0,0.0,0.0,0.0,0.0,0.0,0.0,0.0,0.0,0.0,0.0,0.0,0.0,0.0,0.0,0.0,0.0,0.0,0.0,0.0,0.0,0.0,0.0,0.0,0.0,0.0,0.0,0.0,0.0,0.0,0.0,0.0,0.0,0.0,0.0,0.0,0.0,0.0,0.0,0.0,0.0,0.0,0.0,0.0,0.0,0.0,0.0,0.0,0.0,0.0,0.0,0.0,0.0,0.0,0.0,0.0,0.0,0.0,0.0,0.0,0.0,0.0,0.0,0.0,0.000845,0.0,0.0,0.000196,0.0,0.0,0.0,0.0,0.0,0.0,0.0,0.000489,0.000189,0.0,0.0,0.0,0.0,0.0,0.0,0.0,0.0,0.0,0.0,0.0,0.0,0.0,0.0,0.0,0.0,0.000685,0.0,0.0,0.0,0.0,0.0,0.0,0.0,0.0,0.0,0.0,0.000183,0.0,0.0,0.0,0.0,0.0,0.0,0.0,0.0,0.0,0.0,0.0,0.0,0.0,0.0,0.0,0.0,0.0,0.0,0.0,0.0,0.0,0.0,0.0,0.0,0.0,0.0,0.0,0.0,0.0,0.0,0.0,0.0,0.0,0.0,0.0,0.0,0.0,0.0,0.0,0.0,0.0,0.0,0.0,0.0,0.0,0.0,0.0,0.0,0.0,0.0,0.0,0.0,0.0,0.0,0.0,0.0,0.0,0.0,0.0,0.0,0.0,0.0,0.0,0.0,0.0,0.000313,0.0,0.0,0.0,0.0,0.0,0.0,0.0,0.0,0.0,0.0,0.0,0.0,0.0,0.0,0.0,0.0,0.0,0.0,0.0,0.0,0.0,0.0,0.0,0.0,0.0,0.0,0.0,0.0,0.0,0.0,0.0,0.0,0.0,0.0,0.0,0.0,0.0,0.0,0.0,0.0,0.0,0.0,0.0,0.0,0.0,0.0,0.0,0.0,0.0,0.0,0.0,0.0,0.0,0.0,0.0,0.0,0.0,0.0,0.0,0.0,0.0,0.0,0.0,0.0,0.0,0.0,0.0,0.0,0.0,0.0,0.0,0.0,0.0,0.0,0.0,0.0,0.0,0.0,0.0,0.0,0.0,0.0,0.0,0.0,0.0,0.0,0.0,0.001767,0.0,0.0,8.8e-05,0.0,0.0,0.0,0.0,0.0
1512,0.0,0.0,0.0,0.00177,0.0,0.0,0.0,0.0,0.0,0.0011,0.0,0.0,0.0,0.0,0.000623,0.0,0.0,0.0,0.0,0.0,0.0,0.0,0.0,0.0,0.0,0.0,0.0,0.0,0.0,0.0,0.0,0.0,0.0,0.0,0.0,0.0,0.0,0.0,0.0,0.0,0.0,0.0,0.0,0.0,0.0,0.0,0.0,0.0,0.0,0.0,0.0,0.0,0.0,0.002375,0.0,0.001931,0.0,0.0,0.00065,0.0,0.0,0.0,0.0,0.0,0.0,0.0,0.0,0.0,0.0,0.0,0.0,0.0,0.0,0.0,0.0,0.010101,0.0,0.008403,0.002807,0.010101,0.0,0.0,1.0,0.008646,0.0,0.0,0.0,0.0,0.009901,0.0,0.0,0.0,0.0,0.0,0.0,0.0,0.010101,0.0,0.0,0.0,0.0,0.0,0.0,0.0,0.0,0.0,0.0,0.005848,0.0,0.0,0.0,0.0,0.0,0.0,0.0,0.0,0.0,0.0,0.0,0.0,0.0,0.0,0.0,0.0,0.0,0.0,0.0,0.0,0.0,0.0,0.0,0.010101,0.0,0.0,0.0,0.0,0.0,0.0,0.0,0.0,0.0,0.0,0.0,0.0,0.0,0.0,0.0,0.0,0.0,0.0,0.0,0.0,0.0,0.0,0.0,0.0,0.0,0.0,0.0,0.0,0.010101,0.0,0.0,0.0,0.0,0.0,0.0,0.0,0.0,0.0,0.0,0.0,0.0,0.0,0.0,0.0,0.0,0.006667,0.0,0.0,0.0,0.0,0.0,0.0,0.0,0.0,0.0,0.0,0.0,0.0,0.0,0.0,0.0,0.0,0.0,0.0,0.0,0.0,0.0,0.0,0.0,0.0,0.0,0.0,0.0,0.0,0.0,0.0,0.0,0.0,0.0,0.0,0.0,0.0,0.0,0.003423,0.000392,0.0,0.0,0.0,0.0,0.0,0.0,0.0,0.001956,0.00151,0.000621,0.001827,0.000315,0.0,0.0,0.0,0.000368,0.001504,0.0,0.0,0.0,0.0,0.0,0.0,0.0,0.004695,0.00428,0.0,0.000722,0.0,0.0,0.001764,0.0,0.0,0.000269,0.0,0.0,0.0,0.000359,0.000247,0.0,0.0,0.0,0.010101,0.0,0.0,0.0,0.003017,0.0,0.0,0.0,0.0,0.0,0.001718,0.0,0.000367,0.0,0.0,0.000323,0.0,0.0,0.0,0.0,0.0,0.0,0.0,0.007194,0.0,0.0,0.0,0.0,0.0,0.0,0.0,0.0,0.0,0.0,0.0,0.005102,0.0,0.0,0.0,0.0,0.0,0.0,0.0,0.0,0.0,0.0,0.0,0.0,0.0,0.0,0.0,0.0,0.0,0.0,0.0,0.0,0.0,0.010101,0.0,0.0,0.000469,0.0,0.0,0.0,0.0,0.000355,0.0,0.0,0.0,0.0,0.0,0.0,0.0,0.000311,0.0,0.0,0.0,0.0,0.002353,0.0,0.0,0.0,0.0,0.0,0.0,0.0,0.0,0.0,0.0,0.0,0.0,0.0,0.0,0.0,0.002037,0.0,0.0,0.0,0.0,0.005102,0.0,0.0,0.0,0.0,0.0,0.0,0.0,0.0,0.0,0.0,0.0,0.0,0.0,0.0,0.0,0.0,0.0,0.000325,0.0,0.0,0.0,0.0,0.0,0.0,0.0,0.0,0.0,0.0,0.0,0.0,0.0,0.0,0.0,0.0,0.0,0.0,0.0,0.0,0.0,0.0,0.0,0.0,0.0,0.0,0.0,0.0,0.0,0.0,0.0,0.0,0.0,8.8e-05,0.0,0.0,0.0,0.0,0.0
1520,0.0,0.0,0.002551,0.0,0.0,0.0,0.0,0.0,0.0,0.0,0.0,0.0,0.0,0.0,0.0,0.0,0.0,0.0,0.0,0.0,0.0,0.0,0.0,0.0,0.0,0.0,0.0,0.0,0.0,0.0,0.0,0.002882,0.0,0.0,0.0,0.0,0.0,0.002882,0.0,0.0,0.0,0.0,0.0,0.0,0.002597,0.0,0.0,0.0,0.0,0.0,0.0,0.0,0.0,0.0,0.0,0.0,0.0,0.0,0.00065,0.0,0.0,0.0,0.0,0.0,0.0,0.0,0.0,0.0,0.0,0.0,0.0,0.0,0.0,0.0,0.0,0.0,0.0,0.0,0.003208,0.002882,0.0,0.0,0.008646,1.0,0.0,0.0,0.0,0.002882,0.0,0.0,0.002882,0.0,0.003017,0.0,0.0,0.0,0.0,0.0,0.0,0.0,0.0,0.0,0.005764,0.0,0.0,0.0,0.0,0.0,0.0,0.0,0.0,0.0,0.0,0.0,0.0,0.0,0.002882,0.0,0.0,0.0,0.0,0.0,0.0,0.0,0.0,0.0,0.0,0.0,0.0,0.0,0.0,0.0,0.0,0.0,0.0,0.0,0.0,0.0,0.0,0.0,0.0,0.0,0.0,0.0,0.0,0.0,0.0,0.0,0.0,0.0,0.0,0.0,0.0,0.0,0.0,0.0,0.0,0.0,0.0,0.0,0.0,0.0,0.0,0.0,0.002882,0.0,0.0,0.0,0.0,0.0,0.0,0.0,0.0,0.0,0.0,0.0,0.0,0.0,0.0,0.0,0.0,0.0,0.0,0.0,0.0,0.0,0.0,0.0,0.0,0.0,0.0,0.0,0.0,0.0,0.0,0.0,0.0,0.000498,0.0,0.0,0.0,0.0,0.0,0.0,0.0,0.0,0.0,0.0,0.00155,0.0,0.000296,0.0,0.001,0.000422,0.000148,0.033804,0.001568,0.0,0.0,0.0,0.002064,0.0,0.002882,0.000254,0.000489,0.001322,0.000725,0.000365,0.000631,0.000289,0.0,0.0,0.0,0.0,0.002174,0.0,0.002882,0.0,0.000456,0.0,0.002882,0.0,0.025167,0.000874,0.000481,0.0,0.0,0.0194,0.0,0.0,0.000808,0.0,0.0,0.000733,0.002155,0.000346,0.0,0.0,0.0,0.0,0.0,0.0,0.0,0.001508,0.001976,0.0,0.0,0.0,0.0,0.0,0.0,0.000734,0.0,0.0,0.000969,0.002255,0.0,0.0,0.0,0.0,0.0,0.0,0.0,0.0,0.0,0.0,0.0,0.0,0.0,0.0,0.0,0.0,0.0,0.0,0.0,0.0,0.0,0.0,0.0,0.0,0.0,0.0,0.0,0.0,0.0,0.0,0.0,0.0,0.0,0.0,0.0,0.0,0.0,0.0,0.0,0.0,0.0,0.0,0.0,0.00172,0.000776,0.0,0.0,0.0,0.0,0.0,0.0,0.0,0.0,0.0,0.002882,0.0,0.000155,0.0,0.0,0.002882,0.0,0.0,0.0,0.0,0.0,0.0,0.0,0.0,0.0,0.0,0.0,0.0,0.0,0.0,0.0,0.002088,0.002882,0.0,0.0,0.0,0.0,0.0,0.0,0.0,0.0,0.0,0.0,0.0,0.0,0.0,0.0,0.001587,0.0,0.0,0.000749,0.0,0.0,0.000941,0.0,0.0,0.000325,0.0,0.0,0.0,0.0,0.0,0.0,0.0,0.001208,0.0,0.0,0.0,0.0,0.000929,0.0,0.0,0.0,0.001497,0.0,0.0,0.0,0.0,0.0,0.0,0.0,0.0,0.0,0.0,0.014409,0.0,0.0,0.001767,0.0,0.0,0.000353,0.0,0.0,0.0,0.0,0.0
1610,0.0,0.001043,0.0,0.0,0.0,0.0,0.0,0.0,0.0,0.0011,0.004329,0.0,0.0,0.0,0.001247,0.0,0.0,0.0,0.000742,0.0,0.0,0.00157,0.0,0.0,0.001845,0.0,0.0,0.0,0.0,0.0,0.038961,0.030303,0.0,0.0,0.0,0.0,0.001584,0.0,0.0,0.0,0.0,0.0,0.0,0.0,0.0,0.0,0.0,0.0,0.0,0.0,0.0,0.002481,0.0,0.0,0.0,0.001931,0.0,0.0,0.0,0.0,0.0,0.0,0.0,0.0,0.0,0.0,0.0,0.0,0.002525,0.0,0.0,0.0,0.0,0.0,0.0,0.0,0.0,0.0,0.0,0.0,0.0,0.0,0.0,0.0,1.0,0.004329,0.005208,0.034632,0.004329,0.0,0.0,0.0,0.0,0.0,0.0,0.0,0.0,0.0,0.0,0.0,0.0,0.0,0.0,0.0,0.0,0.0,0.0,0.004329,0.0,0.0,0.0,0.0,0.0,0.003195,0.0,0.0,0.0,0.0,0.0,0.0,0.0,0.0,0.0,0.0,0.0,0.0,0.004329,0.0,0.0,0.0,0.0,0.0,0.0,0.0,0.0,0.0,0.0,0.0,0.0,0.0,0.0,0.0,0.0,0.0,0.0,0.0,0.0,0.0,0.0,0.0,0.0,0.0,0.0,0.004329,0.0,0.0,0.0,0.0,0.0,0.0,0.0,0.008658,0.0,0.004329,0.0,0.0,0.0,0.0,0.0,0.0,0.0,0.00998,0.0,0.0,0.0,0.0,0.0,0.0,0.00303,0.0,0.0,0.0,0.0,0.0,0.0,0.0,0.0,0.0,0.0,0.0,0.0,0.0,0.0,0.0,0.0,0.0,0.0,0.000498,0.0,0.0,0.0,0.0,0.0,0.0,0.0,0.0,0.003401,0.001721,0.0,0.0,0.000593,0.0,0.001,0.001267,0.000593,0.000428,0.000392,0.0,0.0,0.003175,0.001238,0.0,0.0,0.018575,0.000489,0.000189,0.000828,0.000365,0.001104,0.000289,0.0,0.00047,0.000368,0.0,0.0,0.004916,0.0,0.001428,0.0,0.0,0.003891,0.0,0.0,0.000218,0.001443,0.0,0.0,0.001764,0.0,0.0,0.000808,0.0,0.0,0.000916,0.000575,0.002819,0.0,0.0,0.0,0.0,0.004329,0.0,0.0,0.004525,0.001976,0.0,0.0,0.0,0.000944,0.0,0.0,0.001101,0.0,0.0,0.000646,0.0,0.0,0.002392,0.0,0.004329,0.0,0.0,0.0,0.0,0.0,0.0,0.0,0.0,0.0,0.003509,0.0,0.0,0.0,0.003115,0.0,0.0,0.0,0.0,0.0,0.0,0.0,0.0,0.0,0.0,0.0,0.0,0.0,0.0,0.0,0.0,0.0,0.0,0.0,0.0,0.0,0.0,0.0,0.0,0.000964,0.000625,0.000776,0.000735,0.000794,0.000892,0.000355,0.0,0.0,0.0,0.000702,0.0,0.0,0.004329,0.001243,0.0,0.0,0.0,0.0,0.0,0.000372,0.0,0.0,0.0,0.0,0.0,0.0,0.002809,0.0,0.0,0.0,0.0,0.0,0.0,0.004329,0.0,0.002227,0.0,0.0,0.0,0.0,0.004329,0.0,0.0,0.0,0.0,0.0,0.0,0.0,0.0,0.0,0.0,0.0,0.0,0.0,0.0,0.0,0.0,0.00065,0.0,0.0,0.0,0.0,0.0,0.0,0.0,0.0,0.0,0.0,0.0,0.0,0.000929,0.0,0.0,0.0,0.001497,0.0,0.0,0.0,0.0,0.0,0.0,0.00129,0.002375,0.0,0.002882,0.0,0.0,0.0,0.0,0.0,0.004329,0.00106,0.004329,0.0,0.0,0.0,0.0
1621,0.0,0.0,0.0,0.0,0.0,0.0,0.0,0.0,0.0,0.0,0.0,0.0,0.0,0.0,0.0,0.0,0.0,0.0,0.0,0.0,0.0,0.0,0.0,0.0,0.0,0.0,0.0,0.005319,0.0,0.0,0.0,0.0,0.0,0.033333,0.0,0.0,0.0,0.00625,0.0,0.0,0.0,0.0,0.0,0.0,0.0,0.0,0.0,0.0,0.0,0.0,0.0,0.0,0.0,0.0,0.0,0.0,0.0,0.0,0.0,0.0,0.0,0.0,0.0,0.0,0.0,0.0,0.0,0.0,0.0,0.0,0.0,0.0,0.0,0.0,0.0,0.0,0.0,0.0,0.0,0.0,0.0,0.0,0.0,0.0,0.004329,1.0,0.0,0.019608,0.009901,0.0,0.0,0.0,0.0,0.0,0.0,0.0,0.0,0.0,0.0,0.0,0.0,0.0,0.0,0.0,0.0,0.0,0.0,0.0,0.0,0.0,0.0,0.0,0.0,0.0,0.0,0.0,0.0,0.0,0.0,0.0,0.0,0.0,0.0,0.0,0.0,0.0,0.0,0.0,0.0,0.0,0.0,0.0,0.0,0.0,0.0,0.0,0.0,0.0,0.0,0.0,0.0,0.0,0.0,0.0,0.0,0.0,0.0,0.0,0.0,0.0,0.0,0.0,0.0,0.0,0.0,0.0,0.0,0.0,0.0,0.0,0.0,0.0,0.0,0.0,0.0,0.0,0.0,0.0,0.0,0.0,0.0,0.001996,0.0,0.0,0.0,0.0,0.0,0.0,0.0,0.0,0.0,0.0,0.0,0.0,0.0,0.0,0.0,0.0,0.0,0.0,0.0,0.0,0.0,0.0,0.0,0.0,0.0,0.0,0.0,0.0,0.0,0.0,0.0,0.0,0.0,0.0,0.0,0.0,0.0,0.0,0.0,0.0,0.0,0.0,0.0,0.0,0.000196,0.0,0.0,0.0,0.0,0.0,0.0,0.00229,0.0,0.000189,0.0,0.0,0.0,0.0,0.0,0.0,0.0,0.0,0.0,0.000468,0.0,0.0,0.0,0.0,0.0,0.0,0.0,0.0,0.0,0.0,0.0,0.0,0.0,0.0,0.0,0.0,0.0,0.0,7.2e-05,9.9e-05,0.0,0.0,0.0,0.0,0.0,0.0,0.0,0.0,0.0,0.0,0.0,0.0,0.0,0.0,0.0,0.0,0.0,0.0,8.1e-05,0.0,0.0,0.0,0.0,0.0,0.0,0.0,0.0,0.0,0.0,0.0,0.0,0.0,0.0,0.0,0.0,0.0,0.0,0.0,0.0,0.0,0.0,0.0,0.0,0.0,0.0,0.0,0.0,0.0,0.0,0.0,0.0,0.0,0.0,0.0,0.0,0.0,0.0,0.0,0.0,0.0,0.0,0.0,0.0,0.0,0.0,0.0,0.0,0.0,0.000355,0.0,0.00625,0.0,0.0,0.0,0.0,0.0,0.0,0.0,0.0,0.0,0.0,0.0,0.0,0.0,0.0,0.0,0.0,0.0,0.0,0.0,0.0,0.0,0.0,0.0,0.0,0.0,0.0,0.0,0.0,0.0,0.0,0.0,0.0,0.0,0.0,0.0,0.0,0.0,0.0,0.0,0.0,0.0,0.0,0.0,0.0,0.0,0.0,0.0,0.0,0.0,0.0,0.0,0.0,0.0,0.0,0.0,0.0,0.0,0.0,0.0,0.0,0.0,0.0,0.0,0.0,0.0,0.0,0.0,0.0,0.0,0.0,0.0,0.0,0.0,0.0,0.0,0.0,0.0,0.0,0.0,0.0,0.0,0.0,0.0,0.0,0.0,0.0,0.0,0.0,0.0
1622,0.0,0.002086,0.0,0.0,0.0,0.0,0.0,0.0,0.0,0.0011,0.002604,0.0,0.0,0.0,0.001247,0.0,0.0,0.002604,0.000371,0.0,0.0,0.00157,0.0,0.0,0.0,0.002604,0.002604,0.0,0.0,0.0,0.002604,0.005208,0.0,0.0,0.0,0.0,0.0,0.0,0.0,0.0,0.0,0.0,0.0,0.0,0.002597,0.0,0.0,0.0,0.0,0.0,0.0,0.0,0.0,0.002375,0.0,0.001931,0.002604,0.0,0.0,0.002604,0.0,0.0,0.0,0.0,0.0,0.0,0.0,0.0,0.0,0.0,0.0,0.0,0.0,0.0,0.005208,0.0,0.002604,0.0,0.000401,0.0,0.0,0.0,0.0,0.0,0.005208,0.0,1.0,0.002604,0.0,0.0,0.0,0.0,0.003017,0.001629,0.0,0.0,0.0,0.0,0.0,0.0,0.0,0.0,0.0,0.0,0.0,0.0,0.0,0.0,0.002604,0.0,0.0,0.002604,0.0,0.002604,0.0,0.0,0.002604,0.0,0.0,0.0,0.039755,0.0,0.0,0.0,0.0,0.010417,0.010417,0.0,0.0,0.0,0.0,0.0,0.0,0.0,0.0,0.0,0.0,0.0,0.0,0.0,0.0,0.0,0.002604,0.0,0.0,0.0,0.0,0.0,0.002604,0.0,0.0,0.0,0.0,0.0,0.0,0.0,0.0,0.0,0.0,0.0,0.0,0.005208,0.002604,0.0,0.0,0.0,0.0,0.0,0.0,0.0,0.0,0.013972,0.0,0.0,0.0,0.0,0.002604,0.002604,0.005208,0.002604,0.006656,0.002604,0.0,0.0,0.0,0.0,0.0,0.0,0.0,0.0,0.0,0.0,0.0,0.0,0.0,0.0,0.0,0.003984,0.0,0.001946,0.005208,0.0,0.002604,0.0,0.002604,0.0,0.02551,0.001721,0.0,0.001588,0.000889,0.000982,0.002,0.000845,0.000445,0.0,0.000392,0.002016,0.0,0.0,0.000825,0.0,0.002604,0.004835,0.002445,0.000755,0.000828,0.000365,0.000631,0.001734,0.0,0.001881,0.000368,0.003008,0.002174,0.003745,0.002604,0.002855,0.001369,0.0,0.0,0.002604,0.000342,0.001092,0.000722,0.0,0.0,0.0,0.0,0.0,0.001347,0.0,0.0,0.001099,0.003089,0.002226,0.0,0.0,0.0,0.0,0.0,0.0,0.0,0.003017,0.0,0.0,0.0,0.0,0.000944,0.0,0.002604,0.001467,0.0,0.0,0.001454,0.0,0.003922,0.001794,0.0,0.0,0.0,0.0,0.0,0.0,0.0,0.0,0.0,0.0,0.0,0.0,0.0,0.0,0.001258,0.0,0.0,0.0,0.0,0.0,0.0,0.0,0.0,0.0,0.0,0.0,0.0,0.0,0.0,0.0,0.0,0.0,0.0,0.0,0.0,0.0,0.0,0.0,0.0,0.0,0.0,0.001642,0.0,0.000735,0.003175,0.000446,0.001066,0.0,0.002604,0.0,0.001404,0.0,0.0,0.005208,0.000311,0.0,0.002604,0.0,0.0,0.004706,0.001117,0.0,0.0,0.0,0.0,0.0,0.0,0.0,0.0,0.002604,0.0,0.0,0.002451,0.002088,0.0,0.0,0.0,0.0,0.0,0.0,0.0,0.0,0.002604,0.0,0.0,0.0,0.0,0.0,0.0,0.0,0.0,0.002604,0.002246,0.002604,0.0,0.000471,0.0,0.0,0.0,0.0,0.0,0.0,0.0,0.0,0.0,0.0,0.001208,0.0,0.0,0.0,0.0,0.001859,0.0,0.0,0.002604,0.0,0.0,0.0,0.0,0.0,0.0,0.0,0.00129,0.0,0.0,0.002604,0.0,0.0,0.002604,0.0,0.000428,0.002604,0.001326,0.002604,0.0,0.0,0.0,0.0
1623,0.0,0.0,0.0,0.0,0.0,0.0,0.0,0.0,0.0,0.0011,0.0,0.0,0.0,0.0,0.000623,0.0,0.0,0.0,0.000371,0.0,0.0,0.0,0.0,0.0,0.0,0.0,0.0,0.0,0.0,0.0,0.005348,0.0,0.0,0.0,0.00369,0.0,0.0,0.0,0.0,0.0,0.0,0.0,0.0,0.0,0.0,0.0,0.0,0.0,0.0,0.0,0.0,0.0,0.0,0.0,0.0,0.0,0.0,0.0,0.0,0.0,0.0,0.0,0.0,0.0,0.0,0.0,0.0,0.0,0.0,0.0,0.0,0.0,0.0,0.0,0.0,0.0,0.0,0.0,0.0,0.0,0.0,0.0,0.0,0.002882,0.034632,0.019608,0.002604,1.0,0.0,0.0,0.0,0.0,0.001508,0.0,0.0,0.0,0.0,0.0,0.0,0.0,0.0,0.0,0.0,0.0,0.0,0.0,0.0,0.0,0.0,0.0,0.0,0.0,0.0,0.0,0.0,0.0,0.0,0.0,0.0,0.0,0.0,0.0,0.0,0.0,0.0,0.0,0.0,0.0,0.0,0.0,0.0,0.0,0.0,0.0,0.0,0.0,0.0,0.0,0.0,0.0,0.0,0.0,0.0,0.0,0.0,0.0,0.0,0.0,0.0,0.0,0.0,0.0,0.0,0.0,0.0,0.0,0.0,0.0,0.0,0.0,0.0,0.008547,0.0,0.0,0.0,0.0,0.0,0.0,0.0,0.0,0.0,0.0,0.0,0.0,0.0,0.0,0.0,0.0,0.0,0.0,0.0,0.0,0.0,0.0,0.0,0.0,0.0,0.0,0.0,0.0,0.0,0.0,0.0,0.0,0.0,0.0,0.0,0.0,0.0,0.0,0.0,0.0,0.0,0.0,0.0,0.0,0.001701,0.0,0.0,0.0,0.000593,0.0,0.0,0.0,0.000296,0.001284,0.000196,0.0,0.0,0.0,0.0,0.0,0.0,0.002036,0.000489,0.000189,0.000207,0.000365,0.0,0.0,0.0,0.00047,0.0,0.0,0.0,0.001404,0.0,0.000714,0.0,0.0,0.0,0.0,0.0,0.000218,0.000481,0.0,0.0,0.0,0.0,0.0,0.000269,0.0,0.0,0.0,0.000144,0.000396,0.0,0.0,0.0,0.0,0.0,0.0,0.0,0.0,0.0,0.0,0.0,0.0,0.0,0.0,0.0,0.0,0.0,0.0,8.1e-05,0.0,0.0,0.0,0.0,0.0,0.0,0.0,0.0,0.0,0.0,0.0,0.0,0.0,0.0,0.0,0.0,0.0,0.0,0.0,0.0,0.0,0.0,0.0,0.0,0.0,0.0,0.0,0.0,0.0,0.0,0.0,0.0,0.0,0.0,0.0,0.0,0.0,0.0,0.0,0.0,0.0,0.0,0.0,0.0,0.000547,0.0,0.0,0.0,0.0,0.0,0.0,0.0,0.0,0.0,0.0,0.0,0.0,0.0,0.0,0.0,0.0,0.0,0.0,0.0,0.0,0.0,0.0,0.0,0.0,0.0,0.0,0.0,0.0,0.0,0.0,0.0,0.0,0.0,0.0,0.0,0.0,0.0,0.0,0.0,0.0,0.0,0.0,0.0,0.0,0.0,0.0,0.0,0.0,0.0,0.0,0.0,0.0,0.0,0.0,0.0,0.0,0.0,0.0,0.0,0.0,0.0,0.0,0.0,0.0,0.0,0.0,0.0,0.0,0.0,0.0,0.0,0.0,0.0,0.0,0.0,0.0,0.0,0.0,0.0,0.0,0.00129,0.0,0.0,0.0,0.0,0.0,0.0,0.0,0.000428,0.0,8.8e-05,0.0,0.0,0.0,0.0,0.0
1629,0.0,0.0,0.0,0.0,0.004975,0.0,0.0,0.0,0.0,0.00055,0.0,0.0,0.0,0.0,0.0,0.0,0.0,0.0,0.0,0.0,0.0,0.0,0.0,0.0,0.0,0.0,0.0,0.005319,0.0,0.0,0.005348,0.0,0.0,0.0,0.0,0.0,0.0,0.0,0.0,0.0,0.0,0.0,0.0,0.0,0.0,0.0,0.0,0.0,0.0,0.0,0.0,0.0,0.0,0.0,0.0,0.0,0.0,0.0,0.0,0.0,0.0,0.0,0.0,0.0,0.0,0.0,0.0,0.0,0.0,0.0,0.0,0.0,0.0,0.0,0.0,0.0,0.0,0.0,0.0,0.0,0.0,0.0,0.009901,0.0,0.004329,0.009901,0.0,0.0,1.0,0.0,0.0,0.0,0.0,0.0,0.0,0.0,0.0,0.0,0.009901,0.0,0.0,0.0,0.0,0.0,0.0,0.0,0.0,0.0,0.0,0.0,0.0,0.035398,0.0,0.003195,0.0,0.0,0.0,0.0,0.0,0.009901,0.0,0.0,0.0,0.0,0.0,0.0,0.0,0.009901,0.0,0.0,0.009901,0.0,0.0,0.0,0.0,0.0,0.0,0.0,0.0,0.0,0.0,0.0,0.0,0.0,0.0,0.0,0.0,0.0,0.0,0.0,0.0,0.0,0.0,0.0,0.0,0.0,0.0,0.0,0.0,0.0,0.0,0.0,0.009901,0.0,0.0,0.0,0.0,0.0,0.0,0.0,0.0,0.003992,0.0,0.0,0.0,0.0,0.0,0.0,0.0,0.0,0.0,0.0,0.0,0.0,0.0,0.0,0.0,0.0,0.0,0.0,0.0,0.0,0.0,0.0,0.0,0.0,0.0,0.0,0.0,0.0,0.0,0.0,0.0,0.0,0.0,0.0,0.001701,0.0,0.0,0.000265,0.0,0.0,0.0,0.000422,0.0,0.000428,0.00098,0.0,0.0,0.0,0.000825,0.0,0.0,0.000763,0.0,0.000378,0.000932,0.001462,0.000315,0.000289,0.009901,0.0,0.0,0.0,0.0,0.001873,0.0,0.001784,0.0,0.0,0.0,0.0,0.000342,0.000437,0.000241,0.0,0.0,0.0,0.0,0.0,0.0,0.0,0.0,0.0,0.000503,0.000495,0.0,0.0,0.0,0.0,0.0,0.0,0.0,0.0,0.0,0.0,0.0,0.0,0.0,0.0,0.0,0.001101,0.0,0.0,0.000242,0.001127,0.0,0.0,0.0,0.0,0.0,0.0,0.0,0.0,0.0,0.0,0.0,0.0,0.0,0.0,0.0,0.0,0.0,0.003115,0.0,0.0,0.0,0.0,0.0,0.0,0.0,0.0,0.0,0.0,0.0,0.0,0.0,0.0,0.0,0.0,0.0,0.0,0.0,0.0,0.0,0.0,0.0,0.0,0.001929,0.000547,0.000776,0.0,0.0,0.0,0.0,0.0,0.0,0.0,0.000702,0.0,0.003012,0.005291,0.000311,0.0,0.0,0.0,0.0,0.002353,0.000372,0.0,0.0,0.0,0.0,0.0,0.0,0.0,0.0,0.0,0.0,0.0,0.0,0.002088,0.0,0.002037,0.0,0.0,0.0,0.0,0.0,0.0,0.0,0.0,0.0,0.0,0.0,0.0,0.0,0.0,0.0,0.0,0.000749,0.0,0.0,0.000471,0.0,0.0,0.000325,0.0,0.0,0.0,0.0,0.0,0.0,0.0,0.002415,0.0,0.0,0.0,0.0,0.0,0.0,0.0,0.0,0.0,0.0,0.0,0.006135,0.0,0.0,0.0,0.0,0.0,0.0,0.0,0.0,0.0,0.0,0.001767,0.0,0.0,0.000177,0.0,0.0,0.0,0.0,0.0
1701,0.0,0.0,0.0,0.0,0.0,0.0,0.0,0.0,0.0,0.0,0.0,0.0,0.0,0.0,0.0,0.0,0.0,0.0,0.0,0.0,0.0,0.0,0.0,0.0,0.0,0.0,0.0,0.0,0.0,0.0,0.0,0.0,0.0,0.0,0.0,0.0,0.0,0.0,0.0,0.0,0.0,0.0,0.0,0.0,0.0,0.0,0.0,0.0,0.0,0.014493,0.0,0.0,0.0,0.0,0.0,0.0,0.0,0.0,0.0,0.0,0.0,0.0,0.0,0.0,0.0,0.0,0.0,0.0,0.0,0.0,0.0,0.0,0.0,0.0,0.0,0.0,0.0,0.0,0.0,0.0,0.0,0.0,0.0,0.0,0.0,0.0,0.0,0.0,0.0,1.0,0.04,0.0,0.0,0.0,0.0,0.0,0.0,0.0,0.0,0.0,0.0,0.0,0.0,0.0,0.0,0.0,0.0,0.0,0.0,0.0,0.0,0.0,0.0,0.0,0.0,0.0,0.0,0.0,0.0,0.0,0.0,0.0,0.0,0.0,0.0,0.0,0.0,0.0,0.0,0.0,0.0,0.0,0.0,0.0,0.0,0.0,0.0,0.0,0.0,0.0,0.0,0.0,0.0,0.0,0.0,0.0,0.0,0.0,0.0,0.0,0.0,0.0,0.0,0.0,0.0,0.0,0.0,0.0,0.0,0.0,0.0,0.0,0.0,0.0,0.0,0.0,0.0,0.0,0.04,0.0,0.0,0.000998,0.0,0.0,0.0,0.0,0.0,0.0,0.0,0.0,0.0,0.0,0.0,0.0,0.0,0.0,0.0,0.0,0.0,0.0,0.0,0.0,0.0,0.0,0.0,0.0,0.0,0.0,0.0,0.0,0.0,0.0,0.0,0.0,0.0,0.0,0.001701,0.0,0.0,0.0,0.0,0.0,0.0,0.0,0.000148,0.0,0.0,0.0,0.0,0.0,0.0,0.0,0.0,0.0,0.000489,0.000378,0.0,0.0,0.000158,0.000289,0.0,0.0,0.0,0.0,0.0,0.00117,0.0,0.0,0.0,0.0,0.0,0.0,0.0,0.0,0.000722,0.0,0.0,0.0,0.0,0.0,0.000269,0.0,0.0,0.000366,0.0,0.000247,0.0,0.0,0.0,0.0,0.0,0.0,0.0,0.0,0.003953,0.0,0.0,0.0,0.0,0.0,0.0,0.0,0.0,0.0,8.1e-05,0.0,0.0,0.0,0.0,0.0,0.0,0.0,0.0,0.0,0.0,0.0,0.0,0.0,0.0,0.0,0.0,0.0,0.0,0.0,0.0,0.0,0.0,0.0,0.0,0.0,0.0,0.0,0.0,0.0,0.0,0.0,0.0,0.0,0.0,0.0,0.0,0.0,0.0,0.0,0.0,0.0,0.0,0.0,0.0,0.0,0.0,0.000368,0.000794,0.000446,0.000711,0.011364,0.0,0.0,0.000702,0.0,0.0,0.0,0.000155,0.0,0.0,0.0,0.0,0.0,0.0,0.0,0.0,0.011364,0.0,0.0,0.0,0.0,0.0,0.0,0.0,0.0,0.0,0.0,0.0,0.0,0.0,0.0,0.00082,0.0,0.0,0.0,0.0,0.0,0.0,0.0,0.0,0.0,0.0,0.0,0.002941,0.0,0.0,0.0,0.0,0.0,0.0,0.0,0.0,0.0,0.0,0.0,0.0,0.0,0.0,0.0,0.0,0.0,0.0,0.0,0.0,0.0,0.0,0.0,0.0,0.001497,0.0,0.0,0.0,0.0,0.0,0.0,0.0,0.0,0.0,0.0,0.0,0.0,0.0,0.0,0.0,0.0,0.000265,0.0,0.0,0.0,0.0,0.0
1702,0.0,0.001043,0.0,0.0,0.0,0.0,0.0,0.0,0.0,0.0,0.0,0.0,0.0,0.0,0.0,0.0,0.0,0.0,0.0,0.0,0.0,0.0,0.0,0.0,0.0,0.0,0.0,0.0,0.0,0.0,0.0,0.0,0.0,0.0,0.0,0.0,0.0,0.0,0.0,0.0,0.0,0.0,0.0,0.0,0.0,0.0,0.0,0.0,0.0,0.0,0.0,0.0,0.0,0.0,0.0,0.0,0.0,0.0,0.0,0.0,0.0,0.0,0.0,0.0,0.0,0.0,0.0,0.0,0.0,0.0,0.0,0.0,0.0,0.0,0.0,0.0,0.0,0.0,0.0,0.0,0.0,0.0,0.0,0.002882,0.0,0.0,0.0,0.0,0.0,0.04,1.0,0.057971,0.0,0.0,0.0,0.0,0.0,0.0,0.0,0.0,0.0,0.0,0.0,0.0,0.0,0.0,0.0,0.005848,0.0,0.0,0.0,0.0,0.0,0.0,0.0,0.0,0.0,0.0,0.0,0.0,0.0,0.0,0.0,0.0,0.0,0.0,0.0,0.0,0.0,0.0,0.0,0.0,0.0,0.0,0.0,0.0,0.0,0.0,0.0,0.0,0.0,0.0,0.0,0.0,0.0,0.0,0.0,0.0,0.0,0.0,0.0,0.0,0.0,0.0,0.0,0.0,0.0,0.0,0.0,0.0,0.0,0.0,0.0,0.0,0.0,0.0,0.0,0.0,0.0,0.0,0.0,0.0,0.0,0.0,0.0,0.0,0.0,0.0,0.0,0.0,0.0,0.0,0.0,0.0,0.0,0.0,0.0,0.0,0.0,0.0,0.0,0.0,0.0,0.0,0.0,0.0,0.0,0.0,0.0,0.0,0.0,0.0,0.0,0.0,0.0,0.0,0.0,0.0,0.0,0.0,0.0,0.0,0.0,0.0,0.0,0.0,0.000392,0.001008,0.0,0.0,0.0,0.0,0.0,0.0,0.001467,0.0,0.000104,0.000365,0.000158,0.0,0.0,0.0,0.000368,0.0,0.0,0.0,0.0,0.0,0.001369,0.0,0.0,0.0,0.0,0.0,0.000241,0.0,0.0,0.0,0.0,0.0,0.0,0.0,0.0,0.000183,0.0,0.0,0.0,0.0,0.0,0.0,0.0,0.0,0.0,0.0,0.001976,0.0,0.0,0.0,0.0,0.0,0.0,0.0,0.0,0.0,0.0,0.0,0.0,0.0,0.0,0.0,0.0,0.0,0.0,0.0,0.0,0.0,0.0,0.006897,0.0,0.0,0.0,0.0,0.0,0.0,0.0,0.0,0.0,0.0,0.0,0.0,0.0,0.0,0.0,0.0,0.0,0.0,0.0,0.0,0.0,0.0,0.0,0.0,0.0,0.0,0.0,0.0,0.0,0.0,0.0,0.0,0.0,0.0,0.0,0.0,0.000355,0.0,0.0,0.0,0.0,0.0,0.0,0.0,0.0,0.0,0.0,0.0,0.0,0.0,0.0,0.0,0.0,0.0,0.0,0.0,0.0,0.0,0.0,0.0,0.0,0.0,0.0,0.0,0.0,0.002037,0.0,0.0,0.00082,0.0,0.005102,0.0,0.0,0.0,0.0,0.0,0.0,0.0,0.0,0.0,0.0,0.0,0.0,0.0,0.0,0.0,0.0,0.0,0.0,0.0,0.0,0.0,0.0,0.0,0.0,0.0,0.0,0.0,0.0,0.0,0.0,0.0,0.0,0.0,0.0,0.0,0.0,0.0,0.0,0.0,0.0,0.0,0.0,0.0,0.0,0.0,0.0,0.0,0.0,0.0,0.0,0.0,0.0,0.0,0.0,0.0,0.0,0.0
1709,0.0,0.0,0.0,0.0,0.0,0.0,0.0,0.0,0.0,0.00055,0.0,0.0,0.0,0.0,0.0,0.0,0.0,0.0,0.0,0.0,0.0,0.0,0.0,0.0,0.0,0.0,0.0,0.0,0.0,0.0,0.0,0.0,0.0,0.0,0.0,0.0,0.0,0.0,0.0,0.0,0.0,0.0,0.0,0.0,0.0,0.0,0.0,0.0,0.0,0.0,0.0,0.0,0.0,0.0,0.0,0.0,0.004695,0.0,0.0,0.0,0.0,0.0,0.0,0.0,0.0,0.0,0.0,0.0,0.0,0.0,0.0,0.0,0.0,0.0,0.0,0.0,0.0,0.0,0.000401,0.0,0.0,0.0,0.0,0.0,0.0,0.0,0.0,0.0,0.0,0.0,0.057971,1.0,0.004525,0.001629,0.0,0.0,0.0,0.0,0.0,0.0,0.0,0.0,0.0,0.0,0.0,0.0,0.0,0.005848,0.0,0.0,0.0,0.0,0.0,0.0,0.0,0.0,0.0,0.0,0.0,0.0,0.0,0.0,0.0,0.0,0.0,0.0,0.0,0.0,0.0,0.0,0.0,0.0,0.0,0.0,0.0,0.0,0.0,0.0,0.0,0.0,0.0,0.0,0.0,0.0,0.0,0.0,0.0,0.0,0.0,0.0,0.0,0.0,0.0,0.0,0.0,0.0,0.0,0.0,0.0,0.0,0.0,0.0,0.0,0.0,0.0,0.0,0.0,0.0,0.0,0.0,0.0,0.0,0.0,0.0,0.0,0.0,0.0,0.0,0.0,0.0,0.001664,0.0,0.0,0.0,0.0,0.0,0.0,0.0,0.0,0.0,0.0,0.0,0.0,0.0,0.0,0.0,0.0,0.0,0.0,0.0,0.0,0.0,0.0,0.0,0.003436,0.0,0.001701,0.0,0.0,0.000265,0.0,0.0,0.001,0.000422,0.000445,0.000428,0.002156,0.001008,0.0,0.0,0.0,0.0,0.0,0.0,0.000978,0.000566,0.000207,0.001096,0.000158,0.000289,0.0,0.0,0.0,0.001504,0.0,0.000234,0.0,0.0,0.002281,0.0,0.0,0.0,0.000171,0.000655,0.0,0.0,0.0,0.0,0.0,0.0,0.0,0.0,0.0,0.0,7.2e-05,0.000148,0.0,0.0,0.0,0.0,0.0,0.0,0.0,0.004525,0.0,0.0,0.0,0.0,0.000944,0.001718,0.003215,0.0,0.0,0.0,0.000162,0.0,0.0,0.0,0.0,0.014493,0.028986,0.0,0.0,0.0,0.0,0.0,0.0,0.0,0.0,0.0,0.0,0.0,0.0,0.0,0.0,0.0,0.0,0.0,0.0,0.0,0.0,0.0,0.0,0.0,0.0,0.0,0.0,0.0,0.0,0.0,0.0,0.0,0.0,0.0,0.0,0.0,0.0,0.0,0.000964,0.000156,0.001553,0.000368,0.0,0.000446,0.001777,0.0,0.0,0.0,0.000702,0.0,0.0,0.0,0.000155,0.0,0.0,0.0,0.0,0.0,0.000372,0.0,0.0,0.0,0.0,0.0,0.0,0.0,0.0,0.0,0.0,0.0,0.0,0.0,0.0,0.0,0.0,0.0,0.0,0.0,0.005102,0.0,0.0,0.0,0.0,0.0,0.0,0.0,0.0,0.0,0.0,0.0,0.0,0.0,0.012987,0.0,0.0,0.0,0.0,0.0,0.0,0.0,0.0,0.0,0.0,0.0,0.001208,0.0,0.0,0.0,0.0,0.0,0.0,0.0,0.0,0.0,0.0,0.0,0.0,0.0,0.0,0.0,0.0,0.0,0.0,0.0,0.0,0.0,0.0,0.003534,0.000856,0.0,0.000265,0.0,0.0,0.0,0.0,0.0
1811,0.001508,0.001043,0.003017,0.0,0.0,0.0,0.0,0.0,0.001508,0.0,0.0,0.0,0.0,0.0,0.000623,0.0,0.0,0.001508,0.001113,0.0,0.0,0.0,0.0,0.001508,0.0,0.001508,0.0,0.0,0.0,0.0,0.0,0.0,0.0,0.0,0.0,0.0,0.000792,0.0,0.0,0.0,0.0,0.0,0.0,0.0,0.0,0.0,0.0,0.0,0.0,0.0,0.0,0.0,0.0,0.003017,0.0,0.0,0.0,0.0,0.0013,0.0,0.0,0.0,0.001508,0.001508,0.0,0.0,0.001508,0.0,0.003017,0.0,0.0,0.0,0.001508,0.0,0.003017,0.0,0.0,0.001508,0.004411,0.0,0.0,0.0,0.0,0.003017,0.0,0.0,0.003017,0.001508,0.0,0.0,0.0,0.004525,1.0,0.093514,0.001508,0.0,0.0,0.0,0.0,0.0,0.0,0.0,0.0,0.0,0.0,0.0,0.0,0.0,0.0,0.0,0.0,0.003017,0.0,0.0,0.0,0.0,0.001508,0.0,0.001508,0.0,0.003017,0.0,0.0,0.0,0.0,0.003017,0.0,0.001508,0.0,0.0,0.0,0.0,0.0,0.0,0.0,0.0,0.0,0.0,0.0,0.0,0.0,0.0,0.0,0.0,0.0,0.0,0.0,0.0,0.0,0.0,0.0,0.0,0.0,0.0,0.0,0.0,0.0,0.0,0.0,0.001508,0.0,0.0,0.001508,0.0,0.0,0.0,0.0,0.0,0.0,0.0,0.0,0.001996,0.001508,0.0,0.001508,0.0,0.0,0.0,0.003017,0.0,0.001508,0.0,0.0,0.0,0.0,0.0,0.0,0.0,0.0,0.001508,0.0,0.0,0.0,0.001508,0.0,0.0,0.0,0.000498,0.003017,0.003017,0.0,0.0,0.0,0.004728,0.001508,0.0,0.001508,0.003017,0.0,0.002646,0.00237,0.004912,0.008,0.001267,0.001334,0.001284,0.005291,0.008065,0.006033,0.001508,0.006191,0.0,0.0,0.001781,0.000978,0.003021,0.002174,0.004386,0.001104,0.002311,0.0,0.00141,0.004785,0.001504,0.004525,0.003511,0.0,0.004996,0.012774,0.0,0.001508,0.0,0.001541,0.001747,0.003127,0.0,0.0,0.001508,0.0,0.004525,0.002693,0.0,0.0,0.000549,0.001149,0.000594,0.0,0.0,0.0,0.0,0.0,0.0,0.0,0.0,0.001508,0.0,0.001508,0.001508,0.001889,0.001508,0.0,0.002935,0.001508,0.0,0.00412,0.00451,0.004525,0.001794,0.007541,0.006033,0.001508,0.0,0.001508,0.0,0.0,0.0,0.003017,0.004525,0.0,0.001508,0.003017,0.0,0.003774,0.00905,0.001508,0.003017,0.001508,0.001508,0.001508,0.001508,0.0,0.0,0.0,0.0,0.0,0.0,0.0,0.0,0.0,0.0,0.0,0.0,0.0,0.0,0.0,0.0,0.001508,0.0,0.002893,0.002424,0.001553,0.005515,0.0,0.004014,0.004264,0.0,0.0,0.0,0.036491,0.001508,0.015083,0.003017,0.002486,0.0,0.0,0.0,0.0,0.003017,0.004469,0.0,0.0,0.0,0.0,0.001508,0.0,0.0,0.0,0.0,0.0,0.0,0.004525,0.004525,0.001508,0.003017,0.013575,0.0,0.013934,0.001508,0.003017,0.0,0.0,0.0,0.001508,0.0,0.0,0.0,0.0,0.004525,0.001508,0.001508,0.004491,0.001508,0.001508,0.007059,0.0,0.0,0.000975,0.0,0.0,0.0,0.0,0.0,0.0,0.001508,0.01087,0.0,0.0,0.0,0.0,0.002788,0.0,0.001508,0.003017,0.004491,0.0,0.0,0.0,0.003017,0.0,0.0,0.002581,0.004525,0.0,0.001508,0.0,0.0,0.003017,0.003017,0.004281,0.001508,0.002298,0.0,0.0,0.0,0.0,0.0
1812,0.001629,0.001043,0.0,0.001629,0.0,0.0,0.0,0.0,0.0,0.0022,0.001629,0.0,0.0,0.001605,0.004988,0.0,0.001629,0.0,0.002597,0.0,0.0,0.0,0.0,0.0,0.001629,0.0,0.001629,0.0,0.0,0.001629,0.001629,0.0,0.0,0.0,0.0,0.0,0.000792,0.0,0.0,0.0,0.0,0.0,0.0,0.0,0.0,0.001629,0.0,0.0,0.0,0.001629,0.0,0.0,0.0,0.001629,0.001629,0.0,0.0,0.0,0.0,0.0,0.0,0.0,0.001629,0.0,0.0,0.0,0.0,0.0,0.001629,0.0,0.0,0.0,0.0,0.0,0.003257,0.0,0.0,0.0,0.001203,0.0,0.0,0.0,0.0,0.0,0.0,0.0,0.001629,0.0,0.0,0.0,0.0,0.001629,0.093514,1.0,0.003257,0.0,0.0,0.0,0.0,0.001629,0.001629,0.001629,0.0,0.0,0.0,0.0,0.0,0.003257,0.0,0.0,0.0,0.001629,0.0,0.0,0.0,0.0,0.0,0.0,0.0,0.0,0.001529,0.0,0.0,0.0,0.0,0.0,0.001629,0.0,0.0,0.0,0.0,0.0,0.0,0.0,0.0,0.0,0.0,0.0,0.0,0.0,0.0,0.0,0.0,0.0,0.0,0.0,0.0,0.0,0.0,0.0,0.0,0.0,0.001629,0.0,0.0,0.0,0.0,0.0,0.0,0.0,0.0,0.0,0.0,0.0,0.0,0.0,0.0,0.0,0.0,0.0,0.0,0.000998,0.0,0.0,0.0,0.0,0.001629,0.0,0.001629,0.0,0.003257,0.0,0.001629,0.0,0.0,0.001629,0.001629,0.0,0.0,0.0,0.0,0.0,0.0,0.0,0.0,0.001629,0.0,0.000498,0.0,0.0,0.0,0.0,0.0,0.002364,0.003257,0.0,0.001629,0.003257,0.00155,0.001852,0.000593,0.001965,0.001,0.000845,0.000741,0.002139,0.004507,0.008065,0.0,0.001629,0.003714,0.0,0.0,0.001527,0.003912,0.003965,0.00176,0.002558,0.001577,0.001734,0.0,0.00047,0.002576,0.001504,0.0,0.000702,0.0,0.001784,0.015967,0.0,0.0,0.0,0.00137,0.002403,0.001924,0.0,0.0,0.0,0.0,0.003257,0.002693,0.0,0.0,0.001832,0.002011,0.000692,0.001629,0.0,0.0,0.0,0.0,0.0,0.0,0.001508,0.003257,0.0,0.001629,0.0,0.002833,0.003257,0.0,0.001101,0.0,0.0,0.003473,0.003382,0.001629,0.004785,0.001629,0.003257,0.001629,0.0,0.001629,0.0,0.0,0.0,0.003257,0.0,0.001629,0.003257,0.0,0.0,0.010063,0.006515,0.003257,0.003257,0.006515,0.0,0.0,0.0,0.0,0.0,0.0,0.0,0.0,0.0,0.0,0.0,0.0,0.0,0.0,0.0,0.0,0.0,0.0,0.0,0.0,0.0,0.001929,0.002893,0.003106,0.010662,0.001587,0.001784,0.002843,0.0,0.006515,0.003257,0.022456,0.0,0.013029,0.004886,0.002641,0.0,0.001629,0.0,0.0,0.003257,0.004097,0.0,0.0,0.0,0.0,0.001629,0.0,0.004886,0.0,0.0,0.0,0.0,0.001629,0.004886,0.001629,0.006515,0.030945,0.001629,0.004098,0.001629,0.003257,0.0,0.0,0.0,0.0,0.0,0.0,0.0,0.0,0.003175,0.003257,0.003257,0.008982,0.001629,0.0,0.004235,0.0,0.004886,0.002601,0.002654,0.001629,0.0,0.0,0.0,0.0,0.006515,0.008454,0.001629,0.0,0.0,0.0,0.004647,0.0,0.003257,0.0,0.001497,0.0,0.0,0.001629,0.001629,0.0,0.001629,0.002581,0.0,0.0,0.001629,0.0,0.0,0.003257,0.003257,0.002568,0.0,0.003712,0.0,0.0,0.0,0.0,0.0
1820,0.0,0.0,0.0,0.0,0.0,0.0,0.0,0.0,0.0,0.0,0.0,0.0,0.0,0.0,0.0,0.0,0.0,0.0,0.0,0.0,0.0,0.0,0.0,0.0,0.0,0.0,0.0,0.0,0.0,0.0,0.0,0.0,0.0,0.0,0.0,0.0,0.0,0.0,0.0,0.0,0.0,0.0,0.0,0.0,0.0,0.0,0.0,0.0,0.0,0.0,0.0,0.0,0.0,0.0,0.0,0.0,0.0,0.0,0.0,0.0,0.0,0.0,0.0,0.0,0.0,0.0,0.0,0.0,0.0,0.0,0.0,0.0,0.0,0.0,0.0,0.0,0.0,0.0,0.0,0.0,0.0,0.0,0.0,0.0,0.0,0.0,0.0,0.0,0.0,0.0,0.0,0.0,0.001508,0.003257,1.0,0.0,0.0,0.0,0.0,0.0,0.0,0.0,0.0,0.0,0.0,0.0,0.0,0.0,0.0,0.0,0.0,0.0,0.0,0.0,0.0,0.0,0.0,0.0,0.0,0.0,0.0,0.0,0.0,0.0,0.0,0.0,0.0,0.0,0.0,0.0,0.0,0.0,0.0,0.0,0.0,0.0,0.0,0.0,0.0,0.0,0.0,0.0,0.0,0.0,0.0,0.0,0.0,0.0,0.0,0.0,0.0,0.0,0.0,0.0,0.0,0.0,0.0,0.0,0.0,0.0,0.0,0.0,0.0,0.0,0.0,0.0,0.0,0.0,0.0,0.0,0.0,0.0,0.0,0.0,0.0,0.0,0.0,0.0,0.0,0.0,0.0,0.0,0.0,0.0,0.0,0.0,0.0,0.0,0.0,0.0,0.0,0.0,0.0,0.0,0.0,0.0,0.0,0.0,0.0,0.0,0.0,0.0,0.0,0.001182,0.0,0.0,0.0,0.0,0.0,0.0,0.0,0.0,0.0,0.0,0.000148,0.0,0.0,0.0,0.0,0.0,0.000413,0.0,0.0,0.0,0.0,0.000189,0.0,0.0,0.0,0.0,0.0,0.0,0.0,0.0,0.0,0.0,0.0,0.0,0.000912,0.0,0.0,0.0,0.0,0.000218,0.0,0.0,0.0,0.0,0.0,0.0,0.0,0.0,0.0,0.0,0.0,4.9e-05,0.0,0.0,0.0,0.0,0.0,0.0,0.0,0.0,0.0,0.0,0.0,0.0,0.0,0.0,0.0,0.0,0.0,0.0,0.000162,0.0,0.0,0.0,0.0,0.02,0.0,0.0,0.0,0.0,0.0,0.0,0.0,0.0,0.0,0.0,0.003521,0.0,0.0,0.0,0.0,0.0,0.0,0.0,0.0625,0.0,0.0,0.0,0.0,0.0,0.0,0.0,0.0,0.0,0.0,0.0,0.0,0.0,0.0,0.0,0.0,0.0,0.0,0.0,0.0,0.0,0.0,0.0,0.0,0.0,0.0,0.0,0.0,0.0,0.000702,0.0,0.0,0.010582,0.0,0.0,0.0,0.0,0.0,0.0,0.0,0.0,0.0,0.0,0.0,0.0,0.0,0.0,0.0,0.0,0.0,0.0,0.0,0.0,0.0,0.0,0.002227,0.0,0.0,0.0,0.0,0.0,0.0,0.0,0.0,0.0,0.0,0.0,0.0,0.0,0.0,0.0,0.0,0.0,0.0,0.0,0.0,0.0,0.0,0.0,0.0,0.0,0.0,0.0,0.0,0.0,0.0,0.0,0.0,0.0,0.0,0.0,0.0,0.003257,0.0,0.0,0.0,0.0,0.0,0.0,0.0,0.0,0.0,0.0,0.0,0.0,0.0,0.0,0.0,0.0,0.0,0.0,8.8e-05,0.0,0.0,0.0,0.0,0.0
1920,0.0,0.0,0.0,0.0,0.0,0.0,0.0,0.0,0.0,0.00055,0.0,0.0,0.0,0.0,0.000623,0.0,0.0,0.0,0.0,0.0,0.0,0.0,0.0,0.0,0.0,0.0,0.0,0.0,0.0,0.0,0.0,0.0,0.0,0.0,0.0,0.0,0.0,0.0,0.0,0.0,0.0,0.034483,0.0,0.0,0.0,0.0,0.0,0.0,0.0,0.0,0.0,0.0,0.0,0.0,0.018868,0.0,0.0,0.0,0.0,0.016393,0.0,0.0,0.0,0.002381,0.0,0.0,0.0,0.0,0.0,0.0,0.0,0.0,0.0,0.0,0.0,0.0,0.0,0.0,0.000401,0.0,0.0,0.0,0.0,0.0,0.0,0.0,0.0,0.0,0.0,0.0,0.0,0.0,0.0,0.0,0.0,1.0,0.0,0.0,0.0,0.0,0.0,0.0,0.0,0.0,0.010309,0.0,0.0,0.0,0.0,0.0,0.0,0.0,0.0,0.0,0.0,0.0,0.0,0.0,0.0,0.0,0.0,0.0,0.0,0.0,0.0,0.002604,0.0,0.0,0.0,0.0,0.0,0.0,0.0,0.0,0.0,0.0,0.0,0.0,0.0,0.0,0.0,0.0,0.0,0.0,0.0,0.0,0.0,0.0,0.0,0.0,0.0,0.0,0.0,0.0,0.0,0.0,0.0,0.0,0.0,0.0,0.0,0.0,0.0,0.0,0.0,0.0,0.0,0.0,0.0,0.0,0.0,0.0,0.0,0.0,0.0,0.0,0.0,0.0,0.0,0.009615,0.0,0.0,0.0,0.0,0.0,0.0,0.0,0.0,0.0,0.0,0.0,0.0,0.034483,0.0,0.0,0.0,0.0,0.000498,0.0,0.0,0.0,0.0,0.0,0.0,0.0,0.0,0.0,0.001721,0.0,0.001058,0.000593,0.0,0.0,0.0,0.000296,0.000428,0.000392,0.0,0.0,0.0,0.000413,0.008621,0.0,0.000254,0.000489,0.000755,0.0,0.0,0.000158,0.0,0.0,0.002821,0.0,0.0,0.0,0.0,0.0,0.000357,0.000456,0.0,0.003891,0.0,0.0,0.000218,0.000241,0.0,0.009174,0.0,0.0,0.0,0.0,0.0,0.0,0.0,0.0,9.9e-05,0.034483,0.0,0.0,0.0,0.0,0.02439,0.0,0.004525,0.0,0.0,0.0,0.0,0.0,0.0,0.003215,0.0,0.0,0.034483,8.1e-05,0.0,0.001961,0.000598,0.0,0.0,0.0,0.0,0.0,0.0,0.0,0.0,0.0,0.0,0.0,0.0,0.0,0.0,0.002516,0.0,0.0,0.0,0.006711,0.0,0.0,0.0,0.0,0.0,0.0,0.0,0.0,0.0,0.0,0.0,0.0,0.0,0.0,0.0,0.0,0.0,0.0,0.0,0.0,0.0,0.000964,0.000313,0.0,0.000368,0.0,0.000446,0.000355,0.0,0.0,0.0,0.0,0.0,0.003012,0.0,0.000155,0.0,0.0,0.0,0.0,0.002353,0.000745,0.0,0.0,0.0,0.0,0.0,0.0,0.0,0.0,0.0,0.0,0.0,0.0,0.0,0.0,0.0,0.0,0.0,0.0,0.0,0.0,0.0,0.0,0.0,0.0,0.0,0.0,0.0,0.0,0.0,0.0,0.0,0.0,0.0,0.0,0.000471,0.017241,0.002304,0.000325,0.0,0.0,0.0,0.0,0.0,0.0,0.0,0.001208,0.0,0.0,0.0,0.0,0.000929,0.0,0.0,0.0,0.0,0.0,0.0,0.0,0.0,0.0,0.0,0.0,0.0,0.0,0.0,0.0,0.0,0.0,0.0,0.0,0.0,8.8e-05,0.0,0.0,0.0,0.0,0.0
2011,0.0,0.0,0.0,0.0,0.0,0.0,0.0,0.0,0.0,0.00055,0.0,0.0,0.0,0.0,0.0,0.0,0.007634,0.0,0.0,0.0,0.0,0.0,0.0,0.0,0.0,0.0,0.0,0.0,0.0,0.0,0.0,0.0,0.0,0.0,0.0,0.0,0.0,0.0,0.0,0.0,0.0,0.0,0.0,0.0,0.0,0.0,0.0,0.0,0.0,0.0,0.0,0.0,0.0,0.0,0.0,0.0,0.0,0.0,0.0,0.0,0.0,0.0,0.0,0.007143,0.0,0.033333,0.0,0.0,0.002525,0.0,0.0,0.0,0.0,0.0,0.003195,0.0,0.0,0.0,0.0,0.0,0.0,0.0,0.010101,0.0,0.0,0.0,0.0,0.0,0.0,0.0,0.0,0.0,0.0,0.0,0.0,0.0,1.0,0.0,0.0,0.044444,0.011111,0.013245,0.032258,0.0,0.061856,0.0,0.011111,0.005848,0.0,0.0,0.0,0.0,0.011111,0.0,0.0,0.0,0.0,0.0,0.0,0.0,0.0,0.0,0.0,0.0,0.0,0.0,0.0,0.010989,0.0,0.0,0.011111,0.0,0.0,0.0,0.011111,0.0,0.0,0.0,0.0,0.0,0.0,0.0,0.0,0.0,0.0,0.0,0.011111,0.0,0.0,0.0,0.0,0.0,0.0,0.0,0.0,0.0,0.0,0.0,0.0,0.0,0.0,0.0,0.0,0.0,0.0,0.0,0.0,0.0,0.0,0.0,0.0,0.000998,0.0,0.0,0.0,0.0,0.0,0.006667,0.0,0.0,0.0,0.0,0.0,0.0,0.0,0.0,0.0,0.009091,0.0,0.007812,0.022222,0.0,0.0,0.0,0.0,0.011111,0.0,0.0,0.0,0.0,0.0,0.0,0.0,0.0,0.0,0.0,0.001701,0.0,0.0,0.0,0.0,0.0,0.001,0.000845,0.0,0.0,0.001764,0.0,0.0,0.0,0.000825,0.005747,0.0,0.000254,0.010269,0.000566,0.0,0.0,0.0,0.000289,0.0,0.00047,0.0,0.001504,0.0,0.000702,0.0,0.001428,0.0,0.0,0.0,0.0,0.0,0.000437,0.0,0.0,0.0,0.0,0.0,0.0,0.0,0.0,0.0,0.0,0.000216,0.000297,0.0,0.0,0.0,0.0,0.0,0.0,0.0,0.006033,0.0,0.0,0.0,0.0,0.0,0.0,0.0,0.0,0.0,0.0,0.000242,0.0,0.0,0.0,0.0,0.0,0.0,0.0,0.0,0.0,0.0,0.0,0.0,0.0,0.0,0.0,0.0,0.0,0.0,0.0,0.0,0.008333,0.0,0.0,0.0,0.0,0.0,0.0,0.0,0.0,0.0,0.0,0.0,0.0,0.0,0.0,0.0,0.0,0.0,0.0,0.0,0.0,0.0,0.0,0.0,0.000547,0.0,0.000368,0.000794,0.001784,0.000711,0.0,0.0,0.0,0.0,0.0,0.0,0.0,0.000621,0.0,0.0,0.0,0.0,0.0,0.000372,0.0,0.0,0.0,0.0,0.0,0.0,0.0,0.0,0.0,0.0,0.011111,0.0,0.004175,0.0,0.0,0.0,0.0,0.0,0.0,0.0,0.0,0.0,0.0,0.0,0.0,0.0,0.0,0.0,0.0,0.0,0.0,0.0,0.0,0.0,0.000471,0.0,0.002304,0.00065,0.001062,0.0,0.0,0.0,0.0,0.0,0.00339,0.0,0.0,0.0,0.0,0.0,0.0,0.0,0.0,0.0,0.0,0.0,0.0,0.0,0.0,0.0,0.0,0.0,0.0,0.0,0.0,0.0,0.0,0.0,0.0,0.0,0.0,0.000265,0.0,0.0,0.0,0.0,0.0
2012,0.0,0.0,0.0,0.0,0.0,0.0,0.0,0.0,0.0,0.0,0.0,0.0,0.0,0.0,0.0,0.0,0.0,0.0,0.000742,0.0,0.0,0.00157,0.003322,0.01,0.00369,0.004902,0.0,0.005319,0.0,0.0,0.005348,0.0,0.0,0.0,0.0,0.0,0.0,0.0,0.0,0.0,0.0,0.0,0.0,0.0,0.0,0.0,0.0,0.0,0.0,0.0,0.0,0.004963,0.0,0.0,0.0,0.0,0.0,0.0,0.0,0.0,0.0,0.0,0.0,0.002381,0.009174,0.0,0.0,0.0,0.002525,0.0,0.0,0.0,0.0,0.0,0.0,0.0,0.0,0.0,0.0,0.0,0.0,0.0,0.0,0.0,0.0,0.0,0.0,0.0,0.0,0.0,0.0,0.0,0.0,0.0,0.0,0.0,0.0,1.0,0.0,0.0,0.0,0.0,0.0,0.0,0.0,0.0,0.0,0.0,0.0,0.0,0.0,0.0,0.0,0.0,0.0,0.0,0.0,0.0,0.0,0.0,0.0,0.0,0.0,0.0,0.0,0.0,0.0,0.0,0.0,0.0,0.0,0.0,0.0,0.0,0.0,0.0,0.0,0.0,0.0,0.0,0.0,0.0,0.0,0.0,0.0,0.0,0.0,0.0,0.0,0.0,0.0,0.0,0.0,0.0,0.0,0.0,0.0,0.0,0.0,0.0,0.0,0.0,0.0,0.0,0.0,0.0,0.0,0.0,0.0,0.0,0.0,0.0,0.0,0.0,0.0,0.0,0.0,0.0,0.0,0.0,0.0,0.0,0.0,0.0,0.0,0.0,0.0,0.0,0.0,0.0,0.0,0.0,0.0,0.0,0.0,0.0,0.0,0.0,0.0,0.001946,0.0,0.0,0.0,0.0,0.0,0.0,0.0,0.0,0.0,0.0,0.000296,0.0,0.002,0.001267,0.000593,0.0,0.000392,0.0,0.0,0.003175,0.0,0.0,0.0,0.0,0.002445,0.000189,0.000104,0.0,0.000473,0.0,0.0,0.0,0.0,0.0,0.0,0.000468,0.0,0.000714,0.0,0.0,0.0,0.0,0.0,0.000218,0.001924,0.013158,0.0,0.0,0.0,0.0,0.000269,0.0,0.0,0.0,7.2e-05,0.000148,0.0,0.0,0.0,0.0,0.0,0.0,0.0,0.004525,0.0,0.0,0.0,0.0,0.0,0.0,0.0,0.0,0.0,0.0,0.0,0.001127,0.0,0.0,0.0,0.0,0.0,0.0,0.007194,0.0,0.0,0.0,0.0,0.0,0.0,0.0,0.0,0.0,0.0,0.0,0.0,0.0,0.0,0.0,0.0,0.0,0.0,0.0,0.0,0.0,0.0,0.0,0.0,0.0,0.0,0.0,0.0,0.0,0.0,0.0,0.0,0.0,0.0,0.0,0.0,0.000313,0.0,0.0,0.000794,0.000446,0.0,0.011364,0.00625,0.0,0.0,0.0,0.0,0.0,0.000155,0.003226,0.0,0.0,0.0,0.0,0.0,0.0,0.0,0.0,0.0,0.0,0.0,0.002809,0.0,0.005,0.0,0.0,0.0,0.0,0.0,0.0,0.0,0.0,0.0,0.0,0.0,0.0,0.003425,0.0,0.0,0.0,0.0,0.0,0.0,0.0,0.0,0.0,0.0,0.0,0.0,0.000471,0.0,0.0,0.0,0.000531,0.0,0.0,0.0,0.006757,0.01087,0.0,0.001208,0.0,0.0,0.0,0.0,0.000929,0.0,0.0,0.0,0.0,0.014493,0.0,0.0,0.0,0.0,0.00813,0.0,0.0,0.0,0.0,0.0,0.0,0.0,0.0,0.0,0.0,0.000265,0.0,0.0,0.0,0.0,0.0
2013,0.0,0.0,0.0,0.0,0.0,0.0,0.0,0.0,0.0,0.0,0.0,0.0,0.0,0.001605,0.0,0.0,0.0,0.0,0.0,0.0,0.0,0.0,0.0,0.0,0.0,0.0,0.0,0.0,0.0,0.0,0.0,0.0,0.0,0.0,0.0,0.0,0.0,0.0,0.0,0.0,0.0,0.0,0.0,0.0,0.002597,0.0,0.0,0.0,0.0,0.0,0.0,0.0,0.0,0.0,0.0,0.0,0.0,0.0,0.00065,0.0,0.0,0.0,0.0,0.0,0.0,0.0,0.0,0.0,0.002525,0.0,0.0,0.0,0.0,0.0,0.003195,0.0,0.0,0.0,0.0,0.0,0.0,0.0,0.0,0.0,0.0,0.0,0.0,0.0,0.009901,0.0,0.0,0.0,0.0,0.0,0.0,0.0,0.0,0.0,1.0,0.0,0.0,0.0,0.0,0.0,0.0,0.0,0.0,0.035088,0.0,0.0,0.0,0.0,0.0,0.0,0.0,0.0,0.012048,0.0,0.0,0.0,0.0,0.0,0.0,0.0,0.0,0.002604,0.0,0.0,0.0,0.0,0.0,0.0,0.0,0.0,0.0,0.0,0.0,0.0,0.0,0.0,0.0,0.0,0.0,0.0,0.0,0.0,0.0,0.0,0.02,0.0,0.0,0.0,0.0,0.0,0.0,0.0,0.0,0.0,0.0,0.0,0.0,0.0,0.0,0.0,0.0,0.0,0.0,0.0,0.0,0.0,0.0,0.0,0.0,0.0,0.0,0.0,0.0,0.0,0.0,0.0,0.0,0.0,0.004545,0.0,0.0,0.0,0.0,0.0,0.0,0.0,0.0,0.0,0.0,0.0,0.0,0.013333,0.0,0.000498,0.0,0.001946,0.0,0.0,0.0,0.0,0.0,0.0,0.0,0.0,0.0,0.0,0.0,0.0,0.0,0.0,0.0,0.000428,0.00098,0.0,0.0,0.0,0.001238,0.0,0.0,0.000763,0.003423,0.000755,0.0,0.0,0.0,0.0,0.0,0.0,0.000368,0.0,0.0,0.000234,0.0,0.0,0.0,0.0,0.0,0.0,0.000171,0.0,0.000241,0.0,0.0,0.0,0.0,0.0,0.000269,0.0,0.0,0.0,0.0,4.9e-05,0.0,0.0,0.0,0.0,0.0,0.0,0.0,0.001508,0.0,0.0,0.0,0.0,0.0,0.0,0.0,0.0,0.0,0.0,0.000162,0.0,0.0,0.0,0.0,0.0,0.0,0.0,0.0,0.0,0.0,0.0,0.0,0.0,0.0,0.003509,0.0,0.0,0.0,0.003115,0.0,0.0,0.0,0.0,0.0,0.0,0.0,0.0,0.0,0.0,0.0,0.0,0.0,0.0,0.0,0.0,0.0,0.0,0.0,0.0,0.0,0.0,0.0,0.0,0.000964,0.000235,0.000776,0.0,0.000794,0.0,0.0,0.0,0.00625,0.0,0.0,0.0,0.0,0.0,0.0,0.0,0.0,0.0,0.0,0.0,0.0,0.0,0.0,0.0,0.0,0.0,0.0,0.0,0.0,0.0,0.0,0.0,0.0,0.0,0.0,0.0,0.0,0.0,0.00082,0.0,0.0,0.0,0.0,0.0,0.0,0.0,0.0,0.0,0.0,0.0,0.0,0.0,0.0,0.0,0.0,0.000471,0.0,0.0,0.0,0.0,0.0,0.0,0.0,0.0,0.0,0.0,0.0,0.0,0.0,0.0,0.0,0.0,0.0,0.0,0.0,0.0,0.0,0.0,0.0,0.0,0.0,0.0,0.0,0.0,0.0,0.0,0.0,0.0,0.0,0.0,0.000428,0.0,0.00053,0.0,0.0,0.0,0.0,0.0
2021,0.0,0.0,0.002551,0.0,0.0,0.0,0.0,0.003759,0.0,0.00055,0.0,0.0,0.0,0.0,0.0,0.0,0.0,0.0,0.0,0.0,0.0,0.0,0.0,0.0,0.001845,0.004902,0.0,0.005319,0.0,0.0,0.0,0.0,0.0,0.0,0.0,0.0,0.0,0.0,0.0,0.0,0.0,0.0,0.0,0.0,0.0,0.004149,0.0,0.0,0.0,0.0,0.0,0.0,0.0,0.0,0.0,0.0,0.0,0.0,0.0,0.0,0.0,0.0,0.0,0.0,0.0,0.0,0.0,0.0,0.0,0.0,0.0,0.0,0.0,0.0,0.0,0.0,0.0,0.0,0.000401,0.0,0.0,0.0,0.0,0.0,0.0,0.0,0.0,0.0,0.0,0.0,0.0,0.0,0.0,0.001629,0.0,0.0,0.044444,0.0,0.0,1.0,0.0,0.006623,0.010753,0.0,0.010309,0.0,0.0,0.005848,0.0,0.0,0.0,0.0,0.0,0.0,0.0,0.0,0.0,0.0,0.0,0.0,0.0,0.0,0.0,0.0,0.0,0.0,0.0,0.0,0.0,0.0,0.0,0.0,0.0,0.0,0.0,0.0,0.0,0.0,0.0,0.0,0.0,0.0,0.0,0.0,0.0,0.0,0.0,0.0,0.0,0.0,0.0,0.0,0.0,0.017241,0.0,0.0,0.0,0.0,0.0,0.0,0.0,0.0,0.0,0.0,0.0,0.0,0.0,0.0,0.0,0.0,0.0,0.0,0.0,0.0,0.0,0.0,0.0,0.0,0.0,0.0,0.0,0.0,0.0,0.0,0.0,0.0,0.0,0.0,0.0,0.0,0.0,0.0,0.0,0.0,0.0,0.0,0.0,0.0,0.002123,0.0,0.0,0.0,0.0,0.0,0.0,0.0,0.0,0.0,0.0,0.000265,0.0,0.0,0.0,0.002111,0.000445,0.0,0.0,0.0,0.0,0.0,0.000413,0.0,0.0,0.0,0.005868,0.0,0.000104,0.000365,0.0,0.0,0.0,0.0,0.0,0.0,0.0,0.0,0.0,0.000357,0.0,0.0,0.0,0.0,0.000171,0.000218,0.001924,0.0,0.0,0.0,0.0,0.0,0.0,0.0,0.0,0.0,0.0,0.0,0.0,0.0,0.0,0.0,0.0,0.0,0.0,0.001508,0.0,0.0,0.0,0.0,0.0,0.0,0.0,0.000367,0.0,0.0,0.000162,0.0,0.0,0.0,0.0,0.0,0.0,0.0,0.0,0.0,0.0,0.0,0.0,0.0,0.0,0.0,0.0,0.0,0.0,0.0,0.0,0.0,0.0,0.0,0.0,0.0,0.0,0.0,0.0,0.0,0.0,0.0,0.0,0.0,0.0,0.0,0.0,0.0,0.0,0.0,0.0,0.0,0.0,0.0,0.0,0.000235,0.0,0.0,0.0,0.0,0.0,0.011364,0.0,0.0,0.0,0.0,0.0,0.0,0.000155,0.0,0.0,0.0,0.0,0.0,0.000372,0.0,0.0,0.0,0.0,0.0,0.0,0.0,0.0,0.0,0.0,0.0,0.0,0.0,0.0,0.002037,0.0,0.0,0.00082,0.0,0.005102,0.0,0.0,0.0,0.0,0.0,0.0,0.0,0.0,0.0,0.0,0.0,0.000749,0.0,0.0,0.0,0.0,0.0,0.0,0.0,0.0,0.0,0.0,0.0,0.0,0.0,0.0,0.0,0.0,0.0,0.0,0.0,0.0,0.0,0.0,0.0,0.0,0.0,0.0,0.0,0.0,0.0,0.0,0.0,0.0,0.0,0.0,0.0,0.0,0.0,0.0,0.0,8.8e-05,0.0,0.016949,0.0,0.0,0.0
2022,0.0,0.0,0.0,0.0,0.0,0.0,0.0,0.0,0.0,0.0,0.0,0.0,0.0,0.0,0.000623,0.0,0.0,0.0,0.0,0.0,0.0,0.0,0.0,0.0,0.0,0.0,0.0,0.0,0.0,0.0,0.0,0.0,0.0,0.0,0.0,0.0,0.0,0.0,0.0,0.0,0.0,0.0,0.0,0.0,0.0,0.0,0.0,0.0,0.0,0.0,0.0,0.0,0.0,0.0,0.0,0.0,0.0,0.0,0.0,0.0,0.0,0.0,0.0,0.0,0.0,0.0,0.0,0.0,0.0,0.0,0.0,0.0,0.0,0.0,0.0,0.0,0.0,0.0,0.0,0.0,0.0,0.0,0.0,0.0,0.0,0.0,0.0,0.0,0.0,0.0,0.0,0.0,0.0,0.001629,0.0,0.0,0.011111,0.0,0.0,0.0,1.0,0.0,0.032258,0.0,0.0,0.0,0.0,0.0,0.0,0.0,0.0,0.0,0.0,0.003195,0.0,0.027027,0.0,0.0,0.025641,0.0,0.001529,0.0,0.0,0.0,0.0,0.0,0.0,0.0,0.0,0.0,0.0,0.0,0.0,0.0,0.0,0.0,0.0,0.0,0.0,0.0,0.0,0.0,0.0,0.0,0.0,0.0,0.0,0.0,0.0,0.0,0.0,0.0,0.0,0.0,0.0,0.0,0.0,0.0,0.0,0.0,0.0,0.0,0.0,0.0,0.0,0.0,0.0,0.0,0.0,0.0,0.0,0.0,0.0,0.0,0.0,0.0,0.0,0.0,0.0,0.0,0.001664,0.0,0.0,0.020408,0.0,0.0,0.0,0.0,0.0,0.0,0.0,0.0,0.0,0.0,0.0,0.0,0.0,0.000498,0.0,0.0,0.0,0.0,0.0,0.0,0.0,0.0,0.001701,0.0,0.0,0.000529,0.0,0.0,0.0,0.0,0.0,0.0,0.0,0.0,0.0,0.0,0.000413,0.002874,0.0,0.001527,0.0,0.0,0.0,0.0,0.0,0.0,0.0,0.00047,0.0,0.0,0.0,0.000936,0.0,0.0,0.000456,0.0,0.0,0.0,0.0,0.0,0.0,0.0,0.0,0.0,0.0,0.0,0.0,0.0,0.0,0.0,0.0,4.9e-05,0.0,0.0,0.0,0.0,0.0,0.0,0.0,0.0,0.0,0.0,0.0,0.0,0.0,0.0,0.0,0.000367,0.0,0.0,8.1e-05,0.0,0.0,0.0,0.0,0.0,0.0,0.0,0.0,0.0,0.0,0.0,0.0,0.0,0.0,0.0,0.0,0.0,0.0,0.0,0.0,0.0,0.0,0.0,0.0,0.0,0.0,0.0,0.0,0.0,0.0,0.0,0.0,0.0,0.0,0.0,0.0,0.0,0.0,0.0,0.0,0.0,0.0,0.0,0.0,0.000156,0.0,0.0,0.0,0.0,0.0,0.0,0.0,0.0,0.000702,0.0,0.0,0.0,0.000466,0.0,0.0,0.0,0.0,0.0,0.0,0.0,0.0,0.0,0.0,0.0,0.0,0.0,0.0,0.0,0.0,0.0,0.0,0.0,0.0,0.0,0.002227,0.0,0.0,0.0,0.0,0.0,0.0,0.0,0.0,0.0,0.0,0.0,0.0,0.0,0.0,0.0,0.0,0.0,0.0,0.0,0.0,0.0,0.0,0.0,0.0,0.0,0.0,0.0,0.0,0.0,0.0,0.0,0.0,0.0,0.0,0.0,0.0,0.0,0.0,0.0,0.0,0.0,0.0,0.0,0.0,0.0,0.0,0.0,0.0,0.0,0.0,0.0,0.0,0.0,0.0,0.0,8.8e-05,0.0,0.0,0.0,0.0,0.0
2023,0.003311,0.002086,0.0,0.00177,0.0,0.0,0.0,0.0,0.0,0.0,0.0,0.0,0.0,0.00321,0.0,0.0,0.0,0.0,0.000742,0.0,0.0,0.00157,0.001661,0.0,0.0,0.0,0.0,0.0,0.0,0.0,0.0,0.0,0.0,0.0,0.003311,0.0,0.0,0.0,0.0,0.0,0.0,0.0,0.0,0.0,0.002597,0.0,0.0,0.0,0.0,0.0,0.0,0.002481,0.0,0.0,0.013245,0.003861,0.0,0.0,0.00065,0.0,0.0,0.0,0.0,0.004762,0.0,0.0,0.0,0.0,0.002525,0.0,0.0,0.0,0.0,0.0,0.0,0.0,0.0,0.003311,0.001203,0.0,0.0,0.0,0.0,0.0,0.0,0.0,0.0,0.0,0.0,0.0,0.0,0.0,0.0,0.001629,0.0,0.0,0.013245,0.0,0.0,0.006623,0.0,1.0,0.019868,0.0,0.029801,0.0,0.0,0.0,0.0,0.0,0.003311,0.0,0.0,0.0,0.0,0.0,0.0,0.0,0.0,0.0,0.0,0.0,0.0,0.0,0.0,0.0,0.0,0.0,0.0,0.0,0.0,0.0,0.0,0.0,0.0,0.0,0.0,0.0,0.0,0.0,0.0,0.0,0.0,0.0,0.0,0.0,0.0,0.0,0.0,0.0,0.0,0.0,0.0,0.0,0.0,0.0,0.0,0.0,0.0,0.0,0.0,0.0,0.0,0.0,0.0,0.0,0.0,0.0,0.0,0.0,0.0,0.0,0.0,0.003311,0.0,0.0,0.003311,0.013245,0.0,0.0,0.0,0.0,0.0,0.0,0.0,0.0,0.0,0.0,0.003311,0.003311,0.0,0.0,0.0,0.0,0.003311,0.0,0.0,0.0,0.0,0.0,0.0,0.0,0.003311,0.0,0.0,0.0,0.001701,0.0,0.0,0.000529,0.000296,0.000982,0.003,0.000845,0.001186,0.001712,0.010582,0.001008,0.001919,0.0,0.002476,0.0,0.0,0.000509,0.008313,0.002643,0.000725,0.001827,0.000473,0.000578,0.0,0.003761,0.000736,0.001504,0.002174,0.000702,0.0,0.001071,0.001369,0.0,0.0,0.0,0.000856,0.007645,0.001684,0.0,0.0,0.0,0.0,0.0,0.001885,0.0,0.0,0.0,0.000503,0.000346,0.0,0.0,0.0,0.0,0.0,0.0,0.0,0.00905,0.0,0.0,0.0,0.0,0.001889,0.0,0.0,0.000734,0.0,0.0,0.000727,0.0,0.001961,0.000598,0.0,0.0,0.0,0.0,0.003311,0.0,0.0,0.0,0.0,0.0,0.0,0.0,0.0,0.0,0.001258,0.0,0.0,0.0,0.0,0.0,0.0,0.0,0.0,0.0,0.0,0.0,0.0,0.0,0.0,0.0,0.0,0.0,0.0,0.0,0.0,0.0,0.0,0.0,0.0,0.0,0.001929,0.001173,0.0,0.001838,0.001587,0.002676,0.001777,0.0,0.0,0.0,0.002105,0.0,0.0,0.003311,0.003262,0.0,0.0,0.0,0.003311,0.0,0.000372,0.0,0.0,0.0,0.0,0.0,0.0,0.0,0.0,0.0,0.0,0.003311,0.004902,0.004175,0.0,0.0,0.002227,0.0,0.004098,0.0,0.003311,0.0,0.0,0.0,0.0,0.0,0.0,0.0,0.0,0.001587,0.0,0.0,0.000749,0.0,0.0,0.000941,0.0,0.002304,0.0,0.002123,0.003311,0.0,0.0,0.0,0.0,0.0,0.001208,0.0,0.0,0.0,0.0,0.000929,0.0,0.003257,0.0,0.001497,0.0,0.0,0.0,0.0,0.0,0.0,0.0,0.002375,0.0,0.0,0.0,0.0,0.0,0.001767,0.005137,0.003311,0.001767,0.0,0.0,0.0,0.0,0.0
2029,0.0,0.0,0.0,0.0,0.0,0.0,0.0,0.0,0.0,0.0,0.0,0.0,0.0,0.0,0.0,0.0,0.007634,0.0,0.0,0.0,0.0,0.0,0.0,0.0,0.0,0.0,0.0,0.0,0.0,0.0,0.0,0.0,0.0,0.0,0.0,0.0,0.0,0.0,0.0,0.0,0.0,0.0,0.0,0.0,0.0,0.0,0.0,0.0,0.010753,0.0,0.0,0.0,0.0,0.0,0.0,0.0,0.0,0.0,0.0,0.0,0.0,0.0,0.003356,0.0,0.0,0.0,0.0,0.0,0.0,0.0,0.0,0.010753,0.0,0.0,0.003195,0.0,0.0,0.0,0.000401,0.0,0.0,0.0,0.0,0.005764,0.0,0.0,0.0,0.0,0.0,0.0,0.0,0.0,0.0,0.0,0.0,0.0,0.032258,0.0,0.0,0.010753,0.032258,0.019868,1.0,0.0,0.010309,0.0,0.021505,0.017544,0.0,0.0,0.0,0.0,0.0,0.003195,0.0,0.010753,0.0,0.0,0.0,0.0,0.0,0.0,0.0,0.010753,0.0,0.0,0.0,0.0,0.0,0.0,0.0,0.0,0.0,0.0,0.0,0.0,0.0,0.0,0.0,0.0,0.0,0.0,0.0,0.0,0.0,0.0,0.0,0.0,0.0,0.0,0.0,0.0,0.016949,0.0,0.0,0.0,0.0,0.0,0.0,0.0,0.0,0.0,0.0,0.0,0.0,0.0,0.0,0.0,0.0,0.0,0.0,0.001996,0.0,0.0,0.0,0.0,0.0,0.0,0.00303,0.0,0.0,0.0,0.0,0.0,0.0,0.0,0.0,0.0,0.0,0.0,0.0,0.0,0.0,0.0,0.0,0.0,0.0,0.000498,0.0,0.0,0.0,0.0,0.005682,0.0,0.0,0.0,0.0,0.001721,0.0,0.0,0.0,0.0,0.001,0.000422,0.0,0.000428,0.00098,0.0,0.0,0.0,0.002064,0.002874,0.0,0.001018,0.005379,0.000755,0.0,0.0,0.000315,0.0,0.0,0.0,0.000368,0.0,0.002174,0.000936,0.0,0.001071,0.0,0.0,0.0,0.0,0.000342,0.000218,0.001203,0.0,0.0,0.001764,0.0,0.002941,0.0,0.0,0.0,0.0,0.000359,9.9e-05,0.0,0.0,0.0,0.0,0.0,0.0,0.0,0.00905,0.0,0.0,0.0,0.0,0.000944,0.0,0.0,0.0,0.0,0.0,8.1e-05,0.0,0.0,0.000598,0.0,0.0,0.0,0.0,0.0,0.0,0.0,0.0,0.0,0.0,0.0,0.0,0.0,0.0,0.0,0.0,0.0,0.0,0.0,0.0,0.0,0.0,0.0,0.0,0.0,0.0,0.0,0.0,0.0,0.0,0.0,0.0,0.0,0.0,0.0,0.0,0.0,0.0,0.0,0.0,0.0,0.000156,0.0,0.000735,0.000794,0.000892,0.001066,0.0,0.0,0.0,0.000702,0.0,0.0,0.0,0.000155,0.0,0.0,0.0,0.0,0.0,0.000745,0.0,0.0,0.0,0.0,0.0,0.0,0.0,0.0,0.01,0.0,0.0,0.0,0.0,0.0,0.0,0.002227,0.0,0.002459,0.0,0.010204,0.0,0.0,0.0,0.0,0.0,0.0,0.0,0.0,0.001587,0.0,0.0,0.000749,0.0,0.0,0.000941,0.0,0.0,0.00065,0.0,0.0,0.0,0.0,0.006757,0.0,0.0,0.001208,0.0,0.0,0.0,0.0,0.0,0.010753,0.003257,0.0,0.0,0.0,0.0,0.006135,0.0,0.0,0.0,0.0,0.0,0.0,0.0,0.0,0.0,0.0,0.0,0.000428,0.0,0.000265,0.0,0.0,0.0,0.0,0.0
2030,0.0,0.0,0.0,0.0,0.0,0.0,0.0,0.0,0.0,0.0,0.0,0.0,0.0,0.0,0.0,0.0,0.0,0.0,0.0,0.0,0.0,0.0,0.0,0.0,0.0,0.0,0.0,0.0,0.0,0.0,0.0,0.0,0.0,0.0,0.0,0.0,0.0,0.0,0.0,0.0,0.0,0.0,0.0,0.0,0.0,0.0,0.0,0.0,0.0,0.0,0.0,0.0,0.0,0.0,0.0,0.0,0.0,0.0,0.0,0.0,0.0,0.0,0.0,0.0,0.0,0.0,0.0,0.0,0.0,0.0,0.0,0.017241,0.0,0.0,0.0,0.0,0.0,0.0,0.0,0.0,0.0,0.0,0.0,0.0,0.0,0.0,0.0,0.0,0.0,0.0,0.0,0.0,0.0,0.0,0.0,0.0,0.0,0.0,0.0,0.0,0.0,0.0,0.0,1.0,0.0,0.0,0.0,0.0,0.0,0.0,0.0,0.0,0.0,0.0,0.0,0.0,0.0,0.0,0.0,0.0,0.0,0.0,0.0,0.0,0.0,0.0,0.0,0.0,0.0,0.0,0.0,0.0,0.0,0.0,0.0,0.0,0.0,0.0,0.0,0.0,0.0,0.0,0.0,0.0,0.0,0.0,0.0,0.0,0.0,0.0,0.0,0.0,0.0,0.0,0.0,0.0,0.0,0.0,0.0,0.0,0.0,0.0,0.0,0.0,0.0,0.0,0.0,0.0,0.0,0.0,0.0,0.0,0.0,0.0,0.0,0.0,0.0,0.0,0.0,0.0,0.0,0.0,0.0,0.0,0.0,0.0,0.0,0.0,0.0,0.0,0.0,0.0,0.0,0.0,0.0,0.0,0.0,0.0,0.0,0.0,0.0,0.0,0.0,0.0,0.0,0.0,0.0,0.0,0.0,0.0,0.0,0.0,0.0,0.0,0.0,0.0,0.0,0.0,0.0,0.0,0.0,0.0,0.0,0.0,0.0,0.0,0.0,0.0,0.0,0.0,0.0,0.0,0.0,0.0,0.0,0.0,0.0,0.0,0.0,0.0,0.0,0.0,0.000171,0.0,0.0,0.0,0.0,0.0,0.0,0.0,0.0,0.0,0.0,0.0,0.0,0.0,0.0,0.0,0.0,0.0,0.0,0.0,0.0,0.0,0.0,0.0,0.0,0.0,0.0,0.0,0.0,0.0,0.0,0.0,0.0,0.0,0.0,0.0,0.0,0.0,0.0,0.0,0.0,0.0,0.0,0.0,0.0,0.0,0.0,0.0,0.0,0.0,0.0,0.0,0.0,0.0,0.0,0.0,0.0,0.0,0.0,0.0,0.0,0.0,0.0,0.0,0.0,0.0,0.0,0.0,0.0,0.0,0.0,0.0,0.0,0.0,0.0,0.0,0.0,0.0,0.0,0.0,0.0,0.0,0.0,0.0,0.0,0.0,0.0,0.0,0.0,0.0,0.0,0.0,0.0,0.0,0.0,0.0,0.0,0.0,0.0,0.0,0.0,0.0,0.0,0.0,0.0,0.0,0.0,0.0,0.0,0.0,0.0,0.0,0.0,0.0,0.0,0.0,0.0,0.0,0.0,0.0,0.0,0.0,0.0,0.0,0.0,0.0,0.0,0.0,0.0,0.0,0.0,0.0,0.0,0.0,0.0,0.0,0.0,0.0,0.0,0.0,0.0,0.0,0.0,0.0,0.0,0.0,0.0,0.0,0.0,0.0,0.0,0.0,0.0,0.0,0.0,0.0,0.0,0.0,0.0,0.0,0.0,0.0,0.0,0.0,0.0,0.0,0.0,0.0,0.0,0.0,0.0,0.0,0.0,0.0
2100,0.0,0.0,0.0,0.0,0.0,0.0,0.020619,0.0,0.0,0.00055,0.0,0.0,0.0,0.0,0.000623,0.0,0.0,0.0,0.0,0.0,0.0,0.0,0.0,0.0,0.0,0.0,0.0,0.0,0.0,0.0,0.0,0.0,0.0,0.0,0.0,0.0,0.000792,0.0,0.0,0.0,0.0,0.010309,0.0,0.0,0.0,0.0,0.0,0.0,0.0,0.0,0.0,0.0,0.0,0.002375,0.0,0.0,0.0,0.0,0.0,0.010309,0.0,0.0,0.0,0.019048,0.0,0.010309,0.0,0.0,0.0,0.0,0.0,0.0,0.0,0.0,0.0,0.0,0.0,0.0,0.0,0.0,0.0,0.0,0.0,0.0,0.0,0.0,0.0,0.0,0.0,0.0,0.0,0.0,0.0,0.0,0.0,0.010309,0.061856,0.0,0.0,0.010309,0.0,0.029801,0.010309,0.0,1.0,0.0,0.0,0.0,0.0,0.0,0.0,0.0,0.0,0.0,0.0,0.0,0.0,0.0,0.0,0.0,0.0,0.0,0.0,0.0,0.0,0.0,0.0,0.0,0.0,0.0,0.0,0.0,0.0,0.0,0.0,0.0,0.0,0.0,0.0,0.0,0.0,0.0,0.0,0.0,0.0,0.0,0.0,0.0,0.0,0.0,0.0,0.0,0.0,0.0,0.0,0.0,0.0,0.0,0.0,0.0,0.010309,0.0,0.0,0.0,0.0,0.0,0.0,0.0,0.0,0.0,0.0,0.0,0.0,0.0,0.0,0.0,0.0,0.006667,0.0,0.0,0.0,0.010309,0.0,0.0,0.0,0.0,0.0,0.0,0.0,0.0,0.0,0.0,0.0,0.0,0.0,0.0,0.0,0.000498,0.0,0.0,0.0,0.0,0.0,0.001182,0.0,0.0,0.0,0.001721,0.0,0.000265,0.0,0.0,0.001,0.000422,0.000593,0.000428,0.008426,0.0,0.001919,0.0,0.002064,0.002874,0.0,0.0,0.001956,0.000755,0.000104,0.000731,0.000789,0.0,0.0,0.0,0.000368,0.0,0.0,0.0,0.0,0.0,0.000456,0.0,0.0,0.0,0.0,0.004587,0.000481,0.0,0.009174,0.0,0.0,0.0,0.0,0.0,0.0,0.0,0.0,9.9e-05,0.0,0.0,0.0,0.0,0.0,0.010309,0.0,0.012066,0.0,0.0,0.0,0.0,0.0,0.0,0.0,0.0,0.0,0.020619,0.000162,0.001127,0.001961,0.0,0.0,0.0,0.0,0.0,0.0,0.0,0.0,0.0,0.0,0.0,0.0,0.0,0.0,0.0,0.001258,0.0,0.0,0.0,0.006711,0.0,0.0,0.0,0.0,0.0,0.0,0.0,0.0,0.0,0.0,0.0,0.0,0.0,0.0,0.0,0.0,0.0,0.0,0.0,0.0,0.0,0.0,0.000156,0.0,0.0,0.0,0.000446,0.001066,0.0,0.0125,0.0,0.0,0.0,0.003012,0.0,0.000311,0.0,0.0,0.0,0.0,0.002353,0.0,0.010309,0.0,0.0,0.0,0.0,0.0,0.0,0.0,0.0,0.0,0.0,0.0,0.002088,0.0,0.0,0.0,0.0,0.0,0.0,0.0,0.0,0.0,0.004587,0.0,0.0,0.0,0.0,0.0,0.0,0.0,0.0,0.0,0.0,0.0,0.001412,0.010309,0.002304,0.000975,0.000531,0.0,0.0,0.0,0.0,0.0,0.0,0.001208,0.0,0.0,0.0,0.0,0.001859,0.0,0.0,0.0,0.0,0.0,0.0,0.0,0.0,0.010309,0.0,0.0,0.0,0.0,0.0,0.0,0.0,0.0,0.0,0.0,0.0,0.00053,0.0,0.0,0.0,0.0,0.0
2211,0.0,0.0,0.0,0.0,0.0,0.0,0.0,0.0,0.0,0.0,0.0,0.0,0.0,0.0,0.0,0.0,0.0,0.0,0.0,0.0,0.0,0.0,0.0,0.0,0.0,0.0,0.0,0.0,0.0,0.0,0.0,0.0,0.0,0.0,0.0,0.0,0.0,0.0,0.0,0.0,0.0,0.0,0.0,0.0,0.0,0.0,0.0,0.0,0.0,0.0,0.0,0.0,0.0,0.0,0.0,0.0,0.0,0.0,0.0,0.0,0.0,0.0,0.0,0.0,0.0,0.0,0.0,0.0,0.0,0.0,0.0,0.0,0.0,0.0,0.0,0.0,0.0,0.0,0.0,0.0,0.0,0.0,0.0,0.0,0.0,0.0,0.0,0.0,0.0,0.0,0.0,0.0,0.0,0.0,0.0,0.0,0.0,0.0,0.0,0.0,0.0,0.0,0.0,0.0,0.0,1.0,0.0,0.005848,0.0,0.0,0.0,0.0,0.0,0.0,0.0,0.0,0.0,0.0,0.0,0.0,0.0,0.0,0.0,0.0,0.0,0.0,0.0,0.010989,0.0,0.0,0.0,0.0,0.0,0.0,0.0,0.0,0.0,0.0,0.0,0.0,0.0,0.0,0.0,0.0,0.0,0.0,0.0,0.0,0.0,0.0,0.0,0.0,0.0,0.0,0.0,0.0,0.0,0.0,0.0,0.0,0.0,0.0,0.017544,0.0,0.0,0.0,0.0,0.0,0.0,0.0,0.0,0.0,0.0,0.0,0.0,0.0,0.0,0.0,0.00303,0.0,0.0,0.0,0.0,0.0,0.0,0.0,0.0,0.0,0.0,0.0,0.0,0.0,0.0,0.0,0.0,0.0,0.0,0.0,0.0,0.0,0.0,0.0,0.0,0.0,0.0,0.0,0.0,0.0,0.0,0.000529,0.001481,0.0,0.0,0.0,0.0,0.0,0.0,0.0,0.0,0.0,0.0,0.0,0.0,0.0,0.000489,0.000189,0.0,0.0,0.0,0.0,0.0,0.00047,0.0,0.0,0.0,0.000234,0.0,0.0,0.0,0.0,0.0,0.0,0.0,0.000218,0.0,0.0,0.0,0.0,0.0,0.0,0.0,0.0,0.0,0.000183,7.2e-05,9.9e-05,0.0,0.0,0.0,0.0,0.0,0.0,0.0,0.001508,0.0,0.0,0.0,0.0,0.0,0.0,0.0,0.0,0.0,0.0,8.1e-05,0.0,0.0,0.0,0.0,0.0,0.0,0.0,0.0,0.0,0.0,0.0,0.0,0.0,0.0,0.0,0.0,0.0,0.001258,0.0,0.0,0.0,0.0,0.0,0.0,0.0,0.0,0.0,0.0,0.0,0.0,0.0,0.0,0.0,0.0,0.0,0.0,0.0,0.0,0.0,0.0,0.0,0.0,0.0,0.0,0.0,0.0,0.0,0.0,0.0,0.0,0.0,0.0,0.0,0.0,0.0,0.0,0.0,0.000155,0.0,0.0,0.0,0.0,0.0,0.0,0.0,0.0,0.0,0.0,0.0,0.0,0.0,0.0,0.0,0.0,0.0,0.0,0.0,0.0,0.0,0.0,0.0,0.0,0.0,0.0,0.0,0.0,0.0,0.0,0.0,0.0,0.0,0.0,0.0,0.0,0.0,0.0,0.0,0.0,0.0,0.0,0.0,0.0,0.0,0.0,0.0,0.0,0.0,0.0,0.0,0.0,0.0,0.0,0.0,0.0,0.0,0.0,0.0,0.0,0.0,0.0,0.0,0.0,0.0,0.0,0.0,0.0,0.0,0.0,0.0,0.0,0.0,0.0,0.0,0.0,0.0,8.8e-05,0.0,0.0,0.0,0.0,0.0
2219,0.0,0.0,0.0,0.0,0.0,0.0,0.0,0.0,0.0,0.0,0.0,0.0,0.0,0.0,0.0,0.0,0.015267,0.0,0.000371,0.0,0.0,0.0,0.0,0.0,0.0,0.0,0.0,0.0,0.0,0.0,0.0,0.0,0.0,0.0,0.0,0.0,0.0,0.0,0.0,0.0,0.0,0.0,0.0,0.0,0.0,0.0,0.0,0.0,0.0,0.0,0.0,0.0,0.0,0.0,0.0,0.0,0.0,0.0,0.0,0.0,0.0,0.0,0.0,0.0,0.0,0.0,0.0,0.0,0.0,0.0,0.030303,0.0,0.0,0.0,0.003195,0.0,0.0,0.0,0.000401,0.0,0.0,0.0,0.0,0.0,0.0,0.0,0.0,0.0,0.0,0.0,0.0,0.0,0.0,0.0,0.0,0.0,0.011111,0.0,0.0,0.0,0.0,0.0,0.021505,0.0,0.0,0.0,1.0,0.005848,0.0,0.0,0.0,0.0,0.030303,0.003195,0.025641,0.027027,0.0,0.0,0.0,0.0,0.0,0.0,0.0,0.0,0.0,0.002604,0.0,0.010989,0.030303,0.0,0.030303,0.0,0.0,0.0,0.030303,0.0,0.0,0.0,0.0,0.0,0.0,0.0,0.0,0.0,0.0,0.030303,0.0,0.0,0.030303,0.0,0.0,0.0,0.00565,0.0,0.0,0.0,0.0,0.0,0.0,0.0,0.0,0.0,0.0,0.0,0.0,0.0,0.0,0.0,0.0,0.0,0.0,0.0,0.0,0.0,0.0,0.0,0.0,0.0,0.0,0.0,0.001664,0.0,0.0,0.0,0.0,0.0,0.0,0.0,0.0,0.0,0.0,0.0,0.0,0.0,0.0,0.013333,0.0,0.000498,0.0,0.001946,0.008065,0.0,0.0,0.001182,0.0,0.0,0.001701,0.001721,0.0,0.000529,0.000593,0.0,0.0,0.0,0.0,0.000856,0.000784,0.0,0.0,0.0,0.000825,0.0,0.0,0.0,0.0,0.000566,0.0,0.0,0.000158,0.0,0.0,0.0,0.0,0.0,0.0,0.000936,0.0,0.0,0.0,0.0,0.003891,0.0,0.000514,0.0,0.0,0.0,0.0,0.0,0.0,0.0,0.000269,0.0,0.0,0.0,7.2e-05,9.9e-05,0.0,0.0,0.0,0.0,0.0,0.0,0.0,0.004525,0.0,0.0,0.0,0.005025,0.000944,0.0,0.0,0.0,0.0,0.0,0.0,0.0,0.0,0.0,0.0,0.0,0.0,0.0,0.0,0.0,0.0,0.0,0.0,0.0,0.0,0.0,0.0,0.0,0.0,0.0,0.0,0.0,0.0,0.0,0.0,0.0,0.0,0.0,0.0,0.0,0.0,0.0,0.0,0.0,0.0,0.0,0.0,0.0,0.0,0.0,0.0,0.0,0.0,0.0,0.000964,0.000156,0.0,0.0,0.0,0.000446,0.000355,0.0,0.0,0.0,0.0,0.0,0.0,0.0,0.000155,0.0,0.0,0.0,0.0,0.0,0.0,0.0,0.0,0.0,0.0,0.0,0.0,0.0,0.0,0.0,0.0,0.015152,0.0,0.0,0.0,0.0,0.0,0.0,0.0,0.0,0.0,0.0,0.0,0.0,0.0,0.0,0.0,0.0,0.0,0.0,0.0,0.0,0.0,0.0,0.0,0.000471,0.0,0.0,0.0,0.0,0.0,0.0,0.0,0.0,0.0,0.0,0.0,0.0,0.0,0.0,0.0,0.0,0.0,0.0,0.0,0.0,0.0,0.0,0.0,0.0,0.0,0.0,0.0,0.0,0.0,0.0,0.0,0.0,0.0,0.0,0.0,0.0,0.000177,0.0,0.0,0.0,0.0,0.0
2220,0.0,0.001043,0.0,0.0,0.0,0.0,0.0,0.0,0.0,0.0,0.0,0.0,0.0,0.0,0.0,0.0,0.0,0.0,0.000371,0.0,0.005848,0.0,0.0,0.0,0.0,0.0,0.0,0.0,0.0,0.0,0.0,0.0,0.0,0.0,0.0,0.0,0.0,0.0,0.0,0.0,0.0,0.0,0.0,0.0,0.0,0.0,0.0,0.0,0.0,0.0,0.0,0.0,0.0,0.0,0.0,0.001931,0.0,0.0,0.0,0.0,0.0,0.0,0.0,0.0,0.0,0.0,0.0,0.0,0.005051,0.0,0.0,0.0,0.0,0.0,0.00639,0.0,0.005848,0.0,0.001203,0.0,0.0,0.0,0.005848,0.0,0.004329,0.0,0.0,0.0,0.0,0.0,0.005848,0.005848,0.0,0.003257,0.0,0.0,0.005848,0.0,0.035088,0.005848,0.0,0.0,0.017544,0.0,0.0,0.005848,0.005848,1.0,0.0,0.0,0.0,0.0,0.005848,0.003195,0.005848,0.0,0.011696,0.0,0.0,0.0,0.001529,0.005848,0.0,0.0,0.0,0.002604,0.0,0.011696,0.0,0.0,0.005848,0.0,0.0,0.0,0.005848,0.0,0.011696,0.0,0.0,0.0,0.0,0.0,0.0,0.0,0.005848,0.0,0.005848,0.0,0.0,0.0,0.0,0.005848,0.011299,0.0,0.005848,0.0,0.005848,0.0,0.0,0.005848,0.0,0.0,0.005848,0.005848,0.0,0.0,0.0,0.0,0.0,0.0,0.0,0.002994,0.0,0.0,0.0,0.0,0.005848,0.005848,0.0,0.0,0.001664,0.0,0.0,0.0,0.005848,0.005848,0.0,0.0,0.0,0.0,0.005848,0.005848,0.0,0.0,0.0,0.017544,0.005848,0.000996,0.0,0.003891,0.0,0.0,0.0,0.002364,0.0,0.0,0.001701,0.0,0.00155,0.000265,0.001481,0.002947,0.002,0.000422,0.000296,0.001712,0.003723,0.002016,0.0,0.0,0.003302,0.0,0.0,0.000763,0.003912,0.001133,0.000311,0.000731,0.0,0.0,0.0,0.0,0.0,0.0,0.0,0.001873,0.0,0.001071,0.0,0.0,0.003891,0.0,0.000171,0.000218,0.000481,0.0,0.0,0.0,0.0,0.002941,0.0,0.0,0.0,0.000549,0.000216,0.000643,0.0,0.0,0.0,0.0,0.0,0.0,0.0,0.006033,0.0,0.0,0.0,0.0,0.000944,0.001718,0.0,0.000734,0.0,0.0,0.000242,0.0,0.0,0.000598,0.005848,0.0,0.0,0.0,0.0,0.0,0.0,0.0,0.0,0.0,0.0,0.0,0.0,0.0,0.001258,0.0,0.0,0.0,0.0,0.0,0.0,0.0,0.0,0.0,0.0,0.0,0.0,0.0,0.0,0.0,0.0,0.0,0.0,0.0,0.0,0.0,0.0,0.0,0.0,0.0,0.000964,0.000704,0.000776,0.000368,0.001587,0.001338,0.002843,0.0,0.0,0.0,0.002105,0.0,0.003012,0.0,0.000155,0.0,0.0,0.0,0.0,0.0,0.000745,0.0,0.0,0.0,0.0,0.0,0.0,0.0,0.0,0.005,0.0,0.005848,0.002451,0.002088,0.0,0.0,0.0,0.0,0.00082,0.0,0.010204,0.0,0.0,0.0,0.0,0.0,0.0,0.0,0.0,0.0,0.0,0.0,0.0,0.0,0.0,0.000471,0.0,0.0,0.00065,0.0,0.005848,0.0,0.0,0.0,0.0,0.0,0.001208,0.0,0.0,0.0,0.0,0.000929,0.0,0.0,0.0,0.001497,0.0,0.0,0.0,0.0,0.0,0.0,0.0,0.0,0.0,0.0,0.0,0.005848,0.0,0.0,0.000428,0.0,0.00053,0.0,0.0,0.0,0.0,0.0
2310,0.0,0.0,0.0,0.0,0.0,0.0,0.0,0.0,0.0,0.0,0.0,0.0,0.0,0.0,0.0,0.0,0.0,0.0,0.0,0.0,0.0,0.0,0.0,0.0,0.0,0.0,0.0,0.0,0.0,0.0,0.0,0.0,0.0,0.0,0.0,0.0,0.0,0.0,0.0,0.0,0.0,0.0,0.0,0.0,0.0,0.0,0.0,0.0,0.0,0.0,0.0,0.0,0.0,0.0,0.0,0.0,0.0,0.0,0.0,0.0,0.005618,0.0,0.0,0.0,0.0,0.0,0.0,0.0,0.0,0.0,0.0,0.0,0.0,0.0,0.003195,0.0,0.0,0.0,0.0,0.0,0.0,0.0,0.0,0.0,0.0,0.0,0.002604,0.0,0.0,0.0,0.0,0.0,0.0,0.0,0.0,0.0,0.0,0.0,0.0,0.0,0.0,0.0,0.0,0.0,0.0,0.0,0.0,0.0,1.0,0.0,0.012195,0.0,0.0,0.003195,0.0,0.0,0.012048,0.012195,0.012195,0.0,0.006116,0.0,0.0,0.0,0.0,0.0,0.0,0.0,0.0,0.0,0.0,0.0,0.0,0.0,0.0,0.0,0.0,0.0,0.0,0.0,0.0,0.0,0.0,0.0,0.0,0.0,0.0,0.0,0.0,0.0,0.0,0.0,0.0,0.0,0.0,0.0,0.0,0.0,0.0,0.0,0.0,0.0,0.012195,0.0,0.0,0.0,0.0,0.0,0.0,0.0,0.0,0.0,0.0,0.012195,0.0,0.0,0.0,0.0,0.0,0.0,0.0,0.011494,0.0,0.0,0.0,0.0,0.0,0.0,0.0,0.0,0.0,0.0,0.0,0.0,0.0,0.0,0.0,0.0,0.0,0.0,0.0,0.0,0.0,0.0,0.0,0.0,0.003401,0.001721,0.0,0.000529,0.000889,0.0,0.0,0.000422,0.000148,0.0,0.000392,0.0,0.0,0.0,0.000413,0.0,0.004484,0.001018,0.000978,0.000189,0.000104,0.000731,0.0,0.000289,0.0,0.0,0.0,0.0,0.0,0.001873,0.0,0.000357,0.0,0.0,0.0,0.0,0.000171,0.000218,0.000722,0.0,0.0,0.0,0.0,0.0,0.000539,0.0,0.0,0.0,0.000287,0.000346,0.0,0.0,0.0,0.0,0.0,0.0,0.0,0.0,0.0,0.0,0.0,0.0,0.0,0.0,0.0,0.0,0.0,0.0,8.1e-05,0.0,0.001961,0.002392,0.0,0.0,0.0,0.0,0.0,0.0,0.0,0.0,0.0,0.0,0.0,0.0,0.0,0.0,0.0,0.0,0.0,0.0,0.0,0.0,0.0,0.0,0.0,0.0,0.0,0.0,0.0,0.0,0.0,0.0,0.0,0.0,0.0,0.0,0.0,0.0,0.0,0.0,0.0,0.0,0.0,0.000547,0.0,0.0,0.0,0.0,0.001066,0.011364,0.0,0.0,0.001404,0.0,0.0,0.0,0.000155,0.0,0.0,0.0,0.0,0.0,0.000372,0.0,0.0,0.0,0.0,0.0,0.0,0.0,0.0,0.0,0.0,0.0,0.0,0.0,0.0,0.0,0.002227,0.0,0.0,0.0,0.005102,0.0,0.0,0.0,0.0,0.0,0.0,0.0,0.0,0.0,0.0,0.0,0.0,0.0,0.0,0.000471,0.0,0.0,0.0,0.0,0.0,0.0,0.0,0.0,0.0,0.0,0.001208,0.0,0.0,0.0,0.0,0.0,0.0,0.0,0.008475,0.001497,0.0,0.0,0.0,0.0,0.0,0.0,0.0,0.0,0.0,0.0,0.0,0.0,0.0,0.0,0.0,0.0,0.000353,0.0,0.0,0.0,0.0,0.0
2391,0.0,0.0,0.0,0.00177,0.0,0.0,0.0,0.0,0.0,0.0,0.0,0.0,0.0,0.0,0.0,0.0,0.0,0.0,0.0,0.0,0.0,0.0,0.0,0.0,0.0,0.0,0.0,0.0,0.0,0.0,0.005348,0.0,0.0,0.0,0.0,0.0,0.0,0.0,0.0,0.0,0.0,0.0,0.0,0.0,0.0,0.008299,0.0,0.0,0.0,0.0,0.0,0.0,0.0,0.0,0.0,0.0,0.0,0.0,0.0,0.0,0.0,0.012346,0.0,0.002381,0.0,0.0,0.0,0.0,0.0,0.0,0.0,0.0,0.0,0.0,0.0,0.0,0.0,0.0,0.0,0.0,0.0,0.0,0.0,0.0,0.0,0.0,0.0,0.0,0.0,0.0,0.0,0.0,0.0,0.0,0.0,0.0,0.0,0.0,0.0,0.0,0.0,0.0,0.0,0.0,0.0,0.0,0.0,0.0,0.0,1.0,0.012346,0.00885,0.012346,0.015974,0.0,0.0,0.012048,0.0,0.0,0.0,0.0,0.0,0.0,0.0,0.0,0.0,0.0,0.0,0.0,0.0,0.0,0.0,0.0,0.0,0.0,0.0,0.0,0.0,0.0,0.0,0.0,0.0,0.0,0.0,0.0,0.0,0.0,0.0,0.0,0.0,0.0,0.0,0.0,0.0,0.0,0.0,0.0,0.0,0.0,0.0,0.0,0.0,0.0,0.0,0.0,0.0,0.0,0.0,0.0,0.0,0.0,0.0,0.0,0.0,0.0,0.0,0.0,0.0,0.0,0.0,0.0,0.0,0.0,0.0,0.0,0.0,0.0,0.0,0.0,0.0,0.0,0.0,0.0,0.012346,0.012346,0.0,0.0,0.001992,0.006369,0.0,0.008065,0.0,0.0,0.0,0.0,0.0,0.0,0.001721,0.0,0.0,0.0,0.0,0.0,0.0,0.000296,0.0,0.000588,0.0,0.0,0.0,0.000413,0.0,0.0,0.002799,0.000978,0.000566,0.000414,0.0,0.000158,0.000867,0.0,0.00047,0.0,0.0,0.0,0.000702,0.011765,0.001071,0.000456,0.0,0.0,0.0,0.0,0.0,0.0,0.0,0.0,0.0,0.0,0.0,0.0,0.0,0.0,0.000183,0.000359,0.001236,0.0,0.0,0.0,0.0,0.0,0.0,0.0,0.003017,0.0,0.0,0.0,0.0,0.0,0.0,0.0,0.0,0.0,0.0,8.1e-05,0.001127,0.0,0.000598,0.0,0.0,0.0,0.0,0.0,0.0,0.0,0.0,0.0,0.0,0.0,0.0,0.0,0.0,0.0,0.0,0.0,0.0,0.0,0.0,0.0,0.0,0.0,0.0,0.0,0.0,0.0,0.0,0.0,0.0,0.0,0.0,0.0,0.0,0.0,0.0,0.0,0.0,0.0,0.0,0.002893,0.000156,0.0,0.0,0.0,0.0,0.000711,0.0,0.0,0.0,0.000702,0.0,0.0,0.0,0.000311,0.0,0.0,0.0,0.0,0.0,0.000745,0.0,0.0,0.0,0.0,0.0,0.0,0.0,0.0,0.0,0.0,0.0,0.0,0.0,0.0,0.0,0.0,0.0,0.0,0.0,0.0,0.0,0.003425,0.013761,0.0,0.0,0.0,0.0,0.0,0.0,0.0,0.0,0.0,0.0,0.0,0.0,0.0,0.0,0.0,0.0,0.0,0.0,0.0,0.0,0.0,0.0,0.0,0.0,0.0,0.0,0.0,0.0,0.0,0.0,0.0,0.0,0.012346,0.00625,0.0,0.0,0.0,0.0,0.0,0.0,0.0,0.0,0.0,0.0,0.0,0.0,0.0,0.004525,0.000265,0.0,0.0,0.0,0.0,0.0
2392,0.0,0.0,0.0,0.0,0.0,0.0,0.0,0.0,0.0,0.0,0.0,0.0,0.0,0.0,0.0,0.0,0.0,0.0,0.0,0.0,0.0,0.0,0.0,0.0,0.0,0.0,0.0,0.0,0.0,0.0,0.0,0.0,0.0,0.0,0.0,0.0,0.0,0.0,0.0,0.0,0.0,0.0,0.0,0.0,0.0,0.0,0.0,0.0,0.015625,0.0,0.0,0.0,0.0,0.0,0.0,0.0,0.0,0.0,0.0,0.0,0.0,0.0,0.0,0.0,0.0,0.0,0.0,0.0,0.0,0.0,0.0,0.0,0.0,0.0,0.0,0.0,0.0,0.0,0.0,0.0,0.0,0.0,0.0,0.0,0.0,0.0,0.0,0.0,0.0,0.0,0.0,0.0,0.0,0.0,0.0,0.0,0.0,0.0,0.0,0.0,0.0,0.003311,0.0,0.0,0.0,0.0,0.0,0.0,0.012195,0.012346,1.0,0.00885,0.0,0.0,0.015625,0.015625,0.0,0.0,0.0,0.0,0.001529,0.0,0.0,0.0,0.0,0.0,0.0,0.0,0.0,0.0,0.0,0.0,0.0,0.0,0.0,0.0,0.0,0.0,0.0,0.0,0.0,0.0,0.0,0.0,0.0,0.0,0.0,0.0,0.0,0.0,0.0,0.0,0.0,0.0,0.0,0.0,0.0,0.0,0.0,0.0,0.0,0.0,0.0,0.0,0.0,0.0,0.0,0.0,0.0,0.0,0.0,0.0,0.0,0.0,0.0,0.0,0.0,0.0,0.0,0.0,0.0,0.0,0.0,0.0,0.0,0.0,0.0,0.0,0.0,0.0,0.0,0.0,0.0,0.0,0.0,0.0,0.0,0.0,0.0,0.0,0.0,0.0,0.0,0.0,0.0,0.0,0.0,0.0,0.0,0.000529,0.0,0.0,0.0,0.0,0.0,0.0,0.000784,0.0,0.0,0.0,0.0,0.0,0.0,0.001272,0.0,0.000566,0.000518,0.0,0.0,0.000289,0.0,0.00047,0.000368,0.001504,0.0,0.001404,0.011765,0.001071,0.0,0.0,0.0,0.0,0.000171,0.0,0.000241,0.0,0.0,0.001764,0.0,0.0,0.0,0.0,0.0,0.0,0.000647,0.001039,0.0,0.0,0.0,0.0,0.0,0.0,0.0,0.003017,0.0,0.0,0.0,0.0,0.0,0.0,0.0,0.0,0.0,0.0,0.0,0.0,0.0,0.0,0.0,0.0,0.0,0.0,0.0,0.0,0.0,0.0,0.0,0.0,0.0,0.0,0.0,0.0,0.0,0.0,0.0,0.0,0.0,0.0,0.0,0.0,0.0,0.0,0.0,0.0,0.0,0.0,0.0,0.0,0.0,0.0,0.0,0.0,0.0,0.0,0.0,0.0,0.0,0.0,0.0,0.0,0.0,0.0,0.000794,0.0,0.000355,0.0,0.0,0.0,0.0,0.0,0.0,0.0,0.000155,0.0,0.0,0.0,0.0,0.0,0.000372,0.0,0.0,0.0,0.0,0.0,0.0,0.0,0.0,0.0,0.0,0.0,0.0,0.0,0.0,0.0,0.0,0.0,0.0,0.0,0.0,0.0,0.0,0.0,0.0,0.0,0.0,0.0,0.0,0.0,0.0,0.0,0.0,0.0,0.0,0.0,0.0,0.002304,0.0,0.0,0.0,0.0,0.0,0.0,0.0,0.0,0.001208,0.0,0.0,0.0,0.0,0.000929,0.0,0.0,0.0,0.0,0.0,0.0,0.0,0.0,0.0,0.0,0.0,0.0,0.0,0.0,0.0,0.0,0.0,0.0,0.0,0.0,0.000265,0.0,0.0,0.0,0.0,0.0
2393,0.0,0.0,0.0,0.0,0.0,0.0,0.0,0.0,0.0,0.0,0.0,0.0,0.0,0.0,0.0,0.0,0.0,0.0,0.000371,0.0,0.0,0.0,0.0,0.0,0.0,0.0,0.0,0.0,0.0,0.0,0.0,0.0,0.0,0.0,0.0,0.0,0.0,0.0,0.0,0.0,0.0,0.0,0.0,0.0,0.0,0.0,0.0,0.0,0.0,0.0,0.0,0.0,0.0,0.0,0.0,0.001931,0.0,0.0,0.00065,0.0,0.0,0.0,0.0,0.0,0.0,0.0,0.0,0.0,0.0,0.0,0.0,0.0,0.0,0.0,0.003195,0.0,0.0,0.008403,0.001203,0.0,0.0,0.0,0.0,0.0,0.0,0.0,0.002604,0.0,0.035398,0.0,0.0,0.0,0.003017,0.001629,0.0,0.0,0.0,0.0,0.0,0.0,0.0,0.0,0.0,0.0,0.0,0.0,0.0,0.0,0.0,0.00885,0.00885,1.0,0.0,0.0,0.00885,0.0,0.0,0.0,0.0,0.0,0.0,0.0,0.0,0.0,0.0,0.0,0.0,0.0,0.0,0.0,0.0,0.0,0.0,0.0,0.0,0.0,0.0,0.0,0.0,0.0,0.0,0.0,0.0,0.0,0.0,0.0,0.0,0.0,0.0,0.0,0.0,0.0,0.0,0.0,0.0,0.0,0.0,0.0,0.0,0.0,0.0,0.0,0.0,0.0,0.0,0.0,0.0,0.0,0.0,0.0,0.0,0.002994,0.0,0.0,0.0,0.0,0.0,0.0,0.0,0.0,0.0,0.0,0.0,0.0,0.0,0.0,0.0,0.0,0.0,0.0,0.0,0.0,0.0,0.0,0.0,0.0,0.0,0.0,0.0,0.0,0.0,0.0,0.0,0.0,0.0,0.0,0.0,0.0,0.0,0.000265,0.0,0.0,0.0,0.0,0.000445,0.001284,0.000588,0.0,0.0,0.0,0.0,0.0,0.0,0.0,0.0,0.000566,0.000518,0.000365,0.000473,0.000289,0.0,0.00047,0.000368,0.0,0.0,0.000936,0.0,0.000714,0.000456,0.0,0.0,0.0,0.000171,0.001092,0.001924,0.0,0.0,0.0,0.0,0.0,0.000269,0.0,0.0,0.000183,0.000287,0.000297,0.0,0.0,0.0,0.0,0.0,0.0,0.0,0.0,0.0,0.0,0.0,0.0,0.0,0.0,0.0,0.001101,0.0,0.00885,0.000808,0.0,0.0,0.0,0.0,0.0,0.0,0.0,0.0,0.0,0.0,0.0,0.0,0.0,0.0,0.0,0.0,0.0,0.0,0.0,0.0,0.0,0.0,0.0,0.0,0.0,0.0,0.0,0.0,0.0,0.0,0.0,0.0,0.0,0.0,0.0,0.0,0.0,0.0,0.0,0.0,0.0,0.0,0.0,0.0,0.000704,0.0,0.0,0.0,0.000446,0.000355,0.0,0.0,0.0,0.001404,0.0,0.0,0.0,0.000932,0.0,0.0,0.0,0.0,0.0,0.0,0.0,0.0,0.0,0.0,0.0,0.0,0.0,0.0,0.0,0.0,0.0,0.0,0.0,0.0,0.0,0.002227,0.0,0.002459,0.0,0.0,0.0,0.0,0.0,0.0,0.0,0.0,0.0,0.0,0.0,0.0,0.0,0.000749,0.004587,0.0,0.001412,0.0,0.0,0.0,0.0,0.0,0.0,0.0,0.0,0.0,0.0,0.003623,0.0,0.00885,0.0,0.0,0.000929,0.0,0.0,0.0,0.0,0.0,0.0,0.0,0.0,0.0,0.0,0.0,0.0,0.0,0.0,0.0,0.0,0.0,0.0,0.000856,0.004525,0.000353,0.0,0.0,0.0,0.0,0.0
2394,0.0,0.0,0.0,0.0,0.0,0.0,0.0,0.0,0.0,0.0,0.0,0.0,0.0,0.0,0.0,0.0,0.0,0.0,0.0,0.0,0.0,0.0,0.0,0.0,0.0,0.0,0.0,0.0,0.0,0.0,0.0,0.0,0.0,0.0,0.0,0.0,0.0,0.0,0.0,0.0,0.0,0.0,0.0,0.0,0.0,0.004149,0.052632,0.0,0.0,0.0,0.0,0.0,0.0,0.0,0.0,0.0,0.0,0.0,0.0,0.0,0.0,0.0,0.0,0.0,0.0,0.0,0.0,0.0,0.0,0.0,0.0,0.0,0.0,0.0,0.003195,0.0,0.0,0.0,0.0,0.0,0.0,0.0,0.0,0.0,0.0,0.0,0.0,0.0,0.0,0.0,0.0,0.0,0.0,0.0,0.0,0.0,0.011111,0.0,0.0,0.0,0.0,0.0,0.0,0.0,0.0,0.0,0.030303,0.005848,0.0,0.012346,0.0,0.0,1.0,0.00639,0.0,0.027027,0.0,0.0,0.0,0.0,0.0,0.0,0.0,0.0,0.0,0.0,0.0,0.010989,0.0,0.0,0.034483,0.0,0.0,0.0,0.052632,0.0,0.0,0.0,0.0,0.0,0.0,0.0,0.0,0.0,0.0,0.0,0.0,0.0,0.0,0.0,0.0,0.0,0.0,0.0,0.0,0.0,0.0,0.0,0.0,0.0,0.0,0.0,0.0,0.0,0.0,0.0,0.0,0.0,0.0,0.0,0.0,0.0,0.0,0.0,0.0,0.0,0.0,0.0,0.0,0.0,0.0,0.0,0.0,0.0,0.0,0.0,0.0,0.0,0.0,0.0,0.0,0.0,0.0,0.0,0.0,0.0,0.0,0.000498,0.0,0.0,0.0,0.0,0.0,0.0,0.0,0.0,0.0,0.0,0.0,0.0,0.0,0.0,0.0,0.0,0.0,0.0,0.000196,0.0,0.0,0.0,0.0,0.0,0.004484,0.000509,0.000489,0.0,0.0,0.0,0.0,0.0,0.0,0.0,0.0,0.0,0.0,0.000702,0.005882,0.000357,0.0,0.0,0.0,0.0,0.0,0.0,0.000241,0.0,0.0,0.0,0.0,0.0,0.0,0.0,0.0,0.000183,0.0,0.000198,0.0,0.0,0.0,0.0,0.0,0.0,0.0,0.001508,0.0,0.0,0.0,0.0,0.0,0.0,0.0,0.0,0.0,0.0,8.1e-05,0.0,0.0,0.0,0.0,0.0,0.0,0.0,0.0,0.0,0.0,0.0,0.0,0.0,0.0,0.0,0.0,0.0,0.0,0.0,0.0,0.0,0.0,0.0,0.0,0.0,0.0,0.0,0.0,0.0,0.0,0.0,0.0,0.0,0.0,0.0,0.0,0.0,0.0,0.0,0.0,0.0,0.0,0.0,0.0,0.0,0.0,0.0,0.0,0.000446,0.0,0.0,0.0,0.0,0.0,0.0,0.0,0.0,0.0,0.0,0.0,0.0,0.0,0.0,0.0,0.0,0.0,0.0,0.0,0.0,0.0,0.0,0.0,0.0,0.0,0.015152,0.0,0.0,0.0,0.0,0.0,0.0,0.0,0.0,0.0,0.0,0.0,0.0,0.0,0.0,0.0,0.0,0.0,0.0,0.0,0.0,0.0,0.0,0.0,0.0,0.0,0.0,0.0,0.0,0.0,0.0,0.0,0.0,0.0,0.0,0.0,0.0,0.0,0.0,0.0,0.0,0.0,0.0,0.0,0.0,0.0,0.0,0.0,0.0,0.0,0.0,0.0,0.0,0.0,0.0,0.0,0.0,0.0,0.0,0.0,0.0,0.000177,0.0,0.0,0.0,0.0,0.0
2395,0.0,0.001043,0.0,0.00177,0.003195,0.0,0.0,0.00639,0.0,0.0,0.003195,0.0,0.0,0.001605,0.001247,0.0,0.0,0.0,0.000371,0.0,0.0,0.0,0.001661,0.0,0.0,0.0,0.0,0.0,0.0,0.0,0.0,0.0,0.0,0.0,0.0,0.0,0.0,0.0,0.0,0.0,0.0,0.0,0.0,0.0,0.0,0.028754,0.0,0.0,0.0,0.0,0.0,0.0,0.0,0.0,0.0,0.0,0.0,0.0,0.0,0.0,0.0,0.0,0.0,0.0,0.00639,0.0,0.0,0.0,0.0,0.0,0.0,0.0,0.0,0.0,0.003195,0.0,0.0,0.003195,0.001604,0.0,0.0,0.0,0.0,0.0,0.003195,0.0,0.002604,0.0,0.003195,0.0,0.0,0.0,0.0,0.0,0.0,0.0,0.0,0.0,0.0,0.0,0.003195,0.0,0.003195,0.0,0.0,0.0,0.003195,0.003195,0.003195,0.015974,0.0,0.0,0.00639,1.0,0.0,0.003195,0.0,0.0,0.0,0.0,0.003058,0.0,0.0,0.0,0.0,0.0,0.0,0.0,0.0,0.0,0.0,0.0,0.0,0.0,0.0,0.0,0.0,0.0,0.0,0.0,0.0,0.0,0.0,0.0,0.0,0.0,0.0,0.0,0.0,0.0,0.0,0.0,0.0,0.0,0.0,0.0,0.0,0.0,0.0,0.0,0.0,0.0,0.0,0.0,0.0,0.003195,0.0,0.0,0.0,0.0,0.0,0.002994,0.0,0.0,0.0,0.0,0.0,0.0,0.0,0.0,0.003328,0.0,0.0,0.0,0.0,0.0,0.0,0.0,0.0,0.0,0.0,0.0,0.0,0.0,0.0,0.003195,0.0,0.006474,0.012739,0.007782,0.0,0.003195,0.003195,0.007092,0.0,0.003195,0.003401,0.008606,0.0,0.001323,0.000889,0.0,0.0,0.001689,0.000593,0.000428,0.000196,0.0,0.0,0.0,0.001238,0.0,0.0,0.007379,0.001467,0.000378,0.000725,0.0,0.000631,0.000289,0.0,0.0,0.000368,0.0,0.002174,0.007257,0.0,0.001071,0.0,0.0,0.0,0.0,0.000342,0.001311,0.0,0.0,0.003195,0.0,0.0,0.002941,0.000539,0.0,0.0,0.000366,0.000431,0.005836,0.0,0.0,0.0,0.0,0.0,0.0,0.0,0.004525,0.0,0.0,0.0,0.0,0.001889,0.0,0.0,0.000734,0.0,0.0,0.000242,0.0,0.0,0.001196,0.0,0.0,0.0,0.0,0.0,0.003195,0.0,0.0,0.0,0.0,0.0,0.0,0.0,0.0,0.002516,0.0,0.0,0.0,0.0,0.0,0.0,0.0,0.0,0.0,0.0,0.0,0.0,0.0,0.0,0.0,0.0,0.0,0.0,0.0,0.0,0.0,0.0,0.0,0.0,0.0,0.002893,0.00086,0.001553,0.000368,0.000794,0.001784,0.007107,0.0,0.0,0.0,0.002105,0.0,0.003012,0.0,0.001087,0.0,0.0,0.003195,0.0,0.0,0.004097,0.0,0.0,0.003195,0.0,0.0,0.0,0.0,0.0,0.003195,0.0,0.0,0.002451,0.0,0.003195,0.0,0.0,0.0,0.0,0.0,0.0,0.0,0.0,0.0,0.0,0.0,0.0,0.0,0.0,0.0,0.0,0.0,0.000749,0.0,0.0,0.000471,0.0,0.0,0.0,0.0,0.0,0.0,0.0,0.0,0.0,0.003195,0.0,0.0,0.0,0.0,0.0,0.0,0.0,0.003195,0.0,0.001497,0.0,0.0,0.0,0.0,0.0,0.0,0.0,0.0,0.0,0.0,0.0,0.0,0.0,0.0,0.0,0.0,0.000972,0.0,0.0,0.0,0.0,0.0
2396,0.0,0.0,0.0,0.0,0.0,0.0,0.0,0.0,0.0,0.0,0.0,0.0,0.0,0.0,0.0,0.0,0.0,0.0,0.0,0.0,0.0,0.0,0.0,0.0,0.0,0.0,0.0,0.0,0.0,0.0,0.0,0.0,0.0,0.0,0.0,0.0,0.0,0.0,0.0,0.0,0.0,0.0,0.0,0.0,0.0,0.0,0.0,0.0,0.0,0.0,0.0,0.0,0.0,0.0,0.0,0.0,0.0,0.0,0.0,0.0,0.0,0.0,0.0,0.0,0.0,0.0,0.0,0.0,0.0,0.0,0.025641,0.0,0.0,0.0,0.0,0.0,0.0,0.0,0.0,0.0,0.0,0.0,0.0,0.0,0.0,0.0,0.0,0.0,0.0,0.0,0.0,0.0,0.0,0.0,0.0,0.0,0.0,0.0,0.0,0.0,0.0,0.0,0.0,0.0,0.0,0.0,0.025641,0.005848,0.0,0.0,0.015625,0.00885,0.0,0.0,1.0,0.025641,0.0,0.0,0.0,0.0,0.0,0.0,0.0,0.0,0.0,0.0,0.0,0.0,0.025641,0.0,0.0,0.0,0.0,0.0,0.0,0.0,0.0,0.0,0.0,0.0,0.0,0.0,0.0,0.0,0.0,0.025641,0.0,0.0,0.025641,0.0,0.0,0.0,0.00565,0.0,0.0,0.0,0.0,0.0,0.0,0.0,0.0,0.0,0.0,0.0,0.0,0.0,0.0,0.0,0.0,0.0,0.0,0.0,0.0,0.0,0.0,0.0,0.0,0.0,0.0,0.0,0.0,0.0,0.0,0.0,0.0,0.0,0.0,0.0,0.0,0.0,0.0,0.0,0.0,0.0,0.0,0.013333,0.0,0.000498,0.0,0.001946,0.008065,0.0,0.0,0.0,0.0,0.0,0.001701,0.0,0.0,0.0,0.0,0.0,0.0,0.0,0.0,0.0,0.0,0.0,0.0,0.0,0.0,0.0,0.0,0.000509,0.0,0.0,0.000104,0.0,0.0,0.0,0.0,0.0,0.0,0.001504,0.0,0.001404,0.005882,0.000714,0.0,0.0,0.0,0.0,0.0,0.0,0.000241,0.0,0.0,0.0,0.0,0.0,0.0,0.0,0.0,0.0,0.000216,0.000198,0.0,0.0,0.0,0.0,0.0,0.0,0.0,0.0,0.0,0.0,0.0,0.005025,0.0,0.0,0.0,0.000734,0.0,0.0,8.1e-05,0.0,0.0,0.0,0.0,0.0,0.0,0.0,0.0,0.0,0.0,0.0,0.0,0.0,0.0,0.0,0.0,0.0,0.0,0.0,0.0,0.0,0.0,0.0,0.0,0.0,0.0,0.0,0.0,0.0,0.0,0.0,0.0,0.0,0.0,0.0,0.0,0.0,0.0,0.0,0.0,0.0,0.0,0.0,0.000964,0.000313,0.000776,0.0,0.0,0.0,0.0,0.0,0.0,0.0,0.0,0.0,0.0,0.0,0.000155,0.0,0.0,0.0,0.0,0.0,0.000372,0.0,0.0,0.0,0.0,0.0,0.0,0.0,0.0,0.0,0.0,0.0,0.0,0.0,0.0,0.0,0.0,0.0,0.0,0.0,0.0,0.0,0.0,0.0,0.0,0.0,0.0,0.0,0.0,0.0,0.0,0.0,0.0,0.0,0.0,0.0,0.0,0.0,0.0,0.0,0.0,0.0,0.0,0.0,0.0,0.0,0.0,0.0,0.0,0.0,0.0,0.0,0.0,0.0,0.0,0.0,0.0,0.0,0.0,0.0,0.0,0.0,0.00129,0.0,0.0,0.0,0.0,0.0,0.0,0.0,0.000428,0.013575,0.0,0.0,0.0,0.0,0.0,0.0
2399,0.0,0.0,0.0,0.0,0.0,0.0,0.0,0.0,0.0,0.0,0.0,0.0,0.0,0.00321,0.0,0.0,0.007634,0.0,0.0,0.0,0.0,0.0,0.0,0.0,0.0,0.0,0.0,0.0,0.0,0.0,0.0,0.0,0.0,0.0,0.0,0.0,0.001584,0.0,0.0,0.0,0.0,0.0,0.0,0.0,0.0,0.008299,0.0,0.0,0.054054,0.0,0.0,0.0,0.0,0.0,0.0,0.0,0.0,0.0,0.0,0.0,0.0,0.0,0.0,0.0,0.0,0.0,0.0,0.0,0.002525,0.0,0.027027,0.0,0.0,0.0,0.0,0.0,0.0,0.0,0.0,0.0,0.0,0.0,0.0,0.0,0.0,0.0,0.0,0.0,0.0,0.0,0.0,0.0,0.0,0.0,0.0,0.0,0.0,0.0,0.0,0.0,0.027027,0.0,0.010753,0.0,0.0,0.0,0.027027,0.0,0.0,0.0,0.015625,0.0,0.027027,0.003195,0.025641,1.0,0.0,0.025641,0.0,0.0,0.003058,0.0,0.0,0.0,0.0,0.0,0.0,0.0,0.027027,0.0,0.0,0.0,0.0,0.0,0.0,0.0,0.0,0.0,0.0,0.0,0.0,0.0,0.0,0.0,0.0,0.027027,0.0,0.027027,0.027027,0.0,0.0,0.0,0.00565,0.0,0.0,0.0,0.027027,0.0,0.0,0.0,0.0,0.0,0.0,0.0,0.0,0.0,0.0,0.0,0.0,0.0,0.0,0.0,0.0,0.0,0.0,0.0,0.0,0.0,0.0,0.0,0.0,0.0,0.0,0.0,0.0,0.0,0.0,0.0,0.0,0.0,0.0,0.018349,0.0,0.0,0.0,0.0,0.0,0.001494,0.010616,0.003891,0.024194,0.0,0.0,0.0,0.0,0.0,0.003401,0.001721,0.0,0.0,0.0,0.0,0.0,0.0,0.0,0.0,0.0,0.0,0.001919,0.0,0.000413,0.002874,0.004484,0.001018,0.000489,0.000378,0.0,0.000365,0.000158,0.0,0.0,0.00047,0.0,0.0,0.0,0.000702,0.0,0.0,0.0,0.0,0.0,0.0,0.0,0.000218,0.0,0.0,0.0,0.0,0.0,0.0,0.0,0.0,0.0,0.000183,0.0,0.000198,0.0,0.0,0.0,0.0,0.0,0.0,0.0,0.0,0.001976,0.0,0.0,0.005025,0.0,0.0,0.0,0.0,0.0,0.0,8.1e-05,0.0,0.0,0.0,0.0,0.0,0.0,0.0,0.0,0.0,0.0,0.0,0.0,0.0,0.0,0.0,0.0,0.0,0.0,0.0,0.0,0.0,0.0,0.0,0.0,0.0,0.0,0.0,0.0,0.0,0.0,0.0,0.0,0.0,0.0,0.0,0.0,0.0,0.0,0.0,0.0,0.0,0.0,0.0,0.001929,0.000235,0.000776,0.0,0.0,0.0,0.002132,0.0,0.0,0.0,0.0,0.0,0.0,0.0,0.000155,0.0,0.0,0.0,0.0,0.0,0.0,0.0,0.0,0.0,0.0,0.0,0.0,0.0,0.0,0.0,0.0,0.0,0.0,0.0,0.0,0.0,0.0,0.0,0.0,0.0,0.0,0.0,0.013699,0.004587,0.015385,0.0,0.0,0.0,0.0,0.0,0.0,0.0,0.0,0.0,0.0,0.0,0.0,0.004608,0.000325,0.0,0.0,0.013514,0.0,0.006757,0.0,0.00678,0.0,0.0,0.0,0.0,0.0,0.0,0.0,0.0,0.0,0.0,0.0,0.0,0.0,0.0,0.0,0.00813,0.0,0.0,0.0,0.0,0.0,0.0,0.0,0.0,0.0,0.0,0.0,0.0,0.0,0.0,0.0,0.0
2410,0.0,0.001043,0.0,0.0,0.0,0.0,0.0,0.0,0.0,0.00055,0.0,0.0,0.0,0.0,0.0,0.0,0.0,0.0,0.0,0.0,0.0,0.0,0.0,0.0,0.0,0.0,0.0,0.0,0.0,0.0,0.0,0.0,0.0,0.0,0.0,0.0,0.0,0.0,0.0,0.0,0.0,0.0,0.0,0.0,0.0,0.0,0.0,0.0,0.0,0.0,0.0,0.0,0.0,0.0,0.0,0.0,0.0,0.0,0.0,0.0,0.0,0.0,0.0,0.002381,0.0,0.0,0.0,0.0,0.0,0.0,0.0,0.0,0.0,0.0,0.0,0.0,0.0,0.0,0.0,0.0,0.0,0.0,0.0,0.002882,0.0,0.0,0.002604,0.0,0.0,0.0,0.0,0.0,0.001508,0.0,0.0,0.0,0.0,0.0,0.012048,0.0,0.0,0.0,0.0,0.0,0.0,0.0,0.0,0.011696,0.012048,0.012048,0.0,0.0,0.0,0.0,0.0,0.0,1.0,0.012048,0.0,0.0,0.007645,0.012048,0.0,0.012048,0.012048,0.007812,0.0,0.0,0.0,0.0,0.0,0.0,0.0,0.0,0.0,0.0,0.0,0.0,0.012048,0.0,0.0,0.0,0.0,0.0,0.012048,0.0,0.012048,0.0,0.0,0.0,0.0,0.0,0.00565,0.0,0.0,0.0,0.012048,0.0,0.0,0.012048,0.0,0.0,0.012048,0.012048,0.0,0.0,0.0,0.0,0.0,0.0,0.0,0.001996,0.0,0.0,0.0,0.0,0.0,0.0,0.0,0.0,0.0,0.0,0.0,0.0,0.0,0.0,0.0,0.0,0.0,0.0,0.0,0.0,0.0,0.0,0.0,0.012048,0.0,0.001992,0.002123,0.0,0.0,0.0,0.0,0.0,0.003436,0.012048,0.003401,0.003442,0.0,0.000529,0.000889,0.000982,0.001,0.0,0.000296,0.0,0.000588,0.0,0.0,0.0,0.001238,0.0,0.044843,0.001018,0.001467,0.000566,0.0,0.000731,0.0,0.000289,0.0,0.00094,0.0,0.001504,0.0,0.001873,0.0,0.000357,0.0,0.0,0.003891,0.0,0.000171,0.0,0.0,0.0,0.0,0.0,0.0,0.002941,0.0,0.0,0.0,0.0,0.000144,0.000148,0.0,0.0,0.0,0.0,0.0,0.0,0.0,0.003017,0.0,0.0,0.0,0.0,0.0,0.0,0.003215,0.000734,0.0,0.0,0.000162,0.0,0.0,0.0,0.0,0.0,0.0,0.0,0.0,0.0,0.0,0.0,0.0,0.0,0.0,0.0,0.0,0.0,0.0,0.0,0.0,0.0,0.0,0.0,0.0,0.0,0.0,0.0,0.0,0.0,0.0,0.0,0.0,0.0,0.0,0.0,0.0,0.0,0.0,0.0,0.0,0.0,0.0,0.0,0.0,0.000235,0.0,0.000368,0.0,0.000446,0.002132,0.0,0.0,0.0,0.0,0.0,0.0,0.0,0.000155,0.0,0.0,0.0,0.0,0.0,0.0,0.0,0.0,0.0,0.0,0.0,0.0,0.0,0.0,0.0,0.0,0.0,0.0,0.0,0.0,0.0,0.0,0.0,0.00082,0.0,0.0,0.0,0.0,0.0,0.0,0.0,0.0,0.0,0.0,0.0,0.0,0.0,0.0,0.0,0.0,0.0,0.0,0.0,0.0,0.0,0.0,0.0,0.0,0.0,0.0,0.0,0.001208,0.0,0.0,0.0,0.0,0.0,0.0,0.0,0.0,0.002994,0.0,0.0,0.0,0.0,0.0,0.0,0.0,0.0,0.0,0.0,0.0,0.0,0.0,0.0,0.000428,0.0,8.8e-05,0.0,0.0,0.0,0.0,0.0
2420,0.0,0.0,0.0,0.0,0.0,0.0,0.0,0.0,0.0,0.0,0.0,0.0,0.0,0.0,0.0,0.0,0.0,0.0,0.0,0.0,0.0,0.0,0.0,0.0,0.0,0.0,0.0,0.0,0.0,0.0,0.0,0.0,0.0,0.0,0.0,0.0,0.000792,0.0,0.0,0.0,0.0,0.0,0.0,0.0,0.01039,0.004149,0.0,0.0,0.0,0.0,0.0,0.0,0.0,0.0,0.0,0.0,0.0,0.0,0.0,0.0,0.0,0.0,0.0,0.0,0.0,0.0,0.0,0.0,0.0,0.0,0.0,0.0,0.0,0.0,0.003195,0.0,0.0,0.0,0.0,0.0,0.0,0.0,0.0,0.0,0.0,0.0,0.0,0.0,0.0,0.0,0.0,0.0,0.0,0.0,0.0,0.0,0.0,0.0,0.0,0.0,0.0,0.0,0.0,0.0,0.0,0.0,0.0,0.0,0.012195,0.0,0.0,0.0,0.0,0.0,0.0,0.025641,0.012048,1.0,0.025641,0.025641,0.001529,0.0,0.0,0.0,0.0,0.0,0.0,0.0,0.0,0.0,0.0,0.0,0.0,0.0,0.0,0.0,0.0,0.025641,0.0,0.0,0.0,0.0,0.0,0.0,0.0,0.0,0.0,0.0,0.0,0.0,0.0,0.025641,0.0,0.0,0.0,0.0,0.0,0.0,0.0,0.0,0.0,0.0,0.0,0.0,0.0,0.0,0.0,0.0,0.0,0.0,0.0,0.0,0.007519,0.014706,0.0,0.0,0.0,0.0,0.0,0.0,0.0,0.0,0.0,0.0,0.0,0.0,0.0,0.0,0.0,0.0,0.0,0.0,0.0,0.0,0.0,0.0,0.0,0.0,0.0,0.0,0.0,0.0,0.0,0.0,0.0,0.0,0.0,0.001721,0.0,0.000265,0.0,0.000982,0.0,0.0,0.000148,0.0,0.0,0.0,0.001919,0.0,0.0,0.0,0.022422,0.000763,0.0,0.000566,0.000104,0.0,0.0,0.0,0.0,0.0,0.0,0.0,0.0,0.000234,0.0,0.000357,0.000456,0.0,0.0,0.0,0.0,0.0,0.000481,0.0,0.0,0.0,0.0,0.0,0.0,0.0,0.0,0.0,0.000144,0.000148,0.0,0.0,0.008772,0.0,0.0,0.0,0.0,0.0,0.001976,0.0,0.0,0.0,0.0,0.0,0.0,0.0,0.0,0.0,0.0,0.0,0.0,0.0,0.0,0.0,0.0,0.0,0.0,0.0,0.0,0.0,0.0,0.0,0.0,0.0,0.0,0.0,0.0,0.0,0.0,0.0,0.0,0.0,0.0,0.0,0.0,0.0,0.0,0.0,0.0,0.0,0.0,0.0,0.0,0.0,0.0,0.0,0.0,0.0,0.0,0.0,0.0,0.0,0.000964,0.000156,0.000776,0.0,0.0,0.0,0.0,0.0,0.0,0.0,0.0,0.0,0.0,0.0,0.0,0.0,0.0,0.0,0.0,0.0,0.001117,0.0,0.0,0.0,0.0,0.0,0.0,0.0,0.0,0.0,0.0,0.0,0.0,0.0,0.0,0.0,0.0,0.0,0.0,0.0,0.0,0.0,0.0,0.0,0.0,0.0,0.0,0.0,0.0,0.0,0.0,0.0,0.0,0.0,0.0,0.0,0.0,0.0,0.0,0.0,0.0,0.0,0.0,0.0,0.0,0.0,0.0,0.0,0.0,0.0,0.0,0.0,0.0,0.0,0.0,0.0,0.0,0.0,0.0,0.0,0.0,0.0,0.0,0.0,0.0,0.0,0.0,0.0,0.0,0.0,0.0,0.0,8.8e-05,0.0,0.0,0.0,0.0,0.0
2431,0.0,0.0,0.0,0.0,0.0,0.0,0.0,0.0,0.0,0.0,0.0,0.0,0.0,0.0,0.0,0.0,0.0,0.0,0.0,0.0,0.0,0.0,0.0,0.0,0.0,0.0,0.0,0.0,0.0,0.0,0.0,0.0,0.0,0.0,0.0,0.0,0.0,0.0,0.0,0.0,0.0,0.0,0.0,0.0,0.0,0.0,0.0,0.0,0.0,0.0,0.0,0.0,0.0,0.0,0.0,0.0,0.0,0.0,0.0,0.0,0.0,0.0,0.0,0.0,0.0,0.0,0.0,0.0,0.0,0.0,0.0,0.0,0.0,0.0,0.0,0.0,0.0,0.0,0.0,0.0,0.0,0.0,0.0,0.0,0.0,0.0,0.0,0.0,0.0,0.0,0.0,0.0,0.001508,0.0,0.0,0.0,0.0,0.0,0.0,0.0,0.025641,0.0,0.0,0.0,0.0,0.0,0.0,0.0,0.012195,0.0,0.0,0.0,0.0,0.0,0.0,0.0,0.0,0.025641,1.0,0.0,0.003058,0.0,0.0,0.0,0.0,0.005208,0.0,0.010989,0.0,0.0,0.0,0.0,0.0,0.0,0.0,0.0,0.0,0.0,0.0,0.0,0.0,0.0,0.0,0.0,0.0,0.0,0.025641,0.025641,0.0,0.0,0.0,0.0,0.00565,0.0,0.0,0.0,0.0,0.0,0.0,0.0,0.0,0.0,0.0,0.0,0.0,0.0,0.0,0.0,0.0,0.0,0.0,0.001996,0.0,0.014706,0.0,0.0,0.0,0.0,0.0,0.0,0.0,0.0,0.0,0.0,0.0,0.0,0.0,0.0,0.0,0.0,0.0,0.0,0.0,0.0,0.0,0.0,0.0,0.0,0.002123,0.0,0.0,0.0,0.0,0.001182,0.0,0.0,0.0,0.0,0.0,0.000794,0.0,0.0,0.001,0.0,0.000148,0.0,0.0,0.0,0.0,0.0,0.001238,0.0,0.004484,0.000509,0.0,0.000378,0.000104,0.0,0.0,0.0,0.0,0.0,0.0,0.0,0.0,0.000468,0.0,0.000357,0.0,0.0,0.0,0.0,0.0,0.0,0.0,0.0,0.0,0.0,0.0,0.0,0.0,0.0,0.0,0.0,0.000431,0.000198,0.0,0.0,0.0,0.0,0.0,0.0,0.0,0.0,0.0,0.0,0.0,0.0,0.0,0.0,0.0,0.0,0.0,0.0,0.0,0.0,0.0,0.000598,0.0,0.0,0.0,0.0,0.0,0.0,0.0,0.0,0.0,0.0,0.0,0.0,0.0,0.0,0.0,0.0,0.0,0.0,0.0,0.0,0.0,0.0,0.0,0.0,0.0,0.0,0.0,0.0,0.0,0.0,0.0,0.0,0.0,0.0,0.0,0.0,0.0,0.0,0.0,0.0,0.0,7.8e-05,0.0,0.0,0.0,0.0,0.001066,0.0,0.0,0.0,0.000702,0.0,0.0,0.0,0.000155,0.0,0.0,0.0,0.0,0.0,0.000745,0.0,0.0,0.0,0.0,0.0,0.0,0.0,0.0,0.0,0.0,0.0,0.0,0.002088,0.0,0.002037,0.0,0.0,0.0,0.0,0.0,0.0,0.0,0.0,0.0,0.0,0.0,0.0,0.0,0.0,0.0,0.0,0.0,0.0,0.0,0.0,0.0,0.0,0.0,0.0,0.0,0.0,0.0,0.0,0.0,0.0,0.0,0.0,0.0,0.0,0.0,0.000929,0.0,0.0,0.0,0.0,0.0,0.0,0.0,0.0,0.0,0.0,0.0,0.0,0.0,0.0,0.0,0.0,0.0,0.0,0.0,0.0,8.8e-05,0.0,0.0,0.0,0.0,0.0
2432,0.0,0.0,0.0,0.0,0.0,0.0,0.0,0.0,0.0,0.0,0.006993,0.0,0.0,0.0,0.0,0.0,0.0,0.0,0.000371,0.0,0.0,0.0,0.0,0.0,0.0,0.0,0.0,0.0,0.0,0.0,0.0,0.0,0.0,0.0,0.0,0.0,0.0,0.0,0.0,0.0,0.0,0.0,0.0,0.0,0.0,0.0,0.0,0.0,0.0,0.0,0.0,0.0,0.0,0.0,0.0,0.0,0.0,0.0,0.0,0.0,0.0,0.0,0.0,0.0,0.0,0.0,0.0,0.0,0.0,0.0,0.0,0.0,0.0,0.0,0.0,0.0,0.0,0.0,0.0,0.0,0.0,0.0,0.0,0.0,0.0,0.0,0.0,0.0,0.009901,0.0,0.0,0.0,0.0,0.0,0.0,0.0,0.0,0.0,0.0,0.0,0.0,0.0,0.0,0.0,0.0,0.0,0.0,0.0,0.0,0.0,0.0,0.0,0.0,0.0,0.0,0.0,0.0,0.025641,0.0,1.0,0.001529,0.0,0.0,0.0,0.0,0.0,0.0,0.010989,0.0,0.0,0.0,0.0,0.0,0.0,0.0,0.0,0.0,0.0,0.0,0.0,0.0,0.0,0.0,0.0,0.0,0.0,0.0,0.0,0.0,0.0,0.0,0.0,0.0,0.0,0.0,0.0,0.0,0.0,0.0,0.0,0.0,0.0,0.0,0.0,0.0,0.0,0.0,0.0,0.0,0.0,0.0,0.0,0.0,0.0,0.0,0.0,0.0,0.0,0.0,0.0,0.0,0.0,0.0,0.0,0.0,0.0,0.0,0.0,0.0,0.0,0.0,0.0,0.0,0.0,0.0,0.0,0.0,0.0,0.0,0.0,0.0,0.0,0.0,0.0,0.0,0.0,0.0,0.0,0.0,0.0,0.0,0.0,0.0,0.0,0.0,0.0,0.0,0.0,0.0,0.0,0.000413,0.0,0.0,0.0,0.0,0.0,0.0,0.0,0.0,0.0,0.0,0.0,0.0,0.0,0.0,0.000234,0.0,0.000714,0.0,0.0,0.0,0.0,0.0,0.0,0.000241,0.0,0.0,0.0,0.0,0.0,0.0,0.0,0.0,0.0,0.0,9.9e-05,0.0,0.0,0.0,0.0,0.0,0.0,0.0,0.001508,0.0,0.0,0.0,0.0,0.0,0.0,0.0,0.0,0.0,0.0,0.0,0.0,0.0,0.0,0.0,0.0,0.0,0.0,0.0,0.0,0.0,0.0,0.0,0.0,0.0,0.0,0.0,0.0,0.0,0.0,0.0,0.0,0.0,0.0,0.0,0.0,0.0,0.0,0.0,0.0,0.0,0.0,0.0,0.0,0.0,0.0,0.0,0.0,0.0,0.0,0.0,0.0,0.0,0.0,0.0,0.0,0.0,0.0,0.0,0.0,0.0,0.0,0.0,0.0,0.0,0.0,0.0,0.0,0.0,0.0,0.0,0.0,0.0,0.0,0.0,0.0,0.0,0.0,0.0,0.0,0.0,0.0,0.0,0.0,0.0,0.0,0.0,0.0,0.0,0.0,0.0,0.0,0.0,0.0,0.0,0.0,0.0,0.0,0.0,0.0,0.0,0.0,0.0,0.0,0.0,0.0,0.0,0.0,0.0,0.0,0.0,0.0,0.0,0.0,0.0,0.0,0.0,0.0,0.0,0.0,0.0,0.0,0.0,0.0,0.0,0.0,0.0,0.0,0.0,0.0,0.0,0.0,0.0,0.0,0.0,0.0,0.0,0.0,0.0,0.0,0.0,0.0,0.0,0.0,0.0,0.0,0.0,0.0,0.0,0.0,0.0,0.0
2511,0.0,0.001043,0.003058,0.001529,0.003058,0.0,0.001529,0.001529,0.0,0.00055,0.0,0.0,0.0,0.001529,0.003117,0.0,0.0,0.001529,0.001484,0.0,0.0,0.004587,0.003058,0.0,0.0,0.001529,0.0,0.0,0.0,0.0,0.0,0.0,0.0,0.0,0.0,0.0,0.000792,0.001529,0.0,0.0,0.0,0.0,0.0,0.0,0.003058,0.0,0.0,0.0,0.0,0.0,0.001529,0.0,0.0,0.001529,0.0,0.001529,0.0,0.0,0.00065,0.0,0.0,0.0,0.0,0.0,0.0,0.0,0.0,0.0,0.003058,0.0,0.0,0.0,0.0,0.0,0.0,0.0,0.0,0.0,0.001203,0.0,0.0,0.0,0.0,0.0,0.0,0.0,0.039755,0.0,0.0,0.0,0.0,0.0,0.003017,0.001529,0.0,0.0,0.0,0.0,0.0,0.0,0.001529,0.0,0.0,0.0,0.0,0.0,0.0,0.001529,0.006116,0.0,0.001529,0.0,0.0,0.003058,0.0,0.003058,0.007645,0.001529,0.003058,0.001529,1.0,0.001529,0.001529,0.0,0.001529,0.012232,0.003058,0.001529,0.0,0.0,0.0,0.0,0.0,0.0,0.0,0.0,0.0,0.0,0.0,0.0,0.0,0.003058,0.001529,0.0,0.0,0.0,0.0,0.0,0.0,0.0,0.0,0.0,0.001529,0.0,0.0,0.0,0.0,0.0,0.0,0.0,0.001529,0.003058,0.0,0.0,0.0,0.0,0.0,0.0,0.0,0.0,0.0,0.011976,0.0,0.0,0.0,0.0,0.0,0.0,0.0,0.0,0.006116,0.0,0.001529,0.0,0.0,0.001529,0.001529,0.0,0.001529,0.0,0.0,0.001529,0.0,0.0,0.0,0.0,0.0,0.008964,0.009174,0.006116,0.0,0.0,0.003058,0.001182,0.009174,0.001529,0.025994,0.004587,0.003058,0.002382,0.000593,0.000982,0.002,0.002111,0.001334,0.000856,0.001372,0.001008,0.001529,0.0,0.005365,0.0,0.006116,0.006616,0.003423,0.002265,0.002278,0.001827,0.001262,0.002023,0.0,0.00141,0.000368,0.001504,0.0,0.011002,0.0,0.004283,0.001825,0.0,0.003058,0.0,0.00137,0.000437,0.000481,0.0,0.0,0.001529,0.003058,0.0,0.001077,0.0,0.0,0.001648,0.006034,0.004451,0.001529,0.0,0.0,0.0,0.0,0.0,0.0,0.003017,0.0,0.0,0.0,0.0,0.0,0.0,0.0,0.001101,0.0,0.0,0.002019,0.001127,0.0,0.003589,0.0,0.0,0.0,0.0,0.0,0.0,0.0,0.0,0.0,0.0,0.0,0.0,0.0,0.0,0.0,0.001529,0.0,0.0,0.0,0.0,0.0,0.0,0.0,0.0,0.0,0.0,0.0,0.0,0.0,0.0,0.0,0.0,0.0,0.0,0.0,0.0,0.0,0.0,0.0,0.0,0.000964,0.00172,0.0,0.001471,0.000794,0.003568,0.00533,0.001529,0.0,0.0,0.004912,0.0,0.006116,0.0,0.001398,0.0,0.001529,0.0,0.0,0.001529,0.00298,0.0,0.0,0.0,0.0,0.0,0.0,0.001529,0.0,0.003058,0.0,0.0,0.001529,0.001529,0.003058,0.0,0.001529,0.0,0.001639,0.001529,0.0,0.0,0.0,0.001529,0.001529,0.0,0.0,0.0,0.0,0.001529,0.001529,0.0,0.0,0.003058,0.0,0.002824,0.0,0.0,0.000325,0.001062,0.0,0.001529,0.0,0.0,0.0,0.0,0.006039,0.0,0.0,0.0,0.0,0.002788,0.0,0.003058,0.001529,0.005988,0.0,0.0,0.0,0.0,0.0,0.0,0.0,0.0,0.0,0.006116,0.0,0.001529,0.0,0.003058,0.001284,0.0,0.002828,0.0,0.0,0.0,0.0,0.0
2512,0.0,0.0,0.0,0.0,0.0,0.0,0.0,0.0,0.0,0.0,0.006993,0.0,0.0,0.0,0.0,0.0,0.0,0.0,0.0,0.0,0.0,0.0,0.0,0.0,0.0,0.0,0.0,0.005319,0.0,0.0,0.0,0.0,0.0,0.0,0.0,0.0,0.000792,0.0,0.0,0.0,0.0,0.026316,0.0,0.0,0.0,0.0,0.0,0.0,0.0,0.0,0.0,0.0,0.0,0.0,0.0,0.0,0.0,0.0,0.0,0.0,0.0,0.0,0.0,0.0,0.0,0.0,0.0,0.0,0.0,0.0,0.0,0.0,0.0,0.0,0.0,0.0,0.0,0.0,0.0,0.0,0.0,0.0,0.0,0.0,0.0,0.0,0.0,0.0,0.0,0.0,0.0,0.0,0.0,0.0,0.0,0.0,0.0,0.0,0.0,0.0,0.0,0.0,0.0,0.0,0.0,0.0,0.0,0.005848,0.0,0.0,0.0,0.0,0.0,0.0,0.0,0.0,0.012048,0.0,0.0,0.0,0.001529,1.0,0.0,0.0,0.026316,0.007812,0.010753,0.010989,0.0,0.0,0.0,0.0,0.0,0.0,0.0,0.0,0.009709,0.0,0.0,0.0,0.0,0.0,0.0,0.026316,0.026316,0.0,0.052632,0.0,0.026316,0.026316,0.0,0.0,0.011299,0.0,0.026316,0.0,0.026316,0.052632,0.0,0.052632,0.0,0.0,0.0,0.052632,0.0,0.0,0.0,0.0,0.0,0.0,0.026316,0.001996,0.0,0.0,0.0,0.0,0.0,0.0,0.0,0.0,0.0,0.0,0.0,0.0,0.0,0.0,0.0,0.0,0.0,0.007812,0.0,0.0,0.0,0.0,0.0,0.0,0.0,0.00249,0.0,0.0,0.008065,0.0,0.0,0.0,0.003436,0.0,0.005102,0.001721,0.00155,0.000794,0.0,0.000982,0.0,0.0,0.0,0.0,0.000196,0.0,0.001919,0.0,0.000825,0.0,0.0,0.000763,0.000489,0.0,0.0,0.0,0.0,0.0,0.0,0.0,0.0,0.0,0.0,0.0,0.0,0.0,0.0,0.0,0.003891,0.0,0.0,0.0,0.0,0.0,0.0,0.0,0.0,0.002941,0.0,0.0,0.0,0.0,0.000144,0.000198,0.0,0.009259,0.0,0.0,0.0,0.0,0.0,0.0,0.001976,0.0,0.0,0.0,0.000944,0.0,0.0,0.000367,0.0,0.0,0.000242,0.0,0.0,0.0,0.0,0.0,0.0,0.0,0.0,0.0,0.0,0.0,0.0,0.0,0.0,0.0,0.0,0.0,0.0,0.0,0.0,0.0,0.006711,0.0,0.0,0.0,0.0,0.0,0.0,0.0,0.0,0.0,0.0,0.0,0.0,0.0,0.0,0.0,0.0,0.0,0.0,0.0,0.0,0.0,0.000964,0.000156,0.0,0.0,0.0,0.000446,0.001066,0.0,0.0,0.0,0.0,0.0,0.0,0.0,0.000155,0.0,0.0,0.0,0.0,0.0,0.00149,0.0,0.0,0.011364,0.0,0.0,0.0,0.0,0.0,0.0,0.0,0.0,0.0,0.0,0.0,0.0,0.0,0.0,0.0,0.0,0.0,0.0,0.0,0.0,0.0,0.0,0.0,0.0,0.0,0.0,0.0,0.0,0.0,0.0,0.0,0.000471,0.0,0.0,0.0,0.0,0.0,0.0,0.0,0.0,0.0,0.0,0.0,0.0,0.0,0.0,0.0,0.0,0.0,0.0,0.0,0.001497,0.0,0.0,0.0,0.0,0.0,0.0,0.0,0.0,0.0,0.0,0.0,0.0,0.0,0.0,0.0,0.0,8.8e-05,0.0,0.0,0.0,0.0,0.0
2513,0.0,0.0,0.0,0.0,0.0,0.0,0.0,0.0,0.0,0.0,0.0,0.0,0.0,0.0,0.0,0.0,0.0,0.0,0.0,0.0,0.0,0.0,0.0,0.0,0.0,0.0,0.0,0.0,0.0,0.0,0.0,0.0,0.0,0.0,0.0,0.0,0.0,0.0,0.0,0.0,0.0,0.0,0.0,0.0,0.0,0.0,0.0,0.0,0.0,0.0,0.0,0.0,0.0,0.0,0.0,0.0,0.0,0.0,0.0,0.0,0.0,0.0,0.0,0.0,0.0,0.0,0.0,0.0,0.0,0.0,0.0,0.0,0.0,0.0,0.0,0.0,0.0,0.0,0.0,0.0,0.0,0.0,0.0,0.0,0.0,0.0,0.0,0.0,0.0,0.0,0.0,0.0,0.0,0.0,0.0,0.0,0.0,0.0,0.0,0.0,0.0,0.0,0.0,0.0,0.0,0.0,0.0,0.0,0.0,0.0,0.0,0.0,0.0,0.0,0.0,0.0,0.0,0.0,0.0,0.0,0.001529,0.0,1.0,0.0,0.0,0.0,0.0,0.0,0.0,0.0,0.0,0.0,0.0,0.0,0.0,0.0,0.0,0.0,0.0,0.0,0.0,0.0,0.0,0.0,0.0,0.0,0.0,0.0,0.0,0.0,0.0,0.0,0.0,0.0,0.0,0.0,0.0,0.0,0.0,0.0,0.0,0.0,0.0,0.0,0.0,0.0,0.0,0.0,0.0,0.0,0.0,0.0,0.0,0.0,0.0,0.0,0.0,0.0,0.0,0.0,0.0,0.0,0.0,0.0,0.0,0.0,0.0,0.0,0.0,0.0,0.0,0.0,0.0,0.0,0.0,0.0,0.0,0.0,0.002123,0.0,0.0,0.0,0.0,0.0,0.0,0.0,0.0,0.0,0.0,0.0,0.0,0.0,0.0,0.0,0.0,0.0,0.000196,0.0,0.0,0.0,0.000413,0.0,0.0,0.0,0.0,0.000189,0.0,0.0,0.0,0.0,0.0,0.0,0.0,0.0,0.0,0.000234,0.0,0.000714,0.0,0.0,0.0,0.0,0.0,0.0,0.0,0.0,0.0,0.0,0.0,0.0,0.0,0.0,0.0,0.0,0.0,4.9e-05,0.0,0.0,0.0,0.0,0.0,0.0,0.0,0.0,0.0,0.0,0.0,0.0,0.0,0.0,0.0,0.0,0.0,0.0,0.0,0.0,0.0,0.0,0.0,0.0,0.0,0.0,0.0,0.0,0.0,0.0,0.0,0.0,0.0,0.0,0.0,0.0,0.0,0.0,0.0,0.0,0.0,0.0,0.0,0.0,0.0,0.0,0.0,0.0,0.0,0.0,0.0,0.0,0.0,0.0,0.0,0.0,0.0,0.0,0.0,0.0,0.0,0.0,0.0,0.0,0.0,0.0,0.0,0.0,0.000355,0.0,0.0,0.0,0.0,0.0,0.0,0.0,0.0,0.0,0.0,0.0,0.0,0.0,0.0,0.0,0.0,0.0,0.0,0.0,0.0,0.0,0.0,0.0,0.0,0.0,0.0,0.0,0.0,0.0,0.0,0.0,0.0,0.0,0.0,0.0,0.0,0.0,0.0,0.0,0.0,0.0,0.0,0.0,0.0,0.0,0.0,0.0,0.0,0.0,0.0,0.0,0.0,0.0,0.0,0.0,0.0,0.0,0.0,0.0,0.0,0.0,0.0,0.0,0.0,0.0,0.0,0.0,0.0,0.0,0.0,0.0,0.0,0.0,0.0,0.0,0.0,0.0,0.0,0.0,0.0,0.0,0.0,0.0,0.0,0.0,0.0,0.0,0.0,0.0,0.0,0.0
2520,0.0,0.0,0.0,0.0,0.0,0.0,0.0,0.0,0.0,0.0,0.0,0.0,0.0,0.0,0.0,0.0,0.0,0.0,0.0,0.0,0.0,0.0,0.0,0.0,0.0,0.0,0.0,0.0,0.0,0.0,0.0,0.0,0.0,0.0,0.0,0.0,0.0,0.0,0.0,0.0,0.0,0.0,0.0,0.0,0.0,0.0,0.0,0.0,0.0,0.0,0.0,0.0,0.0,0.0,0.0,0.0,0.0,0.0,0.0,0.0,0.0,0.0,0.0,0.0,0.0,0.0,0.0,0.0,0.0,0.0,0.0,0.0,0.0,0.0,0.0,0.0,0.0,0.0,0.0,0.0,0.0,0.0,0.0,0.0,0.0,0.0,0.0,0.0,0.0,0.0,0.0,0.0,0.0,0.0,0.0,0.0,0.0,0.0,0.0,0.0,0.0,0.0,0.010753,0.0,0.0,0.0,0.0,0.0,0.0,0.0,0.0,0.0,0.0,0.0,0.0,0.0,0.012048,0.0,0.0,0.0,0.0,0.0,0.0,1.0,0.0,0.0,0.0,0.0,0.0,0.0,0.0,0.0,0.0,0.0,0.0,0.0,0.0,0.0,0.0,0.0,0.0,0.0,0.0,0.0,0.0,0.0,0.0,0.0,0.0,0.0,0.0,0.0,0.0,0.0,0.0,0.0,0.0,0.0,0.0,0.0,0.0,0.0,0.0,0.0,0.0,0.0,0.0,0.0,0.0,0.0,0.0,0.0,0.0,0.0,0.0,0.0,0.0,0.0,0.0,0.0,0.0,0.0,0.0,0.0,0.0,0.0,0.0,0.0,0.0,0.0,0.0,0.0,0.0,0.0,0.0,0.0,0.0,0.0,0.0,0.0,0.0,0.0,0.0,0.0,0.0,0.0,0.0,0.0,0.0,0.0,0.0,0.0,0.0,0.0,0.0,0.0,0.0,0.0,0.0,0.0,0.000825,0.0,0.0,0.0,0.0,0.0,0.0,0.0,0.0,0.0,0.0,0.0,0.0,0.0,0.0,0.0,0.0,0.0,0.0,0.0,0.0,0.0,0.0,0.0,0.000481,0.0,0.0,0.0,0.0,0.0,0.0,0.0,0.0,0.0,0.0,0.0,0.0,0.0,0.0,0.0,0.0,0.0,0.0,0.0,0.0,0.0,0.0,0.0,0.0,0.0,0.0,0.0,0.0,0.0,0.0,0.0,0.0,0.0,0.0,0.0,0.0,0.0,0.0,0.0,0.0,0.0,0.0,0.0,0.0,0.0,0.0,0.0,0.0,0.0,0.0,0.0,0.0,0.0,0.0,0.0,0.0,0.0,0.0,0.0,0.0,0.0,0.0,0.0,0.0,0.0,0.0,0.0,0.0,0.0,0.0,0.0,0.0,0.0,0.0,0.0,0.0,0.0,0.0,0.0,0.0,0.0,0.0,0.0,0.0,0.0,0.0,0.0,0.0,0.0,0.0,0.0,0.0,0.0,0.0,0.0,0.0,0.0,0.0,0.0,0.0,0.0,0.0,0.0,0.0,0.0,0.0,0.0,0.0,0.0,0.0,0.0,0.0,0.0,0.0,0.0,0.0,0.0,0.0,0.0,0.0,0.0,0.0,0.0,0.0,0.0,0.0,0.0,0.0,0.0,0.0,0.0,0.0,0.0,0.0,0.0,0.0,0.0,0.0,0.0,0.0,0.0,0.0,0.0,0.0,0.0,0.0,0.0,0.0,0.0,0.0,0.0,0.0,0.0,0.0,0.0,0.0,0.0,0.0,0.0,0.0,0.0,0.0,0.0,0.0,0.0,0.0,0.0,0.0,0.0,0.0,0.0
2591,0.0,0.0,0.0,0.0,0.0,0.0,0.0,0.0,0.0,0.00055,0.0,0.0,0.0,0.0,0.0,0.0,0.0,0.0,0.0,0.0,0.0,0.0,0.0,0.0,0.0,0.0,0.0,0.0,0.0,0.0,0.0,0.0,0.0,0.0,0.0,0.0,0.0,0.0,0.0,0.0,0.0,0.0,0.0,0.0,0.0,0.0,0.0,0.0,0.0,0.0,0.0,0.0,0.0,0.0,0.0,0.0,0.0,0.0,0.0,0.0,0.0,0.0,0.0,0.0,0.0,0.0,0.0,0.0,0.0,0.0,0.0,0.0,0.0,0.0,0.0,0.0,0.0,0.0,0.000401,0.0,0.0,0.0,0.0,0.0,0.0,0.0,0.0,0.0,0.0,0.0,0.0,0.0,0.0,0.0,0.0,0.0,0.0,0.0,0.0,0.0,0.0,0.0,0.0,0.0,0.0,0.0,0.0,0.0,0.0,0.0,0.0,0.0,0.0,0.0,0.0,0.0,0.012048,0.0,0.0,0.0,0.001529,0.026316,0.0,0.0,1.0,0.007812,0.0,0.0,0.0,0.0,0.0,0.0,0.0,0.0,0.0,0.0,0.0,0.0,0.0,0.0,0.0,0.0,0.0,0.0,0.0,0.0,0.0,0.0,0.0,0.0,0.0,0.0,0.0,0.0,0.0,0.0,0.0,0.0,0.0,0.0,0.0,0.0,0.0,0.0,0.0,0.0,0.0,0.0,0.0,0.0,0.0,0.0,0.0,0.0,0.0,0.0,0.0,0.0,0.00303,0.0,0.001664,0.0,0.0,0.0,0.0,0.0,0.0,0.0,0.0,0.0,0.0,0.0,0.0,0.0,0.0,0.0,0.0,0.0,0.002123,0.0,0.0,0.0,0.0,0.0,0.0,0.0,0.0,0.001721,0.0,0.0,0.0,0.0,0.0,0.0,0.0,0.0,0.0,0.0,0.0,0.003175,0.000825,0.0,0.004484,0.0,0.000489,0.000189,0.0,0.0,0.0,0.0,0.0,0.0,0.0,0.0,0.0,0.000702,0.0,0.0,0.0,0.0,0.0,0.0,0.000171,0.0,0.0,0.0,0.0,0.0,0.0,0.0,0.0,0.0,0.0,0.000366,0.000144,4.9e-05,0.0,0.0,0.0,0.0,0.0,0.0,0.0,0.0,0.0,0.0,0.0,0.0,0.0,0.0,0.0,0.0,0.0,0.0,8.1e-05,0.0,0.0,0.0,0.0,0.0,0.0,0.0,0.0,0.0,0.0,0.0,0.0,0.0,0.0,0.0,0.0,0.0,0.0,0.0,0.0,0.0,0.0,0.0,0.0,0.0,0.0,0.0,0.0,0.0,0.0,0.0,0.0,0.0,0.0,0.0,0.0,0.0,0.0,0.0,0.0,0.0,0.0,0.0,0.0,7.8e-05,0.0,0.0,0.0,0.000446,0.000711,0.0,0.0,0.0,0.0,0.0,0.0,0.0,0.000155,0.0,0.0,0.0,0.0,0.0,0.0,0.0,0.0,0.0,0.0,0.0,0.0,0.0,0.0,0.0,0.0,0.0,0.0,0.0,0.0,0.0,0.0,0.0,0.0,0.0,0.005102,0.0,0.0,0.0,0.0,0.0,0.0,0.0,0.0,0.0,0.0,0.0,0.0,0.0,0.0,0.0,0.0,0.0,0.0,0.0,0.0,0.0,0.0,0.0,0.0,0.0,0.0,0.0,0.0,0.0,0.0,0.001859,0.0,0.0,0.0,0.0,0.0,0.0,0.0,0.0,0.0,0.0,0.0,0.0,0.0,0.0,0.0,0.0,0.0,0.0,0.0,0.0,0.0,0.0,0.0,0.0,0.0,0.0
2592,0.0,0.002086,0.005102,0.00177,0.0,0.0,0.0,0.0,0.0,0.0011,0.0,0.0,0.0,0.0,0.0,0.0,0.0,0.0,0.000742,0.0,0.0,0.00157,0.001661,0.0,0.0,0.002604,0.0,0.0,0.0,0.0,0.0,0.0,0.0,0.0,0.0,0.0,0.001584,0.0,0.0,0.0,0.0,0.0,0.0,0.0,0.005195,0.0,0.0,0.0,0.0,0.005208,0.0,0.0,0.0,0.0,0.0,0.0,0.0,0.0,0.0,0.0,0.0,0.0,0.0,0.0,0.0,0.0,0.0,0.0,0.0,0.0,0.0,0.0,0.002604,0.0,0.0,0.0,0.0,0.0,0.001604,0.0,0.0,0.0,0.0,0.0,0.0,0.0,0.010417,0.0,0.0,0.0,0.0,0.0,0.003017,0.0,0.0,0.002604,0.0,0.0,0.002604,0.0,0.0,0.0,0.0,0.0,0.0,0.0,0.002604,0.002604,0.0,0.0,0.0,0.0,0.0,0.0,0.0,0.0,0.007812,0.0,0.005208,0.0,0.012232,0.007812,0.0,0.0,0.007812,1.0,0.005208,0.005208,0.0,0.0,0.0,0.0,0.0,0.0,0.0,0.0,0.0,0.0,0.0,0.0,0.0,0.0,0.0,0.0,0.002604,0.002604,0.0,0.0,0.0,0.0,0.0,0.002604,0.0,0.002604,0.0,0.0,0.0,0.0,0.0,0.002604,0.0,0.002604,0.0,0.0,0.0,0.0,0.0,0.0,0.0,0.0,0.0,0.00499,0.0,0.0,0.0,0.0,0.0,0.0,0.0,0.0,0.014975,0.0,0.0,0.005208,0.0,0.002604,0.0,0.0,0.0,0.0,0.002604,0.002604,0.0,0.0,0.0,0.0,0.0,0.001992,0.002123,0.007782,0.002604,0.0,0.0,0.003546,0.002604,0.002604,0.003401,0.003442,0.0,0.003969,0.00237,0.000982,0.001,0.000845,0.000593,0.000428,0.00098,0.001008,0.0,0.0,0.003302,0.002604,0.010417,0.003817,0.001956,0.000755,0.001346,0.001096,0.000789,0.000867,0.0,0.003291,0.000368,0.001504,0.002174,0.003979,0.0,0.002855,0.001369,0.0,0.0,0.0,0.001027,0.000437,0.000241,0.0,0.0,0.0,0.0,0.002604,0.002693,0.0,0.0,0.001465,0.003664,0.002572,0.0,0.0,0.0,0.002604,0.0,0.0,0.0,0.0,0.0,0.0,0.0,0.002604,0.000944,0.0,0.0,0.000367,0.002604,0.0,0.000969,0.0,0.0,0.001794,0.0,0.0,0.0,0.0,0.0,0.0,0.0,0.0,0.0,0.0,0.0,0.0,0.0,0.0,0.0,0.0,0.002604,0.0,0.0,0.0,0.0,0.0,0.0,0.0,0.0,0.0,0.0,0.0,0.0,0.0,0.0,0.0,0.0,0.0,0.0,0.0,0.0,0.0,0.0,0.0,0.001929,0.001095,0.000776,0.002574,0.0,0.000892,0.002488,0.0,0.0,0.0,0.002105,0.0,0.0,0.0,0.000777,0.0,0.0,0.0,0.002604,0.0,0.004469,0.0,0.0,0.0,0.0,0.0,0.0,0.0,0.0,0.0,0.0,0.0,0.0,0.0,0.0,0.002037,0.0,0.0,0.003279,0.0,0.002604,0.0,0.0,0.0,0.0,0.0,0.0,0.0,0.0,0.0,0.0,0.0,0.000749,0.0,0.0,0.001412,0.0,0.0,0.0,0.0,0.0,0.0,0.0,0.0,0.0,0.0,0.0,0.0,0.0,0.0,0.002604,0.0,0.0,0.0,0.0,0.002994,0.0,0.0,0.0,0.0,0.0,0.0,0.0,0.0,0.002604,0.013021,0.0,0.0,0.0,0.0,0.001712,0.0,0.001414,0.0,0.0,0.0,0.0,0.0
2593,0.0,0.001043,0.002551,0.0,0.0,0.0,0.0,0.0,0.0,0.0,0.0,0.0,0.0,0.0,0.0,0.0,0.0,0.0,0.0,0.0,0.0,0.0,0.0,0.0,0.0,0.0,0.0,0.0,0.0,0.0,0.0,0.0,0.0,0.0,0.0,0.0,0.000792,0.0,0.0,0.0,0.0,0.0,0.0,0.0,0.0,0.0,0.0,0.0,0.0,0.0,0.0,0.0,0.0,0.0,0.0,0.0,0.0,0.0,0.0,0.0,0.0,0.0,0.0,0.0,0.0,0.0,0.0,0.0,0.0,0.0,0.0,0.0,0.0,0.0,0.0,0.0,0.0,0.0,0.0,0.0,0.0,0.0,0.0,0.0,0.004329,0.0,0.010417,0.0,0.0,0.0,0.0,0.0,0.0,0.001629,0.0,0.0,0.0,0.0,0.0,0.0,0.0,0.0,0.0,0.0,0.0,0.0,0.0,0.0,0.0,0.0,0.0,0.0,0.0,0.0,0.0,0.0,0.0,0.0,0.0,0.0,0.003058,0.010753,0.0,0.0,0.0,0.005208,1.0,0.021505,0.0,0.0,0.0,0.0,0.0,0.0,0.0,0.0,0.0,0.0,0.0,0.0,0.0,0.0,0.0,0.021505,0.0,0.0,0.010753,0.0,0.010753,0.010753,0.0,0.0,0.0,0.0,0.010753,0.0,0.0,0.010753,0.0,0.010753,0.0,0.0,0.0,0.010753,0.0,0.0,0.0,0.0,0.0,0.0,0.010753,0.001996,0.0,0.0,0.0,0.0,0.0,0.006667,0.0,0.0,0.003328,0.0,0.0,0.0,0.0,0.0,0.010753,0.0,0.0,0.0,0.0,0.0,0.0,0.0,0.0,0.0,0.0,0.000996,0.0,0.0,0.008065,0.0,0.0,0.001182,0.003436,0.0,0.001701,0.001721,0.0,0.000265,0.000889,0.000982,0.0,0.0,0.000148,0.000428,0.000392,0.001008,0.0,0.0,0.000825,0.0,0.0,0.000763,0.000489,0.000566,0.000311,0.001096,0.000315,0.0,0.0,0.0,0.0,0.0,0.0,0.00117,0.0,0.001784,0.000456,0.0,0.0,0.0,0.000171,0.000218,0.000241,0.0,0.0,0.0,0.0,0.0,0.000269,0.0,0.0,0.000183,0.00079,0.000198,0.0,0.0,0.0,0.0,0.0,0.0,0.0,0.001508,0.0,0.0,0.0,0.0,0.0,0.0,0.0,0.000734,0.0,0.0,8.1e-05,0.0,0.0,0.000598,0.0,0.0,0.0,0.0,0.0,0.0,0.0,0.0,0.0,0.0,0.0,0.0,0.0,0.0,0.0,0.0,0.0,0.0,0.0,0.0,0.0,0.0,0.0,0.0,0.0,0.0,0.0,0.0,0.0,0.0,0.0,0.0,0.0,0.0,0.0,0.0,0.0,0.0,0.0,0.0,0.001929,0.000235,0.0,0.000368,0.0,0.0,0.000355,0.0,0.0,0.0,0.000702,0.0,0.003012,0.005291,0.000311,0.0,0.0,0.0,0.0,0.0,0.000372,0.0,0.0,0.0,0.0,0.0,0.0,0.0,0.0,0.0,0.0,0.0,0.0,0.002088,0.0,0.0,0.002227,0.0,0.0,0.0,0.0,0.0,0.0,0.0,0.0,0.0,0.0,0.0,0.0,0.0,0.0,0.0,0.0,0.004587,0.0,0.0,0.0,0.0,0.0,0.0,0.0,0.0,0.0,0.0,0.0,0.0,0.0,0.0,0.0,0.0,0.002967,0.000929,0.0,0.0,0.0,0.0,0.0,0.0,0.0,0.0,0.0,0.0,0.0,0.0,0.0,0.002882,0.0,0.0,0.004444,0.001767,0.0,0.0,0.000177,0.005376,0.0,0.0,0.0,0.0
2599,0.0,0.0,0.002551,0.0,0.0,0.0,0.0,0.0,0.0,0.0,0.0,0.0,0.0,0.0,0.0,0.010989,0.0,0.0,0.0,0.0,0.0,0.0,0.0,0.0,0.0,0.0,0.0,0.0,0.0,0.0,0.0,0.0,0.0,0.0,0.0,0.0,0.000792,0.0,0.0,0.0,0.0,0.0,0.0,0.0,0.0,0.0,0.0,0.0,0.0,0.0,0.0,0.0,0.0,0.0,0.0,0.0,0.0,0.0,0.0,0.0,0.0,0.0,0.0,0.0,0.0,0.0,0.0,0.0,0.0,0.0,0.0,0.010989,0.0,0.0,0.00639,0.0,0.0,0.0,0.000401,0.0,0.0,0.0,0.0,0.0,0.0,0.0,0.0,0.0,0.009901,0.0,0.0,0.0,0.001508,0.0,0.0,0.0,0.010989,0.0,0.0,0.0,0.0,0.0,0.0,0.0,0.0,0.010989,0.010989,0.011696,0.0,0.0,0.0,0.0,0.010989,0.0,0.0,0.0,0.0,0.0,0.010989,0.010989,0.001529,0.010989,0.0,0.0,0.0,0.005208,0.021505,1.0,0.0,0.0,0.010989,0.0,0.0,0.0,0.010989,0.0,0.0,0.0,0.0,0.0,0.0,0.0,0.0,0.010989,0.0,0.0,0.010989,0.0,0.010989,0.010989,0.0,0.0,0.00565,0.0,0.010989,0.0,0.0,0.010989,0.0,0.010989,0.0,0.0,0.010989,0.010989,0.0,0.0,0.0,0.0,0.0,0.0,0.010989,0.002994,0.007519,0.010989,0.0,0.0,0.0,0.0,0.00303,0.0,0.0,0.0,0.0,0.0,0.0,0.0,0.0,0.0,0.0,0.0,0.0,0.0,0.010989,0.0,0.0,0.0,0.0,0.001992,0.0,0.001946,0.016129,0.0,0.0,0.0,0.010309,0.0,0.003401,0.001721,0.0,0.000529,0.001481,0.0,0.0,0.000422,0.000148,0.0,0.000784,0.002016,0.0,0.0,0.001651,0.0,0.004484,0.001272,0.000489,0.000566,0.000207,0.001096,0.000315,0.0,0.0,0.00094,0.000368,0.001504,0.0,0.000936,0.0,0.001071,0.0,0.0,0.0,0.0,0.0,0.0,0.0,0.0,0.0,0.0,0.0,0.0,0.0,0.0,0.0,0.000183,0.000216,0.000396,0.0,0.0,0.0,0.0,0.0,0.0,0.0,0.004525,0.0,0.0,0.0,0.0,0.0,0.001718,0.0,0.0,0.0,0.0,8.1e-05,0.001127,0.0,0.0,0.0,0.0,0.0,0.0,0.0,0.0,0.0,0.0,0.0,0.0,0.0,0.0,0.0,0.0,0.0,0.0,0.0,0.0,0.0,0.0,0.0,0.0,0.0,0.0,0.0,0.0,0.0,0.0,0.0,0.0,0.0,0.0,0.0,0.0,0.0,0.0,0.0,0.0,0.0,0.0,0.001929,0.000313,0.000776,0.000735,0.000794,0.001338,0.001066,0.0,0.0,0.0,0.002105,0.010753,0.0,0.0,0.000155,0.0,0.0,0.0,0.0,0.0,0.000372,0.0,0.0,0.0,0.0,0.0,0.0,0.0,0.0,0.005,0.0,0.010989,0.0,0.004175,0.0,0.0,0.0,0.0,0.0,0.0,0.005102,0.0,0.003425,0.0,0.0,0.0,0.0,0.0,0.0,0.0,0.0,0.0,0.000749,0.0,0.0,0.0,0.0,0.0,0.000325,0.0,0.0,0.0,0.0,0.0,0.0,0.0,0.001208,0.0,0.0,0.0,0.002967,0.0,0.0,0.0,0.0,0.0,0.0,0.00625,0.0,0.0,0.0,0.0,0.002581,0.0,0.0,0.0,0.0,0.0,0.0,0.0,0.0,0.0,8.8e-05,0.0,0.0,0.0,0.0,0.0
2610,0.0,0.0,0.0,0.0,0.0,0.0,0.0,0.0,0.0,0.0,0.0,0.0,0.0,0.0,0.0,0.0,0.0,0.0,0.0,0.0,0.0,0.0,0.0,0.0,0.0,0.0,0.0,0.0,0.0,0.0,0.0,0.0,0.0,0.0,0.0,0.0,0.0,0.0,0.0,0.0,0.0,0.0,0.0,0.0,0.0,0.0,0.0,0.0,0.0,0.0,0.0,0.0,0.0,0.0,0.0,0.0,0.0,0.0,0.0,0.0,0.0,0.0,0.0,0.0,0.0,0.0,0.0,0.0,0.0,0.0,0.0625,0.0,0.0,0.0,0.0,0.0,0.0,0.0,0.0,0.0,0.0,0.0,0.0,0.0,0.0,0.0,0.0,0.0,0.0,0.0,0.0,0.0,0.0,0.0,0.0,0.0,0.0,0.0,0.0,0.0,0.0,0.0,0.0,0.0,0.0,0.0,0.030303,0.0,0.0,0.0,0.0,0.0,0.0,0.0,0.025641,0.027027,0.0,0.0,0.0,0.0,0.0,0.0,0.0,0.0,0.0,0.0,0.0,0.0,1.0,0.0,0.0,0.0,0.0,0.0,0.0,0.0,0.0,0.0,0.0,0.0,0.0,0.0,0.0,0.0,0.0,0.045455,0.0,0.0,0.0625,0.0,0.0,0.0,0.011299,0.0,0.0,0.0,0.0,0.0,0.0,0.0,0.0,0.0,0.0,0.0,0.0,0.0,0.0,0.0,0.0,0.0,0.0,0.0,0.0,0.0,0.0,0.0,0.0,0.0,0.0,0.0,0.0,0.0,0.0,0.0,0.0,0.0,0.0,0.0,0.0,0.0,0.0,0.0,0.0,0.0,0.0,0.0,0.0,0.000498,0.0,0.001946,0.008065,0.0,0.0,0.0,0.0,0.0,0.001701,0.0,0.0,0.000265,0.0,0.0,0.0,0.000422,0.0,0.0,0.0,0.0,0.0,0.0,0.000825,0.0,0.0,0.000254,0.0,0.0,0.0,0.0,0.0,0.0,0.0,0.0,0.000368,0.001504,0.0,0.0,0.0,0.0,0.0,0.0,0.0,0.0,0.0,0.0,0.0,0.0,0.0,0.0,0.0,0.0,0.0,0.0,0.0,0.0,0.0,4.9e-05,0.0,0.0,0.0,0.0,0.0,0.0,0.0,0.001508,0.0,0.0,0.0,0.005025,0.0,0.0,0.0,0.0,0.0,0.0,0.0,0.0,0.0,0.0,0.0,0.0,0.0,0.0,0.0,0.0,0.0,0.0,0.0,0.0,0.0,0.0,0.0,0.0,0.0,0.0,0.0,0.0,0.0,0.0,0.0,0.0,0.0,0.0,0.0,0.0,0.0,0.0,0.0,0.0,0.0,0.0,0.0,0.0,0.0,0.0,0.0,0.0,0.0,0.0,0.000964,0.0,0.0,0.0,0.0,0.000446,0.0,0.0,0.0,0.0,0.000702,0.0,0.0,0.0,0.0,0.0,0.0,0.0,0.0,0.002353,0.0,0.0,0.0,0.0,0.0,0.0,0.0,0.0,0.0,0.0,0.0,0.0,0.0,0.0,0.0,0.0,0.0,0.0,0.0,0.0,0.0,0.0,0.0,0.0,0.0,0.0,0.0,0.0,0.0,0.0,0.0,0.008065,0.0,0.0,0.0,0.0,0.0,0.0,0.0,0.0,0.0,0.0,0.0,0.0,0.0,0.0,0.0,0.0,0.0,0.0,0.0,0.0,0.0,0.0,0.0,0.0,0.0,0.0,0.0,0.0,0.0,0.0,0.0,0.0,0.0,0.0,0.0,0.0,0.0,0.0,0.0,0.0,0.0,0.0,0.0,0.0,0.0,0.0
2620,0.0,0.0,0.0,0.0,0.0,0.0,0.0,0.0,0.0,0.0,0.0,0.0,0.0,0.0,0.0,0.0,0.0,0.0,0.0,0.0,0.0,0.0,0.0,0.0,0.0,0.0,0.0,0.0,0.0,0.0,0.0,0.0,0.0,0.0,0.0,0.0,0.0,0.0,0.0,0.0,0.0,0.0,0.0,0.0,0.0,0.0,0.0,0.0,0.0,0.0,0.0,0.0,0.0,0.0,0.0,0.0,0.0,0.0,0.0,0.0,0.0,0.0,0.0,0.0,0.0,0.0,0.0,0.0,0.0,0.0,0.0,0.0,0.0,0.0,0.0,0.0,0.0,0.0,0.0,0.0,0.0,0.0,0.0,0.0,0.0,0.0,0.0,0.0,0.0,0.0,0.0,0.0,0.0,0.0,0.0,0.0,0.0,0.0,0.0,0.0,0.0,0.0,0.0,0.0,0.0,0.0,0.0,0.0,0.0,0.0,0.0,0.0,0.0,0.0,0.0,0.0,0.0,0.0,0.0,0.0,0.0,0.0,0.0,0.0,0.0,0.0,0.0,0.0,0.0,1.0,0.0,0.0,0.0,0.0,0.0,0.0,0.019417,0.0,0.0,0.055556,0.0,0.018868,0.0,0.0,0.0,0.0,0.0,0.0,0.0,0.0,0.0,0.0,0.00565,0.0,0.0,0.0,0.0,0.0,0.0,0.0,0.0,0.0,0.0,0.0,0.0,0.0,0.0,0.0,0.0,0.0,0.0,0.0,0.0,0.0,0.0,0.0,0.0,0.0,0.0,0.0,0.0,0.0,0.004545,0.0,0.0,0.0,0.0,0.0,0.0,0.0,0.0,0.0,0.0,0.0,0.0,0.0,0.0,0.0,0.0,0.001946,0.0,0.0,0.0,0.001182,0.0,0.0,0.0,0.001721,0.00155,0.0,0.0,0.000982,0.0,0.0,0.0,0.0,0.0,0.0,0.0,0.0,0.0,0.0,0.0,0.0,0.0,0.000189,0.0,0.0,0.0,0.0,0.0,0.0,0.000368,0.0,0.0,0.0,0.0,0.000357,0.0,0.0,0.0,0.0,0.0,0.0,0.0,0.0,0.0,0.0,0.0,0.0,0.0,0.0,0.0,0.0,0.0,0.0,0.0,0.0,0.0,0.0,0.0,0.0,0.0,0.0,0.0,0.0,0.0,0.0,0.0,0.0,0.0,0.0,0.0,0.0,8.1e-05,0.0,0.0,0.0,0.0,0.0,0.0,0.0,0.0,0.0,0.0,0.0,0.0,0.0,0.0,0.0,0.0,0.0,0.001258,0.0,0.005102,0.008333,0.0,0.0,0.0,0.0,0.0,0.0,0.0,0.0,0.0,0.0,0.0,0.0,0.0,0.0,0.0,0.0,0.0,0.0,0.0,0.0,0.0,0.0,0.000964,7.8e-05,0.0,0.000368,0.0,0.000892,0.000355,0.0,0.00625,0.0,0.000702,0.0,0.0,0.0,0.000155,0.0,0.0,0.0,0.0,0.0,0.000372,0.0,0.0,0.0,0.0,0.0,0.0,0.0,0.0,0.0,0.0,0.0,0.0,0.0,0.0,0.002037,0.0,0.0,0.0,0.0,0.0,0.0,0.0,0.0,0.0,0.0,0.0,0.0,0.0,0.0,0.0,0.0,0.000749,0.0,0.0,0.0,0.0,0.0,0.0,0.0,0.0,0.0,0.0,0.0,0.0,0.0,0.0,0.0,0.0,0.0,0.0,0.0,0.0,0.0,0.0,0.0,0.0,0.0,0.0,0.0,0.0,0.0,0.003871,0.0,0.0,0.002882,0.0,0.0,0.0,0.0,0.0,0.0,0.000177,0.0,0.0,0.0,0.0,0.0
2630,0.0,0.0,0.0,0.0,0.0,0.0,0.0,0.0,0.0,0.0,0.0,0.0,0.0,0.0,0.0,0.0,0.0,0.0,0.0,0.0,0.0,0.0,0.0,0.0,0.0,0.0,0.0,0.0,0.0,0.0,0.0,0.0,0.0,0.0,0.0,0.0,0.0,0.0,0.0,0.0,0.0,0.0,0.0,0.0,0.0,0.0,0.0,0.0,0.0,0.0,0.0,0.0,0.0,0.0,0.0,0.0,0.0,0.0,0.0,0.0,0.0,0.0,0.0,0.0,0.0,0.0,0.0,0.0,0.0,0.0,0.0,0.0,0.0,0.0,0.003195,0.0,0.0,0.0,0.0,0.0,0.0,0.0,0.0,0.0,0.0,0.0,0.0,0.0,0.009901,0.0,0.0,0.0,0.0,0.0,0.0,0.0,0.011111,0.0,0.0,0.0,0.0,0.0,0.0,0.0,0.0,0.0,0.030303,0.005848,0.0,0.0,0.0,0.0,0.034483,0.0,0.0,0.0,0.0,0.0,0.0,0.0,0.0,0.0,0.0,0.0,0.0,0.0,0.0,0.010989,0.0,0.0,1.0,0.0,0.0,0.0,0.034483,0.0,0.0,0.0,0.0,0.0,0.0,0.0,0.0,0.0,0.0,0.0,0.0,0.0,0.0,0.0,0.0,0.0,0.0,0.0,0.0,0.0,0.0,0.0,0.0,0.0,0.0,0.0,0.0,0.0,0.0,0.0,0.0,0.0,0.0,0.0,0.0,0.0,0.0,0.0,0.0,0.0,0.0,0.0,0.0,0.0,0.0,0.0,0.0,0.0,0.0,0.0,0.0,0.0,0.0,0.0,0.0,0.0,0.0,0.0,0.0,0.0,0.0,0.0,0.0,0.0,0.0,0.0,0.0,0.001182,0.003436,0.0,0.0,0.0,0.0,0.0,0.0,0.0,0.0,0.0,0.0,0.000428,0.000392,0.001008,0.003839,0.0,0.001651,0.0,0.0,0.0,0.0,0.000189,0.000104,0.0,0.0,0.000289,0.034483,0.0,0.000368,0.0,0.0,0.000468,0.0,0.001071,0.0,0.0,0.0,0.0,0.0,0.0,0.0,0.0,0.0,0.0,0.0,0.0,0.0,0.0,0.0,0.0,0.0,9.9e-05,0.0,0.0,0.0,0.0,0.0,0.0,0.0,0.0,0.0,0.0,0.0,0.0,0.0,0.0,0.0,0.0,0.0,0.0,0.000162,0.0,0.0,0.0,0.0,0.0,0.0,0.0,0.0,0.0,0.0,0.0,0.0,0.0,0.0,0.007018,0.0,0.0,0.001258,0.0,0.0,0.0,0.0,0.0,0.0,0.0,0.0,0.0,0.0,0.0,0.0,0.0,0.0,0.0,0.0,0.0,0.0,0.0,0.0,0.0,0.0,0.0,0.0,0.0,0.0,0.000156,0.0,0.0,0.0,0.000446,0.0,0.0,0.0,0.0,0.0,0.0,0.0,0.0,0.000311,0.0,0.0,0.0,0.0,0.0,0.0,0.0,0.0,0.0,0.0,0.0,0.0,0.0,0.006579,0.0,0.03125,0.015152,0.0,0.0,0.0,0.002037,0.002227,0.0,0.0,0.0,0.0,0.0,0.0,0.0,0.0,0.0,0.0,0.0,0.0,0.0,0.0,0.0,0.0,0.0,0.0,0.0,0.0,0.0,0.0,0.0,0.0,0.0,0.0,0.0,0.0,0.0,0.0,0.0,0.0,0.0,0.0,0.0,0.0,0.0,0.0,0.0,0.0,0.0,0.0,0.0,0.0,0.0,0.0,0.002375,0.021053,0.0,0.0,0.0,0.0,0.001767,0.0,0.0,8.8e-05,0.0,0.0,0.0,0.0,0.0
2640,0.0,0.0,0.0,0.0,0.0,0.0,0.0,0.0,0.0,0.0,0.0,0.0,0.0,0.0,0.0,0.0,0.0,0.0,0.0,0.0,0.0,0.00157,0.0,0.0,0.0,0.0,0.0,0.0,0.0,0.0,0.0,0.0,0.0,0.0,0.0,0.0,0.0,0.0,0.0,0.0,0.0,0.0,0.0,0.0,0.0,0.0,0.0,0.0,0.0,0.0,0.0,0.0,0.0,0.0,0.0,0.0,0.0,0.0,0.0,0.0,0.0,0.0,0.0,0.0,0.0,0.0,0.0,0.0,0.0,0.0,0.0,0.0,0.0,0.0,0.0,0.0,0.0,0.0,0.0,0.0,0.0,0.0,0.010101,0.0,0.0,0.0,0.0,0.0,0.0,0.0,0.0,0.0,0.0,0.0,0.0,0.0,0.0,0.0,0.0,0.0,0.0,0.0,0.0,0.0,0.0,0.0,0.0,0.0,0.0,0.0,0.0,0.0,0.0,0.0,0.0,0.0,0.0,0.0,0.0,0.0,0.0,0.0,0.0,0.0,0.0,0.0,0.0,0.0,0.0,0.0,0.0,1.0,0.04,0.0,0.0,0.0,0.0,0.0,0.0,0.0,0.0,0.0,0.0,0.0,0.0,0.0,0.0,0.0,0.0,0.0,0.0,0.0,0.0,0.0,0.0,0.0,0.0,0.0,0.0,0.0,0.041667,0.0,0.0,0.0,0.0,0.0,0.0,0.0,0.0,0.0,0.0,0.0,0.0,0.0,0.0,0.0,0.0,0.0,0.0,0.0,0.0,0.011494,0.0,0.0,0.0,0.0,0.0,0.0,0.0,0.0,0.0,0.0,0.0,0.0,0.0,0.0,0.0,0.0,0.0,0.0,0.0,0.0,0.0,0.0,0.003436,0.0,0.0,0.0,0.00155,0.000265,0.000593,0.000982,0.002,0.0,0.0,0.0,0.000588,0.001008,0.001919,0.0,0.000825,0.0,0.0,0.000254,0.0,0.0,0.0,0.000365,0.0,0.0,0.0,0.0,0.000368,0.001504,0.0,0.000234,0.0,0.000357,0.0,0.0,0.003891,0.0,0.0,0.0,0.0,0.0,0.0,0.0,0.0,0.0,0.0,0.0,0.0,0.0,7.2e-05,4.9e-05,0.0,0.0,0.0,0.0,0.0,0.0,0.0,0.001508,0.0,0.0,0.0,0.0,0.0,0.0,0.0,0.0,0.0,0.0,8.1e-05,0.0,0.0,0.0,0.0,0.0,0.0,0.0,0.0,0.0,0.0,0.0,0.0,0.0,0.0,0.0,0.0,0.0,0.0,0.0,0.005102,0.0,0.0,0.0,0.0,0.0,0.0,0.0,0.0,0.0,0.0,0.0,0.0,0.0,0.0,0.0,0.0,0.0,0.0,0.0,0.0,0.0,0.015625,0.0,0.0,7.8e-05,0.0,0.0,0.0,0.0,0.0,0.0,0.0,0.0,0.0,0.0,0.0,0.0,0.000155,0.0,0.0,0.0,0.0,0.0,0.000745,0.0,0.0,0.0,0.0,0.0,0.0,0.0,0.0,0.0,0.0,0.0,0.0,0.0,0.0,0.0,0.002227,0.0,0.0,0.0,0.0,0.0,0.0,0.0,0.0,0.0,0.0,0.0,0.0,0.0,0.0,0.0,0.0,0.0,0.0,0.0,0.0,0.0,0.0,0.0,0.0,0.0,0.0,0.0,0.0,0.0,0.0,0.0,0.0,0.0,0.0,0.0,0.0,0.0,0.0,0.0,0.0,0.0,0.0,0.0,0.0,0.0,0.0,0.002375,0.0,0.0,0.0,0.0,0.0,0.0,0.0,0.0,0.0,0.0,0.0,0.0,0.0,0.0
2651,0.0,0.0,0.0,0.0,0.0,0.0,0.0,0.0,0.0,0.0,0.0,0.0,0.0,0.0,0.0,0.0,0.0,0.0,0.0,0.0,0.0,0.0,0.0,0.0,0.0,0.0,0.0,0.0,0.0,0.0,0.0,0.0,0.0,0.0,0.0,0.0,0.0,0.0,0.0,0.0,0.0,0.0,0.0,0.0,0.0,0.0,0.0,0.0,0.0,0.0,0.0,0.0,0.0,0.0,0.0,0.0,0.0,0.0,0.0,0.0,0.0,0.0,0.0,0.0,0.0,0.0,0.0,0.0,0.0,0.0,0.0,0.0,0.0,0.0,0.0,0.0,0.0,0.0,0.0,0.0,0.0,0.0,0.0,0.0,0.0,0.0,0.0,0.0,0.0,0.0,0.0,0.0,0.0,0.0,0.0,0.0,0.0,0.0,0.0,0.0,0.0,0.0,0.0,0.0,0.0,0.0,0.0,0.0,0.0,0.0,0.0,0.0,0.0,0.0,0.0,0.0,0.0,0.0,0.0,0.0,0.0,0.0,0.0,0.0,0.0,0.0,0.0,0.0,0.0,0.0,0.0,0.04,1.0,0.0,0.0,0.0,0.0,0.0,0.0,0.0,0.0,0.0,0.0,0.0,0.0,0.0,0.0,0.0,0.0,0.04,0.0,0.0,0.0,0.0,0.0,0.0,0.0,0.0,0.0,0.0,0.0,0.008547,0.0,0.0,0.0,0.0,0.0,0.0,0.0,0.0,0.0,0.0,0.0,0.0,0.0,0.0,0.0,0.0,0.0,0.0,0.0,0.0,0.0,0.0,0.0,0.0,0.0,0.0,0.0,0.0,0.0,0.0,0.0,0.0,0.0,0.0,0.0,0.000498,0.0,0.0,0.0,0.0,0.0,0.0,0.0,0.0,0.0,0.0,0.0,0.000529,0.0,0.0,0.0,0.0,0.000148,0.0,0.000196,0.001008,0.003839,0.0,0.0,0.0,0.004484,0.0,0.0,0.000378,0.000104,0.0,0.0,0.0,0.0,0.0,0.000368,0.0,0.0,0.0,0.0,0.000357,0.0,0.0,0.0,0.0,0.0,0.0,0.000241,0.0,0.0,0.0,0.0,0.0,0.0,0.0,0.0,0.0,0.0,0.000148,0.0,0.0,0.0,0.0,0.0,0.0,0.0,0.0,0.0,0.0,0.0,0.0,0.0,0.0,0.0,0.0,0.0,0.0,8.1e-05,0.0,0.0,0.0,0.0,0.0,0.0,0.021739,0.0,0.0,0.0,0.0,0.0,0.0,0.0,0.0,0.0,0.0,0.002516,0.0,0.0,0.0,0.0,0.0,0.0,0.0,0.0,0.0,0.0,0.0,0.0,0.0,0.0,0.0,0.0,0.0,0.0,0.0,0.0,0.0,0.0,0.0,0.0,0.0,0.0,0.0,0.0,0.000368,0.0,0.000446,0.001421,0.0,0.0,0.0,0.0,0.0,0.0,0.0,0.000311,0.0,0.0,0.0,0.0,0.0,0.000372,0.0,0.0,0.0,0.0,0.0,0.0,0.0,0.006579,0.0,0.0,0.0,0.0,0.0,0.0,0.0,0.0,0.0,0.0,0.0,0.0,0.0,0.0,0.0,0.0,0.0,0.0,0.0,0.0,0.0,0.002941,0.0,0.0,0.0,0.0,0.0,0.0,0.0,0.0,0.0,0.0,0.0,0.0,0.0,0.0,0.0,0.0,0.0,0.0,0.0,0.0,0.0,0.0,0.0,0.0,0.0,0.0,0.0,0.0,0.0,0.0,0.0,0.0,0.0,0.0,0.0,0.0,0.0,0.0,0.0,0.0,0.0,0.000353,0.0,0.0,0.0,0.0,0.0
2652,0.0,0.0,0.0,0.0,0.0,0.0,0.0,0.0,0.0,0.0,0.0,0.0,0.0,0.0,0.0,0.0,0.0,0.0,0.0,0.0,0.0,0.0,0.0,0.0,0.0,0.0,0.0,0.0,0.0,0.0,0.0,0.0,0.0,0.0,0.0,0.0,0.0,0.0,0.0,0.0,0.0,0.0,0.0,0.0,0.0,0.0,0.0,0.0,0.0,0.0,0.0,0.0,0.0,0.0,0.0,0.0,0.0,0.0,0.0,0.0,0.0,0.0,0.0,0.0,0.0,0.0,0.0,0.0,0.0,0.0,0.0,0.0,0.0,0.0,0.0,0.0,0.0,0.0,0.0,0.0,0.0,0.0,0.0,0.0,0.0,0.0,0.0,0.0,0.0,0.0,0.0,0.0,0.0,0.0,0.0,0.0,0.0,0.0,0.0,0.0,0.0,0.0,0.0,0.0,0.0,0.0,0.0,0.0,0.0,0.0,0.0,0.0,0.0,0.0,0.0,0.0,0.0,0.0,0.0,0.0,0.0,0.0,0.0,0.0,0.0,0.0,0.0,0.0,0.0,0.0,0.0,0.0,0.0,1.0,0.0,0.0,0.0,0.0,0.0,0.0,0.0,0.0,0.0,0.0,0.0,0.0,0.0,0.0,0.0,0.0,0.0,0.0,0.0,0.0,0.0,0.0,0.0,0.0,0.0,0.0,0.0,0.0,0.0,0.0,0.0,0.0,0.0,0.0,0.0,0.0,0.0,0.0,0.0,0.0,0.0,0.0,0.0,0.0,0.0,0.0,0.0,0.0,0.0,0.0,0.0,0.0,0.0,0.0,0.0,0.0,0.0,0.0,0.0,0.0,0.0,0.0,0.0,0.0,0.0,0.0,0.0,0.0,0.0,0.0,0.0,0.0,0.0,0.0,0.0,0.0,0.0,0.0,0.0,0.0,0.0,0.0,0.000196,0.0,0.0,0.0,0.0,0.0,0.0,0.0,0.0,0.0,0.0,0.0,0.0,0.0,0.0,0.0,0.0,0.0,0.0,0.0,0.0,0.0,0.0,0.0,0.0,0.0,0.0,0.0,0.0,0.0,0.0,0.0,0.0,0.0,0.0,0.0,0.0,0.0,0.0,0.0,0.0,0.0,0.0,0.0,0.0,0.0,0.0,0.0,0.0,0.0,0.0,0.0,0.0,0.0,0.0,0.0,0.0,0.0,0.0,0.0,0.0,0.0,0.0,0.0,0.0,0.0,0.0,0.0,0.0,0.0,0.0,0.0,0.0,0.0,0.0,0.0,0.0,0.0,0.0,0.0,0.0,0.0,0.0,0.0,0.0,0.0,0.0,0.0,0.0,0.0,0.0,0.0,0.0,0.0,0.0,0.0,0.0,0.0,0.0,0.0,0.0,0.0,0.0,0.0,0.0,0.0,0.0,0.0,0.0,0.0,0.0,0.0,0.0,0.0,0.0,0.0,0.0,0.0,0.0,0.0,0.0,0.0,0.0,0.0,0.0,0.0,0.0,0.0,0.0,0.0,0.0,0.0,0.0,0.0,0.0,0.0,0.0,0.0,0.0,0.0,0.0,0.0,0.0,0.0,0.0,0.0,0.0,0.0,0.0,0.0,0.0,0.0,0.0,0.0,0.0,0.0,0.0,0.0,0.0,0.0,0.0,0.0,0.0,0.0,0.0,0.0,0.0,0.0,0.0,0.0,0.0,0.0,0.0,0.0,0.0,0.0,0.0,0.0,0.0,0.0,0.0,0.0,0.0,0.0,0.0,0.0,0.0,0.0,0.0,0.0,0.0,0.0,0.0,0.0,0.0,0.0,0.0,0.0,0.0,0.0
2660,0.0,0.0,0.0,0.0,0.0,0.0,0.0,0.0,0.0,0.0,0.0,0.0,0.0,0.0,0.0,0.0,0.0,0.0,0.0,0.0,0.0,0.0,0.0,0.0,0.0,0.0,0.0,0.0,0.0,0.0,0.0,0.0,0.0,0.0,0.0,0.0,0.0,0.0,0.0,0.0,0.0,0.0,0.0,0.0,0.0,0.0,0.0,0.0,0.0,0.0,0.0,0.0,0.0,0.0,0.0,0.0,0.0,0.0,0.0,0.0,0.0,0.0,0.0,0.0,0.0,0.0,0.0,0.0,0.0,0.0,0.0,0.0,0.0,0.0,0.003195,0.0,0.0,0.0,0.000401,0.0,0.0,0.0,0.0,0.0,0.0,0.0,0.0,0.0,0.0,0.0,0.0,0.0,0.0,0.0,0.0,0.0,0.011111,0.0,0.0,0.0,0.0,0.0,0.0,0.0,0.0,0.0,0.030303,0.005848,0.0,0.0,0.0,0.0,0.052632,0.0,0.0,0.0,0.0,0.0,0.0,0.0,0.0,0.0,0.0,0.0,0.0,0.0,0.0,0.010989,0.0,0.0,0.034483,0.0,0.0,0.0,1.0,0.0,0.0,0.0,0.0,0.0,0.0,0.0,0.0,0.0,0.0,0.0,0.0,0.0,0.0,0.0,0.0,0.0,0.0,0.0,0.0,0.0,0.0,0.0,0.0,0.0,0.0,0.0,0.0,0.0,0.0,0.0,0.0,0.0,0.0,0.0,0.0,0.0,0.0,0.0,0.0,0.0,0.0,0.006667,0.0,0.0,0.0,0.0,0.0,0.0,0.0,0.0,0.0,0.0,0.0,0.0,0.0,0.0,0.0,0.0,0.0,0.0,0.0,0.0,0.0,0.0,0.0,0.0,0.0,0.0,0.0,0.0,0.0,0.0,0.0,0.0,0.0,0.0,0.0,0.0,0.0,0.0,0.000196,0.0,0.0,0.0,0.000825,0.0,0.0,0.000254,0.0,0.0,0.0,0.0,0.0,0.0,0.0,0.0,0.0,0.0,0.0,0.000234,0.0,0.0,0.0,0.0,0.0,0.0,0.0,0.0,0.0,0.0,0.0,0.0,0.0,0.0,0.0,0.0,0.0,0.0,0.0,0.0,0.0,0.0,0.0,0.0,0.0,0.0,0.0,0.0,0.0,0.0,0.0,0.0,0.0,0.0,0.0,0.0,0.0,0.0,0.0,0.0,0.0,0.0,0.0,0.0,0.0,0.0,0.0,0.0,0.0,0.0,0.0,0.0,0.0,0.0,0.0,0.0,0.0,0.0,0.0,0.0,0.0,0.0,0.0,0.0,0.0,0.0,0.0,0.0,0.0,0.0,0.0,0.0,0.0,0.0,0.0,0.0,0.0,0.0,0.0,0.0,0.0,0.0,0.0,0.0,0.0,0.0,0.0,0.000446,0.0,0.0,0.0,0.0,0.0,0.0,0.0,0.0,0.0,0.0,0.0,0.0,0.0,0.0,0.000372,0.0,0.0,0.0,0.0,0.0,0.0,0.0,0.0,0.0,0.0,0.015152,0.0,0.0,0.0,0.0,0.0,0.0,0.0,0.0,0.0,0.0,0.0,0.0,0.0,0.0,0.0,0.0,0.0,0.0,0.0,0.0,0.0,0.0,0.0,0.0,0.0,0.0,0.0,0.000531,0.0,0.0,0.0,0.0,0.0,0.0,0.0,0.0,0.0,0.0,0.0,0.0,0.0,0.0,0.0,0.0,0.0,0.0,0.0,0.0,0.0,0.0,0.0,0.0,0.0,0.0,0.0,0.0,0.0,0.0,0.0,0.0,0.0,0.0,0.0,0.0,0.0,0.0
2670,0.0,0.0,0.0,0.0,0.0,0.0,0.0,0.0,0.0,0.0,0.0,0.0,0.0,0.0,0.0,0.0,0.0,0.0,0.0,0.0,0.0,0.0,0.0,0.0,0.0,0.0,0.0,0.0,0.0,0.0,0.0,0.0,0.0,0.0,0.0,0.0,0.0,0.0,0.0,0.0,0.0,0.0,0.0,0.0,0.0,0.0,0.0,0.0,0.0,0.0,0.0,0.0,0.0,0.0,0.0,0.001931,0.0,0.0,0.0,0.0,0.0,0.0,0.0,0.0,0.0,0.0,0.0,0.0,0.0,0.0,0.0,0.0,0.0,0.0,0.0,0.0,0.0,0.0,0.0,0.0,0.0,0.0,0.0,0.0,0.0,0.0,0.0,0.0,0.0,0.0,0.0,0.0,0.0,0.0,0.0,0.0,0.0,0.0,0.0,0.0,0.0,0.0,0.0,0.0,0.0,0.0,0.0,0.0,0.0,0.0,0.0,0.0,0.0,0.0,0.0,0.0,0.0,0.0,0.0,0.0,0.0,0.0,0.0,0.0,0.0,0.0,0.0,0.0,0.0,0.0,0.0,0.0,0.0,0.0,0.0,1.0,0.0,0.0,0.0,0.0,0.0,0.0,0.0,0.0,0.0,0.0,0.0,0.0,0.0,0.0,0.0,0.0,0.0,0.0,0.03125,0.0,0.0,0.0,0.0,0.0,0.0,0.0,0.0,0.0,0.0,0.0,0.0,0.0,0.0,0.0,0.0,0.0,0.0,0.0,0.0,0.0,0.0,0.02,0.0,0.0,0.0,0.011494,0.0,0.0,0.0,0.0,0.0,0.0,0.0,0.0,0.0,0.0,0.0,0.0,0.0,0.0,0.0,0.0,0.0,0.0,0.0,0.0,0.0,0.0,0.0,0.0,0.0,0.0,0.0,0.0,0.0,0.0,0.0,0.0,0.0,0.0,0.001372,0.0,0.0,0.0,0.0,0.0,0.0,0.0,0.0,0.000189,0.0,0.000731,0.0,0.0,0.0,0.0,0.0,0.0,0.0,0.0,0.0,0.0,0.0,0.0,0.0,0.0,0.000342,0.0,0.003608,0.0,0.0,0.0,0.0,0.0,0.0,0.0,0.0,0.000183,7.2e-05,4.9e-05,0.0,0.0,0.0,0.0,0.0,0.0,0.0,0.0,0.0,0.0,0.0,0.0,0.0,0.0,0.0,0.0,0.0,0.0,0.0,0.0,0.0,0.0,0.0,0.0,0.0,0.0,0.0,0.0,0.0,0.0,0.0,0.0,0.0,0.0,0.0,0.0,0.0,0.0,0.0,0.0,0.0,0.0,0.0,0.0,0.0,0.0,0.0,0.0,0.0,0.0,0.0,0.0,0.0,0.0,0.0,0.0,0.0,0.0,0.0,0.0,0.0,0.0,0.0,0.000156,0.0,0.0,0.0,0.0,0.0,0.0,0.0,0.0,0.0,0.0,0.0,0.0,0.000155,0.0,0.0,0.0,0.0,0.0,0.0,0.0,0.0,0.0,0.0,0.0,0.0,0.0,0.0,0.0,0.0,0.0,0.0,0.0,0.0,0.0,0.0,0.0,0.00082,0.0,0.0,0.0,0.0,0.0,0.0,0.0,0.0,0.0,0.0,0.0,0.0,0.0,0.0,0.0,0.0,0.0,0.0,0.0,0.00065,0.002123,0.0,0.0,0.0,0.0,0.0,0.0,0.0,0.0,0.0,0.0,0.0,0.0,0.0,0.0,0.0,0.0,0.0,0.0,0.0,0.0,0.0,0.0,0.0,0.0,0.0,0.0,0.0,0.0,0.0,0.0,0.000428,0.0,8.8e-05,0.0,0.0,0.0,0.0,0.0
2710,0.0,0.0,0.0,0.0,0.0,0.0,0.0,0.0,0.0,0.0,0.0,0.0,0.0,0.0,0.00187,0.0,0.0,0.0,0.0,0.0,0.0,0.0,0.0,0.0,0.0,0.0,0.0,0.0,0.0,0.0,0.0,0.0,0.0,0.0,0.0,0.0,0.001584,0.0,0.0,0.0,0.0,0.0,0.0,0.0,0.0,0.0,0.0,0.0,0.0,0.0,0.0,0.0,0.0,0.0,0.0,0.0,0.0,0.0,0.0,0.0,0.0,0.0,0.0,0.0,0.0,0.0,0.0,0.0,0.0,0.0,0.0,0.0,0.0,0.0,0.0,0.0,0.009709,0.0,0.000401,0.0,0.0,0.0,0.0,0.0,0.0,0.0,0.0,0.0,0.0,0.0,0.0,0.0,0.0,0.0,0.0,0.0,0.0,0.0,0.0,0.0,0.0,0.0,0.0,0.0,0.0,0.0,0.0,0.011696,0.0,0.0,0.0,0.0,0.0,0.0,0.0,0.0,0.0,0.0,0.0,0.0,0.0,0.009709,0.0,0.0,0.0,0.0,0.0,0.0,0.0,0.019417,0.0,0.0,0.0,0.0,0.0,0.0,1.0,0.0,0.0,0.009709,0.0,0.009709,0.0,0.009709,0.0,0.0,0.0,0.0,0.0,0.0,0.0,0.0,0.0,0.0,0.009709,0.0,0.0,0.0,0.0,0.0,0.0,0.0,0.009709,0.0,0.0,0.0,0.0,0.0,0.0,0.0,0.0,0.0,0.0,0.0,0.0,0.0,0.0,0.006667,0.0,0.0,0.006656,0.009709,0.018182,0.009709,0.0,0.009709,0.029126,0.0,0.0,0.007812,0.0,0.0,0.0,0.0,0.0,0.0,0.0,0.000498,0.0,0.001946,0.0,0.0,0.0,0.002364,0.006873,0.0,0.0,0.001721,0.0,0.000265,0.000593,0.0,0.001,0.0,0.000148,0.000428,0.000196,0.004032,0.0,0.0,0.004953,0.0,0.0,0.001781,0.0,0.000378,0.000311,0.0,0.0,0.0,0.0,0.00094,0.001104,0.0,0.0,0.001404,0.0,0.001071,0.0,0.0,0.0,0.0,0.0,0.000655,0.0,0.0,0.0,0.0,0.0,0.0,0.000269,0.0,0.0,0.0,0.000647,0.000297,0.0,0.0,0.0,0.0,0.0,0.0,0.0,0.0,0.0,0.0,0.0,0.0,0.000944,0.0,0.0,0.000734,0.0,0.0,0.000162,0.0,0.0,0.0,0.0,0.0,0.0,0.0,0.0,0.0,0.0,0.0,0.0,0.0,0.0,0.0,0.0,0.0,0.002516,0.003115,0.005102,0.0,0.0,0.0,0.0,0.0,0.0,0.0,0.0,0.0,0.0,0.0,0.0,0.0,0.0,0.0,0.0,0.0,0.0,0.0,0.0,0.0,0.0,0.0,0.0,0.000391,0.0,0.0,0.0,0.001784,0.003554,0.009709,0.0,0.0,0.001404,0.0,0.0,0.0,0.000311,0.0,0.0,0.0,0.0,0.0,0.000372,0.0,0.0,0.0,0.0,0.0,0.0,0.0,0.0,0.0,0.0,0.0,0.002451,0.002088,0.0,0.0,0.002227,0.0,0.0,0.0,0.0,0.009709,0.0,0.004587,0.015385,0.0,0.0,0.0,0.0,0.0,0.0,0.0,0.0,0.0,0.0,0.000941,0.0,0.0,0.0,0.0,0.0,0.0,0.0,0.0,0.0,0.0,0.0,0.0,0.0,0.0,0.0,0.0,0.0,0.0,0.0,0.0,0.0,0.0,0.0,0.0,0.0,0.0,0.0,0.0,0.0,0.002882,0.0,0.0,0.0,0.0,0.0,0.0,0.000707,0.0,0.0,0.0,0.0,0.0
2720,0.0,0.0,0.0,0.0,0.0,0.0,0.0,0.0,0.0,0.0,0.0,0.0,0.0,0.0,0.0,0.0,0.0,0.0,0.0,0.0,0.0,0.0,0.0,0.0,0.0,0.0,0.0,0.0,0.0,0.0,0.0,0.0,0.0,0.0,0.0,0.0,0.0,0.0,0.0,0.0,0.0,0.0,0.0,0.0,0.0,0.0,0.0,0.0,0.0,0.0,0.0,0.0,0.0,0.0,0.0,0.0,0.0,0.0,0.0,0.0,0.0,0.0,0.0,0.0,0.0,0.0,0.0,0.0,0.0,0.0,0.0,0.0,0.0,0.0,0.003195,0.0,0.0,0.0,0.0,0.0,0.0,0.0,0.0,0.0,0.0,0.0,0.0,0.0,0.0,0.0,0.0,0.0,0.0,0.0,0.0,0.0,0.0,0.0,0.0,0.0,0.0,0.0,0.0,0.0,0.0,0.0,0.0,0.0,0.0,0.0,0.0,0.0,0.0,0.0,0.0,0.0,0.0,0.025641,0.0,0.0,0.0,0.0,0.0,0.0,0.0,0.0,0.0,0.0,0.0,0.0,0.0,0.0,0.0,0.0,0.0,0.0,0.0,1.0,0.0,0.0,0.0,0.0,0.0,0.0,0.0,0.0,0.0,0.0,0.0,0.0,0.0,0.0,0.0,0.0,0.0,0.0,0.0,0.0,0.0,0.0,0.0,0.0,0.0,0.0,0.0,0.0,0.0,0.0,0.0,0.0,0.0,0.0,0.0,0.0,0.0,0.0,0.0,0.0,0.0,0.0,0.0,0.0,0.004545,0.0,0.0,0.0,0.0,0.0,0.0,0.0,0.0,0.0,0.0,0.0,0.0,0.0,0.0,0.0,0.0,0.0,0.0,0.0,0.0,0.0,0.003436,0.0,0.0,0.0,0.0,0.000265,0.001185,0.0,0.0,0.0,0.0,0.0,0.0,0.0,0.001919,0.0,0.0,0.002874,0.0,0.000254,0.000489,0.000189,0.0,0.0,0.0,0.0,0.0,0.0,0.0,0.001504,0.0,0.0,0.0,0.0,0.0,0.0,0.0,0.0,0.0,0.0,0.0,0.0,0.0,0.0,0.0,0.0,0.0,0.0,0.0,0.0,0.0,0.0,0.0,0.0,0.0,0.0,0.0,0.0,0.0,0.0,0.0,0.0,0.0,0.0,0.0,0.0,0.0,0.0,0.0,0.0,0.0,0.0,0.0,0.0,0.0,0.0,0.0,0.021739,0.0,0.0,0.0,0.0,0.0,0.0,0.0,0.0,0.0,0.0,0.0,0.0,0.0,0.0,0.0,0.0,0.0,0.0,0.0,0.0,0.0,0.0,0.0,0.0,0.0,0.0,0.0,0.0,0.0,0.0,0.0,0.0,0.0,0.0,0.0,0.0,0.0,0.0,0.0,0.0,0.0,0.0,0.000355,0.0,0.0,0.0,0.0,0.0,0.0,0.0,0.0,0.0,0.0,0.0,0.0,0.0,0.0,0.0,0.0,0.0,0.0,0.0,0.0,0.0,0.0,0.0,0.0,0.0,0.0,0.0,0.0,0.0,0.0,0.0,0.0,0.0,0.0,0.0,0.0,0.0,0.0,0.0,0.0,0.0,0.0,0.0,0.0,0.0,0.0,0.0,0.0,0.0,0.0,0.0,0.0,0.0,0.0,0.0,0.0,0.0,0.0,0.0,0.0,0.0,0.0,0.0,0.0,0.0,0.0,0.0,0.0,0.0,0.0,0.0,0.0,0.0,0.0,0.0,0.0,0.0,0.0,0.0,0.0,0.0,0.0,0.0,0.0,0.0,0.0,0.0,0.0,0.0,0.0,0.0
2731,0.0,0.0,0.0,0.0,0.0,0.0,0.0,0.0,0.0,0.0,0.0,0.0,0.0,0.0,0.0,0.0,0.0,0.0,0.0,0.0,0.0,0.0,0.0,0.0,0.0,0.0,0.0,0.0,0.0,0.0,0.0,0.0,0.0,0.0,0.0,0.0,0.0,0.0,0.0,0.0,0.0,0.0,0.0,0.0,0.0,0.0,0.0,0.0,0.0,0.0,0.0,0.0,0.0,0.0,0.0,0.0,0.0,0.0,0.0,0.0,0.0,0.0,0.0,0.0,0.0,0.0,0.0,0.0,0.0,0.0,0.0,0.0,0.0,0.0,0.0,0.0,0.0,0.0,0.0,0.0,0.0,0.0,0.0,0.0,0.0,0.0,0.0,0.0,0.0,0.0,0.0,0.0,0.0,0.0,0.0,0.0,0.0,0.0,0.0,0.0,0.0,0.0,0.0,0.0,0.0,0.0,0.0,0.0,0.0,0.0,0.0,0.0,0.0,0.0,0.0,0.0,0.012048,0.0,0.0,0.0,0.0,0.0,0.0,0.0,0.0,0.0,0.0,0.0,0.0,0.0,0.0,0.0,0.0,0.0,0.0,0.0,0.0,0.0,1.0,0.0,0.0,0.0,0.0,0.0,0.0,0.0,0.0,0.0,0.0,0.0,0.0,0.0,0.0,0.0,0.0,0.0,0.0,0.0,0.0,0.0,0.0,0.0,0.0,0.0,0.0,0.0,0.0,0.0,0.0,0.0,0.0,0.0,0.0,0.0,0.0,0.0,0.0,0.0,0.0,0.0,0.0,0.0,0.0,0.0,0.0,0.0,0.0,0.0,0.0,0.0,0.0,0.0,0.0,0.0,0.0,0.0,0.0,0.0,0.0,0.0,0.0,0.0,0.0,0.001182,0.0,0.0,0.0,0.0,0.0,0.0,0.000296,0.0,0.0,0.0,0.0,0.0,0.0,0.0,0.0,0.0,0.000413,0.0,0.0,0.0,0.000489,0.0,0.0,0.0,0.0,0.0,0.0,0.0,0.0,0.0,0.0,0.0,0.0,0.0,0.0,0.0,0.003891,0.0,0.0,0.0,0.0,0.0,0.0,0.0,0.0,0.0,0.0,0.0,0.0,0.0,0.0,0.0,0.0,0.0,0.0,0.0,0.0,0.0,0.0,0.0,0.0,0.0,0.0,0.0,0.0,0.0,0.0,0.0,0.0,0.0,0.0,0.0,0.0,0.0,0.0,0.0,0.0,0.0,0.0,0.0,0.0,0.0,0.0,0.0,0.0,0.0,0.0,0.0,0.0,0.0,0.0,0.0,0.0,0.0,0.0,0.0,0.0,0.0,0.0,0.0,0.0,0.0,0.0,0.0,0.0,0.0,0.0,0.0,0.0,0.0,0.0,0.0,0.0,0.0,0.0,0.0,0.0,0.0,0.0,0.0,0.000711,0.0,0.0,0.0,0.0,0.0,0.0,0.0,0.0,0.0,0.0,0.0,0.0,0.0,0.0,0.0,0.0,0.0,0.0,0.0,0.0,0.0,0.0,0.0,0.0,0.0,0.0,0.0,0.0,0.0,0.0,0.0,0.0,0.0,0.0,0.0,0.0,0.0,0.0,0.0,0.0,0.0,0.0,0.0,0.0,0.0,0.0,0.0,0.0,0.0,0.0,0.0,0.0,0.0,0.0,0.0,0.0,0.0,0.0,0.0,0.0,0.0,0.0,0.0,0.0,0.0,0.0,0.0,0.0,0.0,0.0,0.0,0.0,0.0,0.0,0.0,0.0,0.0,0.0,0.0,0.0,0.0,0.0,0.0,0.0,0.0,0.0,0.0,0.0,0.0,0.0,0.0
2732,0.0,0.0,0.0,0.0,0.0,0.0,0.0,0.0,0.0,0.0,0.0,0.0,0.0,0.0,0.0,0.0,0.0,0.0,0.0,0.0,0.0,0.0,0.0,0.0,0.0,0.0,0.0,0.0,0.0,0.0,0.0,0.0,0.0,0.0,0.0,0.0,0.0,0.0,0.0,0.0,0.0,0.0,0.0,0.0,0.0,0.0,0.0,0.0,0.0,0.0,0.0,0.0,0.0,0.0,0.0,0.0,0.0,0.0,0.0,0.0,0.0,0.0,0.0,0.0,0.0,0.0,0.0,0.0,0.0,0.0,0.0,0.0,0.0,0.0,0.0,0.0,0.0,0.0,0.0,0.0,0.0,0.0,0.0,0.0,0.0,0.0,0.0,0.0,0.0,0.0,0.0,0.0,0.0,0.0,0.0,0.0,0.0,0.0,0.0,0.0,0.0,0.0,0.0,0.0,0.0,0.0,0.0,0.0,0.0,0.0,0.0,0.0,0.0,0.0,0.0,0.0,0.0,0.0,0.0,0.0,0.0,0.0,0.0,0.0,0.0,0.0,0.0,0.0,0.0,0.055556,0.0,0.0,0.0,0.0,0.0,0.0,0.009709,0.0,0.0,1.0,0.0,0.018868,0.0,0.034483,0.0,0.0,0.0,0.0,0.0,0.0,0.0,0.0,0.0,0.0,0.0,0.0,0.0,0.0,0.0,0.0,0.0,0.0,0.0,0.0,0.0,0.0,0.0,0.0,0.0,0.0,0.0,0.0,0.0,0.0,0.0,0.0,0.0,0.0,0.0,0.0,0.0,0.0,0.0,0.0,0.0,0.0,0.0,0.0,0.0,0.0,0.0,0.0,0.0,0.0,0.0,0.0,0.0,0.0,0.0,0.001946,0.0,0.0,0.0,0.0,0.0,0.0,0.0,0.001721,0.0,0.0,0.0,0.0,0.0,0.0,0.0,0.0,0.0,0.0,0.0,0.0,0.0,0.0,0.0,0.000254,0.0,0.0,0.0,0.0,0.0,0.0,0.0,0.0,0.0,0.0,0.0,0.0,0.0,0.000357,0.0,0.0,0.0,0.0,0.0,0.0,0.0,0.0,0.0,0.0,0.0,0.0,0.0,0.0,0.0,0.0,0.0,0.0,0.0,0.0,0.0,0.0,0.0,0.0,0.0,0.0,0.0,0.0,0.0,0.0,0.0,0.0,0.0,0.0,0.0,0.0,0.0,0.0,0.0,0.0,0.0,0.0,0.0,0.0,0.0,0.0,0.0,0.0,0.0,0.0,0.0,0.0,0.0,0.0,0.0,0.0,0.0,0.0,0.0,0.0,0.0,0.0,0.0,0.0,0.0,0.0,0.0,0.0,0.0,0.0,0.0,0.0,0.0,0.0,0.0,0.0,0.0,0.0,0.0,0.0,0.0,0.0,0.0,0.0,0.0,0.000446,0.000355,0.0,0.0,0.0,0.0,0.0,0.0,0.0,0.0,0.0,0.0,0.0,0.0,0.0,0.0,0.0,0.0,0.0,0.0,0.0,0.0,0.0,0.0,0.0,0.0,0.0,0.0,0.0,0.0,0.0,0.0,0.0,0.0,0.0,0.0,0.0,0.0,0.0,0.0,0.0,0.0,0.0,0.0,0.0,0.0,0.0,0.0,0.0,0.0,0.0,0.0,0.0,0.0,0.0,0.0,0.0,0.0,0.0,0.0,0.0,0.0,0.0,0.0,0.0,0.0,0.0,0.0,0.0,0.0,0.0,0.0,0.0,0.0,0.0,0.0,0.0,0.0,0.0,0.0,0.0,0.0,0.0,0.0,0.0,0.0,0.0,0.0,0.0,0.0,0.0,0.0,0.0
2733,0.0,0.0,0.0,0.0,0.0,0.0,0.0,0.0,0.0,0.0,0.0,0.0,0.0,0.0,0.0,0.0,0.0,0.0,0.0,0.0,0.0,0.0,0.0,0.0,0.0,0.0,0.0,0.0,0.0,0.0,0.0,0.0,0.0,0.0,0.0,0.0,0.0,0.0,0.0,0.0,0.0,0.0,0.0,0.0,0.0,0.0,0.0,0.0,0.0,0.0,0.0,0.0,0.0,0.0,0.0,0.0,0.0,0.0,0.0,0.0,0.0,0.0,0.0,0.0,0.0,0.0,0.0,0.0,0.0,0.0,0.0,0.0,0.0,0.0,0.0,0.0,0.0,0.0,0.0,0.0,0.0,0.0,0.0,0.0,0.0,0.0,0.0,0.0,0.0,0.0,0.0,0.0,0.0,0.0,0.0,0.0,0.0,0.0,0.0,0.0,0.0,0.0,0.0,0.0,0.0,0.0,0.0,0.0,0.0,0.0,0.0,0.0,0.0,0.0,0.0,0.0,0.0,0.0,0.0,0.0,0.0,0.0,0.0,0.0,0.0,0.0,0.0,0.0,0.0,0.0,0.0,0.0,0.0,0.0,0.0,0.0,0.0,0.0,0.0,0.0,1.0,0.0,0.0,0.0,0.0,0.0,0.0,0.0,0.0,0.0,0.0,0.0,0.0,0.0,0.0,0.0,0.0,0.0,0.0,0.0,0.0,0.0,0.0,0.0,0.0,0.0,0.0,0.0,0.0,0.0,0.0,0.0,0.0,0.0,0.0,0.0,0.0,0.0,0.0,0.0,0.0,0.0,0.0,0.0,0.0,0.0,0.0,0.0,0.0,0.0,0.0,0.0,0.0,0.0,0.0,0.0,0.0,0.0,0.0,0.0,0.0,0.0,0.0,0.0,0.0,0.0,0.0,0.0,0.0,0.0,0.0,0.0,0.0,0.0,0.0,0.0,0.0,0.0,0.0,0.0,0.000413,0.0,0.0,0.0,0.0,0.0,0.0,0.0,0.0,0.0,0.0,0.0,0.0,0.0,0.0,0.000234,0.0,0.000357,0.0,0.0,0.0,0.0,0.0,0.0,0.0,0.0,0.0,0.0,0.0,0.0,0.0,0.0,0.0,0.0,0.0,0.0,0.0,0.0,0.0,0.0,0.0,0.0,0.0,0.0,0.0,0.0,0.0,0.0,0.0,0.0,0.0,0.0,0.0,0.0,0.0,0.0,0.0,0.0,0.0,0.02,0.0,0.0,0.0,0.0,0.0,0.0,0.0,0.0,0.0,0.0,0.0,0.0,0.0,0.0,0.0,0.0,0.0,0.0,0.0,0.0,0.0,0.0,0.0,0.0,0.0,0.0,0.0,0.0,0.0,0.0,0.0,0.0,0.0,0.0,0.0,0.0,0.0,0.0,0.0,7.8e-05,0.0,0.0,0.0,0.0,0.000355,0.0,0.0,0.0,0.0,0.0,0.0,0.0,0.0,0.0,0.0,0.0,0.0,0.0,0.0,0.0,0.0,0.0,0.0,0.0,0.0,0.0,0.0,0.0,0.0,0.0,0.0,0.0,0.0,0.0,0.0,0.0,0.0,0.0,0.0,0.0,0.0,0.0,0.0,0.0,0.0,0.0,0.0,0.0,0.0,0.0,0.0,0.0,0.0,0.0,0.0,0.0,0.0,0.0,0.0,0.0,0.0,0.0,0.0,0.0,0.0,0.0,0.0,0.0,0.0,0.0,0.0,0.0,0.0,0.0,0.0,0.0,0.0,0.0,0.0,0.0,0.0,0.0,0.0,0.0,0.0,0.0,0.0,0.0,0.0,0.0,0.0,0.0,0.0,0.0,0.0,0.0
2740,0.0,0.001043,0.0,0.0,0.0,0.0,0.0,0.0,0.0,0.0,0.0,0.0,0.0,0.0,0.0,0.0,0.0,0.0,0.0,0.0,0.0,0.0,0.0,0.0,0.0,0.0,0.0,0.0,0.0,0.0,0.0,0.0,0.0,0.0,0.0,0.0,0.0,0.0,0.0,0.0,0.0,0.0,0.0,0.0,0.0,0.0,0.0,0.0,0.0,0.0,0.0,0.0,0.0,0.0,0.0,0.0,0.0,0.0,0.00065,0.0,0.0,0.0,0.0,0.0,0.0,0.0,0.0,0.0,0.0,0.0,0.0,0.017241,0.0,0.0,0.0,0.0,0.0,0.0,0.0,0.0,0.0,0.0,0.0,0.0,0.0,0.0,0.0,0.0,0.0,0.0,0.0,0.0,0.0,0.0,0.0,0.0,0.0,0.0,0.0,0.0,0.0,0.0,0.0,0.0,0.0,0.0,0.0,0.0,0.0,0.0,0.0,0.0,0.0,0.0,0.0,0.0,0.0,0.0,0.0,0.0,0.003058,0.0,0.0,0.0,0.0,0.0,0.0,0.0,0.0,0.018868,0.0,0.0,0.0,0.0,0.0,0.0,0.009709,0.0,0.0,0.018868,0.0,1.0,0.0,0.0,0.0,0.0,0.0,0.0,0.0,0.0,0.0,0.018868,0.0,0.0,0.0,0.0,0.0,0.0,0.0,0.0,0.0,0.0,0.0,0.0,0.0,0.0,0.0,0.0,0.0,0.0,0.0,0.0,0.0,0.0,0.0,0.0,0.0,0.0,0.00303,0.0,0.0,0.011494,0.0,0.0,0.0,0.0,0.0,0.0,0.0,0.0,0.0,0.0,0.0,0.0,0.0,0.0,0.0,0.000498,0.0,0.001946,0.0,0.0,0.0,0.0,0.003436,0.0,0.0,0.001721,0.003101,0.000794,0.001185,0.000982,0.001,0.0,0.0,0.0,0.000392,0.0,0.0,0.0,0.002889,0.0,0.0,0.000763,0.0,0.000566,0.000104,0.000365,0.0,0.0,0.0,0.0,0.001472,0.0,0.0,0.000936,0.0,0.002141,0.000456,0.0,0.0,0.0,0.000342,0.0,0.0,0.0,0.0,0.0,0.0,0.0,0.0,0.0,0.0,0.0,0.000287,4.9e-05,0.0,0.0,0.0,0.0,0.0,0.0,0.0,0.001508,0.0,0.0,0.0,0.0,0.0,0.0,0.0,0.0,0.0,0.0,8.1e-05,0.0,0.0,0.0,0.0,0.0,0.0,0.0,0.0,0.0,0.0,0.0,0.0,0.0,0.0,0.0,0.0,0.0,0.0,0.0,0.0,0.0,0.0,0.0,0.0,0.0,0.0,0.0,0.0,0.0,0.0,0.0,0.0,0.0,0.0,0.0,0.0,0.0,0.0,0.0,0.0,0.0,0.0,0.0,0.0,7.8e-05,0.0,0.0,0.0,0.000446,0.001066,0.0,0.0,0.0,0.0,0.0,0.003012,0.0,0.000311,0.0,0.0,0.0,0.0,0.002353,0.0,0.0,0.0,0.0,0.0,0.0,0.0,0.0,0.006579,0.0,0.0,0.0,0.0,0.002088,0.0,0.0,0.0,0.0,0.0,0.0,0.0,0.0,0.0,0.0,0.0,0.0,0.0,0.0,0.0,0.0,0.0,0.0,0.0,0.0,0.0,0.000941,0.0,0.0,0.000325,0.0,0.0,0.0,0.0,0.0,0.0,0.0,0.0,0.0,0.0,0.0,0.002967,0.0,0.0,0.003257,0.0,0.001497,0.0,0.0,0.0,0.0,0.0,0.0,0.00129,0.0,0.0,0.0,0.0,0.0,0.0,0.0,0.000428,0.0,0.000265,0.0,0.0,0.0,0.0,0.0
2750,0.0,0.0,0.0,0.0,0.0,0.0,0.0,0.0,0.0,0.0,0.0,0.0,0.0,0.0,0.0,0.0,0.0,0.0,0.0,0.0,0.0,0.0,0.0,0.0,0.0,0.0,0.0,0.0,0.0,0.0,0.0,0.0,0.0,0.0,0.0,0.0,0.0,0.0,0.0,0.0,0.0,0.0,0.0,0.0,0.0,0.0,0.0,0.0,0.0,0.0,0.0,0.0,0.0,0.0,0.0,0.0,0.0,0.0,0.0,0.0,0.0,0.0,0.0,0.0,0.0,0.0,0.0,0.0,0.0,0.0,0.0,0.0,0.0,0.0,0.0,0.0,0.0,0.0,0.0,0.0,0.0,0.0,0.0,0.0,0.0,0.0,0.002604,0.0,0.0,0.0,0.0,0.0,0.0,0.0,0.0,0.0,0.0,0.0,0.0,0.0,0.0,0.0,0.0,0.0,0.0,0.0,0.0,0.0,0.0,0.0,0.0,0.0,0.0,0.0,0.0,0.0,0.0,0.0,0.0,0.0,0.001529,0.0,0.0,0.0,0.0,0.0,0.0,0.0,0.0,0.0,0.0,0.0,0.0,0.0,0.0,0.0,0.0,0.0,0.0,0.0,0.0,0.0,1.0,0.0,0.0,0.0,0.0,0.0,0.0,0.0,0.0,0.0,0.00565,0.0,0.0,0.0,0.0,0.0,0.0,0.0,0.0,0.0,0.0,0.0,0.0,0.0,0.0,0.0,0.0,0.0,0.0,0.001996,0.0,0.0,0.0,0.0,0.0,0.0,0.0,0.0,0.0,0.0,0.004545,0.0,0.0,0.0,0.0,0.0,0.0,0.0,0.0,0.0,0.0,0.0,0.0,0.0,0.0,0.0,0.0,0.0,0.0,0.0,0.0,0.001182,0.0,0.0,0.0,0.0,0.0,0.0,0.0,0.0,0.0,0.0,0.0,0.0,0.000784,0.0,0.0,0.0,0.0,0.0,0.0,0.000254,0.0,0.000189,0.0,0.000731,0.0,0.0,0.0,0.0,0.000368,0.0,0.0,0.0,0.0,0.002141,0.000456,0.0,0.0,0.0,0.0,0.0,0.000241,0.0,0.0,0.0,0.0,0.0,0.0,0.0,0.0,0.0,0.000144,0.0,0.0,0.0,0.0,0.0,0.0,0.0,0.0,0.003017,0.0,0.0,0.0,0.0,0.0,0.0,0.0,0.0,0.0,0.0,8.1e-05,0.0,0.0,0.0,0.0,0.0,0.0,0.0,0.0,0.0,0.0,0.0,0.0,0.0,0.0,0.0,0.0,0.0,0.0,0.0,0.0,0.0,0.0,0.0,0.0,0.0,0.0,0.0,0.0,0.0,0.0,0.0,0.0,0.0,0.0,0.0,0.0,0.0,0.0,0.0,0.0,0.0,0.0,0.0,0.0,7.8e-05,0.0,0.0,0.0,0.000446,0.0,0.0,0.0,0.0,0.0,0.0,0.0,0.0,0.0,0.0,0.0,0.0,0.0,0.0,0.0,0.0,0.0,0.0,0.0,0.0,0.0,0.0,0.0,0.0,0.0,0.0,0.0,0.0,0.0,0.002037,0.0,0.0,0.0,0.0,0.0,0.0,0.0,0.0,0.0,0.0,0.0,0.0,0.0,0.0,0.0,0.0,0.0,0.0,0.0,0.0,0.0,0.0,0.0,0.0,0.0,0.0,0.0,0.0,0.0,0.0,0.0,0.0,0.0,0.0,0.0,0.0,0.0,0.0,0.0,0.0,0.0,0.0,0.0,0.0,0.0,0.0,0.0,0.0,0.010526,0.002882,0.0,0.0,0.0,0.0,0.0,0.0,0.0,0.0,0.0,0.0,0.0,0.0
2790,0.0,0.0,0.0,0.0,0.0,0.0,0.0,0.0,0.0,0.0,0.0,0.0,0.0,0.0,0.0,0.0,0.0,0.0,0.0,0.0,0.0,0.0,0.0,0.0,0.0,0.0,0.0,0.0,0.0,0.0,0.0,0.0,0.0,0.0,0.0,0.0,0.0,0.0,0.0,0.0,0.0,0.0,0.0,0.0,0.0,0.004149,0.0,0.0,0.0,0.0,0.0,0.0,0.0,0.0,0.0,0.0,0.0,0.0,0.00065,0.0,0.0,0.0,0.0,0.0,0.0,0.0,0.0,0.0,0.0,0.0,0.0,0.0,0.0,0.0,0.0,0.0,0.0,0.0,0.0,0.0,0.0,0.0,0.0,0.0,0.0,0.0,0.0,0.0,0.0,0.0,0.0,0.0,0.0,0.0,0.0,0.0,0.0,0.0,0.0,0.0,0.0,0.0,0.0,0.0,0.0,0.0,0.0,0.0,0.0,0.0,0.0,0.0,0.0,0.0,0.0,0.0,0.0,0.0,0.0,0.0,0.0,0.026316,0.0,0.0,0.0,0.0,0.021505,0.010989,0.0,0.0,0.0,0.0,0.0,0.0,0.0,0.0,0.009709,0.0,0.0,0.034483,0.0,0.0,0.0,1.0,0.0,0.0,0.103448,0.0,0.034483,0.034483,0.0,0.0,0.0,0.0,0.034483,0.0,0.0,0.034483,0.0,0.034483,0.0,0.0,0.0,0.027027,0.0,0.0,0.0,0.0,0.0,0.0,0.034483,0.000998,0.0,0.0,0.0,0.0,0.0,0.0,0.00303,0.009615,0.001664,0.0,0.0,0.0,0.0,0.0,0.0,0.0,0.0,0.0,0.0,0.0,0.0,0.0,0.0,0.0,0.0,0.001494,0.0,0.0,0.008065,0.0,0.0,0.001182,0.003436,0.0,0.001701,0.003442,0.0,0.000529,0.0,0.0,0.0,0.0,0.0,0.0,0.000196,0.0,0.001919,0.0,0.000413,0.0,0.0,0.000763,0.0,0.000189,0.0,0.0,0.000158,0.0,0.0,0.0,0.000368,0.0,0.0,0.000234,0.0,0.0,0.000456,0.0,0.0,0.0,0.0,0.000437,0.000241,0.013158,0.0,0.0,0.0,0.0,0.000269,0.0,0.0,0.0,0.000144,0.000198,0.0,0.0,0.0,0.0,0.0,0.0,0.0,0.0,0.0,0.0,0.0,0.0,0.0,0.0,0.0,0.0,0.0,0.0,8.1e-05,0.0,0.0,0.0,0.0,0.0,0.0,0.0,0.0,0.0,0.0,0.0,0.0,0.0,0.0,0.0,0.0,0.0,0.0,0.003115,0.0,0.0,0.0,0.0,0.0,0.0,0.0,0.0,0.0,0.0,0.0,0.0,0.0,0.0,0.0,0.0,0.0,0.0,0.0,0.0,0.0,0.0,0.0,0.0,0.000964,7.8e-05,0.0,0.0,0.0,0.0,0.000355,0.011364,0.0,0.0,0.000702,0.0,0.0,0.0,0.000155,0.0,0.0,0.0,0.0,0.0,0.0,0.0,0.0,0.0,0.0,0.0,0.0,0.0,0.0,0.0,0.0,0.0,0.0,0.0,0.0,0.0,0.0,0.0,0.0,0.0,0.0,0.0,0.0,0.0,0.0,0.0,0.0,0.0,0.0,0.0,0.0,0.0,0.0,0.0,0.0,0.0,0.0,0.0,0.0,0.0,0.0,0.0,0.0,0.0,0.0,0.0,0.0,0.0,0.0,0.0,0.0,0.0,0.0,0.0,0.0,0.0,0.0,0.0,0.0,0.0,0.0,0.0,0.0,0.0,0.0,0.0,0.0,0.0,0.0,0.001767,0.0,0.0,8.8e-05,0.0,0.0,0.0,0.0,0.0
2811,0.0,0.0,0.0,0.0,0.0,0.0,0.0,0.0,0.0,0.0,0.0,0.0,0.0,0.0,0.0,0.0,0.0,0.0,0.0,0.0,0.0,0.0,0.0,0.0,0.001845,0.0,0.0,0.0,0.0,0.0,0.0,0.0,0.0,0.0,0.0,0.0,0.000792,0.0,0.0,0.0,0.0,0.0,0.0,0.0,0.0,0.0,0.0,0.0,0.0,0.0,0.0,0.0,0.0,0.0,0.0,0.0,0.0,0.0,0.0,0.0,0.0,0.0,0.0,0.0,0.0,0.0,0.0,0.0,0.0,0.0,0.0,0.0,0.0,0.0,0.0,0.0,0.0,0.0,0.0,0.0,0.0,0.0,0.0,0.0,0.0,0.0,0.0,0.0,0.0,0.0,0.0,0.0,0.0,0.0,0.0,0.0,0.0,0.0,0.0,0.0,0.0,0.0,0.0,0.0,0.0,0.0,0.0,0.005848,0.0,0.0,0.0,0.0,0.0,0.0,0.0,0.0,0.012048,0.0,0.0,0.0,0.0,0.026316,0.0,0.0,0.0,0.002604,0.0,0.0,0.0,0.0,0.0,0.0,0.0,0.0,0.0,0.0,0.0,0.0,0.0,0.0,0.0,0.0,0.0,0.0,1.0,0.0,0.03125,0.0,0.0,0.03125,0.0,0.0,0.00565,0.0,0.0,0.0,0.03125,0.0,0.0,0.03125,0.0,0.0,0.035088,0.027027,0.0,0.0,0.0,0.0,0.0,0.0,0.0,0.000998,0.0,0.0,0.0,0.0,0.0,0.0,0.0,0.0,0.001664,0.0,0.004545,0.0,0.0,0.0,0.0,0.0,0.0,0.0,0.0,0.0,0.0,0.0,0.0,0.0,0.0,0.000996,0.0,0.0,0.0,0.0,0.0,0.001182,0.0,0.0,0.001701,0.001721,0.00155,0.000265,0.001185,0.000982,0.0,0.0,0.0,0.0,0.000196,0.0,0.0,0.0,0.001238,0.0,0.0,0.000254,0.000489,0.0,0.0,0.0,0.000158,0.0,0.0,0.00141,0.0,0.0,0.0,0.000234,0.0,0.0,0.0,0.0,0.003891,0.0,0.0,0.000218,0.0,0.0,0.0,0.0,0.0,0.002941,0.0,0.0,0.0,0.000183,0.000216,0.000247,0.0,0.0,0.0,0.0,0.0,0.0,0.0,0.0,0.0,0.0,0.0,0.0,0.001889,0.0,0.0,0.0,0.0,0.0,0.0,0.0,0.0,0.0,0.0,0.0,0.0,0.0,0.0,0.0,0.0,0.0,0.0,0.0,0.0,0.0,0.0,0.0,0.0,0.0,0.0,0.0,0.0,0.0,0.0,0.0,0.0,0.0,0.0,0.0,0.0,0.0,0.0,0.0,0.0,0.0,0.0,0.0,0.0,0.0,0.0,0.0,0.0,0.0,0.000964,7.8e-05,0.0,0.0,0.0,0.0,0.000355,0.0,0.0,0.0,0.0,0.0,0.0,0.0,0.000155,0.0,0.0,0.0,0.0,0.0,0.000372,0.0,0.0,0.0,0.0,0.0,0.0,0.0,0.0,0.0,0.0,0.0,0.002451,0.0,0.0,0.0,0.0,0.0,0.0,0.0,0.0,0.0,0.0,0.004587,0.0,0.0,0.0,0.0,0.0,0.0,0.0,0.0,0.0,0.0,0.0,0.0,0.0,0.0,0.0,0.0,0.0,0.0,0.0,0.0,0.0,0.0,0.0,0.0,0.0,0.0,0.0,0.0,0.0,0.0,0.0,0.001497,0.0,0.0,0.0,0.0,0.0,0.0,0.0,0.0,0.0,0.0,0.0,0.0,0.0,0.0,0.0,0.0,0.000177,0.0,0.0,0.0,0.0,0.0
2812,0.0,0.001043,0.0,0.0,0.0,0.0,0.0,0.0,0.0,0.0,0.0,0.0,0.0,0.0,0.000623,0.0,0.0,0.0,0.0,0.0,0.0,0.0,0.0,0.0,0.0,0.0,0.0,0.0,0.0,0.0,0.0,0.0,0.0,0.0,0.0,0.0,0.0,0.0,0.0,0.0,0.0,0.0,0.0,0.0,0.0,0.0,0.0,0.0,0.0,0.0,0.0,0.0,0.0,0.0,0.0,0.0,0.0,0.0,0.0,0.0,0.0,0.0,0.0,0.0,0.0,0.0,0.0,0.0,0.0,0.0,0.045455,0.0,0.0,0.0,0.0,0.0,0.0,0.0,0.0,0.0,0.0,0.0,0.0,0.0,0.0,0.0,0.0,0.0,0.0,0.0,0.0,0.0,0.0,0.0,0.0,0.0,0.0,0.0,0.0,0.0,0.0,0.0,0.0,0.0,0.0,0.0,0.030303,0.0,0.0,0.0,0.0,0.0,0.0,0.0,0.025641,0.027027,0.0,0.0,0.0,0.0,0.0,0.0,0.0,0.0,0.0,0.002604,0.0,0.0,0.045455,0.0,0.0,0.0,0.0,0.0,0.0,0.0,0.0,0.0,0.0,0.0,0.0,0.0,0.0,0.0,0.0,1.0,0.045455,0.0,0.045455,0.045455,0.0,0.0,0.00565,0.0,0.0,0.0,0.0,0.0,0.0,0.0,0.0,0.0,0.0,0.0,0.0,0.0,0.0,0.0,0.0,0.0,0.0,0.0,0.0,0.0,0.0,0.0,0.0,0.0,0.0,0.0,0.0,0.0,0.0,0.0,0.0,0.0,0.0,0.0,0.0,0.0,0.0,0.0,0.0,0.0,0.0,0.0,0.0,0.000996,0.0,0.001946,0.008065,0.0,0.0,0.0,0.0,0.0,0.001701,0.0,0.0,0.0,0.000593,0.0,0.0,0.0,0.000148,0.0,0.0,0.0,0.0,0.0,0.001238,0.0,0.0,0.000254,0.000489,0.000189,0.0,0.0,0.0,0.0,0.0,0.0,0.0,0.0,0.0,0.000234,0.0,0.0,0.0,0.0,0.0,0.0,0.0,0.0,0.0,0.0,0.0,0.0,0.0,0.0,0.0,0.0,0.0,0.0,0.0,9.9e-05,0.0,0.0,0.0,0.0,0.0,0.0,0.0,0.0,0.0,0.0,0.0,0.005025,0.0,0.0,0.0,0.0,0.0,0.0,0.0,0.0,0.0,0.0,0.0,0.0,0.0,0.021739,0.0,0.0,0.0,0.0,0.0,0.0,0.0,0.0,0.0,0.0,0.0,0.0,0.005102,0.0,0.0,0.0,0.0,0.0,0.0,0.0,0.0,0.0,0.0,0.0,0.0,0.0,0.0,0.0,0.0,0.0,0.0,0.0,0.0,0.0,0.0,0.0,0.000964,0.0,0.0,0.0,0.0,0.000446,0.000355,0.0,0.0,0.0,0.0,0.0,0.0,0.0,0.000155,0.0,0.0,0.0,0.0,0.0,0.0,0.0,0.0,0.0,0.0,0.0,0.0,0.0,0.0,0.0,0.0,0.0,0.0,0.0,0.0,0.0,0.0,0.0,0.0,0.0,0.0,0.0,0.0,0.0,0.0,0.0,0.0,0.0,0.0,0.0,0.0,0.0,0.0,0.0,0.0,0.0,0.0,0.0,0.000325,0.0,0.0,0.0,0.0,0.0,0.0,0.0,0.0,0.0,0.0,0.0,0.0,0.0,0.0,0.0,0.0,0.0,0.0,0.0,0.0,0.0,0.0,0.0,0.0,0.0,0.0,0.0,0.0,0.0,0.0,0.0,0.000428,0.004525,0.0,0.0,0.0,0.0,0.0,0.0
2813,0.0,0.0,0.0,0.0,0.0,0.0,0.0,0.0,0.0,0.0,0.0,0.0,0.0,0.0,0.0,0.0,0.0,0.0,0.0,0.0,0.0,0.0,0.0,0.0,0.0,0.0,0.0,0.0,0.0,0.0,0.0,0.0,0.0,0.0,0.0,0.0,0.0,0.0,0.0,0.0,0.0,0.0,0.0,0.0,0.0,0.004149,0.0,0.0,0.0,0.0,0.0,0.0,0.0,0.0,0.0,0.0,0.0,0.0,0.0,0.0,0.0,0.0,0.0,0.0,0.0,0.0,0.0,0.0,0.0,0.0,0.0,0.0,0.0,0.0,0.0,0.0,0.0,0.0,0.0,0.0,0.0,0.0,0.0,0.0,0.0,0.0,0.0,0.0,0.0,0.0,0.0,0.0,0.0,0.0,0.0,0.0,0.011111,0.0,0.0,0.0,0.0,0.0,0.0,0.0,0.0,0.0,0.0,0.005848,0.0,0.0,0.0,0.0,0.0,0.0,0.0,0.0,0.012048,0.0,0.025641,0.0,0.0,0.052632,0.0,0.0,0.0,0.0,0.010753,0.010989,0.0,0.0,0.0,0.0,0.0,0.0,0.0,0.0,0.0,0.0,0.0,0.0,0.0,0.0,0.0,0.103448,0.03125,0.045455,1.0,0.0,0.047619,0.047619,0.0,0.0,0.011299,0.0,0.095238,0.0,0.038462,0.034483,0.0,0.074074,0.0,0.008547,0.0,0.054054,0.0,0.0,0.0,0.0,0.0,0.0,0.047619,0.001996,0.0,0.0,0.0,0.0,0.0,0.0,0.0,0.0,0.001664,0.0,0.0,0.0,0.0,0.0,0.0,0.0,0.0,0.0,0.0,0.0,0.0,0.0,0.0,0.0,0.0,0.000996,0.0,0.0,0.008065,0.0,0.0,0.0,0.003436,0.0,0.003401,0.003442,0.0,0.000265,0.000296,0.000982,0.0,0.0,0.000148,0.0,0.0,0.0,0.0,0.0,0.000825,0.0,0.0,0.000254,0.0,0.000189,0.0,0.000365,0.0,0.0,0.0,0.00094,0.0,0.0,0.0,0.000702,0.0,0.0,0.0,0.0,0.003891,0.0,0.0,0.0,0.0,0.0,0.0,0.0,0.0,0.002941,0.0,0.0,0.0,0.0,7.2e-05,9.9e-05,0.0,0.0,0.0,0.0,0.0,0.0,0.0,0.0,0.0,0.0,0.0,0.0,0.0,0.0,0.0,0.0,0.0,0.0,0.0,0.0,0.0,0.0,0.0,0.0,0.0,0.0,0.0,0.0,0.0,0.0,0.0,0.0,0.0,0.0,0.0,0.0,0.0,0.0,0.0,0.0,0.0,0.0,0.0,0.0,0.0,0.0,0.0,0.0,0.0,0.0,0.0,0.0,0.0,0.0,0.0,0.0,0.0,0.0,0.0,0.0,0.0,0.0,0.000964,0.0,0.0,0.0,0.0,0.000446,0.000355,0.0,0.0,0.0,0.0,0.0,0.0,0.0,0.0,0.0,0.0,0.0,0.0,0.002353,0.000745,0.0,0.0,0.0,0.0,0.0,0.0,0.0,0.0,0.0,0.0,0.0,0.0,0.0,0.0,0.002037,0.0,0.0,0.0,0.0,0.0,0.0,0.0,0.0,0.0,0.0,0.0,0.0,0.0,0.0,0.0,0.0,0.0,0.0,0.0,0.0,0.0,0.0,0.0,0.0,0.0,0.0,0.0,0.0,0.0,0.0,0.0,0.0,0.0,0.0,0.0,0.0,0.0,0.0,0.0,0.001497,0.0,0.0,0.0,0.0,0.0,0.0,0.0,0.0,0.0,0.0,0.0,0.0,0.0,0.0,0.0,0.0,0.0,0.0,0.0,0.0,0.0,0.0
2814,0.0,0.0,0.0,0.0,0.0,0.0,0.0,0.0,0.0,0.0,0.0,0.0,0.0,0.0,0.0,0.0,0.0,0.0,0.0,0.0,0.0,0.0,0.0,0.0,0.0,0.0,0.0,0.0,0.0,0.0,0.0,0.0,0.0,0.0,0.0,0.0,0.0,0.0,0.0,0.0,0.0,0.0,0.0,0.0,0.0,0.0,0.0,0.0,0.0,0.0,0.0,0.0,0.0,0.0,0.0,0.0,0.0,0.0,0.0,0.0,0.0,0.0,0.0,0.0,0.0,0.0,0.0,0.0,0.0,0.0,0.0,0.0,0.0,0.0,0.0,0.0,0.0,0.0,0.0,0.0,0.0,0.0,0.0,0.0,0.0,0.0,0.0,0.0,0.0,0.0,0.0,0.0,0.0,0.0,0.0,0.0,0.0,0.0,0.0,0.0,0.0,0.0,0.0,0.0,0.0,0.0,0.0,0.0,0.0,0.0,0.0,0.0,0.0,0.0,0.0,0.027027,0.0,0.0,0.025641,0.0,0.0,0.0,0.0,0.0,0.0,0.0,0.0,0.0,0.0,0.0,0.0,0.0,0.0,0.0,0.0,0.0,0.0,0.0,0.0,0.0,0.0,0.0,0.0,0.0,0.0,0.0,0.0,1.0,0.0,0.0,0.0,0.0,0.0,0.0,0.0,0.0,0.0,0.0,0.0,0.0,0.0,0.0,0.0,0.0,0.0,0.0,0.0,0.0,0.0,0.0,0.0,0.0,0.0,0.0,0.0,0.0,0.0,0.0,0.0,0.0,0.0,0.0,0.0,0.0,0.0,0.0,0.0,0.0,0.0,0.0,0.0,0.0,0.0,0.0,0.0,0.0,0.0,0.0,0.002123,0.0,0.0,0.0,0.0,0.0,0.0,0.0,0.0,0.0,0.0,0.0,0.000296,0.0,0.0,0.0,0.0,0.0,0.0,0.0,0.0,0.0,0.0,0.0,0.0,0.0,0.000489,0.0,0.0,0.0,0.0,0.0,0.0,0.0,0.0,0.0,0.0,0.0,0.0,0.0,0.0,0.0,0.0,0.0,0.0,0.0,0.0,0.0,0.0,0.0,0.0,0.0,0.0,0.0,0.0,0.0,0.0,4.9e-05,0.0,0.0,0.0,0.0,0.0,0.0,0.0,0.0,0.0,0.0,0.0,0.0,0.0,0.0,0.0,0.0,0.0,0.0,0.0,0.0,0.0,0.0,0.0,0.0,0.0,0.0,0.0,0.0,0.0,0.0,0.0,0.0,0.0,0.0,0.0,0.0,0.0,0.0,0.0,0.0,0.0,0.0,0.0,0.0,0.0,0.0,0.0,0.0,0.0,0.0,0.0,0.0,0.0,0.0,0.0,0.0,0.0,0.0,0.0,0.0,0.0,0.0,0.0,0.0,0.0,0.0,0.0,0.0,0.000355,0.0,0.0,0.0,0.0,0.0,0.0,0.0,0.0,0.0,0.0,0.0,0.0,0.0,0.0,0.0,0.0,0.0,0.0,0.0,0.0,0.0,0.0,0.0,0.0,0.0,0.0,0.0,0.0,0.0,0.0,0.0,0.0,0.0,0.0,0.0,0.0,0.0,0.0,0.0,0.0,0.0,0.0,0.0,0.0,0.0,0.0,0.0,0.0,0.0,0.0,0.0,0.0,0.0,0.0,0.0,0.0,0.0,0.0,0.0,0.0,0.0,0.0,0.0,0.0,0.0,0.0,0.0,0.0,0.0,0.0,0.0,0.0,0.0,0.0,0.0,0.0,0.0,0.0,0.0,0.0,0.0,0.0,0.0,0.0,0.0,8.8e-05,0.0,0.0,0.0,0.0,0.0
2815,0.0,0.0,0.0,0.0,0.0,0.0,0.0,0.0,0.0,0.0,0.0,0.0,0.0,0.0,0.0,0.0,0.0,0.0,0.0,0.0,0.0,0.0,0.0,0.0,0.0,0.0,0.0,0.0,0.0,0.0,0.0,0.0,0.0,0.0,0.0,0.0,0.0,0.0,0.0,0.0,0.0,0.0,0.0,0.0,0.0,0.0,0.0,0.0,0.0,0.0,0.0,0.0,0.0,0.0,0.0,0.0,0.0,0.0,0.0,0.0,0.0,0.0,0.0,0.0,0.0,0.0,0.0,0.0,0.0,0.0,0.0625,0.0,0.0,0.0,0.0,0.0,0.0,0.0,0.000401,0.0,0.0,0.0,0.0,0.0,0.0,0.0,0.002604,0.0,0.0,0.0,0.0,0.0,0.0,0.0,0.0,0.0,0.0,0.0,0.02,0.0,0.0,0.0,0.0,0.0,0.0,0.0,0.030303,0.0,0.0,0.0,0.0,0.0,0.0,0.0,0.025641,0.027027,0.0,0.0,0.0,0.0,0.0,0.026316,0.0,0.0,0.0,0.0,0.010753,0.010989,0.0625,0.0,0.0,0.0,0.0,0.0,0.0,0.0,0.0,0.0,0.0,0.0,0.0,0.0,0.0,0.034483,0.0,0.045455,0.047619,0.0,1.0,0.0625,0.0,0.0,0.00565,0.025641,0.058824,0.0,0.0,0.034483,0.0,0.037037,0.0,0.0,0.0,0.027027,0.0,0.0,0.0,0.0,0.0,0.0,0.0625,0.000998,0.0,0.0,0.0,0.0,0.0,0.0,0.0,0.0,0.001664,0.0,0.0,0.0,0.0,0.0,0.0,0.0,0.0,0.0,0.0,0.0,0.0,0.0,0.0,0.0,0.0,0.000996,0.002123,0.001946,0.024194,0.0,0.0,0.0,0.003436,0.0,0.003401,0.001721,0.0,0.0,0.0,0.0,0.0,0.0,0.0,0.0,0.000196,0.0,0.0,0.0,0.001651,0.0,0.0,0.0,0.0,0.000189,0.0,0.0,0.0,0.0,0.0,0.0,0.0,0.0,0.0,0.0,0.0,0.000357,0.0,0.0,0.0,0.0,0.0,0.0,0.0,0.0,0.0,0.0,0.0,0.0,0.0,0.0,0.0,0.0,7.2e-05,9.9e-05,0.0,0.0,0.0,0.0,0.0,0.0,0.0,0.0,0.0,0.0,0.0,0.005025,0.0,0.0,0.0,0.0,0.0,0.0,0.0,0.0,0.0,0.0,0.0,0.0,0.0,0.0,0.0,0.0,0.0,0.0,0.0,0.0,0.0,0.003509,0.0,0.0,0.0,0.0,0.0,0.0,0.0,0.0,0.0,0.0,0.0,0.0,0.0,0.0,0.0,0.0,0.0,0.0,0.0,0.0,0.0,0.0,0.0,0.0,0.0,0.0,0.0,0.0,0.001929,0.0,0.0,0.0,0.0,0.000446,0.0,0.0,0.0,0.0,0.0,0.0,0.0,0.0,0.0,0.0,0.0,0.0,0.0,0.0,0.0,0.0,0.0,0.0,0.0,0.0,0.0,0.0,0.0,0.0,0.0,0.0,0.0,0.0,0.0,0.0,0.0,0.0,0.0,0.0,0.0,0.0,0.0,0.0,0.0,0.0,0.0,0.0,0.0,0.0,0.0,0.0,0.0,0.0,0.0,0.0,0.0,0.0,0.0,0.0,0.0,0.0,0.0,0.0,0.0,0.0,0.0,0.0,0.0,0.0,0.0,0.0,0.0,0.0,0.0,0.0,0.0,0.0,0.0,0.0,0.0,0.0,0.0,0.0,0.0,0.0,0.0,0.0,0.0,0.0,0.0,0.0,0.0,0.0,0.0,0.0,0.0,0.0
2816,0.0,0.0,0.0,0.0,0.0,0.0,0.0,0.0,0.0,0.0,0.0,0.0,0.0,0.0,0.0,0.0,0.0,0.0,0.0,0.0,0.0,0.0,0.0,0.0,0.0,0.0,0.0,0.0,0.0,0.0,0.0,0.0,0.0,0.0,0.0,0.0,0.0,0.0,0.0,0.0,0.0,0.0,0.0,0.0,0.0,0.0,0.0,0.0,0.0,0.0,0.0,0.0,0.0,0.0,0.0,0.0,0.0,0.0,0.0,0.0,0.0,0.0,0.0,0.0,0.0,0.0,0.0,0.0,0.0,0.0,0.0,0.0,0.0,0.0,0.0,0.0,0.0,0.0,0.0,0.0,0.0,0.0,0.0,0.0,0.0,0.0,0.0,0.0,0.0,0.0,0.0,0.0,0.0,0.0,0.0,0.0,0.0,0.0,0.0,0.0,0.0,0.0,0.0,0.0,0.0,0.0,0.0,0.0,0.0,0.0,0.0,0.0,0.0,0.0,0.0,0.0,0.0,0.0,0.0,0.0,0.0,0.026316,0.0,0.0,0.0,0.0,0.010753,0.010989,0.0,0.0,0.0,0.0,0.04,0.0,0.0,0.0,0.0,0.0,0.0,0.0,0.0,0.0,0.0,0.034483,0.03125,0.045455,0.047619,0.0,0.0625,1.0,0.0,0.0,0.00565,0.0,0.058824,0.0,0.0,0.034483,0.0,0.037037,0.0,0.008547,0.0,0.027027,0.0,0.0,0.0,0.0,0.0,0.0,0.066667,0.000998,0.0,0.0,0.0,0.0,0.0,0.0,0.0,0.0,0.001664,0.0,0.004545,0.0,0.0,0.0,0.0,0.0,0.010309,0.0,0.0,0.0,0.0,0.0,0.0,0.0,0.0,0.000996,0.0,0.0,0.008065,0.0,0.0,0.0,0.003436,0.029851,0.001701,0.001721,0.0,0.0,0.0,0.0,0.0,0.0,0.0,0.0,0.0,0.0,0.0,0.0,0.000825,0.0,0.0,0.0,0.0,0.0,0.0,0.0,0.0,0.0,0.0,0.0,0.0,0.0,0.0,0.000234,0.0,0.0,0.0,0.0,0.0,0.0,0.0,0.0,0.0,0.0,0.0,0.0,0.0,0.0,0.0,0.0,0.0,0.0,7.2e-05,0.0,0.0,0.0,0.0,0.0,0.0,0.0,0.0,0.0,0.0,0.0,0.0,0.0,0.0,0.0,0.0,0.0,0.0,0.0,0.0,0.0,0.0,0.0,0.0,0.0,0.0,0.0,0.0,0.0,0.0,0.0,0.0,0.0,0.0,0.0,0.0,0.0,0.0,0.0,0.0,0.0,0.0,0.0,0.0,0.0,0.0,0.0,0.0,0.0,0.0,0.0,0.0,0.0,0.0,0.0,0.0,0.0,0.0,0.0,0.0,0.0,0.0,0.0,0.000964,0.0,0.0,0.0,0.0,0.0,0.0,0.011364,0.0,0.0,0.000702,0.0,0.0,0.0,0.0,0.0,0.0,0.0,0.0,0.0,0.0,0.0,0.0,0.0,0.0,0.0,0.0,0.0,0.0,0.0,0.0,0.0,0.0,0.0,0.0,0.0,0.0,0.0,0.0,0.0,0.0,0.0,0.0,0.004587,0.0,0.0,0.0,0.0,0.0,0.0,0.0,0.0,0.0,0.0,0.0,0.0,0.0,0.0,0.0,0.0,0.0,0.0,0.0,0.0,0.0,0.0,0.0,0.0,0.0,0.0,0.0,0.0,0.0,0.0,0.0,0.0,0.0,0.0,0.0,0.0,0.0,0.0,0.0,0.0,0.0,0.0,0.0,0.0,0.0,0.0,0.0,0.0,8.8e-05,0.0,0.0,0.0,0.0,0.0
2817,0.0,0.0,0.0,0.0,0.0,0.0,0.0,0.0,0.0,0.0,0.0,0.0,0.0,0.0,0.0,0.0,0.0,0.0,0.0,0.0,0.0,0.0,0.0,0.0,0.0,0.0,0.0,0.0,0.0,0.0,0.0,0.0,0.0,0.0,0.0,0.0,0.0,0.0,0.0,0.0,0.0,0.0,0.0,0.0,0.0,0.0,0.0,0.0,0.0,0.0,0.0,0.0,0.0,0.0,0.0,0.0,0.0,0.0,0.0,0.0,0.005618,0.0,0.0,0.0,0.0,0.0,0.0,0.0,0.0,0.0,0.0,0.0,0.0,0.0,0.0,0.0,0.0,0.0,0.0,0.0,0.0,0.0,0.0,0.0,0.0,0.0,0.0,0.0,0.0,0.0,0.0,0.0,0.0,0.0,0.0,0.0,0.0,0.0,0.0,0.0,0.0,0.0,0.0,0.0,0.0,0.0,0.0,0.0,0.0,0.0,0.0,0.0,0.0,0.0,0.0,0.0,0.0,0.0,0.0,0.0,0.0,0.0,0.0,0.0,0.0,0.0,0.0,0.0,0.0,0.0,0.0,0.0,0.0,0.0,0.0,0.0,0.0,0.0,0.0,0.0,0.0,0.0,0.0,0.0,0.0,0.0,0.0,0.0,0.0,0.0,1.0,0.0,0.0,0.0,0.0,0.0,0.0,0.0,0.0,0.0,0.0,0.0,0.0,0.0,0.0,0.0,0.0,0.0,0.0,0.0,0.0,0.0,0.0,0.0,0.0,0.0,0.0,0.0,0.0,0.0,0.0,0.0,0.004545,0.0,0.0,0.0,0.0,0.0,0.0,0.0,0.0,0.0,0.0,0.0,0.0,0.0,0.0,0.0,0.0,0.0,0.0,0.0,0.0,0.0,0.0,0.0,0.0,0.0,0.00155,0.0,0.0,0.000982,0.0,0.0,0.000148,0.0,0.000196,0.002016,0.0,0.0,0.0,0.0,0.0,0.0,0.0,0.000378,0.000104,0.000365,0.0,0.000289,0.0,0.0,0.000368,0.0,0.0,0.0,0.0,0.0,0.0,0.0,0.0,0.0,0.0,0.0,0.0,0.0,0.0,0.0,0.0,0.0,0.0,0.0,0.0,0.0,0.0,0.0,0.0,0.0,0.0,0.0,0.0,0.0,0.0,0.0,0.0,0.0,0.0,0.0,0.0,0.0,0.0,0.0,0.0,0.0,8.1e-05,0.0,0.0,0.0,0.0,0.0,0.0,0.0,0.0,0.0,0.0,0.0,0.0,0.0,0.0,0.0,0.0,0.0,0.0,0.0,0.0,0.0,0.0,0.0,0.0,0.0,0.0,0.0,0.0,0.0,0.0,0.0,0.0,0.0,0.0,0.0,0.0,0.0,0.0,0.0,0.0,0.0,0.0,0.0,0.0,0.0,0.0,0.0,0.0,0.0,0.0,0.0,0.0,0.0,0.0,0.0,0.0,0.0,0.000155,0.0,0.0,0.0,0.0,0.0,0.0,0.0,0.0,0.0,0.0,0.0,0.0,0.0,0.0,0.0,0.0,0.0,0.0,0.0,0.0,0.0,0.0,0.0,0.0,0.0,0.0,0.0,0.0,0.0,0.0,0.0,0.0,0.0,0.0,0.0,0.0,0.0,0.0,0.0,0.0,0.0,0.0,0.0,0.0,0.0,0.0,0.0,0.0,0.0,0.0,0.0,0.0,0.038462,0.0,0.0,0.0,0.0,0.0,0.0,0.0,0.0,0.0,0.0,0.0,0.0,0.0,0.0,0.0,0.0,0.0,0.0,0.0,0.0,0.0,0.0,0.0,0.0,0.0,0.0,0.0,0.0,0.0,0.0
2818,0.0,0.0,0.0,0.0,0.0,0.0,0.0,0.0,0.0,0.0,0.0,0.0,0.0,0.0,0.0,0.0,0.0,0.0,0.0,0.0,0.0,0.0,0.0,0.0,0.0,0.0,0.0,0.0,0.0,0.0,0.0,0.0,0.0,0.0,0.0,0.0,0.0,0.0,0.0,0.0,0.0,0.0,0.0,0.0,0.0,0.0,0.0,0.0,0.0,0.0,0.0,0.0,0.0,0.0,0.0,0.0,0.0,0.0,0.0,0.0,0.0,0.0,0.0,0.0,0.0,0.0,0.0,0.0,0.0,0.0,0.0,0.0,0.0,0.0,0.0,0.0,0.0,0.0,0.0,0.0,0.0,0.0,0.0,0.0,0.0,0.0,0.0,0.0,0.0,0.0,0.0,0.0,0.0,0.0,0.0,0.0,0.0,0.0,0.0,0.0,0.0,0.0,0.0,0.0,0.0,0.0,0.0,0.005848,0.0,0.0,0.0,0.0,0.0,0.0,0.0,0.0,0.0,0.025641,0.0,0.0,0.0,0.0,0.0,0.0,0.0,0.002604,0.0,0.0,0.0,0.0,0.0,0.0,0.0,0.0,0.0,0.0,0.0,0.0,0.0,0.0,0.0,0.018868,0.0,0.0,0.0,0.0,0.0,0.0,0.0,0.0,0.0,1.0,0.0,0.0,0.0,0.0,0.0,0.0,0.0,0.0,0.0,0.0,0.0,0.0,0.0,0.0,0.0,0.0,0.0,0.0,0.0,0.0,0.0,0.0,0.0,0.0,0.0,0.0,0.0,0.0,0.0,0.0,0.0,0.0,0.0,0.0,0.0,0.0,0.0,0.0,0.0125,0.0,0.0,0.0,0.0,0.0,0.0,0.0,0.0,0.0,0.0,0.0,0.0,0.0,0.0,0.0,0.0,0.0,0.0,0.000265,0.0,0.0,0.0,0.0,0.0,0.0,0.000196,0.0,0.0,0.0,0.0,0.0,0.0,0.0,0.000489,0.0,0.000104,0.0,0.0,0.0,0.0,0.0,0.0,0.0,0.0,0.0,0.0,0.0,0.0,0.0,0.0,0.0,0.0,0.0,0.000241,0.0,0.0,0.0,0.0,0.0,0.0,0.0,0.0,0.0,0.0,4.9e-05,0.0,0.0,0.0,0.0,0.0,0.0,0.0,0.0,0.001976,0.0,0.0,0.0,0.0,0.0,0.0,0.0,0.0,0.0,0.0,0.0,0.0,0.0,0.0,0.0,0.0,0.0,0.0,0.0,0.0,0.0,0.0,0.0,0.0,0.0,0.0,0.0,0.0,0.0,0.0,0.0,0.0,0.0,0.0,0.0,0.0,0.0,0.0,0.0,0.0,0.0,0.0,0.0,0.0,0.0,0.0,0.0,0.0,0.0,0.0,0.0,0.0,0.0,0.0,0.0,0.0,0.0,0.0,0.0,0.0,0.0,0.0,0.0,0.0,0.0,0.0,0.0,0.0,0.0,0.0,0.0,0.0,0.0,0.0,0.0,0.0,0.0,0.0,0.0,0.0,0.0,0.0,0.0,0.0,0.0,0.0,0.0,0.0,0.0,0.0,0.0,0.0,0.0,0.0,0.0,0.0,0.0,0.0,0.0,0.0,0.0,0.0,0.0,0.0,0.0,0.0,0.0,0.0,0.0,0.0,0.0,0.0,0.0,0.0,0.0,0.0,0.0,0.0,0.0,0.0,0.0,0.0,0.0,0.0,0.0,0.0,0.0,0.0,0.001497,0.0,0.0,0.0,0.0,0.0,0.0,0.0,0.0,0.0,0.0,0.0,0.0,0.0,0.0,0.0,0.0,8.8e-05,0.0,0.0,0.0,0.0,0.0
2819,0.0,0.0,0.0,0.0,0.0,0.0,0.0,0.0,0.0,0.00055,0.0,0.0,0.0,0.0,0.001247,0.0,0.0,0.0,0.000371,0.0,0.00565,0.0,0.0,0.0,0.0,0.0,0.0,0.0,0.0,0.0,0.0,0.0,0.0,0.0,0.0,0.0,0.000792,0.0,0.0,0.0,0.0,0.0,0.0,0.0,0.0,0.0,0.0,0.0,0.0,0.0,0.0,0.0,0.0,0.0,0.0,0.0,0.0,0.0,0.00065,0.0,0.005618,0.0,0.0,0.0,0.0,0.0,0.0,0.0,0.0,0.0,0.00565,0.0,0.0,0.0,0.0,0.0,0.0,0.0,0.000401,0.0,0.0,0.0,0.0,0.0,0.0,0.0,0.0,0.0,0.0,0.0,0.0,0.0,0.0,0.001629,0.0,0.0,0.0,0.0,0.0,0.0,0.0,0.0,0.016949,0.0,0.0,0.0,0.00565,0.011299,0.0,0.0,0.0,0.0,0.0,0.0,0.00565,0.00565,0.00565,0.0,0.00565,0.0,0.001529,0.011299,0.0,0.0,0.0,0.0,0.0,0.00565,0.011299,0.00565,0.0,0.0,0.0,0.0,0.0,0.0,0.0,0.0,0.0,0.0,0.0,0.0,0.00565,0.0,0.00565,0.00565,0.011299,0.0,0.00565,0.00565,0.0,0.0,1.0,0.00565,0.0,0.00565,0.00565,0.0,0.0,0.011299,0.0,0.00565,0.0,0.011299,0.0,0.0,0.0,0.0,0.0,0.0,0.0,0.003992,0.0,0.0,0.0,0.0,0.0,0.0,0.006061,0.00565,0.018303,0.0,0.004545,0.0,0.0,0.0,0.0,0.0,0.011299,0.011299,0.00565,0.0,0.0,0.0,0.0,0.0,0.0,0.002988,0.0,0.001946,0.00565,0.0,0.0,0.00591,0.010309,0.00565,0.008503,0.0,0.0,0.001588,0.002667,0.000982,0.001,0.000422,0.0,0.000428,0.001176,0.001008,0.0,0.003175,0.006191,0.0,0.0,0.001781,0.000978,0.000378,0.000414,0.000365,0.000315,0.000289,0.0,0.00094,0.000736,0.0,0.0,0.000936,0.00565,0.003569,0.000456,0.0,0.003891,0.0,0.0,0.000437,0.0,0.0,0.0,0.0,0.0,0.002941,0.000269,0.0,0.0,0.000366,0.000287,0.000297,0.0,0.0,0.0,0.0,0.0,0.00565,0.00565,0.004525,0.0,0.0,0.00565,0.01005,0.001889,0.0,0.0,0.000367,0.0,0.0,0.000565,0.001127,0.0,0.0,0.0,0.0,0.0,0.0,0.0,0.0,0.0,0.0,0.0,0.0,0.0,0.0,0.0,0.0,0.0,0.0,0.0,0.00565,0.0,0.0,0.0,0.0,0.0,0.0,0.0,0.0,0.0,0.0,0.0,0.0,0.0,0.0,0.0,0.0,0.0,0.0,0.0,0.0,0.0,0.0,0.002893,0.000704,0.0,0.000368,0.0,0.003122,0.001777,0.0,0.0,0.0,0.000702,0.0,0.0,0.0,0.001087,0.0,0.0,0.0,0.0,0.0,0.00149,0.0,0.0,0.0,0.0,0.0,0.0,0.0,0.00565,0.0,0.0,0.00565,0.0,0.002088,0.004878,0.0,0.0,0.0,0.00082,0.0,0.005102,0.0,0.0,0.0,0.0,0.0,0.0,0.0,0.0,0.0,0.0,0.0,0.0,0.0,0.0,0.001412,0.0,0.0,0.0,0.0,0.0,0.0,0.0,0.0,0.0,0.0,0.0,0.0,0.0,0.0,0.002967,0.0,0.0,0.0,0.0,0.001497,0.0,0.0,0.0,0.0,0.0,0.0,0.00129,0.002375,0.0,0.017291,0.0,0.0,0.0,0.0,0.000428,0.0,0.000707,0.0,0.0,0.0,0.0,0.0
2821,0.0,0.0,0.0,0.0,0.0,0.0,0.0,0.0,0.0,0.0,0.0,0.0,0.0,0.0,0.0,0.0,0.0,0.0,0.0,0.0,0.0,0.0,0.0,0.01,0.0,0.004902,0.0,0.0,0.0,0.0,0.0,0.0,0.0,0.0,0.00369,0.0,0.0,0.0,0.0,0.0,0.0,0.0,0.0,0.0,0.0,0.0,0.0,0.0,0.0,0.0,0.0,0.0,0.0,0.0,0.0,0.0,0.0,0.0,0.0,0.016393,0.005618,0.0,0.0,0.0,0.0,0.0,0.0,0.0,0.0,0.0,0.0,0.0,0.0,0.0,0.0,0.0,0.0,0.0,0.0,0.0,0.0,0.0,0.0,0.0,0.004329,0.0,0.0,0.0,0.0,0.0,0.0,0.0,0.0,0.0,0.0,0.0,0.0,0.0,0.0,0.017241,0.0,0.0,0.0,0.0,0.0,0.0,0.0,0.0,0.0,0.0,0.0,0.0,0.0,0.0,0.0,0.0,0.0,0.0,0.0,0.0,0.0,0.0,0.0,0.0,0.0,0.002604,0.0,0.0,0.0,0.0,0.0,0.0,0.0,0.0,0.0,0.0,0.0,0.0,0.0,0.0,0.0,0.0,0.0,0.0,0.0,0.0,0.0,0.0,0.025641,0.0,0.0,0.0,0.00565,1.0,0.0,0.0,0.0,0.0,0.0,0.0,0.0,0.0,0.0,0.0,0.0,0.0,0.0,0.0,0.0,0.0,0.0,0.000998,0.0,0.0,0.0,0.0,0.0,0.0,0.0,0.0,0.004992,0.0,0.0,0.0,0.0,0.0,0.0,0.0,0.0,0.0,0.0,0.0,0.0,0.025641,0.0,0.0,0.0,0.0,0.0,0.0,0.0,0.0,0.0,0.0,0.0,0.0,0.0,0.0,0.0,0.000265,0.000296,0.0,0.0,0.000422,0.000148,0.0,0.0,0.0,0.0,0.012698,0.000413,0.0,0.0,0.000509,0.000978,0.000189,0.0,0.000365,0.0,0.0,0.0,0.00047,0.0,0.0,0.0,0.000234,0.0,0.001428,0.0,0.0,0.0,0.0,0.0,0.000218,0.0,0.0,0.0,0.001764,0.0,0.0,0.0,0.0,0.0,0.000183,0.000144,4.9e-05,0.0,0.0,0.0,0.0,0.0,0.0,0.0,0.004525,0.001976,0.0,0.0,0.0,0.0,0.0,0.0,0.0,0.0,0.0,0.0,0.0,0.0,0.0,0.0,0.0,0.0,0.0,0.0,0.0,0.0,0.0,0.0,0.0,0.0,0.0,0.0,0.0,0.0,0.0,0.0,0.0,0.0,0.0,0.0,0.0,0.0,0.0,0.0,0.0,0.0,0.0,0.0,0.0,0.0,0.0,0.0,0.0,0.0,0.0,0.0,0.0,0.0,0.0,0.000964,0.000156,0.0,0.0,0.000794,0.000892,0.000355,0.0,0.0,0.0,0.000702,0.0,0.0,0.0,0.000155,0.0,0.00625,0.0,0.0,0.0,0.000745,0.0,0.0,0.0,0.0,0.0,0.0,0.0,0.0,0.0,0.0,0.0,0.0,0.0,0.0,0.0,0.002227,0.0,0.0,0.0,0.0,0.0,0.0,0.0,0.0,0.0,0.0,0.0,0.0,0.0,0.0,0.0,0.0,0.0,0.0,0.0,0.0,0.0,0.000325,0.000531,0.0,0.0,0.0,0.0,0.0,0.0,0.0,0.0,0.0,0.0,0.0,0.0,0.0,0.0,0.0,0.0,0.0,0.0,0.0,0.0,0.0,0.0,0.0,0.0,0.0,0.0,0.0,0.0,0.0,0.0,0.0,0.0,8.8e-05,0.0,0.0,0.0,0.0,0.0
2822,0.0,0.0,0.0,0.0,0.0,0.0,0.0,0.0,0.0,0.0,0.0,0.0,0.0,0.0,0.0,0.0,0.0,0.0,0.0,0.0,0.0,0.0,0.0,0.0,0.0,0.0,0.0,0.0,0.0,0.0,0.0,0.0,0.0,0.0,0.0,0.0,0.0,0.0,0.0,0.0,0.0,0.0,0.0,0.0,0.0,0.0,0.0,0.0,0.0,0.0,0.0,0.0,0.0,0.0,0.0,0.0,0.0,0.0,0.0,0.0,0.0,0.0,0.0,0.0,0.0,0.0,0.0,0.0,0.0,0.0,0.0,0.0,0.0,0.0,0.0,0.0,0.058824,0.0,0.000401,0.0,0.0,0.0,0.0,0.0,0.0,0.0,0.0,0.0,0.0,0.0,0.0,0.0,0.0,0.0,0.0,0.0,0.0,0.0,0.0,0.0,0.0,0.0,0.0,0.0,0.0,0.0,0.0,0.005848,0.0,0.0,0.0,0.0,0.0,0.0,0.0,0.0,0.0,0.0,0.0,0.0,0.0,0.026316,0.0,0.0,0.0,0.0,0.010753,0.010989,0.0,0.0,0.0,0.0,0.0,0.0,0.0,0.03125,0.009709,0.0,0.0,0.0,0.0,0.0,0.0,0.034483,0.0,0.0,0.095238,0.0,0.058824,0.058824,0.0,0.0,0.0,0.0,1.0,0.0,0.0,0.034483,0.0,0.037037,0.0,0.008547,0.017544,0.027027,0.0,0.0,0.0,0.0,0.0,0.0,0.058824,0.000998,0.0,0.0,0.0,0.0,0.0,0.0,0.0,0.0,0.001664,0.0,0.0,0.0,0.0,0.0,0.0,0.0,0.0,0.0,0.0,0.0,0.0,0.0,0.0,0.0,0.0,0.000498,0.0,0.0,0.008065,0.0,0.0,0.001182,0.003436,0.0,0.005102,0.001721,0.0,0.000265,0.000593,0.0,0.0,0.0,0.0,0.000428,0.0,0.0,0.0,0.0,0.001651,0.0,0.0,0.000254,0.000489,0.000189,0.0,0.0,0.0,0.0,0.0,0.0,0.0,0.0,0.0,0.000234,0.0,0.0,0.0,0.0,0.0,0.0,0.0,0.0,0.0,0.0,0.0,0.0,0.0,0.0,0.0,0.0,0.0,0.0,7.2e-05,0.000148,0.0,0.0,0.0,0.0,0.0,0.0,0.0,0.0,0.0,0.0,0.0,0.0,0.0,0.0,0.0,0.0,0.0,0.0,0.0,0.0,0.0,0.0,0.0,0.0,0.0,0.0,0.0,0.0,0.0,0.0,0.0,0.0,0.0,0.0,0.0,0.0,0.0,0.0,0.0,0.0,0.0,0.0,0.0,0.0,0.0,0.0,0.0,0.0,0.0,0.0,0.0,0.0,0.0,0.0,0.0,0.0,0.0,0.0,0.0,0.0,0.0,0.0,0.001929,0.0,0.0,0.0,0.0,0.0,0.000355,0.0,0.0,0.0,0.0,0.0,0.0,0.0,0.0,0.0,0.0,0.0,0.0,0.002353,0.000372,0.02439,0.0,0.0,0.0,0.0,0.0,0.0,0.0,0.0,0.0,0.0,0.0,0.0,0.0,0.0,0.0,0.0,0.0,0.0,0.0,0.0,0.0,0.0,0.0,0.0,0.0,0.0,0.0,0.0,0.0,0.0,0.0,0.0,0.0,0.0,0.0,0.0,0.0,0.0,0.0,0.0,0.0,0.0,0.0,0.0,0.0,0.0,0.0,0.0,0.0,0.0,0.0,0.0,0.0,0.0,0.0,0.0,0.0,0.0,0.0,0.0,0.0,0.0,0.0,0.0,0.0,0.0,0.0,0.0,0.0,0.0,0.0,0.0,0.0,0.0,0.0,0.0
2823,0.0,0.0,0.0,0.0,0.0,0.0,0.0,0.0,0.0,0.0,0.0,0.0,0.0,0.0,0.0,0.0,0.0,0.0,0.0,0.0,0.0,0.0,0.0,0.0,0.0,0.0,0.0,0.0,0.0,0.0,0.0,0.0,0.0,0.0,0.0,0.0,0.0,0.0,0.0,0.0,0.0,0.0,0.0,0.0,0.0,0.0,0.0,0.0,0.0,0.0,0.0,0.0,0.0,0.0,0.0,0.0,0.0,0.0,0.0,0.0,0.0,0.0,0.0,0.0,0.0,0.0,0.0,0.0,0.0,0.0,0.0,0.0,0.0,0.0,0.0,0.0,0.0,0.0,0.0,0.0,0.0,0.0,0.0,0.0,0.0,0.0,0.0,0.0,0.0,0.0,0.0,0.0,0.0,0.0,0.0,0.0,0.0,0.0,0.0,0.0,0.0,0.0,0.0,0.0,0.0,0.0,0.0,0.0,0.0,0.0,0.0,0.0,0.0,0.0,0.0,0.0,0.0,0.0,0.0,0.0,0.0,0.0,0.0,0.0,0.0,0.0,0.0,0.0,0.0,0.0,0.0,0.0,0.0,0.0,0.0,0.0,0.0,0.0,0.0,0.0,0.0,0.0,0.0,0.0,0.0,0.0,0.0,0.0,0.0,0.0,0.0,0.0,0.00565,0.0,0.0,1.0,0.0,0.0,0.0,0.0,0.0,0.0,0.0,0.0,0.0,0.0,0.0,0.0,0.0,0.0,0.0,0.0,0.0,0.0,0.0,0.0,0.0,0.0,0.0,0.0,0.001664,0.0,0.0,0.0,0.0,0.0,0.0,0.0,0.0,0.0,0.0,0.0,0.0,0.0,0.0,0.0,0.0,0.0,0.0,0.0,0.0,0.0,0.0,0.002364,0.0,0.0,0.0,0.0,0.0,0.0,0.0,0.0,0.0,0.0,0.0,0.0,0.000196,0.0,0.0,0.0,0.000825,0.0,0.0,0.0,0.0,0.0,0.0,0.0,0.0,0.0,0.0,0.0,0.0,0.0,0.0,0.0,0.0,0.000357,0.0,0.0,0.0,0.0,0.0,0.0,0.0,0.0,0.0,0.0,0.0,0.0,0.0,0.0,0.0,0.0,0.0,0.0,0.0,0.0,0.0,0.0,0.0,0.0,0.0,0.0,0.0,0.0,0.0,0.0,0.0,0.0,0.0,0.0,0.0,0.0,8.1e-05,0.0,0.0,0.0,0.0,0.0,0.0,0.0,0.0,0.0,0.0,0.0,0.0,0.0,0.0,0.0,0.0,0.0,0.0,0.0,0.0,0.0,0.0,0.0,0.0,0.0,0.0,0.0,0.0,0.0,0.0,0.0,0.0,0.0,0.0,0.0,0.0,0.0,0.0,0.0,0.0,0.0,0.0,0.0,0.000964,0.0,0.0,0.0,0.0,0.0,0.0,0.0,0.0,0.0,0.0,0.0,0.0,0.0,0.0,0.0,0.0,0.0,0.0,0.0,0.0,0.0,0.0,0.0,0.0,0.0,0.0,0.0,0.0,0.0,0.0,0.0,0.0,0.0,0.0,0.0,0.0,0.0,0.0,0.0,0.0,0.0,0.0,0.0,0.0,0.0,0.0,0.0,0.0,0.0,0.0,0.0,0.0,0.0,0.0,0.0,0.0,0.0,0.0,0.0,0.0,0.0,0.0,0.0,0.0,0.0,0.0,0.0,0.0,0.0,0.0,0.0,0.0,0.0,0.0,0.0,0.0,0.0,0.0,0.0,0.0,0.0,0.0,0.0,0.0,0.0,0.0,0.0,0.0,0.0,0.0,0.0,0.0,0.0,0.0,0.0,0.0,0.0
2824,0.0,0.0,0.0,0.0,0.0,0.0,0.0,0.0,0.0,0.0,0.0,0.0,0.0,0.0,0.0,0.0,0.0,0.0,0.0,0.0,0.0,0.0,0.0,0.0,0.0,0.0,0.0,0.005319,0.0,0.0,0.0,0.0,0.0,0.0,0.0,0.0,0.0,0.0,0.0,0.0,0.0,0.0,0.0,0.0,0.0,0.004149,0.0,0.0,0.0,0.0,0.0,0.0,0.0,0.0,0.0,0.0,0.0,0.0,0.0,0.0,0.0,0.0,0.0,0.0,0.0,0.0,0.0,0.0,0.0,0.0,0.0,0.0,0.0,0.0,0.0,0.0,0.0,0.0,0.0,0.0,0.0,0.0,0.0,0.0,0.0,0.0,0.0,0.0,0.0,0.0,0.0,0.0,0.0,0.0,0.0,0.0,0.0,0.0,0.0,0.0,0.0,0.0,0.0,0.0,0.0,0.0,0.0,0.005848,0.0,0.0,0.0,0.0,0.0,0.0,0.0,0.027027,0.012048,0.0,0.0,0.0,0.0,0.026316,0.0,0.0,0.0,0.0,0.0,0.0,0.0,0.0,0.0,0.0,0.0,0.0,0.0,0.0,0.0,0.0,0.0,0.0,0.0,0.0,0.0,0.0,0.03125,0.0,0.038462,0.0,0.0,0.0,0.0,0.0,0.00565,0.0,0.0,0.0,1.0,0.0,0.0,0.037037,0.0,0.0,0.0,0.027027,0.0,0.0,0.0,0.0,0.0,0.0,0.0,0.000998,0.0,0.0,0.0,0.0,0.0,0.0,0.0,0.0,0.0,0.0,0.0,0.0,0.0,0.0,0.0,0.0,0.0,0.0,0.0,0.0,0.0,0.0,0.0,0.0,0.0,0.000498,0.004246,0.0,0.0,0.0,0.0,0.0,0.0,0.014925,0.001701,0.003442,0.0,0.000265,0.000296,0.000982,0.001,0.0,0.0,0.0,0.0,0.0,0.0,0.0,0.001238,0.0,0.004484,0.000509,0.000489,0.000189,0.0,0.0,0.0,0.0,0.0,0.0,0.0,0.0,0.0,0.000234,0.0,0.0,0.000456,0.0,0.003891,0.0,0.0,0.0,0.000241,0.0,0.0,0.0,0.0,0.002941,0.0,0.0,0.0,0.000183,0.0,9.9e-05,0.0,0.0,0.0,0.0,0.0,0.0,0.0,0.0,0.0,0.0,0.0,0.0,0.0,0.0,0.0,0.0,0.0,0.0,0.0,0.0,0.0,0.0,0.0,0.0,0.0,0.0,0.0,0.0,0.0,0.0,0.0,0.0,0.0,0.0,0.0,0.0,0.0,0.0,0.0,0.0,0.0,0.0,0.0,0.0,0.0,0.0,0.0,0.0,0.0,0.0,0.0,0.0,0.0,0.0,0.0,0.0,0.0,0.0,0.0,0.0,0.0,0.0,0.0,0.0,0.0,0.0,0.0,0.000446,0.000355,0.0,0.0,0.0,0.0,0.0,0.0,0.0,0.0,0.0,0.0,0.0,0.0,0.002353,0.001862,0.0,0.0,0.0,0.0,0.0,0.0,0.0,0.0,0.0,0.0,0.0,0.0,0.0,0.0,0.0,0.0,0.0,0.0,0.0,0.0,0.0,0.0,0.0,0.0,0.0,0.0,0.0,0.0,0.0,0.0,0.0,0.0,0.0,0.0,0.0,0.0,0.002304,0.0,0.0,0.0,0.013514,0.0,0.006757,0.0,0.00339,0.0,0.0,0.0,0.0,0.0,0.0,0.0,0.0,0.0,0.001497,0.0,0.0,0.0,0.0,0.0,0.0,0.0,0.0,0.0,0.0,0.0,0.0,0.0,0.0,0.0,0.0,0.0,0.0,0.0,0.0,0.0,0.0
2825,0.0,0.0,0.0,0.0,0.0,0.0,0.0,0.0,0.0,0.0,0.0,0.0,0.0,0.0,0.000623,0.0,0.0,0.0,0.0,0.0,0.0,0.0,0.001661,0.0,0.0,0.0,0.0,0.0,0.0,0.0,0.0,0.0,0.0,0.0,0.0,0.0,0.0,0.0,0.0,0.0,0.0,0.0,0.0,0.0,0.0,0.0,0.0,0.0,0.0,0.0,0.0,0.0,0.0,0.0,0.0,0.001931,0.0,0.0,0.0,0.0,0.0,0.0,0.0,0.0,0.0,0.0,0.0,0.0,0.0,0.0,0.0,0.0,0.0,0.0,0.0,0.0,0.0,0.0,0.0,0.0,0.0,0.0,0.0,0.0,0.0,0.0,0.0,0.0,0.0,0.0,0.0,0.0,0.0,0.0,0.0,0.0,0.0,0.0,0.0,0.0,0.0,0.0,0.0,0.0,0.0,0.0,0.0,0.0,0.0,0.0,0.0,0.0,0.0,0.0,0.0,0.0,0.0,0.0,0.0,0.0,0.0,0.052632,0.0,0.0,0.0,0.0,0.010753,0.010989,0.0,0.0,0.0,0.0,0.0,0.0,0.0,0.0,0.0,0.0,0.0,0.0,0.0,0.0,0.0,0.034483,0.0,0.0,0.034483,0.0,0.034483,0.034483,0.0,0.0,0.0,0.0,0.034483,0.0,0.0,1.0,0.0,0.034483,0.0,0.0,0.0,0.027027,0.0,0.0,0.0,0.0,0.0,0.0,0.034483,0.000998,0.0,0.0,0.0,0.0,0.0,0.0,0.0,0.0,0.001664,0.0,0.0,0.0,0.0,0.0,0.0,0.0,0.0,0.0,0.0,0.0,0.0,0.0,0.0,0.0,0.0,0.000498,0.0,0.0,0.008065,0.0,0.0,0.0,0.003436,0.0,0.001701,0.001721,0.0,0.000529,0.0,0.0,0.001,0.0,0.000148,0.0,0.000196,0.0,0.0,0.0,0.000825,0.0,0.004484,0.0,0.000489,0.000378,0.000104,0.0,0.000315,0.0,0.0,0.0,0.000368,0.0,0.0,0.0,0.0,0.001784,0.0,0.0,0.0,0.0,0.0,0.000218,0.0,0.0,0.0,0.0,0.0,0.0,0.0,0.0,0.0,0.0,0.0,0.0,0.0,0.0,0.0,0.0,0.0,0.0,0.0,0.0,0.0,0.0,0.0,0.0,0.0,0.0,0.0,0.0,0.0,0.0,0.000162,0.0,0.0,0.0,0.0,0.0,0.0,0.0,0.0,0.0,0.0,0.0,0.0,0.0,0.0,0.0,0.0,0.0,0.0,0.0,0.0,0.0,0.0,0.0,0.0,0.0,0.0,0.0,0.0,0.0,0.0,0.0,0.0,0.0,0.0,0.0,0.0,0.0,0.0,0.0,0.0,0.0,0.0,0.0,0.000964,0.000235,0.0,0.0,0.0,0.000892,0.000355,0.0,0.0,0.0,0.0,0.0,0.0,0.0,0.000155,0.0,0.0,0.0,0.0,0.0,0.0,0.0,0.0,0.0,0.0,0.0,0.0,0.0,0.0,0.0,0.0,0.0,0.0,0.0,0.0,0.0,0.0,0.0,0.0,0.0,0.0,0.0,0.0,0.0,0.0,0.0,0.0,0.0,0.0,0.0,0.0,0.0,0.000749,0.0,0.0,0.0,0.0,0.0,0.0,0.0,0.0,0.0,0.0,0.0,0.0,0.0,0.0,0.0,0.0,0.0,0.0,0.0,0.0,0.0,0.0,0.0,0.0,0.0,0.0,0.0,0.0,0.0,0.0,0.0,0.010526,0.0,0.0,0.0,0.0,0.0,0.0,0.0,0.000265,0.0,0.0,0.0,0.0,0.0
2826,0.0,0.0,0.0,0.0,0.0,0.0,0.0,0.0,0.0,0.0,0.0,0.0,0.0,0.0,0.0,0.0,0.0,0.0,0.0,0.0,0.0,0.0,0.0,0.0,0.0,0.0,0.0,0.0,0.0,0.0,0.0,0.0,0.0,0.0,0.0,0.0,0.0,0.0,0.0,0.0,0.0,0.0,0.0,0.0,0.0,0.0,0.0,0.0,0.0,0.0,0.0,0.0,0.0,0.0,0.0,0.0,0.0,0.0,0.0,0.0,0.0,0.0,0.0,0.0,0.0,0.0,0.0,0.0,0.0,0.0,0.0,0.0,0.0,0.0,0.0,0.0,0.0,0.0,0.0,0.0,0.0,0.0,0.0,0.0,0.0,0.0,0.0,0.0,0.0,0.0,0.0,0.0,0.0,0.0,0.0,0.0,0.0,0.0,0.0,0.0,0.0,0.0,0.0,0.0,0.0,0.0,0.0,0.0,0.0,0.0,0.0,0.0,0.0,0.0,0.0,0.0,0.0,0.0,0.0,0.0,0.0,0.0,0.0,0.0,0.0,0.0,0.0,0.0,0.0,0.0,0.0,0.0,0.0,0.0,0.0,0.0,0.0,0.0,0.0,0.0,0.0,0.0,0.0,0.0,0.0,0.0,0.0,0.0,0.0,0.0,0.0,0.0,0.0,0.0,0.0,0.0,0.0,0.0,1.0,0.0,0.0,0.0,0.0,0.0,0.0,0.0,0.0,0.0,0.0,0.0,0.0,0.0,0.0,0.0,0.0,0.0,0.0,0.0,0.0,0.0,0.0,0.0,0.0,0.0,0.0,0.0,0.0,0.0,0.0,0.0,0.0,0.0,0.0,0.0,0.0,0.0,0.0,0.0,0.0,0.0,0.0,0.0,0.0,0.0,0.0,0.0,0.0,0.0,0.0,0.0,0.0,0.0,0.0,0.0,0.0,0.000856,0.0,0.0,0.0,0.0,0.000413,0.0,0.0,0.0,0.0,0.0,0.0,0.0,0.0,0.0,0.0,0.0,0.0,0.0,0.0,0.0,0.0,0.000714,0.0,0.0,0.0,0.0,0.0,0.0,0.0,0.0,0.0,0.0,0.012658,0.0,0.0,0.0,0.0,0.0,0.0,0.0,0.0,0.0,0.0,0.0,0.0,0.0,0.0,0.0,0.0,0.0,0.0,0.0,0.0,0.0,0.0,0.0,0.0,0.0,0.0,0.0,0.0,0.0,0.0,0.0,0.0,0.0,0.0,0.0,0.0,0.0,0.0,0.0,0.0,0.0,0.0,0.0,0.0,0.0,0.0,0.0,0.0,0.0,0.0,0.0,0.0,0.0,0.0,0.0,0.0,0.0,0.0,0.0,0.0,0.0,0.0,0.0,0.0,0.0,0.0,0.0,0.0,0.0,0.0,7.8e-05,0.0,0.0,0.0,0.0,0.0,0.0,0.0,0.0,0.0,0.0,0.0,0.0,0.0,0.0,0.0,0.0,0.0,0.0,0.0,0.0,0.0,0.0,0.0,0.0,0.0,0.0,0.0,0.0,0.0,0.0,0.0,0.0,0.0,0.0,0.0,0.0,0.0,0.0,0.0,0.0,0.0,0.0,0.0,0.0,0.0,0.0,0.0,0.0,0.0,0.0,0.0,0.0,0.0,0.0,0.0,0.0,0.0,0.0,0.0,0.0,0.0,0.0,0.0,0.0,0.0,0.0,0.0,0.0,0.0,0.0,0.0,0.0,0.0,0.0,0.0,0.0,0.0,0.0,0.0,0.0,0.0,0.0,0.0,0.0,0.0,0.0,0.0,0.0,0.0,0.0,8.8e-05,0.0,0.0,0.0,0.0,0.0
2829,0.0,0.0,0.0,0.0,0.0,0.0,0.0,0.0,0.0,0.0,0.0,0.0,0.0,0.0,0.0,0.0,0.0,0.0,0.0,0.0,0.0,0.0,0.0,0.0,0.0,0.0,0.0,0.0,0.0,0.0,0.0,0.0,0.0,0.0,0.0,0.0,0.0,0.0,0.0,0.0,0.0,0.0,0.0,0.0,0.0,0.0,0.0,0.0,0.0,0.0,0.0,0.0,0.0,0.0,0.0,0.0,0.0,0.0,0.0,0.0,0.0,0.0,0.0,0.0,0.0,0.0,0.0,0.0,0.0,0.0,0.0,0.0,0.0,0.0,0.0,0.0,0.0,0.0,0.0,0.0,0.0,0.0,0.0,0.0,0.0,0.0,0.0,0.0,0.0,0.0,0.0,0.0,0.001508,0.0,0.0,0.0,0.0,0.0,0.0,0.0,0.0,0.0,0.0,0.0,0.0,0.0,0.0,0.005848,0.0,0.0,0.0,0.0,0.0,0.0,0.0,0.0,0.012048,0.0,0.0,0.0,0.0,0.052632,0.0,0.0,0.0,0.002604,0.010753,0.010989,0.0,0.0,0.0,0.0,0.0,0.0,0.0,0.0,0.0,0.0,0.0,0.0,0.0,0.0,0.0,0.034483,0.03125,0.0,0.074074,0.0,0.037037,0.037037,0.0,0.0,0.011299,0.0,0.037037,0.0,0.037037,0.034483,0.0,1.0,0.0,0.0,0.0,0.054054,0.0,0.0,0.0,0.0,0.0,0.0,0.037037,0.001996,0.0,0.0,0.0,0.0,0.0,0.0,0.0,0.0,0.0,0.0,0.0,0.0,0.0,0.0,0.0,0.0,0.0,0.0,0.0,0.0,0.0,0.0,0.0,0.0,0.0,0.000996,0.0,0.0,0.008065,0.0,0.0,0.0,0.003436,0.0,0.003401,0.003442,0.0,0.000529,0.0,0.000982,0.0,0.0,0.000148,0.0,0.0,0.0,0.0,0.003175,0.002064,0.002874,0.0,0.000254,0.0,0.000566,0.000104,0.000731,0.000158,0.0,0.0,0.00047,0.001104,0.0,0.0,0.000702,0.005882,0.000714,0.0,0.0,0.003891,0.0,0.0,0.000437,0.000241,0.0,0.0,0.0,0.0,0.002941,0.000269,0.0,0.0,0.0,0.0,4.9e-05,0.0,0.0,0.0,0.0,0.0,0.0,0.0,0.001508,0.0,0.0,0.0,0.0,0.0,0.0,0.0,0.0,0.0,0.0,0.000242,0.0,0.0,0.0,0.014706,0.0,0.0,0.0,0.0,0.0,0.0,0.0,0.0,0.0,0.0,0.0,0.0,0.0,0.0,0.0,0.0,0.0,0.0,0.0,0.0,0.0,0.0,0.0,0.0,0.0,0.0,0.0,0.0,0.0,0.0,0.0,0.0,0.0,0.0,0.0,0.0,0.0,0.0,0.0,0.000964,0.000156,0.0,0.000368,0.0,0.000446,0.000355,0.0,0.0,0.0,0.0,0.0,0.003012,0.0,0.0,0.0,0.0,0.0,0.0,0.0,0.000745,0.0,0.0,0.0,0.0,0.0,0.0,0.0,0.0,0.0,0.0,0.0,0.0,0.0,0.0,0.0,0.0,0.0,0.0,0.0,0.005102,0.0,0.0,0.0,0.0,0.0,0.0,0.0,0.0,0.0,0.0,0.0,0.0,0.0,0.0,0.0,0.0,0.0,0.0,0.0,0.0,0.0,0.0,0.0,0.0,0.0,0.0,0.0,0.0,0.0,0.0,0.0,0.0,0.0,0.0,0.001497,0.0,0.0,0.0,0.0,0.0,0.0,0.0,0.0,0.0,0.0,0.0,0.0,0.0,0.0,0.0,0.0,0.000177,0.0,0.0,0.0,0.0,0.0
2910,0.0,0.0,0.0,0.0,0.0,0.0,0.0,0.0,0.0,0.0,0.0,0.0,0.0,0.0,0.0,0.0,0.0,0.0,0.0,0.0,0.0,0.0,0.0,0.0,0.0,0.0,0.0,0.0,0.0,0.0,0.0,0.0,0.0,0.0,0.0,0.0,0.0,0.0,0.0,0.0,0.0,0.0,0.0,0.0,0.0,0.0,0.0,0.0,0.0,0.0,0.0,0.0,0.0,0.0,0.0,0.0,0.0,0.0,0.0,0.0,0.0,0.0,0.0,0.0,0.0,0.0,0.0,0.0,0.0,0.0,0.0,0.0,0.0,0.0,0.0,0.0,0.0,0.0,0.000401,0.0,0.0,0.0,0.010101,0.0,0.0,0.0,0.0,0.0,0.0,0.0,0.0,0.0,0.0,0.0,0.0,0.0,0.0,0.0,0.0,0.0,0.0,0.0,0.0,0.0,0.010309,0.0,0.0,0.0,0.0,0.0,0.0,0.0,0.0,0.0,0.0,0.0,0.0,0.0,0.0,0.0,0.001529,0.0,0.0,0.0,0.0,0.0,0.0,0.0,0.0,0.0,0.0,0.041667,0.0,0.0,0.0,0.0,0.0,0.0,0.0,0.0,0.0,0.0,0.0,0.0,0.0,0.0,0.0,0.0,0.0,0.0,0.0,0.0,0.0,0.0,0.0,0.0,0.0,0.0,0.0,0.0,1.0,0.008547,0.0,0.0,0.0,0.0,0.0,0.0,0.041667,0.0,0.0,0.0,0.0,0.0,0.0,0.0,0.0,0.0,0.0,0.0,0.0,0.0,0.0,0.0,0.0,0.0,0.0,0.0,0.0,0.0,0.0125,0.0,0.0,0.0,0.0,0.0,0.0,0.0,0.0,0.0,0.0,0.0,0.0,0.0,0.0,0.0,0.0,0.0,0.012403,0.001323,0.001778,0.002947,0.001,0.000422,0.0,0.0,0.000784,0.0,0.0,0.0,0.000413,0.005747,0.0,0.0,0.0,0.000189,0.000104,0.0,0.0,0.0,0.0,0.00094,0.000368,0.0,0.0,0.0,0.0,0.000714,0.000456,0.0,0.0,0.0,0.0,0.0,0.0,0.0,0.0,0.0,0.0,0.0,0.000269,0.0,0.0,0.0,0.0,0.0,0.0,0.0,0.0,0.0,0.0,0.0,0.0,0.003017,0.0,0.0,0.0,0.0,0.0,0.0,0.0,0.0,0.0,0.0,0.0,0.0,0.0,0.0,0.0,0.0,0.0,0.0,0.0,0.0,0.0,0.0,0.0,0.0,0.0,0.0,0.0,0.0,0.0,0.0,0.005102,0.0,0.0,0.0,0.0,0.0,0.0,0.0,0.0,0.0,0.0,0.0,0.0,0.0,0.0,0.0,0.0,0.0,0.0,0.0,0.0,0.0,0.015625,0.0,0.0,7.8e-05,0.0,0.0,0.0,0.0,0.0,0.0,0.0,0.0,0.0,0.0,0.0,0.0,0.0,0.0,0.00625,0.0,0.0,0.0,0.0,0.0,0.0,0.0,0.0,0.0,0.0,0.0,0.0,0.0,0.0,0.0,0.0,0.0,0.0,0.0,0.0,0.0,0.0,0.0,0.0,0.0,0.0,0.0,0.0,0.0,0.0,0.0,0.0,0.0,0.0,0.0,0.0,0.0,0.0,0.0,0.0,0.0,0.0,0.0,0.0,0.0,0.0,0.0,0.0,0.0,0.0,0.0,0.0,0.0,0.0,0.0,0.0,0.0,0.0,0.0,0.0,0.0,0.0,0.0,0.0,0.0,0.0,0.0,0.0,0.0,0.0,0.0,0.0,0.0,0.0,0.0,8.8e-05,0.0,0.0,0.0,0.0,0.0
2920,0.004808,0.0,0.0,0.0,0.0,0.0,0.0,0.003759,0.0,0.0,0.0,0.0,0.0,0.0,0.001247,0.0,0.0,0.0,0.000371,0.0,0.0,0.0,0.0,0.0,0.0,0.0,0.0,0.0,0.0,0.0,0.0,0.0,0.0,0.0,0.0,0.0,0.0,0.0,0.0,0.0,0.0,0.0,0.0,0.0,0.0,0.0,0.0,0.0,0.0,0.0,0.0,0.0,0.0,0.0,0.0,0.0,0.0,0.0,0.0,0.0,0.0,0.0,0.003356,0.0,0.0,0.0,0.0,0.0,0.0,0.0,0.0,0.0,0.0,0.0,0.0,0.0,0.0,0.0,0.0,0.0,0.0,0.0,0.0,0.0,0.008658,0.0,0.005208,0.008547,0.0,0.0,0.0,0.0,0.0,0.0,0.0,0.0,0.0,0.0,0.0,0.0,0.0,0.0,0.0,0.0,0.0,0.0,0.0,0.0,0.0,0.0,0.0,0.0,0.0,0.0,0.0,0.0,0.0,0.0,0.0,0.0,0.003058,0.0,0.0,0.0,0.0,0.002604,0.0,0.0,0.0,0.0,0.0,0.0,0.008547,0.0,0.0,0.0,0.0,0.0,0.0,0.0,0.0,0.0,0.0,0.0,0.0,0.0,0.008547,0.0,0.0,0.008547,0.0,0.0,0.00565,0.0,0.008547,0.0,0.0,0.0,0.0,0.0,0.008547,1.0,0.008547,0.0,0.0,0.0,0.0,0.0,0.0,0.0,0.0,0.0,0.0,0.0,0.0,0.0,0.0,0.0,0.00303,0.0,0.0,0.0,0.0,0.008547,0.0,0.0,0.0,0.0,0.0,0.0,0.0,0.0,0.0,0.0,0.0,0.0,0.0,0.000498,0.0,0.0,0.0,0.0,0.0,0.0,0.0,0.0,0.0,0.0,0.010853,0.002382,0.00237,0.000982,0.001,0.0,0.000296,0.0,0.0,0.0,0.0,0.0,0.000413,0.0,0.0,0.000509,0.0,0.0,0.000311,0.000365,0.000158,0.000289,0.0,0.00094,0.0,0.0,0.0,0.002107,0.0,0.001428,0.0,0.0,0.0,0.0,0.000171,0.0,0.000241,0.0,0.0,0.0,0.0,0.0,0.000539,0.0,0.0,0.001648,0.000359,0.001879,0.0,0.0,0.0,0.0,0.0,0.0,0.0,0.001508,0.0,0.0,0.0,0.005025,0.0,0.0,0.0,0.0,0.0,0.0,0.000162,0.001127,0.0,0.0,0.0,0.0,0.0,0.0,0.0,0.0,0.0,0.0,0.0,0.0,0.0,0.0,0.0,0.0,0.001258,0.0,0.0,0.0,0.0,0.0,0.0,0.0,0.0,0.0,0.0,0.0,0.0,0.0,0.0,0.0,0.0,0.0,0.0,0.0,0.0,0.0,0.0,0.0,0.0,0.0,0.000964,0.000391,0.0,0.001471,0.000794,0.000892,0.0,0.0,0.0,0.0,0.0,0.0,0.0,0.0,0.000155,0.0,0.0,0.0,0.0,0.002353,0.001117,0.0,0.0,0.0,0.0,0.0,0.0,0.0,0.0,0.005,0.0,0.0,0.0,0.0,0.0,0.0,0.0,0.0,0.0,0.0,0.0,0.0,0.0,0.0,0.0,0.0,0.0,0.0,0.0,0.0,0.0,0.0,0.0,0.0,0.0,0.0,0.0,0.0,0.0,0.0,0.0,0.0,0.0,0.0,0.0,0.00339,0.0,0.0,0.0,0.0,0.002967,0.000929,0.0,0.0,0.0,0.0,0.0,0.0,0.0,0.0,0.0,0.0,0.0,0.0,0.0,0.002882,0.0,0.0,0.0,0.0,0.0,0.0,0.000442,0.0,0.0,0.0,0.0,0.0
2930,0.0,0.0,0.0,0.0,0.0,0.0,0.0,0.0,0.0,0.0,0.0,0.0,0.0,0.0,0.0,0.0,0.0,0.0,0.0,0.0,0.0,0.0,0.0,0.0,0.0,0.0,0.0,0.0,0.0,0.0,0.0,0.0,0.0,0.0,0.0,0.0,0.0,0.0,0.0,0.0,0.0,0.0,0.0,0.0,0.0,0.0,0.0,0.0,0.0,0.0,0.0,0.0,0.0,0.0,0.0,0.0,0.0,0.0,0.0,0.0,0.0,0.0,0.0,0.0,0.0,0.0,0.0,0.0,0.0,0.0,0.0,0.0,0.0,0.0,0.0,0.0,0.017544,0.0,0.000802,0.0,0.0,0.0,0.0,0.0,0.0,0.0,0.002604,0.0,0.009901,0.0,0.0,0.0,0.001508,0.0,0.0,0.0,0.0,0.0,0.0,0.0,0.0,0.0,0.0,0.0,0.0,0.017544,0.0,0.005848,0.012195,0.0,0.0,0.0,0.0,0.0,0.0,0.0,0.012048,0.0,0.0,0.0,0.0,0.0,0.0,0.0,0.0,0.0,0.0,0.010989,0.0,0.0,0.0,0.0,0.0,0.0,0.0,0.0,0.009709,0.0,0.0,0.0,0.0,0.0,0.0,0.0,0.035088,0.0,0.0,0.0,0.0,0.0,0.0,0.0,0.0,0.0,0.017544,0.0,0.0,0.0,0.0,0.0,0.0,0.008547,1.0,0.0,0.0,0.0,0.0,0.0,0.0,0.0,0.0,0.000998,0.0,0.0,0.0,0.0,0.0,0.0,0.0,0.0,0.0,0.0,0.0,0.0,0.0,0.0,0.0,0.0,0.0,0.0,0.0,0.0,0.0,0.0,0.0,0.0,0.0,0.0,0.0,0.0,0.0,0.0,0.0,0.0,0.0,0.0,0.0,0.0,0.003101,0.001323,0.006222,0.001965,0.0,0.0,0.0,0.000856,0.000196,0.0,0.0,0.0,0.000825,0.0,0.0,0.000509,0.0,0.000189,0.0,0.0,0.000315,0.000289,0.0,0.00047,0.0,0.0,0.0,0.0,0.0,0.0,0.0,0.0,0.0,0.0,0.0,0.0,0.0,0.0,0.0,0.0,0.0,0.0,0.0,0.0,0.0,0.0,0.000287,9.9e-05,0.0,0.0,0.0,0.0,0.0,0.0,0.0,0.001508,0.0,0.0,0.0,0.0,0.0,0.0,0.0,0.0,0.0,0.0,0.000162,0.0,0.0,0.0,0.0,0.0,0.0,0.0,0.0,0.0,0.0,0.0,0.0,0.0,0.0,0.0,0.0,0.0,0.001258,0.0,0.0,0.0,0.0,0.0,0.0,0.0,0.0,0.0,0.0,0.0,0.0,0.0,0.0,0.0,0.0,0.0,0.0,0.0,0.0,0.0,0.0,0.0,0.0,0.0,0.0,0.000156,0.0,0.000368,0.0,0.0,0.0,0.0,0.0,0.0,0.0,0.0,0.0,0.0,0.000155,0.0,0.00625,0.0,0.0,0.0,0.0,0.0,0.0,0.0,0.0,0.0,0.0,0.0,0.0,0.0,0.0,0.0,0.0,0.0,0.0,0.0,0.0,0.0,0.0,0.0,0.0,0.0,0.0,0.0,0.0,0.0,0.0,0.0,0.0,0.0,0.0,0.0,0.0,0.0,0.0,0.0,0.0,0.0,0.000325,0.0,0.0,0.0,0.0,0.0,0.0,0.0,0.001208,0.0,0.0,0.0,0.0,0.0,0.0,0.0,0.0,0.0,0.0,0.0,0.0,0.0,0.0,0.0,0.0,0.0,0.0,0.0,0.0,0.0,0.0,0.0,0.0,0.0,8.8e-05,0.0,0.0,0.0,0.0,0.0
3011,0.0,0.0,0.0,0.0,0.0,0.0,0.0,0.0,0.0,0.0,0.0,0.0,0.0,0.0,0.0,0.0,0.0,0.0,0.0,0.0,0.0,0.00157,0.0,0.0,0.0,0.0,0.0,0.0,0.0,0.0,0.0,0.0,0.0,0.0,0.0,0.0,0.000792,0.0,0.0,0.0,0.0,0.0,0.0,0.0,0.0,0.0,0.0,0.0,0.0,0.0,0.0,0.0,0.0,0.002375,0.0,0.0,0.0,0.0,0.0,0.0,0.0,0.0,0.0,0.0,0.0,0.0,0.0,0.0,0.0,0.0,0.0,0.0,0.0,0.0,0.0,0.0,0.0,0.0,0.0,0.0,0.0,0.0,0.0,0.0,0.004329,0.0,0.0,0.0,0.0,0.0,0.0,0.0,0.0,0.0,0.0,0.0,0.0,0.0,0.0,0.0,0.0,0.0,0.0,0.0,0.0,0.0,0.0,0.005848,0.0,0.0,0.0,0.0,0.0,0.0,0.0,0.0,0.012048,0.0,0.0,0.0,0.0,0.052632,0.0,0.0,0.0,0.0,0.010753,0.010989,0.0,0.0,0.0,0.0,0.0,0.0,0.0,0.0,0.0,0.0,0.0,0.0,0.0,0.0,0.0,0.027027,0.027027,0.0,0.054054,0.0,0.027027,0.027027,0.0,0.0,0.011299,0.0,0.027027,0.0,0.027027,0.027027,0.0,0.054054,0.0,0.0,0.0,1.0,0.027027,0.0,0.0,0.0,0.0,0.0,0.027027,0.001996,0.0,0.0,0.0,0.0,0.0,0.0,0.0,0.0,0.0,0.0,0.0,0.020408,0.0,0.0,0.0,0.0,0.0,0.0,0.0,0.0,0.0,0.0,0.0,0.0,0.0,0.000996,0.0,0.0,0.008065,0.0,0.0,0.0,0.003436,0.029851,0.003401,0.001721,0.0,0.0,0.000296,0.001965,0.0,0.0,0.000296,0.0,0.0,0.0,0.0,0.003175,0.000825,0.0,0.0,0.001018,0.0,0.000189,0.0,0.0,0.000158,0.0,0.0,0.0,0.0,0.0,0.0,0.0,0.0,0.000357,0.0,0.0,0.003891,0.0,0.0,0.000218,0.0,0.0,0.0,0.0,0.0,0.002941,0.000269,0.0,0.0,0.0,7.2e-05,9.9e-05,0.0,0.0,0.052632,0.0,0.065217,0.0,0.0,0.001508,0.0,0.0,0.0,0.0,0.001889,0.0,0.0,0.000367,0.0,0.0,8.1e-05,0.0,0.0,0.0,0.0,0.0,0.0,0.0,0.0,0.0,0.0,0.0,0.0,0.0,0.0,0.003509,0.0,0.0125,0.0,0.0,0.0,0.0,0.0,0.0,0.0,0.0,0.0,0.0,0.0,0.0,0.0,0.0,0.0,0.0,0.0,0.0,0.0,0.0,0.0,0.0,0.0,0.0,0.0,0.0,0.000964,0.0,0.0,0.0,0.0,0.000446,0.001421,0.011364,0.0,0.0,0.0,0.0,0.0,0.0,0.0,0.0,0.0,0.0,0.0,0.0,0.001117,0.0,0.0,0.0,0.0,0.0,0.003472,0.0,0.0,0.0,0.0,0.0,0.0,0.002088,0.0,0.002037,0.0,0.0,0.00082,0.0,0.0,0.0,0.0,0.0,0.0,0.0,0.0,0.0,0.0,0.0,0.0,0.0,0.0,0.0,0.0,0.000471,0.0,0.0,0.0,0.0,0.0,0.0,0.0,0.0,0.0,0.0,0.0,0.0,0.0,0.0,0.0,0.0,0.0,0.0,0.0,0.001497,0.0,0.0,0.0,0.0,0.0,0.0,0.0,0.0,0.0,0.0,0.0,0.0,0.0,0.0,0.0,0.0,0.000177,0.0,0.0,0.0,0.0,0.0
3012,0.0,0.0,0.0,0.0,0.0,0.0,0.0,0.0,0.0,0.0,0.0,0.0,0.0,0.0,0.0,0.0,0.0,0.0,0.0,0.0,0.0,0.0,0.0,0.0,0.001845,0.0,0.0,0.0,0.0,0.0,0.0,0.0,0.0,0.0,0.0,0.0,0.000792,0.0,0.0,0.0,0.0,0.0,0.0,0.0,0.0,0.0,0.0,0.0,0.0,0.0,0.0,0.002481,0.0,0.0,0.0,0.0,0.0,0.0,0.0,0.0,0.0,0.0,0.0,0.0,0.0,0.0,0.0,0.0,0.0,0.0,0.0,0.0,0.0,0.0,0.0,0.0,0.0,0.0,0.0,0.0,0.0,0.0,0.0,0.002882,0.0,0.0,0.0,0.0,0.0,0.0,0.0,0.0,0.0,0.0,0.0,0.0,0.0,0.0,0.0,0.0,0.0,0.0,0.0,0.0,0.0,0.0,0.0,0.0,0.0,0.0,0.0,0.0,0.0,0.0,0.0,0.0,0.0,0.0,0.0,0.0,0.0,0.0,0.0,0.0,0.0,0.0,0.0,0.0,0.0,0.0,0.0,0.0,0.0,0.0,0.0,0.0,0.0,0.0,0.0,0.0,0.0,0.0,0.0,0.0,0.0,0.0,0.0,0.0,0.0,0.0,0.0,0.0,0.0,0.0,0.0,0.0,0.0,0.0,0.0,0.0,0.0,0.0,0.0,0.027027,1.0,0.0,0.0,0.0,0.0,0.0,0.0,0.0,0.0,0.0,0.0,0.0,0.0,0.0,0.0,0.0,0.0,0.0,0.0,0.020408,0.0,0.0,0.0,0.0,0.0,0.0,0.0,0.0,0.0,0.0,0.0,0.0,0.0,0.0,0.0,0.0,0.0,0.0,0.0,0.0,0.0,0.0,0.0,0.0,0.0,0.0,0.000296,0.0,0.0,0.0,0.0,0.0,0.0,0.0,0.0,0.0,0.0,0.0,0.0,0.000509,0.000489,0.0,0.0,0.0,0.0,0.0,0.0,0.0,0.0,0.0,0.0,0.000468,0.0,0.0,0.0,0.0,0.0,0.0,0.0,0.0,0.0,0.0,0.0,0.0,0.0,0.0,0.0,0.0,0.0,0.0,0.0,4.9e-05,0.0,0.0,0.008772,0.0,0.0,0.0,0.0,0.0,0.0,0.0,0.0,0.0,0.0,0.0,0.0,0.0,0.0,0.0,8.1e-05,0.001127,0.0,0.0,0.0,0.0,0.0,0.0,0.0,0.0,0.0,0.0,0.0,0.0,0.0,0.0,0.0,0.0,0.0,0.0,0.0,0.0,0.0,0.0,0.0,0.0,0.0,0.0,0.0,0.0,0.0,0.0,0.0,0.0,0.0,0.0,0.0,0.0,0.0,0.0,0.0,0.0,0.0,0.0,0.0,0.0,0.0,0.0,0.0,0.000446,0.000355,0.0,0.0,0.0,0.0,0.0,0.0,0.0,0.0,0.0,0.0,0.018182,0.0,0.0,0.000372,0.0,0.0,0.0,0.0,0.0,0.0,0.0,0.0,0.0,0.0,0.0,0.0,0.0,0.0,0.0,0.0,0.0,0.0,0.0,0.0,0.0,0.0,0.0,0.0,0.0,0.0,0.0,0.0,0.0,0.0,0.0,0.0,0.0,0.0,0.0,0.0,0.0,0.0,0.0,0.0,0.0,0.0,0.0,0.0,0.0,0.0,0.0,0.0,0.0,0.0,0.0,0.0,0.0,0.0,0.0,0.0,0.0,0.0,0.0,0.0,0.0,0.0,0.0,0.0,0.0,0.0,0.0,0.0,0.0,0.0,0.0,0.0,0.0,0.0,0.0,0.0,0.0
3020,0.0,0.0,0.0,0.0,0.0,0.0,0.0,0.0,0.0,0.0,0.0,0.0,0.0,0.0,0.0,0.0,0.0,0.0,0.0,0.0,0.0,0.0,0.0,0.0,0.0,0.0,0.0,0.0,0.0,0.0,0.0,0.0,0.0,0.0,0.0,0.0,0.0,0.0,0.0,0.0,0.0,0.0,0.0,0.0,0.0,0.0,0.0,0.0,0.0,0.0,0.0,0.0,0.0,0.0,0.0,0.0,0.0,0.0,0.0,0.0,0.0,0.0,0.0,0.0,0.0,0.0,0.0,0.0,0.0,0.0,0.0,0.0,0.0,0.0,0.0,0.0,0.0,0.0,0.0,0.0,0.0,0.0,0.0,0.0,0.0,0.0,0.0,0.0,0.0,0.0,0.0,0.0,0.0,0.0,0.0,0.0,0.0,0.0,0.0,0.0,0.0,0.0,0.0,0.0,0.0,0.0,0.0,0.0,0.0,0.0,0.0,0.0,0.0,0.003195,0.0,0.0,0.0,0.0,0.0,0.0,0.0,0.0,0.0,0.0,0.0,0.0,0.0,0.0,0.0,0.0,0.0,0.0,0.0,0.0,0.0,0.0,0.0,0.0,0.0,0.0,0.0,0.0,0.0,0.0,0.0,0.0,0.0,0.0,0.0,0.0,0.0,0.0,0.0,0.0,0.0,0.0,0.0,0.0,0.0,0.0,0.0,0.0,0.0,0.0,0.0,1.0,0.0,0.0,0.0,0.0,0.0,0.000998,0.0,0.0,0.0,0.0,0.0,0.0,0.0,0.0,0.0,0.0,0.0,0.0,0.0,0.0,0.0,0.0,0.0,0.0,0.0,0.0,0.0,0.0,0.0,0.0,0.0,0.0,0.0,0.0,0.0,0.0,0.0,0.001182,0.0,0.0,0.0,0.0,0.0,0.0,0.0,0.0,0.0,0.0,0.0,0.0,0.0,0.0,0.0,0.0,0.0,0.0,0.0,0.000254,0.0,0.000189,0.0,0.0,0.0,0.0,0.0,0.0,0.0,0.0,0.0,0.0,0.0,0.0,0.000456,0.0,0.0,0.0,0.0,0.000218,0.0,0.0,0.0,0.0,0.0,0.0,0.0,0.0,0.0,0.000183,0.0,0.0,0.0,0.0,0.0,0.0,0.0,0.0,0.0,0.001508,0.0,0.0,0.0,0.0,0.000944,0.0,0.0,0.0,0.0,0.0,8.1e-05,0.0,0.0,0.000598,0.0,0.0,0.0,0.0,0.0,0.0,0.0,0.0,0.0,0.0,0.0,0.0,0.0,0.0125,0.001258,0.0,0.0,0.0,0.0,0.0,0.0,0.0,0.0,0.0,0.0,0.0,0.0,0.0,0.0,0.0,0.0,0.0,0.0,0.0,0.0,0.0,0.0,0.0,0.0,0.0,0.0,0.0,0.000776,0.0,0.0,0.0,0.0,0.0,0.0,0.0,0.0,0.0,0.0,0.0,0.000311,0.003226,0.0,0.0,0.0,0.0,0.0,0.0,0.0,0.0,0.0,0.0,0.0,0.002809,0.0,0.0,0.0,0.0,0.0,0.0,0.0,0.0,0.0,0.0,0.0,0.0,0.0,0.0,0.0,0.0,0.0,0.0,0.0,0.0,0.0,0.0,0.0,0.0,0.0,0.0,0.0,0.000471,0.0,0.0,0.0,0.0,0.0,0.0,0.0,0.0,0.0,0.0,0.0,0.0,0.0,0.0,0.0,0.0,0.0,0.0,0.0,0.0,0.0,0.0,0.0,0.0,0.0,0.0,0.0,0.0,0.0,0.002882,0.0,0.0,0.0,0.0,0.0,0.0,0.0,0.0,0.0,0.0,0.0,0.0
3030,0.0,0.0,0.0,0.0,0.0,0.0,0.0,0.0,0.0,0.0,0.0,0.0,0.0,0.0,0.0,0.0,0.0,0.0,0.0,0.0,0.0,0.0,0.0,0.0,0.0,0.004902,0.0,0.0,0.0,0.0,0.0,0.0,0.0,0.0,0.0,0.0,0.0,0.0,0.0,0.0,0.0,0.0,0.0,0.0,0.0,0.0,0.0,0.0,0.0,0.0,0.0,0.0,0.0,0.0,0.0,0.0,0.0,0.0,0.0,0.0,0.0,0.0,0.0,0.0,0.0,0.0,0.0,0.0,0.0,0.0,0.0,0.0,0.0,0.0,0.0,0.0,0.0,0.0,0.0,0.0,0.0,0.0,0.0,0.0,0.0,0.0,0.0,0.0,0.0,0.0,0.0,0.0,0.0,0.0,0.0,0.0,0.0,0.0,0.0,0.0,0.0,0.0,0.0,0.0,0.0,0.0,0.0,0.0,0.0,0.0,0.0,0.0,0.0,0.0,0.0,0.0,0.0,0.0,0.0,0.0,0.0,0.0,0.0,0.0,0.0,0.0,0.0,0.0,0.0,0.0,0.0,0.0,0.0,0.0,0.0,0.0,0.0,0.0,0.0,0.0,0.0,0.0,0.0,0.0,0.0,0.0,0.0,0.0,0.0,0.0,0.0,0.0,0.0,0.0,0.0,0.0,0.0,0.0,0.0,0.0,0.0,0.0,0.0,0.0,0.0,0.0,1.0,0.0,0.0,0.0,0.0,0.0,0.0,0.0,0.0,0.0,0.0,0.0,0.0,0.0,0.0,0.0,0.0,0.0,0.0,0.0,0.0,0.0,0.0,0.0,0.0,0.0,0.0,0.0,0.0,0.0,0.0,0.0,0.0,0.0,0.0,0.0,0.0,0.0,0.0,0.0,0.0,0.0,0.00155,0.000265,0.000296,0.0,0.0,0.0,0.0,0.0,0.0,0.0,0.0,0.0,0.000413,0.0,0.0,0.0,0.0,0.0,0.0,0.0,0.0,0.0,0.0,0.0,0.0,0.0,0.0,0.0,0.0,0.0,0.0,0.0,0.0,0.0,0.0,0.0,0.0,0.0,0.0,0.0,0.0,0.0,0.000269,0.0,0.0,0.0,0.0,0.0,0.0,0.0,0.008772,0.0,0.0,0.02439,0.0,0.0,0.0,0.0,0.03125,0.0,0.0,0.001718,0.0,0.0,0.0,0.0,0.0,0.0,0.0,0.0,0.0,0.0,0.0,0.0,0.0,0.0,0.0,0.0,0.0,0.0,0.0,0.0,0.0,0.0,0.0,0.0,0.0,0.0,0.0,0.0,0.0,0.0,0.0,0.0,0.0,0.0,0.0,0.0,0.0,0.0,0.0,0.0,0.0,0.0,0.0,0.0,0.0,0.0,0.0,0.0,0.0,0.0,0.0,0.0,0.0,0.0,0.0,0.0,0.0,0.0,0.0,0.0,0.0,0.0,0.0,0.0,0.0,0.0,0.0,0.0,0.000372,0.0,0.0,0.0,0.0,0.0,0.0,0.0,0.0,0.0,0.0,0.0,0.0,0.0,0.0,0.0,0.0,0.0,0.0,0.0,0.0,0.0,0.0,0.0,0.0,0.0,0.0,0.0,0.0,0.0,0.0,0.0,0.0,0.0,0.0,0.000471,0.0,0.0,0.0,0.0,0.0,0.0,0.0,0.0,0.0,0.0,0.0,0.0,0.0,0.0,0.0,0.0,0.0,0.0,0.0,0.0,0.0,0.0,0.0,0.0,0.0,0.0,0.0,0.0,0.0,0.0,0.0,0.0,0.0,0.0,0.0,0.0,0.0,0.0,0.0,0.0,0.0,0.0
3040,0.0,0.0,0.0,0.0,0.0,0.0,0.0,0.0,0.0,0.0,0.0,0.0,0.0,0.0,0.0,0.0,0.0,0.0,0.0,0.0,0.0,0.0,0.0,0.0,0.0,0.0,0.0,0.0,0.0,0.0,0.0,0.0,0.0,0.0,0.0,0.0,0.0,0.0,0.0,0.0,0.0,0.0,0.0,0.0,0.0,0.0,0.0,0.0,0.0,0.0,0.0,0.0,0.0,0.0,0.0,0.0,0.0,0.0,0.0,0.0,0.0,0.0,0.0,0.0,0.0,0.0,0.0,0.0,0.0,0.0,0.0,0.0,0.0,0.0,0.0,0.0,0.0,0.0,0.0,0.0,0.0,0.0,0.0,0.0,0.0,0.0,0.0,0.0,0.0,0.0,0.0,0.0,0.0,0.0,0.0,0.0,0.0,0.0,0.0,0.0,0.0,0.0,0.0,0.0,0.0,0.0,0.0,0.0,0.0,0.0,0.0,0.0,0.0,0.0,0.0,0.0,0.0,0.0,0.0,0.0,0.0,0.0,0.0,0.0,0.0,0.0,0.0,0.0,0.0,0.0,0.0,0.0,0.0,0.0,0.0,0.0,0.0,0.0,0.0,0.0,0.0,0.0,0.0,0.0,0.0,0.0,0.0,0.0,0.0,0.0,0.0,0.0,0.0,0.0,0.0,0.0,0.0,0.0,0.0,0.0,0.0,0.0,0.0,0.0,0.0,0.0,0.0,1.0,0.0,0.0,0.0,0.0,0.0,0.0,0.0,0.0,0.0,0.0,0.0,0.0,0.0,0.0,0.0,0.0,0.0,0.0,0.0,0.0,0.0,0.0,0.0,0.0,0.0,0.0,0.0,0.0,0.0,0.0,0.0,0.0,0.0,0.0,0.0,0.0,0.0,0.0,0.0,0.0,0.00155,0.0,0.0,0.0,0.0,0.0,0.0,0.0,0.0,0.0,0.0,0.0,0.0,0.0,0.0,0.0,0.0,0.0,0.0,0.0,0.0,0.0,0.0,0.0,0.0,0.0,0.0,0.0,0.0,0.0,0.0,0.0,0.0,0.0,0.0,0.0,0.0,0.0,0.0,0.0,0.0,0.0,0.0,0.0,0.0,0.0,0.0,0.0,0.0,0.0,0.0,0.0,0.0,0.0,0.0,0.0,0.0,0.0,0.0,0.0,0.0,0.0,0.0,0.0,0.0,0.0,0.0,0.0,0.0,0.0,0.0,0.0,0.0,0.0,0.0,0.0,0.0,0.0,0.0,0.0,0.0,0.0,0.0,0.0,0.0,0.0,0.0,0.0,0.0,0.0,0.0,0.0,0.0,0.0,0.0,0.0,0.0,0.0,0.0,0.0,0.0,0.0,0.0,0.0,0.0,0.0,0.0,0.0,0.0,0.0,0.0,0.0,0.0,0.0,0.0,0.0,0.0,0.0,0.0,0.0,0.0,0.0,0.0,0.0,0.0,0.0,0.0,0.0,0.0,0.0,0.0,0.0,0.0,0.0,0.0,0.0,0.0,0.0,0.0,0.0,0.0,0.0,0.0,0.0,0.0,0.0,0.0,0.0,0.0,0.0,0.0,0.0,0.0,0.0,0.0,0.0,0.0,0.0,0.0,0.0,0.0,0.0,0.0,0.0,0.0,0.0,0.0,0.0,0.0,0.0,0.0,0.0,0.0,0.0,0.0,0.0,0.0,0.0,0.0,0.0,0.0,0.0,0.0,0.0,0.0,0.0,0.0,0.0,0.0,0.0,0.0,0.0,0.0,0.0,0.0,0.0,0.0,0.0,0.0,0.0,0.0,0.0,0.0,0.0,0.0,0.0,0.0,0.0
3091,0.0,0.0,0.0,0.0,0.0,0.0,0.0,0.0,0.0,0.0,0.0,0.0,0.0,0.0,0.0,0.0,0.0,0.0,0.0,0.0,0.0,0.0,0.0,0.0,0.0,0.0,0.0,0.0,0.0,0.0,0.0,0.0,0.0,0.0,0.0,0.0,0.0,0.0,0.0,0.0,0.0,0.0,0.0,0.0,0.0,0.0,0.0,0.0,0.0,0.014493,0.0,0.0,0.0,0.0,0.0,0.0,0.0,0.0,0.0,0.0,0.0,0.0,0.0,0.0,0.0,0.0,0.0,0.0,0.0,0.0,0.0,0.0,0.0,0.0,0.0,0.0,0.0,0.0,0.0,0.0,0.0,0.0,0.0,0.0,0.0,0.0,0.0,0.0,0.0,0.04,0.0,0.0,0.0,0.0,0.0,0.0,0.0,0.0,0.0,0.0,0.0,0.0,0.0,0.0,0.0,0.0,0.0,0.0,0.0,0.0,0.0,0.0,0.0,0.0,0.0,0.0,0.0,0.0,0.0,0.0,0.0,0.0,0.0,0.0,0.0,0.0,0.0,0.0,0.0,0.0,0.0,0.0,0.0,0.0,0.0,0.0,0.0,0.0,0.0,0.0,0.0,0.0,0.0,0.0,0.0,0.0,0.0,0.0,0.0,0.0,0.0,0.0,0.0,0.0,0.0,0.0,0.0,0.0,0.0,0.0,0.041667,0.0,0.0,0.0,0.0,0.0,0.0,0.0,1.0,0.111111,0.0,0.0,0.0,0.0,0.0,0.0,0.0,0.0,0.0,0.0,0.0,0.0,0.0,0.0,0.0,0.0,0.0,0.0,0.0,0.0,0.0,0.0,0.0,0.0,0.0,0.0,0.0,0.0,0.0,0.0,0.0,0.0,0.0,0.0,0.0,0.0,0.001701,0.0,0.003101,0.0,0.001185,0.006876,0.0,0.0,0.0,0.000428,0.000392,0.0,0.0,0.0,0.0,0.0,0.0,0.0,0.0,0.000189,0.0,0.0,0.0,0.0,0.0,0.00094,0.0,0.0,0.0,0.0,0.0,0.0,0.0,0.0,0.0,0.0,0.0,0.0,0.0,0.0,0.0,0.0,0.0,0.0,0.0,0.0,0.0,0.0,0.0,0.0,0.0,0.0,0.0,0.0,0.0,0.0,0.0,0.004525,0.001976,0.0,0.0,0.0,0.0,0.0,0.0,0.0,0.0,0.0,0.0,0.0,0.0,0.0,0.0,0.0,0.0,0.0,0.0,0.0,0.0,0.0,0.0,0.0,0.0,0.0,0.0,0.0,0.0,0.0,0.0,0.0,0.0,0.0,0.0,0.0,0.0,0.0,0.0,0.0,0.0,0.0,0.0,0.0,0.0,0.0,0.0,0.0,0.0,0.0,0.0,0.0,0.0,0.0,0.0,0.0,0.0,0.0,0.0,0.0,0.000355,0.011364,0.0,0.0,0.000702,0.0,0.0,0.0,0.000155,0.0,0.0,0.0,0.0,0.0,0.0,0.0,0.0,0.0,0.0,0.0,0.0,0.0,0.0,0.0,0.0,0.0,0.0,0.0,0.0,0.0,0.0,0.0,0.00082,0.0,0.0,0.0,0.0,0.0,0.0,0.0,0.0,0.0,0.0,0.0,0.002941,0.0,0.0,0.0,0.0,0.0,0.0,0.0,0.0,0.0,0.0,0.0,0.0,0.0,0.0,0.0,0.0,0.0,0.0,0.0,0.0,0.0,0.0,0.0,0.0,0.001497,0.0,0.0,0.0,0.0,0.0,0.0,0.0,0.0,0.0,0.0,0.0,0.0,0.0,0.0,0.0,0.0,8.8e-05,0.0,0.0,0.0,0.0,0.0
3092,0.0,0.0,0.0,0.0,0.0,0.0,0.0,0.0,0.0,0.0,0.0,0.0,0.0,0.0,0.0,0.0,0.0,0.0,0.0,0.0,0.0,0.00157,0.0,0.0,0.0,0.0,0.0,0.0,0.0,0.0,0.0,0.0,0.0,0.0,0.0,0.0,0.0,0.0,0.0,0.0,0.0,0.0,0.0,0.0,0.0,0.0,0.0,0.0,0.0,0.0,0.0,0.0,0.0,0.0,0.0,0.0,0.0,0.0,0.0,0.0,0.0,0.0,0.0,0.0,0.0,0.0,0.0,0.0,0.002525,0.0,0.0,0.0,0.0,0.0,0.0,0.0,0.0,0.0,0.0,0.0,0.0,0.0,0.0,0.0,0.0,0.0,0.0,0.0,0.0,0.0,0.0,0.0,0.0,0.0,0.0,0.0,0.0,0.0,0.0,0.0,0.0,0.0,0.0,0.0,0.0,0.0,0.0,0.0,0.0,0.0,0.0,0.0,0.0,0.0,0.0,0.0,0.0,0.0,0.0,0.0,0.0,0.0,0.0,0.0,0.0,0.0,0.0,0.0,0.0,0.0,0.0,0.0,0.0,0.0,0.0,0.0,0.0,0.0,0.0,0.0,0.0,0.0,0.0,0.0,0.0,0.0,0.0,0.0,0.0,0.0,0.0,0.0,0.0,0.0,0.0,0.0,0.0,0.0,0.0,0.0,0.0,0.0,0.0,0.0,0.0,0.0,0.0,0.0,0.111111,1.0,0.0,0.0,0.0,0.0,0.0,0.0,0.0,0.0,0.0,0.0,0.0,0.0,0.0,0.0,0.0,0.0,0.0,0.0,0.0,0.0,0.0,0.0,0.0,0.0,0.0,0.0,0.0,0.0,0.0,0.0,0.0,0.0,0.0,0.0,0.0,0.0,0.0,0.0,0.00155,0.0,0.000296,0.001965,0.0,0.0,0.0,0.000428,0.000196,0.0,0.0,0.003175,0.0,0.0,0.0,0.000254,0.0,0.0,0.000104,0.0,0.0,0.0,0.0,0.00047,0.0,0.0,0.0,0.0,0.0,0.0,0.0,0.0,0.0,0.0,0.0,0.0,0.0,0.0,0.0,0.0,0.0,0.0,0.0,0.0,0.0,0.0,0.0,0.0,0.0,0.0,0.0,0.0,0.0,0.0,0.0,0.001508,0.0,0.0,0.0,0.0,0.0,0.0,0.0,0.0,0.0,0.0,0.0,0.0,0.0,0.0,0.0,0.0,0.0,0.0,0.0,0.0,0.0,0.0,0.0,0.0,0.0,0.0,0.0,0.0,0.0,0.0,0.0,0.0,0.0,0.0,0.0,0.0,0.0,0.0,0.0,0.0,0.0,0.0,0.0,0.0,0.0,0.0,0.0,0.0,0.0,0.0,0.0,0.0,0.0,0.0,0.0,0.0,0.0,0.0,0.0,0.0,0.0,0.0,0.0,0.0,0.0,0.0,0.0,0.0,0.0,0.0,0.0,0.0,0.0,0.0,0.000372,0.0,0.0,0.0,0.0,0.0,0.0,0.0,0.0,0.0,0.0,0.0,0.0,0.0,0.0,0.0,0.0,0.0,0.0,0.0,0.0,0.0,0.0,0.0,0.0,0.0,0.0,0.0,0.0,0.0,0.0,0.0,0.0,0.0,0.0,0.0,0.0,0.0,0.0,0.0,0.0,0.0,0.0,0.0,0.0,0.0,0.0,0.0,0.0,0.0,0.0,0.0,0.0,0.0,0.0,0.0,0.0,0.0,0.0,0.0,0.0,0.0,0.0,0.0,0.0,0.0,0.0,0.0,0.0,0.0,0.0,0.0,0.0,0.0,0.0,0.0,0.0,0.0
3099,0.0,0.0,0.0,0.0,0.0,0.0,0.0,0.0,0.0,0.0,0.0,0.0,0.0,0.0,0.0,0.0,0.0,0.0,0.0,0.0,0.0,0.0,0.0,0.0,0.0,0.0,0.0,0.0,0.0,0.0,0.0,0.0,0.0,0.0,0.0,0.0,0.0,0.0,0.0,0.0,0.0,0.0,0.0,0.0,0.0,0.0,0.0,0.0,0.0,0.0,0.0,0.0,0.0,0.0,0.0,0.0,0.0,0.0,0.0,0.0,0.0,0.0,0.0,0.0,0.0,0.0,0.0,0.0,0.0,0.0,0.0,0.0,0.0,0.0,0.0,0.0,0.0,0.0,0.0,0.0,0.0,0.0,0.0,0.0,0.0,0.0,0.0,0.0,0.0,0.0,0.0,0.0,0.0,0.0,0.0,0.0,0.0,0.0,0.0,0.0,0.0,0.0,0.0,0.0,0.0,0.0,0.0,0.0,0.0,0.0,0.0,0.0,0.0,0.0,0.0,0.0,0.0,0.0,0.0,0.0,0.0,0.026316,0.0,0.0,0.0,0.0,0.010753,0.010989,0.0,0.0,0.0,0.0,0.0,0.0,0.0,0.0,0.0,0.0,0.0,0.0,0.0,0.0,0.0,0.034483,0.0,0.0,0.047619,0.0,0.0625,0.066667,0.0,0.0,0.0,0.0,0.058824,0.0,0.0,0.034483,0.0,0.037037,0.0,0.0,0.0,0.027027,0.0,0.0,0.0,0.0,0.0,0.0,1.0,0.000998,0.0,0.0,0.0,0.0,0.0,0.0,0.0,0.0,0.0,0.0,0.0,0.0,0.0,0.0,0.0,0.0,0.0,0.0,0.0,0.0,0.0,0.0,0.0,0.0,0.0,0.000498,0.0,0.0,0.008065,0.0,0.0,0.0,0.003436,0.0,0.001701,0.001721,0.0,0.0,0.0,0.0,0.0,0.0,0.0,0.0,0.0,0.0,0.0,0.0,0.0,0.0,0.0,0.0,0.0,0.0,0.0,0.0,0.0,0.0,0.0,0.0,0.0,0.0,0.0,0.0,0.0,0.0,0.0,0.0,0.0,0.0,0.0,0.0,0.0,0.0,0.0,0.0,0.0,0.0,0.0,0.0,0.0,0.0,0.0,4.9e-05,0.0,0.0,0.0,0.0,0.0,0.0,0.0,0.0,0.0,0.0,0.0,0.0,0.0,0.0,0.0,0.0,0.0,0.0,0.0,0.0,0.0,0.0,0.0,0.0,0.0,0.0,0.0,0.0,0.0,0.0,0.0,0.0,0.0,0.0,0.0,0.0,0.0,0.0,0.0,0.0,0.0,0.0,0.0,0.0,0.0,0.0,0.0,0.0,0.0,0.0,0.0,0.0,0.0,0.0,0.0,0.0,0.0,0.0,0.0,0.0,0.0,0.0,0.000964,0.0,0.0,0.0,0.0,0.0,0.0,0.0,0.0,0.0,0.0,0.0,0.0,0.0,0.0,0.0,0.0,0.0,0.0,0.0,0.0,0.0,0.0,0.0,0.0,0.0,0.0,0.0,0.0,0.0,0.0,0.0,0.0,0.0,0.0,0.0,0.0,0.0,0.0,0.0,0.0,0.0,0.0,0.0,0.0,0.0,0.0,0.0,0.0,0.0,0.0,0.0,0.0,0.0,0.0,0.0,0.0,0.0,0.0,0.0,0.0,0.0,0.0,0.0,0.0,0.0,0.0,0.0,0.0,0.0,0.0,0.0,0.0,0.0,0.0,0.0,0.0,0.0,0.0,0.0,0.0,0.0,0.0,0.0,0.0,0.0,0.0,0.0,0.0,0.0,0.0,0.0,0.0,0.0,0.0,0.0,0.0,0.0
3100,0.000998,0.002994,0.0,0.001996,0.0,0.0,0.0,0.001996,0.0,0.0011,0.0,0.0,0.000998,0.0,0.000623,0.0,0.0,0.001996,0.001855,0.0,0.0,0.000998,0.0,0.000998,0.003992,0.001996,0.0,0.0,0.0,0.0,0.002994,0.0,0.0,0.0,0.0,0.0,0.000792,0.0,0.0,0.0,0.0,0.0,0.0,0.0,0.0,0.0,0.0,0.0,0.0,0.0,0.0,0.0,0.0,0.000998,0.0,0.001996,0.0,0.0,0.001949,0.0,0.0,0.0,0.000998,0.0,0.0,0.0,0.0,0.0,0.001996,0.0,0.0,0.000998,0.000998,0.0,0.007984,0.000998,0.0,0.0,0.004411,0.000998,0.0,0.0,0.0,0.0,0.00998,0.001996,0.013972,0.0,0.003992,0.000998,0.0,0.0,0.001996,0.000998,0.0,0.0,0.000998,0.0,0.0,0.0,0.0,0.0,0.001996,0.0,0.0,0.0,0.0,0.002994,0.0,0.0,0.0,0.002994,0.0,0.002994,0.0,0.0,0.001996,0.0,0.001996,0.0,0.011976,0.001996,0.0,0.0,0.0,0.00499,0.001996,0.002994,0.0,0.0,0.0,0.0,0.0,0.0,0.0,0.0,0.0,0.0,0.0,0.0,0.0,0.0,0.001996,0.000998,0.000998,0.0,0.001996,0.0,0.000998,0.000998,0.0,0.0,0.003992,0.000998,0.000998,0.0,0.000998,0.000998,0.0,0.001996,0.0,0.0,0.000998,0.001996,0.0,0.000998,0.0,0.0,0.0,0.0,0.000998,1.0,0.0,0.0,0.000998,0.000998,0.000998,0.000998,0.002994,0.000998,0.002994,0.001996,0.001996,0.0,0.0,0.0,0.0,0.0,0.0,0.0,0.0,0.000998,0.0,0.0,0.0,0.0,0.0,0.003984,0.001996,0.001996,0.000998,0.0,0.000998,0.000998,0.001996,0.0,0.01996,0.002994,0.001996,0.00344,0.001185,0.003929,0.001996,0.001267,0.002075,0.003423,0.012542,0.002994,0.000998,0.0,0.009905,0.000998,0.000998,0.009669,0.003423,0.003398,0.003831,0.00402,0.001577,0.002311,0.0,0.003291,0.002208,0.006986,0.003992,0.0103,0.0,0.04354,0.00365,0.0,0.003992,0.0,0.00137,0.001311,0.002406,0.0,0.0,0.000998,0.0,0.001996,0.003771,0.0,0.0,0.002564,0.005603,0.005193,0.0,0.0,0.0,0.0,0.0,0.0,0.0,0.010978,0.000998,0.0,0.0,0.0,0.001889,0.0,0.0,0.003668,0.0,0.0,0.003473,0.000998,0.0,0.003589,0.0,0.0,0.0,0.0,0.0,0.0,0.0,0.0,0.001996,0.0,0.0,0.0,0.0,0.0,0.002994,0.0,0.0,0.000998,0.0,0.0,0.0,0.0,0.0,0.0,0.0,0.0,0.0,0.0,0.0,0.0,0.0,0.0,0.0,0.0,0.0,0.0,0.0,0.0,0.0,0.0,0.002893,0.004926,0.003106,0.002574,0.002381,0.000892,0.006041,0.0,0.0,0.0,0.006316,0.0,0.00998,0.0,0.002175,0.0,0.0,0.0,0.0,0.000998,0.00298,0.0,0.0,0.0,0.0,0.000998,0.0,0.000998,0.0,0.0,0.0,0.0,0.001996,0.003992,0.000998,0.0,0.002994,0.0,0.006557,0.000998,0.0,0.0,0.0,0.0,0.0,0.0,0.0,0.0,0.0,0.001996,0.0,0.0,0.002246,0.000998,0.0,0.002824,0.001996,0.0,0.000325,0.000531,0.0,0.0,0.0,0.000998,0.0,0.0,0.008982,0.0,0.0,0.0,0.001996,0.003717,0.0,0.002994,0.0,0.001996,0.0,0.000998,0.0,0.0,0.0,0.0,0.000998,0.003992,0.0,0.000998,0.000998,0.012974,0.0,0.000998,0.004709,0.00499,0.003005,0.0,0.000998,0.0,0.0,0.0
3211,0.0,0.0,0.0,0.0,0.0,0.0,0.0,0.0,0.0,0.0,0.0,0.0,0.0,0.0,0.0,0.0,0.0,0.0,0.0,0.0,0.0,0.0,0.0,0.0,0.0,0.0,0.0,0.0,0.0,0.0,0.0,0.0,0.0,0.0,0.0,0.0,0.0,0.0,0.0,0.0,0.0,0.0,0.0,0.0,0.005195,0.0,0.0,0.0,0.0,0.0,0.0,0.002481,0.0,0.002375,0.0,0.0,0.0,0.0,0.00065,0.0,0.0,0.0,0.0,0.0,0.0,0.0,0.0,0.0,0.0,0.0,0.0,0.0,0.0,0.0,0.0,0.0,0.0,0.0,0.001203,0.0,0.0,0.0,0.0,0.0,0.0,0.0,0.0,0.0,0.0,0.0,0.0,0.0,0.001508,0.0,0.0,0.0,0.0,0.0,0.0,0.0,0.0,0.0,0.0,0.0,0.0,0.0,0.0,0.0,0.0,0.0,0.0,0.0,0.0,0.0,0.0,0.0,0.0,0.007519,0.0,0.0,0.0,0.0,0.0,0.0,0.0,0.0,0.0,0.007519,0.0,0.0,0.0,0.0,0.0,0.0,0.0,0.0,0.0,0.0,0.0,0.0,0.0,0.0,0.0,0.0,0.0,0.0,0.0,0.0,0.0,0.0,0.0,0.0,0.0,0.0,0.0,0.0,0.0,0.0,0.0,0.0,0.0,0.0,0.0,0.0,0.0,0.0,0.0,0.0,0.0,0.0,0.0,0.0,1.0,0.052632,0.0,0.0,0.007519,0.0,0.00303,0.007519,0.0,0.0,0.0,0.0,0.0,0.0,0.0,0.0,0.0,0.0,0.0,0.0,0.0,0.0,0.0,0.0,0.0,0.000498,0.0,0.0,0.0,0.0,0.0,0.0,0.003436,0.0,0.0,0.0,0.0,0.0,0.0,0.0,0.001,0.0,0.000148,0.0,0.001372,0.0,0.0,0.0,0.000825,0.0,0.008969,0.000509,0.000489,0.000378,0.000207,0.000731,0.0,0.0,0.0,0.0,0.001472,0.0,0.0,0.000234,0.005882,0.0,0.000912,0.0,0.0,0.0,0.000342,0.000218,0.005052,0.0,0.0,0.0,0.0,0.0,0.000539,0.0,0.0,0.000183,0.000647,0.000247,0.0,0.0,0.0,0.0,0.0,0.0,0.0,0.0,0.001976,0.0,0.0,0.0,0.0,0.0,0.0,0.0,0.0,0.0,0.000323,0.0,0.0,0.0,0.0,0.0,0.0,0.0,0.0,0.0,0.0,0.0,0.0,0.0,0.0,0.0,0.0,0.0,0.001258,0.0,0.0,0.0,0.0,0.0,0.0,0.0,0.0,0.0,0.0,0.0,0.0,0.0,0.0,0.0,0.0,0.0,0.0,0.0,0.0,0.0,0.0,0.0,0.0,0.0,0.001929,0.001798,0.000776,0.001103,0.0,0.000446,0.000355,0.0,0.0,0.007519,0.000702,0.0,0.003012,0.0,0.000621,0.0,0.00625,0.0,0.0,0.0,0.0,0.0,0.0,0.0,0.0,0.003497,0.0,0.0,0.0,0.0,0.0,0.0,0.0,0.002088,0.004878,0.0,0.002227,0.0,0.001639,0.0,0.0,0.0,0.0,0.0,0.007519,0.0,0.0,0.0,0.0,0.0,0.0,0.0,0.001497,0.004587,0.0,0.000471,0.0,0.0,0.0,0.0,0.0,0.007519,0.0,0.0,0.0,0.0,0.0,0.0,0.0,0.0,0.0,0.000929,0.0,0.0,0.0,0.002994,0.0,0.0,0.0,0.0,0.0,0.0,0.0,0.0,0.0,0.0,0.0,0.0,0.044444,0.0,0.000428,0.0,0.000353,0.0,0.0,0.0,0.0,0.0
3212,0.0,0.0,0.0,0.0,0.0,0.0,0.0,0.0,0.0,0.00055,0.006993,0.0,0.0,0.0,0.0,0.0,0.0,0.0,0.000371,0.0,0.0,0.0,0.0,0.0,0.0,0.0,0.0,0.0,0.0,0.0,0.0,0.0,0.0,0.0,0.0,0.0,0.0,0.0,0.0,0.0,0.0,0.0,0.0,0.0,0.0,0.0,0.0,0.0,0.0,0.0,0.0,0.0,0.0,0.002375,0.0,0.0,0.0,0.0,0.00065,0.0,0.0,0.0,0.0,0.0,0.0,0.0,0.0,0.0,0.0,0.0,0.0,0.0,0.0,0.0,0.0,0.0,0.0,0.0,0.000401,0.0,0.0,0.0,0.0,0.0,0.0,0.0,0.0,0.0,0.0,0.0,0.0,0.0,0.0,0.0,0.0,0.0,0.0,0.0,0.0,0.0,0.0,0.003311,0.0,0.0,0.0,0.0,0.0,0.0,0.012195,0.0,0.0,0.0,0.0,0.0,0.0,0.0,0.0,0.014706,0.014706,0.0,0.0,0.0,0.0,0.0,0.0,0.0,0.0,0.010989,0.0,0.0,0.0,0.0,0.0,0.0,0.0,0.0,0.0,0.0,0.0,0.0,0.0,0.0,0.0,0.0,0.0,0.0,0.0,0.0,0.0,0.0,0.0,0.0,0.0,0.0,0.0,0.0,0.0,0.0,0.0,0.0,0.0,0.0,0.0,0.0,0.0,0.0,0.0,0.0,0.0,0.0,0.0,0.0,0.052632,1.0,0.0,0.0,0.0,0.0,0.0,0.0,0.0,0.0,0.0,0.0,0.0,0.0,0.0,0.0,0.0,0.0,0.0,0.0,0.0,0.0,0.0,0.0,0.0,0.0,0.0,0.0,0.0,0.0,0.0,0.0,0.0,0.0,0.0,0.0,0.0,0.0,0.000593,0.0,0.001,0.0,0.000148,0.000428,0.000588,0.0,0.0,0.0,0.000413,0.0,0.0,0.000254,0.000489,0.000378,0.000104,0.001827,0.000158,0.0,0.0,0.0,0.000368,0.001504,0.0,0.0,0.0,0.0,0.000456,0.0,0.0,0.0,0.000514,0.000218,0.002406,0.0,0.0,0.0,0.0,0.0,0.0,0.0,0.0,0.0,7.2e-05,4.9e-05,0.0,0.0,0.0,0.0,0.0,0.0,0.0,0.001508,0.0,0.0,0.0,0.0,0.000944,0.0,0.0,0.000367,0.0,0.0,8.1e-05,0.001127,0.0,0.0,0.0,0.0,0.0,0.0,0.0,0.0,0.0,0.0,0.0,0.0,0.0,0.0,0.0,0.0,0.0,0.003115,0.0,0.0,0.0,0.0,0.0,0.0,0.0,0.0,0.0,0.0,0.0,0.014706,0.0,0.0,0.0,0.0,0.0,0.0,0.0,0.0,0.0,0.0,0.0,0.0,0.0,0.000391,0.0,0.000735,0.0,0.000892,0.0,0.0,0.0,0.0,0.0,0.010753,0.0,0.005291,0.000155,0.0,0.0,0.0,0.0,0.0,0.000372,0.0,0.0,0.0,0.0,0.0,0.0,0.0,0.0,0.0,0.0,0.0,0.0,0.0,0.0,0.002037,0.0,0.0,0.0,0.0,0.0,0.0,0.0,0.0,0.0,0.0,0.0,0.0,0.0,0.0,0.0,0.0,0.000749,0.0,0.0,0.0,0.0,0.0,0.0,0.0,0.0,0.0,0.0,0.0,0.0,0.0,0.0,0.0,0.0,0.0,0.0,0.0,0.0,0.0,0.0,0.0,0.0,0.0,0.0,0.0,0.0,0.0,0.0,0.0,0.0,0.0,0.0,0.0,0.004444,0.001767,0.0,0.0,0.000265,0.0,0.0,0.0,0.0,0.0
3220,0.0,0.0,0.0,0.0,0.0,0.0,0.0,0.0,0.0,0.0,0.0,0.0,0.0,0.0,0.0,0.0,0.0,0.0,0.0,0.0,0.0,0.0,0.0,0.0,0.0,0.0,0.0,0.0,0.0,0.0,0.0,0.0,0.0,0.0,0.0,0.0,0.0,0.0,0.0,0.0,0.0,0.0,0.0,0.0,0.0,0.0,0.0,0.0,0.0,0.0,0.0,0.0,0.0,0.0,0.0,0.0,0.0,0.0,0.0,0.0,0.0,0.0,0.0,0.0,0.0,0.0,0.0,0.0,0.0,0.0,0.0,0.0,0.0,0.0,0.0,0.0,0.0,0.0,0.0,0.0,0.0,0.0,0.0,0.0,0.0,0.0,0.0,0.0,0.0,0.0,0.0,0.0,0.001508,0.0,0.0,0.0,0.0,0.0,0.0,0.0,0.0,0.0,0.0,0.0,0.0,0.0,0.0,0.0,0.0,0.0,0.0,0.0,0.0,0.0,0.0,0.0,0.0,0.0,0.0,0.0,0.0,0.0,0.0,0.0,0.0,0.0,0.0,0.0,0.0,0.0,0.0,0.0,0.0,0.0,0.0,0.0,0.0,0.0,0.0,0.0,0.0,0.0,0.0,0.0,0.0,0.0,0.0,0.0,0.0,0.0,0.0,0.0,0.0,0.0,0.0,0.0,0.0,0.0,0.0,0.0,0.0,0.0,0.0,0.0,0.0,0.0,0.0,0.0,0.0,0.0,0.0,0.000998,0.0,0.0,1.0,0.0,0.0,0.0,0.0,0.0,0.0,0.0,0.0,0.0,0.0,0.0,0.0,0.0,0.0,0.0,0.0,0.0,0.0,0.0,0.0,0.0,0.0,0.0,0.0,0.0,0.0,0.0,0.0,0.0,0.0,0.0,0.0,0.0,0.0,0.0,0.000296,0.0,0.0,0.0,0.0,0.0,0.000196,0.0,0.0,0.0,0.0,0.0,0.0,0.000254,0.0,0.0,0.0,0.0,0.0,0.0,0.0,0.0,0.0,0.0,0.0,0.000234,0.0,0.000357,0.0,0.0,0.0,0.0,0.000171,0.0,0.0,0.0,0.0,0.0,0.0,0.0,0.0,0.0,0.0,0.000183,0.000144,0.0,0.0,0.0,0.0,0.0,0.0,0.0,0.0,0.0,0.0,0.0,0.0,0.0,0.0,0.0,0.0,0.000367,0.0,0.0,0.0,0.0,0.0,0.0,0.0,0.0,0.0,0.0,0.0,0.0,0.0,0.0,0.0,0.0,0.0,0.0,0.0,0.0,0.0,0.0,0.0,0.0,0.0,0.0,0.0,0.0,0.0,0.0,0.0,0.0,0.0,0.0,0.0,0.0,0.0,0.0,0.0,0.0,0.0,0.0,0.0,0.0,0.0,0.0,0.0,0.0,0.0,0.0,0.0,0.0,0.0,0.0,0.0,0.0,0.0,0.0,0.0,0.0,0.0,0.0,0.0,0.0,0.0,0.002353,0.0,0.0,0.0,0.0,0.0,0.0,0.0,0.0,0.0,0.0,0.0,0.0,0.0,0.0,0.0,0.0,0.0,0.0,0.0,0.0,0.0,0.0,0.0,0.0,0.0,0.0,0.0,0.0,0.0,0.0,0.0,0.0,0.0,0.0,0.0,0.000471,0.0,0.0,0.0,0.0,0.0,0.0,0.0,0.0,0.0,0.0,0.0,0.0,0.0,0.0,0.0,0.0,0.0,0.0,0.0,0.0,0.0,0.0,0.0,0.0,0.0,0.0,0.0,0.0,0.0,0.0,0.0,0.0,0.0,0.0,0.0,0.0,8.8e-05,0.0,0.0,0.0,0.0,0.0
3230,0.0,0.0,0.0,0.0,0.0,0.0,0.0,0.0,0.0,0.0,0.0,0.0,0.0,0.0,0.0,0.0,0.0,0.0,0.0,0.0,0.0,0.0,0.0,0.0,0.0,0.0,0.0,0.0,0.0,0.0,0.0,0.0,0.0,0.0,0.0,0.0,0.0,0.0,0.0,0.0,0.0,0.0,0.0,0.0,0.0,0.0,0.0,0.0,0.0,0.0,0.0,0.0,0.0,0.0,0.0,0.0,0.0,0.0,0.0,0.0,0.0,0.0,0.0,0.0,0.0,0.0,0.0,0.0,0.0,0.0,0.0,0.0,0.0,0.0,0.003195,0.0,0.0,0.0,0.000802,0.0,0.0,0.0,0.0,0.0,0.0,0.0,0.0,0.0,0.0,0.0,0.0,0.0,0.0,0.0,0.0,0.0,0.0,0.0,0.0,0.0,0.0,0.0,0.0,0.0,0.0,0.0,0.0,0.0,0.0,0.0,0.0,0.0,0.0,0.0,0.0,0.0,0.0,0.0,0.0,0.0,0.0,0.0,0.0,0.0,0.0,0.0,0.0,0.0,0.0,0.0,0.0,0.0,0.0,0.0,0.0,0.0,0.0,0.0,0.0,0.0,0.0,0.0,0.0,0.0,0.0,0.0,0.0,0.0,0.0,0.0,0.0,0.0,0.0,0.0,0.0,0.0,0.0,0.0,0.0,0.0,0.0,0.0,0.0,0.0,0.0,0.0,0.0,0.0,0.0,0.0,0.0,0.000998,0.0,0.0,0.0,1.0,0.015152,0.0,0.0,0.0,0.0,0.0,0.0,0.0,0.0,0.0,0.0,0.0,0.0,0.0,0.0,0.0,0.0,0.0,0.0,0.0,0.0,0.0,0.0,0.0,0.0,0.0,0.0,0.0,0.003436,0.0,0.0,0.0,0.0,0.0,0.0,0.0,0.0,0.0,0.0,0.000428,0.001176,0.0,0.0,0.0,0.000825,0.0,0.0,0.000254,0.000489,0.000378,0.000104,0.0,0.0,0.0,0.0,0.0,0.0,0.0,0.0,0.000234,0.0,0.0,0.0,0.0,0.011673,0.0,0.0,0.0,0.0,0.0,0.0,0.0,0.0,0.0,0.0,0.0,0.0,0.0,7.2e-05,4.9e-05,0.0,0.0,0.0,0.0,0.0,0.0,0.0,0.0,0.0,0.0,0.0,0.0,0.0,0.001718,0.0,0.0,0.0,0.0,0.0,0.0,0.0,0.0,0.0,0.0,0.0,0.0,0.0,0.0,0.0,0.0,0.0,0.0,0.0,0.0,0.0,0.0,0.0,0.0,0.0,0.0,0.0,0.0,0.0,0.0,0.0,0.0,0.0,0.0,0.0,0.0,0.0,0.0,0.0,0.0,0.0,0.0,0.0,0.0,0.0,0.0,0.0,0.0,0.0,0.000156,0.0,0.000368,0.0,0.0,0.000711,0.0,0.0,0.0,0.000702,0.0,0.0,0.0,0.000155,0.0,0.0,0.0,0.0,0.0,0.0,0.0,0.0,0.0,0.0,0.0,0.0,0.0,0.0,0.0,0.0,0.0,0.0,0.002088,0.0,0.0,0.0,0.0,0.0,0.0,0.0,0.0,0.0,0.0,0.0,0.0,0.0,0.0,0.0,0.0,0.0,0.0,0.0,0.0,0.0,0.0,0.0,0.0,0.0,0.0,0.0,0.0,0.0,0.0,0.0,0.0,0.0,0.0,0.0,0.0,0.0,0.001859,0.0,0.003257,0.0,0.0,0.0,0.0,0.0,0.0,0.0,0.0,0.0,0.0,0.010526,0.0,0.0,0.0,0.0,0.0,0.0,0.0,0.000177,0.0,0.0,0.0,0.0,0.0
3240,0.0,0.001043,0.0,0.0,0.0,0.0,0.0,0.0,0.0,0.0,0.0,0.0,0.0,0.0,0.0,0.0,0.0,0.0,0.0,0.0,0.0,0.0,0.0,0.0,0.0,0.0,0.0,0.0,0.0,0.0,0.0,0.0,0.0,0.0,0.0,0.0,0.0,0.0,0.0,0.0,0.0,0.0,0.0,0.0,0.0,0.0,0.0,0.0,0.0,0.0,0.0,0.0,0.0,0.0,0.0,0.0,0.0,0.0,0.0,0.0,0.0,0.0,0.0,0.0,0.0,0.012195,0.0,0.0,0.0,0.0,0.015152,0.0,0.0,0.0,0.003195,0.0,0.0,0.0,0.001604,0.0,0.0,0.0,0.0,0.0,0.0,0.0,0.002604,0.0,0.0,0.0,0.0,0.0,0.0,0.001629,0.0,0.0,0.0,0.0,0.0,0.0,0.0,0.003311,0.0,0.0,0.0,0.0,0.0,0.005848,0.0,0.0,0.0,0.0,0.0,0.0,0.0,0.0,0.0,0.0,0.0,0.0,0.0,0.0,0.0,0.0,0.0,0.0,0.0,0.0,0.0,0.0,0.0,0.0,0.0,0.0,0.0,0.0,0.0,0.0,0.0,0.0,0.0,0.0,0.0,0.0,0.0,0.0,0.0,0.0,0.0,0.0,0.0,0.0,0.0,0.0,0.0,0.0,0.0,0.0,0.0,0.0,0.0,0.0,0.0,0.0,0.0,0.0,0.0,0.0,0.0,0.0,0.0,0.000998,0.007519,0.0,0.0,0.015152,1.0,0.0,0.0,0.0,0.0,0.0,0.0,0.0,0.0,0.0,0.0,0.0,0.0,0.0,0.0,0.0,0.0,0.0,0.0,0.0,0.0,0.000498,0.0,0.0,0.0,0.0,0.0,0.0,0.0,0.0,0.001701,0.0,0.0,0.000265,0.0,0.000982,0.0,0.0,0.000296,0.000428,0.000392,0.0,0.0,0.0,0.000825,0.0,0.0,0.0,0.0,0.000566,0.000828,0.001462,0.0,0.000867,0.0,0.0,0.000368,0.001504,0.0,0.000702,0.0,0.000714,0.0,0.0,0.0,0.018779,0.000342,0.000218,0.000481,0.0,0.0,0.0,0.0,0.0,0.0,0.0,0.0,0.0,0.0,4.9e-05,0.0,0.0,0.0,0.0,0.0,0.0,0.0,0.0,0.0,0.0,0.0,0.0,0.0,0.0,0.0,0.0,0.0,0.0,0.000404,0.0,0.0,0.002392,0.0,0.0,0.0,0.0,0.0,0.0,0.0,0.0,0.0,0.0,0.0,0.0,0.0,0.0,0.0,0.0,0.0,0.0,0.0,0.0,0.0,0.0,0.0,0.0,0.0,0.0,0.0,0.0,0.0,0.0,0.0,0.0,0.0,0.0,0.0,0.0,0.0,0.0,0.0,0.0,0.0,0.000391,0.0,0.000368,0.0,0.000446,0.0,0.0,0.0,0.0,0.0,0.0,0.0,0.0,0.000155,0.0,0.0,0.0,0.0,0.0,0.000372,0.0,0.0,0.0,0.0,0.0,0.0,0.0,0.0,0.0,0.0,0.0,0.0,0.0,0.0,0.0,0.0,0.0,0.0,0.0,0.0,0.0,0.0,0.0,0.0,0.0,0.0,0.0,0.0,0.0,0.002941,0.0,0.0,0.0,0.012987,0.0,0.0,0.0,0.0,0.0,0.0,0.0,0.0,0.0,0.0,0.0,0.001208,0.0,0.0,0.0,0.002967,0.0,0.0,0.0,0.0,0.002994,0.0,0.0,0.0,0.0,0.0,0.0,0.0,0.0,0.0,0.0,0.0,0.0,0.004444,0.0,0.0,0.0,0.00053,0.0,0.0,0.0,0.0,0.0
3250,0.0,0.001043,0.0,0.0,0.0,0.0,0.0,0.0,0.0,0.00055,0.0,0.0,0.0,0.0,0.000623,0.0,0.0,0.0,0.000371,0.0,0.0,0.00314,0.0,0.0,0.0,0.0,0.0,0.0,0.0,0.0,0.0,0.0,0.0,0.0,0.0,0.0,0.0,0.0,0.0,0.0,0.0,0.0,0.0,0.0,0.0,0.0,0.0,0.0,0.0,0.0,0.0,0.0,0.0,0.0,0.0,0.0,0.0,0.0,0.0,0.0,0.0,0.0,0.0,0.0,0.0,0.0,0.0,0.0,0.0,0.0,0.0,0.0,0.0,0.0,0.0,0.0,0.0,0.0,0.000802,0.006667,0.0,0.0,0.006667,0.0,0.0,0.0,0.002604,0.0,0.0,0.0,0.0,0.0,0.0,0.0,0.0,0.0,0.006667,0.0,0.0,0.0,0.0,0.013245,0.0,0.0,0.006667,0.0,0.0,0.005848,0.0,0.0,0.0,0.0,0.0,0.0,0.0,0.0,0.0,0.0,0.0,0.0,0.0,0.0,0.0,0.0,0.0,0.0,0.006667,0.0,0.0,0.0,0.0,0.0,0.0,0.0,0.006667,0.02,0.006667,0.0,0.0,0.0,0.0,0.0,0.0,0.0,0.0,0.0,0.0,0.0,0.0,0.0,0.0,0.0,0.0,0.0,0.0,0.0,0.0,0.0,0.0,0.0,0.0,0.0,0.0,0.0,0.0,0.0,0.0,0.0,0.0,0.0,0.0,0.000998,0.0,0.0,0.0,0.0,0.0,1.0,0.0,0.0,0.0,0.033333,0.0,0.0,0.0,0.006667,0.0,0.0,0.0,0.0,0.0,0.0,0.0,0.0,0.0,0.0,0.0,0.000498,0.002123,0.0,0.0,0.0,0.0,0.0,0.003436,0.0,0.0,0.0,0.0,0.0,0.0,0.0,0.001,0.0,0.0,0.0,0.004115,0.003024,0.0,0.0,0.00454,0.0,0.0,0.0,0.001467,0.000566,0.000518,0.000365,0.000158,0.000578,0.0,0.00047,0.0,0.0,0.0,0.000702,0.005882,0.000357,0.0,0.0,0.003891,0.0,0.000342,0.000874,0.002887,0.0,0.0,0.0,0.0,0.0,0.000269,0.0,0.0,0.000183,0.000287,0.000148,0.0,0.0,0.0,0.0,0.0,0.0,0.0,0.0,0.0,0.0,0.0,0.0,0.0,0.0,0.0,0.000367,0.0,0.0,0.000323,0.001127,0.0,0.000598,0.0,0.0,0.0,0.0,0.0,0.0,0.0,0.0,0.0,0.0,0.0,0.0,0.0,0.0,0.0,0.0,0.0,0.0,0.0,0.0,0.0,0.0,0.0,0.0,0.0,0.0,0.0,0.0,0.0,0.0,0.0,0.0,0.0,0.0,0.0,0.0,0.0,0.0,0.0,0.0,0.0,0.000469,0.0,0.000368,0.0,0.000892,0.000711,0.0,0.0,0.0,0.001404,0.0,0.0,0.0,0.000932,0.0,0.0,0.0,0.006667,0.004706,0.000745,0.0,0.0,0.0,0.0,0.0,0.0,0.0,0.0,0.0,0.0,0.0,0.0,0.0,0.0,0.002037,0.0,0.0,0.001639,0.0,0.0,0.0,0.0,0.0,0.0,0.0,0.0,0.0,0.0,0.0,0.0,0.0,0.000749,0.0,0.0,0.001412,0.0,0.004608,0.006177,0.007962,0.0,0.0,0.006667,0.0,0.0,0.0,0.0,0.0,0.0,0.0,0.0,0.0,0.0,0.0,0.0,0.0,0.0,0.0,0.0,0.0,0.0,0.0,0.0,0.0,0.006667,0.0,0.0,0.0,0.0,0.0,0.000428,0.0,0.001326,0.0,0.0,0.0,0.0,0.0
3290,0.0,0.0,0.0,0.0,0.0,0.0,0.0,0.0,0.0,0.0,0.00303,0.0,0.0,0.0,0.0,0.0,0.0,0.00303,0.0,0.0,0.0,0.0,0.001661,0.0,0.001845,0.0,0.0,0.0,0.0,0.0,0.0,0.0,0.0,0.0,0.0,0.0,0.0,0.0,0.0,0.0,0.0,0.0,0.0,0.0,0.0,0.0,0.0,0.0,0.0,0.0,0.0,0.0,0.0,0.0,0.0,0.0,0.0,0.0,0.0,0.0,0.00303,0.0,0.0,0.0,0.0,0.0,0.0,0.0,0.0,0.00303,0.0,0.006061,0.0,0.0,0.006061,0.0,0.0,0.006061,0.009222,0.0,0.00303,0.0,0.0,0.0,0.00303,0.0,0.005208,0.0,0.0,0.0,0.0,0.0,0.003017,0.001629,0.0,0.0,0.0,0.0,0.0,0.0,0.0,0.0,0.00303,0.0,0.0,0.00303,0.0,0.0,0.0,0.0,0.0,0.0,0.0,0.0,0.0,0.0,0.0,0.0,0.0,0.0,0.0,0.0,0.0,0.0,0.00303,0.0,0.0,0.00303,0.0,0.0,0.0,0.0,0.0,0.0,0.0,0.0,0.0,0.0,0.0,0.0,0.0,0.00303,0.0,0.00303,0.0,0.0,0.0,0.0,0.0,0.0,0.0,0.0,0.006061,0.0,0.0,0.0,0.0,0.0,0.0,0.0,0.0,0.00303,0.0,0.0,0.0,0.0,0.0,0.0,0.0,0.0,0.0,0.002994,0.00303,0.0,0.0,0.0,0.0,0.0,1.0,0.0,0.003328,0.0,0.0,0.0,0.0,0.0,0.0,0.0,0.0,0.0,0.0,0.0,0.0,0.0,0.0,0.0,0.0,0.0,0.0,0.0,0.0,0.0,0.0,0.0,0.00303,0.0,0.0,0.0,0.0,0.000794,0.001185,0.001965,0.001,0.001689,0.000296,0.010697,0.001764,0.001008,0.0,0.0,0.000825,0.0,0.0,0.000254,0.000489,0.002454,0.001346,0.001096,0.000631,0.000289,0.0,0.0,0.0,0.003008,0.0,0.000234,0.0,0.001071,0.003193,0.0,0.0,0.0,0.006163,0.001311,0.003368,0.0,0.0,0.005291,0.0,0.005882,0.001616,0.0,0.0,0.000733,0.001724,0.000989,0.0,0.0,0.0,0.0,0.0,0.0,0.0,0.0,0.0,0.0,0.0,0.0,0.001889,0.0,0.0,0.001467,0.0,0.0,0.001454,0.001127,0.003922,0.001196,0.0,0.0,0.0,0.0,0.0,0.0,0.0,0.0,0.0,0.0,0.0,0.0,0.0,0.0,0.0,0.0,0.0,0.0,0.0,0.0,0.0,0.0,0.0,0.0,0.0,0.0,0.0,0.0,0.0,0.0,0.0,0.0,0.0,0.0,0.0,0.0,0.0,0.0,0.0,0.0,0.000964,0.001407,0.001553,0.001838,0.001587,0.001338,0.0,0.0,0.0,0.0,0.002105,0.0,0.0,0.0,0.001243,0.0,0.0,0.0,0.0,0.0,0.000745,0.0,0.0,0.0,0.0,0.0,0.0,0.0,0.0,0.00303,0.0,0.00303,0.0,0.002088,0.0,0.004073,0.0,0.0,0.001639,0.0,0.00303,0.0,0.0,0.0,0.0,0.0,0.0,0.0,0.0,0.001587,0.002941,0.0,0.000749,0.0,0.00303,0.002824,0.0,0.0,0.000975,0.000531,0.0,0.0,0.0,0.0,0.0,0.0,0.003623,0.0,0.0,0.0,0.0,0.0,0.00303,0.0,0.0,0.001497,0.0,0.0,0.00303,0.0,0.0,0.0,0.0,0.0,0.0,0.0,0.0,0.0,0.0,0.001767,0.003425,0.021212,0.001767,0.0,0.0,0.0,0.0,0.0
3311,0.004808,0.0,0.0,0.0,0.0,0.0,0.0,0.0,0.0,0.0,0.0,0.0,0.0,0.0,0.000623,0.0,0.0,0.0,0.000371,0.0,0.0,0.0,0.0,0.0,0.0,0.0,0.009615,0.0,0.0,0.0,0.0,0.0,0.0,0.0,0.0,0.0,0.000792,0.0,0.0,0.0,0.0,0.009615,0.0,0.0,0.0,0.0,0.0,0.0,0.0,0.0,0.0,0.0,0.0,0.0,0.0,0.0,0.0,0.0,0.0,0.0,0.0,0.0,0.0,0.0,0.0,0.0,0.0,0.0,0.0,0.0,0.0,0.0,0.0,0.0,0.0,0.0,0.0,0.0,0.000401,0.0,0.0,0.0,0.0,0.0,0.0,0.0,0.002604,0.0,0.0,0.0,0.0,0.0,0.0,0.0,0.0,0.009615,0.0,0.0,0.0,0.0,0.0,0.0,0.0,0.0,0.0,0.0,0.0,0.0,0.0,0.0,0.0,0.0,0.0,0.0,0.0,0.0,0.0,0.0,0.0,0.0,0.0,0.0,0.0,0.0,0.0,0.0,0.0,0.0,0.0,0.0,0.0,0.0,0.0,0.0,0.0,0.0,0.0,0.0,0.0,0.0,0.0,0.0,0.0,0.009615,0.0,0.0,0.0,0.0,0.0,0.0,0.0,0.0,0.00565,0.0,0.0,0.0,0.0,0.0,0.0,0.0,0.0,0.0,0.0,0.0,0.0,0.0,0.0,0.0,0.0,0.0,0.0,0.000998,0.007519,0.0,0.0,0.0,0.0,0.0,0.0,1.0,0.009983,0.009615,0.004545,0.0,0.0,0.009615,0.0,0.0,0.0,0.0,0.009615,0.0,0.0,0.0,0.0,0.0,0.0,0.00249,0.002123,0.001946,0.0,0.0,0.0,0.0,0.003436,0.0,0.0,0.0,0.0,0.000529,0.000593,0.0,0.001,0.0,0.000296,0.0,0.000392,0.001008,0.001919,0.0,0.001238,0.0,0.0,0.000763,0.0,0.000755,0.000414,0.0,0.000315,0.000289,0.0,0.0,0.000736,0.0,0.0,0.002341,0.0,0.000714,0.000456,0.0,0.0,0.0,0.0,0.000437,0.000241,0.0,0.0,0.0,0.0,0.0,0.000539,0.0,0.0,0.0,0.000647,0.000544,0.0,0.0,0.0,0.0,0.0,0.0,0.0,0.001508,0.0,0.0,0.0,0.005025,0.002833,0.0,0.0,0.000367,0.0,0.0,0.000242,0.0,0.0,0.0,0.0,0.0,0.0,0.0,0.0,0.0,0.0,0.0,0.0,0.0,0.0,0.0,0.0,0.0,0.0,0.0,0.0,0.0,0.0,0.0,0.0,0.0,0.0,0.0,0.0,0.0,0.0,0.0,0.0,0.0,0.0,0.0,0.0,0.0,0.0,0.0,0.0,0.0,0.0,0.0,0.000964,0.000235,0.0,0.0,0.0,0.0,0.001421,0.0,0.0,0.0,0.000702,0.0,0.0,0.0,0.001087,0.0,0.0,0.0,0.0,0.0,0.00149,0.0,0.0,0.0,0.0,0.0,0.0,0.0,0.0,0.0,0.0,0.0,0.0,0.006263,0.0,0.004073,0.0,0.0,0.00082,0.0,0.0,0.009615,0.0,0.0,0.0,0.0,0.0,0.0,0.0,0.0,0.0,0.0,0.0,0.0,0.0,0.000941,0.0,0.0,0.0,0.0,0.0,0.0,0.0,0.0,0.0,0.0,0.0,0.0,0.0,0.0,0.0,0.000929,0.0,0.0,0.0,0.001497,0.0,0.0,0.0,0.0,0.0,0.00813,0.0,0.0,0.0,0.008646,0.0,0.009615,0.0,0.0,0.000428,0.0,0.000265,0.0,0.0,0.0,0.0,0.0
3312,0.0,0.002086,0.001664,0.0,0.0,0.0,0.0,0.0,0.0,0.0,0.0,0.001664,0.0,0.0,0.00187,0.0,0.0,0.0,0.002968,0.0,0.0,0.00157,0.0,0.001664,0.001664,0.0,0.0,0.0,0.0,0.0,0.0,0.0,0.0,0.0,0.003328,0.0,0.002375,0.0,0.0,0.0,0.0,0.0,0.0,0.0,0.001664,0.001664,0.0,0.0,0.0,0.008319,0.0,0.0,0.0,0.0,0.0,0.003328,0.0,0.0,0.001949,0.0,0.0,0.0,0.001664,0.001664,0.001664,0.0,0.0,0.001664,0.006656,0.0,0.0,0.0,0.0,0.0,0.0,0.0,0.0,0.0,0.002005,0.0,0.0,0.0,0.0,0.0,0.0,0.0,0.006656,0.0,0.0,0.0,0.0,0.001664,0.001508,0.003257,0.0,0.0,0.0,0.0,0.0,0.0,0.001664,0.0,0.0,0.0,0.0,0.0,0.001664,0.001664,0.0,0.0,0.0,0.0,0.0,0.003328,0.0,0.0,0.0,0.0,0.0,0.0,0.006116,0.0,0.0,0.0,0.001664,0.014975,0.003328,0.0,0.0,0.0,0.0,0.0,0.0,0.0,0.0,0.0,0.006656,0.0,0.0,0.0,0.0,0.0,0.0,0.001664,0.001664,0.0,0.001664,0.0,0.001664,0.001664,0.0,0.0,0.018303,0.004992,0.001664,0.001664,0.0,0.001664,0.0,0.0,0.0,0.0,0.0,0.0,0.0,0.0,0.0,0.0,0.0,0.0,0.0,0.002994,0.0,0.0,0.0,0.0,0.0,0.0,0.003328,0.009983,1.0,0.001664,0.006656,0.003328,0.0,0.011647,0.003328,0.0,0.0,0.001664,0.003328,0.0,0.0,0.0,0.0,0.001664,0.0,0.00249,0.001664,0.001664,0.0,0.0,0.001664,0.007092,0.008319,0.0,0.003328,0.019967,0.003101,0.004499,0.007111,0.004912,0.004,0.002956,0.001186,0.000428,0.002939,0.002016,0.0,0.019967,0.026001,0.001664,0.003328,0.003308,0.006846,0.002454,0.001346,0.002193,0.001104,0.001445,0.0,0.004701,0.002208,0.006015,0.001664,0.004448,0.0,0.008208,0.000912,0.0,0.0,0.0,0.001198,0.000437,0.000962,0.0,0.0,0.003328,0.001664,0.0,0.001077,0.0,0.0,0.000916,0.002945,0.002275,0.0,0.0,0.0,0.0,0.0,0.0,0.0,0.006033,0.001664,0.003328,0.0,0.003328,0.002833,0.003328,0.0,0.000367,0.001664,0.0,0.002423,0.005637,0.001664,0.001196,0.0,0.0,0.001664,0.0,0.0,0.0,0.0,0.0,0.0,0.0,0.0,0.0,0.0,0.0,0.002516,0.0,0.0,0.0,0.0,0.0,0.0,0.0,0.0,0.0,0.0,0.0,0.0,0.0,0.0,0.0,0.0,0.0,0.0,0.0,0.0,0.0,0.0,0.0,0.0,0.0,0.001929,0.002346,0.001553,0.002941,0.000794,0.002676,0.003909,0.0,0.0,0.0,0.000702,0.0,0.003328,0.001664,0.002175,0.0,0.0,0.0,0.001664,0.003328,0.004842,0.0,0.0,0.001664,0.0,0.004992,0.001664,0.001664,0.0,0.001664,0.0,0.001664,0.0,0.004992,0.006656,0.001664,0.008319,0.0,0.001639,0.0,0.003328,0.001664,0.0,0.0,0.001664,0.0,0.0,0.0,0.0,0.0,0.0,0.0,0.0,0.001664,0.0,0.003765,0.0,0.0,0.0,0.0,0.0,0.0,0.0,0.0,0.0,0.001664,0.001208,0.0,0.0,0.0,0.0,0.003717,0.0,0.0,0.0,0.001497,0.0,0.0,0.0,0.0,0.0,0.0,0.006452,0.0,0.004992,0.019967,0.0,0.0,0.0,0.003328,0.000856,0.001664,0.002563,0.003328,0.0,0.0,0.0,0.0
3313,0.004808,0.0,0.0,0.0,0.0,0.0,0.0,0.0,0.0,0.0,0.0,0.0,0.0,0.0,0.0,0.0,0.0,0.0,0.0,0.0,0.0,0.0,0.0,0.0,0.001845,0.0,0.0,0.0,0.0,0.0,0.0,0.0,0.0,0.0,0.0,0.0,0.0,0.0,0.0,0.0,0.0,0.0,0.0,0.0,0.0,0.0,0.0,0.0,0.0,0.0,0.0,0.0,0.0,0.0,0.0,0.0,0.0,0.0,0.0,0.0,0.0,0.0,0.0,0.0,0.0,0.0,0.0,0.0,0.0,0.0,0.0,0.0,0.0,0.0,0.0,0.0,0.0,0.0,0.000802,0.0,0.0,0.0,0.0,0.0,0.0,0.0,0.002604,0.0,0.0,0.0,0.0,0.0,0.0,0.0,0.0,0.0,0.0,0.0,0.0,0.0,0.0,0.0,0.0,0.0,0.010309,0.0,0.0,0.0,0.011494,0.0,0.0,0.0,0.0,0.0,0.0,0.0,0.0,0.0,0.0,0.0,0.0,0.0,0.0,0.0,0.0,0.0,0.0,0.0,0.0,0.0,0.0,0.011494,0.0,0.0,0.0,0.011494,0.009709,0.0,0.0,0.0,0.0,0.011494,0.0,0.0,0.0,0.0,0.0,0.0,0.0,0.0,0.0,0.0,0.0,0.0,0.0,0.0,0.0,0.0,0.0,0.0,0.0,0.0,0.0,0.0,0.0,0.0,0.0,0.0,0.0,0.0,0.0,0.001996,0.0,0.0,0.0,0.0,0.0,0.033333,0.0,0.009615,0.001664,1.0,0.004545,0.011494,0.0,0.01087,0.0,0.0,0.0,0.0,0.0,0.009174,0.0,0.0,0.0,0.0,0.0,0.000498,0.0,0.0,0.0,0.0,0.0,0.0,0.0,0.0,0.001701,0.0,0.0,0.000265,0.000296,0.0,0.003,0.0,0.000148,0.000428,0.003135,0.003024,0.0,0.0,0.005365,0.0,0.0,0.000509,0.000489,0.0,0.000311,0.0,0.0,0.0,0.0,0.0,0.000368,0.001504,0.0,0.000234,0.0,0.000714,0.0,0.0,0.0,0.0,0.000171,0.001092,0.000722,0.0,0.0,0.0,0.0,0.0,0.0,0.0,0.0,0.0,0.000287,4.9e-05,0.0,0.0,0.0,0.0,0.0,0.0,0.0,0.0,0.0,0.0,0.0,0.0,0.0,0.0,0.0,0.000367,0.0,0.0,0.000323,0.0,0.0,0.000598,0.0,0.0,0.0,0.0,0.0,0.0,0.0,0.0,0.0,0.0,0.0,0.0,0.0,0.0,0.0,0.0,0.0,0.0,0.0,0.0,0.0,0.0,0.0,0.0,0.0,0.0,0.0,0.0,0.0,0.0,0.0,0.0,0.0,0.0,0.0,0.0,0.0,0.0,0.0,0.0,0.0,0.000156,0.0,0.0,0.0,0.001338,0.000711,0.045455,0.0,0.0,0.0,0.010753,0.0,0.0,0.000466,0.0,0.0,0.0,0.0,0.0,0.000372,0.0,0.0,0.0,0.0,0.0,0.0,0.0,0.0,0.0,0.0,0.0,0.002451,0.0,0.0,0.002037,0.0,0.0,0.0,0.0,0.005102,0.010101,0.003425,0.0,0.0,0.0,0.0,0.0,0.0,0.0,0.0,0.0,0.000749,0.004587,0.0,0.0,0.0,0.0,0.00065,0.001062,0.0,0.0,0.0,0.0,0.0,0.0,0.001208,0.0,0.0,0.0,0.0,0.0,0.0,0.0,0.008475,0.0,0.0,0.0,0.0,0.0,0.0,0.0,0.002581,0.002375,0.0,0.0,0.0,0.0,0.004444,0.0,0.0,0.0,0.000442,0.0,0.0,0.0,0.0,0.0
3314,0.0,0.0,0.0,0.0,0.0,0.0,0.0,0.0,0.0,0.00055,0.0,0.0,0.0,0.0,0.000623,0.0,0.0,0.0,0.0,0.0,0.0,0.00157,0.0,0.0,0.0,0.004545,0.0,0.0,0.0,0.0,0.0,0.0,0.0,0.0,0.0,0.0,0.0,0.0,0.0,0.0,0.0,0.0,0.0,0.0,0.0,0.0,0.0,0.0,0.0,0.0,0.0,0.0,0.0,0.0,0.0,0.0,0.0,0.0,0.0,0.0,0.0,0.0,0.0,0.0,0.0,0.0,0.0,0.0,0.002525,0.0,0.0,0.0,0.0,0.0,0.0,0.0,0.0,0.0,0.000401,0.0,0.0,0.0,0.0,0.0,0.0,0.0,0.0,0.0,0.0,0.0,0.0,0.0,0.0,0.001629,0.0,0.0,0.0,0.0,0.004545,0.0,0.0,0.0,0.0,0.0,0.0,0.0,0.0,0.0,0.0,0.0,0.0,0.0,0.0,0.0,0.0,0.0,0.0,0.0,0.0,0.0,0.001529,0.0,0.0,0.0,0.0,0.0,0.0,0.0,0.0,0.004545,0.0,0.0,0.0,0.0,0.0,0.0,0.018182,0.004545,0.0,0.0,0.0,0.0,0.004545,0.0,0.004545,0.0,0.0,0.0,0.0,0.004545,0.004545,0.0,0.004545,0.0,0.0,0.0,0.0,0.0,0.0,0.0,0.0,0.0,0.0,0.0,0.0,0.0,0.0,0.0,0.0,0.0,0.0,0.001996,0.0,0.0,0.0,0.0,0.0,0.0,0.0,0.004545,0.006656,0.004545,1.0,0.0,0.0,0.013636,0.004545,0.0,0.0,0.0,0.0,0.0,0.0,0.0,0.0,0.0,0.0,0.002988,0.0,0.009728,0.0,0.0,0.004545,0.014184,0.006873,0.0,0.006803,0.003442,0.00155,0.001058,0.000593,0.000982,0.0,0.0,0.000593,0.000428,0.000392,0.001008,0.0,0.0,0.007016,0.002874,0.0,0.002545,0.000489,0.000755,0.000621,0.000365,0.000631,0.001445,0.0,0.00094,0.002208,0.0,0.0,0.001639,0.0,0.001071,0.0,0.0,0.0,0.0,0.000342,0.000218,0.000481,0.004545,0.0,0.0,0.0,0.002941,0.0,0.0,0.0,0.000549,0.001365,0.000742,0.0,0.0,0.0,0.0,0.0,0.0,0.0,0.001508,0.001976,0.0,0.0,0.004545,0.000944,0.001718,0.0,0.000367,0.0,0.004545,0.000969,0.002255,0.0,0.001794,0.0,0.0,0.0,0.004545,0.0,0.0,0.0,0.0,0.0,0.0,0.0,0.003509,0.0,0.0,0.003774,0.0,0.009091,0.0,0.0,0.0,0.0,0.0,0.0,0.0,0.0,0.0,0.0,0.0,0.0,0.0,0.0,0.0,0.0,0.0,0.0,0.0,0.0,0.0,0.0,0.0,0.0,0.000391,0.0,0.000368,0.0,0.000892,0.004264,0.009091,0.0,0.0,0.0,0.0,0.003012,0.0,0.001243,0.0,0.0,0.0,0.0,0.0,0.001117,0.0,0.0,0.0,0.0,0.0,0.0,0.002809,0.004545,0.018182,0.0,0.0,0.002451,0.0,0.004545,0.002037,0.0,0.0,0.001639,0.0,0.0,0.0,0.0,0.0,0.0,0.0,0.0,0.0,0.0,0.0,0.0,0.004545,0.000749,0.0,0.0,0.000941,0.0,0.0,0.0,0.001592,0.0,0.0,0.0,0.0,0.0,0.0,0.001208,0.0,0.0,0.0,0.0,0.0,0.0,0.003257,0.0,0.002994,0.0,0.0,0.0,0.0,0.0,0.0,0.0,0.0,0.0,0.014409,0.0,0.0,0.0,0.0,0.000856,0.0,0.000972,0.0,0.0,0.0,0.0,0.0
3315,0.0,0.0,0.0,0.0,0.0,0.0,0.0,0.0,0.0,0.0,0.0,0.0,0.0,0.0,0.0,0.0,0.0,0.0,0.0,0.0,0.0,0.0,0.0,0.0,0.0,0.0,0.0,0.0,0.0,0.0,0.0,0.0,0.0,0.0,0.01107,0.0,0.0,0.0,0.0,0.0,0.0,0.0,0.0,0.0,0.0,0.0,0.0,0.0,0.0,0.0,0.0,0.0,0.0,0.0,0.0,0.0,0.0,0.0,0.0,0.0,0.0,0.0,0.0,0.0,0.0,0.0,0.0,0.0,0.0,0.0,0.0,0.0,0.0,0.0,0.0,0.0,0.0,0.0,0.0,0.0,0.0,0.0,0.0,0.0,0.0,0.0,0.0,0.0,0.0,0.0,0.0,0.0,0.0,0.0,0.0,0.0,0.0,0.0,0.0,0.0,0.020408,0.0,0.0,0.0,0.0,0.0,0.0,0.0,0.0,0.0,0.0,0.0,0.0,0.0,0.0,0.0,0.0,0.0,0.0,0.0,0.0,0.0,0.0,0.0,0.0,0.005208,0.0,0.0,0.0,0.0,0.0,0.0,0.0,0.0,0.0,0.0,0.009709,0.0,0.0,0.0,0.0,0.0,0.0,0.0,0.0,0.0,0.0,0.0,0.0,0.0,0.0,0.0,0.0,0.0,0.0,0.0,0.0,0.0,0.0,0.0,0.0,0.008547,0.0,0.020408,0.020408,0.0,0.0,0.0,0.0,0.0,0.0,0.0,0.0,0.0,0.0,0.0,0.0,0.0,0.0,0.0,0.003328,0.011494,0.0,1.0,0.0,0.0,0.0,0.0,0.0,0.0,0.0,0.0,0.0,0.0,0.0,0.0,0.0,0.0,0.002123,0.0,0.0,0.0,0.0,0.0,0.0,0.0,0.001701,0.0,0.0,0.0,0.000296,0.0,0.0,0.0,0.000296,0.0,0.0,0.0,0.0,0.0,0.0,0.0,0.0,0.000509,0.000489,0.0,0.000104,0.000365,0.0,0.0,0.0,0.00047,0.0,0.0,0.002174,0.000234,0.0,0.000357,0.000456,0.0,0.011673,0.0,0.000171,0.0,0.0,0.0,0.0,0.0,0.0,0.0,0.000269,0.0,0.0,0.000183,0.000144,9.9e-05,0.0,0.0,0.017544,0.0,0.040816,0.040816,0.061224,0.001508,0.0,0.0,0.020408,0.005025,0.0,0.0,0.0,0.000367,0.0,0.0,8.1e-05,0.0,0.0,0.001196,0.0,0.0,0.0,0.0,0.0,0.0,0.0,0.0,0.0,0.0,0.0,0.0,0.0,0.0,0.0,0.0,0.0,0.0,0.0,0.0,0.0,0.0,0.0,0.0,0.0,0.0,0.0,0.0,0.0,0.0,0.0,0.0,0.0,0.0,0.0,0.0,0.0,0.0,0.0,0.0,0.000964,0.000235,0.0,0.000368,0.000794,0.0,0.000355,0.0,0.0,0.0,0.0,0.0,0.0,0.0,0.0,0.0,0.0,0.0,0.0,0.0,0.000372,0.0,0.0,0.0,0.0,0.0,0.0,0.0,0.0,0.0,0.0,0.0,0.0,0.0,0.0,0.0,0.0,0.0,0.00082,0.0,0.0,0.0,0.0,0.0,0.0,0.0,0.0,0.0,0.0,0.001587,0.0,0.0,0.0,0.004587,0.0,0.000471,0.0,0.0,0.0,0.0,0.0,0.0,0.0,0.0,0.0,0.0,0.0,0.0,0.0,0.0,0.0,0.0,0.0,0.0,0.0,0.0,0.0,0.0,0.0,0.0,0.0,0.0,0.0,0.002375,0.0,0.0,0.0,0.0,0.0,0.0,0.0,0.0,8.8e-05,0.0,0.0,0.0,0.0,0.0
3319,0.0,0.0,0.0,0.0,0.0,0.0,0.0,0.0,0.0,0.0,0.0,0.0,0.0,0.0,0.0,0.0,0.0,0.0,0.0,0.0,0.0,0.0,0.0,0.0,0.0,0.0,0.0,0.0,0.0,0.0,0.0,0.0,0.0,0.0,0.0,0.0,0.0,0.0,0.0,0.0,0.0,0.0,0.0,0.0,0.0,0.0,0.0,0.0,0.0,0.0,0.0,0.0,0.0,0.0,0.0,0.001931,0.0,0.0,0.0,0.0,0.0,0.0,0.0,0.0,0.0,0.0,0.0,0.0,0.0,0.0,0.0,0.0,0.0,0.0,0.0,0.0,0.0,0.0,0.0,0.0,0.0,0.0,0.0,0.0,0.0,0.0,0.0,0.0,0.0,0.0,0.0,0.0,0.0,0.0,0.0,0.0,0.0,0.0,0.0,0.0,0.0,0.0,0.0,0.0,0.0,0.0,0.0,0.005848,0.0,0.0,0.0,0.0,0.0,0.0,0.0,0.0,0.0,0.0,0.0,0.0,0.0,0.0,0.0,0.0,0.0,0.0,0.0,0.0,0.0,0.0,0.0,0.0,0.0,0.0,0.0,0.0,0.0,0.0,0.0,0.0,0.0,0.0,0.0,0.0,0.0,0.0,0.0,0.0,0.0,0.0,0.0,0.0,0.0,0.0,0.0,0.0,0.0,0.0,0.0,0.0,0.0,0.0,0.0,0.0,0.0,0.0,0.0,0.0,0.0,0.0,0.0,0.0,0.0,0.0,0.0,0.0,0.0,0.0,0.0,0.0,0.0,0.0,0.0,0.0,1.0,0.0,0.0,0.0,0.0,0.0,0.0,0.0,0.0,0.0,0.0,0.0,0.0,0.0,0.0,0.0,0.0,0.0,0.0,0.0,0.0,0.0,0.0,0.0,0.0,0.0,0.0,0.0,0.0,0.0,0.0,0.0,0.0,0.0,0.0,0.0,0.0,0.0,0.0,0.0,0.0,0.0,0.0,0.0,0.0,0.0,0.0,0.0,0.000368,0.0,0.0,0.0,0.0,0.000357,0.0,0.0,0.0,0.0,0.000171,0.0,0.0,0.0,0.0,0.0,0.0,0.0,0.0,0.0,0.0,0.000183,0.0,0.0,0.0,0.0,0.0,0.0,0.0,0.0,0.0,0.0,0.001976,0.0,0.0,0.0,0.0,0.0,0.0,0.0,0.0,0.0,0.0,0.0,0.0,0.0,0.0,0.0,0.0,0.0,0.0,0.0,0.0,0.0,0.0,0.0,0.0,0.0,0.0,0.0,0.0,0.0,0.0,0.0,0.0,0.0,0.0,0.0,0.0,0.0,0.0,0.0,0.0,0.0,0.0,0.0,0.0,0.0,0.0,0.0,0.0,0.0,0.0,0.0,0.0,0.0,0.0,0.0,0.0,0.0,0.0,0.0,0.0,0.0,0.0,0.0,0.0,0.0,0.0,0.0,0.0,0.0,0.0,0.0,0.0,0.0,0.0,0.0,0.0,0.0,0.0,0.0,0.0,0.0,0.0,0.0,0.0,0.0,0.0,0.0,0.0,0.0,0.0,0.0,0.0,0.0,0.0,0.0,0.0,0.0,0.0,0.0,0.0,0.0,0.0,0.0,0.0,0.0,0.0,0.0,0.0,0.0,0.0,0.0,0.0,0.0,0.0,0.0,0.0,0.0,0.0,0.0,0.0,0.0,0.0,0.0,0.0,0.0,0.0,0.0,0.0,0.0,0.0,0.0,0.0,0.0,0.0,0.0,0.0,0.0,0.0,0.0,0.0,0.0,0.004444,0.0,0.000428,0.0,0.000177,0.0,0.0,0.0,0.0,0.0
3320,0.0,0.0,0.0,0.0,0.0,0.0,0.0,0.0,0.0,0.0,0.0,0.0,0.0,0.0,0.000623,0.0,0.0,0.0,0.0,0.0,0.0,0.0,0.0,0.0,0.0,0.0,0.0,0.0,0.0,0.0,0.0,0.0,0.0,0.0,0.00369,0.0,0.0,0.0,0.0,0.0,0.0,0.0,0.0,0.0,0.0,0.0,0.0,0.0,0.0,0.0,0.0,0.0,0.0,0.0,0.0,0.0,0.0,0.0,0.0,0.0,0.0,0.0,0.0,0.0,0.0,0.0,0.0,0.0,0.0,0.0,0.0,0.0,0.0,0.0,0.0,0.0,0.0,0.0,0.0,0.0,0.0,0.0,0.0,0.0,0.0,0.0,0.0,0.0,0.0,0.0,0.0,0.0,0.0,0.001629,0.0,0.0,0.0,0.0,0.0,0.0,0.0,0.0,0.0,0.0,0.0,0.0,0.0,0.005848,0.0,0.0,0.0,0.0,0.0,0.0,0.0,0.0,0.0,0.0,0.0,0.0,0.001529,0.0,0.0,0.0,0.0,0.002604,0.0,0.0,0.0,0.0,0.0,0.0,0.0,0.0,0.0,0.0,0.009709,0.0,0.0,0.0,0.0,0.0,0.0,0.0,0.0,0.0,0.0,0.0,0.0,0.0,0.0,0.0,0.0,0.0,0.0,0.0,0.0,0.0,0.0,0.0,0.0,0.0,0.0,0.0,0.0,0.0,0.0,0.0,0.0,0.0,0.0,0.0,0.0,0.0,0.0,0.0,0.0,0.006667,0.0,0.009615,0.011647,0.01087,0.013636,0.0,0.0,1.0,0.021739,0.0,0.0,0.0,0.01087,0.0,0.0,0.0,0.0,0.0,0.0,0.000498,0.004246,0.003891,0.0,0.0,0.0,0.003546,0.0,0.0,0.003401,0.003442,0.0,0.0,0.000296,0.0,0.0,0.000422,0.000148,0.000428,0.000196,0.001008,0.001919,0.0,0.005365,0.0,0.0,0.000763,0.000489,0.0,0.000207,0.000731,0.000315,0.0,0.0,0.00047,0.000368,0.0,0.0,0.000702,0.0,0.0,0.0,0.0,0.0,0.0,0.0,0.000218,0.000241,0.0,0.0,0.001764,0.0,0.0,0.000269,0.0,0.0,0.0,0.000144,0.000247,0.0,0.0,0.0,0.0,0.0,0.0,0.0,0.001508,0.0,0.0,0.0,0.0,0.0,0.0,0.003215,0.0,0.0,0.0,8.1e-05,0.0,0.0,0.0,0.0,0.0,0.0,0.0,0.0,0.0,0.0,0.0,0.0,0.006897,0.0,0.0,0.0,0.0,0.001258,0.0,0.0,0.0,0.0,0.0,0.0,0.0,0.0,0.0,0.0,0.0,0.0,0.0,0.0,0.0,0.0,0.0,0.0,0.0,0.0,0.0,0.0,0.0,0.0,0.0,0.0,0.000235,0.0,0.0,0.0,0.001338,0.004264,0.0,0.00625,0.0,0.000702,0.0,0.0,0.005291,0.000621,0.0,0.00625,0.0,0.0,0.0,0.001117,0.0,0.0,0.0,0.0,0.0,0.0,0.0,0.0,0.005,0.0,0.0,0.0,0.002088,0.004878,0.0,0.0,0.0,0.00082,0.0,0.0,0.0,0.0,0.0,0.015385,0.0,0.0,0.0,0.0,0.0,0.0,0.0,0.0,0.0,0.0,0.0,0.0,0.0,0.00065,0.0,0.0,0.0,0.0,0.0,0.0,0.0,0.0,0.0,0.0,0.0,0.0,0.0,0.0,0.0,0.0,0.0,0.0,0.0,0.0,0.0,0.0,0.0,0.0,0.0,0.0,0.0,0.0,0.0,0.0,0.0,0.000856,0.0,0.000265,0.0,0.0,0.0,0.0,0.0
3510,0.0,0.0,0.0,0.0,0.0,0.0,0.0,0.0,0.0,0.0,0.0,0.0,0.0,0.0,0.0,0.0,0.0,0.0,0.0,0.0,0.0,0.0,0.0,0.0,0.001845,0.0,0.0,0.0,0.0,0.0,0.0,0.0,0.0,0.0,0.0,0.0,0.0,0.0,0.0,0.0,0.0,0.011905,0.0,0.0,0.0,0.0,0.0,0.0,0.0,0.0,0.0,0.0,0.0,0.002375,0.0,0.0,0.004695,0.0,0.0,0.011905,0.0,0.0,0.0,0.0,0.0,0.0,0.0,0.0,0.0,0.0,0.0,0.0,0.0,0.0,0.0,0.0,0.0,0.0,0.000401,0.0,0.0,0.0,0.0,0.0,0.0,0.0,0.0,0.0,0.0,0.0,0.0,0.0,0.0,0.001629,0.0,0.0,0.0,0.0,0.0,0.0,0.0,0.0,0.0,0.0,0.0,0.0,0.0,0.0,0.0,0.0,0.0,0.0,0.0,0.0,0.0,0.0,0.0,0.0,0.0,0.0,0.001529,0.0,0.0,0.0,0.0,0.0,0.010753,0.0,0.0,0.0,0.0,0.0,0.0,0.0,0.0,0.0,0.029126,0.0,0.0,0.0,0.0,0.0,0.0,0.0,0.0,0.0,0.0,0.0,0.0,0.0,0.0,0.0,0.0,0.0,0.0,0.0,0.0,0.0,0.0,0.0,0.0,0.0,0.0,0.0,0.0,0.0,0.0,0.0,0.0,0.0,0.0,0.0,0.0,0.0,0.0,0.0,0.0,0.0,0.0,0.0,0.003328,0.0,0.004545,0.0,0.0,0.021739,1.0,0.009091,0.030928,0.0,0.0,0.0,0.0,0.0,0.0,0.0,0.0,0.0,0.0,0.005837,0.0,0.0,0.0,0.007092,0.003436,0.0,0.0,0.003442,0.0,0.000265,0.0,0.000982,0.0,0.0,0.000296,0.0,0.000196,0.0,0.003839,0.0,0.002889,0.002874,0.0,0.001527,0.0,0.000378,0.000311,0.0,0.000315,0.000289,0.0,0.00047,0.000736,0.0,0.0,0.001404,0.0,0.0,0.0,0.0,0.0,0.0,0.0,0.000437,0.0,0.0,0.0,0.0,0.0,0.0,0.0,0.0,0.0,0.0,0.000216,0.000247,0.0,0.0,0.0,0.0,0.0,0.0,0.0,0.0,0.0,0.0,0.0,0.0,0.000944,0.0,0.0,0.0,0.0,0.0,8.1e-05,0.001127,0.0,0.0,0.0,0.0,0.0,0.0,0.0,0.0,0.0,0.0,0.0,0.0,0.0,0.003509,0.003521,0.02381,0.001258,0.0,0.0,0.008333,0.0,0.0,0.0,0.0,0.0,0.0,0.0,0.0,0.0,0.0,0.0,0.0,0.0,0.0,0.0,0.0,0.0,0.0,0.0,0.0,0.0,0.0,0.000964,0.000313,0.0,0.0,0.000794,0.000446,0.004264,0.0,0.00625,0.0,0.0,0.0,0.0,0.0,0.000621,0.0,0.0,0.0,0.0,0.0,0.001117,0.0,0.0,0.0,0.0,0.0,0.0,0.0,0.0,0.0,0.0,0.0,0.0,0.0,0.0,0.002037,0.0,0.011905,0.00082,0.013699,0.0,0.0,0.0,0.0,0.015385,0.0,0.0,0.0,0.0,0.0,0.002941,0.0,0.0,0.0,0.0,0.000471,0.0,0.0,0.000325,0.0,0.0,0.0,0.0,0.0,0.0,0.0,0.0,0.0,0.0,0.0,0.0,0.0,0.0,0.0,0.0,0.0,0.0,0.0,0.0,0.0,0.011905,0.0,0.00129,0.0,0.0,0.0,0.0,0.0,0.0,0.0,0.0,0.004525,0.000353,0.0,0.011905,0.0,0.0,0.0
3520,0.0,0.001043,0.0,0.00354,0.004975,0.0,0.0,0.0,0.0,0.0011,0.0,0.0,0.0,0.001605,0.000623,0.0,0.0,0.0,0.000742,0.0,0.0,0.0,0.0,0.0,0.0,0.004902,0.0,0.0,0.0,0.0,0.0,0.0,0.0,0.0,0.0,0.0,0.0,0.0,0.0,0.0,0.0,0.018182,0.0,0.0,0.0,0.0,0.0,0.0,0.0,0.009091,0.009091,0.0,0.0,0.0,0.0,0.0,0.0,0.0,0.0,0.0,0.0,0.0,0.0,0.0,0.0,0.0,0.0,0.0,0.002525,0.0,0.0,0.0,0.0,0.0,0.0,0.0,0.0,0.0,0.0,0.0,0.0,0.0,0.0,0.0,0.0,0.0,0.0,0.0,0.0,0.0,0.0,0.0,0.0,0.0,0.0,0.0,0.009091,0.0,0.0,0.0,0.0,0.0,0.0,0.0,0.0,0.0,0.0,0.0,0.0,0.0,0.0,0.0,0.0,0.0,0.0,0.0,0.0,0.0,0.0,0.0,0.0,0.0,0.0,0.0,0.0,0.0,0.0,0.0,0.0,0.0,0.0,0.0,0.0,0.0,0.0,0.0,0.0,0.0,0.0,0.0,0.0,0.0,0.0,0.0,0.0,0.0,0.0,0.0,0.0,0.0,0.0,0.0,0.0,0.0,0.0,0.0,0.0,0.0,0.0,0.0,0.0,0.0,0.0,0.0,0.0,0.0,0.0,0.0,0.0,0.0,0.0,0.0,0.0,0.0,0.0,0.0,0.0,0.0,0.0,0.0,0.0,0.0,0.0,0.0,0.0,0.0,0.009091,1.0,0.0,0.0,0.0,0.0,0.0,0.0,0.0,0.0,0.0,0.000498,0.0,0.0,0.0,0.0,0.005682,0.0,0.0,0.0,0.0,0.001721,0.0,0.000529,0.000593,0.0,0.0,0.0,0.000296,0.0,0.000392,0.0,0.0,0.0,0.000413,0.017241,0.0,0.000254,0.000489,0.000378,0.000311,0.0,0.000158,0.000289,0.0,0.005642,0.0,0.0,0.0,0.000468,0.0,0.0,0.0,0.0,0.003891,0.0,0.0,0.0,0.003849,0.0,0.0,0.0,0.0,0.0,0.000269,0.0,0.0,0.000916,0.000144,0.004006,0.009091,0.0,0.0,0.0,0.0,0.0,0.0,0.0,0.0,0.0,0.0,0.0,0.001889,0.0,0.0,0.0,0.0,0.0,8.1e-05,0.001127,0.0,0.0,0.0,0.0,0.0,0.0,0.0,0.0,0.0,0.0,0.0,0.0,0.0,0.0,0.0,0.0,0.0,0.0,0.0,0.0,0.0,0.0,0.0,0.0,0.0,0.0,0.0,0.0,0.0,0.0,0.0,0.0,0.0,0.0,0.0,0.0,0.0,0.0,0.0,0.0,0.0,0.0,0.0,0.001095,0.000776,0.0,0.0,0.000892,0.001066,0.0,0.0,0.0,0.000702,0.0,0.0,0.0,0.0,0.0,0.0,0.0,0.0,0.0,0.000372,0.0,0.0,0.0,0.0,0.0,0.0,0.0,0.0,0.0,0.0,0.0,0.0,0.0,0.0,0.0,0.0,0.0,0.00082,0.0,0.0,0.0,0.006849,0.0,0.0,0.0,0.0,0.0,0.0,0.0,0.0,0.0,0.0,0.0,0.0,0.000941,0.0,0.0,0.00065,0.000531,0.0,0.0,0.0,0.0,0.0,0.0,0.0,0.0,0.0,0.0,0.0,0.0,0.0,0.003257,0.0,0.0,0.0,0.0,0.0,0.0,0.0,0.0,0.0,0.0,0.0,0.0,0.0,0.0,0.0,0.0,0.0,0.0,0.000353,0.0,0.0,0.0,0.0,0.0
3530,0.0,0.0,0.0,0.0,0.0,0.0,0.0,0.0,0.0,0.0,0.0,0.0,0.0,0.0,0.0,0.0,0.0,0.0,0.0,0.0,0.0,0.00157,0.001661,0.0,0.0,0.0,0.0,0.0,0.010309,0.0,0.0,0.0,0.0,0.0,0.00369,0.0,0.006334,0.0125,0.0,0.0,0.0,0.010309,0.0,0.0,0.0,0.0,0.0,0.0,0.0,0.0,0.0,0.0,0.029412,0.0,0.020619,0.0,0.0,0.0,0.0,0.0,0.0,0.0,0.0,0.002381,0.0,0.0,0.0,0.0,0.002525,0.0,0.0,0.0,0.0,0.0,0.0,0.0,0.0,0.0,0.0,0.0,0.0,0.0,0.0,0.0,0.0,0.0,0.0,0.0,0.0,0.0,0.0,0.0,0.0,0.0,0.0,0.0,0.0,0.0,0.0,0.0,0.0,0.003311,0.0,0.0,0.0,0.0,0.0,0.0,0.0,0.0,0.0,0.0,0.0,0.0,0.0,0.0,0.0,0.0,0.0,0.0,0.001529,0.0,0.0,0.0,0.0,0.0,0.0,0.0,0.0,0.0,0.0,0.0,0.0,0.0,0.0,0.0,0.0,0.0,0.0,0.0,0.0,0.0,0.0,0.0,0.0,0.0,0.0,0.0,0.0,0.010309,0.0,0.0,0.011299,0.0,0.0,0.0,0.0,0.0,0.0,0.0,0.0,0.0,0.0,0.0,0.0,0.0,0.0,0.0,0.0,0.0,0.0,0.0,0.0,0.0,0.0,0.0,0.0,0.0,0.0,0.0,0.0,0.0,0.0,0.0,0.0,0.0,0.030928,0.0,1.0,0.0,0.0,0.0,0.0,0.0,0.0,0.0,0.0,0.0,0.0,0.0,0.0,0.0,0.0,0.0,0.006873,0.0,0.0,0.0,0.0,0.000265,0.000889,0.000982,0.0,0.000422,0.00252,0.0,0.000196,0.0,0.0,0.006349,0.000825,0.002874,0.0,0.000254,0.000489,0.001133,0.000311,0.000365,0.000789,0.002311,0.0,0.00047,0.0,0.0,0.0,0.000234,0.005882,0.0,0.0,0.0,0.003891,0.0,0.0,0.0,0.000241,0.0,0.0,0.001764,0.0,0.0,0.0,0.0,0.0,0.000183,7.2e-05,0.000791,0.0,0.0,0.0,0.0,0.0,0.0,0.0,0.004525,0.0,0.0,0.0,0.0,0.0,0.0,0.003215,0.000367,0.0,0.0,0.000404,0.0,0.0,0.000598,0.0,0.0,0.0,0.0,0.0,0.0,0.0,0.0,0.0,0.0,0.0,0.0,0.0,0.0,0.0,0.0,0.0,0.0,0.0,0.0,0.0,0.0,0.0,0.0,0.0,0.0,0.0,0.0,0.0,0.0,0.0,0.0,0.0,0.0,0.0,0.0,0.0,0.0,0.0,0.0,0.001929,0.00086,0.0,0.0,0.000794,0.001338,0.0,0.0,0.0,0.007519,0.0,0.0,0.0,0.0,0.000155,0.0,0.0,0.0,0.0,0.0,0.001117,0.0,0.0,0.0,0.0,0.0,0.0,0.0,0.0,0.0,0.0,0.0,0.0,0.0,0.0,0.0,0.0,0.0,0.0,0.0,0.0,0.0,0.0,0.0,0.0,0.0,0.0,0.0,0.0,0.0,0.0,0.0,0.0,0.0,0.0,0.0,0.0,0.0,0.0,0.0,0.0,0.0,0.0,0.0,0.0,0.0,0.0,0.0,0.0,0.0,0.0,0.0,0.0,0.003257,0.0,0.0,0.0,0.0,0.006135,0.0,0.0,0.0,0.0,0.0,0.0,0.005764,0.0,0.0,0.0,0.0,0.0,0.0,0.000442,0.0,0.0,0.0,0.0,0.0
3600,0.0,0.0,0.0,0.0,0.0,0.0,0.0,0.0,0.0,0.00055,0.0,0.0,0.0,0.0,0.0,0.0,0.0,0.0,0.0,0.0,0.0,0.0,0.0,0.0,0.001845,0.0,0.007812,0.0,0.0,0.0,0.0,0.007812,0.0,0.0,0.0,0.0,0.0,0.00625,0.0,0.0,0.0,0.0,0.0,0.0,0.0,0.004149,0.0,0.0,0.0,0.0,0.0,0.012407,0.0,0.0,0.0,0.0,0.004695,0.0,0.0,0.0,0.0,0.0,0.0,0.0,0.007812,0.0,0.0,0.0,0.012626,0.0,0.0,0.0,0.0,0.0,0.0,0.0,0.0,0.0,0.000401,0.0,0.0,0.0,0.0,0.0,0.0,0.0,0.0,0.0,0.0,0.0,0.0,0.0,0.001508,0.0,0.0,0.0,0.007812,0.0,0.0,0.0,0.0,0.003311,0.0,0.0,0.0,0.0,0.0,0.0,0.0,0.0,0.0,0.0,0.0,0.0,0.0,0.0,0.0,0.0,0.0,0.0,0.0,0.007812,0.0,0.0,0.0,0.0,0.0,0.0,0.0,0.0,0.0,0.0,0.0,0.0,0.0,0.0,0.007812,0.0,0.0,0.0,0.0,0.0,0.0,0.0,0.0,0.0,0.0,0.0,0.0,0.0,0.0,0.0,0.011299,0.0,0.0,0.0,0.0,0.0,0.0,0.0,0.0,0.0,0.0,0.0,0.0,0.0,0.0,0.0,0.0,0.0,0.0,0.0,0.0,0.0,0.0,0.0,0.0,0.0,0.0,0.0,0.001664,0.0,0.0,0.0,0.0,0.0,0.0,0.0,0.0,1.0,0.070312,0.0,0.0,0.007812,0.0,0.007812,0.0,0.000498,0.004246,0.009728,0.0,0.0,0.0,0.0,0.003436,0.0,0.001701,0.0,0.0,0.001058,0.000296,0.0,0.0,0.000845,0.000741,0.0,0.000196,0.0,0.0,0.0,0.000413,0.0,0.0,0.000763,0.001467,0.000378,0.000311,0.0,0.000315,0.000867,0.0,0.00047,0.000736,0.0,0.0,0.000234,0.0,0.0,0.000912,0.0,0.0,0.0,0.0,0.000437,0.000481,0.0,0.0,0.0,0.0,0.0,0.000269,0.0,0.0,0.001099,0.000216,0.001039,0.007812,0.0,0.0,0.0,0.0,0.0,0.0,0.001508,0.005929,0.0,0.0,0.0,0.000944,0.0,0.003215,0.000734,0.0,0.0,0.000323,0.0,0.0,0.0,0.0,0.0,0.0,0.0,0.0,0.0,0.0,0.0,0.0,0.006897,0.0,0.003509,0.003521,0.0,0.0,0.0,0.005102,0.0,0.0,0.0,0.0,0.0,0.0,0.0,0.0,0.0,0.0,0.0,0.0,0.0,0.0,0.0,0.0,0.0,0.0,0.0,0.0,0.0,0.0,0.007812,0.005786,0.000704,0.0,0.0,0.000794,0.0,0.001421,0.0,0.0,0.0,0.0,0.0,0.0,0.0,0.000466,0.0,0.0,0.0,0.0,0.0,0.000745,0.0,0.0,0.0,0.0,0.0,0.0,0.0,0.0,0.0,0.0,0.0,0.002451,0.002088,0.019512,0.0,0.0,0.0,0.00082,0.0,0.005102,0.0,0.078767,0.036697,0.030769,0.0,0.0,0.015625,0.0,0.001587,0.0,0.0,0.0,0.0,0.0,0.000471,0.0,0.002304,0.002276,0.001592,0.0,0.007812,0.0,0.02027,0.007812,0.013559,0.0,0.0625,0.0,0.0,0.002967,0.0,0.0,0.0,0.007812,0.001497,0.0,0.0,0.0,0.0,0.0,0.0,0.0,0.0,0.0,0.0,0.0,0.0,0.0,0.0,0.0,0.031674,0.000795,0.0,0.0,0.0,0.0,0.0
3700,0.0,0.0,0.0,0.0,0.0,0.0,0.0,0.0,0.0,0.0,0.0,0.0,0.0,0.0,0.000623,0.0,0.0,0.0,0.000371,0.0,0.0,0.00157,0.0,0.0,0.0,0.0,0.0,0.0,0.0,0.0,0.0,0.0,0.0,0.0,0.0,0.0,0.0,0.0,0.0,0.0,0.0,0.0,0.0,0.0,0.0,0.0,0.0,0.0,0.0,0.0,0.0,0.004963,0.0,0.0,0.0,0.0,0.0,0.0,0.0,0.0,0.0,0.0,0.0,0.0,0.0,0.0,0.0,0.0,0.005051,0.0,0.0,0.0,0.0,0.0,0.0,0.0,0.0,0.0,0.0,0.0,0.0,0.0,0.0,0.0,0.0,0.0,0.0,0.0,0.0,0.0,0.0,0.0,0.0,0.0,0.0,0.0,0.022222,0.0,0.0,0.0,0.0,0.0,0.0,0.0,0.0,0.0,0.0,0.005848,0.0,0.0,0.0,0.0,0.0,0.0,0.0,0.0,0.0,0.0,0.0,0.0,0.0,0.0,0.0,0.0,0.0,0.002604,0.0,0.0,0.0,0.0,0.0,0.0,0.0,0.0,0.0,0.0,0.0,0.0,0.0,0.0,0.0,0.0,0.0,0.0,0.0,0.0,0.0,0.0,0.0,0.0,0.0,0.0125,0.00565,0.0,0.0,0.0,0.0,0.0,0.0,0.0,0.0125,0.0,0.0,0.0,0.0,0.0,0.0,0.0,0.0,0.0,0.0,0.0,0.0,0.0,0.0,0.0,0.0,0.0,0.0,0.009615,0.003328,0.0,0.0,0.0,0.0,0.01087,0.0,0.0,0.0,0.070312,1.0,0.009174,0.0,0.0,0.0,0.025,0.0125,0.000498,0.002123,0.005837,0.0,0.0125,0.005682,0.001182,0.010309,0.0,0.0,0.001721,0.00155,0.000794,0.0,0.0,0.0,0.0,0.000148,0.0,0.000588,0.0,0.0,0.0,0.001651,0.0,0.0,0.000254,0.000978,0.000566,0.0,0.0,0.000473,0.000578,0.0,0.0,0.0,0.0,0.0,0.000234,0.0,0.000714,0.000456,0.0,0.0,0.0,0.0,0.0,0.0,0.0,0.0,0.0,0.0,0.0,0.0,0.0,0.0,0.0,7.2e-05,0.000198,0.0,0.0,0.0,0.0,0.0,0.0,0.0,0.0,0.003953,0.0,0.0,0.005025,0.0,0.0,0.0,0.000367,0.0,0.0,0.000242,0.0,0.0,0.0,0.0,0.0,0.0,0.0,0.0,0.0,0.0,0.0,0.0,0.0,0.0,0.0,0.0,0.0,0.0,0.0,0.0,0.0,0.0,0.0,0.0,0.0,0.0,0.0,0.0,0.0,0.0,0.0,0.0,0.0,0.0,0.0,0.0,0.0,0.0,0.0,0.0,0.0,0.0,0.0,0.001929,0.000313,0.0,0.0,0.0,0.000446,0.000355,0.0,0.0,0.0,0.000702,0.0,0.0,0.0,0.000777,0.0,0.0,0.0,0.0,0.0,0.000745,0.0,0.0,0.0,0.0,0.0,0.003472,0.0,0.0,0.0,0.0,0.0,0.002451,0.002088,0.004878,0.0,0.0,0.0,0.00082,0.0,0.0,0.0,0.020548,0.036697,0.015385,0.0,0.0,0.0,0.0,0.0,0.0,0.0,0.000749,0.0,0.0,0.000471,0.0,0.0,0.000325,0.0,0.0,0.0,0.0,0.0,0.0,0.0,0.0,0.0,0.0,0.0,0.0,0.0,0.0,0.0,0.0,0.001497,0.0,0.0,0.0,0.0,0.0,0.0,0.0,0.0,0.0,0.0,0.0,0.0,0.0,0.003534,0.0,0.0,8.8e-05,0.0,0.0,0.0,0.0,0.0
3811,0.0,0.0,0.0,0.0,0.0,0.0,0.0,0.0,0.0,0.0,0.0,0.0,0.0,0.001605,0.0,0.0,0.0,0.0,0.000371,0.0,0.0,0.00157,0.0,0.0,0.0,0.0,0.0,0.0,0.0,0.0,0.005348,0.0,0.0,0.0,0.0,0.0,0.0,0.00625,0.0,0.0,0.0,0.0,0.0,0.0,0.002597,0.0,0.0,0.0,0.0,0.0,0.0,0.004963,0.0,0.0,0.0,0.0,0.0,0.0,0.0,0.0,0.0,0.0,0.0,0.0,0.0,0.0,0.0,0.0,0.002525,0.0,0.0,0.0,0.0,0.0,0.0,0.0,0.0,0.0,0.0,0.0,0.0,0.0,0.0,0.0,0.0,0.0,0.0,0.0,0.0,0.0,0.0,0.0,0.0,0.0,0.0,0.0,0.0,0.0,0.0,0.0,0.0,0.0,0.0,0.0,0.0,0.0,0.0,0.005848,0.0,0.0,0.0,0.0,0.0,0.0,0.0,0.018349,0.0,0.0,0.0,0.0,0.001529,0.0,0.0,0.0,0.0,0.002604,0.0,0.0,0.0,0.0,0.0,0.0,0.0,0.0,0.0,0.0,0.0,0.0,0.0,0.0,0.0,0.0,0.0,0.0,0.0,0.0,0.0,0.0,0.0,0.0,0.0,0.0,0.0,0.0,0.0,0.0,0.0,0.0,0.0,0.0,0.0,0.0,0.0,0.0,0.0,0.0,0.0,0.0,0.0,0.0,0.0,0.000998,0.0,0.0,0.0,0.0,0.0,0.0,0.0,0.0,0.0,0.009174,0.0,0.0,0.0,0.0,0.0,0.0,0.0,0.0,0.009174,1.0,0.027523,0.045872,0.009174,0.055046,0.0,0.001992,0.006369,0.0,0.0,0.0,0.0,0.001182,0.0,0.0,0.0,0.0,0.0,0.0,0.000593,0.0,0.0,0.000422,0.000148,0.0,0.0,0.0,0.001919,0.0,0.000413,0.002874,0.004484,0.000763,0.006846,0.000566,0.000414,0.0,0.000473,0.0,0.0,0.0,0.0,0.0,0.0,0.000468,0.0,0.001071,0.0,0.0,0.0,0.004695,0.000342,0.000218,0.000481,0.0,0.0,0.0,0.0,0.0,0.0,0.0,0.0,0.000549,7.2e-05,0.001138,0.0,0.0,0.008772,0.0,0.0,0.0,0.0,0.003017,0.0,0.009174,0.0,0.0,0.000944,0.0,0.003215,0.0,0.0,0.0,8.1e-05,0.0,0.0,0.0,0.0,0.0,0.0,0.0,0.0,0.0,0.0,0.0,0.0,0.0,0.0,0.0,0.0,0.0,0.0,0.0,0.0,0.0,0.0,0.0,0.0,0.0,0.0,0.0,0.0,0.0,0.0,0.0,0.0,0.0,0.0,0.0,0.0,0.0,0.0,0.0,0.0,0.0,0.0,0.0,0.0,0.000313,0.0,0.0,0.0,0.001338,0.002132,0.009174,0.00625,0.0,0.000702,0.0,0.0,0.0,0.000932,0.0,0.0,0.0,0.0,0.002353,0.0,0.0,0.0,0.0,0.0,0.0,0.0,0.0,0.0,0.0,0.0,0.009174,0.009804,0.014614,0.0,0.0,0.0,0.0,0.0,0.0,0.0,0.0,0.010274,0.009174,0.0,0.0,0.0,0.0,0.0,0.001587,0.0,0.0,0.0,0.0,0.0,0.001412,0.0,0.0,0.0,0.000531,0.0,0.0,0.0,0.0,0.0,0.00339,0.0,0.0,0.0,0.0,0.0,0.0,0.0,0.0,0.0,0.0,0.0,0.0,0.006135,0.0,0.0,0.0,0.0,0.0,0.0,0.0,0.0,0.0,0.0,0.0,0.0,0.0,0.000619,0.0,0.0,0.0,0.0,0.0
3812,0.0,0.0,0.0,0.0,0.0,0.0,0.0,0.0,0.0,0.0,0.0,0.0,0.0,0.0,0.0,0.0,0.0,0.0,0.0,0.0,0.0,0.0,0.0,0.0,0.0,0.0,0.0,0.0,0.0,0.0,0.0,0.0,0.0,0.0,0.0,0.0,0.0,0.0,0.0,0.0,0.0,0.0,0.0,0.0,0.0,0.004149,0.0,0.0,0.0,0.014493,0.0,0.0,0.0,0.0,0.0,0.0,0.0,0.0,0.0,0.0,0.0,0.0,0.0,0.0,0.0,0.0,0.0,0.0,0.0,0.0,0.0,0.0,0.0,0.0,0.0,0.0,0.0,0.0,0.000401,0.0,0.0,0.0,0.0,0.0,0.0,0.0,0.0,0.0,0.0,0.0,0.0,0.0,0.0,0.0,0.0,0.034483,0.0,0.0,0.0,0.0,0.0,0.0,0.0,0.0,0.0,0.0,0.0,0.0,0.0,0.0,0.0,0.0,0.0,0.0,0.0,0.0,0.0,0.0,0.0,0.0,0.0,0.0,0.0,0.0,0.0,0.0,0.0,0.010989,0.0,0.0,0.0,0.0,0.0,0.0,0.0,0.0,0.0,0.0,0.0,0.0,0.0,0.0,0.0,0.0,0.0,0.0,0.0,0.0,0.0,0.0,0.0,0.0,0.0,0.0,0.0,0.0,0.0,0.0,0.0,0.0,0.0,0.0,0.0,0.0,0.0,0.0,0.0,0.0,0.0,0.0,0.0,0.0,0.0,0.0,0.0,0.0,0.0,0.0,0.0,0.0,0.0,0.0,0.0,0.0,0.0,0.0,0.0,0.0,0.0,0.0,0.0,0.027523,1.0,0.111111,0.0,0.026667,0.0,0.0,0.0,0.0,0.0,0.0,0.0,0.0,0.0,0.0,0.0,0.0,0.0,0.000529,0.0,0.0,0.0,0.000422,0.0,0.0,0.0,0.0,0.0,0.0,0.000413,0.0,0.0,0.0,0.0,0.000755,0.000104,0.0,0.0,0.000289,0.0,0.00047,0.000368,0.0,0.0,0.000234,0.0,0.000357,0.0,0.0,0.0,0.0,0.0,0.0,0.0,0.0,0.0,0.0,0.0,0.0,0.000269,0.0,0.0,0.0,7.2e-05,0.000396,0.0,0.0,0.0,0.0,0.0,0.0,0.0,0.001508,0.001976,0.0,0.0,0.0,0.000944,0.0,0.0,0.0,0.0,0.0,0.0,0.0,0.0,0.0,0.0,0.0,0.0,0.0,0.0,0.0,0.0,0.0,0.0,0.0,0.0,0.0,0.0,0.0,0.0,0.0,0.0,0.0,0.0,0.0,0.0,0.0,0.0,0.0,0.0,0.0,0.0,0.0,0.0,0.0,0.0,0.0,0.0,0.0,0.0,0.0,0.0,0.0,0.0,0.0,0.0,7.8e-05,0.0,0.0,0.0,0.0,0.0,0.0,0.0,0.0,0.0,0.0,0.0,0.0,0.000466,0.0,0.0,0.0,0.0,0.0,0.0,0.0,0.0,0.0,0.0,0.0,0.0,0.0,0.0,0.0,0.0,0.0,0.0,0.002088,0.0,0.0,0.0,0.0,0.0,0.0,0.0,0.0,0.0,0.0,0.0,0.0,0.0,0.0,0.0,0.0,0.0,0.0,0.0,0.0,0.0,0.0,0.0,0.0,0.0,0.0,0.0,0.0,0.0,0.0,0.0,0.0,0.001208,0.0,0.0,0.0,0.0,0.0,0.0,0.0,0.0,0.0,0.0,0.0,0.0,0.0,0.0,0.0,0.0,0.0,0.0,0.0,0.0,0.0,0.0,0.0,0.0,0.0,0.000177,0.0,0.0,0.0,0.0,0.0
3821,0.0,0.0,0.0,0.0,0.0,0.0,0.0,0.003759,0.0,0.0,0.0,0.0,0.0,0.0,0.0,0.0,0.0,0.005128,0.000371,0.0,0.0,0.0,0.0,0.0,0.0,0.0,0.0,0.0,0.0,0.0,0.0,0.0,0.0,0.0,0.0,0.0,0.0,0.0,0.0,0.0,0.0,0.0,0.0,0.0,0.0,0.004149,0.0,0.0,0.0,0.0,0.0,0.004963,0.0,0.0,0.0,0.001931,0.0,0.0,0.0,0.0,0.0,0.0,0.0,0.007143,0.0,0.0,0.0,0.0,0.0,0.0,0.0,0.0,0.0,0.0,0.0,0.0,0.0,0.0,0.0,0.0,0.0,0.0,0.0,0.0,0.0,0.0,0.0,0.0,0.0,0.0,0.0,0.0,0.001508,0.0,0.0,0.0,0.0,0.0,0.0,0.0,0.0,0.0,0.0,0.0,0.0,0.0,0.0,0.0,0.0,0.012346,0.0,0.0,0.0,0.0,0.0,0.0,0.0,0.0,0.0,0.0,0.0,0.0,0.0,0.0,0.0,0.0,0.0,0.0,0.0,0.0,0.0,0.0,0.0,0.0,0.0,0.0,0.0,0.0,0.0,0.0,0.0,0.0,0.0,0.0,0.0,0.0,0.0,0.0,0.0,0.0,0.0,0.0,0.0,0.025641,0.0,0.0,0.0,0.0,0.0,0.0,0.0,0.0,0.0,0.0,0.0,0.0,0.0,0.0,0.0,0.0,0.0,0.0,0.0,0.0,0.0,0.0,0.0,0.0,0.0,0.0,0.0,0.0,0.0,0.0,0.0,0.0,0.0,0.0,0.0,0.007812,0.0,0.045872,0.111111,1.0,0.037037,0.04,0.037037,0.000498,0.006369,0.001946,0.0,0.0,0.011364,0.0,0.0,0.0,0.0,0.0,0.0,0.000265,0.000296,0.0,0.001,0.0,0.000148,0.0,0.0,0.0,0.0,0.0,0.000825,0.0,0.0,0.000254,0.001956,0.000378,0.0,0.0,0.000158,0.0,0.0,0.00047,0.000368,0.0,0.0,0.0,0.0,0.0,0.000456,0.0,0.0,0.0,0.0,0.0,0.0,0.0,0.0,0.0,0.0,0.0,0.0,0.0,0.0,0.0,7.2e-05,9.9e-05,0.0,0.0,0.0,0.0,0.0,0.0,0.0,0.003017,0.0,0.0,0.0,0.0,0.0,0.0,0.0,0.0,0.0,0.0,8.1e-05,0.0,0.0,0.0,0.0,0.0,0.0,0.0,0.0,0.0,0.0,0.0,0.0,0.006897,0.0,0.0,0.003521,0.0,0.001258,0.0,0.0,0.0,0.0,0.0,0.0,0.0,0.0,0.0,0.0,0.0,0.0,0.0,0.0,0.0,0.0,0.0,0.0,0.0,0.0,0.0,0.0,0.0,0.0,0.0,0.000964,7.8e-05,0.0,0.0,0.0,0.000446,0.0,0.011364,0.0,0.0,0.0,0.0,0.0,0.0,0.000466,0.0,0.0,0.0,0.0,0.0,0.0,0.0,0.0,0.0,0.0,0.0,0.0,0.0,0.0,0.0,0.0,0.0,0.0,0.0,0.0,0.0,0.0,0.0,0.0,0.0,0.0,0.0,0.003425,0.004587,0.015385,0.0,0.0,0.0,0.037037,0.001587,0.002941,0.008065,0.0,0.0,0.0,0.0,0.0,0.0,0.000325,0.0,0.0,0.0,0.0,0.0,0.0,0.0,0.0,0.019231,0.0,0.0,0.0,0.000929,0.0,0.0,0.008475,0.0,0.0,0.0,0.0,0.0,0.0,0.0,0.0,0.0,0.0,0.0,0.0,0.0,0.0,0.0,0.0,0.0,0.000265,0.0,0.0,0.0,0.0,0.0
3822,0.0,0.0,0.0,0.0,0.0,0.0,0.0,0.0,0.0,0.0,0.0,0.0,0.0,0.0,0.0,0.0,0.0,0.0,0.0,0.0,0.0,0.0,0.0,0.0,0.0,0.0,0.0,0.0,0.0,0.0,0.0,0.0,0.0,0.0,0.0,0.0,0.0,0.0,0.0,0.0,0.0,0.0,0.0,0.0,0.0,0.0,0.0,0.0,0.0,0.0,0.0,0.0,0.0,0.0,0.0,0.0,0.0,0.0,0.0,0.0,0.0,0.0,0.0,0.0,0.0,0.0,0.0,0.0,0.0,0.0,0.0,0.0,0.0,0.0,0.0,0.0,0.0,0.0,0.0,0.0,0.0,0.0,0.0,0.0,0.0,0.0,0.0,0.0,0.0,0.0,0.0,0.0,0.0,0.0,0.0,0.0,0.0,0.0,0.0,0.0,0.0,0.003311,0.0,0.0,0.0,0.0,0.0,0.0,0.0,0.012346,0.0,0.0,0.0,0.0,0.0,0.0,0.0,0.0,0.0,0.0,0.0,0.0,0.0,0.0,0.0,0.0,0.0,0.0,0.0,0.0,0.0,0.0,0.0,0.0,0.0,0.0,0.0,0.0,0.0,0.0,0.0,0.0,0.0,0.0,0.0,0.0,0.0,0.0,0.0,0.0,0.0,0.0,0.0,0.0,0.0,0.0,0.0,0.0,0.0,0.0,0.0,0.0,0.0,0.0,0.0,0.0,0.0,0.0,0.0,0.0,0.0,0.0,0.0,0.0,0.0,0.0,0.0,0.0,0.0,0.0,0.0,0.0,0.0,0.0,0.0,0.0,0.0,0.0,0.0,0.0,0.0,0.009174,0.0,0.037037,1.0,0.013333,0.0,0.000498,0.002123,0.0,0.0,0.0,0.0,0.001182,0.0,0.0,0.0,0.0,0.0,0.0,0.0,0.0,0.0,0.0,0.0,0.0,0.000196,0.0,0.0,0.0,0.0,0.0,0.0,0.0,0.000489,0.0,0.0,0.0,0.0,0.0,0.0,0.0,0.0,0.0,0.0,0.0,0.0,0.0,0.0,0.0,0.0,0.0,0.0,0.000218,0.0,0.0,0.0,0.0,0.0,0.0,0.0,0.0,0.0,0.0,0.0,9.9e-05,0.0,0.0,0.0,0.0,0.0,0.0,0.0,0.0,0.0,0.0,0.0,0.0,0.0,0.0,0.0,0.0,0.0,0.0,0.0,0.0,0.0,0.0,0.0,0.0,0.0,0.0,0.0,0.0,0.0,0.0,0.0,0.0,0.0,0.0,0.0,0.0,0.0,0.0,0.0,0.0,0.0,0.0,0.0,0.0,0.0,0.0,0.0,0.0,0.0,0.0,0.0,0.0,0.0,0.0,0.0,0.0,0.0,0.0,0.0,0.0,0.0,0.0,0.0,7.8e-05,0.0,0.0,0.0,0.0,0.000355,0.0,0.0,0.0,0.0,0.0,0.0,0.0,0.0,0.0,0.0,0.0,0.0,0.0,0.0,0.0,0.0,0.0,0.0,0.0,0.0,0.0,0.0,0.0,0.0,0.0,0.0,0.0,0.0,0.0,0.0,0.0,0.0,0.0,0.0,0.0,0.0,0.0,0.0,0.0,0.0,0.0,0.0,0.0,0.0,0.0,0.0,0.0,0.0,0.0,0.0,0.0,0.0,0.0,0.0,0.0,0.0,0.0,0.0,0.0,0.0,0.0,0.0,0.0,0.0,0.0,0.0,0.0,0.0,0.0,0.0,0.0,0.0,0.0,0.0,0.0,0.0,0.0,0.0,0.0,0.0,0.0,0.0,0.0,0.0,0.0,0.000177,0.0,0.0,0.0,0.0,0.0
3830,0.0,0.0,0.0,0.0,0.0,0.0,0.0,0.0,0.0,0.0,0.0,0.0,0.0,0.001605,0.0,0.0,0.0,0.0,0.0,0.0,0.0,0.0,0.0,0.0,0.0,0.0,0.0,0.0,0.0,0.0,0.0,0.0,0.0,0.0,0.0,0.0,0.0,0.0,0.0,0.0,0.0,0.0,0.0,0.0,0.002597,0.0,0.0,0.0,0.0,0.0,0.0,0.0,0.0,0.0,0.0,0.0,0.0,0.0,0.0,0.0,0.0,0.0,0.003356,0.002381,0.0,0.0,0.0,0.0,0.0,0.0,0.0,0.0,0.0,0.0,0.0,0.0,0.0,0.0,0.000401,0.0,0.0,0.0,0.0,0.0,0.0,0.0,0.0,0.0,0.0,0.0,0.0,0.0,0.0,0.001629,0.0,0.0,0.011111,0.0,0.013333,0.0,0.0,0.0,0.0,0.0,0.0,0.0,0.013333,0.017544,0.0,0.0,0.0,0.0,0.0,0.003195,0.013333,0.0,0.012048,0.0,0.0,0.0,0.0,0.0,0.0,0.0,0.0,0.0,0.0,0.0,0.0,0.0,0.0,0.0,0.0,0.0,0.0,0.0,0.0,0.0,0.0,0.0,0.0,0.0,0.0,0.0,0.0,0.0,0.0,0.0,0.0,0.0,0.0,0.0,0.0,0.0,0.0,0.0,0.0,0.0,0.0,0.0,0.0,0.0,0.0,0.0,0.0,0.0,0.0,0.0,0.0,0.0,0.0,0.0,0.0,0.0,0.0,0.0,0.0,0.0,0.0,0.0,0.001664,0.0,0.0,0.0,0.0,0.0,0.0,0.0,0.0,0.007812,0.025,0.055046,0.026667,0.04,0.013333,1.0,0.0,0.0,0.002123,0.0,0.0,0.0,0.0,0.0,0.0,0.0,0.0,0.0,0.0,0.000265,0.000296,0.0,0.0,0.000845,0.000593,0.0,0.000196,0.0,0.0,0.003175,0.000825,0.002874,0.004484,0.000254,0.005379,0.000189,0.0,0.0,0.0,0.0,0.0,0.0,0.000368,0.0,0.0,0.000234,0.0,0.0,0.000456,0.0,0.0,0.0,0.0,0.0,0.000241,0.0,0.0,0.0,0.0,0.0,0.000269,0.0,0.0,0.0,0.000144,0.000692,0.0,0.0,0.0,0.0,0.0,0.0,0.0,0.0,0.0,0.0,0.0,0.0,0.000944,0.0,0.0,0.0,0.0,0.0,8.1e-05,0.001127,0.0,0.0,0.0,0.0,0.0,0.0,0.0,0.0,0.0,0.0,0.0,0.0,0.0,0.0,0.0,0.0,0.0,0.0,0.0,0.0,0.0,0.0,0.0,0.0,0.0,0.0,0.0,0.0,0.0,0.0,0.0,0.0,0.0,0.0,0.0,0.0,0.0,0.0,0.0,0.0,0.0,0.0,0.0,0.000156,0.0,0.0,0.0,0.000892,0.000355,0.011364,0.0,0.0,0.0,0.0,0.0,0.0,0.000311,0.0,0.0,0.0,0.0,0.0,0.0,0.0,0.0,0.0,0.0,0.0,0.0,0.0,0.0,0.0,0.0,0.013333,0.0,0.002088,0.0,0.0,0.0,0.013333,0.0,0.0,0.0,0.0,0.0,0.0,0.0,0.0,0.0,0.0,0.0,0.0,0.0,0.0,0.0,0.0,0.0,0.0,0.0,0.0,0.0,0.0,0.0,0.0,0.0,0.0,0.0,0.0,0.0,0.0,0.0,0.0,0.0,0.0,0.0,0.0,0.0,0.0,0.0,0.0,0.0,0.0,0.0,0.0,0.00129,0.0,0.0,0.0,0.0,0.0,0.0,0.0,0.000428,0.0,8.8e-05,0.0,0.0,0.0,0.0,0.0
3900,0.0,0.0,0.0,0.0,0.0,0.0,0.0,0.0,0.0,0.0,0.0,0.0,0.0,0.0,0.0,0.0,0.0,0.0,0.0,0.0,0.0,0.0,0.0,0.0,0.0,0.0,0.0,0.0,0.0,0.0,0.0,0.0,0.0,0.0,0.0,0.0,0.0,0.0,0.0,0.0,0.0,0.0,0.0,0.0,0.0,0.0,0.0,0.0,0.0,0.0,0.0,0.0,0.0,0.0,0.0,0.0,0.0,0.0,0.0,0.0,0.0,0.0,0.0,0.0,0.0,0.0,0.0,0.0,0.0,0.0,0.0,0.0,0.0,0.0,0.0,0.0,0.0,0.0,0.0,0.0,0.0,0.0,0.0,0.0,0.0,0.0,0.0,0.0,0.0,0.0,0.0,0.0,0.0,0.0,0.0,0.0,0.0,0.0,0.0,0.0,0.0,0.0,0.0,0.0,0.0,0.0,0.0,0.005848,0.0,0.0,0.0,0.0,0.0,0.0,0.0,0.0,0.0,0.0,0.0,0.0,0.0,0.0,0.0,0.0,0.0,0.0,0.0,0.0,0.0,0.0,0.0,0.0,0.0,0.0,0.0,0.0,0.0,0.0,0.0,0.0,0.0,0.0,0.0,0.0,0.0,0.0,0.0,0.0,0.0,0.0,0.0,0.0,0.0,0.0,0.0,0.0,0.0,0.0,0.0,0.0,0.0,0.0,0.0,0.0,0.0,0.0,0.0,0.0,0.0,0.0,0.0,0.0,0.0,0.0,0.0,0.0,0.0,0.0,0.0,0.0,0.0,0.0,0.0,0.0,0.0,0.0,0.0,0.0,0.0,0.0,0.0125,0.0,0.0,0.037037,0.0,0.0,1.0,0.0,0.0,0.0,0.0,0.0,0.0,0.0,0.0,0.0,0.0,0.0,0.0,0.0,0.0,0.0,0.0,0.0,0.0,0.0,0.000196,0.0,0.0,0.0,0.0,0.0,0.004484,0.0,0.000489,0.0,0.0,0.0,0.000158,0.0,0.0,0.0,0.0,0.0,0.0,0.0,0.0,0.000357,0.0,0.0,0.0,0.0,0.0,0.0,0.0,0.0,0.0,0.0,0.0,0.0,0.0,0.0,0.0,0.0,0.0,0.0,0.0,0.0,0.0,0.0,0.0,0.0,0.0,0.001508,0.0,0.0,0.0,0.0,0.0,0.0,0.0,0.0,0.0,0.0,8.1e-05,0.0,0.0,0.0,0.0,0.0,0.0,0.0,0.0,0.0,0.0,0.0,0.0,0.0,0.0,0.0,0.0,0.0,0.0,0.0,0.0,0.0,0.0,0.0,0.0,0.0,0.0,0.0,0.0,0.0,0.0,0.0,0.0,0.0,0.0,0.0,0.0,0.0,0.0,0.0,0.0,0.0,0.0,0.0,0.0,0.0,0.0,0.0,0.0,0.0,0.0,0.011364,0.0,0.0,0.0,0.0,0.0,0.0,0.0,0.0,0.0,0.0,0.0,0.0,0.0,0.0,0.0,0.0,0.0,0.0,0.0,0.0,0.0,0.0,0.0,0.0,0.0,0.0,0.0,0.0,0.0,0.0,0.0,0.0,0.0,0.0,0.0,0.0,0.0,0.0,0.0,0.0,0.0,0.0,0.0,0.0,0.0,0.0,0.0,0.0,0.0,0.0,0.0,0.0,0.0,0.0,0.0,0.0,0.0,0.0,0.0,0.0,0.0,0.0,0.0,0.0,0.0,0.0,0.0,0.0,0.0,0.0,0.0,0.0,0.0,0.0,0.0,0.0,0.0,0.0,0.0,0.0,0.0,0.0,0.0,0.0,0.0,0.0,0.0,0.0,0.0,0.0
4100,0.000498,0.006474,0.001494,0.001494,0.000996,0.0,0.0,0.000996,0.000498,0.006972,0.000996,0.0,0.000996,0.001494,0.004482,0.0,0.000498,0.000498,0.006679,0.0,0.0,0.00249,0.002988,0.000498,0.00249,0.000996,0.000498,0.000498,0.000498,0.0,0.001494,0.001494,0.0,0.000498,0.0,0.000498,0.005478,0.000498,0.0,0.0,0.000498,0.000498,0.0,0.0,0.002988,0.00498,0.0,0.0,0.000996,0.000498,0.000996,0.000996,0.000498,0.0,0.0,0.001494,0.0,0.0,0.001494,0.000498,0.0,0.0,0.000996,0.001992,0.0,0.0,0.0,0.000498,0.000498,0.0,0.000498,0.0,0.000996,0.0,0.000996,0.0,0.0,0.0,0.002005,0.0,0.0,0.0,0.0,0.000498,0.000498,0.0,0.003984,0.0,0.0,0.0,0.0,0.0,0.000498,0.000498,0.0,0.000498,0.0,0.0,0.000498,0.0,0.000498,0.0,0.000498,0.0,0.000498,0.0,0.000498,0.000996,0.0,0.001992,0.0,0.0,0.000498,0.006474,0.000498,0.001494,0.001992,0.0,0.0,0.0,0.008964,0.00249,0.0,0.0,0.0,0.001992,0.000996,0.001992,0.000498,0.0,0.0,0.0,0.000498,0.0,0.0,0.0,0.000498,0.0,0.0,0.0,0.0,0.000498,0.0,0.001494,0.000996,0.000996,0.000996,0.0,0.000996,0.000996,0.0,0.0,0.002988,0.0,0.000498,0.0,0.000498,0.000498,0.0,0.000996,0.0,0.000498,0.0,0.000996,0.0,0.0,0.0,0.0,0.0,0.0,0.000498,0.003984,0.000498,0.0,0.0,0.0,0.000498,0.000498,0.0,0.00249,0.00249,0.000498,0.002988,0.0,0.0,0.000498,0.0,0.000498,0.0,0.000498,0.000498,0.001992,0.0,0.000498,0.000498,0.0,0.0,1.0,0.039343,0.033367,0.010458,0.001992,0.011952,0.013446,0.008964,0.000996,0.01743,0.015936,0.002988,0.006351,0.006519,0.001992,0.002988,0.00549,0.004595,0.002567,0.007839,0.005976,0.000996,0.001992,0.021461,0.001992,0.001494,0.027735,0.00489,0.00472,0.004038,0.002558,0.002523,0.004623,0.0,0.005642,0.005521,0.001494,0.000498,0.018493,0.00249,0.008565,0.007299,0.0,0.000996,0.000996,0.003766,0.00284,0.003127,0.0,0.000498,0.0,0.000498,0.001494,0.006194,0.0,0.0,0.005128,0.008548,0.011128,0.0,0.0,0.0,0.0,0.001494,0.000498,0.0,0.001992,0.002988,0.0,0.0,0.001992,0.001494,0.000996,0.001992,0.011005,0.0,0.000996,0.006139,0.001992,0.000996,0.005976,0.0,0.0,0.0,0.000498,0.000498,0.0,0.0,0.0,0.0,0.0,0.0,0.00249,0.001992,0.0,0.003984,0.000498,0.001494,0.0,0.000996,0.0,0.0,0.000498,0.0,0.000498,0.0,0.0,0.0,0.0,0.0,0.0,0.0,0.0,0.0,0.0,0.0,0.0,0.000996,0.0,0.0,0.0,0.0249,0.009617,0.003984,0.005515,0.003984,0.015611,0.089552,0.000498,0.0,0.000498,0.00498,0.000498,0.001992,0.0,0.016312,0.000498,0.000498,0.0,0.000996,0.000996,0.021974,0.0,0.0,0.003984,0.000498,0.001494,0.0,0.003984,0.0,0.001992,0.0,0.0,0.00249,0.004482,0.002988,0.000996,0.002988,0.0,0.00498,0.0,0.0,0.0,0.000996,0.000996,0.001494,0.0,0.0,0.0,0.0,0.0,0.000498,0.000498,0.003486,0.000498,0.0,0.012235,0.000498,0.000498,0.000975,0.001494,0.0,0.000498,0.0,0.0,0.0,0.000996,0.003984,0.0,0.0,0.000498,0.000996,0.002988,0.0,0.0,0.000498,0.00249,0.0,0.010956,0.0,0.0,0.0,0.001992,0.006474,0.000996,0.0,0.003486,0.0,0.000498,0.0,0.001494,0.001712,0.001494,0.0076,0.000498,0.0,0.0,0.0,0.0
4210,0.0,0.004171,0.0,0.00177,0.002123,0.0,0.0,0.0,0.002123,0.00165,0.0,0.0,0.0,0.001605,0.0,0.0,0.0,0.004246,0.000742,0.002123,0.0,0.0,0.003322,0.0,0.001845,0.0,0.0,0.0,0.0,0.0,0.002123,0.004246,0.0,0.002123,0.0,0.0,0.002375,0.0,0.0,0.0,0.0,0.0,0.0,0.0,0.006369,0.016985,0.0,0.0,0.004246,0.002123,0.004246,0.002123,0.0,0.0,0.0,0.001931,0.0,0.0,0.0,0.0,0.0,0.0,0.002123,0.002123,0.0,0.0,0.0,0.0,0.0,0.0,0.0,0.0,0.0,0.0,0.0,0.0,0.0,0.0,0.000401,0.0,0.0,0.0,0.0,0.0,0.0,0.0,0.0,0.0,0.0,0.0,0.0,0.0,0.003017,0.0,0.0,0.0,0.0,0.0,0.0,0.002123,0.0,0.0,0.0,0.0,0.0,0.0,0.0,0.0,0.0,0.006369,0.0,0.0,0.0,0.012739,0.0,0.010616,0.002123,0.0,0.002123,0.0,0.009174,0.0,0.002123,0.0,0.002123,0.002123,0.0,0.0,0.0,0.0,0.0,0.0,0.0,0.0,0.0,0.0,0.0,0.0,0.0,0.0,0.0,0.0,0.0,0.0,0.0,0.0,0.0,0.002123,0.002123,0.0,0.0,0.0,0.0,0.0,0.0,0.0,0.004246,0.0,0.0,0.0,0.0,0.0,0.0,0.0,0.0,0.0,0.0,0.0,0.0,0.0,0.0,0.001996,0.0,0.0,0.0,0.0,0.0,0.002123,0.0,0.002123,0.001664,0.0,0.0,0.002123,0.0,0.004246,0.0,0.0,0.0,0.004246,0.002123,0.006369,0.0,0.006369,0.002123,0.002123,0.0,0.039343,1.0,0.097276,0.023355,0.002123,0.021231,0.009456,0.019108,0.0,0.015306,0.018933,0.00155,0.000529,0.001778,0.000982,0.002,0.001267,0.001186,0.000856,0.00098,0.002016,0.0,0.002123,0.005365,0.004246,0.0,0.009924,0.0,0.000944,0.000518,0.0,0.000315,0.000867,0.0,0.002821,0.001104,0.0,0.0,0.002575,0.0,0.000357,0.001825,0.0,0.0,0.0,0.000685,0.000437,0.000241,0.0,0.002123,0.0,0.0,0.0,0.000269,0.0,0.0,0.001099,0.000718,0.002473,0.0,0.0,0.0,0.0,0.002123,0.0,0.0,0.0,0.011858,0.0,0.0,0.002123,0.0,0.0,0.0,0.000734,0.002123,0.0,0.000485,0.0,0.0,0.0,0.0,0.0,0.0,0.0,0.0,0.0,0.0,0.0,0.0,0.0,0.0,0.002123,0.004246,0.002123,0.001258,0.002123,0.0,0.0,0.0,0.0,0.0,0.002123,0.0,0.0,0.0,0.0,0.0,0.0,0.0,0.0,0.0,0.0,0.0,0.0,0.0,0.0,0.0,0.0,0.0,0.002123,0.00675,0.001173,0.0,0.000368,0.0,0.006244,0.029495,0.004246,0.0,0.0,0.000702,0.0,0.002123,0.0,0.003418,0.0,0.0,0.0,0.0,0.0,0.012663,0.0,0.0,0.002123,0.0,0.0,0.0,0.0,0.002123,0.0,0.0,0.0,0.002123,0.006263,0.010616,0.002037,0.002123,0.0,0.0,0.002123,0.0,0.0,0.006369,0.010616,0.008493,0.0,0.0,0.0,0.0,0.0,0.0,0.0,0.001497,0.0,0.002123,0.001882,0.0,0.002123,0.000975,0.000531,0.0,0.004246,0.002123,0.002123,0.002123,0.010616,0.001208,0.002123,0.0,0.002123,0.0,0.000929,0.0,0.004246,0.002123,0.0,0.0,0.010616,0.0,0.0,0.0,0.002123,0.00129,0.002123,0.0,0.002123,0.0,0.0,0.0,0.001767,0.000428,0.002123,0.001237,0.0,0.0,0.0,0.0,0.0
4220,0.0,0.001043,0.003891,0.0,0.001946,0.0,0.0,0.0,0.001946,0.0011,0.0,0.0,0.001946,0.0,0.001247,0.0,0.0,0.001946,0.001484,0.0,0.0,0.0,0.0,0.001946,0.00369,0.001946,0.0,0.0,0.0,0.0,0.001946,0.001946,0.0,0.0,0.0,0.0,0.000792,0.0,0.0,0.0,0.0,0.0,0.0,0.0,0.001946,0.003891,0.0,0.0,0.0,0.001946,0.0,0.0,0.0,0.0,0.0,0.0,0.0,0.0,0.0,0.0,0.0,0.0,0.0,0.0,0.0,0.0,0.0,0.0,0.003891,0.0,0.001946,0.0,0.0,0.0,0.0,0.0,0.0,0.0,0.0,0.0,0.0,0.0,0.0,0.0,0.0,0.0,0.001946,0.0,0.0,0.0,0.0,0.0,0.003017,0.0,0.0,0.0,0.0,0.001946,0.001946,0.0,0.0,0.0,0.0,0.0,0.0,0.0,0.001946,0.003891,0.0,0.0,0.0,0.0,0.0,0.007782,0.001946,0.003891,0.0,0.0,0.0,0.0,0.006116,0.0,0.0,0.0,0.0,0.007782,0.0,0.001946,0.001946,0.001946,0.0,0.0,0.0,0.0,0.0,0.0,0.001946,0.0,0.0,0.001946,0.0,0.001946,0.0,0.0,0.0,0.001946,0.0,0.0,0.001946,0.0,0.0,0.0,0.001946,0.0,0.0,0.0,0.0,0.0,0.0,0.0,0.0,0.0,0.0,0.0,0.0,0.0,0.0,0.0,0.0,0.0,0.0,0.001996,0.0,0.0,0.0,0.0,0.0,0.0,0.0,0.001946,0.001664,0.0,0.009728,0.0,0.0,0.003891,0.005837,0.0,0.0,0.009728,0.005837,0.0,0.0,0.001946,0.0,0.0,0.0,0.033367,0.097276,1.0,0.029183,0.003891,0.019455,0.035461,0.013619,0.005837,0.027211,0.02926,0.00155,0.001058,0.001481,0.0,0.002,0.001689,0.000445,0.0,0.002352,0.00504,0.0,0.0,0.007429,0.005837,0.0,0.007888,0.002445,0.001133,0.000207,0.000731,0.000631,0.000289,0.0,0.002351,0.000736,0.0,0.0,0.004682,0.0,0.001784,0.000456,0.0,0.0,0.001946,0.000514,0.001092,0.000962,0.0,0.0,0.001764,0.0,0.0,0.000539,0.0,0.0,0.000916,0.000718,0.002423,0.0,0.0,0.0,0.0,0.0,0.0,0.0,0.004525,0.005837,0.0,0.0,0.001946,0.002833,0.0,0.0,0.002568,0.0,0.0,0.000889,0.0,0.003891,0.000598,0.0,0.0,0.0,0.001946,0.0,0.0,0.0,0.0,0.001946,0.001946,0.0,0.001946,0.001946,0.0,0.005031,0.001946,0.0,0.001946,0.0,0.0,0.0,0.0,0.0,0.0,0.0,0.0,0.0,0.0,0.0,0.0,0.0,0.0,0.0,0.0,0.0,0.0,0.0,0.001946,0.0,0.0,0.010608,0.001173,0.0,0.001103,0.002381,0.003568,0.029851,0.001946,0.0,0.0,0.000702,0.0,0.0,0.0,0.004195,0.0,0.0,0.001946,0.0,0.0,0.009311,0.0,0.0,0.001946,0.0,0.0,0.0,0.0,0.0,0.001946,0.0,0.0,0.005837,0.001946,0.0,0.0,0.001946,0.0,0.001639,0.0,0.0,0.0,0.003891,0.001946,0.005837,0.0,0.0,0.0,0.0,0.0,0.001946,0.001946,0.001497,0.0,0.0,0.001412,0.0,0.0,0.000325,0.0,0.0,0.0,0.0,0.0,0.0,0.003891,0.0,0.003891,0.0,0.001946,0.0,0.000929,0.0,0.0,0.001946,0.0,0.0,0.011673,0.0,0.0,0.0,0.0,0.002581,0.0,0.0,0.007782,0.0,0.0,0.0,0.0,0.0,0.001946,0.000795,0.0,0.0,0.0,0.0,0.0
4290,0.0,0.0,0.0,0.0,0.0,0.0,0.0,0.0,0.0,0.0,0.0,0.0,0.0,0.0,0.000623,0.0,0.0,0.0,0.000742,0.0,0.0,0.0,0.001661,0.0,0.0,0.004902,0.0,0.0,0.0,0.0,0.0,0.008065,0.0,0.0,0.0,0.0,0.0,0.0,0.0,0.0,0.0,0.0,0.0,0.0,0.002597,0.0,0.0,0.0,0.0,0.0,0.0,0.0,0.0,0.0,0.0,0.0,0.0,0.0,0.0,0.0,0.0,0.0,0.0,0.0,0.0,0.0,0.0,0.0,0.0,0.0,0.008065,0.0,0.0,0.0,0.0,0.0,0.0,0.0,0.0,0.0,0.0,0.0,0.0,0.0,0.0,0.0,0.005208,0.0,0.0,0.0,0.0,0.0,0.0,0.0,0.0,0.0,0.0,0.0,0.0,0.0,0.0,0.0,0.0,0.0,0.0,0.0,0.008065,0.0,0.0,0.008065,0.0,0.0,0.0,0.0,0.008065,0.024194,0.0,0.0,0.0,0.0,0.0,0.008065,0.0,0.0,0.0,0.002604,0.008065,0.016129,0.008065,0.0,0.0,0.0,0.0,0.0,0.0,0.0,0.0,0.0,0.0,0.0,0.0,0.0,0.0,0.008065,0.0,0.008065,0.008065,0.0,0.024194,0.008065,0.0,0.0,0.00565,0.0,0.008065,0.0,0.0,0.008065,0.0,0.008065,0.0,0.0,0.0,0.008065,0.0,0.0,0.0,0.0,0.0,0.0,0.008065,0.000998,0.0,0.0,0.0,0.0,0.0,0.0,0.0,0.0,0.0,0.0,0.0,0.0,0.0,0.0,0.0,0.0,0.0,0.0,0.0,0.0,0.0,0.0,0.0,0.0,0.0,0.010458,0.023355,0.029183,1.0,0.0,0.017045,0.002364,0.010309,0.008065,0.006803,0.018933,0.0,0.0,0.0,0.0,0.0,0.000845,0.000296,0.0,0.000392,0.003024,0.0,0.0,0.000825,0.0,0.0,0.001272,0.0,0.000378,0.0,0.0,0.000158,0.0,0.0,0.00047,0.000368,0.0,0.0,0.000936,0.0,0.0,0.0,0.0,0.0,0.0,0.0,0.0,0.0,0.0,0.0,0.0,0.0,0.0,0.000808,0.0,0.0,0.000183,7.2e-05,0.000495,0.0,0.0,0.008065,0.0,0.0,0.0,0.0,0.0,0.003953,0.0,0.0,0.005025,0.0,0.0,0.003215,0.000367,0.008065,0.0,0.000162,0.0,0.0,0.0,0.0,0.0,0.0,0.0,0.0,0.0,0.0,0.0,0.0,0.0,0.0,0.0,0.0,0.0,0.0,0.0,0.005102,0.0,0.0,0.0,0.0,0.0,0.0,0.0,0.0,0.0,0.0,0.0,0.0,0.0,0.0,0.0,0.0,0.0,0.0,0.0,0.0,0.0,0.0,0.0,0.007715,0.000235,0.000776,0.000368,0.0,0.00223,0.006397,0.0,0.0,0.0,0.0,0.0,0.006024,0.0,0.000155,0.0,0.0,0.0,0.0,0.0,0.002235,0.0,0.0,0.0,0.0,0.0,0.0,0.0,0.0,0.01,0.0,0.0,0.0,0.0,0.009756,0.0,0.0,0.0,0.0,0.0,0.010204,0.0,0.0,0.0,0.0,0.0,0.0,0.0,0.0,0.0,0.0,0.0,0.000749,0.0,0.0,0.0,0.0,0.0,0.0,0.000531,0.0,0.008065,0.0,0.0,0.0,0.0,0.0,0.0,0.0,0.0,0.0,0.000929,0.0,0.0,0.0,0.0,0.0,0.0,0.0,0.0,0.0,0.0,0.00129,0.0,0.0,0.0,0.0,0.0,0.0,0.001767,0.0,0.004525,0.000265,0.0,0.0,0.0,0.0,0.0
4311,0.0,0.0,0.0,0.0,0.0,0.0,0.0,0.0,0.0,0.0,0.0,0.0,0.0,0.0,0.0,0.0,0.0,0.0,0.0,0.0,0.0,0.0,0.0,0.0,0.0,0.0,0.0,0.0,0.0,0.0,0.0,0.0,0.0,0.0,0.0,0.0,0.0,0.0,0.0,0.0,0.0,0.0,0.0,0.0,0.0,0.0,0.0,0.0,0.0,0.0,0.0,0.0,0.0,0.0,0.0,0.0,0.0,0.0,0.0,0.0,0.0,0.0,0.0,0.0,0.0,0.0,0.0,0.0,0.0,0.0,0.0,0.0,0.0,0.0,0.0,0.0,0.0,0.0,0.0,0.0,0.0,0.0,0.0,0.0,0.0,0.0,0.0,0.0,0.0,0.0,0.0,0.0,0.0,0.0,0.0,0.0,0.0,0.0,0.0,0.0,0.0,0.0,0.0,0.0,0.0,0.0,0.0,0.0,0.0,0.0,0.0,0.0,0.0,0.003195,0.0,0.0,0.0,0.0,0.0,0.0,0.0,0.0,0.0,0.0,0.0,0.0,0.0,0.0,0.0,0.0,0.0,0.0,0.0,0.0,0.0,0.0,0.0,0.0,0.0,0.0,0.0,0.0,0.0,0.0,0.0,0.0,0.0,0.0,0.0,0.0,0.0,0.0,0.0,0.0,0.0,0.0,0.0,0.0,0.0,0.0,0.0,0.0,0.0,0.0,0.0,0.0,0.0,0.0,0.0,0.0,0.0,0.0,0.0,0.0,0.0,0.0,0.0,0.0,0.0,0.0,0.0,0.0,0.0,0.0,0.0,0.0,0.0,0.0,0.0,0.0,0.0125,0.0,0.0,0.0,0.0,0.0,0.0,0.001992,0.002123,0.003891,0.0,1.0,0.005682,0.001182,0.0,0.014925,0.001701,0.001721,0.0,0.0,0.0,0.0,0.0,0.0,0.0,0.0,0.0,0.0,0.0,0.0,0.0,0.0,0.0,0.0,0.0,0.000189,0.0,0.0,0.0,0.0,0.0,0.0,0.0,0.0,0.0,0.0,0.0,0.0,0.0,0.0,0.0,0.0,0.0,0.0,0.000241,0.0,0.0,0.0,0.0,0.0,0.0,0.0,0.0,0.0,0.0,4.9e-05,0.0,0.0,0.0,0.0,0.0,0.0,0.0,0.0,0.0,0.0,0.0,0.0,0.0,0.0,0.0,0.0,0.0,0.0,0.0,0.0,0.0,0.0,0.0,0.0,0.0,0.0,0.0,0.0,0.0,0.0,0.0,0.0,0.0,0.0,0.0,0.0,0.0,0.0,0.0,0.0,0.0,0.0,0.0,0.0,0.0,0.0,0.0,0.0,0.0,0.0,0.0,0.0,0.0,0.0,0.0,0.0,0.0,0.0,0.0,0.0,0.0,0.0,0.0,0.0,0.000776,0.0,0.0,0.0,0.0,0.0,0.0,0.0,0.0,0.0,0.0,0.0,0.000155,0.0,0.0,0.0,0.0,0.0,0.000745,0.0,0.0,0.0,0.0,0.0,0.0,0.0,0.0,0.0,0.0,0.0,0.0,0.0,0.0,0.0,0.0,0.0,0.0,0.0,0.0,0.0,0.0,0.0,0.0,0.0,0.0,0.0,0.0,0.0,0.0,0.0,0.0,0.0,0.0,0.0,0.0,0.0,0.0,0.0,0.0,0.0,0.0,0.0,0.0,0.0,0.0,0.0,0.0,0.0,0.0,0.0,0.0,0.0,0.0,0.0,0.0,0.0,0.0,0.0,0.0,0.0,0.0,0.0,0.0,0.0,0.0,0.0,0.0,0.0,0.0,0.0,0.0,0.0,0.0,0.0,0.0,0.0
4312,0.004808,0.0,0.0,0.00354,0.0,0.0,0.0,0.0,0.0,0.0,0.0,0.0,0.003831,0.001605,0.000623,0.0,0.0,0.005128,0.0,0.0,0.0,0.00157,0.0,0.0,0.0,0.0,0.0,0.0,0.0,0.0,0.0,0.005682,0.0,0.0,0.0,0.0,0.001584,0.0,0.0,0.0,0.005682,0.0,0.005682,0.0,0.012987,0.012448,0.0,0.0,0.0,0.011364,0.011364,0.002481,0.0,0.0,0.0,0.0,0.0,0.0,0.0,0.0,0.005618,0.0,0.0,0.0,0.0,0.0,0.0,0.0,0.005051,0.0,0.0,0.0,0.0,0.0,0.0,0.0,0.0,0.0,0.0,0.0,0.0,0.0,0.0,0.0,0.0,0.0,0.002604,0.0,0.0,0.0,0.0,0.0,0.0,0.0,0.0,0.0,0.0,0.0,0.0,0.0,0.0,0.003311,0.005682,0.0,0.0,0.0,0.0,0.0,0.0,0.0,0.0,0.0,0.0,0.003195,0.0,0.0,0.0,0.0,0.0,0.0,0.003058,0.0,0.0,0.0,0.0,0.0,0.0,0.0,0.0,0.0,0.0,0.0,0.0,0.0,0.0,0.0,0.0,0.0,0.0,0.0,0.0,0.0,0.0,0.0,0.0,0.0,0.0,0.0,0.0,0.0,0.0,0.0,0.0,0.0,0.0,0.0,0.0,0.0,0.0,0.0,0.0,0.0,0.0,0.0,0.0,0.0,0.0,0.0,0.0,0.0,0.0,0.000998,0.0,0.0,0.0,0.0,0.0,0.0,0.0,0.0,0.001664,0.0,0.004545,0.0,0.0,0.0,0.0,0.005682,0.0,0.0,0.005682,0.0,0.0,0.011364,0.0,0.0,0.0,0.011952,0.021231,0.019455,0.017045,0.005682,1.0,0.008274,0.013746,0.005682,0.006803,0.018933,0.0,0.000794,0.000593,0.0,0.001,0.001267,0.000296,0.0,0.000784,0.003024,0.001919,0.0,0.000825,0.002874,0.004484,0.001272,0.001956,0.000755,0.000725,0.000731,0.000158,0.000867,0.0,0.00141,0.000736,0.001504,0.0,0.000468,0.0,0.0,0.000912,0.0,0.0,0.0,0.000171,0.000874,0.0,0.0,0.0,0.0,0.0,0.0,0.000808,0.0,0.0,0.000549,0.000287,0.001385,0.0,0.0,0.0,0.0,0.0,0.0,0.0,0.003017,0.001976,0.0,0.0,0.005025,0.0,0.0,0.0,0.0,0.005682,0.0,8.1e-05,0.0,0.0,0.001196,0.0,0.0,0.0,0.0,0.0,0.0,0.0,0.0,0.0,0.0,0.0,0.0,0.003521,0.0,0.0,0.0,0.0,0.005682,0.0,0.0,0.0,0.0,0.0,0.0,0.005682,0.0,0.0,0.0,0.0,0.0,0.0,0.0,0.0,0.0,0.0,0.0,0.0,0.005682,0.0,0.0,0.004822,0.000235,0.001553,0.000368,0.0,0.001784,0.007107,0.0,0.0,0.0,0.002807,0.0,0.003012,0.0,0.000621,0.0,0.005682,0.0,0.0,0.0,0.005587,0.005682,0.0,0.0,0.005682,0.003497,0.0,0.0,0.0,0.005,0.0,0.0,0.0,0.006263,0.0,0.0,0.0,0.0,0.001639,0.0,0.0,0.0,0.003425,0.004587,0.011364,0.0,0.0,0.0,0.005682,0.001587,0.0,0.0,0.0,0.0,0.0,0.0,0.0,0.0,0.000325,0.0,0.0,0.0,0.0,0.0,0.0,0.0,0.001208,0.005682,0.0,0.005682,0.002967,0.000929,0.0,0.0,0.005682,0.001497,0.0,0.0,0.0,0.0,0.0,0.0,0.00129,0.0,0.0,0.0,0.0,0.0,0.0,0.001767,0.0,0.0,0.00053,0.005376,0.0,0.0,0.0,0.0
4321,0.0,0.003128,0.0,0.001182,0.001182,0.0,0.0,0.0,0.0,0.00055,0.0,0.0,0.0,0.001182,0.004364,0.0,0.0,0.0,0.001484,0.0,0.0,0.0,0.0,0.0,0.001182,0.001182,0.0,0.0,0.0,0.0,0.001182,0.0,0.0,0.0,0.0,0.0,0.002375,0.0,0.0,0.0,0.0,0.0,0.0,0.0,0.001182,0.0,0.0,0.0,0.0,0.001182,0.0,0.001182,0.0,0.0,0.0,0.0,0.0,0.0,0.001949,0.0,0.0,0.0,0.001182,0.0,0.0,0.0,0.0,0.0,0.002364,0.0,0.0,0.0,0.0,0.0,0.002364,0.0,0.0,0.0,0.002406,0.0,0.0,0.0,0.0,0.0,0.0,0.0,0.0,0.0,0.0,0.0,0.0,0.0,0.004728,0.002364,0.001182,0.0,0.0,0.0,0.0,0.0,0.0,0.0,0.0,0.0,0.001182,0.0,0.001182,0.002364,0.0,0.0,0.0,0.0,0.0,0.007092,0.0,0.0,0.0,0.0,0.001182,0.0,0.001182,0.0,0.0,0.0,0.0,0.003546,0.001182,0.0,0.0,0.001182,0.001182,0.0,0.0,0.0,0.0,0.0,0.002364,0.0,0.001182,0.0,0.0,0.0,0.001182,0.001182,0.001182,0.0,0.0,0.0,0.0,0.0,0.0,0.0,0.00591,0.0,0.001182,0.002364,0.0,0.0,0.0,0.0,0.0,0.0,0.0,0.0,0.0,0.001182,0.0,0.0,0.0,0.0,0.0,0.000998,0.0,0.0,0.0,0.0,0.0,0.0,0.0,0.0,0.007092,0.0,0.014184,0.0,0.0,0.003546,0.007092,0.0,0.0,0.0,0.001182,0.001182,0.0,0.0,0.001182,0.0,0.0,0.013446,0.009456,0.035461,0.002364,0.001182,0.008274,1.0,0.01773,0.007092,0.013002,0.010638,0.001182,0.001323,0.00237,0.001965,0.001,0.002111,0.001482,0.001712,0.003135,0.022177,0.015366,0.001182,0.018572,0.0,0.001182,0.012468,0.001467,0.004342,0.001967,0.002558,0.001577,0.002311,0.0,0.001881,0.01509,0.002364,0.0,0.005852,0.002364,0.003212,0.004562,0.0,0.0,0.0,0.002054,0.000874,0.002406,0.001182,0.0,0.0,0.001182,0.002364,0.001885,0.0,0.0,0.000916,0.004741,0.002077,0.0,0.0,0.0,0.0,0.0,0.0,0.0,0.003546,0.001182,0.0,0.001182,0.0,0.002833,0.0,0.0,0.002201,0.0,0.001182,0.002181,0.007892,0.0,0.001794,0.001182,0.0,0.0,0.001182,0.0,0.0,0.0,0.0,0.0,0.001182,0.001182,0.021277,0.015366,0.00591,0.034279,0.004728,0.007092,0.002364,0.001182,0.0,0.0,0.0,0.0,0.0,0.0,0.0,0.0,0.0,0.0,0.0,0.0,0.0,0.0,0.0,0.0,0.0,0.0,0.0,0.0,0.0,0.004822,0.002267,0.000776,0.000735,0.000794,0.009367,0.018479,0.0,0.0,0.0,0.004912,0.0,0.004728,0.001182,0.006059,0.0,0.001182,0.0,0.0,0.001182,0.006331,0.0,0.0,0.001182,0.0,0.0,0.001182,0.001182,0.026005,0.004728,0.001182,0.001182,0.004728,0.00591,0.003546,0.001182,0.003546,0.0,0.003279,0.0,0.001182,0.0,0.0,0.001182,0.001182,0.0,0.0,0.0,0.0,0.0,0.0,0.003546,0.003743,0.0,0.0,0.006588,0.0,0.0,0.0013,0.001062,0.0,0.0,0.0,0.0,0.0,0.0,0.002364,0.0,0.0,0.001182,0.001182,0.000929,0.0,0.0,0.0,0.0,0.0,0.007092,0.0,0.0,0.0,0.0,0.020095,0.00591,0.002364,0.003546,0.0,0.001182,0.001182,0.003546,0.00214,0.0,0.003535,0.0,0.0,0.0,0.0,0.0
4322,0.0,0.0,0.0,0.0,0.0,0.0,0.003436,0.0,0.0,0.0,0.0,0.0,0.0,0.0,0.001247,0.0,0.0,0.003436,0.0,0.0,0.0,0.0,0.0,0.0,0.001845,0.010309,0.0,0.0,0.0,0.0,0.0,0.0,0.0,0.0,0.0,0.0,0.000792,0.003436,0.0,0.0,0.0,0.0,0.0,0.0,0.0,0.0,0.0,0.0,0.0,0.0,0.0,0.0,0.0,0.0,0.0,0.0,0.0,0.0,0.0,0.0,0.0,0.0,0.0,0.0,0.0,0.0,0.0,0.003436,0.002525,0.0,0.0,0.0,0.0,0.0,0.0,0.0,0.0,0.0,0.000401,0.0,0.0,0.0,0.0,0.0,0.0,0.0,0.002604,0.0,0.0,0.0,0.0,0.003436,0.001508,0.003257,0.0,0.0,0.0,0.0,0.0,0.0,0.0,0.0,0.0,0.0,0.0,0.0,0.0,0.0,0.0,0.0,0.0,0.0,0.0,0.0,0.0,0.0,0.003436,0.0,0.0,0.0,0.009174,0.003436,0.0,0.0,0.0,0.002604,0.003436,0.010309,0.0,0.0,0.003436,0.003436,0.0,0.0,0.0,0.0,0.006873,0.003436,0.0,0.0,0.0,0.003436,0.0,0.003436,0.0,0.0,0.003436,0.0,0.003436,0.003436,0.0,0.0,0.010309,0.0,0.003436,0.0,0.0,0.003436,0.0,0.003436,0.0,0.0,0.0,0.003436,0.0,0.0,0.0,0.0,0.0,0.0,0.003436,0.001996,0.003436,0.0,0.0,0.003436,0.0,0.003436,0.00303,0.003436,0.008319,0.0,0.006873,0.0,0.0,0.0,0.003436,0.0,0.006873,0.003436,0.010309,0.0,0.0,0.0,0.0,0.0,0.0,0.008964,0.019108,0.013619,0.010309,0.0,0.013746,0.01773,1.0,0.010309,0.020408,0.005164,0.0,0.000794,0.000593,0.0,0.002,0.000422,0.000741,0.0,0.001568,0.003024,0.001919,0.003175,0.006191,0.002874,0.0,0.002545,0.001956,0.000755,0.000725,0.000731,0.000473,0.000289,0.0,0.0,0.001472,0.0,0.0,0.00515,0.003436,0.002855,0.001825,0.0,0.0,0.0,0.000342,0.000437,0.000481,0.003436,0.0,0.0,0.0,0.0,0.000808,0.0,0.0,0.000183,0.001293,0.000495,0.003436,0.0,0.0,0.0,0.0,0.0,0.0,0.003017,0.001976,0.0,0.0,0.0,0.0,0.003436,0.0,0.000367,0.0,0.0,0.000646,0.001127,0.001961,0.002392,0.0,0.0,0.0,0.0,0.0,0.0,0.0,0.0,0.0,0.0,0.0,0.006873,0.0,0.0,0.001258,0.0,0.003436,0.0,0.0,0.0,0.0,0.0,0.0,0.0,0.0,0.0,0.0,0.0,0.0,0.0,0.0,0.0,0.0,0.0,0.0,0.0,0.0,0.0,0.0,0.0,0.003857,0.000547,0.0,0.001471,0.000794,0.001784,0.006041,0.0,0.0,0.0,0.000702,0.0,0.003012,0.0,0.001554,0.0,0.0,0.0,0.0,0.002353,0.000372,0.0,0.0,0.0,0.0,0.0,0.0,0.0,0.0,0.003436,0.0,0.0,0.009804,0.008351,0.003436,0.002037,0.0,0.0,0.001639,0.0,0.0,0.0,0.003425,0.003436,0.003436,0.0,0.0,0.0,0.0,0.003175,0.0,0.0,0.000749,0.0,0.0,0.001882,0.0,0.002304,0.00065,0.000531,0.0,0.0,0.0,0.0,0.0,0.0,0.0,0.0,0.0,0.0,0.0,0.002788,0.0,0.003257,0.0,0.0,0.0,0.003436,0.0,0.0,0.0,0.0,0.006452,0.002375,0.003436,0.0317,0.0,0.0,0.0,0.003534,0.000856,0.0,0.001237,0.003436,0.0,0.0,0.0,0.0
4329,0.0,0.0,0.0,0.0,0.0,0.0,0.0,0.0,0.0,0.0,0.0,0.0,0.0,0.0,0.0,0.0,0.0,0.0,0.0,0.0,0.0,0.0,0.0,0.0,0.0,0.0,0.0,0.0,0.014286,0.0,0.0,0.0,0.0,0.0,0.0,0.0,0.0,0.0,0.0,0.0,0.0,0.0,0.0,0.0,0.0,0.0,0.0,0.0,0.0,0.0,0.0,0.0,0.0,0.0,0.0,0.0,0.0,0.0,0.00065,0.0,0.0,0.0,0.0,0.0,0.0,0.0,0.0,0.0,0.0,0.0,0.0,0.0,0.0,0.0,0.0,0.0,0.0,0.0,0.0,0.0,0.0,0.0,0.0,0.0,0.0,0.0,0.0,0.0,0.0,0.0,0.0,0.0,0.0,0.0,0.0,0.0,0.0,0.0,0.0,0.0,0.0,0.0,0.0,0.0,0.0,0.0,0.0,0.0,0.0,0.0,0.0,0.0,0.0,0.003195,0.0,0.0,0.012048,0.0,0.0,0.0,0.001529,0.0,0.0,0.0,0.0,0.002604,0.0,0.0,0.0,0.0,0.0,0.0,0.0,0.0,0.0,0.0,0.0,0.0,0.0,0.0,0.0,0.0,0.0,0.0,0.0,0.0,0.0,0.0,0.0,0.029851,0.0,0.0,0.00565,0.0,0.0,0.0,0.014925,0.0,0.0,0.0,0.0,0.0,0.0,0.029851,0.0,0.0,0.0,0.0,0.0,0.0,0.0,0.0,0.0,0.0,0.0,0.0,0.0,0.0,0.0,0.0,0.0,0.0,0.0,0.0,0.0,0.0,0.0,0.0,0.0,0.0,0.0,0.0,0.0,0.0,0.0,0.0,0.0,0.000996,0.0,0.005837,0.008065,0.014925,0.005682,0.007092,0.010309,1.0,0.003401,0.003442,0.0,0.0,0.000296,0.0,0.0,0.000845,0.000148,0.0,0.000196,0.001008,0.0,0.003175,0.002064,0.0,0.0,0.001781,0.0,0.0,0.000207,0.0,0.0,0.000867,0.0,0.0,0.000736,0.0,0.0,0.000702,0.0,0.000714,0.0,0.0,0.0,0.0,0.0,0.0,0.0,0.0,0.0,0.0,0.0,0.0,0.0,0.0,0.0,0.0,0.000216,0.000148,0.0,0.0,0.008772,0.0,0.0,0.0,0.0,0.0,0.0,0.0,0.0,0.0,0.0,0.0,0.0,0.0,0.0,0.0,0.000162,0.0,0.0,0.0,0.0,0.0,0.0,0.0,0.0,0.0,0.0,0.0,0.0,0.0,0.0,0.003509,0.003521,0.0,0.001258,0.0,0.005102,0.0,0.0,0.0,0.0,0.0,0.0,0.0,0.0,0.0,0.0,0.0,0.0,0.0,0.0,0.0,0.0,0.0,0.0,0.0,0.0,0.0,0.0,0.0,0.0,0.0,0.0,0.0,0.0,0.0,0.000711,0.0,0.0,0.0,0.000702,0.0,0.003012,0.0,0.000466,0.0,0.00625,0.0,0.0,0.0,0.000745,0.0,0.0,0.0,0.0,0.0,0.003472,0.0,0.006579,0.005,0.0,0.0,0.0,0.002088,0.0,0.0,0.0,0.0,0.0,0.0,0.0,0.0,0.0,0.0,0.0,0.0,0.0,0.0,0.0,0.0,0.0,0.0,0.000749,0.0,0.0,0.0,0.0,0.0,0.000325,0.000531,0.0,0.0,0.0,0.0,0.0,0.0,0.0,0.0,0.0,0.0,0.0,0.0,0.0,0.0,0.0,0.0,0.0,0.0,0.0,0.0,0.0,0.0,0.0,0.0,0.0,0.002882,0.0,0.0,0.0,0.0,0.0,0.0,0.000353,0.0,0.0,0.0,0.0,0.0
4330,0.0,0.001043,0.0,0.0,0.0,0.0,0.0,0.0,0.0,0.00055,0.001701,0.0,0.0,0.0,0.002494,0.0,0.0,0.0,0.001113,0.0,0.0,0.0,0.001661,0.0,0.0,0.0,0.0,0.0,0.0,0.0,0.001701,0.001701,0.0,0.0,0.0,0.0,0.000792,0.0,0.0,0.0,0.0,0.0,0.0,0.0,0.0,0.0,0.0,0.0,0.0,0.001701,0.0,0.0,0.0,0.001701,0.0,0.0,0.0,0.0,0.0013,0.0,0.0,0.0,0.001701,0.0,0.0,0.001701,0.001701,0.0,0.0,0.0,0.001701,0.0,0.001701,0.0,0.0,0.0,0.0,0.0,0.000401,0.0,0.0,0.0,0.0,0.0,0.003401,0.0,0.02551,0.001701,0.001701,0.001701,0.0,0.001701,0.001508,0.001629,0.0,0.0,0.001701,0.0,0.0,0.0,0.001701,0.001701,0.0,0.0,0.0,0.0,0.001701,0.001701,0.003401,0.0,0.0,0.0,0.0,0.003401,0.001701,0.003401,0.003401,0.0,0.0,0.0,0.025994,0.005102,0.0,0.0,0.0,0.003401,0.001701,0.003401,0.001701,0.0,0.0,0.0,0.0,0.0,0.0,0.0,0.0,0.0,0.0,0.0,0.0,0.0,0.0,0.001701,0.001701,0.001701,0.003401,0.0,0.003401,0.001701,0.0,0.0,0.008503,0.0,0.005102,0.0,0.001701,0.001701,0.0,0.003401,0.0,0.0,0.0,0.003401,0.0,0.0,0.0,0.0,0.001701,0.0,0.001701,0.01996,0.0,0.0,0.0,0.0,0.001701,0.0,0.0,0.0,0.003328,0.001701,0.006803,0.001701,0.0,0.003401,0.0,0.0,0.0,0.001701,0.0,0.0,0.0,0.0,0.0,0.0,0.0,0.01743,0.015306,0.027211,0.006803,0.001701,0.006803,0.013002,0.020408,0.003401,1.0,0.017007,0.00155,0.001588,0.00237,0.000982,0.001,0.001267,0.001037,0.001284,0.003135,0.00504,0.0,0.0,0.004127,0.001701,0.0,0.009924,0.001467,0.001699,0.001967,0.000731,0.000631,0.000867,0.0,0.00141,0.00184,0.003008,0.0,0.0103,0.006803,0.005353,0.005018,0.0,0.001701,0.0,0.001027,0.000655,0.000962,0.0,0.0,0.0,0.001701,0.003401,0.001885,0.0,0.0,0.001282,0.003304,0.002819,0.0,0.0,0.0,0.0,0.0,0.0,0.0,0.0,0.006803,0.0,0.0,0.001701,0.001889,0.0,0.0,0.001834,0.0,0.0,0.001777,0.002255,0.0,0.001794,0.0,0.0,0.0,0.0,0.001701,0.0,0.0,0.0,0.0,0.0,0.0,0.001701,0.003401,0.0,0.0,0.0,0.001701,0.001701,0.0,0.0,0.0,0.0,0.0,0.0,0.0,0.0,0.0,0.0,0.0,0.0,0.0,0.0,0.0,0.0,0.0,0.0,0.003401,0.0,0.0,0.0,0.003857,0.002111,0.0,0.002574,0.000794,0.000892,0.00995,0.001701,0.001701,0.0,0.001404,0.0,0.010204,0.0,0.000932,0.0,0.001701,0.0,0.0,0.006803,0.002607,0.001701,0.0,0.001701,0.0,0.001701,0.0,0.0,0.0,0.001701,0.0,0.001701,0.015306,0.011905,0.008503,0.003401,0.0,0.0,0.001639,0.0,0.0,0.0,0.0,0.001701,0.0,0.0,0.0,0.0,0.0,0.001587,0.003401,0.0,0.000749,0.0,0.0,0.0,0.0,0.0,0.000325,0.001592,0.0,0.001701,0.0,0.0,0.0,0.003401,0.001208,0.0,0.0,0.0,0.0,0.002788,0.0,0.001701,0.001701,0.007485,0.0,0.001701,0.0,0.0,0.0,0.0,0.00129,0.0,0.0,0.010204,0.0,0.0,0.0,0.003401,0.000856,0.0,0.002828,0.0,0.0,0.0,0.0,0.0
4390,0.0,0.003128,0.0,0.003442,0.0,0.0,0.0,0.0,0.0,0.0022,0.003442,0.0,0.003442,0.00321,0.003117,0.0,0.0,0.0,0.004453,0.0,0.0,0.00157,0.004983,0.0,0.001721,0.0,0.0,0.001721,0.0,0.0,0.0,0.0,0.0,0.001721,0.0,0.0,0.018211,0.0,0.001721,0.0,0.0,0.001721,0.0,0.0,0.012048,0.012048,0.0,0.0,0.0,0.001721,0.0,0.003442,0.001721,0.0,0.0,0.0,0.0,0.0,0.00065,0.001721,0.0,0.0,0.001721,0.003442,0.0,0.0,0.0,0.0,0.0,0.0,0.0,0.0,0.0,0.0,0.0,0.0,0.0,0.0,0.0,0.0,0.0,0.0,0.0,0.0,0.001721,0.0,0.001721,0.0,0.0,0.0,0.0,0.0,0.003017,0.003257,0.0,0.001721,0.0,0.0,0.0,0.0,0.0,0.0,0.001721,0.0,0.001721,0.0,0.001721,0.0,0.001721,0.001721,0.0,0.0,0.0,0.008606,0.0,0.001721,0.003442,0.001721,0.0,0.0,0.004587,0.001721,0.0,0.0,0.001721,0.003442,0.001721,0.001721,0.0,0.001721,0.0,0.0,0.0,0.0,0.0,0.0,0.001721,0.0,0.0,0.001721,0.0,0.001721,0.0,0.003442,0.001721,0.0,0.003442,0.0,0.001721,0.001721,0.0,0.0,0.0,0.0,0.001721,0.0,0.003442,0.001721,0.0,0.003442,0.0,0.0,0.0,0.001721,0.0,0.0,0.0,0.0,0.0,0.0,0.001721,0.002994,0.0,0.0,0.0,0.0,0.0,0.0,0.0,0.0,0.019967,0.0,0.003442,0.0,0.0,0.003442,0.003442,0.001721,0.0,0.0,0.001721,0.0,0.0,0.0,0.0,0.0,0.0,0.015936,0.018933,0.02926,0.018933,0.001721,0.018933,0.010638,0.005164,0.003442,0.017007,1.0,0.003101,0.002911,0.003556,0.000982,0.0,0.001267,0.001334,0.001284,0.00098,0.002016,0.0,0.001721,0.007016,0.003442,0.003442,0.006361,0.000978,0.000755,0.000932,0.001827,0.000946,0.000578,0.0,0.003761,0.001104,0.003008,0.0,0.006788,0.001721,0.002855,0.001369,0.0,0.0,0.0,0.000856,0.001529,0.000722,0.0,0.001721,0.0,0.0,0.0,0.001616,0.0,0.0,0.00293,0.000862,0.008903,0.0,0.0,0.003442,0.0,0.001721,0.001721,0.0,0.00905,0.008606,0.0,0.0,0.001721,0.003777,0.001718,0.0,0.000734,0.0,0.001721,0.00105,0.001127,0.001721,0.000598,0.0,0.0,0.0,0.0,0.0,0.0,0.0,0.0,0.0,0.001721,0.001721,0.001721,0.001721,0.0,0.003774,0.0,0.0,0.0,0.001721,0.0,0.0,0.0,0.0,0.0,0.001721,0.0,0.0,0.0,0.0,0.0,0.0,0.0,0.0,0.0,0.0,0.0,0.001721,0.001721,0.0,0.0,0.008679,0.002815,0.002329,0.001471,0.0,0.004014,0.014925,0.0,0.0,0.0,0.001404,0.0,0.001721,0.0,0.002175,0.0,0.001721,0.0,0.0,0.005164,0.012291,0.0,0.0,0.0,0.0,0.0,0.0,0.0,0.001721,0.001721,0.0,0.0,0.006885,0.010327,0.005164,0.003442,0.001721,0.0,0.00082,0.0,0.0,0.0,0.005164,0.006885,0.0,0.0,0.0,0.0,0.0,0.0,0.0,0.003442,0.000749,0.0,0.0,0.001412,0.001721,0.001721,0.000975,0.000531,0.0,0.0,0.0,0.001721,0.001721,0.001721,0.002415,0.001721,0.0,0.0,0.0,0.003717,0.001721,0.0,0.001721,0.0,0.0,0.005164,0.0,0.0,0.0,0.0,0.003871,0.0,0.0,0.003442,0.0,0.0,0.0,0.0,0.000856,0.0,0.001944,0.0,0.0,0.0,0.0,0.0
4510,0.00155,0.001043,0.0,0.00155,0.004651,0.0,0.0,0.00155,0.0,0.0011,0.00155,0.0,0.0,0.00155,0.000623,0.0,0.00155,0.0,0.002597,0.0,0.0,0.006202,0.0,0.0,0.006202,0.00155,0.0,0.0,0.0,0.0,0.003101,0.0,0.0,0.0,0.0,0.0,0.002375,0.00155,0.0,0.0,0.0,0.0,0.0,0.0,0.0,0.003101,0.0,0.0,0.0,0.0,0.0,0.0,0.0,0.0,0.0,0.003101,0.0,0.0,0.00065,0.0,0.0,0.0,0.0,0.00155,0.0,0.0,0.0,0.0,0.0,0.0,0.0,0.0,0.0,0.0,0.0,0.0,0.0,0.0,0.000802,0.0,0.0,0.0,0.0,0.00155,0.0,0.0,0.0,0.0,0.0,0.0,0.0,0.0,0.0,0.00155,0.0,0.0,0.0,0.0,0.0,0.0,0.0,0.0,0.0,0.0,0.0,0.0,0.0,0.00155,0.0,0.0,0.0,0.0,0.0,0.0,0.0,0.0,0.0,0.0,0.0,0.0,0.003058,0.00155,0.0,0.0,0.0,0.0,0.0,0.0,0.0,0.00155,0.0,0.00155,0.0,0.0,0.0,0.0,0.0,0.0,0.0,0.0,0.0,0.003101,0.0,0.0,0.00155,0.0,0.0,0.0,0.0,0.0,0.00155,0.0,0.0,0.0,0.0,0.0,0.0,0.0,0.0,0.0,0.012403,0.010853,0.003101,0.0,0.0,0.0,0.00155,0.00155,0.003101,0.00155,0.0,0.001996,0.0,0.0,0.0,0.0,0.0,0.0,0.0,0.0,0.003101,0.0,0.00155,0.0,0.0,0.0,0.0,0.0,0.0,0.0,0.00155,0.0,0.0,0.0,0.0,0.0,0.0,0.002988,0.00155,0.00155,0.0,0.0,0.0,0.001182,0.0,0.0,0.00155,0.003101,1.0,0.026197,0.038519,0.037328,0.011,0.002956,0.001186,0.002139,0.004899,0.004032,0.003101,0.013953,0.012381,0.009302,0.0,0.003308,0.001467,0.003021,0.00176,0.002193,0.001104,0.002889,0.0,0.015045,0.004049,0.004511,0.00155,0.000936,0.0,0.006781,0.000456,0.0,0.00155,0.003101,0.003082,0.002184,0.001203,0.0,0.0,0.00155,0.00155,0.003101,0.009157,0.0,0.0,0.004945,0.003161,0.00183,0.0,0.0,0.00155,0.0,0.0,0.0,0.0,0.013575,0.007752,0.0,0.0,0.0,0.003777,0.004651,0.00155,0.004035,0.0,0.0,0.002504,0.002255,0.0,0.001196,0.0,0.0,0.0,0.0,0.00155,0.0,0.0,0.0,0.0,0.0,0.0,0.00155,0.0,0.0,0.0,0.00155,0.00155,0.0,0.0,0.0,0.0,0.0,0.0,0.0,0.0,0.0,0.0,0.0,0.00155,0.00155,0.0,0.0,0.0,0.0,0.0,0.0,0.0,0.0,0.003101,0.00155,0.010608,0.005317,0.001553,0.001103,0.000794,0.009367,0.001777,0.0,0.0,0.0,0.004211,0.0,0.0,0.0,0.001554,0.0,0.007752,0.0,0.0,0.00155,0.004469,0.0,0.0,0.0,0.0,0.00155,0.0,0.00155,0.0,0.00155,0.0,0.0,0.00155,0.003101,0.0,0.00155,0.00155,0.0,0.002459,0.00155,0.0,0.00155,0.0,0.0,0.0,0.0,0.0,0.0,0.0,0.0,0.0,0.0,0.0,0.00155,0.0,0.000941,0.0,0.0,0.000325,0.0,0.0,0.0,0.00155,0.0,0.0,0.00155,0.002415,0.0,0.0,0.0,0.003101,0.001859,0.00155,0.0,0.0,0.001497,0.0,0.00155,0.0,0.0,0.0,0.0,0.002581,0.00155,0.0,0.0,0.0,0.0,0.003101,0.00155,0.002568,0.0,0.001944,0.0,0.0,0.0,0.0,0.0
4520,0.001058,0.00344,0.001058,0.001852,0.000265,0.0,0.0,0.000529,0.0,0.00344,0.0,0.0,0.000529,0.002911,0.006086,0.000265,0.0,0.000265,0.009262,0.0,0.0,0.002911,0.001588,0.000794,0.002646,0.0,0.0,0.0,0.0,0.0,0.000265,0.000529,0.0,0.0,0.000529,0.0,0.002646,0.0,0.0,0.0,0.0,0.000529,0.000265,0.0,0.001323,0.001058,0.0,0.0,0.0,0.0,0.0,0.000794,0.0,0.000529,0.0,0.001058,0.000265,0.0,0.001323,0.000265,0.000529,0.0,0.000794,0.000529,0.0,0.000529,0.0,0.0,0.001323,0.0,0.0,0.0,0.000265,0.0,0.001323,0.000265,0.0,0.0,0.006616,0.0,0.000265,0.0,0.0,0.0,0.0,0.0,0.001588,0.0,0.000265,0.0,0.0,0.000265,0.002646,0.001852,0.0,0.001058,0.0,0.0,0.0,0.000265,0.000529,0.000529,0.0,0.0,0.000265,0.000529,0.000529,0.000265,0.000529,0.0,0.000529,0.000265,0.0,0.001323,0.0,0.0,0.000529,0.000265,0.000794,0.0,0.002382,0.000794,0.0,0.0,0.0,0.003969,0.000265,0.000529,0.000265,0.0,0.0,0.000265,0.000529,0.0,0.0,0.0,0.000265,0.000265,0.0,0.0,0.0,0.000794,0.0,0.000529,0.000265,0.0,0.000265,0.0,0.0,0.0,0.0,0.000265,0.001588,0.000265,0.000265,0.0,0.000265,0.000529,0.0,0.000529,0.001323,0.002382,0.001323,0.0,0.0,0.0,0.000265,0.0,0.0,0.0,0.0,0.00344,0.0,0.0,0.0,0.0,0.000265,0.0,0.000794,0.000529,0.004499,0.000265,0.001058,0.0,0.0,0.0,0.000265,0.000529,0.000265,0.001058,0.000794,0.0,0.000529,0.000265,0.0,0.000265,0.0,0.006351,0.000529,0.001058,0.0,0.0,0.000794,0.001323,0.000794,0.0,0.001588,0.002911,0.026197,1.0,0.142101,0.016142,0.003705,0.005292,0.007855,0.004234,0.008818,0.002117,0.000529,0.002382,0.011908,0.002911,0.000529,0.008651,0.005557,0.011138,0.013562,0.006351,0.008516,0.011114,0.0,0.054247,0.00688,0.000794,0.000529,0.013811,0.0,0.007409,0.007409,0.0,0.0,0.000265,0.009245,0.00699,0.006976,0.000529,0.000529,0.0,0.0,0.000529,0.014819,0.0,0.0,0.041941,0.047626,0.024977,0.0,0.0,0.000265,0.000265,0.0,0.000265,0.0,0.002382,0.003175,0.0,0.0,0.000265,0.005557,0.004763,0.001588,0.008203,0.001058,0.000529,0.013732,0.001852,0.000794,0.008203,0.000265,0.0,0.0,0.0,0.0,0.0,0.0,0.0,0.0,0.000529,0.0,0.000265,0.000265,0.0,0.001058,0.000265,0.0,0.000265,0.000265,0.000265,0.0,0.0,0.0,0.0,0.0,0.0,0.0,0.0,0.0,0.0,0.0,0.0,0.0,0.0,0.0,0.0,0.0,0.0,0.000794,0.0,0.003705,0.016654,0.004234,0.011643,0.005822,0.006086,0.005557,0.000794,0.000265,0.0,0.003969,0.000265,0.000529,0.0,0.009943,0.0,0.003175,0.000265,0.001058,0.001588,0.011908,0.0,0.0,0.000265,0.0,0.000265,0.0,0.001058,0.000529,0.000265,0.0,0.0,0.001852,0.002646,0.000529,0.001588,0.000794,0.0,0.004499,0.000265,0.000265,0.0,0.000794,0.000265,0.000529,0.0,0.0,0.0,0.000265,0.000794,0.001588,0.001323,0.004499,0.0,0.0,0.009262,0.000265,0.000529,0.002911,0.001058,0.0,0.000265,0.0,0.0,0.0,0.001588,0.003705,0.000265,0.0,0.0,0.001588,0.003705,0.0,0.001852,0.000529,0.002382,0.000265,0.000265,0.000794,0.0,0.0,0.000794,0.001323,0.002117,0.0,0.001323,0.0,0.000794,0.000265,0.003175,0.005822,0.001323,0.016349,0.0,0.0,0.0,0.0,0.0
4530,0.000889,0.002963,0.001185,0.001481,0.0,0.0,0.000296,0.0,0.0,0.003852,0.000593,0.000296,0.000593,0.001778,0.004148,0.000296,0.000889,0.000593,0.009481,0.0,0.0,0.002074,0.000593,0.0,0.000889,0.0,0.0,0.000296,0.0,0.0,0.0,0.000593,0.0,0.0,0.000296,0.0,0.002963,0.0,0.0,0.0,0.0,0.0,0.000296,0.0,0.000889,0.000593,0.0,0.0,0.0,0.0,0.000296,0.000889,0.000296,0.001778,0.000296,0.000889,0.000296,0.0,0.002074,0.0,0.000889,0.0,0.000593,0.0,0.0,0.0,0.0,0.0,0.002074,0.000296,0.0,0.0,0.000889,0.0,0.001481,0.000296,0.0,0.0,0.00563,0.0,0.0,0.0,0.0,0.000296,0.000593,0.0,0.000889,0.000593,0.0,0.0,0.0,0.0,0.00237,0.000593,0.0,0.000593,0.0,0.000296,0.0,0.0,0.0,0.000296,0.0,0.0,0.0,0.001481,0.000593,0.001481,0.000889,0.0,0.0,0.0,0.0,0.000889,0.0,0.0,0.000889,0.0,0.0,0.0,0.000593,0.0,0.0,0.0,0.0,0.00237,0.000889,0.001481,0.0,0.0,0.0,0.000593,0.0,0.0,0.0,0.0,0.000593,0.001185,0.000296,0.0,0.0,0.001185,0.0,0.0,0.001185,0.000593,0.000296,0.000296,0.0,0.0,0.0,0.0,0.002667,0.000296,0.000593,0.0,0.000296,0.0,0.0,0.0,0.001778,0.00237,0.006222,0.000296,0.000296,0.0,0.000296,0.0,0.001185,0.000296,0.0,0.001185,0.0,0.000593,0.000296,0.0,0.0,0.0,0.001185,0.000593,0.007111,0.000296,0.000593,0.000296,0.0,0.000296,0.0,0.000593,0.000889,0.000296,0.0,0.000593,0.0,0.000296,0.0,0.000296,0.0,0.006519,0.001778,0.001481,0.0,0.0,0.000593,0.00237,0.000593,0.000296,0.00237,0.003556,0.038519,0.142101,1.0,0.035259,0.007704,0.006815,0.007559,0.004741,0.011954,0.002963,0.00237,0.00563,0.024296,0.006519,0.000889,0.013486,0.007111,0.013404,0.008179,0.010963,0.006781,0.010113,0.000296,0.058074,0.013037,0.003556,0.000593,0.01779,0.001185,0.018074,0.003852,0.000296,0.002963,0.000889,0.010615,0.00699,0.00433,0.001481,0.000296,0.001481,0.000296,0.001185,0.018045,0.0,0.0,0.032601,0.022628,0.015926,0.000296,0.000296,0.000296,0.000296,0.000593,0.0,0.0,0.007407,0.002963,0.0,0.0,0.000889,0.006222,0.004741,0.002667,0.008,0.0,0.0,0.008724,0.003259,0.001185,0.005333,0.000593,0.0,0.0,0.000296,0.000593,0.000296,0.0,0.0,0.0,0.0,0.000296,0.0,0.0,0.0,0.001481,0.000296,0.000296,0.000296,0.0,0.0,0.0,0.0,0.0,0.0,0.0,0.0,0.0,0.0,0.0,0.0,0.000296,0.0,0.0,0.0,0.0,0.0,0.0,0.0,0.000593,0.0,0.005926,0.023299,0.004741,0.018963,0.003556,0.01037,0.006815,0.0,0.000296,0.0,0.007407,0.000889,0.000889,0.000296,0.013982,0.000296,0.003852,0.0,0.0,0.001185,0.013037,0.0,0.0,0.000296,0.000296,0.000296,0.000593,0.001778,0.000593,0.001778,0.0,0.0,0.001185,0.000889,0.000296,0.00237,0.001481,0.0,0.003852,0.001185,0.0,0.000296,0.000296,0.0,0.000296,0.0,0.0,0.0,0.0,0.000593,0.000593,0.000593,0.005333,0.000296,0.000296,0.008296,0.0,0.0,0.002667,0.001185,0.000296,0.000593,0.0,0.0,0.0,0.000593,0.00237,0.0,0.0,0.0,0.001185,0.002667,0.0,0.001481,0.000593,0.001778,0.000593,0.000296,0.000593,0.0,0.0,0.000296,0.003556,0.001185,0.000296,0.00237,0.000296,0.000296,0.000889,0.001185,0.007704,0.0,0.013609,0.000296,0.0,0.0,0.0,0.0
4540,0.0,0.001965,0.001965,0.0,0.000982,0.0,0.0,0.0,0.0,0.0033,0.0,0.0,0.000982,0.002947,0.006858,0.0,0.000982,0.0,0.004824,0.0,0.000982,0.001965,0.001965,0.0,0.000982,0.001965,0.000982,0.0,0.0,0.0,0.002947,0.0,0.0,0.0,0.0,0.0,0.000792,0.002947,0.0,0.0,0.0,0.0,0.0,0.0,0.001965,0.0,0.0,0.0,0.0,0.0,0.0,0.0,0.000982,0.0,0.0,0.0,0.0,0.0,0.00065,0.0,0.000982,0.0,0.0,0.0,0.0,0.0,0.0,0.0,0.000982,0.0,0.0,0.0,0.0,0.0,0.000982,0.0,0.0,0.0,0.001604,0.0,0.0,0.0,0.0,0.0,0.0,0.0,0.000982,0.0,0.0,0.0,0.0,0.0,0.004912,0.001965,0.0,0.0,0.0,0.0,0.0,0.0,0.0,0.000982,0.0,0.0,0.0,0.0,0.0,0.002947,0.0,0.0,0.0,0.0,0.0,0.0,0.0,0.0,0.000982,0.000982,0.0,0.0,0.000982,0.000982,0.0,0.0,0.0,0.000982,0.000982,0.0,0.0,0.000982,0.0,0.000982,0.0,0.0,0.0,0.0,0.0,0.0,0.0,0.0,0.0,0.000982,0.0,0.0,0.000982,0.0,0.000982,0.0,0.0,0.0,0.000982,0.0,0.000982,0.0,0.0,0.0,0.000982,0.0,0.0,0.000982,0.002947,0.000982,0.001965,0.001965,0.0,0.0,0.0,0.0,0.006876,0.001965,0.0,0.003929,0.0,0.0,0.0,0.0,0.000982,0.0,0.001965,0.0,0.004912,0.0,0.000982,0.0,0.0,0.0,0.000982,0.0,0.000982,0.0,0.0,0.0,0.0,0.0,0.0,0.0,0.0,0.001992,0.000982,0.0,0.0,0.0,0.0,0.001965,0.0,0.0,0.000982,0.000982,0.037328,0.016142,0.035259,1.0,0.005894,0.001267,0.003854,0.005563,0.017833,0.011788,0.006876,0.014735,0.011143,0.002947,0.002947,0.006107,0.001467,0.006985,0.003934,0.006213,0.002366,0.00549,0.0,0.018336,0.018771,0.027505,0.005894,0.008895,0.001965,0.046752,0.005931,0.0,0.02554,0.002947,0.005307,0.002621,0.002165,0.0,0.0,0.001965,0.000982,0.005894,0.005386,0.0,0.0,0.001648,0.00273,0.002275,0.0,0.0,0.000982,0.0,0.0,0.0,0.0,0.020629,0.000982,0.0,0.0,0.0,0.003777,0.004912,0.000982,0.004769,0.0,0.0,0.004927,0.004912,0.000982,0.00299,0.0,0.0,0.0,0.0,0.000982,0.0,0.000982,0.001965,0.000982,0.0,0.0,0.001965,0.0,0.0,0.001965,0.000982,0.0,0.001965,0.001965,0.0,0.0,0.0,0.0,0.000982,0.0,0.0,0.0,0.0,0.0,0.0,0.0,0.0,0.0,0.0,0.0,0.000982,0.0,0.0,0.000982,0.0,0.008679,0.005238,0.003882,0.002574,0.006349,0.002676,0.001777,0.0,0.000982,0.0,0.004912,0.0,0.000982,0.0,0.001554,0.0,0.001965,0.000982,0.0,0.0,0.002235,0.0,0.0,0.0,0.0,0.003929,0.0,0.000982,0.000982,0.000982,0.0,0.0,0.000982,0.0,0.000982,0.000982,0.002947,0.0,0.007377,0.002947,0.000982,0.0,0.000982,0.0,0.000982,0.0,0.0,0.0,0.0,0.0,0.0,0.0,0.000749,0.000982,0.0,0.002353,0.0,0.0,0.00065,0.001062,0.0,0.0,0.0,0.0,0.0,0.0,0.000982,0.0,0.0,0.0,0.001965,0.005576,0.0,0.0,0.0,0.005894,0.0,0.0,0.0,0.0,0.0,0.0,0.001965,0.003929,0.003929,0.004912,0.0,0.0,0.009823,0.002947,0.004281,0.001965,0.005302,0.0,0.0,0.0,0.0,0.0
4610,0.0,0.002,0.001,0.004,0.0,0.002,0.0,0.002,0.0,0.0044,0.0,0.0,0.001,0.0,0.001247,0.0,0.001,0.0,0.003711,0.001,0.0,0.001,0.001,0.001,0.002,0.0,0.0,0.0,0.001,0.0,0.005,0.0,0.0,0.0,0.0,0.0,0.003959,0.0,0.0,0.0,0.0,0.0,0.0,0.0,0.001,0.0,0.0,0.0,0.0,0.001,0.0,0.0,0.0,0.003,0.0,0.001,0.0,0.0,0.001949,0.0,0.001,0.0,0.001,0.004,0.0,0.0,0.0,0.0,0.003,0.0,0.0,0.0,0.002,0.0,0.003,0.0,0.0,0.0,0.002807,0.0,0.0,0.0,0.0,0.001,0.001,0.0,0.002,0.0,0.0,0.0,0.0,0.001,0.008,0.001,0.0,0.0,0.001,0.002,0.0,0.0,0.0,0.003,0.001,0.0,0.001,0.0,0.0,0.002,0.0,0.0,0.0,0.0,0.0,0.0,0.0,0.0,0.001,0.0,0.001,0.0,0.002,0.0,0.0,0.0,0.0,0.001,0.0,0.0,0.0,0.0,0.0,0.002,0.0,0.0,0.0,0.0,0.001,0.0,0.0,0.0,0.0,0.001,0.0,0.0,0.0,0.0,0.0,0.0,0.0,0.0,0.0,0.0,0.001,0.0,0.0,0.0,0.001,0.001,0.0,0.0,0.001,0.001,0.0,0.0,0.0,0.0,0.0,0.0,0.0,0.0,0.0,0.001996,0.001,0.001,0.0,0.0,0.0,0.001,0.001,0.001,0.004,0.003,0.0,0.0,0.0,0.0,0.0,0.0,0.0,0.0,0.0,0.0,0.0,0.001,0.0,0.0,0.0,0.002988,0.002,0.002,0.0,0.0,0.001,0.001,0.002,0.0,0.001,0.0,0.011,0.003705,0.007704,0.005894,1.0,0.010557,0.009041,0.014549,0.010386,0.009,0.007,0.004,0.007429,0.004,0.002,0.007125,0.008313,0.008873,0.004245,0.010965,0.004416,0.004045,0.001,0.007992,0.008097,0.008,0.002,0.006788,0.003,0.008922,0.002737,0.0,0.002,0.002,0.006335,0.006772,0.003608,0.0,0.001,0.011,0.0,0.004,0.015351,0.0,0.0,0.001282,0.000934,0.001187,0.0,0.0,0.0,0.0,0.0,0.0,0.0,0.006,0.001,0.0,0.0,0.001,0.007554,0.003,0.002,0.004402,0.0,0.0,0.00412,0.005,0.001,0.002392,0.0,0.0,0.0,0.001,0.0,0.0,0.0,0.0,0.0,0.002,0.0,0.0,0.001,0.0,0.003,0.004,0.001,0.003,0.0,0.0,0.0,0.0,0.0,0.0,0.0,0.0,0.0,0.0,0.001,0.0,0.001,0.0,0.0,0.0,0.0,0.0,0.0,0.0,0.0,0.001,0.004822,0.004144,0.002329,0.002574,0.003175,0.004014,0.003909,0.0,0.001,0.0,0.004211,0.0,0.001,0.0,0.005437,0.001,0.001,0.001,0.0,0.002,0.004097,0.0,0.0,0.0,0.0,0.002,0.002,0.001,0.001,0.0,0.0,0.001,0.001,0.003,0.001,0.001,0.004,0.0,0.004098,0.001,0.0,0.002,0.0,0.001,0.002,0.0,0.0,0.0,0.0,0.004,0.003,0.002,0.00524,0.002,0.0,0.005176,0.001,0.0,0.005527,0.005308,0.0,0.001,0.001,0.001,0.0,0.0,0.002,0.0,0.0,0.0,0.003,0.002788,0.0,0.0,0.001,0.003,0.0,0.0,0.0,0.0,0.0,0.0,0.004,0.002,0.0,0.001,0.0,0.0,0.0,0.001,0.004281,0.001,0.002916,0.0,0.001,0.0,0.0,0.0
4620,0.0,0.023226,0.013936,0.002111,0.000422,0.002111,0.001267,0.018159,0.0,0.011824,0.000845,0.0,0.001689,0.009291,0.012669,0.000845,0.001689,0.005912,0.021521,0.000845,0.0,0.004645,0.013514,0.001689,0.008446,0.005068,0.000845,0.004223,0.005912,0.0,0.001267,0.0,0.0,0.0,0.000845,0.0,0.012669,0.001689,0.0,0.0,0.0,0.0,0.0,0.0,0.000422,0.000845,0.0,0.0,0.0,0.0,0.0,0.005912,0.001267,0.003378,0.002956,0.002534,0.009713,0.0,0.001267,0.0,0.000845,0.000422,0.000422,0.005912,0.008446,0.000422,0.0,0.0,0.002534,0.0,0.0,0.0,0.0,0.0,0.0,0.0,0.0,0.0,0.003609,0.0,0.0,0.000845,0.0,0.000422,0.001267,0.0,0.000845,0.0,0.000422,0.0,0.0,0.000422,0.001267,0.000845,0.0,0.0,0.000845,0.001267,0.0,0.002111,0.0,0.000845,0.000422,0.0,0.000422,0.0,0.0,0.000422,0.000422,0.0,0.0,0.0,0.0,0.001689,0.0,0.0,0.0,0.0,0.0,0.0,0.002111,0.0,0.0,0.0,0.0,0.000845,0.0,0.000422,0.000422,0.0,0.0,0.0,0.0,0.0,0.0,0.0,0.0,0.0,0.0,0.0,0.0,0.0,0.0,0.0,0.0,0.0,0.0,0.0,0.0,0.0,0.0,0.0,0.000422,0.000422,0.0,0.0,0.0,0.0,0.0,0.0,0.000422,0.0,0.0,0.0,0.0,0.0,0.0,0.0,0.0,0.0,0.0,0.001267,0.0,0.0,0.0,0.0,0.0,0.0,0.001689,0.0,0.002956,0.0,0.0,0.0,0.0,0.000422,0.0,0.0,0.000422,0.000845,0.0,0.000422,0.000422,0.0,0.0,0.000845,0.0,0.00549,0.001267,0.001689,0.000845,0.0,0.001267,0.002111,0.000422,0.000845,0.001267,0.001267,0.002956,0.005292,0.006815,0.001267,0.010557,1.0,0.029495,0.002534,0.012346,0.001267,0.002534,0.012247,0.005365,0.001689,0.000422,0.010433,0.047297,0.009251,0.011699,0.00402,0.011985,0.006645,0.0,0.006334,0.002208,0.001689,0.0,0.007022,0.0,0.006781,0.002534,0.0,0.001267,0.0,0.004622,0.00983,0.03031,0.0,0.0,0.001689,0.0,0.000845,0.009426,0.0,0.0,0.009158,0.007974,0.033187,0.0,0.000422,0.0,0.0,0.000422,0.000422,0.0,0.007601,0.001267,0.0,0.0,0.001267,0.006334,0.001267,0.000422,0.00807,0.0,0.0,0.005493,0.001689,0.000422,0.001267,0.000845,0.0,0.0,0.0,0.0,0.0,0.0,0.0,0.0,0.000422,0.000422,0.000422,0.0,0.0,0.002111,0.000422,0.000845,0.000422,0.000422,0.0,0.0,0.0,0.0,0.0,0.0,0.0,0.0,0.0,0.0,0.0,0.0,0.0,0.0,0.0,0.000422,0.0,0.0,0.0,0.0,0.000422,0.008446,0.011415,0.005068,0.010294,0.003801,0.011402,0.002843,0.001689,0.001689,0.0,0.002534,0.0,0.0,0.0,0.008855,0.003378,0.000422,0.0,0.000422,0.000422,0.010428,0.000422,0.000422,0.000422,0.0,0.0,0.000422,0.000422,0.0,0.0,0.0,0.0,0.001267,0.003801,0.003378,0.000845,0.000422,0.0,0.004645,0.000845,0.001689,0.000422,0.000845,0.002111,0.001267,0.0,0.0,0.0,0.0,0.000422,0.0,0.000422,0.004223,0.000845,0.000422,0.003801,0.0,0.001267,0.003576,0.003378,0.0,0.0,0.0,0.000845,0.000422,0.000422,0.002111,0.000845,0.0,0.0,0.001689,0.003378,0.0,0.000845,0.000422,0.002956,0.000422,0.0,0.0,0.0,0.0,0.0,0.0,0.000422,0.0,0.000422,0.0,0.0,0.0,0.002111,0.003378,0.000422,0.007777,0.000422,0.0,0.0,0.000422,0.0
4630,0.000741,0.007559,0.003854,0.002964,0.001927,0.000148,0.0,0.000445,0.000148,0.025345,0.001334,0.000148,0.002223,0.00415,0.015266,0.000445,0.0,0.000593,0.014229,0.000148,0.0,0.006373,0.009337,0.000296,0.004446,0.00163,0.0,0.003705,0.001037,0.0,0.001037,0.001186,0.0,0.000148,0.006373,0.000296,0.028605,0.000445,0.000148,0.0,0.0,0.000148,0.0,0.0,0.000741,0.0,0.0,0.0,0.0,0.0,0.0,0.010079,0.006818,0.005484,0.001482,0.008004,0.004743,0.000296,0.00993,0.000889,0.003261,0.000889,0.000889,0.008004,0.002668,0.001779,0.001037,0.000593,0.006966,0.0,0.0,0.0,0.000148,0.0,0.000296,0.0,0.000148,0.000148,0.00415,0.0,0.0,0.0,0.0,0.000148,0.000593,0.0,0.000445,0.000296,0.0,0.000148,0.0,0.000445,0.001334,0.000741,0.000148,0.000296,0.0,0.000593,0.0,0.000445,0.0,0.001186,0.0,0.0,0.000593,0.0,0.0,0.000296,0.000148,0.000296,0.0,0.000445,0.0,0.000593,0.0,0.0,0.000296,0.000148,0.000148,0.0,0.001334,0.0,0.0,0.0,0.0,0.000593,0.000148,0.000148,0.0,0.0,0.0,0.0,0.000148,0.0,0.0,0.0,0.000148,0.0,0.0,0.0,0.0,0.0,0.0,0.0,0.0,0.000148,0.000148,0.0,0.0,0.0,0.000148,0.0,0.0,0.000148,0.0,0.0,0.0,0.000148,0.0,0.000148,0.0,0.000296,0.0,0.000296,0.0,0.0,0.0,0.0,0.0,0.0,0.0,0.002075,0.000148,0.000148,0.0,0.0,0.000296,0.0,0.000296,0.000296,0.001186,0.000148,0.000593,0.000296,0.0,0.000148,0.000296,0.000296,0.00252,0.000741,0.000148,0.000148,0.0,0.000148,0.0,0.000593,0.0,0.004595,0.001186,0.000445,0.000296,0.0,0.000296,0.001482,0.000741,0.000148,0.001037,0.001334,0.001186,0.007855,0.007559,0.003854,0.009041,0.029495,1.0,0.004891,0.021639,0.001927,0.001334,0.002223,0.00578,0.000741,0.000296,0.010375,0.010671,0.028457,0.04545,0.0083,0.081221,0.033793,0.000445,0.00667,0.007411,0.001927,0.000741,0.009634,0.000296,0.0083,0.004446,0.0,0.001037,0.000741,0.013487,0.014377,0.020898,0.000148,0.001186,0.001186,0.000445,0.000593,0.017341,0.0,0.0,0.020898,0.031176,0.080667,0.0,0.000296,0.000445,0.000445,0.000296,0.000148,0.0,0.009189,0.001037,0.000445,0.0,0.00163,0.006225,0.001186,0.000889,0.011116,0.0,0.000148,0.037964,0.003557,0.002075,0.009782,0.000148,0.000296,0.000148,0.0,0.000593,0.0,0.0,0.0,0.000148,0.000445,0.000148,0.000889,0.000593,0.0,0.002075,0.000445,0.000296,0.000445,0.000741,0.000148,0.0,0.0,0.0,0.0,0.000148,0.0,0.0,0.0,0.000148,0.0,0.000148,0.0,0.0,0.0,0.0,0.0,0.0,0.0,0.0,0.0,0.005632,0.023925,0.004298,0.010227,0.003557,0.007114,0.002668,0.000296,0.001186,0.000148,0.005632,0.000148,0.000889,0.000593,0.018379,0.001927,0.000148,0.000148,0.000445,0.001779,0.008893,0.000445,0.000148,0.0,0.0,0.000741,0.000296,0.001186,0.000148,0.000889,0.000148,0.000148,0.001482,0.00163,0.000593,0.002075,0.000741,0.0,0.004298,0.000296,0.00252,0.000148,0.000593,0.000148,0.000296,0.0,0.0,0.000148,0.0,0.001037,0.001037,0.000148,0.003409,0.000593,0.0,0.004595,0.000296,0.000593,0.004891,0.001482,0.0,0.000148,0.0,0.000296,0.0,0.000889,0.003261,0.0,0.000148,0.0,0.001927,0.003854,0.0,0.001037,0.000445,0.00252,0.000445,0.000296,0.000296,0.000296,0.0,0.000148,0.001334,0.000741,0.000148,0.000593,0.0,0.0,0.000148,0.00163,0.007114,0.000445,0.02439,0.000593,0.000296,0.0,0.000296,0.0
4641,0.000428,0.000856,0.000428,0.0,0.000428,0.0,0.0,0.000428,0.0,0.002567,0.0,0.000428,0.000428,0.000856,0.003423,0.000428,0.0,0.0,0.004082,0.0,0.0,0.000856,0.002567,0.0,0.000856,0.000428,0.0,0.0,0.0,0.0,0.000428,0.0,0.0,0.0,0.0,0.0,0.002995,0.000856,0.0,0.0,0.0,0.000428,0.0,0.0,0.000856,0.0,0.0,0.0,0.0,0.0,0.0,0.000428,0.0,0.001284,0.0,0.000856,0.000856,0.0,0.001284,0.000428,0.000428,0.0,0.0,0.000428,0.000428,0.0,0.0,0.000428,0.000428,0.0,0.000428,0.005135,0.004279,0.001284,0.009414,0.000428,0.000856,0.00813,0.136728,0.0,0.001284,0.0,0.003423,0.033804,0.000428,0.0,0.0,0.001284,0.000428,0.0,0.0,0.000428,0.001284,0.002139,0.0,0.000428,0.0,0.0,0.000428,0.0,0.0,0.001712,0.000428,0.0,0.000428,0.0,0.000856,0.001712,0.0,0.0,0.0,0.001284,0.0,0.000428,0.0,0.0,0.0,0.0,0.0,0.0,0.000856,0.0,0.0,0.0,0.0,0.000428,0.000428,0.0,0.0,0.0,0.000428,0.0,0.0,0.0,0.0,0.0,0.000428,0.0,0.0,0.0,0.0,0.0,0.0,0.0,0.0,0.0,0.0,0.0,0.0,0.0,0.0,0.0,0.000428,0.0,0.000428,0.0,0.0,0.0,0.000856,0.0,0.0,0.0,0.000856,0.0,0.0,0.0,0.0,0.0,0.000428,0.000428,0.0,0.003423,0.0,0.000428,0.0,0.000428,0.000428,0.0,0.010697,0.0,0.000428,0.000428,0.000428,0.0,0.0,0.000428,0.0,0.0,0.0,0.0,0.0,0.0,0.0,0.0,0.0,0.0,0.0,0.002567,0.000856,0.0,0.0,0.0,0.0,0.001712,0.0,0.0,0.001284,0.001284,0.002139,0.004234,0.004741,0.005563,0.014549,0.002534,0.004891,1.0,0.019792,0.003851,0.001284,0.001284,0.017334,0.001284,0.000428,0.006616,0.012837,0.017935,0.007247,0.017909,0.00552,0.00549,0.000428,0.001712,0.009201,0.006846,0.029097,0.008427,0.002139,0.006781,0.007274,0.0,0.006418,0.002567,0.100668,0.008956,0.007938,0.000428,0.000428,0.030381,0.000428,0.004279,0.009426,0.0,0.0,0.004212,0.004813,0.002028,0.0,0.0,0.0,0.0,0.0,0.000428,0.0,0.005563,0.002139,0.0,0.0,0.000428,0.001712,0.001712,0.000428,0.006236,0.0,0.000428,0.007189,0.003851,0.001284,0.005563,0.0,0.0,0.000428,0.000428,0.000856,0.0,0.0,0.000428,0.0,0.0,0.0,0.0,0.000428,0.0,0.002567,0.000428,0.0,0.000428,0.000428,0.0,0.0,0.0,0.0,0.0,0.0,0.0,0.0,0.0,0.0,0.0,0.0,0.0,0.0,0.0,0.0,0.0,0.000428,0.0,0.000428,0.0,0.004707,0.014073,0.002995,0.007353,0.004707,0.009414,0.002488,0.000428,0.0,0.0,0.005135,0.000428,0.003423,0.000428,0.006369,0.001284,0.000428,0.000428,0.000428,0.003423,0.007076,0.0,0.0,0.000428,0.000428,0.000856,0.0,0.000428,0.0,0.0,0.0,0.0,0.002139,0.002567,0.000428,0.003851,0.000428,0.0,0.005135,0.0,0.000856,0.000428,0.000428,0.000428,0.0,0.0,0.0,0.0,0.0,0.000428,0.0,0.0,0.002567,0.001712,0.000428,0.007274,0.000856,0.001712,0.003576,0.001712,0.0,0.0,0.0,0.0,0.0,0.0,0.002139,0.0,0.0,0.0,0.000428,0.00813,0.000428,0.000428,0.0,0.002567,0.0,0.0,0.0,0.0,0.0,0.0,0.002567,0.000856,0.0,0.0,0.0,0.000428,0.001712,0.002567,0.009842,0.000428,0.007246,0.000428,0.0,0.0,0.0,0.0
4649,0.001372,0.002156,0.000392,0.000392,0.000196,0.0,0.0,0.000196,0.0,0.002156,0.000196,0.0,0.001372,0.001372,0.004115,0.000196,0.000392,0.000588,0.006663,0.000196,0.000196,0.002352,0.002548,0.000392,0.001764,0.000588,0.000392,0.000196,0.000392,0.0,0.000784,0.000588,0.0,0.000196,0.000392,0.0,0.002352,0.000588,0.0,0.0,0.0,0.000196,0.0,0.0,0.00098,0.000588,0.0,0.0,0.0,0.0,0.000196,0.001372,0.000196,0.000588,0.000392,0.001176,0.000392,0.0,0.002352,0.000392,0.000196,0.000196,0.000196,0.002548,0.001568,0.000588,0.0,0.000196,0.001568,0.0,0.0,0.000588,0.000784,0.0,0.002548,0.0,0.0,0.000392,0.00921,0.0,0.000784,0.000196,0.000392,0.001568,0.000392,0.000196,0.000392,0.000196,0.00098,0.0,0.000392,0.002156,0.005291,0.004507,0.0,0.000392,0.001764,0.000392,0.00098,0.0,0.0,0.010582,0.00098,0.0,0.008426,0.0,0.000784,0.003723,0.000392,0.000588,0.000784,0.000588,0.000196,0.000196,0.0,0.0,0.000588,0.0,0.0,0.0,0.001372,0.000196,0.000196,0.0,0.0,0.00098,0.000392,0.000784,0.0,0.0,0.000392,0.000588,0.000196,0.000196,0.000196,0.001372,0.000196,0.0,0.0,0.0,0.0,0.000392,0.000784,0.000196,0.000196,0.0,0.0,0.0,0.000196,0.0,0.000196,0.000196,0.001176,0.0,0.0,0.000196,0.0,0.000196,0.0,0.0,0.000784,0.0,0.000196,0.0,0.0,0.0,0.0,0.0,0.000392,0.000196,0.0,0.012542,0.001372,0.000588,0.000196,0.001176,0.000392,0.004115,0.001764,0.000392,0.002939,0.003135,0.000392,0.0,0.0,0.000196,0.000196,0.000392,0.000196,0.000196,0.000588,0.0,0.0,0.0,0.000196,0.000196,0.000196,0.007839,0.00098,0.002352,0.000392,0.0,0.000784,0.003135,0.001568,0.000196,0.003135,0.00098,0.004899,0.008818,0.011954,0.017833,0.010386,0.012346,0.021639,0.019792,1.0,0.015285,0.005291,0.004115,0.040172,0.000588,0.001568,0.024103,0.028807,0.069473,0.016668,0.028023,0.019713,0.013325,0.000196,0.008818,0.026063,0.012934,0.003527,0.026651,0.002352,0.054086,0.023712,0.0,0.005487,0.004507,0.025338,0.104252,0.044484,0.001764,0.001176,0.002939,0.001764,0.003919,0.020772,0.0,0.0,0.004945,0.008045,0.011079,0.0,0.0,0.0,0.0,0.0,0.000196,0.0,0.016853,0.001176,0.000196,0.0,0.000392,0.003919,0.002548,0.001764,0.008426,0.000196,0.000196,0.016236,0.00196,0.002352,0.003331,0.001372,0.000784,0.0,0.0,0.000196,0.0,0.0,0.000196,0.00098,0.000588,0.0,0.001764,0.000588,0.000392,0.002156,0.002156,0.001372,0.000588,0.001176,0.000196,0.0,0.0,0.0,0.0,0.0,0.0,0.000196,0.0,0.0,0.0,0.0,0.0,0.0,0.000392,0.0,0.0,0.000196,0.0,0.000588,0.0,0.008426,0.025332,0.004507,0.014697,0.004703,0.013913,0.01117,0.000588,0.002156,0.00098,0.012542,0.000196,0.003331,0.001176,0.022837,0.005487,0.000196,0.000588,0.000392,0.002548,0.008622,0.001176,0.000196,0.000392,0.0,0.000784,0.000196,0.000196,0.000196,0.000392,0.0,0.001568,0.005683,0.005291,0.001568,0.004115,0.003135,0.000588,0.008034,0.000784,0.002939,0.0,0.000392,0.000784,0.000588,0.0,0.0,0.0,0.0,0.001176,0.001568,0.001176,0.003919,0.001764,0.000784,0.012738,0.000392,0.003331,0.035273,0.024691,0.000196,0.000392,0.000196,0.000784,0.000392,0.000588,0.002548,0.0,0.0,0.0,0.000588,0.005487,0.000196,0.00098,0.000392,0.002156,0.000392,0.000392,0.0,0.000392,0.0,0.000392,0.004311,0.001764,0.000784,0.004703,0.000392,0.000784,0.002352,0.003135,0.018812,0.001764,0.020855,0.0,0.000784,0.0,0.0,0.0
4651,0.003024,0.001008,0.001008,0.001008,0.002016,0.0,0.0,0.0,0.0,0.00055,0.0,0.0,0.001008,0.001008,0.0,0.0,0.0,0.0,0.001484,0.0,0.0,0.001008,0.0,0.0,0.0,0.002016,0.0,0.001008,0.0,0.0,0.0,0.001008,0.0,0.0,0.0,0.0,0.003959,0.002016,0.0,0.0,0.0,0.0,0.0,0.0,0.0,0.0,0.0,0.0,0.0,0.0,0.0,0.0,0.0,0.002016,0.0,0.0,0.0,0.0,0.001949,0.0,0.0,0.0,0.0,0.0,0.001008,0.0,0.0,0.0,0.001008,0.0,0.0,0.0,0.001008,0.0,0.0,0.0,0.0,0.0,0.001604,0.0,0.0,0.0,0.0,0.0,0.0,0.0,0.002016,0.0,0.0,0.0,0.001008,0.001008,0.008065,0.008065,0.0,0.0,0.0,0.0,0.0,0.0,0.0,0.001008,0.0,0.0,0.0,0.0,0.0,0.002016,0.0,0.0,0.0,0.0,0.0,0.0,0.0,0.0,0.0,0.0,0.0,0.0,0.001008,0.0,0.0,0.0,0.0,0.001008,0.001008,0.002016,0.0,0.0,0.001008,0.001008,0.001008,0.0,0.0,0.0,0.004032,0.0,0.0,0.0,0.0,0.0,0.0,0.0,0.0,0.0,0.0,0.0,0.0,0.0,0.002016,0.0,0.001008,0.0,0.0,0.0,0.0,0.0,0.0,0.0,0.0,0.0,0.0,0.0,0.0,0.0,0.0,0.0,0.0,0.0,0.0,0.002994,0.0,0.0,0.0,0.0,0.0,0.003024,0.001008,0.001008,0.002016,0.003024,0.001008,0.0,0.0,0.001008,0.0,0.0,0.0,0.0,0.0,0.0,0.0,0.0,0.0,0.0,0.0,0.005976,0.002016,0.00504,0.003024,0.0,0.003024,0.022177,0.003024,0.001008,0.00504,0.002016,0.004032,0.002117,0.002963,0.011788,0.009,0.001267,0.001927,0.003851,0.015285,1.0,0.033266,0.002016,0.021048,0.001008,0.001008,0.00458,0.005868,0.009439,0.002071,0.00402,0.001419,0.0026,0.0,0.003291,0.049687,0.011089,0.0,0.002809,0.001008,0.0207,0.016423,0.0,0.004032,0.002016,0.001883,0.003058,0.002646,0.001008,0.001008,0.0,0.001008,0.007056,0.005656,0.0,0.0,0.000916,0.001796,0.001187,0.0,0.001008,0.001008,0.0,0.0,0.0,0.0,0.00504,0.001008,0.0,0.0,0.001008,0.005666,0.00504,0.002016,0.004035,0.0,0.001008,0.002746,0.003024,0.0,0.00299,0.003024,0.0,0.0,0.003024,0.0,0.0,0.0,0.0,0.001008,0.001008,0.0,0.018145,0.011089,0.008065,0.022177,0.019153,0.015121,0.002016,0.007056,0.001008,0.001008,0.0,0.0,0.0,0.0,0.0,0.0,0.0,0.0,0.0,0.0,0.0,0.0,0.0,0.0,0.0,0.002016,0.0,0.0,0.001008,0.002893,0.003362,0.002329,0.005882,0.001587,0.012489,0.00995,0.0,0.0,0.003024,0.01614,0.002016,0.001008,0.002016,0.006059,0.0,0.002016,0.0,0.001008,0.003024,0.004842,0.001008,0.0,0.0,0.0,0.0,0.002016,0.002016,0.002016,0.002016,0.0,0.002016,0.00504,0.00504,0.002016,0.003024,0.002016,0.0,0.003279,0.002016,0.002016,0.0,0.0,0.001008,0.001008,0.0,0.0,0.0,0.0,0.001008,0.001008,0.001008,0.004491,0.0,0.0,0.011765,0.001008,0.0,0.00065,0.001592,0.001008,0.001008,0.0,0.0,0.0,0.003024,0.004032,0.0,0.0,0.0,0.002016,0.000929,0.001008,0.0,0.002016,0.002016,0.0,0.0,0.0,0.0,0.0,0.0,0.055444,0.015121,0.001008,0.003024,0.0,0.002016,0.002016,0.00504,0.001284,0.0,0.004065,0.0,0.0,0.0,0.0,0.0
4652,0.0,0.001043,0.0,0.00177,0.0,0.0,0.0,0.0,0.0,0.0,0.0,0.0,0.0,0.001605,0.000623,0.0,0.0,0.0,0.000371,0.0,0.0,0.00157,0.001661,0.0,0.0,0.003839,0.0,0.001919,0.0,0.0,0.0,0.0,0.0,0.0,0.0,0.0,0.002375,0.0,0.0,0.0,0.0,0.0,0.0,0.0,0.0,0.001919,0.0,0.0,0.0,0.0,0.0,0.0,0.0,0.0,0.0,0.0,0.0,0.0,0.001949,0.0,0.0,0.0,0.0,0.001919,0.0,0.0,0.0,0.0,0.0,0.0,0.0,0.0,0.0,0.0,0.0,0.0,0.0,0.0,0.000401,0.0,0.0,0.0,0.0,0.0,0.0,0.0,0.0,0.0,0.0,0.0,0.0,0.0,0.006033,0.0,0.0,0.0,0.0,0.0,0.0,0.0,0.0,0.001919,0.0,0.0,0.001919,0.0,0.0,0.0,0.0,0.0,0.0,0.0,0.0,0.0,0.0,0.001919,0.0,0.001919,0.0,0.0,0.001529,0.001919,0.0,0.0,0.0,0.0,0.0,0.0,0.0,0.0,0.003839,0.001919,0.003839,0.0,0.0,0.0,0.0,0.001919,0.0,0.0,0.0,0.0,0.0,0.001919,0.0,0.0,0.0,0.0,0.0,0.0,0.0,0.0,0.0,0.0,0.0,0.0,0.0,0.0,0.0,0.0,0.0,0.0,0.0,0.0,0.0,0.0,0.0,0.0,0.0,0.0,0.0,0.000998,0.0,0.0,0.0,0.0,0.0,0.0,0.0,0.001919,0.0,0.0,0.0,0.0,0.0,0.001919,0.003839,0.0,0.0,0.0,0.0,0.001919,0.0,0.0,0.0,0.0,0.0,0.000996,0.0,0.0,0.0,0.0,0.001919,0.015366,0.001919,0.0,0.0,0.0,0.003101,0.000529,0.00237,0.006876,0.007,0.002534,0.001334,0.001284,0.005291,0.033266,1.0,0.007678,0.011556,0.0,0.0,0.003308,0.000489,0.003398,0.000932,0.002193,0.000473,0.001156,0.0,0.0,0.057048,0.015038,0.0,0.001873,0.0,0.010707,0.004106,0.0,0.0,0.003839,0.00137,0.002184,0.001684,0.003839,0.0,0.003527,0.003839,0.005758,0.005656,0.0,0.0,0.000366,0.000503,0.000346,0.001919,0.0,0.0,0.0,0.0,0.0,0.0,0.001508,0.0,0.0,0.0,0.0,0.001889,0.003436,0.005758,0.000734,0.0,0.0,0.001292,0.0,0.001919,0.001196,0.0,0.0,0.0,0.001919,0.0,0.0,0.0,0.0,0.0,0.0,0.0,0.021113,0.021113,0.017274,0.027673,0.003839,0.005758,0.0,0.005758,0.0,0.0,0.0,0.0,0.0,0.0,0.0,0.0,0.0,0.0,0.0,0.0,0.0,0.0,0.0,0.0,0.0,0.0,0.0,0.0,0.0,0.001929,0.001876,0.0,0.001103,0.002381,0.005352,0.002132,0.001919,0.003839,0.0,0.004912,0.0,0.0,0.0,0.001864,0.0,0.001919,0.0,0.003839,0.003839,0.004097,0.0,0.0,0.0,0.0,0.0,0.0,0.001919,0.0,0.0,0.0,0.0,0.0,0.001919,0.0,0.001919,0.001919,0.003839,0.00082,0.0,0.0,0.0,0.0,0.0,0.0,0.0,0.0,0.0,0.0,0.0,0.0,0.0,0.001497,0.001919,0.0,0.001412,0.0,0.0,0.00065,0.0,0.001919,0.0,0.0,0.0,0.0,0.0,0.001208,0.0,0.0,0.0,0.003839,0.0,0.0,0.001919,0.001919,0.001497,0.0,0.0,0.0,0.0,0.0,0.0,0.014194,0.047985,0.0,0.0,0.0,0.0,0.0,0.001767,0.001712,0.001919,0.001856,0.001919,0.0,0.0,0.0,0.0
4653,0.0,0.002086,0.002551,0.00531,0.0,0.0,0.0,0.0,0.0,0.006051,0.0,0.0,0.006349,0.00321,0.000623,0.0,0.0,0.0,0.002226,0.0,0.0,0.00314,0.009967,0.003175,0.009225,0.025397,0.0,0.009524,0.003175,0.0,0.003175,0.0,0.0,0.0,0.0,0.0,0.002375,0.003175,0.0,0.0,0.0,0.0,0.0,0.0,0.002597,0.0,0.0,0.0,0.0,0.0,0.0,0.002481,0.003175,0.002375,0.0,0.001931,0.0,0.0,0.00065,0.0,0.0,0.0,0.0,0.0,0.0,0.0,0.0,0.0,0.0,0.0,0.0,0.0,0.0,0.0,0.0,0.0,0.0,0.0,0.0,0.0,0.0,0.0,0.0,0.0,0.003175,0.0,0.0,0.0,0.0,0.0,0.0,0.0,0.001508,0.001629,0.0,0.0,0.0,0.003175,0.0,0.0,0.0,0.0,0.0,0.0,0.0,0.0,0.0,0.0,0.0,0.0,0.0,0.0,0.0,0.0,0.0,0.0,0.0,0.0,0.0,0.0,0.0,0.0,0.0,0.0,0.003175,0.0,0.0,0.0,0.0,0.0,0.0,0.0,0.0,0.0,0.0,0.0,0.0,0.0,0.0,0.0,0.0,0.0,0.0,0.0,0.0,0.0,0.0,0.0,0.0,0.0,0.0,0.0,0.003175,0.012698,0.0,0.0,0.0,0.0,0.0,0.003175,0.0,0.0,0.0,0.003175,0.0,0.0,0.0,0.0,0.0,0.003175,0.0,0.0,0.0,0.0,0.0,0.0,0.0,0.0,0.0,0.0,0.019967,0.0,0.0,0.0,0.0,0.0,0.0,0.0,0.006349,0.0,0.0,0.0,0.0,0.0,0.0,0.003175,0.0,0.001992,0.002123,0.0,0.0,0.0,0.0,0.001182,0.003175,0.003175,0.0,0.001721,0.013953,0.002382,0.00563,0.014735,0.004,0.012247,0.002223,0.001284,0.004115,0.002016,0.007678,1.0,0.009492,0.005747,0.003175,0.005598,0.015159,0.002832,0.000311,0.000365,0.00205,0.0,0.0,0.004231,0.001104,0.0,0.0,0.004213,0.0,0.005353,0.0,0.0,0.003175,0.003175,0.000685,0.001092,0.004089,0.0,0.0,0.001764,0.0,0.0,0.002155,0.0,0.0,0.000183,0.000144,0.000594,0.0,0.0,0.003175,0.0,0.003175,0.0,0.0,0.00905,0.003953,0.0,0.0,0.0,0.001889,0.0,0.0,0.001467,0.0,0.0,0.000404,0.0,0.001961,0.001196,0.0,0.0,0.0,0.0,0.0,0.0,0.0,0.0,0.0,0.0,0.0,0.003175,0.0,0.0,0.0,0.003115,0.0,0.0,0.0,0.0,0.0,0.0,0.0,0.0,0.0,0.0,0.0,0.0,0.0,0.0,0.0,0.0,0.0,0.0,0.0,0.0,0.0,0.0,0.0,0.0,0.001929,0.001251,0.001553,0.000368,0.001587,0.001784,0.000711,0.003175,0.0,0.0,0.003509,0.0,0.0,0.0,0.001398,0.0,0.0,0.0,0.0,0.002353,0.003724,0.003175,0.0,0.0,0.0,0.0,0.003175,0.0,0.0,0.0,0.0,0.0,0.0,0.008351,0.003175,0.002037,0.004454,0.0,0.0,0.0,0.003175,0.0,0.0,0.0,0.0,0.0,0.0,0.0,0.0,0.0,0.0,0.0,0.0,0.0,0.0,0.0,0.0,0.0,0.0,0.0,0.0,0.0,0.0,0.0,0.0,0.0,0.002415,0.0,0.0,0.0,0.0,0.0,0.0,0.0,0.003175,0.001497,0.0,0.0,0.0,0.0,0.0,0.0,0.002581,0.0,0.0,0.005764,0.0,0.0,0.003175,0.0,0.000856,0.003175,0.00053,0.0,0.0,0.0,0.0,0.0
4659,0.001651,0.002476,0.001238,0.000413,0.000413,0.0,0.0,0.000413,0.0,0.002889,0.0,0.0,0.000825,0.001238,0.003714,0.0,0.0,0.000413,0.00705,0.0,0.0,0.000825,0.001651,0.001238,0.000413,0.001651,0.0,0.000825,0.0,0.0,0.0,0.000413,0.0,0.0,0.000413,0.000413,0.005778,0.000825,0.0,0.0,0.000825,0.0,0.000413,0.0,0.002889,0.002889,0.0,0.0,0.0,0.002889,0.000413,0.000413,0.000825,0.001651,0.0,0.000825,0.000825,0.0,0.002064,0.000413,0.000413,0.0,0.000825,0.001651,0.000413,0.0,0.0,0.000825,0.002889,0.0,0.0,0.000413,0.000413,0.0,0.001238,0.0,0.000413,0.000825,0.004812,0.0,0.000413,0.0,0.0,0.002064,0.001238,0.0,0.000825,0.0,0.000825,0.0,0.0,0.0,0.006191,0.003714,0.000413,0.000413,0.000825,0.0,0.001238,0.000413,0.000413,0.002476,0.002064,0.0,0.002064,0.0,0.000825,0.003302,0.000413,0.000413,0.0,0.0,0.0,0.001238,0.0,0.000413,0.001238,0.0,0.001238,0.000413,0.005365,0.000825,0.000413,0.000825,0.000825,0.003302,0.000825,0.001651,0.000825,0.0,0.001651,0.000825,0.0,0.0,0.000825,0.0,0.004953,0.0,0.000413,0.0,0.000413,0.002889,0.0,0.000413,0.001238,0.001238,0.000825,0.0,0.001651,0.000825,0.0,0.0,0.006191,0.000413,0.001651,0.000825,0.001238,0.000825,0.000413,0.002064,0.000413,0.000413,0.000825,0.000825,0.0,0.0,0.000413,0.0,0.0,0.0,0.0,0.009905,0.000825,0.000413,0.0,0.000825,0.000825,0.00454,0.000825,0.001238,0.026001,0.005365,0.007016,0.0,0.0,0.005365,0.002889,0.000413,0.000825,0.000413,0.001651,0.000413,0.000413,0.000825,0.0,0.000825,0.0,0.021461,0.005365,0.007429,0.000825,0.0,0.000825,0.018572,0.006191,0.002064,0.004127,0.007016,0.012381,0.011908,0.024296,0.011143,0.007429,0.005365,0.00578,0.017334,0.040172,0.021048,0.011556,0.009492,1.0,0.003302,0.003302,0.029517,0.020223,0.019823,0.004038,0.009868,0.004416,0.003756,0.000825,0.010318,0.025764,0.004127,0.002064,0.019663,0.001238,0.046395,0.011556,0.0,0.003302,0.000413,0.006848,0.016601,0.007698,0.0,0.000413,0.001651,0.000825,0.004127,0.010504,0.0,0.0,0.002015,0.004238,0.005787,0.0,0.0,0.000413,0.0,0.000413,0.000413,0.0,0.012794,0.002476,0.0,0.0,0.000825,0.002476,0.000825,0.000413,0.004769,0.000413,0.0,0.00727,0.004953,0.001238,0.003302,0.0,0.000413,0.0,0.000413,0.0,0.0,0.0,0.0,0.001238,0.000413,0.000413,0.00454,0.001238,0.001651,0.007016,0.002064,0.003302,0.001651,0.001238,0.0,0.0,0.0,0.0,0.0,0.0,0.0,0.0,0.0,0.0,0.0,0.0,0.0,0.0,0.0,0.0,0.0,0.000413,0.0,0.000413,0.000413,0.00908,0.009695,0.003302,0.011029,0.001651,0.021461,0.034471,0.002889,0.001651,0.0,0.008254,0.000413,0.003302,0.000413,0.01771,0.000825,0.000825,0.0,0.000413,0.002476,0.023836,0.0,0.0,0.0,0.0,0.001238,0.000413,0.002476,0.004953,0.002889,0.0,0.000825,0.004127,0.004953,0.001238,0.003302,0.000825,0.000413,0.005365,0.000413,0.002064,0.0,0.000825,0.000825,0.001238,0.0,0.0,0.0,0.0,0.000413,0.000413,0.000825,0.002064,0.002064,0.0,0.010318,0.0,0.002476,0.015605,0.016921,0.000413,0.0,0.0,0.0,0.0,0.000413,0.001238,0.000413,0.0,0.0,0.000413,0.000825,0.0,0.0,0.000413,0.001651,0.0,0.002064,0.0,0.0,0.0,0.0,0.009492,0.001238,0.002476,0.007016,0.0,0.001238,0.001651,0.002064,0.005365,0.000825,0.009191,0.000413,0.0,0.0,0.0,0.0
4661,0.0,0.0,0.0,0.0,0.002874,0.0,0.0,0.0,0.0,0.00275,0.0,0.0,0.0,0.001605,0.00187,0.0,0.0,0.0,0.000742,0.002874,0.0,0.00157,0.0,0.002874,0.001845,0.0,0.0,0.002874,0.0,0.0,0.0,0.0,0.0,0.0,0.002874,0.0,0.001584,0.0,0.0,0.0,0.0,0.002874,0.0,0.0,0.007792,0.005747,0.0,0.0,0.0,0.005747,0.0,0.0,0.002874,0.0,0.0,0.0,0.0,0.0,0.0,0.0,0.0,0.0,0.0,0.0,0.0,0.0,0.0,0.0,0.005051,0.0,0.0,0.0,0.0,0.0,0.0,0.0,0.0,0.0,0.0,0.0,0.0,0.0,0.0,0.0,0.0,0.0,0.0,0.0,0.0,0.0,0.0,0.0,0.0,0.0,0.0,0.008621,0.005747,0.0,0.0,0.0,0.002874,0.0,0.002874,0.0,0.002874,0.0,0.0,0.0,0.0,0.0,0.0,0.0,0.0,0.0,0.0,0.002874,0.0,0.0,0.0,0.0,0.0,0.0,0.0,0.0,0.0,0.002604,0.0,0.0,0.0,0.0,0.0,0.0,0.0,0.0,0.0,0.0,0.0,0.002874,0.0,0.0,0.0,0.0,0.0,0.0,0.0,0.0,0.0,0.0,0.0,0.0,0.0,0.0,0.0,0.0,0.0,0.0,0.0,0.0,0.0,0.002874,0.005747,0.0,0.0,0.0,0.0,0.0,0.0,0.0,0.0,0.0,0.0,0.000998,0.0,0.0,0.0,0.0,0.0,0.0,0.0,0.0,0.001664,0.0,0.002874,0.0,0.0,0.0,0.002874,0.017241,0.002874,0.0,0.0,0.002874,0.0,0.0,0.0,0.002874,0.0,0.001992,0.004246,0.005837,0.0,0.0,0.002874,0.0,0.002874,0.0,0.001701,0.003442,0.009302,0.002911,0.006519,0.002947,0.004,0.001689,0.000741,0.001284,0.000588,0.001008,0.0,0.005747,0.003302,1.0,0.002874,0.003562,0.002934,0.003021,0.00176,0.000365,0.000315,0.001445,0.0,0.027268,0.000368,0.0,0.0,0.000936,0.002874,0.001071,0.0,0.0,0.0,0.0,0.000514,0.000437,0.006976,0.0,0.008621,0.0,0.0,0.0,0.001616,0.0,0.0,0.003297,0.000503,0.005688,0.005747,0.0,0.014368,0.0,0.002874,0.002874,0.0,0.013575,0.029644,0.002874,0.008621,0.002874,0.007554,0.005155,0.005747,0.001467,0.002874,0.0,0.000969,0.0,0.0,0.001794,0.0,0.0,0.0,0.0,0.0,0.0,0.0,0.0,0.0,0.0,0.0,0.0,0.0,0.0,0.0,0.0,0.0,0.0,0.0,0.0,0.0,0.0,0.0,0.0,0.0,0.0,0.0,0.0,0.0,0.0,0.0,0.0,0.0,0.0,0.0,0.0,0.0,0.0,0.0,0.0,0.009643,0.003206,0.001553,0.000735,0.0,0.003568,0.002488,0.002874,0.0,0.0,0.0,0.0,0.0,0.0,0.000311,0.0,0.002874,0.0,0.0,0.0,0.002607,0.0,0.0,0.0,0.0,0.0,0.0,0.0,0.0,0.002874,0.0,0.0,0.004902,0.002088,0.0,0.0,0.0,0.0,0.001639,0.0,0.0,0.0,0.002874,0.0,0.005747,0.0,0.0,0.0,0.0,0.0,0.0,0.002874,0.0,0.0,0.0,0.002353,0.0,0.0,0.000325,0.0,0.0,0.0,0.0,0.0,0.0,0.0,0.0,0.0,0.0,0.0,0.0,0.000929,0.0,0.002874,0.0,0.0,0.0,0.0,0.005747,0.0,0.0,0.005747,0.0,0.0,0.0,0.0,0.0,0.0,0.0,0.0,0.0,0.0,0.000884,0.0,0.0,0.0,0.0,0.0
4662,0.0,0.0,0.0,0.0,0.0,0.0,0.0,0.0,0.0,0.00055,0.0,0.0,0.0,0.0,0.001247,0.0,0.004484,0.0,0.002226,0.0,0.0,0.00314,0.001661,0.004484,0.0,0.0,0.0,0.0,0.0,0.0,0.0,0.0,0.0,0.0,0.00369,0.0,0.000792,0.0,0.0,0.0,0.0,0.0,0.0,0.0,0.098701,0.012448,0.0,0.0,0.004484,0.0,0.004484,0.0,0.0,0.0,0.0,0.0,0.0,0.0,0.0,0.0,0.0,0.0,0.0,0.0,0.0,0.0,0.0,0.0,0.0,0.0,0.0,0.0,0.0,0.0,0.003195,0.0,0.0,0.0,0.0,0.0,0.0,0.0,0.0,0.002882,0.0,0.0,0.002604,0.0,0.0,0.0,0.0,0.0,0.0,0.0,0.0,0.0,0.0,0.0,0.0,0.0,0.0,0.0,0.0,0.0,0.0,0.0,0.0,0.0,0.004484,0.0,0.0,0.0,0.004484,0.0,0.0,0.004484,0.044843,0.022422,0.004484,0.0,0.006116,0.0,0.0,0.0,0.004484,0.010417,0.0,0.004484,0.0,0.0,0.0,0.0,0.004484,0.0,0.0,0.0,0.0,0.0,0.0,0.0,0.0,0.0,0.0,0.0,0.0,0.0,0.0,0.0,0.0,0.0,0.0,0.0,0.0,0.0,0.0,0.0,0.004484,0.004484,0.0,0.0,0.0,0.0,0.0,0.0,0.0,0.0,0.0,0.0,0.0,0.0,0.0,0.000998,0.008969,0.0,0.0,0.0,0.0,0.0,0.0,0.0,0.003328,0.0,0.0,0.0,0.0,0.0,0.0,0.0,0.0,0.0,0.0,0.004484,0.0,0.0,0.0,0.004484,0.004484,0.001494,0.0,0.0,0.0,0.0,0.004484,0.001182,0.0,0.0,0.0,0.003442,0.0,0.000529,0.000889,0.002947,0.002,0.000422,0.000296,0.000428,0.001568,0.001008,0.0,0.003175,0.003302,0.002874,1.0,0.003053,0.005868,0.000944,0.000311,0.000365,0.000158,0.0,0.0,0.00047,0.000736,0.0,0.0,0.003511,0.004484,0.001428,0.000456,0.0,0.0,0.0,0.000171,0.0,0.002165,0.0,0.0,0.0,0.0,0.0,0.001077,0.0,0.0,0.0,0.000359,0.001335,0.0,0.0,0.0,0.0,0.0,0.0,0.0,0.007541,0.0,0.0,0.0,0.0,0.003777,0.0,0.0,0.000367,0.0,0.0,0.000646,0.0,0.0,0.0,0.0,0.0,0.0,0.0,0.004484,0.0,0.0,0.0,0.0,0.0,0.0,0.0,0.0,0.0,0.0,0.0,0.0,0.0,0.0,0.0,0.0,0.0,0.0,0.0,0.0,0.0,0.0,0.0,0.0,0.0,0.0,0.0,0.0,0.0,0.0,0.0,0.0,0.0,0.0,0.0,0.0,0.001407,0.0,0.000735,0.0,0.001338,0.001421,0.0,0.0,0.0,0.002807,0.0,0.0,0.0,0.000621,0.0,0.0,0.0,0.0,0.0,0.005959,0.0,0.0,0.0,0.0,0.0,0.0,0.0,0.0,0.0,0.0,0.0,0.0,0.004175,0.0,0.002037,0.002227,0.0,0.0,0.0,0.0,0.0,0.0,0.0,0.0,0.0,0.0,0.0,0.0,0.0,0.0,0.0,0.0,0.004484,0.0,0.0,0.0,0.002304,0.0,0.0,0.0,0.0,0.0,0.0,0.0,0.0,0.0,0.0,0.0,0.0,0.0,0.001859,0.0,0.0,0.0,0.001497,0.0,0.0,0.0,0.0,0.0,0.0,0.002581,0.0,0.004484,0.0,0.0,0.0,0.0,0.001767,0.0,0.0,0.000707,0.0,0.0,0.0,0.0,0.0
4663,0.000763,0.00458,0.001272,0.002036,0.001018,0.0,0.000509,0.001272,0.0,0.007125,0.000254,0.0,0.000509,0.004326,0.007634,0.000509,0.001018,0.001272,0.010433,0.000254,0.0,0.004071,0.001781,0.0,0.001781,0.001272,0.000254,0.000509,0.000763,0.0,0.007888,0.006361,0.0,0.001272,0.000254,0.000254,0.007634,0.000509,0.000254,0.0,0.0,0.0,0.0,0.0,0.00229,0.006107,0.0,0.000509,0.000509,0.000254,0.000254,0.001018,0.000509,0.000254,0.000509,0.000763,0.000763,0.0,0.002036,0.0,0.000254,0.0,0.001018,0.000763,0.000763,0.000254,0.0,0.0,0.001018,0.0,0.0,0.0,0.0,0.0,0.000509,0.0,0.0,0.0,0.003308,0.0,0.0,0.0,0.0,0.000254,0.018575,0.00229,0.004835,0.002036,0.000763,0.0,0.0,0.0,0.001781,0.001527,0.0,0.000254,0.000254,0.0,0.000763,0.0,0.001527,0.000509,0.001018,0.0,0.0,0.0,0.0,0.000763,0.001018,0.002799,0.001272,0.0,0.000509,0.007379,0.000509,0.001018,0.001018,0.000763,0.000509,0.0,0.006616,0.000763,0.0,0.0,0.0,0.003817,0.000763,0.001272,0.000254,0.0,0.0,0.000254,0.0,0.0,0.000254,0.0,0.001781,0.000254,0.0,0.000254,0.0,0.000763,0.000254,0.000763,0.000254,0.000254,0.000254,0.0,0.0,0.0,0.0,0.0,0.001781,0.000509,0.000254,0.0,0.000509,0.0,0.0,0.000254,0.0,0.000509,0.000509,0.001018,0.000509,0.000254,0.0,0.0,0.0,0.000254,0.0,0.009669,0.000509,0.000254,0.000254,0.000254,0.0,0.0,0.000254,0.000763,0.003308,0.000509,0.002545,0.000509,0.0,0.000763,0.001527,0.000254,0.000254,0.000763,0.000254,0.000763,0.0,0.000254,0.0,0.000254,0.0,0.027735,0.009924,0.007888,0.001272,0.0,0.001272,0.012468,0.002545,0.001781,0.009924,0.006361,0.003308,0.008651,0.013486,0.006107,0.007125,0.010433,0.010375,0.006616,0.024103,0.00458,0.003308,0.005598,0.029517,0.003562,0.003053,1.0,0.016285,0.015103,0.009111,0.006616,0.00552,0.00687,0.0,0.01145,0.008397,0.002799,0.001272,0.106976,0.005089,0.025445,0.006107,0.0,0.001527,0.000509,0.008903,0.007208,0.015155,0.000254,0.000509,0.000254,0.000763,0.000763,0.013232,0.0,0.0,0.00989,0.008548,0.049162,0.0,0.0,0.000509,0.0,0.000509,0.0,0.0,0.011196,0.003053,0.0,0.0,0.000509,0.005598,0.000509,0.000509,0.010687,0.000254,0.0,0.007351,0.001527,0.001018,0.004071,0.000254,0.0,0.0,0.000254,0.000254,0.0,0.0,0.000254,0.000254,0.000254,0.0,0.001272,0.001018,0.000254,0.003562,0.001527,0.000509,0.000509,0.000254,0.0,0.0,0.0,0.0,0.0,0.000254,0.0,0.0,0.0,0.0,0.0,0.0,0.0,0.0,0.0,0.0,0.0,0.000254,0.0,0.0,0.0,0.010941,0.019625,0.003562,0.011959,0.003562,0.012468,0.03486,0.000763,0.000763,0.001272,0.005344,0.000254,0.003562,0.000254,0.018332,0.0,0.000509,0.0,0.000763,0.00229,0.03257,0.0,0.0,0.001018,0.0,0.000763,0.000763,0.000509,0.000254,0.001781,0.0,0.000254,0.001527,0.003817,0.001527,0.002036,0.001018,0.0,0.005598,0.001018,0.000509,0.000254,0.000254,0.000763,0.000509,0.0,0.0,0.0,0.0,0.001018,0.000254,0.000254,0.00229,0.000509,0.000254,0.004835,0.0,0.000509,0.00229,0.001781,0.0,0.0,0.0,0.0,0.0,0.000254,0.00229,0.0,0.0,0.0,0.0,0.003308,0.0,0.001018,0.000763,0.002799,0.0,0.003053,0.0,0.0,0.0,0.0,0.002545,0.001018,0.000254,0.00229,0.000254,0.000254,0.0,0.000509,0.00458,0.000509,0.012372,0.000254,0.000509,0.0,0.0,0.0
4669,0.0,0.01467,0.005379,0.001956,0.002445,0.000489,0.000978,0.002934,0.0,0.020538,0.001467,0.0,0.002445,0.004401,0.014181,0.000978,0.000978,0.003912,0.012245,0.0,0.0,0.003423,0.009291,0.001467,0.006846,0.005868,0.001956,0.001956,0.002445,0.0,0.0,0.0,0.0,0.000489,0.000978,0.0,0.013692,0.000978,0.000978,0.0,0.0,0.000489,0.0,0.0,0.004401,0.002445,0.0,0.0,0.000489,0.001467,0.000978,0.002445,0.000978,0.000489,0.000978,0.000489,0.000489,0.0,0.003912,0.0,0.000489,0.0,0.000489,0.002445,0.002445,0.001467,0.0,0.0,0.00489,0.0,0.0,0.000489,0.000489,0.0,0.002934,0.0,0.0,0.0,0.005213,0.000489,0.0,0.000489,0.001956,0.000489,0.000489,0.0,0.002445,0.000489,0.0,0.000489,0.001467,0.000978,0.000978,0.003912,0.0,0.000489,0.010269,0.002445,0.003423,0.005868,0.0,0.008313,0.005379,0.0,0.001956,0.000489,0.0,0.003912,0.000978,0.000978,0.0,0.0,0.000489,0.001467,0.0,0.000489,0.001467,0.0,0.0,0.0,0.003423,0.000489,0.0,0.0,0.000489,0.001956,0.000489,0.000489,0.0,0.0,0.0,0.0,0.0,0.0,0.0,0.0,0.0,0.000489,0.000489,0.0,0.0,0.0,0.0,0.0,0.000489,0.000489,0.0,0.000489,0.0,0.0,0.0,0.000489,0.000978,0.000978,0.000489,0.0,0.000489,0.000489,0.0,0.0,0.0,0.0,0.0,0.0,0.000489,0.0,0.0,0.0,0.0,0.0,0.0,0.003423,0.000489,0.000489,0.0,0.000489,0.0,0.001467,0.000489,0.0,0.006846,0.000489,0.000489,0.000489,0.0,0.000489,0.0,0.000489,0.000489,0.001467,0.000978,0.006846,0.0,0.001956,0.000489,0.005379,0.000489,0.00489,0.0,0.002445,0.0,0.0,0.001956,0.001467,0.001956,0.0,0.001467,0.000978,0.001467,0.005557,0.007111,0.001467,0.008313,0.047297,0.010671,0.012837,0.028807,0.005868,0.000489,0.015159,0.020223,0.002934,0.005868,0.016285,1.0,0.01548,0.004452,0.005482,0.006781,0.004045,0.0,0.006582,0.007361,0.001956,0.003912,0.012172,0.000489,0.012848,0.005018,0.0,0.0,0.000978,0.006163,0.012669,0.034159,0.000489,0.0,0.002934,0.0,0.000489,0.007002,0.0,0.0,0.004029,0.004813,0.016222,0.0,0.0,0.000489,0.0,0.0,0.0,0.0,0.015159,0.001467,0.0,0.0,0.000978,0.009291,0.000978,0.000489,0.006603,0.0,0.0,0.005008,0.002934,0.000978,0.001956,0.0,0.0,0.0,0.000489,0.000489,0.0,0.0,0.0,0.0,0.000978,0.0,0.0,0.000489,0.0,0.001467,0.000489,0.000489,0.0,0.000978,0.0,0.0,0.0,0.0,0.0,0.0,0.0,0.0,0.0,0.0,0.0,0.0,0.0,0.0,0.0,0.0,0.0,0.0,0.0,0.000489,0.0,0.005379,0.008991,0.002934,0.010294,0.002934,0.012489,0.007107,0.002934,0.00489,0.0,0.00489,0.001467,0.000489,0.000489,0.009321,0.001956,0.000489,0.000489,0.000489,0.000978,0.009311,0.000489,0.0,0.000489,0.0,0.000489,0.000489,0.001956,0.0,0.000978,0.0,0.000489,0.0,0.00489,0.001956,0.002445,0.005379,0.0,0.006846,0.000978,0.001467,0.000489,0.000978,0.000978,0.001467,0.0,0.0,0.0,0.000489,0.001467,0.000489,0.0,0.003912,0.000489,0.0,0.008941,0.000489,0.0,0.003576,0.003912,0.0,0.0,0.0,0.0,0.0,0.0,0.003912,0.000489,0.0,0.0,0.000489,0.002445,0.000489,0.000978,0.000978,0.004401,0.000489,0.000489,0.000489,0.0,0.0,0.000978,0.001956,0.0,0.0,0.001956,0.0,0.0,0.000489,0.002445,0.004709,0.000489,0.008218,0.000489,0.0,0.0,0.0,0.0
4690,0.000566,0.001888,0.000378,0.001133,0.000378,0.0,0.0,0.000189,0.0,0.003965,0.000378,0.0,0.0,0.000944,0.005475,0.000189,0.000566,0.000378,0.005664,0.0,0.000189,0.003021,0.001888,0.000378,0.001699,0.001322,0.000189,0.001322,0.0,0.0,0.000566,0.000189,0.0,0.000189,0.001322,0.000189,0.002832,0.000566,0.0,0.000189,0.0,0.000378,0.000189,0.0,0.000755,0.00151,0.0,0.0,0.0,0.000944,0.0,0.001322,0.000944,0.003021,0.000755,0.000566,0.002077,0.0,0.005852,0.000566,0.001133,0.000566,0.00151,0.005097,0.000566,0.000189,0.000189,0.000189,0.001322,0.0,0.0,0.000944,0.001133,0.000189,0.001322,0.000189,0.0,0.000566,0.012082,0.0,0.0,0.000189,0.00151,0.001322,0.000189,0.000189,0.000755,0.000189,0.000378,0.000378,0.0,0.000566,0.003021,0.003965,0.000189,0.000755,0.000566,0.000189,0.000755,0.0,0.0,0.002643,0.000755,0.0,0.000755,0.000189,0.000566,0.001133,0.000189,0.000566,0.000566,0.000566,0.0,0.000378,0.0,0.000378,0.000566,0.000566,0.000378,0.0,0.002265,0.0,0.000189,0.0,0.000189,0.000755,0.000566,0.000566,0.0,0.000189,0.000189,0.0,0.000378,0.0,0.0,0.000189,0.000378,0.000189,0.0,0.0,0.0,0.000566,0.000189,0.000189,0.0,0.000189,0.000189,0.0,0.000189,0.0,0.000378,0.0,0.000378,0.000189,0.000189,0.0,0.000189,0.000378,0.0,0.000566,0.000189,0.0,0.000189,0.000189,0.0,0.000189,0.0,0.0,0.000189,0.0,0.0,0.003398,0.000378,0.000378,0.0,0.000378,0.000566,0.000566,0.002454,0.000755,0.002454,0.0,0.000755,0.0,0.0,0.0,0.000378,0.000378,0.001133,0.000378,0.000566,0.000566,0.000755,0.000378,0.0,0.000189,0.0,0.00472,0.000944,0.001133,0.000378,0.000189,0.000755,0.004342,0.000755,0.0,0.001699,0.000755,0.003021,0.011138,0.013404,0.006985,0.008873,0.009251,0.028457,0.017935,0.069473,0.009439,0.003398,0.002832,0.019823,0.003021,0.000944,0.015103,0.01548,1.0,0.02992,0.050028,0.024129,0.014914,0.000755,0.00623,0.022843,0.010383,0.004342,0.017557,0.002643,0.029828,0.02794,0.0,0.002077,0.00472,0.040062,0.049273,0.028507,0.000189,0.001133,0.005097,0.000566,0.003209,0.025486,0.0,0.0,0.011172,0.016306,0.018844,0.0,0.000378,0.000189,0.000189,0.000189,0.0,0.000189,0.014159,0.00151,0.0,0.0,0.001133,0.006985,0.003398,0.002643,0.012837,0.0,0.000189,0.024556,0.002265,0.002265,0.006041,0.0,0.0,0.0,0.000378,0.000566,0.000189,0.000189,0.000189,0.000189,0.001322,0.000189,0.001322,0.000944,0.000189,0.003021,0.002643,0.000755,0.001133,0.000755,0.000189,0.0,0.0,0.0,0.000189,0.0,0.0,0.0,0.0,0.0,0.0,0.0,0.0,0.0,0.000189,0.000189,0.0,0.000944,0.000189,0.000944,0.000189,0.006608,0.031196,0.004908,0.015292,0.004153,0.009817,0.009439,0.001133,0.001133,0.000378,0.012271,0.000566,0.002832,0.00151,0.021128,0.001699,0.001133,0.000378,0.000189,0.001888,0.009817,0.000378,0.0,0.0,0.0,0.000755,0.001322,0.001699,0.000189,0.000755,0.0,0.000378,0.001322,0.002643,0.000189,0.003398,0.003587,0.000944,0.009062,0.000566,0.002077,0.0,0.001322,0.000378,0.000755,0.0,0.0,0.0,0.0,0.002265,0.000755,0.000189,0.003398,0.001322,0.000755,0.009439,0.0,0.000566,0.005286,0.003398,0.0,0.000189,0.0,0.000189,0.0,0.000755,0.003587,0.0,0.0,0.0,0.001322,0.00623,0.000189,0.00151,0.000944,0.003021,0.000189,0.000378,0.000378,0.000189,0.0,0.000566,0.003398,0.003021,0.0,0.002077,0.0,0.000378,0.002077,0.003776,0.014159,0.000944,0.023772,0.000189,0.0,0.0,0.0,0.0
4711,0.000518,0.003727,0.001242,0.001242,0.000414,0.0,0.0,0.000207,0.0,0.004659,0.000518,0.0,0.000932,0.000828,0.007765,0.000207,0.000207,0.000518,0.008697,0.0,0.000104,0.003624,0.003313,0.000518,0.002071,0.001035,0.000311,0.000414,0.000104,0.0,0.000311,0.000311,0.0,0.000104,0.001035,0.0,0.001864,0.000621,0.000104,0.000104,0.0,0.0,0.000104,0.0,0.000414,0.000414,0.0,0.0,0.0,0.0,0.000311,0.004141,0.000414,0.002588,0.000104,0.002795,0.001656,0.000104,0.015944,0.000725,0.000725,0.0,0.001864,0.002278,0.000311,0.000414,0.0,0.0,0.001967,0.0,0.000104,0.0,0.000414,0.0,0.001553,0.0,0.0,0.000621,0.010664,0.0,0.0,0.0,0.000621,0.000725,0.000828,0.0,0.000828,0.000207,0.000932,0.0,0.000104,0.000207,0.002174,0.00176,0.0,0.0,0.0,0.000104,0.0,0.000104,0.0,0.000725,0.0,0.0,0.000104,0.0,0.0,0.000311,0.000104,0.000414,0.000518,0.000518,0.0,0.000725,0.000104,0.0,0.0,0.000104,0.000104,0.0,0.002278,0.0,0.0,0.0,0.0,0.001346,0.000311,0.000207,0.0,0.0,0.000104,0.0,0.000104,0.0,0.0,0.0,0.000311,0.0,0.0,0.0,0.0,0.000104,0.0,0.0,0.0,0.0,0.0,0.0,0.0,0.0,0.000104,0.000104,0.000414,0.0,0.0,0.0,0.0,0.000104,0.0,0.000104,0.000104,0.000311,0.0,0.0,0.0,0.0,0.0,0.0,0.0,0.000104,0.0,0.003831,0.000207,0.000104,0.0,0.000104,0.000828,0.000518,0.001346,0.000414,0.001346,0.000311,0.000621,0.000104,0.0,0.000207,0.000311,0.000311,0.000311,0.000311,0.0,0.000414,0.000104,0.0,0.0,0.0,0.0,0.004038,0.000518,0.000207,0.0,0.0,0.000725,0.001967,0.000725,0.000207,0.001967,0.000932,0.00176,0.013562,0.008179,0.003934,0.004245,0.011699,0.04545,0.007247,0.016668,0.002071,0.000932,0.000311,0.004038,0.00176,0.000311,0.009111,0.004452,0.02992,1.0,0.017911,0.061497,0.058909,0.000518,0.01056,0.01056,0.003417,0.001242,0.017807,0.000311,0.009214,0.015219,0.000104,0.000932,0.001242,0.033544,0.024951,0.022259,0.000104,0.001346,0.002588,0.000104,0.001864,0.020499,0.0,0.0,0.018843,0.068242,0.046046,0.0,0.000104,0.000104,0.000207,0.000207,0.0,0.0,0.003313,0.001553,0.0,0.000104,0.000518,0.003209,0.00176,0.000518,0.010457,0.0,0.000104,0.084653,0.004348,0.002381,0.017807,0.000104,0.0,0.0,0.000311,0.000311,0.000104,0.0,0.000104,0.000311,0.000104,0.0,0.000207,0.000414,0.0,0.00528,0.000621,0.000621,0.000104,0.000518,0.0,0.0,0.0,0.0,0.0,0.0,0.0,0.0,0.000104,0.0,0.0,0.0,0.0,0.000104,0.000104,0.0,0.0,0.000104,0.000104,0.000207,0.000104,0.00176,0.042377,0.003106,0.016875,0.001864,0.004866,0.002692,0.000104,0.000104,0.0,0.004659,0.000414,0.000518,0.000518,0.020188,0.000518,0.000518,0.000104,0.000621,0.001864,0.008386,0.0,0.0,0.000207,0.0,0.000207,0.000621,0.000932,0.000311,0.000518,0.0,0.000207,0.001346,0.001553,0.000414,0.001656,0.002278,0.0,0.004969,0.000414,0.000621,0.000311,0.000414,0.000104,0.000311,0.0,0.0,0.0,0.0,0.001449,0.000518,0.000207,0.002278,0.000518,0.000311,0.004348,0.000104,0.000207,0.003417,0.002692,0.0,0.000104,0.0,0.000104,0.000311,0.000725,0.002692,0.000207,0.000104,0.0,0.005487,0.006626,0.0,0.001139,0.000621,0.006626,0.000104,0.000104,0.000518,0.000207,0.0,0.000207,0.001967,0.000725,0.000207,0.000828,0.000104,0.0,0.001242,0.003727,0.01408,0.000621,0.044804,0.000518,0.000104,0.0,0.000104,0.0
4719,0.001462,0.000731,0.000365,0.000731,0.0,0.0,0.000365,0.001096,0.0,0.001827,0.000365,0.0,0.000731,0.001462,0.002924,0.0,0.000731,0.000365,0.003655,0.0,0.0,0.000731,0.000365,0.000365,0.001096,0.000365,0.0,0.0,0.0,0.0,0.000365,0.000365,0.0,0.0,0.000365,0.0,0.001462,0.000365,0.0,0.0,0.0,0.0,0.0,0.0,0.0,0.0,0.0,0.0,0.0,0.0,0.0,0.0,0.0,0.001096,0.000365,0.000731,0.000365,0.000365,0.005482,0.0,0.000365,0.0,0.001096,0.001827,0.0,0.000731,0.0,0.0,0.002193,0.0,0.0,0.000731,0.000365,0.0,0.001462,0.0,0.0,0.001827,0.012427,0.0,0.0,0.0,0.001827,0.000365,0.000365,0.0,0.000365,0.000365,0.001462,0.0,0.000365,0.001096,0.004386,0.002558,0.0,0.0,0.0,0.0,0.0,0.000365,0.0,0.001827,0.0,0.0,0.000731,0.0,0.0,0.000731,0.000731,0.0,0.0,0.000365,0.0,0.0,0.0,0.000365,0.000731,0.0,0.0,0.0,0.001827,0.0,0.0,0.0,0.0,0.001096,0.001096,0.001096,0.0,0.0,0.0,0.000365,0.0,0.0,0.0,0.000731,0.0,0.0,0.0,0.0,0.0,0.000365,0.000731,0.0,0.0,0.0,0.000365,0.0,0.0,0.0,0.000365,0.0,0.000365,0.000365,0.0,0.0,0.0,0.0,0.0,0.000731,0.0,0.000365,0.0,0.0,0.0,0.0,0.0,0.0,0.0,0.0,0.0,0.00402,0.000731,0.001827,0.0,0.0,0.001462,0.000365,0.001096,0.0,0.002193,0.0,0.000365,0.000365,0.0,0.000731,0.0,0.0,0.000365,0.0,0.0,0.0,0.0,0.0,0.0,0.0,0.0,0.002558,0.0,0.000731,0.0,0.0,0.000731,0.002558,0.000731,0.0,0.000731,0.001827,0.002193,0.006351,0.010963,0.006213,0.010965,0.00402,0.0083,0.017909,0.028023,0.00402,0.002193,0.000365,0.009868,0.000365,0.000365,0.006616,0.005482,0.050028,0.017911,1.0,0.008201,0.015602,0.0,0.006213,0.033991,0.014254,0.003289,0.0103,0.001096,0.022127,0.027047,0.0,0.001096,0.009503,0.037665,0.031236,0.02574,0.001462,0.000365,0.004751,0.001096,0.006213,0.015351,0.0,0.0,0.003114,0.008189,0.0046,0.0,0.000365,0.0,0.0,0.0,0.000365,0.000731,0.01133,0.001462,0.0,0.000365,0.0,0.005482,0.001827,0.001096,0.010234,0.0,0.0,0.015751,0.002924,0.001096,0.004751,0.0,0.000365,0.000365,0.0,0.001096,0.0,0.0,0.0,0.0,0.0,0.000365,0.0,0.000731,0.000365,0.001462,0.001827,0.000365,0.0,0.0,0.0,0.0,0.0,0.0,0.0,0.0,0.0,0.0,0.0,0.0,0.0,0.0,0.0,0.0,0.000365,0.0,0.0,0.000365,0.0,0.0,0.000365,0.004751,0.011493,0.003289,0.010965,0.002558,0.007675,0.004264,0.0,0.000365,0.000731,0.005848,0.000365,0.002193,0.000731,0.013826,0.003655,0.0,0.000365,0.000365,0.001827,0.00402,0.0,0.0,0.0,0.0,0.000731,0.0,0.001462,0.0,0.000365,0.0,0.0,0.001096,0.001462,0.000365,0.003655,0.002193,0.000731,0.006213,0.000731,0.000365,0.002193,0.0,0.000365,0.0,0.0,0.0,0.0,0.0,0.001462,0.000731,0.0,0.003655,0.000365,0.0,0.005482,0.0,0.001462,0.005202,0.00402,0.0,0.0,0.000365,0.000365,0.0,0.000365,0.003655,0.0,0.0,0.0,0.000731,0.006944,0.000731,0.000731,0.000365,0.002558,0.0,0.000365,0.0,0.000365,0.0,0.0,0.00402,0.002193,0.000731,0.000731,0.000365,0.0,0.001827,0.004386,0.02595,0.001827,0.01246,0.000365,0.000365,0.0,0.0,0.0
4721,0.000315,0.003785,0.000631,0.003312,0.000789,0.0,0.0,0.000315,0.0,0.007412,0.000315,0.0,0.000631,0.001577,0.006308,0.000158,0.000315,0.001262,0.014666,0.0,0.0,0.00615,0.009778,0.000473,0.003785,0.000631,0.0,0.000789,0.000315,0.0,0.000315,0.000631,0.0,0.000315,0.004416,0.000315,0.006466,0.000789,0.0,0.0,0.0,0.000158,0.0,0.0,0.000158,0.000315,0.0,0.0,0.0,0.0,0.0,0.018609,0.003154,0.005677,0.000158,0.005993,0.001892,0.0,0.047627,0.000789,0.002681,0.000315,0.001104,0.006308,0.001419,0.000473,0.000158,0.000158,0.001735,0.000158,0.0,0.0,0.000158,0.0,0.000789,0.000158,0.0,0.0,0.00552,0.0,0.0,0.0,0.000315,0.000631,0.001104,0.0,0.000631,0.0,0.000315,0.000158,0.000158,0.000158,0.001104,0.001577,0.0,0.000158,0.0,0.000473,0.0,0.0,0.0,0.000473,0.000315,0.0,0.000789,0.0,0.000158,0.0,0.0,0.000158,0.0,0.000473,0.0,0.000631,0.0,0.000158,0.0,0.0,0.0,0.0,0.001262,0.0,0.0,0.0,0.0,0.000789,0.000315,0.000315,0.0,0.0,0.0,0.0,0.0,0.0,0.0,0.0,0.0,0.0,0.0,0.0,0.0,0.0,0.0,0.000158,0.000158,0.0,0.0,0.0,0.0,0.0,0.0,0.0,0.000315,0.0,0.0,0.0,0.0,0.000315,0.0,0.000158,0.0,0.000158,0.000315,0.000158,0.0,0.0,0.0,0.0,0.0,0.0,0.0,0.001577,0.0,0.000158,0.0,0.0,0.0,0.000158,0.000631,0.000315,0.001104,0.0,0.000631,0.0,0.0,0.000315,0.000315,0.000158,0.000789,0.000315,0.000473,0.000473,0.0,0.000158,0.0,0.0,0.000158,0.002523,0.000315,0.000631,0.000158,0.0,0.000158,0.001577,0.000473,0.0,0.000631,0.000946,0.001104,0.008516,0.006781,0.002366,0.004416,0.011985,0.081221,0.00552,0.019713,0.001419,0.000473,0.00205,0.004416,0.000315,0.000158,0.00552,0.006781,0.024129,0.061497,0.008201,1.0,0.026652,0.0,0.005835,0.005993,0.001892,0.001262,0.007412,0.000315,0.00615,0.005993,0.0,0.000946,0.001104,0.013563,0.021448,0.018136,0.000158,0.002681,0.001104,0.000158,0.001262,0.012774,0.0,0.0,0.025706,0.044178,0.056729,0.0,0.001104,0.000789,0.000158,0.000158,0.000158,0.0,0.005047,0.002366,0.0,0.0,0.000158,0.002996,0.000789,0.001104,0.011355,0.0,0.000158,0.050485,0.003627,0.002523,0.007097,0.000158,0.0,0.0,0.0,0.000473,0.000315,0.0,0.000158,0.000158,0.0,0.0,0.0,0.000315,0.0,0.00205,0.000473,0.000473,0.000315,0.000158,0.000158,0.0,0.0,0.0,0.0,0.0,0.0,0.0,0.0,0.0,0.0,0.0,0.0,0.0,0.000158,0.0,0.0,0.000158,0.0,0.0,0.0,0.002996,0.020797,0.002523,0.008043,0.002366,0.0041,0.003469,0.000473,0.000315,0.000315,0.003627,0.000158,0.000789,0.000631,0.017089,0.000946,0.000315,0.0,0.000315,0.001419,0.005677,0.000158,0.0,0.0,0.0,0.000789,0.000315,0.001104,0.000158,0.000473,0.000158,0.0,0.000946,0.001104,0.000789,0.001577,0.001419,0.000315,0.001735,0.000315,0.001419,0.000946,0.000315,0.000158,0.000315,0.0,0.0,0.0,0.0,0.000946,0.000315,0.000473,0.003154,0.000473,0.000315,0.005047,0.000158,0.001419,0.003943,0.002681,0.000158,0.000315,0.000473,0.000315,0.000158,0.000158,0.001104,0.0,0.0,0.000158,0.001104,0.0041,0.0,0.001735,0.0,0.003312,0.000158,0.0,0.000158,0.0,0.0,0.000473,0.002208,0.000789,0.0,0.000946,0.000315,0.0,0.000789,0.00205,0.007412,0.000315,0.024037,0.000631,0.0,0.0,0.0,0.0
4722,0.000578,0.002311,0.001445,0.000867,0.000289,0.0,0.0,0.0,0.0,0.005201,0.000289,0.0,0.000289,0.000867,0.00549,0.000289,0.000578,0.000578,0.004623,0.0,0.0,0.001445,0.001156,0.000289,0.001734,0.000578,0.000289,0.0,0.000578,0.0,0.000289,0.0,0.0,0.0,0.001156,0.0,0.003178,0.0,0.0,0.0,0.0,0.0,0.0,0.0,0.000867,0.000578,0.0,0.0,0.0,0.0,0.0,0.002023,0.000289,0.002311,0.0,0.007512,0.000289,0.0,0.020225,0.000289,0.000578,0.0,0.001156,0.002023,0.0,0.002889,0.000289,0.000289,0.003756,0.0,0.0,0.0,0.000289,0.0,0.000578,0.0,0.0,0.000289,0.006934,0.0,0.0,0.0,0.0,0.000289,0.000289,0.0,0.001734,0.0,0.000289,0.000289,0.0,0.000289,0.002311,0.001734,0.0,0.0,0.000289,0.0,0.0,0.0,0.0,0.000578,0.0,0.0,0.0,0.0,0.0,0.0,0.000289,0.000867,0.000289,0.000289,0.0,0.000289,0.0,0.0,0.000289,0.0,0.0,0.0,0.002023,0.0,0.0,0.0,0.0,0.000867,0.0,0.0,0.0,0.0,0.000289,0.0,0.0,0.0,0.0,0.0,0.0,0.0,0.0,0.0,0.0,0.0,0.0,0.0,0.0,0.0,0.0,0.0,0.0,0.0,0.000289,0.0,0.000289,0.0,0.0,0.0,0.0,0.0,0.0,0.0,0.0,0.000289,0.000289,0.0,0.0,0.0,0.0,0.0,0.0,0.0,0.0,0.002311,0.0,0.0,0.0,0.0,0.000867,0.000578,0.000289,0.000289,0.001445,0.0,0.001445,0.0,0.0,0.0,0.000289,0.000289,0.002311,0.000867,0.000578,0.0,0.000289,0.0,0.0,0.0,0.0,0.004623,0.000867,0.000289,0.0,0.0,0.000867,0.002311,0.000289,0.000867,0.000867,0.000578,0.002889,0.011114,0.010113,0.00549,0.004045,0.006645,0.033793,0.00549,0.013325,0.0026,0.001156,0.0,0.003756,0.001445,0.0,0.00687,0.004045,0.014914,0.058909,0.015602,0.026652,1.0,0.001445,0.009535,0.008957,0.002023,0.001156,0.012172,0.000578,0.008379,0.015891,0.0,0.001734,0.000867,0.01558,0.021188,0.01732,0.0,0.001734,0.002311,0.0,0.001445,0.020199,0.0,0.0,0.00641,0.015372,0.011474,0.0,0.000289,0.0,0.0,0.0,0.0,0.0,0.003178,0.001156,0.0,0.0,0.000867,0.006357,0.0026,0.001156,0.019648,0.0,0.000289,0.037399,0.006934,0.001445,0.030049,0.000289,0.0,0.0,0.000289,0.001156,0.0,0.0,0.000289,0.000578,0.000578,0.0,0.000289,0.001156,0.000289,0.004334,0.0,0.000289,0.000867,0.0,0.0,0.000289,0.0,0.0,0.0,0.0,0.0,0.000289,0.0,0.0,0.0,0.0,0.0,0.0,0.0,0.0,0.0,0.000578,0.0,0.0,0.000289,0.002889,0.011806,0.003756,0.014158,0.001445,0.004912,0.003756,0.000289,0.0,0.0,0.00549,0.000289,0.001156,0.000867,0.013205,0.000578,0.000289,0.000289,0.000578,0.001734,0.006934,0.000578,0.0,0.000289,0.0,0.000867,0.000578,0.003467,0.000289,0.000578,0.0,0.0,0.001734,0.000578,0.0,0.002023,0.001445,0.0,0.009535,0.000289,0.000867,0.0,0.0,0.0,0.0,0.0,0.0,0.0,0.0,0.000867,0.0,0.000289,0.001445,0.000289,0.0,0.004623,0.0,0.000289,0.008668,0.000867,0.0,0.0,0.000289,0.0,0.0,0.000578,0.004334,0.000289,0.0,0.0,0.004045,0.005779,0.0,0.0026,0.000578,0.008668,0.0,0.000289,0.0,0.0,0.0,0.000578,0.002311,0.000867,0.000289,0.001734,0.000289,0.001156,0.000578,0.002889,0.017625,0.001156,0.020767,0.001445,0.0,0.0,0.000289,0.0
4723,0.0,0.0,0.0,0.0,0.0,0.0,0.0,0.0,0.0,0.0,0.0,0.0,0.0,0.0,0.000623,0.0,0.0,0.0,0.0,0.0,0.0,0.0,0.0,0.0,0.0,0.0,0.0,0.0,0.0,0.0,0.0,0.0,0.0,0.0,0.0,0.0,0.0,0.0,0.0,0.0,0.0,0.0,0.0,0.0,0.0,0.0,0.0,0.0,0.0,0.0,0.0,0.0,0.0,0.0,0.0,0.0,0.0,0.0,0.00065,0.0,0.0,0.0,0.0,0.0,0.0,0.0,0.0,0.0,0.0,0.0,0.0,0.0,0.0,0.0,0.0,0.0,0.0,0.0,0.000401,0.0,0.0,0.0,0.0,0.0,0.0,0.0,0.0,0.0,0.009901,0.0,0.0,0.0,0.0,0.0,0.0,0.0,0.0,0.0,0.0,0.0,0.0,0.0,0.0,0.0,0.0,0.0,0.0,0.0,0.0,0.0,0.0,0.0,0.0,0.0,0.0,0.0,0.0,0.0,0.0,0.0,0.0,0.0,0.0,0.0,0.0,0.0,0.0,0.0,0.0,0.0,0.034483,0.0,0.0,0.0,0.0,0.0,0.0,0.0,0.0,0.0,0.0,0.0,0.0,0.0,0.0,0.0,0.0,0.0,0.0,0.0,0.0,0.0,0.0,0.0,0.0,0.0,0.0,0.0,0.0,0.0,0.0,0.0,0.0,0.0,0.0,0.0,0.0,0.0,0.0,0.0,0.0,0.0,0.0,0.0,0.0,0.0,0.0,0.0,0.0,0.0,0.0,0.0,0.0,0.0,0.0,0.0,0.0,0.0,0.0,0.0,0.0,0.0,0.0,0.0,0.0,0.0,0.0,0.0,0.0,0.0,0.0,0.0,0.0,0.0,0.0,0.0,0.0,0.0,0.0,0.0,0.000296,0.0,0.001,0.0,0.000445,0.000428,0.000196,0.0,0.0,0.0,0.000825,0.0,0.0,0.0,0.0,0.000755,0.000518,0.0,0.0,0.001445,1.0,0.0,0.000368,0.0,0.002174,0.0,0.0,0.001428,0.0,0.0,0.0,0.0,0.000171,0.000218,0.000241,0.0,0.0,0.0,0.0,0.0,0.0,0.0,0.0,0.0,7.2e-05,4.9e-05,0.0,0.0,0.0,0.0,0.0,0.0,0.0,0.0,0.0,0.0,0.0,0.005025,0.000944,0.003436,0.0,0.0,0.0,0.0,0.000162,0.0,0.0,0.000598,0.0,0.0,0.0,0.0,0.0,0.0,0.0,0.0,0.0,0.0,0.0,0.0,0.0,0.0,0.001258,0.0,0.0,0.0,0.0,0.0,0.0,0.0,0.0,0.0,0.0,0.0,0.0,0.0,0.0,0.0,0.0,0.0,0.0,0.0,0.0,0.0,0.0,0.0,0.0,0.0,0.0,0.000156,0.0,0.0,0.000794,0.0,0.0,0.0,0.0,0.0,0.0,0.0,0.0,0.0,0.000155,0.0,0.0,0.0,0.0,0.0,0.0,0.0,0.0,0.0,0.0,0.0,0.0,0.0,0.0,0.0,0.0,0.0,0.0,0.0,0.0,0.002037,0.0,0.0,0.00082,0.0,0.0,0.0,0.0,0.0,0.0,0.0,0.0,0.0,0.0,0.0,0.0,0.0,0.0,0.0,0.0,0.0,0.0,0.0,0.0,0.0,0.0,0.0,0.0,0.0,0.0,0.0,0.0,0.0,0.0,0.0,0.0,0.0,0.0,0.0,0.0,0.0,0.0,0.0,0.0,0.0,0.0,0.0,0.0,0.0,0.0,0.0,0.0,0.0,0.004444,0.001767,0.000428,0.0,0.000265,0.0,0.0,0.0,0.0,0.0
4730,0.0,0.006582,0.00141,0.002351,0.00141,0.00047,0.0,0.00047,0.0,0.010813,0.00047,0.0,0.00094,0.002821,0.005172,0.0,0.00141,0.00047,0.009647,0.00094,0.0,0.002821,0.00141,0.0,0.002351,0.00141,0.0,0.00047,0.0,0.0,0.00094,0.00094,0.0,0.0,0.0,0.0,0.005172,0.00047,0.0,0.00047,0.0,0.00047,0.00047,0.0,0.002351,0.00141,0.00047,0.0,0.0,0.00047,0.00047,0.00141,0.00047,0.00047,0.00047,0.00094,0.0,0.0,0.001881,0.0,0.0,0.0,0.00094,0.0,0.0,0.0,0.0,0.0,0.002351,0.0,0.0,0.0,0.0,0.0,0.00047,0.0,0.0,0.00047,0.002406,0.0,0.0,0.0,0.0,0.0,0.00047,0.0,0.001881,0.00047,0.0,0.0,0.0,0.0,0.00141,0.00047,0.0,0.002821,0.00047,0.0,0.0,0.0,0.00047,0.003761,0.0,0.0,0.0,0.00047,0.0,0.0,0.0,0.00047,0.00047,0.00047,0.0,0.0,0.0,0.00047,0.00094,0.0,0.0,0.0,0.00141,0.0,0.0,0.0,0.0,0.003291,0.0,0.00094,0.0,0.0,0.0,0.0,0.0,0.0,0.0,0.0,0.00094,0.0,0.0,0.0,0.0,0.0,0.0,0.0,0.00141,0.0,0.00094,0.0,0.0,0.0,0.0,0.0,0.00094,0.00047,0.0,0.0,0.0,0.0,0.0,0.00047,0.00094,0.00094,0.00047,0.0,0.0,0.0,0.0,0.0,0.00094,0.00047,0.0,0.003291,0.0,0.0,0.0,0.0,0.0,0.00047,0.0,0.0,0.004701,0.0,0.00094,0.00047,0.0,0.00047,0.00047,0.005642,0.00047,0.00047,0.0,0.0,0.00047,0.00047,0.0,0.0,0.0,0.005642,0.002821,0.002351,0.00047,0.0,0.00141,0.001881,0.0,0.0,0.00141,0.003761,0.015045,0.054247,0.058074,0.018336,0.007992,0.006334,0.00667,0.001712,0.008818,0.003291,0.0,0.004231,0.010318,0.027268,0.00047,0.01145,0.006582,0.00623,0.01056,0.006213,0.005835,0.009535,0.0,1.0,0.006257,0.002821,0.00141,0.012406,0.00047,0.006424,0.005474,0.0,0.001881,0.0,0.00291,0.008082,0.004571,0.0,0.00094,0.00094,0.0,0.00094,0.015621,0.00047,0.0,0.020879,0.010919,0.018003,0.00047,0.0,0.0,0.0,0.00047,0.0,0.00047,0.004701,0.007522,0.0,0.0,0.0,0.007522,0.009873,0.006112,0.012106,0.00047,0.0,0.009208,0.002821,0.00047,0.003761,0.00047,0.00047,0.0,0.0,0.0,0.0,0.0,0.0,0.0,0.00047,0.0,0.00047,0.00141,0.00094,0.002351,0.00141,0.0,0.0,0.00094,0.0,0.0,0.0,0.0,0.00047,0.0,0.0,0.0,0.0,0.0,0.0,0.0,0.0,0.0,0.0,0.0,0.0,0.00047,0.00047,0.0,0.0,0.012224,0.019937,0.006112,0.009559,0.007522,0.010259,0.005686,0.00094,0.00047,0.00047,0.005172,0.0,0.0,0.00047,0.007612,0.00047,0.002351,0.0,0.0,0.001881,0.012291,0.0,0.0,0.0,0.0,0.0,0.00094,0.001881,0.00047,0.00047,0.0,0.0,0.00047,0.001881,0.0,0.001881,0.00094,0.0,0.005172,0.0,0.00047,0.00047,0.00094,0.00047,0.00094,0.0,0.0,0.0,0.00047,0.002351,0.001881,0.00141,0.00141,0.00094,0.0,0.014575,0.00047,0.00094,0.006177,0.003291,0.0,0.0,0.0,0.0,0.0,0.002821,0.002351,0.00047,0.0,0.0,0.00094,0.004701,0.00047,0.002821,0.00094,0.001881,0.00094,0.0,0.010343,0.0,0.0,0.00141,0.002351,0.0,0.0,0.002351,0.0,0.0,0.00047,0.001881,0.00899,0.004231,0.008572,0.0,0.0,0.0,0.0,0.0
4741,0.000736,0.002576,0.000368,0.000368,0.0,0.0,0.0,0.000368,0.0,0.003681,0.001104,0.0,0.000368,0.001104,0.002208,0.0,0.0,0.000368,0.004785,0.0,0.0,0.002208,0.001472,0.0,0.000736,0.000736,0.0,0.0,0.0,0.0,0.0,0.000368,0.0,0.000368,0.000736,0.0,0.00184,0.000736,0.0,0.0,0.0,0.0,0.0,0.0,0.001104,0.0,0.0,0.0,0.0,0.0,0.0,0.0,0.0,0.001472,0.0,0.000736,0.0,0.0,0.004049,0.0,0.000368,0.0,0.000736,0.000368,0.0,0.0,0.0,0.000368,0.00184,0.0,0.0,0.0,0.0,0.0,0.000736,0.000368,0.0,0.000368,0.005889,0.0,0.0,0.0,0.000368,0.0,0.000368,0.0,0.000368,0.0,0.0,0.0,0.000368,0.0,0.004785,0.002576,0.0,0.0,0.0,0.0,0.000368,0.0,0.0,0.000736,0.000368,0.0,0.000368,0.0,0.0,0.0,0.0,0.0,0.000368,0.000368,0.0,0.000368,0.0,0.0,0.0,0.0,0.0,0.0,0.000368,0.0,0.0,0.0,0.0,0.000368,0.0,0.000368,0.000368,0.000368,0.000368,0.000368,0.000368,0.0,0.0,0.0,0.001104,0.0,0.0,0.0,0.0,0.001472,0.000368,0.000368,0.0,0.0,0.0,0.0,0.0,0.0,0.000368,0.0,0.000736,0.0,0.0,0.0,0.0,0.000368,0.0,0.001104,0.000368,0.0,0.0,0.0,0.0,0.0,0.0,0.0,0.0,0.0,0.0,0.002208,0.001472,0.000368,0.0,0.0,0.000368,0.0,0.0,0.000736,0.002208,0.000368,0.002208,0.0,0.000368,0.000368,0.000736,0.0,0.0,0.000736,0.0,0.0,0.000368,0.000368,0.0,0.000368,0.0,0.005521,0.001104,0.000736,0.000368,0.0,0.000736,0.01509,0.001472,0.000736,0.00184,0.001104,0.004049,0.00688,0.013037,0.018771,0.008097,0.002208,0.007411,0.009201,0.026063,0.049687,0.057048,0.001104,0.025764,0.000368,0.000736,0.008397,0.007361,0.022843,0.01056,0.033991,0.005993,0.008957,0.000368,0.006257,1.0,0.012146,0.002576,0.010534,0.000736,0.047466,0.021347,0.000368,0.002944,0.004785,0.016093,0.011577,0.009141,0.001104,0.000368,0.003312,0.001104,0.006257,0.028818,0.0,0.0,0.002747,0.008692,0.003759,0.000368,0.0,0.0,0.0,0.0,0.0,0.0,0.005521,0.001472,0.0,0.0,0.000736,0.004049,0.002944,0.001104,0.008804,0.0,0.0,0.011874,0.003312,0.00184,0.006625,0.001104,0.0,0.000368,0.000736,0.002208,0.0,0.0,0.000368,0.001104,0.001472,0.000736,0.014354,0.008465,0.006625,0.021347,0.007729,0.003681,0.00184,0.003312,0.000368,0.0,0.000368,0.0,0.0,0.0,0.0,0.0,0.0,0.0,0.0,0.0,0.0,0.0,0.0,0.0,0.0,0.0,0.0,0.0,0.000368,0.002576,0.010399,0.004049,0.013235,0.002208,0.010305,0.008173,0.000368,0.000368,0.000736,0.009201,0.000736,0.001472,0.001472,0.013826,0.000368,0.001104,0.0,0.000368,0.002944,0.022819,0.000368,0.0,0.000368,0.0,0.001472,0.000368,0.00184,0.001104,0.002944,0.0,0.0,0.002208,0.001472,0.000736,0.002208,0.004785,0.00184,0.005521,0.001104,0.001472,0.000736,0.000368,0.001104,0.000368,0.0,0.0,0.0,0.0,0.001104,0.001104,0.001472,0.003312,0.000368,0.0,0.014354,0.0,0.000736,0.001951,0.000736,0.000368,0.000368,0.000368,0.0,0.0,0.000368,0.00184,0.000368,0.0,0.0,0.006257,0.004785,0.0,0.002576,0.000736,0.003681,0.0,0.000736,0.0,0.0,0.0,0.000368,0.029812,0.060361,0.003312,0.00184,0.0,0.0,0.000368,0.002208,0.012882,0.001104,0.011135,0.0,0.0,0.0,0.0,0.0
4742,0.0,0.001043,0.001504,0.0,0.001504,0.0,0.0,0.0,0.0,0.0011,0.0,0.0,0.0,0.001504,0.003741,0.0,0.0,0.0,0.000371,0.0,0.0,0.001504,0.001504,0.0,0.001504,0.0,0.0,0.001504,0.0,0.0,0.0,0.0,0.0,0.0,0.0,0.0,0.000792,0.0,0.0,0.0,0.0,0.0,0.0,0.0,0.001504,0.0,0.0,0.001504,0.0,0.0,0.0,0.0,0.001504,0.003008,0.0,0.0,0.001504,0.0,0.0013,0.0,0.0,0.0,0.0,0.001504,0.0,0.0,0.0,0.0,0.0,0.0,0.0,0.0,0.0,0.0,0.004511,0.0,0.0,0.0,0.000802,0.0,0.0,0.0,0.001504,0.0,0.0,0.0,0.003008,0.0,0.0,0.0,0.0,0.001504,0.001504,0.001504,0.0,0.0,0.001504,0.0,0.0,0.0,0.0,0.001504,0.0,0.0,0.0,0.0,0.0,0.0,0.0,0.0,0.001504,0.0,0.0,0.0,0.001504,0.0,0.001504,0.0,0.0,0.0,0.001504,0.0,0.0,0.0,0.0,0.001504,0.0,0.001504,0.001504,0.0,0.0,0.001504,0.0,0.0,0.0,0.0,0.0,0.001504,0.0,0.0,0.0,0.0,0.0,0.0,0.0,0.0,0.0,0.0,0.0,0.0,0.0,0.0,0.0,0.0,0.0,0.0,0.0,0.0,0.0,0.0,0.0,0.0,0.0,0.0,0.0,0.0,0.0,0.0,0.0,0.0,0.0,0.006986,0.0,0.001504,0.0,0.0,0.001504,0.0,0.003008,0.0,0.006015,0.001504,0.0,0.0,0.0,0.0,0.0,0.0,0.0,0.0,0.0,0.0,0.0,0.0,0.0,0.0,0.0,0.001494,0.0,0.0,0.0,0.0,0.001504,0.002364,0.0,0.0,0.003008,0.003008,0.004511,0.000794,0.003556,0.027505,0.008,0.001689,0.001927,0.006846,0.012934,0.011089,0.015038,0.0,0.004127,0.0,0.0,0.002799,0.001956,0.010383,0.003417,0.014254,0.001892,0.002023,0.0,0.002821,0.012146,1.0,0.001504,0.005852,0.004511,0.023911,0.005931,0.0,0.004511,0.006015,0.004794,0.004369,0.004571,0.0,0.0,0.006015,0.003008,0.009023,0.005386,0.0,0.0,0.001099,0.001221,0.001484,0.0,0.0,0.0,0.0,0.0,0.0,0.0,0.013534,0.0,0.0,0.0,0.0,0.005666,0.001504,0.0,0.004035,0.0,0.0,0.002908,0.001127,0.001504,0.00299,0.0,0.0,0.0,0.0,0.0,0.0,0.0,0.0,0.0,0.001504,0.0,0.001504,0.0,0.0,0.002516,0.003008,0.0,0.0,0.001504,0.001504,0.0,0.0,0.0,0.0,0.0,0.0,0.0,0.0,0.0,0.0,0.0,0.0,0.0,0.0,0.0,0.0,0.0,0.0,0.0,0.0,0.005786,0.003518,0.003882,0.004779,0.003968,0.002676,0.000711,0.0,0.0,0.0,0.003509,0.0,0.001504,0.001504,0.002952,0.001504,0.001504,0.0,0.0,0.001504,0.00149,0.0,0.0,0.0,0.0,0.004511,0.0,0.001504,0.0,0.001504,0.0,0.0,0.0,0.0,0.001504,0.007519,0.004511,0.0,0.004918,0.0,0.003008,0.0,0.0,0.0,0.0,0.0,0.0,0.0,0.0,0.001504,0.0,0.0,0.002994,0.001504,0.0,0.002353,0.0,0.0,0.00065,0.001062,0.0,0.0,0.001504,0.0,0.0,0.001504,0.0,0.0,0.0,0.0,0.001504,0.002788,0.0,0.001504,0.0,0.001497,0.0,0.0,0.0,0.0,0.0,0.0,0.002581,0.004511,0.001504,0.003008,0.0,0.0,0.001504,0.001504,0.003425,0.0,0.003446,0.0,0.0,0.0,0.0,0.0
4751,0.0,0.002086,0.0,0.0,0.002174,0.0,0.0,0.002174,0.0,0.0011,0.0,0.0,0.0,0.001605,0.001247,0.0,0.0,0.002174,0.000371,0.0,0.0,0.00471,0.004983,0.0,0.0,0.0,0.0,0.0,0.0,0.0,0.0,0.0,0.0,0.0,0.0,0.0,0.0,0.0,0.0,0.002174,0.0,0.0,0.0,0.0,0.0,0.0,0.0,0.0,0.0,0.0,0.0,0.002174,0.0,0.002174,0.0,0.0,0.0,0.0,0.0013,0.0,0.002174,0.0,0.0,0.0,0.002174,0.0,0.0,0.0,0.0,0.0,0.002174,0.019565,0.002174,0.0,0.036957,0.0,0.0,0.01087,0.010024,0.002174,0.0,0.0,0.0,0.002174,0.0,0.0,0.002174,0.0,0.0,0.0,0.0,0.0,0.004525,0.0,0.0,0.0,0.0,0.0,0.0,0.0,0.0,0.002174,0.002174,0.0,0.0,0.0,0.0,0.0,0.0,0.0,0.0,0.0,0.0,0.002174,0.0,0.0,0.0,0.0,0.0,0.0,0.0,0.0,0.0,0.0,0.0,0.002174,0.0,0.0,0.0,0.0,0.0,0.0,0.0,0.0,0.0,0.0,0.0,0.0,0.0,0.0,0.0,0.0,0.0,0.0,0.0,0.0,0.0,0.0,0.0,0.0,0.0,0.0,0.0,0.0,0.0,0.0,0.0,0.0,0.0,0.0,0.0,0.0,0.0,0.0,0.0,0.0,0.0,0.0,0.0,0.0,0.0,0.003992,0.0,0.0,0.0,0.0,0.0,0.0,0.0,0.0,0.001664,0.0,0.0,0.002174,0.0,0.0,0.0,0.0,0.0,0.0,0.0,0.0,0.0,0.0,0.0,0.0,0.0,0.000498,0.0,0.0,0.0,0.0,0.0,0.0,0.0,0.0,0.0,0.0,0.00155,0.000529,0.000593,0.005894,0.002,0.0,0.000741,0.029097,0.003527,0.0,0.0,0.0,0.002064,0.0,0.0,0.001272,0.003912,0.004342,0.001242,0.003289,0.001262,0.001156,0.002174,0.00141,0.002576,0.001504,1.0,0.002107,0.008696,0.006781,0.001825,0.0,0.002174,0.004348,0.008389,0.001747,0.001684,0.0,0.0,0.026455,0.004348,0.0,0.002424,0.0,0.0,0.000916,0.001078,0.000791,0.0,0.0,0.0,0.0,0.0,0.0,0.0,0.004525,0.0,0.0,0.0,0.0,0.001889,0.0,0.0,0.004035,0.0,0.0,0.001696,0.003382,0.001961,0.000598,0.0,0.0,0.0,0.0,0.0,0.0,0.0,0.0,0.002174,0.0,0.002174,0.0,0.0,0.0,0.001258,0.0,0.0,0.0,0.002174,0.0,0.0,0.002174,0.0,0.0,0.0,0.0,0.0,0.0,0.0,0.0,0.0,0.0,0.0,0.0,0.0,0.0,0.004348,0.0,0.0,0.0,0.0,0.004457,0.0,0.002206,0.003175,0.001338,0.001777,0.0,0.0,0.0,0.004912,0.0,0.006522,0.0,0.000932,0.002174,0.0,0.002174,0.0,0.0,0.000372,0.0,0.0,0.0,0.0,0.0,0.0,0.0,0.0,0.0,0.0,0.0,0.0,0.0,0.0,0.002037,0.002174,0.0,0.0,0.002174,0.002174,0.0,0.0,0.0,0.0,0.0,0.0,0.0,0.0,0.003175,0.004348,0.002174,0.0,0.0,0.0,0.000471,0.0,0.0,0.000325,0.0,0.0,0.002174,0.0,0.002174,0.0,0.002174,0.001208,0.0,0.0,0.0,0.002174,0.000929,0.0,0.0,0.0,0.001497,0.0,0.0,0.0,0.002174,0.0,0.0,0.0,0.002174,0.0,0.002174,0.0,0.0,0.004348,0.003534,0.00214,0.0,0.001591,0.002174,0.0,0.0,0.0,0.0
4752,0.000468,0.002809,0.001639,0.001404,0.000702,0.0,0.0,0.000936,0.0,0.003511,0.000702,0.0,0.000468,0.002809,0.007725,0.0,0.000234,0.000936,0.01147,0.0,0.0,0.002809,0.000702,0.0,0.001404,0.002107,0.000702,0.000468,0.0,0.0,0.00117,0.000468,0.0,0.0,0.0,0.0,0.003277,0.000702,0.0,0.0,0.0,0.0,0.0,0.0,0.002809,0.003511,0.0,0.0,0.000234,0.0,0.0,0.000468,0.0,0.000234,0.000234,0.000468,0.000468,0.0,0.003043,0.0,0.000702,0.0,0.000936,0.000468,0.000468,0.000234,0.000234,0.0,0.000702,0.0,0.0,0.000468,0.000234,0.0,0.002107,0.0,0.000234,0.000234,0.004213,0.0,0.0,0.0,0.0,0.0,0.004916,0.000468,0.003745,0.001404,0.001873,0.00117,0.0,0.000234,0.003511,0.000702,0.0,0.0,0.000702,0.000468,0.000234,0.0,0.000936,0.000702,0.000936,0.0,0.0,0.000234,0.000936,0.001873,0.001873,0.000702,0.001404,0.000936,0.000702,0.007257,0.001404,0.000702,0.001873,0.000234,0.000468,0.000234,0.011002,0.0,0.000234,0.0,0.000702,0.003979,0.00117,0.000936,0.0,0.0,0.000468,0.000234,0.0,0.0,0.000234,0.0,0.001404,0.0,0.0,0.0,0.000234,0.000936,0.0,0.000234,0.000234,0.000234,0.000702,0.0,0.0,0.000234,0.0,0.0,0.000936,0.000234,0.000234,0.0,0.000234,0.0,0.0,0.000702,0.0,0.002107,0.0,0.0,0.000468,0.0,0.0,0.0,0.0,0.0,0.0,0.0103,0.000234,0.0,0.000234,0.000234,0.000702,0.000702,0.000234,0.002341,0.004448,0.000234,0.001639,0.000234,0.0,0.000702,0.001404,0.000468,0.000234,0.000234,0.000234,0.000468,0.000234,0.0,0.0,0.000234,0.0,0.018493,0.002575,0.004682,0.000936,0.0,0.000468,0.005852,0.00515,0.000702,0.0103,0.006788,0.000936,0.013811,0.01779,0.008895,0.006788,0.007022,0.009634,0.008427,0.026651,0.002809,0.001873,0.004213,0.019663,0.000936,0.003511,0.106976,0.012172,0.017557,0.017807,0.0103,0.007412,0.012172,0.0,0.012406,0.010534,0.005852,0.002107,1.0,0.003277,0.026919,0.009597,0.0,0.002341,0.00117,0.008903,0.013543,0.01779,0.000468,0.0,0.000468,0.000936,0.001404,0.018727,0.000234,0.0,0.012088,0.013361,0.038429,0.000234,0.000468,0.000234,0.000234,0.0,0.0,0.0,0.008895,0.00117,0.0,0.0,0.00117,0.004682,0.001404,0.000936,0.009597,0.0,0.0,0.012036,0.001404,0.000702,0.003745,0.0,0.0,0.000234,0.0,0.000234,0.0,0.0,0.000234,0.0,0.000234,0.0,0.00117,0.000702,0.0,0.002575,0.000936,0.000234,0.0,0.000234,0.0,0.0,0.000234,0.0,0.0,0.0,0.0,0.0,0.0,0.0,0.0,0.0,0.0,0.0,0.0,0.0,0.0,0.000234,0.0,0.0,0.000234,0.007257,0.028851,0.003745,0.015684,0.002809,0.007022,0.02177,0.0,0.000936,0.000468,0.004682,0.000234,0.00117,0.0,0.016312,0.0,0.000468,0.000234,0.000234,0.001873,0.019663,0.0,0.0,0.000936,0.0,0.000234,0.000468,0.000702,0.000468,0.000234,0.0,0.000468,0.001639,0.002341,0.00117,0.002341,0.000702,0.0,0.004916,0.0,0.000234,0.000702,0.000936,0.000468,0.000468,0.0,0.0,0.0,0.0,0.001404,0.000234,0.000936,0.004213,0.00117,0.0,0.005618,0.000234,0.000468,0.003979,0.001873,0.0,0.0,0.0,0.0,0.000234,0.0,0.002575,0.000234,0.0,0.0,0.00117,0.003979,0.0,0.000468,0.000234,0.002809,0.000234,0.00117,0.000234,0.0,0.0,0.0,0.002107,0.000936,0.000234,0.001639,0.0,0.000702,0.000936,0.001639,0.007725,0.00117,0.017939,0.000468,0.0,0.0,0.0,0.0
4753,0.0,0.0,0.0,0.0,0.004975,0.0,0.0,0.0,0.0,0.0,0.0,0.0,0.0,0.0,0.000623,0.0,0.0,0.0,0.0,0.0,0.0,0.00157,0.0,0.0,0.0,0.004902,0.0,0.0,0.0,0.0,0.0,0.0,0.0,0.0,0.0,0.0,0.000792,0.0,0.0,0.0,0.0,0.0,0.0,0.0,0.0,0.0,0.0,0.0,0.0,0.0,0.0,0.0,0.0,0.002375,0.0,0.0,0.0,0.0,0.0,0.0,0.0,0.0,0.0,0.0,0.0,0.0,0.0,0.0,0.0,0.0,0.0,0.0,0.0,0.0,0.022364,0.0,0.0,0.0,0.0,0.0,0.0,0.0,0.0,0.002882,0.0,0.0,0.002604,0.0,0.0,0.0,0.0,0.0,0.0,0.0,0.0,0.0,0.0,0.0,0.0,0.0,0.0,0.0,0.0,0.0,0.0,0.0,0.0,0.0,0.0,0.011765,0.011765,0.0,0.005882,0.0,0.005882,0.0,0.0,0.0,0.0,0.0,0.0,0.0,0.0,0.0,0.0,0.0,0.0,0.0,0.0,0.0,0.0,0.0,0.0,0.0,0.0,0.0,0.0,0.0,0.0,0.0,0.0,0.0,0.0,0.0,0.0,0.0,0.0,0.0,0.0,0.0,0.0,0.0,0.00565,0.0,0.0,0.0,0.0,0.0,0.0,0.005882,0.0,0.0,0.0,0.0,0.0,0.0,0.0,0.0,0.0,0.0,0.0,0.0,0.005882,0.0,0.0,0.0,0.0,0.005882,0.0,0.0,0.0,0.0,0.0,0.0,0.0,0.0,0.0,0.0,0.005882,0.0,0.0,0.0,0.0,0.0,0.0,0.0,0.0,0.00249,0.0,0.0,0.0,0.0,0.0,0.002364,0.003436,0.0,0.006803,0.001721,0.0,0.0,0.001185,0.001965,0.003,0.0,0.000296,0.002139,0.002352,0.001008,0.0,0.0,0.001238,0.002874,0.004484,0.005089,0.000489,0.002643,0.000311,0.001096,0.000315,0.000578,0.0,0.00047,0.000736,0.004511,0.008696,0.003277,1.0,0.004283,0.0,0.0,0.003891,0.004695,0.000685,0.000874,0.0,0.0,0.0,0.0,0.0,0.002941,0.000808,0.0,0.0,0.0,0.000216,9.9e-05,0.0,0.0,0.0,0.0,0.0,0.0,0.0,0.010558,0.0,0.0,0.0,0.0,0.0,0.0,0.0,0.000367,0.0,0.0,0.000565,0.0,0.0,0.000598,0.0,0.0,0.0,0.0,0.0,0.0,0.0,0.0,0.0,0.0,0.0,0.0,0.0,0.0,0.0,0.0,0.0,0.0,0.005882,0.0,0.0,0.0,0.0,0.0,0.0,0.0,0.0,0.0,0.0,0.0,0.0,0.0,0.0,0.0,0.0,0.0,0.0,0.0,0.0,0.0,0.000964,0.000782,0.000776,0.000368,0.0,0.000446,0.0,0.0,0.0,0.0,0.001404,0.0,0.01506,0.0,0.000777,0.0,0.0,0.0,0.0,0.0,0.001117,0.0,0.0,0.0,0.0,0.0,0.003472,0.0,0.0,0.0,0.0,0.0,0.002451,0.004175,0.0,0.0,0.0,0.0,0.0,0.0,0.0,0.0,0.0,0.0,0.0,0.0,0.0,0.0,0.0,0.0,0.0,0.0,0.0,0.0,0.0,0.0,0.0,0.0,0.00065,0.0,0.0,0.005882,0.0,0.0,0.0,0.0,0.0,0.0,0.0,0.0,0.0,0.000929,0.0,0.0,0.0,0.0,0.0,0.0,0.0,0.0,0.0,0.0,0.00129,0.0,0.0,0.0,0.0,0.011765,0.0,0.0053,0.000856,0.004525,0.000707,0.0,0.0,0.0,0.0,0.0
4759,0.000714,0.00464,0.000714,0.000357,0.000357,0.0,0.0,0.000714,0.0,0.002855,0.0,0.0,0.001071,0.001071,0.00464,0.000357,0.0,0.000357,0.007852,0.000357,0.000357,0.003926,0.000357,0.0,0.001784,0.000714,0.0,0.000357,0.0,0.0,0.000714,0.000357,0.0,0.0,0.0,0.0,0.002498,0.000357,0.0,0.000357,0.0,0.0,0.0,0.0,0.001071,0.000714,0.0,0.000357,0.0,0.001071,0.000357,0.001428,0.0,0.000714,0.000357,0.002498,0.000357,0.0,0.002855,0.000357,0.000357,0.0,0.000714,0.001428,0.000357,0.0,0.0,0.000714,0.002855,0.0,0.0,0.000357,0.0,0.0,0.001071,0.000357,0.000357,0.000714,0.005353,0.0,0.0,0.0,0.0,0.0,0.001428,0.0,0.002855,0.000714,0.001784,0.0,0.0,0.0,0.004996,0.001784,0.0,0.000357,0.001428,0.000714,0.0,0.000357,0.0,0.001071,0.001071,0.0,0.0,0.0,0.0,0.001071,0.000357,0.001071,0.001071,0.000714,0.000357,0.001071,0.000714,0.0,0.000357,0.000357,0.000357,0.000714,0.004283,0.0,0.000714,0.0,0.0,0.002855,0.001784,0.001071,0.0,0.000357,0.001071,0.000357,0.000357,0.0,0.0,0.0,0.001071,0.0,0.0,0.000357,0.000357,0.002141,0.002141,0.0,0.0,0.0,0.0,0.0,0.000357,0.0,0.0,0.0,0.003569,0.001428,0.0,0.000357,0.0,0.001784,0.000714,0.000714,0.000714,0.001428,0.0,0.000357,0.0,0.0,0.0,0.0,0.0,0.0,0.0,0.04354,0.0,0.0,0.000357,0.0,0.000714,0.000357,0.001071,0.000714,0.008208,0.000714,0.001071,0.000357,0.000357,0.0,0.0,0.0,0.0,0.0,0.000714,0.001071,0.000357,0.0,0.0,0.0,0.000357,0.008565,0.000357,0.001784,0.0,0.0,0.0,0.003212,0.002855,0.000714,0.005353,0.002855,0.006781,0.007409,0.018074,0.046752,0.008922,0.006781,0.0083,0.006781,0.054086,0.0207,0.010707,0.005353,0.046395,0.001071,0.001428,0.025445,0.012848,0.029828,0.009214,0.022127,0.00615,0.008379,0.001428,0.006424,0.047466,0.023911,0.006781,0.026919,0.004283,1.0,0.008922,0.0,0.003569,0.002855,0.013183,0.014198,0.014915,0.000357,0.0,0.001071,0.002855,0.003212,0.015621,0.0,0.0,0.004029,0.005675,0.007963,0.0,0.0,0.000357,0.0,0.0,0.0,0.0,0.017131,0.002141,0.0,0.000357,0.001071,0.002855,0.002855,0.001071,0.014632,0.0,0.0,0.009451,0.002141,0.001071,0.007852,0.000714,0.000714,0.0,0.000357,0.000357,0.0,0.0,0.0,0.000714,0.0,0.0,0.001428,0.003569,0.000357,0.002855,0.001428,0.001071,0.000714,0.001428,0.0,0.0,0.000357,0.0,0.000357,0.0,0.0,0.0,0.0,0.0,0.0,0.0,0.0,0.0,0.0,0.0,0.0,0.0,0.000357,0.0,0.0,0.008565,0.019468,0.003926,0.009636,0.004283,0.013562,0.013504,0.001071,0.001428,0.000357,0.007138,0.0,0.002498,0.000714,0.009632,0.001784,0.0,0.000714,0.0,0.001784,0.008208,0.000357,0.0,0.0,0.0,0.001428,0.000714,0.001071,0.002141,0.001784,0.0,0.000357,0.001428,0.002855,0.000357,0.001784,0.003926,0.0,0.004283,0.000714,0.000357,0.000357,0.000357,0.0,0.001071,0.0,0.0,0.0,0.0,0.000357,0.0,0.000357,0.003926,0.001428,0.0,0.011064,0.0,0.000714,0.006502,0.004996,0.0,0.000357,0.0,0.001071,0.0,0.001071,0.003926,0.000357,0.0,0.000357,0.000714,0.00464,0.0,0.001071,0.000357,0.00464,0.000357,0.000357,0.0,0.0,0.0,0.0,0.005353,0.003926,0.003569,0.012134,0.0,0.003926,0.001428,0.001784,0.007852,0.001428,0.009456,0.0,0.0,0.0,0.0,0.0
4761,0.000912,0.00365,0.000456,0.001369,0.000456,0.0,0.0,0.000456,0.0,0.00365,0.000912,0.0,0.000912,0.0,0.007755,0.000912,0.000912,0.001825,0.005566,0.0,0.0,0.000456,0.001825,0.000456,0.000456,0.000456,0.0,0.000456,0.0,0.0,0.0,0.000456,0.0,0.0,0.001825,0.000912,0.000912,0.0,0.0,0.0,0.0,0.000456,0.0,0.0,0.000456,0.000912,0.0,0.0,0.0,0.0,0.0,0.000912,0.000456,0.0,0.0,0.000912,0.0,0.0,0.006387,0.000456,0.000456,0.0,0.001825,0.001369,0.0,0.0,0.0,0.0,0.001825,0.0,0.0,0.0,0.000456,0.0,0.000912,0.0,0.0,0.0,0.006415,0.0,0.0,0.0,0.0,0.000456,0.0,0.0,0.001369,0.0,0.0,0.0,0.001369,0.002281,0.012774,0.015967,0.000912,0.000456,0.0,0.0,0.0,0.0,0.000456,0.001369,0.0,0.0,0.000456,0.0,0.0,0.0,0.0,0.000456,0.0,0.000456,0.0,0.0,0.0,0.0,0.0,0.000456,0.0,0.0,0.001825,0.0,0.0,0.0,0.0,0.001369,0.000456,0.0,0.0,0.0,0.0,0.0,0.0,0.0,0.0,0.0,0.0,0.0,0.0,0.0,0.0,0.000456,0.000456,0.000456,0.0,0.0,0.0,0.0,0.0,0.0,0.0,0.0,0.000456,0.0,0.0,0.0,0.000456,0.0,0.0,0.0,0.000456,0.0,0.0,0.0,0.0,0.000456,0.0,0.0,0.0,0.0,0.0,0.00365,0.000912,0.000456,0.0,0.0,0.0,0.0,0.003193,0.000456,0.000912,0.0,0.0,0.000456,0.0,0.0,0.0,0.0,0.0,0.000912,0.000456,0.0,0.0,0.000456,0.0,0.000456,0.0,0.007299,0.001825,0.000456,0.0,0.0,0.000912,0.004562,0.001825,0.0,0.005018,0.001369,0.000456,0.007409,0.003852,0.005931,0.002737,0.002534,0.004446,0.007274,0.023712,0.016423,0.004106,0.0,0.011556,0.0,0.000456,0.006107,0.005018,0.02794,0.015219,0.027047,0.005993,0.015891,0.0,0.005474,0.021347,0.005931,0.001825,0.009597,0.0,0.008922,1.0,0.000456,0.001825,0.003193,0.008903,0.014417,0.012509,0.001825,0.002281,0.003193,0.001369,0.001825,0.016429,0.0,0.0,0.005128,0.008189,0.004056,0.0,0.000456,0.000456,0.0,0.0,0.000456,0.0,0.002737,0.003193,0.0,0.0,0.0,0.005018,0.001369,0.001369,0.009171,0.0,0.000912,0.011874,0.005018,0.004106,0.007299,0.001825,0.002281,0.000456,0.0,0.000912,0.0,0.0,0.0,0.0,0.000912,0.0,0.001825,0.002281,0.0,0.017336,0.001825,0.000912,0.000456,0.002281,0.0,0.0,0.0,0.0,0.0,0.0,0.0,0.0,0.0,0.0,0.0,0.0,0.0,0.0,0.0,0.0,0.0,0.0,0.0,0.0,0.0,0.002737,0.01165,0.006387,0.032721,0.001825,0.008029,0.007818,0.0,0.000456,0.002737,0.014142,0.0,0.000912,0.001369,0.011962,0.000456,0.000912,0.000456,0.000912,0.002281,0.01825,0.000456,0.000456,0.0,0.0,0.000912,0.000912,0.001825,0.0,0.000912,0.0,0.0,0.00365,0.001369,0.001369,0.00365,0.017336,0.0,0.005931,0.0,0.0,0.0,0.001369,0.000912,0.000456,0.0,0.0,0.0,0.000456,0.009124,0.005018,0.000456,0.005018,0.000912,0.001369,0.022354,0.001825,0.000912,0.004551,0.004106,0.0,0.000456,0.001825,0.002281,0.001369,0.002281,0.004562,0.000456,0.0,0.0,0.0,0.00365,0.0,0.000456,0.000456,0.002737,0.0,0.0,0.0,0.00958,0.0,0.000912,0.008668,0.00365,0.000456,0.001825,0.000456,0.000912,0.001369,0.003193,0.009846,0.000912,0.010781,0.000912,0.0,0.0,0.0,0.0
4762,0.0,0.0,0.0,0.0,0.0,0.0,0.0,0.0,0.0,0.0,0.0,0.0,0.0,0.0,0.0,0.0,0.0,0.0,0.0,0.0,0.0,0.0,0.0,0.0,0.0,0.0,0.0,0.0,0.0,0.0,0.0,0.0,0.0,0.0,0.0,0.0,0.0,0.0,0.0,0.0,0.0,0.0,0.0,0.0,0.0,0.0,0.0,0.0,0.0,0.0,0.0,0.0,0.0,0.0,0.0,0.0,0.0,0.0,0.0,0.0,0.0,0.0,0.0,0.0,0.0,0.0,0.0,0.0,0.0,0.0,0.0,0.0,0.0,0.0,0.0,0.0,0.0,0.0,0.0,0.0,0.0,0.0,0.0,0.0,0.0,0.0,0.0,0.0,0.0,0.0,0.0,0.0,0.0,0.0,0.0,0.0,0.0,0.0,0.0,0.0,0.0,0.0,0.0,0.0,0.0,0.0,0.0,0.0,0.0,0.0,0.0,0.0,0.0,0.0,0.0,0.0,0.0,0.0,0.0,0.0,0.0,0.0,0.0,0.0,0.0,0.0,0.0,0.0,0.0,0.0,0.0,0.0,0.0,0.0,0.0,0.0,0.0,0.0,0.0,0.0,0.0,0.0,0.0,0.0,0.0,0.0,0.0,0.0,0.0,0.0,0.0,0.0,0.0,0.0,0.0,0.0,0.0,0.0,0.0,0.0,0.0,0.0,0.0,0.0,0.0,0.0,0.0,0.0,0.0,0.0,0.0,0.0,0.0,0.0,0.0,0.0,0.0,0.0,0.0,0.0,0.0,0.0,0.0,0.0,0.0,0.0,0.0,0.0,0.0,0.0,0.0,0.0,0.0,0.0,0.0,0.0,0.0,0.0,0.0,0.0,0.0,0.0,0.0,0.0,0.0,0.0,0.0,0.0,0.0,0.0,0.000296,0.0,0.0,0.0,0.0,0.0,0.0,0.0,0.0,0.0,0.0,0.0,0.0,0.0,0.0,0.0,0.000104,0.0,0.0,0.0,0.0,0.0,0.000368,0.0,0.0,0.0,0.0,0.0,0.000456,1.0,0.0,0.0,0.0,0.0,0.0,0.0,0.0,0.0,0.0,0.0,0.0,0.0,0.0,0.0,0.0,0.0,0.0,0.0,0.0,0.0,0.0,0.0,0.0,0.0,0.0,0.0,0.0,0.0,0.0,0.0,0.0,0.0,0.0,0.0,8.1e-05,0.0,0.0,0.0,0.0,0.0,0.0,0.0,0.0,0.0,0.0,0.0,0.0,0.0,0.0,0.0,0.0,0.0,0.0,0.0,0.0,0.0,0.0,0.0,0.0,0.0,0.0,0.0,0.0,0.0,0.0,0.0,0.0,0.0,0.0,0.0,0.0,0.0,0.0,0.0,0.0,0.0,0.0,0.0,0.0,0.0,0.0,0.0,0.0,0.0,0.0,0.0,0.0,0.0,0.0,0.0,0.0,0.0,0.0,0.0,0.0,0.0,0.0,0.0,0.0,0.0,0.0,0.0,0.0,0.0,0.0,0.0,0.0,0.0,0.0,0.0,0.0,0.0,0.0,0.0,0.0,0.0,0.0,0.0,0.0,0.0,0.0,0.0,0.0,0.0,0.0,0.0,0.0,0.0,0.0,0.0,0.0,0.0,0.0,0.0,0.0,0.0,0.0,0.0,0.0,0.0,0.0,0.0,0.0,0.0,0.0,0.0,0.0,0.0,0.0,0.0,0.0,0.0,0.0,0.0,0.0,0.0,0.0,0.0,0.0,0.0,0.0,0.0,0.0,0.0,0.0,0.0,0.0,0.0,0.0,0.0,0.0,0.0,0.0,0.0,0.0,0.0
4763,0.0,0.0,0.0,0.0,0.0,0.0,0.0,0.0,0.0,0.00055,0.0,0.0,0.003831,0.0,0.0,0.003891,0.0,0.0,0.000742,0.0,0.0,0.0,0.0,0.0,0.0,0.0,0.0,0.0,0.0,0.0,0.0,0.0,0.0,0.0,0.01476,0.0,0.000792,0.0,0.0,0.0,0.0,0.0,0.0,0.0,0.0,0.0,0.0,0.0,0.0,0.003891,0.0,0.0,0.0,0.0,0.0,0.0,0.0,0.0,0.0,0.0,0.0,0.0,0.0,0.0,0.0,0.0,0.0,0.0,0.005051,0.0,0.0,0.0,0.0,0.0,0.00639,0.0,0.0,0.0,0.003208,0.0,0.0,0.0,0.0,0.002882,0.003891,0.0,0.0,0.0,0.0,0.0,0.0,0.0,0.001508,0.0,0.0,0.003891,0.0,0.0,0.0,0.0,0.0,0.0,0.0,0.0,0.0,0.0,0.003891,0.003891,0.0,0.0,0.0,0.0,0.0,0.0,0.0,0.0,0.003891,0.0,0.0,0.0,0.003058,0.003891,0.0,0.0,0.0,0.0,0.0,0.0,0.0,0.0,0.0,0.003891,0.0,0.0,0.0,0.0,0.0,0.0,0.003891,0.0,0.0,0.0,0.0,0.0,0.003891,0.0,0.003891,0.0,0.0,0.0,0.0,0.0,0.003891,0.0,0.0,0.0,0.003891,0.0,0.0,0.003891,0.0,0.0,0.0,0.003891,0.0,0.0,0.0,0.0,0.0,0.0,0.0,0.003992,0.0,0.0,0.0,0.011673,0.0,0.003891,0.0,0.0,0.0,0.0,0.0,0.011673,0.0,0.0,0.0,0.003891,0.003891,0.0,0.0,0.0,0.0,0.0,0.0,0.0,0.0,0.000996,0.0,0.0,0.0,0.0,0.0,0.0,0.0,0.0,0.001701,0.0,0.00155,0.0,0.002963,0.02554,0.002,0.001267,0.001037,0.006418,0.005487,0.004032,0.0,0.003175,0.003302,0.0,0.0,0.001527,0.0,0.002077,0.000932,0.001096,0.000946,0.001734,0.0,0.001881,0.002944,0.004511,0.002174,0.002341,0.003891,0.003569,0.001825,0.0,1.0,0.0,0.003082,0.001966,0.001443,0.003891,0.003891,0.001764,0.003891,0.008824,0.001616,0.0,0.0,0.000183,0.000575,0.000346,0.0,0.0,0.003891,0.0,0.0,0.0,0.0,0.006033,0.003953,0.0,0.0,0.0,0.0,0.0,0.0,0.000734,0.0,0.0,0.001131,0.001127,0.0,0.0,0.0,0.0,0.0,0.0,0.0,0.0,0.0,0.0,0.0,0.003891,0.0,0.003509,0.003521,0.0,0.001258,0.006231,0.0,0.003891,0.0,0.0,0.0,0.0,0.0,0.0,0.0,0.0,0.0,0.0,0.0,0.0,0.0,0.0,0.0,0.0,0.0,0.0,0.0,0.0,0.0,0.0,0.001929,0.00172,0.002329,0.002206,0.000794,0.000892,0.002132,0.0,0.0,0.0,0.001404,0.0,0.0,0.003891,0.000932,0.0,0.0,0.007782,0.0,0.0,0.000372,0.0,0.0,0.0,0.0,0.003497,0.003472,0.0,0.0,0.0,0.0,0.0,0.0,0.0,0.0,0.002037,0.0,0.0,0.003279,0.003891,0.003891,0.0,0.0,0.0,0.0,0.0,0.0,0.0,0.0,0.0,0.0,0.003891,0.001497,0.007782,0.0,0.0,0.0,0.0,0.0,0.0,0.0,0.0,0.0,0.0,0.0,0.0,0.0,0.0,0.0,0.0,0.0,0.010223,0.0,0.013029,0.0,0.002994,0.0,0.0,0.0,0.0,0.0,0.0,0.00129,0.002375,0.003891,0.002882,0.0,0.0,0.027237,0.001767,0.000856,0.0,0.000795,0.0,0.0,0.0,0.0,0.0
4764,0.0,0.0,0.0,0.0,0.0,0.0,0.0,0.0,0.0,0.00055,0.0,0.0,0.0,0.001605,0.000623,0.0,0.0,0.0,0.0,0.0,0.0,0.0,0.0,0.0,0.0,0.004695,0.0,0.0,0.0,0.0,0.0,0.0,0.0,0.0,0.0,0.0,0.0,0.0,0.0,0.0,0.0,0.0,0.0,0.0,0.0,0.0,0.0,0.0,0.0,0.0,0.0,0.0,0.0,0.0,0.0,0.0,0.0,0.0,0.0013,0.0,0.0,0.0,0.0,0.002381,0.0,0.0,0.0,0.0,0.0,0.0,0.0,0.0,0.0,0.0,0.0,0.0,0.0,0.004695,0.0,0.0,0.0,0.0,0.004695,0.0,0.0,0.0,0.002604,0.0,0.0,0.0,0.0,0.0,0.0,0.0,0.0,0.0,0.0,0.0,0.0,0.0,0.0,0.0,0.0,0.0,0.0,0.0,0.0,0.0,0.0,0.0,0.0,0.0,0.0,0.0,0.0,0.0,0.0,0.0,0.0,0.0,0.0,0.0,0.0,0.0,0.0,0.0,0.0,0.0,0.0,0.0,0.0,0.0,0.0,0.0,0.0,0.0,0.0,0.0,0.0,0.0,0.0,0.0,0.0,0.0,0.0,0.0,0.0,0.0,0.0,0.0,0.0,0.0,0.0,0.0,0.0,0.0,0.0,0.0,0.0,0.0,0.0,0.0,0.0,0.0,0.0,0.0,0.0,0.0,0.0,0.0,0.0,0.0,0.0,0.0,0.0,0.0,0.018779,0.0,0.0,0.0,0.0,0.0,0.0,0.0,0.0,0.0,0.0,0.0,0.0,0.0,0.0,0.004695,0.0,0.0,0.0,0.0,0.0,0.000996,0.0,0.001946,0.0,0.0,0.0,0.0,0.0,0.0,0.0,0.0,0.003101,0.000265,0.000889,0.002947,0.002,0.0,0.000741,0.002567,0.004507,0.002016,0.003839,0.003175,0.000413,0.0,0.0,0.000509,0.000978,0.00472,0.001242,0.009503,0.001104,0.000867,0.0,0.0,0.004785,0.006015,0.004348,0.00117,0.004695,0.002855,0.003193,0.0,0.0,1.0,0.001883,0.001966,0.002646,0.0,0.0,0.003527,0.018779,0.002941,0.000269,0.0,0.0,0.000183,0.000287,0.000198,0.0,0.0,0.0,0.0,0.0,0.0,0.0,0.006033,0.0,0.0,0.0,0.004695,0.000944,0.0,0.0,0.001834,0.0,0.0,0.001292,0.001127,0.0,0.000598,0.0,0.0,0.0,0.0,0.0,0.0,0.0,0.004695,0.0,0.0,0.0,0.0,0.0,0.0,0.0,0.0,0.0,0.0,0.0,0.0,0.0,0.0,0.0,0.0,0.0,0.0,0.0,0.0,0.0,0.0,0.0,0.0,0.0,0.0,0.0,0.0,0.0,0.0,0.0,0.0,0.002893,0.001486,0.000776,0.000735,0.0,0.000446,0.000711,0.0,0.0,0.0,0.000702,0.0,0.0,0.0,0.001087,0.003226,0.004695,0.0,0.0,0.002353,0.000372,0.0,0.0,0.0,0.0,0.0,0.0,0.0,0.0,0.0,0.0,0.0,0.0,0.0,0.0,0.0,0.0,0.0,0.003279,0.004695,0.0,0.0,0.0,0.0,0.0,0.0,0.0,0.0,0.0,0.0,0.0,0.0,0.0,0.0,0.0,0.000471,0.0,0.0,0.000325,0.001592,0.0,0.0,0.0,0.0,0.0,0.0,0.001208,0.0,0.0,0.0,0.0,0.003717,0.0,0.0,0.00939,0.002994,0.0,0.0,0.0,0.0,0.0,0.0,0.002581,0.002375,0.0,0.0,0.0,0.0,0.0,0.003534,0.000428,0.0,0.00053,0.0,0.0,0.0,0.0,0.0
4771,0.001027,0.001541,0.001198,0.000514,0.000685,0.000171,0.000171,0.000171,0.000342,0.00291,0.000342,0.000171,0.000856,0.001027,0.006335,0.000171,0.0,0.000685,0.00428,0.0,0.000171,0.001712,0.001198,0.000342,0.000514,0.0,0.0,0.000171,0.0,0.0,0.000171,0.000171,0.0,0.000171,0.000856,0.0,0.002397,0.000685,0.0,0.0,0.0,0.0,0.0,0.0,0.000171,0.0,0.0,0.0,0.0,0.0,0.0,0.000514,0.0,0.001198,0.000171,0.000685,0.000342,0.0,0.003595,0.0,0.000685,0.0,0.000856,0.000514,0.0,0.000171,0.0,0.0,0.000342,0.0,0.000171,0.001712,0.002226,0.000856,0.003424,0.0,0.0,0.002226,0.0981,0.000685,0.000514,0.000685,0.00428,0.025167,0.0,0.0,0.000342,0.0,0.000342,0.0,0.0,0.000171,0.001541,0.00137,0.0,0.0,0.0,0.0,0.000171,0.000171,0.0,0.000856,0.000342,0.000171,0.0,0.0,0.000514,0.000171,0.000171,0.0,0.000171,0.000171,0.0,0.000342,0.0,0.0,0.000171,0.0,0.0,0.0,0.00137,0.0,0.0,0.0,0.000171,0.001027,0.000171,0.0,0.0,0.0,0.0,0.0,0.0,0.0,0.0,0.000342,0.0,0.0,0.0,0.0,0.0,0.000342,0.0,0.0,0.0,0.0,0.0,0.0,0.0,0.0,0.0,0.0,0.0,0.0,0.0,0.0,0.0,0.0,0.0,0.0,0.0,0.000171,0.0,0.0,0.0,0.0,0.0,0.0,0.0,0.0,0.0,0.00137,0.000342,0.000514,0.000171,0.0,0.000342,0.000342,0.006163,0.0,0.001198,0.000171,0.000342,0.000171,0.000171,0.0,0.0,0.0,0.0,0.0,0.0,0.000342,0.0,0.0,0.0,0.0,0.0,0.003766,0.000685,0.000514,0.0,0.0,0.000171,0.002054,0.000342,0.0,0.001027,0.000856,0.003082,0.009245,0.010615,0.005307,0.006335,0.004622,0.013487,0.100668,0.025338,0.001883,0.00137,0.000685,0.006848,0.000514,0.000171,0.008903,0.006163,0.040062,0.033544,0.037665,0.013563,0.01558,0.000171,0.00291,0.016093,0.004794,0.008389,0.008903,0.000685,0.013183,0.008903,0.0,0.003082,0.001883,1.0,0.027735,0.017976,0.001198,0.000856,0.027393,0.001027,0.002397,0.01986,0.0,0.0,0.011984,0.025357,0.00821,0.0,0.000171,0.0,0.0,0.0,0.0,0.0,0.00291,0.001198,0.000171,0.0,0.000342,0.002054,0.000685,0.000342,0.015408,0.0,0.0,0.029483,0.002226,0.000856,0.007019,0.0,0.0,0.000171,0.000171,0.0,0.0,0.0,0.000171,0.000342,0.001027,0.0,0.000514,0.000856,0.000342,0.002054,0.000514,0.000171,0.000342,0.000856,0.0,0.000171,0.0,0.0,0.0,0.0,0.0,0.0,0.0,0.0,0.0,0.0,0.0,0.0,0.0,0.0,0.0,0.0,0.000171,0.000342,0.0,0.003424,0.040657,0.00565,0.010786,0.003253,0.006506,0.003253,0.0,0.000342,0.001027,0.00565,0.001027,0.002397,0.000514,0.02206,0.000685,0.000514,0.000514,0.000685,0.003424,0.00565,0.000171,0.0,0.0,0.0,0.000171,0.000685,0.000514,0.000342,0.000171,0.000171,0.000171,0.002397,0.001198,0.000685,0.002739,0.000856,0.0,0.00565,0.000171,0.000856,0.0,0.000685,0.000342,0.0,0.0,0.0,0.0,0.0,0.002568,0.000342,0.000342,0.004965,0.000514,0.000685,0.005821,0.000171,0.0,0.004622,0.001883,0.000342,0.000342,0.0,0.000171,0.000342,0.001541,0.004965,0.0,0.0,0.0,0.001712,0.006506,0.000171,0.001027,0.000171,0.003424,0.0,0.000342,0.0,0.000342,0.0,0.000171,0.001712,0.001541,0.000171,0.000685,0.001198,0.000342,0.001883,0.002226,0.016093,0.000856,0.025009,0.000342,0.000171,0.0,0.0,0.0
4772,0.001311,0.002403,0.000655,0.001747,0.000437,0.000218,0.000218,0.000874,0.0,0.00415,0.000218,0.0,0.000218,0.000874,0.006116,0.000218,0.0,0.000437,0.010922,0.0,0.0,0.002621,0.003058,0.000437,0.001311,0.000655,0.0,0.000655,0.000218,0.0,0.000655,0.0,0.0,0.0,0.000655,0.0,0.001311,0.000218,0.0,0.0,0.0,0.000218,0.000218,0.0,0.0,0.000218,0.0,0.0,0.0,0.0,0.0,0.000655,0.000218,0.001966,0.000218,0.001747,0.001092,0.0,0.003277,0.000655,0.000218,0.0,0.000218,0.003058,0.001092,0.000218,0.0,0.0,0.001966,0.0,0.0,0.0,0.0,0.0,0.001092,0.0,0.0,0.000437,0.006116,0.0,0.000218,0.0,0.0,0.000874,0.000218,0.0,0.001092,0.000218,0.000437,0.0,0.0,0.000655,0.001747,0.002403,0.000218,0.000218,0.000437,0.000218,0.0,0.000218,0.0,0.007645,0.000218,0.0,0.004587,0.000218,0.0,0.000218,0.000218,0.0,0.0,0.001092,0.0,0.001311,0.0,0.000218,0.0,0.0,0.0,0.0,0.000437,0.0,0.0,0.0,0.0,0.000437,0.000218,0.0,0.0,0.0,0.0,0.0,0.0,0.0,0.0,0.0,0.000655,0.0,0.0,0.0,0.0,0.0,0.0,0.000437,0.000218,0.0,0.0,0.0,0.0,0.0,0.0,0.0,0.000437,0.000218,0.0,0.0,0.0,0.000218,0.0,0.000437,0.0,0.0,0.0,0.000218,0.0,0.000218,0.0,0.0,0.0,0.0,0.0,0.001311,0.000218,0.000218,0.0,0.0,0.000218,0.000874,0.001311,0.000437,0.000437,0.001092,0.000218,0.0,0.0,0.000218,0.000437,0.0,0.0,0.000437,0.0,0.000218,0.0,0.0,0.000218,0.0,0.0,0.00284,0.000437,0.001092,0.0,0.0,0.000874,0.000874,0.000437,0.0,0.000655,0.001529,0.002184,0.00699,0.00699,0.002621,0.006772,0.00983,0.014377,0.008956,0.104252,0.003058,0.002184,0.001092,0.016601,0.000437,0.0,0.007208,0.012669,0.049273,0.024951,0.031236,0.021448,0.021188,0.000218,0.008082,0.011577,0.004369,0.001747,0.013543,0.000874,0.014198,0.014417,0.0,0.001966,0.001966,0.027735,1.0,0.031236,0.000218,0.000437,0.000874,0.000655,0.001311,0.045653,0.0,0.0,0.005495,0.011062,0.006677,0.0,0.000218,0.0,0.0,0.0,0.000437,0.0,0.006772,0.001092,0.0,0.000218,0.000655,0.003277,0.002403,0.001747,0.012451,0.0,0.000218,0.014943,0.00415,0.002403,0.00415,0.000218,0.000218,0.0,0.0,0.000655,0.0,0.0,0.000437,0.0,0.001092,0.0,0.000655,0.000655,0.0,0.00284,0.000437,0.000437,0.0,0.000655,0.000437,0.0,0.0,0.0,0.000218,0.0,0.000218,0.0,0.0,0.0,0.0,0.000218,0.0,0.0,0.000218,0.0,0.0,0.000218,0.000218,0.000218,0.0,0.005679,0.029007,0.006553,0.017038,0.004587,0.008737,0.008301,0.000655,0.001966,0.000437,0.009174,0.000655,0.001311,0.001092,0.034643,0.015072,0.000874,0.000437,0.0,0.001311,0.008301,0.000437,0.000218,0.0,0.000218,0.000218,0.000655,0.001311,0.0,0.000655,0.0,0.0,0.001311,0.001747,0.000218,0.00284,0.000874,0.000437,0.005024,0.001092,0.001311,0.002184,0.001529,0.002621,0.000437,0.0,0.0,0.0,0.0,0.000874,0.001092,0.001092,0.009174,0.000655,0.0,0.010485,0.000218,0.013106,0.078855,0.042377,0.001311,0.000218,0.000437,0.002184,0.000874,0.002184,0.003495,0.000218,0.0,0.000218,0.000874,0.003932,0.0,0.000655,0.000437,0.002184,0.000437,0.000437,0.000437,0.000874,0.0,0.000655,0.001966,0.002403,0.000437,0.001311,0.0,0.0,0.000437,0.003277,0.031018,0.001529,0.028809,0.0,0.000437,0.0,0.000655,0.0
4773,0.000722,0.005292,0.003127,0.001203,0.000722,0.0,0.000241,0.003608,0.0,0.009863,0.000481,0.000241,0.001684,0.002646,0.006976,0.000481,0.000962,0.00433,0.014193,0.000241,0.0,0.005292,0.005292,0.000722,0.003608,0.001924,0.000241,0.001443,0.000962,0.0,0.000481,0.000241,0.0,0.0,0.0,0.000241,0.011066,0.000241,0.0,0.0,0.0,0.0,0.0,0.0,0.000722,0.000722,0.000241,0.000241,0.0,0.0,0.0,0.002406,0.000481,0.001443,0.000481,0.001924,0.002165,0.0,0.005052,0.000722,0.000481,0.0,0.0,0.001684,0.001924,0.000722,0.000241,0.000241,0.003127,0.0,0.0,0.0,0.000241,0.0,0.000241,0.0,0.0,0.0,0.006495,0.0,0.0,0.0,0.000722,0.000481,0.001443,0.0,0.000722,0.000481,0.000241,0.000722,0.000241,0.0,0.003127,0.001924,0.0,0.000241,0.0,0.001924,0.000241,0.001924,0.0,0.001684,0.001203,0.0,0.000481,0.0,0.0,0.000481,0.000722,0.0,0.000241,0.001924,0.000241,0.0,0.000241,0.0,0.0,0.000481,0.0,0.000241,0.000481,0.0,0.0,0.000481,0.0,0.000241,0.000241,0.0,0.0,0.0,0.0,0.0,0.000241,0.0,0.0,0.003608,0.0,0.0,0.0,0.0,0.0,0.0,0.000241,0.000241,0.0,0.0,0.0,0.0,0.0,0.0,0.0,0.000241,0.0,0.0,0.0,0.0,0.000241,0.0,0.0,0.000241,0.0,0.000241,0.0,0.0,0.0,0.0,0.0,0.0,0.0,0.0,0.0,0.002406,0.005052,0.002406,0.0,0.0,0.000481,0.002887,0.003368,0.000241,0.000962,0.000722,0.000481,0.0,0.0,0.000241,0.0,0.003849,0.000241,0.000481,0.0,0.000481,0.0,0.0,0.0,0.000241,0.0,0.003127,0.000241,0.000962,0.0,0.000241,0.0,0.002406,0.000481,0.0,0.000962,0.000722,0.001203,0.006976,0.00433,0.002165,0.003608,0.03031,0.020898,0.007938,0.044484,0.002646,0.001684,0.004089,0.007698,0.006976,0.002165,0.015155,0.034159,0.028507,0.022259,0.02574,0.018136,0.01732,0.000241,0.004571,0.009141,0.004571,0.001684,0.01779,0.0,0.014915,0.012509,0.0,0.001443,0.002646,0.017976,0.031236,1.0,0.001684,0.000241,0.002165,0.000481,0.000962,0.021891,0.0,0.0,0.010256,0.012284,0.043128,0.0,0.0,0.000722,0.0,0.0,0.0,0.0,0.005052,0.005773,0.0,0.0,0.000241,0.004571,0.000722,0.000962,0.013952,0.0,0.000241,0.015913,0.00433,0.001684,0.006255,0.0,0.000241,0.000241,0.000481,0.000962,0.0,0.0,0.0,0.0,0.0,0.0,0.000241,0.000241,0.0,0.003368,0.0,0.000241,0.000241,0.000481,0.0,0.000241,0.000241,0.0,0.0,0.0,0.0,0.0,0.0,0.0,0.0,0.0,0.0,0.0,0.0,0.0,0.0,0.0,0.000241,0.0,0.0,0.003849,0.020954,0.005052,0.014915,0.003368,0.006014,0.00433,0.001203,0.001924,0.000722,0.006014,0.000722,0.001443,0.001684,0.019264,0.007938,0.000241,0.000481,0.000722,0.001684,0.010344,0.000241,0.0,0.000722,0.0,0.001684,0.001684,0.000962,0.000241,0.000481,0.0,0.000241,0.001924,0.001924,0.002887,0.001203,0.001684,0.0,0.007457,0.000722,0.001203,0.000241,0.000722,0.000481,0.000481,0.0,0.0,0.0,0.0,0.001443,0.000481,0.000481,0.002406,0.000722,0.0,0.005773,0.000481,0.000962,0.011547,0.019245,0.000481,0.000481,0.000241,0.000722,0.0,0.001203,0.003608,0.0,0.000481,0.000241,0.002165,0.005773,0.0,0.000241,0.0,0.001684,0.000241,0.000481,0.000722,0.001924,0.0,0.000722,0.001924,0.003127,0.000241,0.000962,0.0,0.0,0.003849,0.002406,0.007698,0.003127,0.019353,0.000481,0.000241,0.0,0.000241,0.0
4774,0.0,0.0,0.0,0.0,0.0,0.0,0.0,0.0,0.0,0.0,0.0,0.0,0.0,0.0,0.0,0.0,0.0,0.0,0.0,0.0,0.0,0.0,0.0,0.0,0.001845,0.0,0.0,0.0,0.0,0.0,0.0,0.0,0.0,0.0,0.0,0.0,0.0,0.0,0.0,0.0,0.0,0.0,0.0,0.0,0.0,0.0,0.0,0.0,0.0,0.0,0.0,0.0,0.0,0.0,0.0,0.0,0.0,0.0,0.0,0.0,0.0,0.0,0.0,0.0,0.0,0.0,0.0,0.0,0.0,0.0,0.0,0.0,0.0,0.0,0.0,0.0,0.0,0.0,0.0,0.0,0.0,0.0,0.0,0.0,0.0,0.0,0.0,0.0,0.0,0.0,0.0,0.0,0.0,0.0,0.0,0.0,0.0,0.013158,0.0,0.0,0.0,0.0,0.0,0.0,0.0,0.0,0.0,0.0,0.0,0.0,0.0,0.0,0.0,0.0,0.0,0.0,0.0,0.0,0.0,0.0,0.0,0.0,0.0,0.0,0.0,0.0,0.0,0.0,0.0,0.0,0.0,0.0,0.0,0.0,0.0,0.0,0.0,0.0,0.0,0.0,0.0,0.0,0.0,0.013158,0.0,0.0,0.0,0.0,0.0,0.0,0.0,0.0,0.0,0.0,0.0,0.0,0.0,0.0,0.0,0.0,0.0,0.0,0.0,0.0,0.0,0.0,0.0,0.0,0.0,0.0,0.0,0.0,0.0,0.0,0.0,0.0,0.0,0.0,0.0,0.0,0.0,0.0,0.004545,0.0,0.0,0.0,0.0,0.0,0.0,0.0,0.0,0.0,0.0,0.0,0.0,0.0,0.0,0.0,0.0,0.0,0.0,0.0,0.0,0.001182,0.003436,0.0,0.0,0.0,0.0,0.000529,0.001481,0.0,0.0,0.0,0.000148,0.000428,0.001764,0.001008,0.003839,0.0,0.0,0.0,0.0,0.000254,0.000489,0.000189,0.000104,0.001462,0.000158,0.0,0.0,0.0,0.001104,0.0,0.0,0.000468,0.0,0.000357,0.001825,0.0,0.003891,0.0,0.001198,0.000218,0.001684,1.0,0.0,0.001764,0.0,0.0,0.000539,0.0,0.0,0.000183,7.2e-05,9.9e-05,0.0,0.0,0.0,0.0,0.0,0.0,0.0,0.001508,0.0,0.0,0.0,0.0,0.0,0.0,0.0,0.000734,0.0,0.0,0.000242,0.0,0.0,0.0,0.0,0.0,0.0,0.0,0.0,0.0,0.0,0.0,0.010309,0.0,0.0,0.0,0.003521,0.0,0.0,0.0,0.0,0.0,0.0,0.0,0.0,0.0,0.0,0.0,0.0,0.0,0.0,0.0,0.0,0.0,0.0,0.0,0.0,0.0,0.0,0.0,0.0,0.0,0.0,0.0,0.000964,0.000625,0.0,0.0,0.0,0.0,0.000355,0.0,0.0,0.0,0.001404,0.0,0.0,0.0,0.000155,0.0,0.0,0.0,0.0,0.0,0.000745,0.0,0.0,0.0,0.0,0.0,0.0,0.0,0.0,0.0,0.0,0.013158,0.002451,0.0,0.0,0.002037,0.0,0.0,0.00082,0.0,0.0,0.0,0.003425,0.0,0.0,0.0,0.0,0.0,0.0,0.0,0.0,0.0,0.0,0.004587,0.0,0.000941,0.0,0.0,0.0,0.0,0.0,0.0,0.0,0.006757,0.01087,0.0,0.0,0.0,0.0,0.0,0.002967,0.000929,0.0,0.0,0.0,0.001497,0.0,0.0,0.0,0.0,0.0,0.0,0.0,0.0,0.0,0.0,0.0,0.0,0.017778,0.0,0.0,0.0,0.000442,0.0,0.0,0.0,0.0,0.0
4781,0.0,0.0,0.0,0.0,0.0,0.0,0.0,0.0,0.0,0.00055,0.0,0.0,0.0,0.0,0.001247,0.0,0.0,0.0,0.000371,0.0,0.0,0.0,0.0,0.0,0.0,0.0,0.0,0.0,0.0,0.0,0.0,0.0,0.0,0.0,0.0,0.0,0.0,0.0,0.0,0.0,0.0,0.009174,0.0,0.0,0.0,0.0,0.0,0.0,0.0,0.0,0.0,0.002481,0.0,0.002375,0.0,0.0,0.004695,0.0,0.00065,0.009174,0.0,0.0,0.003356,0.007143,0.0,0.0,0.0,0.0,0.0,0.0,0.0,0.0,0.0,0.0,0.0,0.0,0.0,0.0,0.000401,0.0,0.0,0.0,0.0,0.0,0.0,0.0,0.0,0.0,0.0,0.0,0.0,0.0,0.0,0.0,0.0,0.009174,0.0,0.0,0.0,0.0,0.0,0.0,0.0,0.0,0.009174,0.0,0.0,0.0,0.0,0.0,0.0,0.0,0.0,0.003195,0.0,0.0,0.0,0.0,0.0,0.0,0.0,0.0,0.0,0.0,0.0,0.0,0.0,0.0,0.0,0.0,0.0,0.0,0.0,0.0,0.0,0.0,0.0,0.0,0.0,0.0,0.0,0.0,0.0,0.0,0.0,0.0,0.0,0.0,0.0,0.0,0.0,0.0,0.0,0.0,0.0,0.0,0.0,0.0,0.0,0.0,0.0,0.0,0.0,0.0,0.0,0.0,0.0,0.0,0.0,0.0,0.0,0.0,0.0,0.0,0.0,0.0,0.0,0.0,0.0,0.0,0.0,0.0,0.0,0.0,0.0,0.0,0.0,0.0,0.0,0.0,0.0,0.0,0.0,0.0,0.0,0.0,0.0,0.000498,0.002123,0.0,0.0,0.0,0.0,0.0,0.0,0.0,0.0,0.001721,0.0,0.000529,0.000296,0.0,0.001,0.0,0.001186,0.000428,0.001176,0.001008,0.0,0.0,0.000413,0.008621,0.0,0.000509,0.0,0.001133,0.001346,0.000365,0.002681,0.001734,0.0,0.00094,0.000368,0.0,0.0,0.0,0.0,0.0,0.002281,0.0,0.003891,0.0,0.000856,0.000437,0.000241,0.0,1.0,0.001764,0.0,0.0,0.000269,0.0,0.0,0.000183,0.000359,0.000445,0.0,0.0,0.0,0.0,0.0,0.009174,0.0,0.001508,0.0,0.0,0.0,0.0,0.000944,0.0,0.003215,0.0,0.0,0.009174,0.000646,0.001127,0.001961,0.000598,0.0,0.0,0.0,0.0,0.0,0.0,0.0,0.0,0.0,0.013793,0.0,0.0,0.0,0.0,0.001258,0.0,0.0,0.0,0.006711,0.0,0.0,0.0,0.0,0.0,0.0,0.0,0.0,0.0,0.0,0.0,0.0,0.0,0.0,0.0,0.0,0.0,0.0,0.0,0.0,0.0,0.0,0.000547,0.000776,0.000368,0.0,0.000446,0.000711,0.0,0.0,0.0,0.0,0.0,0.003012,0.0,0.000466,0.0,0.0,0.009174,0.0,0.004706,0.0,0.0,0.0,0.0,0.0,0.0,0.0,0.0,0.0,0.0,0.0,0.0,0.002451,0.0,0.004878,0.0,0.0,0.0,0.001639,0.0,0.005102,0.0,0.0,0.0,0.0,0.0,0.0,0.0,0.0,0.001587,0.002941,0.0,0.0,0.0,0.0,0.000941,0.009174,0.002304,0.00065,0.0,0.0,0.0,0.0,0.0,0.0,0.00339,0.002415,0.0,0.0,0.0,0.0,0.002788,0.0,0.0,0.0,0.0,0.0,0.0,0.0,0.005495,0.0,0.0,0.0,0.002375,0.0,0.0,0.0,0.0,0.0,0.001767,0.000428,0.0,0.000353,0.0,0.0,0.0,0.0,0.0
4782,0.001764,0.001043,0.0,0.0,0.001764,0.0,0.0,0.001764,0.0,0.00055,0.0,0.0,0.0,0.0,0.000623,0.0,0.0,0.001764,0.000742,0.0,0.0,0.006279,0.001661,0.0,0.0,0.0,0.0,0.0,0.0,0.0,0.0,0.0,0.0,0.0,0.0,0.0,0.001584,0.001764,0.0,0.0,0.0,0.0,0.0,0.0,0.0,0.0,0.0,0.0,0.0,0.0,0.0,0.0,0.0,0.001764,0.0,0.0,0.0,0.0,0.003899,0.0,0.0,0.0,0.0,0.001764,0.001764,0.0,0.0,0.0,0.0,0.0,0.0,0.0,0.0,0.0,0.003527,0.0,0.0,0.005291,0.02085,0.0,0.0,0.0,0.001764,0.0194,0.001764,0.0,0.0,0.0,0.0,0.0,0.0,0.0,0.001508,0.0,0.0,0.0,0.0,0.0,0.0,0.0,0.0,0.0,0.001764,0.0,0.0,0.0,0.0,0.0,0.0,0.0,0.001764,0.0,0.0,0.0,0.0,0.0,0.0,0.0,0.0,0.0,0.001529,0.0,0.0,0.0,0.0,0.0,0.0,0.0,0.0,0.0,0.0,0.0,0.0,0.0,0.0,0.0,0.0,0.0,0.0,0.0,0.0,0.0,0.0,0.0,0.0,0.0,0.0,0.0,0.0,0.0,0.0,0.0,0.0,0.001764,0.0,0.0,0.0,0.0,0.0,0.0,0.0,0.0,0.0,0.0,0.0,0.0,0.0,0.0,0.0,0.0,0.0,0.000998,0.0,0.0,0.0,0.0,0.0,0.0,0.005291,0.0,0.003328,0.0,0.0,0.0,0.0,0.001764,0.0,0.0,0.001764,0.0,0.0,0.0,0.0,0.0,0.0,0.0,0.0,0.0,0.0,0.001764,0.0,0.0,0.0,0.0,0.0,0.0,0.0,0.0,0.00155,0.0,0.001481,0.001965,0.011,0.001689,0.001186,0.030381,0.002939,0.0,0.003527,0.001764,0.001651,0.0,0.0,0.000254,0.002934,0.005097,0.002588,0.004751,0.001104,0.002311,0.0,0.00094,0.003312,0.006015,0.026455,0.000468,0.0,0.001071,0.003193,0.0,0.001764,0.003527,0.027393,0.000874,0.002165,0.001764,0.001764,1.0,0.0,0.012346,0.001885,0.0,0.0,0.001282,0.002155,0.000742,0.0,0.0,0.0,0.0,0.0,0.0,0.0,0.001508,0.001764,0.0,0.0,0.0,0.0,0.0,0.001764,0.001101,0.0,0.0,0.002666,0.0,0.0,0.000598,0.0,0.0,0.0,0.0,0.0,0.0,0.0,0.0,0.0,0.0,0.0,0.0,0.0,0.0,0.002516,0.001764,0.0,0.0,0.0,0.0,0.0,0.0,0.0,0.0,0.0,0.0,0.0,0.0,0.0,0.0,0.0,0.0,0.0,0.0,0.0,0.0,0.0,0.0,0.0,0.0,0.001929,0.002502,0.000776,0.001471,0.0,0.001784,0.0,0.0,0.0,0.0,0.002807,0.001764,0.0,0.0,0.000777,0.0,0.0,0.0,0.0,0.0,0.001117,0.0,0.0,0.0,0.0,0.0,0.0,0.0,0.0,0.0,0.0,0.0,0.001764,0.001764,0.0,0.001764,0.0,0.0,0.00082,0.0,0.0,0.0,0.0,0.0,0.0,0.0,0.0,0.0,0.0,0.001587,0.001764,0.001764,0.000749,0.0,0.0,0.000471,0.0,0.001764,0.0013,0.000531,0.0,0.001764,0.0,0.001764,0.0,0.003527,0.002415,0.0,0.0,0.0,0.0,0.002788,0.0,0.001764,0.0,0.005988,0.0,0.0,0.0,0.001764,0.0,0.0,0.00129,0.0,0.0,0.005291,0.0,0.0,0.0,0.003527,0.001284,0.003527,0.002298,0.0,0.0,0.0,0.0,0.0
4789,0.0,0.0,0.0,0.00177,0.0,0.0,0.0,0.0,0.0,0.0,0.0,0.0,0.0,0.0,0.0,0.0,0.0,0.0,0.0,0.0,0.0,0.0,0.0,0.0,0.0,0.0,0.0,0.0,0.0,0.0,0.0,0.0,0.0,0.0,0.0,0.0,0.0,0.0,0.0,0.0,0.0,0.0,0.0,0.0,0.002597,0.0,0.0,0.0,0.0,0.0,0.0,0.0,0.0,0.002375,0.0,0.0,0.004695,0.0,0.0,0.0,0.0,0.0,0.0,0.0,0.0,0.0,0.0,0.0,0.0,0.0,0.0,0.0,0.0,0.0,0.0,0.012658,0.0,0.0,0.000401,0.0,0.0,0.0,0.0,0.0,0.0,0.0,0.0,0.0,0.0,0.0,0.0,0.0,0.0,0.0,0.0,0.0,0.0,0.0,0.0,0.0,0.0,0.0,0.0,0.0,0.0,0.0,0.0,0.0,0.0,0.0,0.0,0.0,0.0,0.0,0.0,0.0,0.0,0.0,0.0,0.0,0.003058,0.0,0.0,0.0,0.0,0.0,0.0,0.0,0.0,0.0,0.0,0.0,0.0,0.0,0.0,0.0,0.0,0.0,0.0,0.0,0.0,0.0,0.0,0.0,0.0,0.0,0.0,0.0,0.0,0.0,0.0,0.0,0.0,0.0,0.0,0.0,0.0,0.0,0.012658,0.0,0.0,0.0,0.0,0.0,0.0,0.0,0.0,0.0,0.0,0.0,0.0,0.0,0.0,0.0,0.0,0.0,0.0,0.0,0.0,0.0,0.001664,0.0,0.0,0.0,0.0,0.0,0.0,0.0,0.0,0.0,0.0,0.0,0.0,0.0,0.0,0.0,0.0,0.000498,0.0,0.0,0.0,0.0,0.0,0.001182,0.0,0.0,0.001701,0.0,0.00155,0.0,0.000296,0.000982,0.0,0.0,0.000445,0.000428,0.001764,0.001008,0.003839,0.0,0.000825,0.0,0.0,0.000763,0.0,0.000566,0.000104,0.001096,0.000158,0.0,0.0,0.0,0.001104,0.003008,0.004348,0.000936,0.0,0.002855,0.001369,0.0,0.003891,0.018779,0.001027,0.000655,0.000481,0.0,0.0,0.0,1.0,0.0,0.000808,0.0,0.0,0.0,0.000287,0.000247,0.0,0.0,0.0,0.0,0.0,0.0,0.0,0.003017,0.0,0.0,0.0,0.0,0.0,0.0,0.0,0.000367,0.0,0.0,0.000162,0.0,0.0,0.0,0.0,0.0,0.0,0.0,0.007194,0.0,0.0,0.0,0.0,0.0,0.0,0.0,0.003521,0.0,0.0,0.0,0.0,0.0,0.0,0.0,0.0,0.0,0.0,0.0,0.0,0.0,0.0,0.0,0.0,0.0,0.0,0.0,0.0,0.0,0.0,0.0,0.0,0.0,0.0,0.0,0.0,0.000704,0.0,0.001103,0.000794,0.000892,0.000355,0.0,0.0,0.0,0.000702,0.0,0.0,0.0,0.000466,0.0,0.0,0.012658,0.0,0.002353,0.000372,0.0,0.0,0.0,0.0,0.0,0.0,0.0,0.0,0.0,0.0,0.0,0.0,0.0,0.0,0.0,0.002227,0.0,0.00082,0.0,0.0,0.0,0.0,0.0,0.0,0.0,0.0,0.0,0.0,0.0,0.0,0.0,0.0,0.0,0.0,0.0,0.0,0.0,0.000325,0.0,0.0,0.0,0.0,0.0,0.0,0.0,0.0,0.0,0.0,0.0,0.0,0.0,0.0,0.0,0.0,0.0,0.0,0.0,0.0,0.0,0.0,0.0,0.0,0.0,0.0,0.0,0.0,0.0,0.004444,0.0,0.0,0.0,0.000442,0.0,0.0,0.0,0.0,0.0
4791,0.0,0.001043,0.0,0.0,0.0,0.0,0.0,0.0,0.0,0.0,0.002941,0.0,0.0,0.0,0.000623,0.0,0.0,0.0,0.0,0.0,0.0,0.0,0.0,0.002941,0.0,0.0,0.0,0.0,0.0,0.0,0.0,0.0,0.0,0.0,0.0,0.0,0.0,0.0,0.0,0.0,0.0,0.0,0.0,0.0,0.0,0.0,0.0,0.0,0.0,0.0,0.0,0.0,0.0,0.002375,0.0,0.001931,0.002941,0.0,0.0013,0.0,0.0,0.0,0.0,0.002381,0.0,0.0,0.0,0.0,0.0,0.0,0.0,0.0,0.0,0.0,0.0,0.0,0.0,0.0,0.000802,0.0,0.0,0.0,0.0,0.0,0.0,0.0,0.0,0.0,0.0,0.0,0.0,0.0,0.004525,0.003257,0.0,0.0,0.0,0.0,0.0,0.0,0.0,0.0,0.002941,0.0,0.0,0.0,0.0,0.002941,0.0,0.0,0.0,0.0,0.0,0.002941,0.0,0.0,0.002941,0.0,0.0,0.0,0.0,0.002941,0.0,0.0,0.0,0.002604,0.0,0.0,0.0,0.0,0.0,0.0,0.0,0.0,0.0,0.0,0.0,0.0,0.0,0.0,0.0,0.0,0.0,0.0,0.002941,0.0,0.002941,0.0,0.0,0.0,0.0,0.0,0.002941,0.0,0.0,0.0,0.002941,0.0,0.0,0.002941,0.0,0.0,0.0,0.002941,0.0,0.0,0.0,0.0,0.0,0.0,0.0,0.001996,0.0,0.0,0.0,0.0,0.0,0.0,0.005882,0.0,0.0,0.0,0.002941,0.0,0.0,0.0,0.0,0.0,0.0,0.0,0.0,0.0,0.0,0.0,0.0,0.0,0.0,0.001494,0.0,0.0,0.0,0.0,0.0,0.002364,0.0,0.0,0.003401,0.0,0.003101,0.000529,0.001185,0.005894,0.004,0.000845,0.000593,0.004279,0.003919,0.007056,0.005758,0.0,0.004127,0.0,0.0,0.000763,0.000489,0.003209,0.001864,0.006213,0.001262,0.001445,0.0,0.00094,0.006257,0.009023,0.0,0.001404,0.002941,0.003212,0.001825,0.0,0.008824,0.002941,0.002397,0.001311,0.000962,0.0,0.0,0.012346,0.0,1.0,0.003771,0.0,0.0,0.000549,0.001365,0.000346,0.0,0.002941,0.0,0.0,0.0,0.0,0.0,0.001508,0.0,0.0,0.0,0.0,0.004721,0.003436,0.002941,0.002201,0.0,0.0,0.0021,0.001127,0.0,0.001794,0.0,0.002941,0.0,0.002941,0.002941,0.0,0.0,0.0,0.0,0.0,0.0,0.0,0.005882,0.0,0.001258,0.002941,0.0,0.002941,0.002941,0.002941,0.0,0.0,0.0,0.0,0.0,0.0,0.0,0.0,0.0,0.0,0.0,0.0,0.0,0.0,0.0,0.0,0.0,0.0,0.0,0.002941,0.001929,0.001016,0.001553,0.001103,0.000794,0.001338,0.001421,0.0,0.002941,0.0,0.004211,0.0,0.002941,0.0,0.00202,0.0,0.0,0.0,0.0,0.0,0.000372,0.002941,0.0,0.0,0.0,0.002941,0.0,0.002809,0.0,0.0,0.0,0.002941,0.0,0.0,0.0,0.002037,0.002227,0.005882,0.001639,0.0,0.002941,0.0,0.0,0.0,0.0,0.0,0.0,0.0,0.0,0.0,0.002941,0.0,0.00524,0.0,0.002941,0.001412,0.0,0.0,0.0,0.000531,0.0,0.0,0.0,0.0,0.002941,0.0,0.004831,0.0,0.0,0.0,0.0,0.004647,0.0,0.0,0.002941,0.002994,0.0,0.0,0.0,0.0,0.0,0.0,0.005161,0.007126,0.002941,0.005764,0.0,0.0,0.002941,0.0,0.002997,0.0,0.001767,0.002941,0.0,0.0,0.0,0.0
4799,0.001347,0.002963,0.001347,0.002155,0.000539,0.0,0.0,0.000269,0.0,0.009696,0.000808,0.0,0.000269,0.00404,0.00781,0.000539,0.000539,0.001077,0.008888,0.000269,0.000269,0.002693,0.002155,0.000269,0.001347,0.0,0.000269,0.000269,0.0,0.0,0.000269,0.000269,0.0,0.0,0.001347,0.0,0.005117,0.001077,0.0,0.0,0.0,0.0,0.0,0.0,0.001347,0.001077,0.0,0.0,0.0,0.0,0.0,0.000808,0.0,0.001885,0.000269,0.001616,0.0,0.0,0.005656,0.000269,0.001077,0.000269,0.001347,0.002424,0.0,0.0,0.000269,0.000269,0.001885,0.0,0.0,0.0,0.0,0.0,0.000269,0.0,0.0,0.000269,0.007002,0.0,0.0,0.0,0.000269,0.000808,0.000808,0.0,0.001347,0.000269,0.0,0.000269,0.0,0.0,0.002693,0.002693,0.0,0.0,0.0,0.000269,0.000269,0.0,0.0,0.001885,0.0,0.0,0.0,0.0,0.000269,0.0,0.000539,0.0,0.0,0.000269,0.0,0.000539,0.0,0.0,0.0,0.0,0.0,0.0,0.001077,0.0,0.0,0.0,0.0,0.002693,0.000269,0.0,0.0,0.0,0.0,0.0,0.0,0.0,0.0,0.0,0.000269,0.0,0.0,0.0,0.0,0.0,0.0,0.000269,0.0,0.0,0.0,0.0,0.0,0.0,0.0,0.0,0.000269,0.0,0.0,0.0,0.0,0.0,0.0,0.000269,0.000269,0.000539,0.0,0.000269,0.0,0.0,0.000269,0.0,0.0,0.0,0.0,0.003771,0.000539,0.0,0.0,0.0,0.0,0.000269,0.001616,0.000539,0.001077,0.0,0.0,0.000269,0.0,0.000269,0.0,0.000269,0.0,0.000269,0.0,0.0,0.000269,0.0,0.0,0.000269,0.0,0.006194,0.000269,0.000539,0.000808,0.0,0.000808,0.001885,0.000808,0.0,0.001885,0.001616,0.009157,0.014819,0.018045,0.005386,0.015351,0.009426,0.017341,0.009426,0.020772,0.005656,0.005656,0.002155,0.010504,0.001616,0.001077,0.013232,0.007002,0.025486,0.020499,0.015351,0.012774,0.020199,0.0,0.015621,0.028818,0.005386,0.002424,0.018727,0.000808,0.015621,0.016429,0.0,0.001616,0.000269,0.01986,0.045653,0.021891,0.000539,0.000269,0.001885,0.000808,0.003771,1.0,0.0,0.0,0.0163,0.021047,0.017558,0.000269,0.000269,0.000539,0.000269,0.0,0.0,0.000269,0.001347,0.003501,0.0,0.0,0.001077,0.003771,0.005117,0.00404,0.013466,0.0,0.0,0.021244,0.004309,0.001616,0.007272,0.000808,0.0,0.0,0.000539,0.000539,0.0,0.0,0.0,0.0,0.000269,0.000269,0.002155,0.000808,0.0,0.007541,0.001077,0.000269,0.000808,0.000808,0.0,0.0,0.0,0.0,0.000269,0.0,0.0,0.0,0.0,0.000269,0.0,0.000269,0.0,0.0,0.0,0.0,0.0,0.000269,0.0,0.001347,0.000269,0.004848,0.019781,0.007541,0.020199,0.003501,0.008618,0.008349,0.000269,0.0,0.0,0.007541,0.000269,0.001347,0.001077,0.017865,0.001077,0.001077,0.000539,0.000539,0.000808,0.013197,0.0,0.0,0.000539,0.0,0.001616,0.000808,0.002693,0.000269,0.001077,0.0,0.000269,0.002155,0.001077,0.000808,0.001885,0.002963,0.001077,0.006194,0.001077,0.000269,0.001347,0.000269,0.0,0.000539,0.0,0.0,0.0,0.0,0.001616,0.000808,0.000808,0.004848,0.001077,0.0,0.008349,0.000269,0.000808,0.017237,0.007272,0.0,0.0,0.000269,0.0,0.0,0.001347,0.001885,0.000269,0.0,0.0,0.00404,0.005925,0.0,0.001347,0.000269,0.002963,0.000269,0.0,0.000269,0.0,0.0,0.000808,0.004848,0.004309,0.000539,0.001616,0.000269,0.000539,0.000269,0.003232,0.017775,0.000808,0.016349,0.000808,0.000269,0.0,0.0,0.0
4911,0.0,0.0,0.0,0.0,0.0,0.0,0.0,0.0,0.0,0.0,0.0,0.0,0.0,0.0,0.0,0.0,0.0,0.0,0.0,0.0,0.0,0.0,0.0,0.0,0.0,0.0,0.0,0.0,0.0,0.0,0.0,0.0,0.0,0.0,0.0,0.0,0.0,0.0,0.0,0.0,0.0,0.0,0.0,0.0,0.0,0.0,0.0,0.0,0.0,0.0,0.0,0.0,0.0,0.0,0.0,0.0,0.0,0.0,0.0,0.0,0.0,0.0,0.0,0.0,0.0,0.0,0.0,0.0,0.0,0.0,0.0,0.0,0.0,0.0,0.0,0.0,0.0,0.0,0.000401,0.0,0.0,0.0,0.0,0.0,0.0,0.0,0.0,0.0,0.0,0.0,0.0,0.0,0.0,0.0,0.0,0.0,0.0,0.0,0.0,0.0,0.0,0.0,0.0,0.0,0.0,0.0,0.0,0.0,0.0,0.0,0.0,0.0,0.0,0.0,0.0,0.0,0.0,0.0,0.0,0.0,0.0,0.0,0.0,0.0,0.0,0.0,0.0,0.0,0.0,0.0,0.0,0.0,0.0,0.0,0.0,0.0,0.0,0.0,0.0,0.0,0.0,0.0,0.0,0.0,0.0,0.0,0.0,0.0,0.0,0.0,0.0,0.0,0.0,0.0,0.0,0.0,0.0,0.0,0.0,0.0,0.0,0.0,0.0,0.0,0.0,0.0,0.0,0.0,0.0,0.0,0.0,0.0,0.0,0.0,0.0,0.0,0.0,0.0,0.0,0.0,0.0,0.0,0.0,0.0,0.0,0.0,0.0,0.0,0.0,0.0,0.0,0.0,0.0,0.0,0.0,0.0,0.0,0.0,0.0,0.0,0.0,0.0,0.0,0.0,0.0,0.0,0.0,0.0,0.0,0.0,0.0,0.0,0.0,0.0,0.0,0.0,0.0,0.0,0.0,0.0,0.0,0.0,0.0,0.0,0.0,0.0,0.0,0.0,0.0,0.0,0.0,0.00047,0.0,0.0,0.0,0.000234,0.0,0.0,0.0,0.0,0.0,0.0,0.0,0.0,0.0,0.0,0.0,0.0,0.0,0.0,0.0,1.0,0.0,0.000549,0.000144,0.000148,0.0,0.0,0.0,0.0,0.0,0.0,0.0,0.0,0.001976,0.0,0.0,0.0,0.0,0.001718,0.003215,0.0,0.0,0.0,0.0,0.0,0.0,0.0,0.0,0.0,0.0,0.0,0.0,0.0,0.0,0.0,0.0,0.0,0.0,0.0,0.0,0.0,0.0,0.0,0.0,0.0,0.0,0.02381,0.0,0.0,0.0,0.0,0.0,0.0,0.0,0.0,0.0,0.0,0.0,0.0,0.0,0.0,0.0,0.0,0.0,0.0,0.0,0.0,0.0,0.000156,0.0,0.0,0.0,0.0,0.0,0.0,0.0,0.0,0.0,0.0,0.0,0.0,0.0,0.0,0.0,0.0,0.0,0.0,0.0,0.0,0.0,0.0,0.0,0.0,0.0,0.0,0.0,0.0,0.0,0.0,0.0,0.0,0.0,0.0,0.0,0.0,0.0,0.0,0.0,0.0,0.0,0.0,0.0,0.0,0.0,0.0,0.0,0.0,0.0,0.0,0.0,0.0,0.0,0.0,0.0,0.0,0.0,0.0,0.0,0.0,0.0,0.0,0.0,0.0,0.0,0.0,0.0,0.0,0.0,0.0,0.0,0.0,0.0,0.0,0.0,0.0,0.0,0.0,0.0,0.0,0.0,0.0,0.0,0.0,0.0,0.0,0.0,0.0,0.0,0.0,0.0,0.0,0.0,0.0,0.0,0.0
4912,0.0,0.0,0.0,0.0,0.0,0.0,0.0,0.0,0.0,0.0,0.0,0.0,0.0,0.0,0.0,0.0,0.0,0.0,0.0,0.0,0.0,0.0,0.0,0.0,0.0,0.0,0.0,0.0,0.0,0.0,0.0,0.0,0.0,0.0,0.0,0.0,0.0,0.0,0.0,0.0,0.0,0.0,0.0,0.0,0.0,0.0,0.0,0.0,0.0,0.0,0.0,0.0,0.0,0.0,0.0,0.0,0.0,0.0,0.0,0.0,0.0,0.0,0.0,0.0,0.0,0.0,0.0,0.0,0.0,0.0,0.0,0.0,0.0,0.0,0.0,0.0,0.0,0.0,0.0,0.0,0.0,0.0,0.0,0.0,0.0,0.0,0.0,0.0,0.0,0.0,0.0,0.0,0.0,0.0,0.0,0.0,0.0,0.0,0.0,0.0,0.0,0.0,0.0,0.0,0.0,0.0,0.0,0.0,0.0,0.0,0.0,0.0,0.0,0.0,0.0,0.0,0.0,0.0,0.0,0.0,0.0,0.0,0.0,0.0,0.0,0.0,0.0,0.0,0.0,0.0,0.0,0.0,0.0,0.0,0.0,0.0,0.0,0.0,0.0,0.0,0.0,0.0,0.0,0.0,0.0,0.0,0.0,0.0,0.0,0.0,0.0,0.0,0.0,0.0,0.0,0.0,0.0,0.0,0.0,0.0,0.0,0.0,0.0,0.0,0.0,0.0,0.0,0.0,0.0,0.0,0.0,0.0,0.0,0.0,0.0,0.0,0.0,0.0,0.0,0.0,0.0,0.0,0.0,0.0,0.0,0.0,0.0,0.0,0.0,0.0,0.0,0.0,0.0,0.0,0.0,0.0,0.0,0.0,0.0,0.0,0.0,0.0,0.0,0.0,0.0,0.0,0.0,0.0,0.0,0.0,0.0,0.0,0.0,0.0,0.0,0.0,0.0,0.0,0.0,0.0,0.0,0.0,0.0,0.0,0.0,0.0,0.0,0.0,0.0,0.0,0.0,0.0,0.0,0.0,0.0,0.0,0.0,0.0,0.0,0.0,0.0,0.0,0.0,0.0,0.0,0.0,0.0,0.0,0.0,0.0,0.0,0.0,1.0,0.0,0.0,0.0,0.0,0.0,0.0,0.0,0.0,0.0,0.0,0.0,0.0,0.0,0.0,0.0,0.0,0.0,0.0,0.0,0.0,0.0,0.0,0.0,0.0,0.0,0.0,0.0,0.0,0.0,0.0,0.0,0.0,0.0,0.0,0.0,0.0,0.0,0.0,0.0,0.0,0.0,0.0,0.0,0.0,0.0,0.0,0.0,0.0,0.0,0.0,0.0,0.0,0.0,0.0,0.0,0.0,0.0,0.0,0.0,0.0,0.0,0.0,0.0,0.0,0.0,0.0,0.0,0.0,0.0,0.0,0.0,0.0,0.0,0.0,0.0,0.0,0.0,0.0,0.0,0.0,0.0,0.0,0.0,0.0,0.0,0.0,0.0,0.0,0.0,0.0,0.0,0.0,0.0,0.0,0.0,0.0,0.0,0.0,0.0,0.0,0.0,0.0,0.0,0.0,0.0,0.0,0.0,0.0,0.0,0.0,0.0,0.0,0.0,0.0,0.0,0.0,0.0,0.0,0.0,0.0,0.0,0.0,0.0,0.0,0.0,0.0,0.0,0.0,0.0,0.0,0.0,0.0,0.0,0.0,0.0,0.0,0.0,0.0,0.0,0.0,0.0,0.0,0.0,0.0,0.0,0.0,0.0,0.0,0.0,0.0,0.0,0.0,0.0,0.0,0.0,0.0,0.0,8.8e-05,0.0,0.0,0.0,0.0,0.0
4921,0.000549,0.009158,0.005678,0.008059,0.002381,0.0,0.0,0.002381,0.0,0.011172,0.003297,0.0,0.002747,0.001648,0.010256,0.000183,0.000183,0.000366,0.032234,0.000183,0.0,0.005128,0.00293,0.000733,0.006044,0.0,0.0,0.000366,0.000733,0.0,0.000549,0.0,0.0,0.000183,0.000916,0.0,0.002198,0.0,0.0,0.0,0.0,0.0,0.000183,0.0,0.002198,0.000916,0.0,0.0,0.0,0.0,0.0,0.001099,0.0,0.000549,0.000183,0.001832,0.000183,0.0,0.002381,0.000366,0.000183,0.0,0.000733,0.000366,0.0,0.000183,0.0,0.0,0.000916,0.0,0.0,0.000366,0.000549,0.0,0.000549,0.0,0.0,0.000183,0.00696,0.0,0.0,0.000183,0.0,0.000733,0.000916,0.0,0.001099,0.0,0.0,0.000366,0.000183,0.0,0.000549,0.001832,0.0,0.0,0.0,0.0,0.0,0.0,0.0,0.0,0.0,0.0,0.0,0.000183,0.0,0.000549,0.0,0.000183,0.0,0.000183,0.000183,0.000366,0.0,0.000183,0.0,0.0,0.0,0.0,0.001648,0.0,0.0,0.0,0.000366,0.001465,0.000183,0.000183,0.0,0.0,0.0,0.0,0.0,0.0,0.0,0.000183,0.0,0.0,0.0,0.0,0.0,0.0,0.0,0.0,0.000183,0.0,0.0,0.0,0.0,0.0,0.0,0.0,0.000366,0.000183,0.0,0.0,0.000183,0.0,0.0,0.0,0.0,0.001648,0.0,0.0,0.0,0.000183,0.0,0.0,0.0,0.0,0.0,0.002564,0.000183,0.0,0.000183,0.0,0.0,0.000183,0.000733,0.0,0.000916,0.0,0.000549,0.000183,0.000183,0.0,0.0,0.000916,0.000183,0.001099,0.0,0.000549,0.0,0.0,0.0,0.0,0.0,0.005128,0.001099,0.000916,0.000183,0.0,0.000549,0.000916,0.000183,0.0,0.001282,0.00293,0.004945,0.041941,0.032601,0.001648,0.001282,0.009158,0.020898,0.004212,0.004945,0.000916,0.000366,0.000183,0.002015,0.003297,0.0,0.00989,0.004029,0.011172,0.018843,0.003114,0.025706,0.00641,0.0,0.020879,0.002747,0.001099,0.000916,0.012088,0.0,0.004029,0.005128,0.0,0.000183,0.000183,0.011984,0.005495,0.010256,0.000183,0.000183,0.001282,0.0,0.000549,0.0163,0.000549,0.0,1.0,0.058114,0.056778,0.0,0.000183,0.0,0.000366,0.0,0.000183,0.000183,0.000183,0.005311,0.0,0.000183,0.000733,0.003114,0.038278,0.011722,0.010256,0.0,0.0,0.007997,0.000733,0.000549,0.002015,0.0,0.0,0.0,0.000183,0.0,0.0,0.0,0.0,0.000183,0.000183,0.0,0.000549,0.000366,0.0,0.001099,0.0,0.0,0.000183,0.000183,0.000183,0.0,0.0,0.0,0.000183,0.0,0.0,0.0,0.0,0.0,0.0,0.0,0.0,0.0,0.0,0.0,0.0,0.000366,0.0,0.0,0.0,0.002015,0.04222,0.007143,0.011538,0.071978,0.01978,0.00696,0.0,0.000183,0.0,0.002747,0.0,0.000183,0.0,0.021594,0.000733,0.000733,0.0,0.000183,0.001099,0.009341,0.0,0.0,0.000366,0.000183,0.0,0.000366,0.001099,0.000183,0.000549,0.0,0.0,0.000366,0.000183,0.000366,0.006227,0.001282,0.0,0.001099,0.000183,0.000733,0.000366,0.000549,0.0,0.000183,0.0,0.0,0.0,0.0,0.000549,0.000549,0.000549,0.005861,0.000183,0.000183,0.003663,0.0,0.000549,0.008425,0.002564,0.0,0.000549,0.0,0.000183,0.0,0.000549,0.001282,0.0,0.0,0.0,0.000183,0.001465,0.0,0.000366,0.0,0.000366,0.001465,0.000366,0.002381,0.0,0.0,0.0,0.001465,0.000366,0.000733,0.000366,0.000183,0.0,0.000549,0.001099,0.003114,0.000183,0.035437,0.002198,0.000549,0.0,0.0,0.0
4922,0.000359,0.005244,0.001652,0.003304,0.000575,7.2e-05,0.000216,0.001437,0.0,0.006321,0.001293,0.000144,0.001365,0.001868,0.008333,0.000431,0.000431,0.000575,0.018749,0.0,0.0,0.004454,0.002586,0.000216,0.002442,0.000359,0.000359,0.000216,0.000216,0.0,0.000503,0.000216,0.0,0.0,0.00194,0.000144,0.002155,0.001293,0.0,0.0,0.0,0.0,0.0,0.0,0.001796,0.000431,7.2e-05,0.000144,0.0,0.0,7.2e-05,0.001149,0.000144,0.000575,7.2e-05,0.002083,0.000575,0.0,0.006034,7.2e-05,0.000359,0.0,0.001078,0.000647,0.000144,0.000216,7.2e-05,0.0,0.001293,0.0,0.0,0.0,0.000359,7.2e-05,0.001006,7.2e-05,7.2e-05,0.000287,0.01135,7.2e-05,0.000144,0.0,0.000359,0.002155,0.000575,7.2e-05,0.003089,0.000144,0.000503,0.0,0.0,7.2e-05,0.001149,0.002011,0.0,0.0,0.000216,7.2e-05,0.0,0.0,0.0,0.000503,0.000359,0.0,0.0,7.2e-05,7.2e-05,0.000216,0.000287,0.000359,0.000647,0.000287,0.0,0.000431,0.000216,0.0,0.000144,0.000144,0.000431,0.0,0.006034,0.000144,0.0,0.0,0.000144,0.003664,0.00079,0.000216,0.0,0.0,0.0,7.2e-05,0.0,0.0,0.0,7.2e-05,0.000647,0.0,0.0,0.0,0.0,0.000287,0.000144,0.000144,0.000216,0.0,7.2e-05,0.0,7.2e-05,7.2e-05,0.0,0.0,0.000287,0.000144,7.2e-05,0.0,0.0,0.0,0.0,0.0,0.0,0.000359,0.000287,7.2e-05,0.0,0.0,0.0,0.0,0.0,0.0,0.0,0.005603,0.000647,7.2e-05,0.000144,7.2e-05,0.0,0.000287,0.001724,0.000647,0.002945,0.000287,0.001365,0.000144,0.0,0.000144,0.000216,0.000144,7.2e-05,0.000216,7.2e-05,7.2e-05,7.2e-05,7.2e-05,0.0,0.000144,0.0,0.008548,0.000718,0.000718,7.2e-05,0.0,0.000287,0.004741,0.001293,0.000216,0.003304,0.000862,0.003161,0.047626,0.022628,0.00273,0.000934,0.007974,0.031176,0.004813,0.008045,0.001796,0.000503,0.000144,0.004238,0.000503,0.000359,0.008548,0.004813,0.016306,0.068242,0.008189,0.044178,0.015372,7.2e-05,0.010919,0.008692,0.001221,0.001078,0.013361,0.000216,0.005675,0.008189,0.0,0.000575,0.000287,0.025357,0.011062,0.012284,7.2e-05,0.000359,0.002155,0.000287,0.001365,0.021047,0.000144,0.0,0.058114,1.0,0.070824,0.0,0.000503,7.2e-05,0.000144,0.000144,0.0,0.0,0.000359,0.002011,7.2e-05,7.2e-05,0.001006,0.00589,0.004166,0.001509,0.006609,0.0,0.0,0.043316,0.002802,0.001509,0.004166,0.0,0.0,0.0,7.2e-05,0.000431,7.2e-05,0.0,7.2e-05,0.000359,0.000144,0.0,0.000503,0.000359,7.2e-05,0.004238,0.000503,0.000144,7.2e-05,0.000216,0.000216,0.0,7.2e-05,0.0,0.0,7.2e-05,7.2e-05,0.0,0.0,0.0,0.0,0.0,0.0,0.0,0.0,0.000144,0.0,0.000216,0.000144,7.2e-05,7.2e-05,0.001437,0.05718,0.005388,0.013648,0.023993,0.012427,0.005747,0.000144,0.000216,0.000359,0.003161,0.000575,0.001078,0.00079,0.025357,0.000718,0.000862,0.000144,0.000503,0.002155,0.007974,0.0,7.2e-05,0.000359,0.0,0.000431,0.001149,0.001221,0.000216,0.000647,0.0,0.0,0.002155,0.001365,0.000503,0.004166,0.001796,7.2e-05,0.003089,0.000144,0.000144,0.000431,7.2e-05,0.0,0.0,0.0,0.0,0.0,0.0,0.002227,0.001149,0.000287,0.004454,0.000647,0.0,0.006537,0.0,0.000216,0.004454,0.003448,0.0,0.000144,0.0,0.0,7.2e-05,0.000287,0.003951,0.0,0.0,0.0,0.001437,0.003376,0.0,0.002299,0.000216,0.002011,0.000359,0.000431,0.001796,0.0,0.0,0.000216,0.002802,0.000862,0.000503,0.00194,0.000575,0.000503,0.001149,0.002442,0.009482,0.000575,0.108613,0.003376,0.000287,0.0,7.2e-05,0.0
4923,0.001039,0.015283,0.006182,0.011277,0.002374,0.000198,0.000148,0.001879,0.0,0.024334,0.001929,0.000198,0.003709,0.00727,0.017657,0.000692,0.001039,0.00183,0.036401,0.000148,0.000198,0.00826,0.008062,0.000297,0.007369,0.00089,0.000594,0.000594,0.001088,0.0,0.001731,0.000989,0.0,4.9e-05,0.00094,9.9e-05,0.005737,0.000989,0.0,9.9e-05,4.9e-05,0.0,9.9e-05,0.0,0.005144,0.004748,0.000297,0.000198,0.000148,0.000148,0.000346,0.002275,0.000692,0.001236,0.000346,0.003116,0.002325,0.0,0.00272,0.000791,0.000297,9.9e-05,0.000445,0.00089,0.000791,0.000643,4.9e-05,0.000198,0.001929,0.0,0.0,9.9e-05,0.000198,0.0,0.00089,4.9e-05,9.9e-05,0.000297,0.004303,9.9e-05,0.0,0.0,0.000247,0.000346,0.002819,9.9e-05,0.002226,0.000396,0.000495,0.000247,0.0,0.000148,0.000594,0.000692,4.9e-05,9.9e-05,0.000297,0.000148,4.9e-05,0.0,4.9e-05,0.000346,9.9e-05,0.0,9.9e-05,9.9e-05,9.9e-05,0.000643,0.000346,0.001236,0.001039,0.000297,0.000198,0.005836,0.000198,0.000198,0.000148,0.000148,0.000198,9.9e-05,0.004451,0.000198,4.9e-05,0.0,4.9e-05,0.002572,0.000198,0.000396,4.9e-05,0.0,9.9e-05,4.9e-05,0.000148,0.0,0.0,4.9e-05,0.000297,0.0,0.0,0.0,0.0,4.9e-05,0.0,0.000198,0.000247,9.9e-05,9.9e-05,4.9e-05,9.9e-05,0.0,0.0,4.9e-05,0.000297,4.9e-05,0.000148,0.0,9.9e-05,0.0,0.0,4.9e-05,0.0,0.001879,9.9e-05,9.9e-05,4.9e-05,0.0,0.0,0.0,0.0,0.0,4.9e-05,0.005193,0.000247,4.9e-05,0.0,4.9e-05,4.9e-05,0.000148,0.000989,0.000544,0.002275,4.9e-05,0.000742,9.9e-05,0.0,0.000247,0.000247,0.004006,0.000791,0.001039,0.000198,0.001138,0.000396,9.9e-05,9.9e-05,0.000692,0.0,0.011128,0.002473,0.002423,0.000495,4.9e-05,0.001385,0.002077,0.000495,0.000148,0.002819,0.008903,0.00183,0.024977,0.015926,0.002275,0.001187,0.033187,0.080667,0.002028,0.011079,0.001187,0.000346,0.000594,0.005787,0.005688,0.001335,0.049162,0.016222,0.018844,0.046046,0.0046,0.056729,0.011474,4.9e-05,0.018003,0.003759,0.001484,0.000791,0.038429,9.9e-05,0.007963,0.004056,0.0,0.000346,0.000198,0.00821,0.006677,0.043128,9.9e-05,0.000445,0.000742,0.000247,0.000346,0.017558,0.000148,0.0,0.056778,0.070824,1.0,0.000247,0.000148,0.000643,0.000346,0.000495,4.9e-05,0.000247,0.002176,0.00821,9.9e-05,0.0,0.002671,0.01548,0.004303,0.002275,0.007073,4.9e-05,4.9e-05,0.020773,0.000841,0.000742,0.00272,0.0,0.0,4.9e-05,4.9e-05,9.9e-05,0.0,0.0,0.0,0.000148,4.9e-05,4.9e-05,0.000445,0.000247,0.000247,0.001434,0.000445,0.000247,0.000198,0.000148,0.0,0.0,0.0,0.0,0.0,0.0,0.0,4.9e-05,4.9e-05,4.9e-05,0.0,0.0,0.0,0.0,0.0,0.0,4.9e-05,0.000148,0.0,9.9e-05,4.9e-05,0.004204,0.062614,0.00361,0.009743,0.006726,0.006578,0.013502,4.9e-05,0.000396,4.9e-05,0.002127,0.000148,0.000346,0.000297,0.021366,0.000346,0.001187,9.9e-05,0.000692,0.001781,0.037242,4.9e-05,0.0,0.000841,0.0,0.000148,0.000346,0.000495,0.000346,0.000346,0.0,9.9e-05,0.00094,0.001039,0.000841,0.001929,0.00089,0.0,0.002226,0.000247,0.000791,0.000198,0.000198,0.0,0.000247,0.0,0.0,0.0,0.0,0.000841,0.000396,0.000148,0.001929,9.9e-05,4.9e-05,0.003017,0.0,0.000198,0.003759,0.001286,0.0,4.9e-05,0.0,0.0,4.9e-05,0.000495,0.001039,4.9e-05,0.0,9.9e-05,0.000791,0.001484,0.0,0.000692,0.000346,0.001236,0.000148,0.000247,0.001286,4.9e-05,0.0,0.000247,0.001286,0.000544,9.9e-05,0.00094,0.000346,0.000198,0.000198,0.001039,0.003165,0.000643,0.063406,0.002572,0.000247,0.0,4.9e-05,0.0
4930,0.0,0.0,0.0,0.0,0.0,0.0,0.0,0.0,0.0,0.0,0.0,0.0,0.0,0.0,0.0,0.0,0.0,0.0,0.0,0.0,0.0,0.0,0.0,0.0,0.0,0.0,0.0,0.0,0.0,0.0,0.0,0.0,0.0,0.0,0.0,0.0,0.0,0.0,0.0,0.0,0.0,0.095238,0.0,0.0,0.0,0.0,0.0,0.0,0.0,0.028986,0.0,0.0,0.0,0.0,0.0,0.0,0.0,0.0,0.0,0.0,0.0,0.0,0.0,0.0,0.0,0.0,0.0,0.0,0.0,0.0,0.0,0.0,0.0,0.0,0.0,0.0,0.0,0.0,0.0,0.0,0.0,0.0,0.0,0.0,0.0,0.0,0.0,0.0,0.0,0.0,0.0,0.0,0.0,0.001629,0.0,0.034483,0.0,0.0,0.0,0.0,0.0,0.0,0.0,0.0,0.0,0.0,0.0,0.0,0.0,0.0,0.0,0.0,0.0,0.0,0.0,0.0,0.0,0.0,0.0,0.0,0.001529,0.0,0.0,0.0,0.0,0.0,0.0,0.0,0.0,0.0,0.0,0.0,0.0,0.0,0.0,0.0,0.0,0.0,0.0,0.0,0.0,0.0,0.0,0.0,0.0,0.0,0.0,0.0,0.0,0.0,0.0,0.0,0.0,0.0,0.0,0.0,0.0,0.0,0.0,0.0,0.0,0.0,0.0,0.0,0.0,0.0,0.0,0.0,0.0,0.0,0.0,0.0,0.0,0.0,0.0,0.0,0.0,0.0,0.0,0.0,0.0,0.0,0.0,0.0,0.0,0.0,0.0,0.009091,0.0,0.007812,0.0,0.0,0.0,0.0,0.0,0.0,0.0,0.0,0.0,0.0,0.0,0.0,0.0,0.0,0.003436,0.0,0.0,0.0,0.0,0.0,0.000296,0.0,0.0,0.0,0.0,0.0,0.0,0.0,0.001919,0.0,0.0,0.005747,0.0,0.0,0.0,0.0,0.0,0.0,0.0,0.0,0.0,0.00047,0.000368,0.0,0.0,0.000234,0.0,0.0,0.0,0.0,0.0,0.0,0.0,0.0,0.0,0.0,0.0,0.0,0.0,0.0,0.000269,0.0,0.0,0.0,0.0,0.000247,1.0,0.009259,0.017544,0.0,0.0,0.0,0.0,0.0,0.0,0.0,0.0,0.005025,0.001889,0.0,0.0,0.0,0.0,0.0,8.1e-05,0.0,0.0,0.0,0.0,0.0,0.0,0.0,0.0,0.0,0.0,0.0,0.0,0.0,0.0,0.0,0.0,0.0,0.0,0.0,0.0,0.0,0.0,0.0,0.0,0.0,0.0,0.0,0.0,0.0,0.0,0.0,0.0,0.0,0.0,0.0,0.0,0.0,0.0,0.0,0.0,0.0,0.0,0.0,0.0,0.000235,0.0,0.0,0.0,0.000446,0.001066,0.0,0.0,0.0,0.0,0.0,0.0,0.0,0.000155,0.0,0.0,0.0,0.0,0.0,0.000372,0.0,0.0,0.0,0.0,0.0,0.0,0.0,0.0,0.0,0.0,0.0,0.0,0.0,0.0,0.002037,0.0,0.0,0.0,0.0,0.0,0.0,0.003425,0.0,0.0,0.0,0.0,0.0,0.0,0.0,0.0,0.0,0.0,0.0,0.0,0.000471,0.0,0.0,0.0,0.0,0.0,0.0,0.0,0.0,0.0,0.0,0.0,0.0,0.0,0.0,0.0,0.0,0.0,0.0,0.0,0.0,0.0,0.0,0.0,0.0,0.0,0.0,0.0,0.0,0.0,0.0,0.0,0.0,0.0,0.0,0.0,0.0,0.0,0.0,0.0,0.0,0.0,0.0
5011,0.0,0.0,0.0,0.00177,0.0,0.0,0.0,0.0,0.0,0.00055,0.0,0.0,0.0,0.0,0.000623,0.0,0.0,0.0,0.000371,0.0,0.0,0.00157,0.0,0.0,0.01107,0.0,0.0,0.0,0.0,0.0,0.0,0.0,0.0,0.0,0.01476,0.0,0.001584,0.0,0.0,0.0,0.0,0.0,0.0,0.0,0.0,0.0,0.0,0.0,0.0,0.0,0.0,0.0,0.0,0.002375,0.0,0.0,0.0,0.0,0.0,0.0,0.0,0.0,0.0,0.0,0.0,0.0,0.0,0.0,0.0,0.0,0.0,0.0,0.0,0.0,0.0,0.0,0.0,0.0,0.0,0.0,0.0,0.0,0.0,0.0,0.0,0.0,0.0,0.0,0.0,0.0,0.0,0.0,0.0,0.0,0.0,0.0,0.0,0.0,0.0,0.0,0.0,0.0,0.0,0.0,0.0,0.0,0.0,0.0,0.0,0.0,0.0,0.0,0.0,0.0,0.0,0.0,0.0,0.0,0.0,0.0,0.0,0.009259,0.0,0.0,0.0,0.0,0.0,0.0,0.0,0.0,0.0,0.0,0.0,0.0,0.0,0.0,0.0,0.0,0.0,0.0,0.0,0.0,0.0,0.0,0.0,0.0,0.0,0.0,0.0,0.0,0.0,0.0,0.0,0.0,0.0,0.0,0.0,0.0,0.0,0.0,0.0,0.0,0.0,0.0,0.0,0.0,0.0,0.0,0.0,0.0,0.0,0.0,0.0,0.0,0.0,0.0,0.0,0.0,0.0,0.0,0.0,0.0,0.0,0.0,0.0,0.0,0.0,0.0,0.0,0.0,0.0,0.0,0.0,0.0,0.0,0.0,0.0,0.0,0.0,0.0,0.0,0.0,0.0,0.0,0.0,0.0,0.0,0.0,0.0,0.0,0.000296,0.0,0.0,0.000422,0.000296,0.0,0.0,0.001008,0.0,0.0,0.0,0.0,0.0,0.0,0.0,0.000378,0.000104,0.000365,0.001104,0.000289,0.0,0.0,0.0,0.0,0.0,0.000468,0.0,0.0,0.000456,0.0,0.0,0.0,0.000171,0.000218,0.0,0.0,0.0,0.0,0.0,0.002941,0.000269,0.0,0.0,0.000183,0.000503,0.000148,0.009259,1.0,0.070175,0.018519,0.0,0.0,0.0,0.0,0.0,0.018519,0.0,0.0,0.002833,0.0,0.0,0.003668,0.009259,0.0,0.000323,0.0,0.0,0.0,0.0,0.0,0.0,0.0,0.0,0.0,0.0,0.0,0.0,0.0,0.0,0.0,0.0,0.0,0.0,0.0,0.0,0.0,0.0,0.0,0.0,0.0,0.0,0.0,0.0,0.0,0.0,0.0,0.0,0.0,0.0,0.0,0.0,0.0,0.0,0.0,0.0,0.0,0.0,0.0,0.000964,0.000547,0.000776,0.000368,0.0,0.000446,0.0,0.009259,0.0,0.0,0.0,0.0,0.0,0.0,0.000311,0.0,0.0,0.027778,0.0,0.0,0.0,0.0,0.0,0.0,0.0,0.048951,0.059028,0.011236,0.0,0.0,0.0,0.0,0.0,0.0,0.0,0.004073,0.002227,0.0,0.0,0.0,0.0,0.0,0.003425,0.0,0.0,0.0,0.0,0.0,0.0,0.0,0.0,0.0,0.0,0.009174,0.0,0.000471,0.0,0.0,0.0,0.0,0.0,0.0,0.0,0.0,0.0,0.0,0.0,0.0,0.0,0.0,0.0,0.0,0.0,0.003257,0.0,0.002994,0.0,0.0,0.0,0.0,0.0,0.0,0.0,0.0,0.0,0.0,0.0,0.0,0.0,0.001767,0.0,0.0,0.000619,0.0,0.0,0.0,0.0,0.0
5012,0.0,0.0,0.0,0.00177,0.0,0.0,0.0,0.0,0.0,0.00165,0.0,0.0,0.003831,0.0,0.000623,0.0,0.0,0.0,0.000371,0.0,0.0,0.0,0.0,0.0,0.0,0.0,0.0,0.0,0.0,0.0,0.0,0.0,0.0,0.0,0.00738,0.0,0.017419,0.0,0.0,0.0,0.0,0.0,0.0,0.0,0.002597,0.0,0.0,0.0,0.0,0.0,0.0,0.0,0.005882,0.0,0.0,0.0,0.0,0.0,0.0,0.0,0.0,0.0,0.0,0.0,0.0,0.0,0.0,0.0,0.0,0.0,0.0,0.0,0.0,0.0,0.0,0.0,0.0,0.0,0.0,0.0,0.0,0.0,0.0,0.0,0.0,0.0,0.0,0.0,0.0,0.0,0.0,0.0,0.0,0.0,0.0,0.0,0.0,0.0,0.0,0.0,0.0,0.0,0.0,0.0,0.0,0.0,0.0,0.0,0.0,0.0,0.0,0.0,0.0,0.0,0.0,0.0,0.0,0.008772,0.0,0.0,0.0,0.0,0.0,0.0,0.0,0.0,0.0,0.0,0.0,0.0,0.0,0.0,0.0,0.0,0.0,0.0,0.0,0.0,0.0,0.0,0.0,0.0,0.0,0.0,0.0,0.0,0.0,0.0,0.0,0.0,0.0,0.0,0.0,0.0,0.0,0.0,0.0,0.0,0.0,0.0,0.0,0.0,0.0,0.052632,0.008772,0.0,0.008772,0.0,0.0,0.0,0.0,0.0,0.0,0.0,0.0,0.0,0.0,0.0,0.0,0.0,0.0,0.0,0.0,0.017544,0.0,0.0,0.0,0.0,0.0,0.0,0.0,0.008772,0.0,0.0,0.0,0.0,0.0,0.0,0.0,0.0,0.008065,0.0,0.0,0.0,0.0,0.008772,0.0,0.003442,0.00155,0.000265,0.000296,0.000982,0.0,0.0,0.000445,0.0,0.0,0.001008,0.0,0.003175,0.000413,0.014368,0.0,0.000509,0.000489,0.000189,0.000104,0.0,0.000789,0.0,0.0,0.0,0.0,0.0,0.0,0.000234,0.0,0.000357,0.000456,0.0,0.003891,0.0,0.0,0.0,0.000722,0.0,0.0,0.0,0.0,0.0,0.000539,0.0,0.0,0.0,7.2e-05,0.000643,0.017544,0.070175,1.0,0.026316,0.061404,0.0,0.008772,0.003017,0.001976,0.008772,0.0,0.020101,0.012276,0.0,0.003215,0.0,0.0,0.0,8.1e-05,0.0,0.0,0.0,0.0,0.0,0.0,0.0,0.0,0.0,0.0,0.0,0.0,0.0,0.0,0.003509,0.003521,0.0,0.001258,0.0,0.0,0.0,0.0,0.0,0.0,0.0,0.0,0.0,0.0,0.0,0.0,0.0,0.0,0.0,0.0,0.0,0.0,0.0,0.0,0.0,0.0,0.0,0.0,0.0,0.003857,0.000547,0.000776,0.000735,0.000794,0.001338,0.000355,0.008772,0.0,0.0,0.000702,0.0,0.0,0.0,0.000311,0.0,0.0,0.0,0.0,0.0,0.002235,0.0,0.0,0.0,0.0,0.006993,0.003472,0.0,0.0,0.0,0.0,0.0,0.0,0.0,0.0,0.0,0.0,0.0,0.0,0.0,0.0,0.0,0.0,0.0,0.0,0.0,0.0,0.008772,0.0,0.0,0.0,0.0,0.0,0.0,0.0,0.0,0.0,0.0,0.0,0.0,0.0,0.0,0.0,0.0,0.0,0.0,0.0,0.0,0.0,0.0,0.0,0.0,0.0,0.0,0.0,0.0,0.0,0.0,0.0,0.0,0.0,0.0,0.00129,0.0,0.0,0.0,0.0,0.0,0.0,0.0,0.0,0.0,0.000442,0.0,0.0,0.0,0.0,0.0
5021,0.0,0.0,0.002551,0.0,0.0,0.0,0.0,0.0,0.0,0.0,0.0,0.0,0.0,0.0,0.000623,0.0,0.0,0.0,0.000742,0.0,0.0,0.0,0.0,0.0,0.001845,0.0,0.0,0.0,0.0,0.0,0.0,0.0,0.0,0.0,0.0,0.0,0.0,0.0,0.0,0.0,0.0,0.0,0.0,0.0,0.0,0.004149,0.0,0.0,0.0,0.0,0.0,0.0,0.0,0.0,0.0,0.0,0.0,0.0,0.00065,0.0,0.0,0.0,0.0,0.0,0.0,0.0,0.0,0.0,0.0,0.0,0.0,0.0,0.0,0.0,0.0,0.0,0.0,0.0,0.001203,0.0,0.0,0.0,0.010101,0.0,0.0,0.0,0.0,0.0,0.0,0.0,0.0,0.0,0.0,0.0,0.0,0.0,0.0,0.0,0.0,0.0,0.0,0.0,0.0,0.0,0.0,0.0,0.0,0.0,0.0,0.0,0.0,0.0,0.0,0.0,0.0,0.0,0.0,0.0,0.0,0.0,0.0,0.0,0.0,0.0,0.0,0.002604,0.0,0.0,0.0,0.0,0.0,0.0,0.0,0.0,0.0,0.0,0.0,0.0,0.0,0.0,0.0,0.0,0.0,0.0,0.0,0.0,0.0,0.0,0.0,0.0,0.0,0.0,0.0,0.0,0.0,0.0,0.0,0.0,0.0,0.0,0.0,0.0,0.0,0.0,0.0,0.0,0.0,0.0,0.0,0.0,0.0,0.0,0.0,0.0,0.0,0.0,0.0,0.0,0.0,0.0,0.0,0.0,0.0,0.0,0.0,0.0,0.0,0.0,0.0,0.0,0.0,0.0,0.0,0.0,0.0,0.0,0.0,0.0,0.0,0.0,0.0,0.0,0.0,0.0,0.0,0.0,0.0,0.0,0.0,0.000265,0.000296,0.0,0.0,0.0,0.000445,0.0,0.0,0.0,0.0,0.0,0.0,0.0,0.0,0.0,0.0,0.000189,0.000207,0.0,0.000158,0.0,0.0,0.0,0.0,0.0,0.0,0.000234,0.0,0.0,0.0,0.0,0.0,0.0,0.0,0.0,0.0,0.0,0.0,0.0,0.0,0.0,0.000269,0.0,0.0,0.000366,0.000144,0.000346,0.0,0.018519,0.026316,1.0,0.065217,0.0,0.0,0.0,0.001976,0.045455,0.0,0.0,0.0,0.001718,0.0,0.001101,0.022727,0.0,0.000485,0.0,0.0,0.0,0.0,0.0,0.0,0.0,0.0,0.0,0.0,0.0,0.0,0.0,0.0,0.0,0.003521,0.0,0.0,0.0,0.0,0.0,0.006711,0.0,0.0,0.0,0.0,0.0,0.0,0.0,0.0,0.0,0.0,0.0,0.0,0.0,0.0,0.0,0.0,0.0,0.0,0.0,0.0,0.0,0.001929,0.000547,0.0,0.0,0.0,0.0,0.0,0.0,0.0,0.0,0.0,0.0,0.0,0.0,0.0,0.0,0.0,0.018182,0.0,0.0,0.000372,0.0,0.0,0.0,0.0,0.0,0.003472,0.0,0.0,0.0,0.0,0.0,0.0,0.0,0.0,0.002037,0.0,0.0,0.00082,0.0,0.0,0.0,0.003425,0.0,0.0,0.0,0.0,0.0,0.0,0.0,0.0,0.0,0.0,0.0,0.0,0.0,0.0,0.0,0.0,0.0,0.0,0.0,0.0,0.0,0.0,0.0,0.0,0.0,0.0,0.0,0.0,0.0,0.0,0.0,0.0,0.0,0.0,0.0,0.0,0.0,0.0,0.0,0.0,0.0,0.0,0.0,0.0,0.0,0.0,0.0,0.0,0.0,0.000442,0.0,0.0,0.0,0.0,0.0
5022,0.0,0.0,0.0,0.0,0.0,0.0,0.0,0.0,0.0,0.0,0.0,0.0,0.0,0.00321,0.0,0.0,0.0,0.005128,0.0,0.0,0.0,0.0,0.0,0.0,0.001845,0.0,0.0,0.0,0.0,0.0,0.0,0.0,0.0,0.0,0.00369,0.0,0.000792,0.0,0.0,0.0,0.0,0.0,0.0,0.0,0.0,0.0,0.0,0.0,0.0,0.0,0.0,0.0,0.005882,0.0,0.0,0.0,0.0,0.0,0.0,0.0,0.0,0.0,0.0,0.0,0.0,0.0,0.0,0.0,0.0,0.0,0.0,0.0,0.0,0.0,0.0,0.0,0.0,0.0,0.0,0.0,0.0,0.0,0.0,0.0,0.004329,0.0,0.0,0.0,0.0,0.0,0.0,0.0,0.0,0.0,0.0,0.0,0.0,0.0,0.0,0.0,0.0,0.0,0.0,0.0,0.0,0.0,0.0,0.0,0.0,0.0,0.0,0.0,0.0,0.0,0.0,0.0,0.0,0.0,0.0,0.0,0.0,0.0,0.0,0.0,0.0,0.0,0.0,0.0,0.0,0.0,0.0,0.0,0.0,0.0,0.0,0.0,0.0,0.0,0.0,0.0,0.0,0.0,0.0,0.0,0.0,0.0,0.0,0.0,0.0,0.0,0.0,0.0,0.0,0.0,0.0,0.0,0.0,0.0,0.0,0.0,0.0,0.0,0.0,0.065217,0.0,0.0,0.0,0.0,0.0,0.0,0.0,0.0,0.0,0.0,0.0,0.0,0.0,0.0,0.0,0.0,0.0,0.0,0.0,0.040816,0.0,0.0,0.0,0.0,0.0,0.0,0.0,0.0,0.0,0.0,0.0,0.0,0.0,0.001494,0.002123,0.0,0.0,0.0,0.0,0.0,0.0,0.0,0.0,0.001721,0.0,0.0,0.000593,0.0,0.0,0.000422,0.000296,0.0,0.0,0.0,0.0,0.003175,0.000413,0.002874,0.0,0.000509,0.0,0.000189,0.000207,0.0,0.000158,0.0,0.0,0.00047,0.0,0.0,0.0,0.0,0.0,0.0,0.0,0.0,0.0,0.0,0.0,0.0,0.0,0.0,0.0,0.0,0.0,0.0,0.0,0.0,0.0,0.0,0.000144,0.000495,0.0,0.0,0.061404,0.065217,1.0,0.0,0.0,0.003017,0.003953,0.021739,0.0,0.0,0.002833,0.0,0.0,0.0,0.0,0.0,8.1e-05,0.0,0.0,0.0,0.0,0.0,0.0,0.0,0.0,0.0,0.0,0.0,0.0,0.0,0.0,0.0,0.0,0.0,0.0,0.0,0.0,0.0,0.0,0.0,0.0,0.0,0.0,0.0,0.0,0.0,0.0,0.0,0.0,0.0,0.0,0.0,0.0,0.0,0.0,0.0,0.0,0.0,0.0,0.0,0.000964,0.000313,0.000776,0.000368,0.000794,0.0,0.000355,0.0,0.0,0.0,0.0,0.0,0.0,0.0,0.000466,0.0,0.0,0.0,0.0,0.0,0.00149,0.0,0.0,0.0,0.0,0.003497,0.0,0.0,0.0,0.0,0.0,0.0,0.0,0.0,0.0,0.002037,0.0,0.0,0.0,0.0,0.0,0.0,0.006849,0.0,0.007692,0.0,0.0,0.021739,0.0,0.0,0.0,0.0,0.0,0.0,0.0,0.0,0.0,0.0,0.000325,0.0,0.0,0.013514,0.0,0.0,0.0,0.0,0.0,0.0,0.0,0.0,0.0,0.0,0.0,0.0,0.0,0.0,0.0,0.0,0.0,0.0,0.0,0.01626,0.0,0.0,0.0,0.0,0.0,0.0,0.0,0.0,0.000428,0.0,8.8e-05,0.0,0.0,0.0,0.0,0.0
5110,0.0,0.0,0.0,0.0,0.0,0.0,0.0,0.0,0.0,0.00055,0.0,0.0,0.0,0.0,0.000623,0.0,0.0,0.0,0.0,0.0,0.0,0.0,0.0,0.0,0.0,0.014706,0.0,0.005319,0.0,0.0,0.0,0.0,0.0,0.0,0.0,0.0,0.0,0.0,0.0,0.0,0.0,0.02439,0.0,0.0,0.0,0.0,0.0,0.0,0.0,0.0,0.0,0.0,0.0,0.0,0.0,0.0,0.0,0.0,0.0,0.016393,0.0,0.0,0.0,0.002381,0.0,0.0,0.0,0.0,0.0,0.0,0.0,0.0,0.0,0.0,0.0,0.0,0.0,0.0,0.0,0.0,0.0,0.0,0.0,0.0,0.0,0.0,0.0,0.0,0.0,0.0,0.0,0.0,0.0,0.0,0.0,0.02439,0.0,0.0,0.0,0.0,0.0,0.0,0.0,0.0,0.010309,0.0,0.0,0.0,0.0,0.0,0.0,0.0,0.0,0.0,0.0,0.0,0.0,0.0,0.0,0.0,0.0,0.0,0.0,0.0,0.0,0.0,0.0,0.0,0.0,0.0,0.0,0.0,0.0,0.0,0.0,0.0,0.0,0.0,0.0,0.0,0.0,0.0,0.0,0.0,0.0,0.0,0.0,0.0,0.0,0.0,0.0,0.0,0.00565,0.0,0.0,0.0,0.0,0.0,0.0,0.0,0.0,0.0,0.0,0.0,0.0,0.0,0.02439,0.0,0.0,0.0,0.0,0.0,0.0,0.0,0.0,0.0,0.0,0.0,0.0,0.0,0.0,0.0,0.0,0.040816,0.0,0.0,0.0,0.0,0.0,0.0,0.0,0.0,0.0,0.0,0.0,0.0,0.0,0.000498,0.0,0.0,0.0,0.0,0.0,0.0,0.0,0.0,0.0,0.001721,0.0,0.000265,0.0,0.0,0.0,0.000422,0.000148,0.000428,0.000196,0.0,0.0,0.0,0.000413,0.002874,0.0,0.0,0.0,0.0,0.0,0.000365,0.000158,0.0,0.0,0.0,0.0,0.0,0.0,0.0,0.0,0.0,0.000456,0.0,0.0,0.0,0.0,0.000437,0.0,0.0,0.009174,0.0,0.0,0.0,0.0,0.0,0.0,0.000183,0.0,4.9e-05,0.0,0.0,0.0,0.0,0.0,1.0,0.425532,0.004525,0.0,0.0,0.170732,0.005025,0.002833,0.001718,0.0,0.0,0.0,0.02439,0.000162,0.0,0.001961,0.0,0.0,0.0,0.0,0.0,0.0,0.0,0.0,0.0,0.0,0.0,0.0,0.0,0.0,0.0,0.001258,0.0,0.0,0.0,0.006711,0.0,0.0,0.0,0.0,0.0,0.0,0.0,0.0,0.0,0.0,0.0,0.0,0.0,0.0,0.0,0.0,0.0,0.0,0.0,0.0,0.0,0.0,0.0,0.0,0.0,0.003175,0.000446,0.000355,0.0,0.0,0.0,0.0,0.0,0.003012,0.0,0.0,0.0,0.0,0.0,0.0,0.002353,0.0,0.0,0.0,0.0,0.0,0.006993,0.003472,0.0,0.0,0.0,0.0,0.015152,0.0,0.0,0.0,0.0,0.0,0.0,0.0,0.0,0.0,0.0,0.003425,0.0,0.015385,0.0,0.0,0.0,0.0,0.0,0.0,0.008065,0.000749,0.0,0.0,0.001412,0.017241,0.002304,0.000325,0.0,0.0,0.0,0.0,0.0,0.0,0.00339,0.001208,0.0,0.0,0.0,0.0,0.000929,0.0,0.0,0.0,0.0,0.0,0.0,0.0,0.0,0.0,0.0,0.0,0.0,0.0,0.0,0.0,0.0,0.0,0.0,0.0,0.0,0.000265,0.0,0.0,0.0,0.0,0.0
5120,0.0,0.0,0.0,0.0,0.0,0.0,0.0,0.0,0.0,0.0,0.0,0.0,0.0,0.0,0.0,0.0,0.0,0.0,0.000371,0.0,0.0,0.0,0.0,0.0,0.0,0.0,0.0,0.0,0.0,0.0,0.0,0.0,0.0,0.0,0.0,0.0,0.000792,0.0,0.0,0.0,0.0,0.0,0.0,0.0,0.002597,0.0,0.0,0.0,0.0,0.0,0.0,0.0,0.0,0.0,0.0,0.0,0.0,0.0,0.0,0.0,0.0,0.0,0.0,0.0,0.0,0.0,0.0,0.0,0.0,0.0,0.0,0.0,0.0,0.0,0.0,0.0,0.0,0.0,0.0,0.0,0.0,0.0,0.0,0.0,0.0,0.0,0.0,0.0,0.0,0.0,0.0,0.0,0.0,0.0,0.0,0.0,0.0,0.0,0.0,0.0,0.0,0.0,0.0,0.0,0.0,0.0,0.0,0.0,0.0,0.0,0.0,0.0,0.0,0.0,0.0,0.0,0.0,0.0,0.0,0.0,0.0,0.0,0.0,0.0,0.0,0.0,0.0,0.0,0.0,0.0,0.0,0.0,0.0,0.0,0.0,0.0,0.0,0.0,0.0,0.0,0.0,0.0,0.0,0.0,0.0,0.0,0.0,0.0,0.0,0.0,0.0,0.0,0.00565,0.0,0.0,0.0,0.0,0.0,0.0,0.0,0.0,0.0,0.0,0.0,0.0,0.0,0.0,0.0,0.0,0.0,0.0,0.0,0.0,0.0,0.0,0.0,0.0,0.0,0.0,0.0,0.0,0.0,0.0,0.061224,0.0,0.0,0.0,0.0,0.0,0.0,0.0,0.0,0.0,0.0,0.0,0.0,0.0,0.0,0.0,0.0,0.0,0.0,0.0,0.0,0.0,0.0,0.0,0.0,0.0,0.0,0.0,0.0,0.0,0.0,0.0,0.0,0.0,0.0,0.0,0.0,0.0,0.0,0.0,0.0,0.0,0.000189,0.0,0.000731,0.0,0.0,0.0,0.00047,0.0,0.0,0.0,0.0,0.0,0.0,0.0,0.0,0.0,0.0,0.0,0.0,0.0,0.0,0.0,0.0,0.0,0.0,0.000269,0.0,0.0,0.000183,0.0,0.000247,0.0,0.0,0.008772,0.0,0.0,0.425532,1.0,0.004525,0.0,0.0,0.106383,0.015075,0.007554,0.005155,0.003215,0.0,0.0,0.0,8.1e-05,0.0,0.0,0.0,0.0,0.0,0.0,0.0,0.0,0.0,0.0,0.0,0.0,0.0,0.0,0.0,0.0,0.0,0.0,0.0,0.0,0.0,0.0,0.0,0.0,0.0,0.0,0.0,0.0,0.0,0.0,0.0,0.0,0.0,0.0,0.0,0.0,0.0,0.0,0.0,0.0,0.0,0.0,0.0,0.0,0.0,0.0,0.0,0.001587,0.0,0.0,0.0,0.0,0.0,0.0,0.0,0.0,0.0,0.0,0.0,0.0,0.0,0.0,0.0,0.000372,0.0,0.0,0.0,0.0,0.003497,0.0,0.0,0.0,0.0,0.0,0.015152,0.0,0.0,0.0,0.0,0.0,0.0,0.0,0.0,0.0,0.0,0.003425,0.0,0.007692,0.0,0.0,0.0,0.0,0.0,0.0,0.008065,0.000749,0.0,0.0,0.000471,0.0,0.0,0.0,0.0,0.0,0.0,0.0,0.0,0.0,0.00339,0.0,0.0,0.0,0.0,0.0,0.0,0.0,0.0,0.0,0.0,0.014493,0.0,0.0,0.0,0.0,0.0,0.0,0.0,0.0,0.0,0.0,0.0,0.0,0.0,0.0,0.0,0.000177,0.0,0.0,0.0,0.0,0.0
5210,0.003017,0.003128,0.001508,0.0,0.0,0.0,0.0,0.001508,0.001508,0.0011,0.0,0.0,0.001508,0.003017,0.001247,0.0,0.001508,0.001508,0.001484,0.0,0.0,0.003017,0.010558,0.0,0.006033,0.006033,0.001508,0.004525,0.001508,0.0,0.006033,0.0,0.0,0.0,0.006033,0.0,0.003167,0.0,0.0,0.0,0.0,0.001508,0.0,0.0,0.004525,0.001508,0.0,0.0,0.0,0.004525,0.001508,0.007541,0.007541,0.003017,0.007541,0.006033,0.012066,0.001508,0.002599,0.003017,0.004525,0.001508,0.001508,0.013575,0.012066,0.0,0.003017,0.001508,0.001508,0.0,0.0,0.004525,0.0,0.0,0.003017,0.003017,0.0,0.003017,0.000802,0.0,0.0,0.0,0.003017,0.001508,0.004525,0.0,0.003017,0.0,0.0,0.0,0.0,0.004525,0.0,0.001508,0.0,0.004525,0.006033,0.004525,0.001508,0.001508,0.0,0.00905,0.00905,0.0,0.012066,0.001508,0.004525,0.006033,0.0,0.003017,0.003017,0.0,0.001508,0.004525,0.0,0.0,0.003017,0.0,0.0,0.001508,0.003017,0.0,0.0,0.0,0.0,0.0,0.001508,0.004525,0.001508,0.0,0.0,0.001508,0.0,0.0,0.0,0.0,0.0,0.0,0.0,0.0,0.0,0.001508,0.003017,0.0,0.0,0.0,0.0,0.0,0.0,0.0,0.0,0.0,0.004525,0.004525,0.0,0.0,0.0,0.0,0.0,0.001508,0.003017,0.001508,0.001508,0.001508,0.0,0.001508,0.0,0.0,0.004525,0.001508,0.0,0.010978,0.0,0.001508,0.0,0.0,0.0,0.0,0.0,0.001508,0.006033,0.0,0.001508,0.001508,0.0,0.001508,0.0,0.0,0.004525,0.001508,0.0,0.003017,0.001508,0.003017,0.0,0.0,0.001508,0.001992,0.0,0.004525,0.0,0.0,0.003017,0.003546,0.003017,0.0,0.0,0.00905,0.013575,0.002382,0.007407,0.020629,0.006,0.007601,0.009189,0.005563,0.016853,0.00504,0.001508,0.00905,0.012794,0.013575,0.007541,0.011196,0.015159,0.014159,0.003313,0.01133,0.005047,0.003178,0.0,0.004701,0.005521,0.013534,0.004525,0.008895,0.010558,0.017131,0.002737,0.0,0.006033,0.006033,0.00291,0.006772,0.005052,0.001508,0.001508,0.001508,0.003017,0.001508,0.001347,0.0,0.0,0.000183,0.000359,0.002176,0.0,0.0,0.003017,0.0,0.003017,0.004525,0.004525,1.0,0.010558,0.0,0.001508,0.010558,0.030217,0.006033,0.006033,0.001101,0.0,0.001508,0.0021,0.003382,0.003017,0.001196,0.0,0.0,0.001508,0.0,0.0,0.0,0.0,0.001508,0.001508,0.001508,0.0,0.0,0.001508,0.0,0.005031,0.001508,0.0,0.0,0.001508,0.0,0.0,0.0,0.0,0.003017,0.0,0.0,0.0,0.0,0.001508,0.0,0.0,0.0,0.0,0.003017,0.001508,0.0,0.0,0.001508,0.0,0.0,0.016393,0.003284,0.002329,0.000735,0.010317,0.00446,0.003554,0.003017,0.006033,0.0,0.007018,0.001508,0.003017,0.0,0.001398,0.004525,0.0,0.0,0.0,0.003017,0.005214,0.003017,0.0,0.0,0.0,0.0,0.0,0.0,0.001508,0.001508,0.0,0.0,0.001508,0.0,0.003017,0.010558,0.010558,0.001508,0.002459,0.001508,0.015083,0.0,0.00905,0.001508,0.003017,0.0,0.0,0.0,0.0,0.004525,0.001508,0.0,0.000749,0.001508,0.001508,0.001412,0.003017,0.004525,0.001951,0.001062,0.0,0.001508,0.001508,0.003017,0.001508,0.003017,0.002415,0.0,0.0,0.0,0.001508,0.001859,0.001508,0.001508,0.0,0.001497,0.001508,0.0,0.0,0.0,0.0,0.0,0.002581,0.001508,0.004525,0.006033,0.0,0.001508,0.001508,0.0,0.000856,0.003017,0.002298,0.0,0.0,0.0,0.0,0.0
5221,0.0,0.003128,0.003953,0.00531,0.0,0.0,0.0,0.001976,0.0,0.00165,0.0,0.0,0.0,0.001605,0.000623,0.0,0.0,0.003953,0.00334,0.0,0.0,0.00157,0.003322,0.001976,0.001845,0.0,0.0,0.0,0.0,0.001976,0.0,0.0,0.0,0.0,0.0,0.0,0.000792,0.001976,0.0,0.0,0.0,0.0,0.0,0.0,0.003953,0.001976,0.0,0.0,0.0,0.005929,0.0,0.005929,0.0,0.0,0.0,0.001931,0.0,0.0,0.0,0.0,0.0,0.0,0.0,0.0,0.0,0.0,0.0,0.0,0.001976,0.0,0.0,0.0,0.0,0.0,0.0,0.0,0.0,0.001976,0.000401,0.0,0.0,0.0,0.0,0.001976,0.001976,0.0,0.0,0.0,0.0,0.003953,0.001976,0.0,0.001508,0.003257,0.0,0.0,0.0,0.0,0.0,0.0,0.0,0.0,0.0,0.0,0.0,0.0,0.0,0.0,0.0,0.0,0.0,0.0,0.0,0.0,0.0,0.001976,0.0,0.001976,0.0,0.0,0.0,0.001976,0.0,0.0,0.0,0.0,0.0,0.0,0.0,0.0,0.0,0.0,0.0,0.0,0.0,0.0,0.0,0.0,0.0,0.0,0.0,0.0,0.0,0.0,0.0,0.0,0.0,0.0,0.0,0.0,0.0,0.001976,0.0,0.001976,0.0,0.0,0.0,0.0,0.0,0.0,0.0,0.0,0.0,0.0,0.0,0.0,0.0,0.0,0.001976,0.0,0.0,0.000998,0.001976,0.0,0.0,0.0,0.0,0.0,0.0,0.0,0.001664,0.0,0.001976,0.0,0.001976,0.0,0.0,0.0,0.0,0.005929,0.003953,0.0,0.001976,0.0,0.0,0.0,0.0,0.002988,0.011858,0.005837,0.003953,0.0,0.001976,0.001182,0.001976,0.0,0.006803,0.008606,0.007752,0.003175,0.002963,0.000982,0.001,0.001267,0.001037,0.002139,0.001176,0.001008,0.0,0.003953,0.002476,0.029644,0.0,0.003053,0.001467,0.00151,0.001553,0.001462,0.002366,0.001156,0.0,0.007522,0.001472,0.0,0.0,0.00117,0.0,0.002141,0.003193,0.0,0.003953,0.0,0.001198,0.001092,0.005773,0.0,0.0,0.001764,0.0,0.0,0.003501,0.001976,0.0,0.005311,0.002011,0.00821,0.0,0.0,0.001976,0.001976,0.003953,0.0,0.0,0.010558,1.0,0.0,0.0,0.005929,0.005666,0.008591,0.009881,0.005869,0.0,0.0,0.002423,0.003382,0.0,0.001196,0.0,0.0,0.0,0.0,0.0,0.0,0.0,0.0,0.001976,0.0,0.0,0.0,0.0,0.0,0.002516,0.0,0.0,0.0,0.0,0.0,0.0,0.0,0.0,0.0,0.0,0.0,0.0,0.0,0.0,0.0,0.0,0.0,0.0,0.0,0.0,0.0,0.0,0.0,0.0,0.0,0.00675,0.004769,0.004658,0.000368,0.003968,0.00223,0.003554,0.001976,0.001976,0.001976,0.002807,0.0,0.0,0.0,0.000932,0.003953,0.0,0.0,0.0,0.0,0.004097,0.0,0.0,0.0,0.0,0.0,0.001976,0.001976,0.001976,0.0,0.0,0.0,0.0,0.001976,0.001976,0.001976,0.003953,0.0,0.003279,0.0,0.001976,0.0,0.011858,0.007905,0.005929,0.0,0.0,0.0,0.0,0.006349,0.003953,0.0,0.004491,0.003953,0.0,0.004706,0.001976,0.005929,0.000975,0.001062,0.0,0.001976,0.0,0.001976,0.0,0.003953,0.0,0.003953,0.0,0.0,0.0,0.001859,0.0,0.001976,0.0,0.001497,0.0,0.0,0.001976,0.001976,0.0,0.001976,0.00129,0.001976,0.0,0.005929,0.0,0.0,0.001976,0.001767,0.001284,0.005929,0.002209,0.0,0.0,0.0,0.0,0.0
5222,0.0,0.0,0.0,0.0,0.0,0.0,0.0,0.0,0.0,0.0,0.0,0.0,0.0,0.001605,0.0,0.0,0.0,0.0,0.0,0.0,0.0,0.0,0.0,0.0,0.0,0.0,0.0,0.0,0.0,0.0,0.0,0.0,0.0,0.0,0.0,0.0,0.0,0.0,0.0,0.0,0.0,0.0,0.0,0.0,0.0,0.0,0.0,0.0,0.0,0.0,0.0,0.0,0.005882,0.0,0.0,0.0,0.0,0.0,0.0,0.0,0.0,0.0,0.0,0.0,0.0,0.0,0.0,0.0,0.0,0.0,0.0,0.0,0.0,0.0,0.0,0.0,0.0,0.0,0.0,0.0,0.0,0.0,0.0,0.0,0.0,0.0,0.0,0.0,0.0,0.0,0.0,0.0,0.0,0.0,0.0,0.0,0.0,0.0,0.0,0.0,0.0,0.0,0.0,0.0,0.0,0.0,0.0,0.0,0.0,0.0,0.0,0.0,0.0,0.0,0.0,0.0,0.0,0.0,0.0,0.0,0.0,0.0,0.0,0.0,0.0,0.0,0.0,0.0,0.0,0.0,0.0,0.0,0.0,0.0,0.0,0.0,0.0,0.0,0.0,0.0,0.0,0.0,0.0,0.0,0.0,0.0,0.0,0.0,0.0,0.0,0.0,0.0,0.0,0.0,0.0,0.0,0.0,0.0,0.0,0.0,0.0,0.0,0.0,0.0,0.0,0.0,0.0,0.0,0.0,0.0,0.0,0.0,0.0,0.0,0.0,0.0,0.0,0.0,0.0,0.0,0.003328,0.0,0.0,0.0,0.0,0.0,0.0,0.0,0.0,0.0,0.0,0.009174,0.0,0.0,0.0,0.0,0.0,0.0,0.0,0.0,0.0,0.0,0.0,0.0,0.0,0.0,0.0,0.0,0.0,0.0,0.0,0.0,0.0,0.0,0.000445,0.0,0.000196,0.0,0.0,0.0,0.0,0.002874,0.0,0.0,0.0,0.0,0.0,0.0,0.0,0.0,0.0,0.0,0.0,0.0,0.0,0.0,0.0,0.0,0.0,0.0,0.0,0.0,0.000171,0.0,0.0,0.0,0.0,0.0,0.0,0.0,0.0,0.0,0.0,0.0,7.2e-05,9.9e-05,0.0,0.018519,0.008772,0.045455,0.021739,0.0,0.0,0.0,0.0,1.0,0.0625,0.015075,0.003777,0.0,0.0,0.0,0.0,0.0,8.1e-05,0.0,0.0,0.0,0.0,0.0,0.0,0.0,0.0,0.0,0.0,0.0,0.0,0.0,0.0,0.0,0.0,0.0,0.0,0.0,0.0,0.0,0.0,0.0,0.0,0.0,0.0,0.0,0.0,0.0,0.0,0.0,0.0,0.0,0.0,0.0,0.0,0.0,0.0,0.0,0.0,0.0,0.0,0.0,0.001929,0.000313,0.0,0.0,0.000794,0.0,0.000355,0.0,0.0,0.0,0.0,0.0,0.0,0.0,0.000155,0.0,0.0,0.0,0.0,0.0,0.0,0.0,0.0,0.0,0.0,0.0,0.006944,0.0,0.0,0.0,0.0,0.0,0.0,0.002088,0.0,0.0,0.0,0.0,0.0,0.0,0.0,0.0,0.0,0.0,0.0,0.0,0.0,0.0,0.0,0.0,0.0,0.0,0.0,0.0,0.0,0.0,0.0,0.0,0.0,0.0,0.0,0.0,0.0,0.0,0.0,0.0,0.0,0.0,0.0,0.0,0.0,0.0,0.0,0.0,0.0,0.0,0.0,0.0,0.0,0.0,0.0,0.0,0.0,0.0,0.0,0.0,0.0,0.0,0.0,0.0,0.0,0.0,8.8e-05,0.0,0.0,0.0,0.0,0.0
5223,0.0,0.0,0.0,0.0,0.0,0.0,0.0,0.0,0.0,0.0,0.0,0.0,0.0,0.0,0.0,0.0,0.0,0.0,0.0,0.0,0.0,0.0,0.0,0.0,0.0,0.004902,0.0,0.0,0.0,0.0,0.0,0.0,0.0,0.0,0.0,0.0,0.0,0.0,0.0,0.0,0.0,0.0,0.0,0.0,0.0,0.0,0.0,0.0,0.0,0.0,0.0,0.0,0.0,0.0,0.0,0.0,0.0,0.0,0.0,0.0,0.0,0.0,0.0,0.0,0.0,0.0,0.0,0.0,0.0,0.0,0.0,0.0,0.0,0.0,0.0,0.0,0.0,0.0,0.0,0.0,0.0,0.0,0.0,0.0,0.0,0.0,0.0,0.0,0.0,0.0,0.0,0.0,0.001508,0.001629,0.0,0.0,0.0,0.0,0.0,0.0,0.0,0.0,0.0,0.0,0.0,0.0,0.0,0.0,0.0,0.0,0.0,0.0,0.0,0.0,0.0,0.0,0.0,0.0,0.0,0.0,0.0,0.0,0.0,0.0,0.0,0.0,0.0,0.0,0.0,0.0,0.0,0.0,0.0,0.0,0.0,0.0,0.0,0.0,0.0,0.0,0.0,0.0,0.0,0.0,0.0,0.0,0.0,0.0,0.0,0.0,0.0,0.0,0.00565,0.0,0.0,0.0,0.0,0.0,0.0,0.0,0.0,0.0,0.0,0.0,0.0,0.0,0.03125,0.0,0.0,0.0,0.0,0.0,0.0,0.0,0.0,0.0,0.0,0.0,0.0,0.0,0.0,0.0,0.0,0.020408,0.0,0.0,0.0,0.0,0.0,0.0,0.0,0.0,0.0,0.0,0.0,0.0,0.0,0.0,0.0,0.0,0.0,0.0,0.0,0.001182,0.0,0.0,0.0,0.0,0.0,0.0,0.0,0.0,0.0,0.0,0.0,0.0,0.0,0.0,0.0,0.0,0.0,0.008621,0.0,0.0,0.0,0.0,0.000104,0.000365,0.0,0.0,0.0,0.0,0.0,0.0,0.0,0.0,0.0,0.000357,0.0,0.0,0.0,0.0,0.0,0.000218,0.0,0.0,0.0,0.0,0.0,0.0,0.0,0.0,0.0,0.000183,7.2e-05,0.0,0.0,0.0,0.0,0.0,0.0,0.170732,0.106383,0.001508,0.0,0.0625,1.0,0.01005,0.003777,0.001718,0.006431,0.0,0.0,0.0,0.0,0.0,0.0,0.0,0.0,0.0,0.0,0.0,0.0,0.0,0.0,0.0,0.0,0.0,0.0,0.0,0.0,0.0,0.0,0.0,0.0,0.0,0.0,0.0,0.0,0.0,0.0,0.0,0.0,0.0,0.0,0.0,0.0,0.0,0.0,0.0,0.0,0.0,0.0,0.0,0.0,0.0,0.0,0.0,0.0,7.8e-05,0.0,0.0,0.001587,0.000446,0.0,0.0,0.0,0.0,0.0,0.0,0.0,0.0,0.0,0.0,0.0,0.0,0.0,0.0,0.0,0.0,0.0,0.0,0.0,0.0,0.0,0.0,0.0,0.0,0.0,0.0,0.0,0.0,0.0,0.0,0.0,0.0,0.0,0.0,0.0,0.0,0.003425,0.0,0.007692,0.0,0.0,0.0,0.0,0.0,0.0,0.008065,0.000749,0.0,0.0,0.000941,0.0,0.0,0.0,0.0,0.0,0.0,0.0,0.0,0.0,0.00339,0.0,0.0,0.0,0.0,0.0,0.0,0.0,0.0,0.0,0.0,0.0,0.0,0.0,0.0,0.0,0.0,0.0,0.0,0.0,0.0,0.0,0.0,0.0,0.001767,0.0,0.0,0.000353,0.0,0.0,0.0,0.0,0.0
5224,0.0,0.0,0.0,0.0,0.0,0.0,0.0,0.0,0.0,0.0011,0.0,0.0,0.0,0.0,0.0,0.0,0.0,0.0,0.0,0.0,0.0,0.00157,0.0,0.0,0.0,0.0,0.0,0.005025,0.0,0.0,0.0,0.0,0.0,0.0,0.00738,0.0,0.0,0.0,0.0,0.0,0.0,0.0,0.0,0.0,0.0,0.004149,0.0,0.0,0.0,0.0,0.0,0.0,0.005025,0.0,0.0,0.0,0.004695,0.0,0.00065,0.0,0.0,0.0,0.0,0.002381,0.0,0.0,0.0,0.0,0.0,0.0,0.005025,0.0,0.0,0.0,0.0,0.0,0.0,0.0,0.000401,0.0,0.0,0.0,0.0,0.0,0.0,0.0,0.0,0.0,0.0,0.0,0.0,0.0,0.001508,0.0,0.0,0.0,0.0,0.0,0.0,0.0,0.0,0.0,0.0,0.0,0.0,0.0,0.005025,0.0,0.0,0.0,0.0,0.0,0.0,0.0,0.005025,0.005025,0.0,0.0,0.0,0.0,0.0,0.0,0.0,0.0,0.0,0.002604,0.0,0.0,0.005025,0.0,0.0,0.0,0.0,0.0,0.0,0.0,0.0,0.0,0.0,0.0,0.0,0.0,0.0,0.0,0.0,0.005025,0.0,0.0,0.005025,0.0,0.0,0.0,0.01005,0.0,0.0,0.0,0.0,0.0,0.0,0.0,0.0,0.005025,0.0,0.0,0.0,0.0,0.0,0.0,0.0,0.0,0.0,0.0,0.0,0.0,0.0,0.0,0.0,0.0,0.0,0.005025,0.003328,0.0,0.004545,0.005025,0.0,0.0,0.0,0.0,0.0,0.0,0.005025,0.0,0.0,0.0,0.0,0.0,0.0,0.001992,0.002123,0.001946,0.005025,0.0,0.005025,0.0,0.0,0.0,0.001701,0.001721,0.0,0.000265,0.000889,0.0,0.001,0.001267,0.00163,0.000428,0.000392,0.001008,0.0,0.0,0.000825,0.002874,0.0,0.000509,0.000978,0.001133,0.000518,0.0,0.000158,0.000867,0.005025,0.0,0.000736,0.0,0.0,0.00117,0.0,0.001071,0.0,0.0,0.0,0.004695,0.000342,0.000655,0.000241,0.0,0.0,0.0,0.0,0.0,0.001077,0.0,0.0,0.000733,0.001006,0.002671,0.005025,0.0,0.020101,0.0,0.0,0.005025,0.015075,0.010558,0.005929,0.015075,0.01005,1.0,0.027384,0.006873,0.006431,0.000734,0.0,0.0,0.000404,0.0,0.0,0.0,0.0,0.0,0.005025,0.0,0.0,0.0,0.0,0.0,0.0,0.0,0.0,0.0,0.0,0.0,0.0,0.0,0.0,0.0,0.0,0.0,0.0,0.0,0.0,0.0,0.0,0.0,0.0,0.0,0.0,0.0,0.0,0.0,0.0,0.0,0.0,0.0,0.0,0.0,0.0,0.0,0.004822,0.000704,0.002329,0.001103,0.0,0.001784,0.001421,0.005025,0.0,0.0,0.000702,0.0,0.0,0.0,0.000777,0.0,0.0,0.0,0.0,0.0,0.00149,0.0,0.0,0.0,0.0,0.003497,0.0,0.0,0.0,0.0,0.0,0.005025,0.0,0.002088,0.0,0.004073,0.0,0.0,0.001639,0.0,0.01005,0.0,0.0,0.0,0.0,0.0,0.0,0.0,0.0,0.0,0.0,0.0,0.0,0.0,0.0,0.000471,0.0,0.0,0.00065,0.000531,0.0,0.0,0.0,0.0,0.0,0.0,0.0,0.0,0.0,0.0,0.0,0.0,0.0,0.003257,0.0,0.001497,0.0,0.0,0.0,0.0,0.0,0.0,0.0,0.0,0.0,0.002882,0.0,0.0,0.004444,0.0,0.000428,0.0,0.00053,0.0,0.0,0.0,0.0,0.0
5229,0.0,0.000944,0.001889,0.001889,0.0,0.0,0.0,0.000944,0.0,0.0011,0.0,0.0,0.0,0.001889,0.003117,0.000944,0.0,0.0,0.002597,0.0,0.0,0.000944,0.002833,0.0,0.0,0.0,0.0,0.0,0.000944,0.0,0.0,0.0,0.0,0.0,0.002833,0.0,0.006334,0.0,0.0,0.0,0.0,0.0,0.0,0.0,0.0,0.000944,0.0,0.0,0.0,0.0,0.0,0.001889,0.002833,0.000944,0.000944,0.0,0.000944,0.0,0.003249,0.0,0.0,0.0,0.0,0.002833,0.001889,0.0,0.0,0.0,0.001889,0.0,0.0,0.0,0.0,0.0,0.0,0.0,0.0,0.001889,0.0,0.0,0.0,0.0,0.0,0.0,0.000944,0.0,0.000944,0.0,0.0,0.0,0.0,0.000944,0.001889,0.002833,0.0,0.0,0.0,0.0,0.0,0.0,0.0,0.001889,0.000944,0.0,0.0,0.0,0.000944,0.000944,0.0,0.0,0.0,0.0,0.0,0.001889,0.0,0.0,0.0,0.0,0.0,0.0,0.0,0.000944,0.0,0.0,0.0,0.000944,0.0,0.0,0.0,0.0,0.0,0.0,0.0,0.0,0.0,0.0,0.000944,0.0,0.0,0.0,0.0,0.0,0.0,0.0,0.001889,0.0,0.0,0.0,0.0,0.0,0.0,0.0,0.001889,0.0,0.0,0.0,0.0,0.0,0.0,0.0,0.0,0.0,0.0,0.001889,0.0,0.000944,0.0,0.0,0.0,0.0,0.0,0.001889,0.0,0.000944,0.0,0.0,0.0,0.0,0.001889,0.002833,0.002833,0.0,0.000944,0.0,0.0,0.0,0.000944,0.001889,0.0,0.000944,0.0,0.000944,0.000944,0.0,0.0,0.000944,0.0,0.001494,0.0,0.002833,0.0,0.0,0.0,0.002833,0.0,0.0,0.001889,0.003777,0.003777,0.005557,0.006222,0.003777,0.007554,0.006334,0.006225,0.001712,0.003919,0.005666,0.001889,0.001889,0.002476,0.007554,0.003777,0.005598,0.009291,0.006985,0.003209,0.005482,0.002996,0.006357,0.000944,0.007522,0.004049,0.005666,0.001889,0.004682,0.0,0.002855,0.005018,0.0,0.0,0.000944,0.002054,0.003277,0.004571,0.0,0.000944,0.0,0.0,0.004721,0.003771,0.0,0.0,0.003114,0.00589,0.01548,0.001889,0.002833,0.012276,0.0,0.002833,0.002833,0.007554,0.030217,0.005666,0.003777,0.003777,0.027384,1.0,0.015109,0.010387,0.002935,0.0,0.0,0.004523,0.002833,0.001889,0.00299,0.0,0.0,0.0,0.0,0.0,0.0,0.0,0.0,0.0,0.0,0.0,0.0,0.000944,0.0,0.004721,0.000944,0.0,0.0,0.0,0.0,0.0,0.0,0.0,0.000944,0.0,0.0,0.0,0.0,0.0,0.0,0.0,0.0,0.0,0.0,0.000944,0.0,0.000944,0.0,0.0,0.000944,0.008499,0.003597,0.004658,0.003676,0.005556,0.010705,0.002132,0.0,0.0,0.0,0.004912,0.000944,0.0,0.0,0.00435,0.0,0.0,0.0,0.000944,0.0,0.004469,0.0,0.0,0.0,0.0,0.002833,0.002833,0.001889,0.000944,0.002833,0.0,0.000944,0.001889,0.003777,0.000944,0.010387,0.000944,0.0,0.005738,0.000944,0.008499,0.000944,0.001889,0.000944,0.000944,0.0,0.0,0.0,0.0,0.001889,0.0,0.0,0.000749,0.000944,0.0,0.002353,0.0,0.0,0.001951,0.001062,0.0,0.000944,0.0,0.001889,0.000944,0.000944,0.003777,0.000944,0.0,0.0,0.001889,0.001859,0.0,0.000944,0.0,0.004721,0.0,0.000944,0.0,0.0,0.0,0.0,0.001889,0.0,0.001889,0.002833,0.0,0.0,0.000944,0.002833,0.004281,0.001889,0.006009,0.000944,0.0,0.0,0.0,0.0
5310,0.001718,0.0,0.0,0.0,0.0,0.0,0.0,0.0,0.0,0.0011,0.0,0.0,0.0,0.0,0.000623,0.0,0.0,0.0,0.002226,0.0,0.0,0.006279,0.001661,0.0,0.0,0.003436,0.0,0.0,0.0,0.0,0.003436,0.0,0.0,0.0,0.0,0.0,0.0,0.0,0.0,0.0,0.0,0.0,0.0,0.0,0.001718,0.0,0.0,0.0,0.0,0.0,0.0,0.0,0.0,0.001718,0.0,0.0,0.001718,0.0,0.0013,0.0,0.0,0.0,0.0,0.001718,0.0,0.0,0.0,0.0,0.0,0.0,0.0,0.0,0.0,0.0,0.0,0.0,0.0,0.0,0.000802,0.0,0.0,0.0,0.001718,0.0,0.0,0.0,0.0,0.0,0.0,0.0,0.0,0.001718,0.001508,0.003257,0.0,0.0,0.0,0.0,0.0,0.0,0.0,0.0,0.0,0.0,0.0,0.0,0.0,0.001718,0.0,0.0,0.0,0.0,0.0,0.0,0.0,0.0,0.0,0.0,0.0,0.0,0.0,0.0,0.0,0.0,0.0,0.0,0.0,0.001718,0.0,0.0,0.0,0.0,0.0,0.0,0.0,0.0,0.0,0.0,0.0,0.0,0.0,0.0,0.0,0.0,0.0,0.0,0.0,0.0,0.0,0.0,0.0,0.0,0.0,0.0,0.0,0.0,0.0,0.0,0.0,0.0,0.0,0.0,0.0,0.0,0.0,0.0,0.001718,0.0,0.0,0.0,0.0,0.0,0.0,0.0,0.0,0.001718,0.0,0.0,0.0,0.0,0.003328,0.0,0.001718,0.0,0.0,0.0,0.0,0.0,0.0,0.0,0.0,0.0,0.0,0.0,0.0,0.0,0.0,0.000996,0.0,0.0,0.0,0.0,0.0,0.0,0.003436,0.0,0.0,0.001718,0.004651,0.004763,0.004741,0.004912,0.003,0.001267,0.001186,0.001712,0.002548,0.00504,0.003436,0.0,0.000825,0.005155,0.0,0.000509,0.000978,0.003398,0.00176,0.001827,0.000789,0.0026,0.003436,0.009873,0.002944,0.001504,0.0,0.001404,0.0,0.002855,0.001369,0.0,0.0,0.0,0.000685,0.002403,0.000722,0.0,0.0,0.0,0.0,0.003436,0.005117,0.001718,0.0,0.038278,0.004166,0.004303,0.0,0.0,0.0,0.001718,0.0,0.001718,0.005155,0.006033,0.008591,0.0,0.001718,0.006873,0.015109,1.0,0.061856,0.001834,0.0,0.0,0.001616,0.001127,0.0,0.001794,0.0,0.0,0.0,0.0,0.0,0.0,0.0,0.0,0.0,0.0,0.0,0.0,0.0,0.0,0.002516,0.001718,0.0,0.0,0.001718,0.001718,0.0,0.0,0.0,0.001718,0.0,0.0,0.0,0.0,0.001718,0.0,0.0,0.0,0.0,0.0,0.0,0.0,0.001718,0.0,0.001718,0.0,0.003857,0.002971,0.0,0.001471,0.002381,0.002676,0.000355,0.0,0.0,0.0,0.004912,0.0,0.0,0.0,0.001398,0.003436,0.006873,0.0,0.0,0.001718,0.001862,0.0,0.0,0.0,0.0,0.003436,0.0,0.006873,0.0,0.0,0.0,0.0,0.001718,0.0,0.0,0.006873,0.001718,0.0,0.001639,0.0,0.0,0.0,0.0,0.0,0.0,0.0,0.0,0.0,0.0,0.001587,0.0,0.0,0.000749,0.0,0.0,0.000471,0.0,0.001718,0.00065,0.0,0.0,0.0,0.0,0.001718,0.0,0.0,0.003623,0.0,0.0,0.0,0.003436,0.001859,0.0,0.0,0.0,0.0,0.003436,0.003436,0.006873,0.0,0.0,0.0,0.00129,0.001718,0.0,0.0,0.0,0.0,0.0,0.005155,0.000856,0.0,0.002651,0.0,0.0,0.0,0.0,0.0
5320,0.0,0.001043,0.0,0.0,0.0,0.0,0.0,0.0,0.0,0.0,0.0,0.0,0.0,0.0,0.000623,0.003215,0.0,0.0,0.001855,0.0,0.0,0.00157,0.0,0.0,0.0,0.003215,0.0,0.0,0.0,0.0,0.0,0.0,0.0,0.0,0.0,0.0,0.0,0.0,0.0,0.0,0.0,0.0,0.0,0.0,0.0,0.0,0.0,0.0,0.0,0.0,0.0,0.0,0.0,0.0,0.0,0.0,0.0,0.0,0.001949,0.0,0.0,0.0,0.0,0.0,0.0,0.0,0.0,0.0,0.0,0.0,0.0,0.0,0.0,0.0,0.003195,0.0,0.0,0.0,0.000802,0.0,0.0,0.0,0.0,0.0,0.0,0.0,0.002604,0.0,0.0,0.0,0.0,0.003215,0.0,0.0,0.0,0.003215,0.0,0.0,0.0,0.0,0.0,0.0,0.0,0.0,0.0,0.0,0.0,0.0,0.0,0.0,0.0,0.0,0.0,0.0,0.0,0.0,0.003215,0.0,0.0,0.0,0.0,0.0,0.0,0.0,0.0,0.0,0.0,0.0,0.0,0.0,0.0,0.0,0.0,0.0,0.0,0.0,0.0,0.0,0.0,0.0,0.0,0.0,0.0,0.0,0.0,0.0,0.0,0.0,0.0,0.0,0.0,0.0,0.0,0.0,0.0,0.0,0.0,0.0,0.0,0.0,0.0,0.0,0.0,0.0,0.0,0.0,0.0,0.0,0.0,0.0,0.0,0.0,0.0,0.0,0.0,0.0,0.0,0.0,0.0,0.0,0.0,0.0,0.0,0.0,0.0,0.003215,0.0,0.0,0.003215,0.003215,0.0,0.003215,0.0,0.0,0.0,0.0,0.0,0.001992,0.0,0.0,0.003215,0.0,0.0,0.0,0.0,0.0,0.0,0.0,0.00155,0.001588,0.002667,0.000982,0.002,0.000422,0.000889,0.000428,0.001764,0.002016,0.005758,0.0,0.000413,0.005747,0.0,0.000509,0.000489,0.002643,0.000518,0.001096,0.001104,0.001156,0.0,0.006112,0.001104,0.0,0.0,0.000936,0.0,0.001071,0.001369,0.0,0.0,0.0,0.000342,0.001747,0.000962,0.0,0.003215,0.001764,0.0,0.002941,0.00404,0.003215,0.0,0.011722,0.001509,0.002275,0.0,0.0,0.003215,0.0,0.0,0.0,0.003215,0.006033,0.009881,0.0,0.006431,0.006431,0.010387,0.061856,1.0,0.0,0.0,0.0,0.001292,0.002255,0.0,0.000598,0.0,0.0,0.0,0.0,0.0,0.0,0.0,0.0,0.0,0.003215,0.0,0.0,0.0,0.0,0.0,0.003115,0.0,0.003215,0.0,0.0,0.0,0.0,0.0,0.003215,0.0,0.0,0.0,0.0,0.0,0.0,0.0,0.0,0.0,0.0,0.0,0.0,0.006431,0.0,0.0,0.0,0.000964,0.001798,0.001553,0.002574,0.001587,0.001784,0.0,0.0,0.0,0.0,0.002105,0.0,0.0,0.0,0.001243,0.0,0.0,0.0,0.0,0.002353,0.000372,0.0,0.0,0.0,0.0,0.009646,0.0,0.002809,0.0,0.006431,0.0,0.006431,0.0,0.0,0.003215,0.02444,0.0,0.0,0.0,0.0,0.0,0.003215,0.0,0.0,0.003215,0.0,0.0,0.0,0.0,0.0,0.0,0.0,0.0,0.0,0.0,0.000941,0.0,0.002304,0.000975,0.0,0.0,0.0,0.0,0.003215,0.0,0.0,0.003623,0.0,0.0,0.0,0.0,0.0,0.0,0.006431,0.0,0.001497,0.003215,0.0,0.003215,0.0,0.0,0.0,0.00129,0.004751,0.0,0.0,0.0,0.0,0.0,0.003534,0.001284,0.0,0.002298,0.0,0.0,0.0,0.0,0.0
5510,0.000734,0.003302,0.000367,0.002568,0.000367,0.0,0.000367,0.001467,0.0,0.006603,0.000367,0.0,0.000367,0.004769,0.006603,0.001467,0.000734,0.000367,0.014307,0.0,0.0,0.001834,0.001467,0.000734,0.005503,0.000734,0.000367,0.001101,0.0,0.0,0.002201,0.000734,0.0,0.0,0.002201,0.0,0.005869,0.000367,0.0,0.0,0.0,0.0,0.0,0.0,0.002201,0.000734,0.0,0.0,0.0,0.0,0.000367,0.001101,0.0,0.001834,0.0,0.000367,0.000734,0.0,0.004402,0.0,0.001101,0.0,0.002935,0.002568,0.000367,0.0,0.000367,0.000734,0.003302,0.000367,0.0,0.000734,0.000734,0.0,0.002201,0.0,0.0,0.000367,0.007704,0.0,0.000367,0.0,0.000367,0.000734,0.001101,0.0,0.001467,0.0,0.001101,0.0,0.0,0.0,0.002935,0.001101,0.0,0.0,0.0,0.0,0.0,0.000367,0.000367,0.000734,0.0,0.0,0.0,0.0,0.0,0.000734,0.0,0.0,0.0,0.001101,0.0,0.000734,0.000734,0.0,0.000734,0.0,0.0,0.0,0.001101,0.000367,0.0,0.0,0.0,0.000367,0.000734,0.0,0.0,0.0,0.0,0.0,0.0,0.0,0.0,0.0,0.000734,0.0,0.0,0.0,0.0,0.0,0.0,0.0,0.0,0.0,0.0,0.0,0.0,0.0,0.0,0.0,0.000367,0.0,0.0,0.0,0.0,0.0,0.0,0.0,0.0,0.0,0.0,0.000367,0.0,0.0,0.0,0.0,0.0,0.0,0.0,0.003668,0.0,0.000367,0.000367,0.0,0.0,0.000367,0.001467,0.000367,0.000367,0.000367,0.000367,0.000367,0.0,0.0,0.0,0.0,0.000367,0.000734,0.000367,0.0,0.0,0.0,0.0,0.0,0.0,0.011005,0.000734,0.002568,0.000367,0.0,0.0,0.002201,0.000367,0.0,0.001834,0.000734,0.004035,0.008203,0.008,0.004769,0.004402,0.00807,0.011116,0.006236,0.008426,0.004035,0.000734,0.001467,0.004769,0.001467,0.000367,0.010687,0.006603,0.012837,0.010457,0.010234,0.011355,0.019648,0.0,0.012106,0.008804,0.004035,0.004035,0.009597,0.000367,0.014632,0.009171,0.0,0.000734,0.001834,0.015408,0.012451,0.013952,0.000734,0.0,0.001101,0.000367,0.002201,0.013466,0.0,0.0,0.010256,0.006609,0.007073,0.0,0.003668,0.0,0.001101,0.0,0.0,0.0,0.001101,0.005869,0.0,0.0,0.000734,0.002935,0.001834,0.0,1.0,0.001467,0.000367,0.029968,0.006603,0.002568,0.020176,0.000367,0.0,0.0,0.0,0.001101,0.0,0.0,0.000367,0.000367,0.001101,0.000367,0.000367,0.001834,0.000367,0.003302,0.000734,0.0,0.0,0.001834,0.000367,0.0,0.000367,0.0,0.0,0.0,0.000734,0.0,0.0,0.000367,0.0,0.0,0.0,0.0,0.000367,0.0,0.0,0.0,0.0,0.000367,0.000734,0.009905,0.042768,0.014307,0.013573,0.003668,0.009171,0.014925,0.0,0.000734,0.0,0.005136,0.000367,0.000367,0.000367,0.014448,0.001834,0.001101,0.000734,0.000734,0.001834,0.020543,0.0,0.0,0.0,0.0,0.011739,0.012472,0.009171,0.000734,0.000367,0.0,0.000367,0.002201,0.002201,0.001101,0.002568,0.002201,0.0,0.011372,0.000734,0.000367,0.000367,0.000734,0.000367,0.003302,0.0,0.0,0.0,0.0,0.000734,0.000367,0.000734,0.005136,0.001101,0.000367,0.008437,0.0,0.000734,0.014629,0.004402,0.0,0.001101,0.000734,0.001467,0.000734,0.001101,0.004035,0.0,0.0,0.0,0.002201,0.009905,0.0,0.001101,0.001101,0.008804,0.000734,0.000367,0.001834,0.001834,0.0,0.000734,0.001834,0.000367,0.001101,0.001101,0.0,0.000367,0.0,0.005869,0.009905,0.001101,0.013697,0.001101,0.000367,0.0,0.001101,0.0
5520,0.0,0.0,0.0,0.0,0.0,0.0,0.0,0.0,0.0,0.0011,0.0,0.0,0.0,0.0,0.000623,0.0,0.0,0.0,0.000742,0.0,0.0,0.0,0.0,0.0,0.0,0.0,0.0,0.0,0.0,0.0,0.0,0.0,0.0,0.0,0.0,0.0,0.0,0.0,0.0,0.0,0.0,0.0,0.0,0.0,0.0,0.0,0.0,0.0,0.0,0.0,0.0,0.0,0.0,0.0,0.0,0.0,0.0,0.0,0.0,0.0,0.0,0.0,0.0,0.0,0.0,0.0,0.0,0.0,0.002525,0.0,0.0,0.0,0.0,0.0,0.0,0.0,0.0,0.0,0.0,0.0,0.0,0.0,0.0,0.0,0.0,0.0,0.0,0.0,0.0,0.0,0.0,0.0,0.001508,0.0,0.0,0.0,0.0,0.0,0.0,0.0,0.0,0.0,0.0,0.0,0.0,0.0,0.0,0.0,0.0,0.0,0.0,0.0,0.0,0.0,0.0,0.0,0.0,0.0,0.0,0.0,0.0,0.0,0.0,0.0,0.0,0.002604,0.0,0.0,0.0,0.0,0.0,0.0,0.0,0.0,0.0,0.0,0.0,0.0,0.0,0.0,0.0,0.0,0.0,0.0,0.0,0.0,0.0,0.0,0.0,0.0,0.0,0.0,0.0,0.0,0.0,0.0,0.0,0.0,0.0,0.0,0.0,0.0,0.0,0.0,0.0,0.0,0.0,0.0,0.0,0.0,0.0,0.0,0.0,0.0,0.0,0.0,0.0,0.0,0.0,0.0,0.001664,0.0,0.0,0.0,0.0,0.0,0.0,0.0,0.0,0.0,0.0,0.0,0.0,0.0,0.0,0.0,0.0,0.0,0.002123,0.0,0.008065,0.0,0.005682,0.0,0.0,0.0,0.0,0.0,0.0,0.001058,0.0,0.0,0.0,0.0,0.0,0.0,0.000196,0.0,0.0,0.0,0.000413,0.002874,0.0,0.000254,0.0,0.0,0.0,0.0,0.0,0.0,0.0,0.00047,0.0,0.0,0.0,0.0,0.0,0.0,0.0,0.0,0.0,0.0,0.0,0.0,0.0,0.0,0.0,0.0,0.0,0.0,0.0,0.0,0.0,0.0,0.0,4.9e-05,0.0,0.009259,0.0,0.022727,0.0,0.0,0.0,0.0,0.0,0.0,0.0,0.0,0.0,0.0,0.0,0.001467,1.0,0.0,0.000404,0.001127,0.0,0.0,0.0,0.0,0.0,0.0,0.0,0.0,0.0,0.0,0.0,0.0,0.0,0.0,0.0,0.0,0.0,0.0,0.0,0.0,0.0,0.0,0.0,0.0,0.0,0.0,0.0,0.0,0.0,0.0,0.0,0.0,0.0,0.0,0.0,0.0,0.0,0.0,0.0,0.0,0.0,0.0,0.0,0.000391,0.0,0.0,0.001587,0.000446,0.0,0.0,0.0,0.0,0.0,0.0,0.0,0.0,0.000155,0.0,0.0,0.0,0.0,0.0,0.000745,0.0,0.0,0.0,0.0,0.006993,0.010417,0.0,0.0,0.0,0.0,0.0,0.0,0.002088,0.0,0.002037,0.0,0.0,0.0,0.0,0.0,0.0,0.0,0.0,0.0,0.0,0.0,0.0,0.0,0.001587,0.0,0.0,0.0,0.0,0.0,0.001412,0.0,0.0,0.0,0.0,0.0,0.013514,0.0,0.0,0.0,0.0,0.0,0.0,0.0,0.0,0.0,0.0,0.0,0.0,0.008475,0.0,0.0,0.0,0.006135,0.005495,0.0,0.0,0.0,0.0,0.0,0.0,0.0,0.0,0.0,0.0,0.000428,0.0,0.000353,0.0,0.0,0.0,0.0,0.0
5590,0.0,0.0,0.0,0.0,0.0,0.0,0.0,0.0,0.0,0.00055,0.0,0.0,0.0,0.0,0.000623,0.0,0.0,0.0,0.0,0.0,0.0,0.0,0.0,0.0,0.0,0.0,0.0,0.0,0.0,0.0,0.0,0.0,0.0,0.0,0.0,0.0,0.0,0.0,0.0,0.0,0.0,0.04,0.0,0.0,0.0,0.0,0.0,0.0,0.0,0.0,0.0,0.0,0.0,0.0,0.0,0.0,0.0,0.0,0.0,0.016393,0.0,0.0,0.0,0.002381,0.0,0.0,0.0,0.0,0.0,0.0,0.0,0.0,0.0,0.0,0.0,0.0,0.0,0.0,0.0,0.0,0.0,0.0,0.0,0.0,0.0,0.0,0.0,0.0,0.0,0.0,0.0,0.0,0.0,0.0,0.0,0.034483,0.0,0.0,0.0,0.0,0.0,0.0,0.0,0.0,0.020619,0.0,0.0,0.0,0.0,0.0,0.0,0.00885,0.0,0.0,0.0,0.0,0.0,0.0,0.0,0.0,0.0,0.0,0.0,0.0,0.0,0.0,0.0,0.0,0.0,0.0,0.0,0.0,0.0,0.0,0.0,0.0,0.0,0.0,0.0,0.0,0.0,0.0,0.0,0.0,0.0,0.0,0.0,0.0,0.0,0.0,0.0,0.0,0.0,0.0,0.0,0.0,0.0,0.0,0.0,0.0,0.0,0.0,0.0,0.0,0.0,0.0,0.0,0.0,0.0,0.0,0.0,0.0,0.0,0.0,0.0,0.0,0.0,0.0,0.0,0.0,0.0,0.0,0.004545,0.0,0.0,0.0,0.0,0.0,0.0,0.0,0.0,0.0,0.0,0.0,0.0,0.0,0.0,0.000996,0.0,0.0,0.0,0.0,0.0,0.001182,0.0,0.0,0.0,0.001721,0.0,0.000529,0.0,0.0,0.0,0.0,0.000148,0.000428,0.000196,0.001008,0.0,0.0,0.0,0.0,0.0,0.0,0.0,0.000189,0.000104,0.0,0.000158,0.000289,0.0,0.0,0.0,0.0,0.0,0.0,0.0,0.0,0.000912,0.0,0.0,0.0,0.0,0.000218,0.000241,0.0,0.009174,0.0,0.0,0.0,0.0,0.0,0.0,0.0,0.0,4.9e-05,0.0,0.0,0.0,0.0,0.0,0.02439,0.0,0.001508,0.0,0.0,0.0,0.0,0.0,0.0,0.0,0.000367,0.0,1.0,0.000323,0.002255,0.001961,0.000598,0.0,0.0,0.0,0.0,0.0,0.0,0.0,0.0,0.0,0.0,0.0,0.0,0.0,0.0,0.001258,0.0,0.0,0.0,0.006711,0.0,0.0,0.0,0.0,0.0,0.0,0.0,0.0,0.0,0.0,0.0,0.0,0.0,0.0,0.0,0.0,0.0,0.0,0.0,0.0,0.0,0.0,0.000313,0.0,0.000368,0.0,0.0,0.000711,0.0,0.0,0.007519,0.0,0.0,0.003012,0.0,0.000155,0.0,0.0,0.0,0.0,0.002353,0.0,0.0,0.0,0.0,0.0,0.0,0.0,0.0,0.0,0.0,0.0,0.0,0.0,0.0,0.0,0.0,0.0,0.0,0.00082,0.0,0.0,0.0,0.0,0.009174,0.0,0.0,0.0,0.0,0.0,0.0,0.0,0.0,0.0,0.0,0.0,0.001412,0.017241,0.002304,0.000325,0.0,0.016393,0.0,0.0,0.006757,0.0,0.0,0.001208,0.0,0.0,0.0,0.0,0.001859,0.0,0.0,0.0,0.001497,0.0,0.0,0.0,0.010989,0.0,0.0,0.0,0.0,0.0,0.0,0.0,0.0,0.0,0.0,0.001284,0.0,0.000353,0.0,0.0,0.0,0.0,0.0
5610,0.000969,0.002908,0.000889,0.001212,0.000323,0.0,0.0,0.000162,8.1e-05,0.003716,0.000242,8.1e-05,0.000565,0.000565,0.005331,0.000646,0.000162,0.000727,0.008401,0.000162,0.000162,0.003473,0.001939,0.000485,0.001858,0.000808,0.000485,0.000162,0.0,0.0,0.000323,0.000323,0.0,0.0,0.000727,0.000242,0.002746,0.001131,0.0,8.1e-05,0.0,8.1e-05,0.0,0.0,0.000969,0.000485,0.0,0.0,0.0,8.1e-05,0.0,0.002262,0.000485,0.004362,8.1e-05,0.006866,0.001131,8.1e-05,0.021082,0.000162,0.001212,8.1e-05,0.007997,0.005977,0.000162,0.000162,0.000162,0.000889,0.001777,8.1e-05,8.1e-05,0.0,0.000323,8.1e-05,0.001373,0.0,0.0,8.1e-05,0.009935,8.1e-05,0.000162,0.0,0.000323,0.000969,0.000646,8.1e-05,0.001454,8.1e-05,0.000242,8.1e-05,0.0,0.000162,0.00412,0.003473,0.000162,8.1e-05,0.000242,0.0,0.000162,0.000162,8.1e-05,0.000727,8.1e-05,0.0,0.000162,8.1e-05,0.0,0.000242,8.1e-05,8.1e-05,0.0,0.000808,8.1e-05,0.000242,8.1e-05,8.1e-05,0.000162,0.0,0.0,0.0,0.002019,0.000242,0.0,0.0,8.1e-05,0.000969,8.1e-05,8.1e-05,0.0,8.1e-05,0.000162,8.1e-05,8.1e-05,0.0,0.0,0.0,0.000162,0.0,0.0,0.0,0.0,8.1e-05,8.1e-05,8.1e-05,0.0,0.0,0.0,0.0,0.0,0.0,8.1e-05,0.0,0.000565,0.0,0.0,8.1e-05,0.0,0.000162,0.0,0.000242,0.0,0.000162,0.000162,8.1e-05,8.1e-05,8.1e-05,0.0,0.0,0.0,0.0,0.0,0.003473,0.000323,8.1e-05,0.0,0.0,0.000404,0.000323,0.001454,0.000242,0.002423,0.000323,0.000969,8.1e-05,0.0,8.1e-05,8.1e-05,8.1e-05,0.000404,0.000323,0.000242,8.1e-05,0.0,8.1e-05,0.0,8.1e-05,8.1e-05,0.006139,0.000485,0.000889,0.000162,0.0,8.1e-05,0.002181,0.000646,0.000162,0.001777,0.00105,0.002504,0.013732,0.008724,0.004927,0.00412,0.005493,0.037964,0.007189,0.016236,0.002746,0.001292,0.000404,0.00727,0.000969,0.000646,0.007351,0.005008,0.024556,0.084653,0.015751,0.050485,0.037399,0.000162,0.009208,0.011874,0.002908,0.001696,0.012036,0.000565,0.009451,0.011874,8.1e-05,0.001131,0.001292,0.029483,0.014943,0.015913,0.000242,0.000646,0.002666,0.000162,0.0021,0.021244,0.0,0.0,0.007997,0.043316,0.020773,8.1e-05,0.000323,8.1e-05,0.000485,8.1e-05,0.000162,8.1e-05,0.0021,0.002423,8.1e-05,0.0,0.000404,0.004523,0.001616,0.001292,0.029968,0.000404,0.000323,1.0,0.019063,0.012843,0.032149,8.1e-05,0.000404,8.1e-05,0.000323,0.00105,8.1e-05,8.1e-05,0.000565,0.001131,0.000727,0.000242,0.000323,8.1e-05,0.0,0.003716,0.001131,0.000727,0.000404,0.000969,0.0,8.1e-05,8.1e-05,0.0,0.0,0.0,8.1e-05,8.1e-05,0.0,0.0,0.0,8.1e-05,0.0,0.0,8.1e-05,0.0,0.0,0.000485,0.0,0.000242,0.000162,0.004039,0.062158,0.006139,0.015832,0.003554,0.009289,0.005089,0.0,0.000242,0.000565,0.008885,0.000404,0.002827,0.001939,0.035945,0.000646,0.000485,0.000323,0.000485,0.003635,0.007835,0.000969,0.0,8.1e-05,0.0,0.001292,0.001939,0.002746,0.000727,0.00105,0.0,0.000404,0.002989,0.003554,0.000485,0.00315,0.002423,0.000162,0.013732,0.000646,0.000323,0.000727,0.000323,0.000404,0.000808,0.0,0.0,0.0,0.0,0.001454,0.000969,0.000727,0.004604,0.002019,0.000485,0.010016,0.000242,0.000727,0.007108,0.003393,0.000162,0.000162,0.000162,0.000404,0.000323,0.000889,0.008481,8.1e-05,0.000162,0.0,0.003393,0.012278,0.000485,0.002262,0.00105,0.009693,0.0,0.000485,0.0,0.000485,0.0,0.000323,0.003877,0.001292,0.000404,0.001858,0.000242,0.000646,0.000727,0.003958,0.019467,0.000808,0.080533,0.000808,0.000404,0.0,8.1e-05,8.1e-05
5621,0.0,0.003128,0.001127,0.002255,0.0,0.0,0.0,0.0,0.0,0.0011,0.0,0.0,0.001127,0.001127,0.00187,0.0,0.0,0.002255,0.001855,0.0,0.0,0.001127,0.002255,0.0,0.0,0.0,0.001127,0.0,0.0,0.0,0.0,0.0,0.0,0.0,0.0,0.001127,0.003959,0.001127,0.0,0.0,0.0,0.0,0.0,0.0,0.002255,0.0,0.0,0.0,0.0,0.0,0.0,0.003382,0.001127,0.002255,0.0,0.00451,0.0,0.0,0.005848,0.0,0.0,0.0,0.007892,0.006764,0.0,0.0,0.0,0.0,0.003382,0.0,0.0,0.0,0.0,0.0,0.0,0.0,0.0,0.0,0.001203,0.0,0.0,0.0,0.0,0.002255,0.0,0.0,0.0,0.0,0.001127,0.0,0.0,0.0,0.00451,0.003382,0.0,0.0,0.0,0.001127,0.0,0.0,0.0,0.0,0.0,0.0,0.001127,0.0,0.0,0.0,0.0,0.001127,0.0,0.0,0.0,0.0,0.0,0.0,0.0,0.0,0.0,0.0,0.001127,0.0,0.0,0.0,0.0,0.0,0.0,0.001127,0.0,0.0,0.0,0.0,0.0,0.0,0.0,0.0,0.0,0.0,0.0,0.0,0.0,0.0,0.0,0.0,0.0,0.0,0.0,0.0,0.0,0.0,0.0,0.0,0.001127,0.0,0.0,0.0,0.0,0.0,0.0,0.0,0.0,0.001127,0.0,0.0,0.001127,0.0,0.0,0.0,0.0,0.0,0.0,0.000998,0.0,0.001127,0.0,0.0,0.0,0.001127,0.001127,0.0,0.005637,0.0,0.002255,0.0,0.0,0.0,0.001127,0.001127,0.0,0.0,0.0,0.0,0.0,0.0,0.0,0.001127,0.0,0.001992,0.0,0.0,0.0,0.0,0.0,0.007892,0.001127,0.0,0.002255,0.001127,0.002255,0.001852,0.003259,0.004912,0.005,0.001689,0.003557,0.003851,0.00196,0.003024,0.0,0.0,0.004953,0.0,0.0,0.001527,0.002934,0.002265,0.004348,0.002924,0.003627,0.006934,0.0,0.002821,0.003312,0.001127,0.003382,0.001404,0.0,0.002141,0.005018,0.0,0.001127,0.001127,0.002226,0.00415,0.00433,0.0,0.001127,0.0,0.0,0.001127,0.004309,0.0,0.0,0.000733,0.002802,0.000841,0.0,0.0,0.0,0.0,0.0,0.0,0.0,0.003382,0.003382,0.0,0.0,0.0,0.002833,0.001127,0.002255,0.006603,0.001127,0.002255,0.019063,1.0,0.038331,0.014354,0.001127,0.001127,0.0,0.0,0.001127,0.0,0.0,0.0,0.001127,0.002255,0.0,0.0,0.001127,0.0,0.002255,0.002255,0.0,0.0,0.0,0.001127,0.0,0.0,0.0,0.0,0.0,0.001127,0.0,0.0,0.0,0.0,0.0,0.0,0.0,0.0,0.0,0.0,0.001127,0.001127,0.0,0.0,0.000964,0.003675,0.000776,0.004412,0.0,0.006244,0.002488,0.0,0.0,0.0,0.005614,0.0,0.00451,0.001127,0.00435,0.0,0.001127,0.0,0.0,0.00451,0.002607,0.0,0.0,0.0,0.0,0.002255,0.002255,0.001127,0.0,0.001127,0.0,0.0,0.002255,0.00451,0.002255,0.002255,0.00451,0.0,0.018033,0.001127,0.0,0.0,0.0,0.002255,0.0,0.0,0.0,0.0,0.0,0.002255,0.0,0.0,0.002994,0.001127,0.001127,0.004706,0.0,0.0,0.001951,0.0,0.001127,0.001127,0.0,0.0,0.0,0.002255,0.009019,0.0,0.0,0.0,0.001127,0.005576,0.0,0.001127,0.002255,0.009019,0.0,0.0,0.0,0.0,0.0,0.0,0.001127,0.001127,0.0,0.001127,0.0,0.0,0.0,0.009019,0.002997,0.0,0.005656,0.0,0.0,0.0,0.0,0.0
5629,0.001961,0.001043,0.0,0.00177,0.0,0.0,0.0,0.0,0.0,0.00165,0.0,0.0,0.0,0.0,0.001247,0.0,0.0,0.0,0.001113,0.0,0.0,0.00157,0.001661,0.0,0.0,0.001961,0.0,0.0,0.0,0.0,0.0,0.0,0.0,0.0,0.0,0.0,0.000792,0.0,0.0,0.0,0.0,0.001961,0.0,0.0,0.0,0.0,0.0,0.0,0.0,0.0,0.0,0.0,0.0,0.005882,0.0,0.0,0.0,0.0,0.004548,0.001961,0.0,0.0,0.021569,0.005882,0.0,0.0,0.0,0.0,0.0,0.0,0.0,0.0,0.0,0.0,0.003922,0.0,0.0,0.0,0.002005,0.0,0.0,0.0,0.0,0.0,0.0,0.0,0.003922,0.0,0.0,0.0,0.0,0.0,0.004525,0.001629,0.0,0.001961,0.0,0.0,0.0,0.0,0.0,0.001961,0.0,0.0,0.001961,0.0,0.0,0.0,0.001961,0.0,0.0,0.0,0.0,0.0,0.0,0.0,0.0,0.0,0.0,0.0,0.0,0.0,0.0,0.0,0.0,0.0,0.0,0.0,0.0,0.0,0.0,0.0,0.0,0.0,0.0,0.0,0.0,0.0,0.0,0.0,0.0,0.0,0.0,0.0,0.0,0.0,0.0,0.0,0.0,0.0,0.0,0.0,0.0,0.0,0.0,0.0,0.0,0.0,0.0,0.0,0.0,0.0,0.0,0.0,0.0,0.0,0.0,0.0,0.0,0.0,0.0,0.0,0.0,0.0,0.0,0.0,0.0,0.0,0.003922,0.0,0.001664,0.0,0.0,0.0,0.0,0.0,0.0,0.0,0.0,0.0,0.0,0.0,0.0,0.0,0.0,0.0,0.0,0.000996,0.0,0.003891,0.0,0.0,0.0,0.0,0.001961,0.0,0.0,0.001721,0.0,0.000794,0.001185,0.000982,0.001,0.000422,0.002075,0.001284,0.002352,0.0,0.001919,0.001961,0.001238,0.0,0.0,0.001018,0.000978,0.002265,0.002381,0.001096,0.002523,0.001445,0.0,0.00047,0.00184,0.001504,0.001961,0.000702,0.0,0.001071,0.004106,0.0,0.0,0.0,0.000856,0.002403,0.001684,0.0,0.001961,0.0,0.0,0.0,0.001616,0.0,0.0,0.000549,0.001509,0.000742,0.0,0.0,0.0,0.0,0.0,0.001961,0.0,0.003017,0.0,0.0,0.0,0.0,0.001889,0.0,0.0,0.002568,0.0,0.001961,0.012843,0.038331,1.0,0.008373,0.0,0.0,0.0,0.0,0.0,0.0,0.0,0.0,0.0,0.0,0.0,0.0,0.0,0.0,0.002516,0.001961,0.001961,0.0,0.003922,0.0,0.0,0.0,0.0,0.0,0.0,0.0,0.0,0.0,0.0,0.0,0.0,0.0,0.0,0.0,0.0,0.0,0.0,0.0,0.0,0.0,0.001929,0.001798,0.002329,0.001103,0.001587,0.00223,0.001777,0.0,0.0,0.0,0.004211,0.0,0.001961,0.0,0.002641,0.0,0.0,0.0,0.0,0.015686,0.000745,0.0,0.001961,0.0,0.0,0.001961,0.0,0.001961,0.0,0.0,0.0,0.001961,0.017647,0.007843,0.001961,0.001961,0.0,0.0,0.009016,0.0,0.0,0.0,0.0,0.0,0.0,0.0,0.0,0.0,0.0,0.001587,0.0,0.001961,0.002246,0.003922,0.0,0.003765,0.001961,0.001961,0.000325,0.001062,0.0,0.001961,0.0,0.0,0.0,0.0,0.006039,0.0,0.0,0.0,0.001961,0.003717,0.0,0.001961,0.0,0.004491,0.001961,0.0,0.0,0.0,0.0,0.0,0.0,0.0,0.0,0.0,0.0,0.0,0.0,0.003534,0.003425,0.001961,0.002298,0.001961,0.0,0.0,0.0,0.0
5630,0.001794,0.003589,0.001794,0.000598,0.0,0.0,0.0,0.000598,0.0,0.0033,0.0,0.0,0.001794,0.001196,0.005383,0.0,0.000598,0.000598,0.002597,0.000598,0.0,0.001196,0.000598,0.0,0.001794,0.001196,0.000598,0.001196,0.0,0.0,0.001196,0.0,0.0,0.0,0.002392,0.0,0.002392,0.0,0.0,0.0,0.0,0.0,0.0,0.0,0.000598,0.0,0.0,0.0,0.0,0.0,0.0,0.001794,0.0,0.004187,0.0,0.001794,0.0,0.0,0.004187,0.0,0.000598,0.0,0.004785,0.00299,0.0,0.001794,0.000598,0.002392,0.004785,0.0,0.0,0.000598,0.0,0.0,0.000598,0.0,0.0,0.000598,0.005613,0.0,0.0,0.0,0.0,0.0,0.002392,0.0,0.001794,0.0,0.0,0.0,0.0,0.0,0.001794,0.004785,0.0,0.000598,0.0,0.0,0.0,0.0,0.0,0.000598,0.000598,0.0,0.0,0.0,0.0,0.000598,0.002392,0.000598,0.0,0.0,0.0,0.001196,0.0,0.0,0.0,0.0,0.000598,0.0,0.003589,0.0,0.0,0.0,0.0,0.001794,0.000598,0.0,0.0,0.0,0.0,0.0,0.0,0.0,0.0,0.0,0.0,0.0,0.0,0.0,0.0,0.0,0.0,0.0,0.0,0.0,0.0,0.0,0.0,0.0,0.0,0.0,0.0,0.0,0.0,0.0,0.0,0.0,0.0,0.0,0.0,0.0,0.0,0.0,0.0,0.000598,0.0,0.0,0.0,0.0,0.0,0.003589,0.0,0.0,0.0,0.0,0.002392,0.000598,0.001196,0.0,0.001196,0.000598,0.001794,0.001196,0.0,0.0,0.0,0.0,0.000598,0.0,0.0,0.0,0.0,0.0,0.0,0.0,0.0,0.005976,0.0,0.000598,0.0,0.0,0.001196,0.001794,0.002392,0.0,0.001794,0.000598,0.001196,0.008203,0.005333,0.00299,0.002392,0.001267,0.009782,0.005563,0.003331,0.00299,0.001196,0.001196,0.003302,0.001794,0.0,0.004071,0.001956,0.006041,0.017807,0.004751,0.007097,0.030049,0.000598,0.003761,0.006625,0.00299,0.000598,0.003745,0.000598,0.007852,0.007299,0.0,0.0,0.000598,0.007019,0.00415,0.006255,0.0,0.000598,0.000598,0.0,0.001794,0.007272,0.0,0.0,0.002015,0.004166,0.00272,0.0,0.0,0.0,0.0,0.0,0.0,0.0,0.001196,0.001196,0.0,0.0,0.0,0.00299,0.001794,0.000598,0.020176,0.0,0.000598,0.032149,0.014354,0.008373,1.0,0.0,0.0,0.0,0.000598,0.001196,0.0,0.0,0.000598,0.0,0.000598,0.0,0.0,0.000598,0.000598,0.004187,0.0,0.0,0.0,0.0,0.0,0.0,0.0,0.0,0.0,0.0,0.0,0.0,0.000598,0.0,0.0,0.0,0.0,0.0,0.0,0.0,0.0,0.0,0.0,0.0,0.0,0.001196,0.006646,0.006579,0.004044,0.002392,0.004014,0.002488,0.0,0.0,0.0,0.008373,0.0,0.000598,0.000598,0.005593,0.0,0.0,0.000598,0.000598,0.004187,0.005959,0.000598,0.000598,0.0,0.0,0.001196,0.002392,0.004187,0.000598,0.001196,0.0,0.0,0.00299,0.004187,0.0,0.001794,0.002392,0.0,0.01256,0.0,0.000598,0.0,0.0,0.0,0.0,0.0,0.0,0.0,0.0,0.001196,0.001196,0.0,0.001794,0.001196,0.0,0.005647,0.0,0.0,0.003576,0.001062,0.0,0.000598,0.000598,0.001794,0.0,0.0,0.008373,0.0,0.0,0.0,0.013756,0.011962,0.000598,0.00299,0.000598,0.029306,0.0,0.000598,0.0,0.0,0.0,0.0,0.0,0.001196,0.000598,0.001196,0.0,0.0,0.0,0.000598,0.011986,0.0,0.011842,0.000598,0.0,0.0,0.0,0.0
5811,0.0,0.0,0.0,0.0,0.0,0.0,0.0,0.0,0.0,0.00055,0.0,0.0,0.0,0.0,0.0,0.0,0.0,0.0,0.0,0.0,0.0,0.0,0.0,0.0,0.0,0.0,0.029412,0.0,0.0,0.0,0.0,0.0,0.0,0.0,0.0,0.0,0.0,0.0,0.0,0.0,0.0,0.0,0.0,0.0,0.0,0.0,0.0,0.0,0.0,0.0,0.0,0.0,0.0,0.0,0.0,0.0,0.0,0.0,0.0,0.0,0.0,0.0,0.0,0.002381,0.0,0.0,0.0,0.0,0.0,0.0,0.0,0.0,0.0,0.0,0.0,0.0,0.0,0.0,0.0,0.0,0.0,0.0,0.0,0.0,0.0,0.0,0.0,0.0,0.0,0.0,0.0,0.0,0.007541,0.001629,0.0,0.0,0.0,0.0,0.0,0.0,0.0,0.0,0.0,0.0,0.0,0.0,0.0,0.005848,0.0,0.0,0.0,0.0,0.0,0.0,0.0,0.0,0.0,0.0,0.0,0.0,0.0,0.0,0.0,0.0,0.0,0.0,0.0,0.0,0.0,0.0,0.0,0.0,0.0,0.0,0.0,0.0,0.0,0.0,0.0,0.0,0.0,0.0,0.0,0.0,0.0,0.0,0.0,0.0,0.0,0.0,0.0,0.0,0.0,0.0,0.0,0.0,0.0,0.0,0.0,0.014706,0.0,0.0,0.0,0.0,0.0,0.0,0.0,0.0,0.0,0.0,0.0,0.0,0.0,0.0,0.0,0.0,0.0,0.0,0.0,0.0,0.0,0.0,0.0,0.0,0.0,0.0,0.0,0.0,0.0,0.0,0.0,0.0,0.0,0.0,0.0,0.0,0.0,0.0,0.0,0.0,0.0,0.0,0.0,0.001182,0.0,0.0,0.0,0.0,0.0,0.000265,0.000593,0.0,0.0,0.000845,0.000148,0.0,0.001372,0.003024,0.0,0.0,0.0,0.0,0.0,0.000254,0.0,0.0,0.000104,0.0,0.000158,0.000289,0.0,0.00047,0.001104,0.0,0.0,0.0,0.0,0.000714,0.001825,0.0,0.0,0.0,0.0,0.000218,0.0,0.0,0.0,0.0,0.0,0.0,0.000808,0.0,0.0,0.0,0.0,0.0,0.0,0.0,0.0,0.0,0.0,0.0,0.0,0.0,0.0,0.0,0.0,0.0,0.0,0.0,0.0,0.000367,0.0,0.0,8.1e-05,0.001127,0.0,0.0,1.0,0.029412,0.014706,0.0,0.0,0.0,0.0,0.0,0.0,0.006897,0.0,0.0,0.003521,0.0,0.001258,0.003115,0.0,0.0,0.0,0.0,0.014706,0.0,0.0,0.0,0.0,0.0,0.0,0.0,0.0,0.0,0.0,0.0,0.0,0.0,0.0,0.0,0.0,0.0,0.0,0.0,0.000964,0.000469,0.000776,0.0,0.0,0.0,0.0,0.0,0.00625,0.0,0.002807,0.0,0.0,0.0,0.000311,0.006452,0.0,0.0,0.0,0.0,0.000745,0.0,0.0,0.0,0.0,0.0,0.0,0.0,0.0,0.0,0.0,0.0,0.0,0.0,0.004878,0.0,0.002227,0.0,0.00082,0.0,0.0,0.0,0.0,0.0,0.0,0.0,0.0,0.0,0.0,0.001587,0.002941,0.0,0.001497,0.0,0.0,0.003294,0.0,0.0,0.000325,0.000531,0.0,0.0,0.0,0.0,0.0,0.0,0.0,0.0,0.0,0.0,0.0,0.0,0.0,0.0,0.0,0.0,0.0,0.00625,0.0,0.005495,0.0,0.0,0.002581,0.0,0.0,0.0,0.0,0.0,0.0,0.001767,0.000428,0.0,0.000177,0.0,0.0,0.0,0.0,0.0
5813,0.0,0.0,0.0,0.0,0.0,0.0,0.0,0.0,0.0,0.0,0.0,0.0,0.0,0.0,0.0,0.0,0.0,0.005128,0.0,0.0,0.0,0.0,0.0,0.0,0.0,0.0,0.0,0.0,0.0,0.0,0.0,0.0,0.0,0.0,0.0,0.0,0.0,0.0,0.0,0.0,0.0,0.0,0.0,0.0,0.0,0.0,0.0,0.0,0.0,0.0,0.0,0.0,0.0,0.0,0.0,0.0,0.004695,0.0,0.0,0.0,0.0,0.0,0.0,0.0,0.0,0.0,0.0,0.0,0.0,0.0,0.0,0.0,0.0,0.0,0.0,0.0,0.0,0.0,0.000401,0.0,0.0,0.0,0.0,0.0,0.004329,0.0,0.0,0.0,0.0,0.0,0.0,0.014493,0.006033,0.003257,0.02,0.0,0.0,0.0,0.0,0.0,0.0,0.0,0.0,0.0,0.0,0.0,0.0,0.0,0.0,0.0,0.0,0.0,0.0,0.0,0.0,0.0,0.0,0.0,0.0,0.0,0.0,0.0,0.0,0.0,0.0,0.0,0.0,0.0,0.0,0.0,0.0,0.0,0.0,0.0,0.0,0.0,0.0,0.0,0.0,0.0,0.02,0.0,0.0,0.0,0.0,0.0,0.0,0.0,0.0,0.0,0.0,0.0,0.0,0.0,0.0,0.0,0.0,0.0,0.0,0.0,0.0,0.0,0.0,0.0,0.0,0.0,0.0,0.0,0.0,0.0,0.0,0.0,0.0,0.0,0.0,0.0,0.0,0.0,0.0,0.0,0.0,0.0,0.0,0.0,0.0,0.0,0.0,0.0,0.0,0.0,0.0,0.0,0.0,0.0,0.0,0.0,0.0,0.0,0.0,0.0,0.0,0.0,0.0,0.0,0.0,0.0,0.0,0.0,0.0,0.0,0.0,0.0,0.0,0.0,0.000296,0.0,0.000784,0.0,0.0,0.0,0.000413,0.0,0.0,0.0,0.0,0.0,0.0,0.000365,0.0,0.0,0.0,0.00047,0.0,0.0,0.0,0.0,0.0,0.000714,0.002281,0.0,0.0,0.0,0.0,0.000218,0.000241,0.0,0.0,0.0,0.0,0.002941,0.0,0.0,0.0,0.0,0.0,0.0,0.0,0.0,0.0,0.0,0.0,0.0,0.0,0.0,0.0,0.0,0.0,0.0,0.0,0.0,0.0,0.0,0.0,0.0,0.000404,0.001127,0.0,0.0,0.029412,1.0,0.0,0.0,0.0,0.0,0.0,0.0,0.0,0.02069,0.017857,0.0,0.0,0.0,0.0,0.0,0.0,0.0,0.0,0.0,0.02,0.0,0.0,0.0,0.0,0.0,0.0,0.0,0.0,0.0,0.0,0.0,0.0,0.0,0.0,0.0,0.0,0.0,0.0,0.0,0.0,0.000156,0.001553,0.000368,0.0,0.001338,0.0,0.0,0.00625,0.0,0.005614,0.010753,0.0,0.005291,0.000311,0.0,0.0,0.0,0.0,0.0,0.0,0.0,0.0,0.0,0.0,0.003497,0.0,0.0,0.0,0.0,0.0,0.0,0.0,0.0,0.0,0.0,0.0,0.0,0.003279,0.0,0.0,0.0,0.0,0.0,0.0,0.0,0.0,0.0,0.0,0.003175,0.0,0.0,0.001497,0.0,0.0,0.002353,0.0,0.0,0.000325,0.000531,0.0,0.0,0.0,0.0,0.0,0.0,0.0,0.0,0.0,0.0,0.0,0.000929,0.0,0.0,0.0,0.0,0.0,0.0,0.0,0.0,0.0,0.00813,0.0,0.0,0.0,0.0,0.0,0.0,0.0,0.0,0.000428,0.0,0.000177,0.0,0.0,0.0,0.0,0.0
5819,0.0,0.0,0.0,0.0,0.0,0.0,0.0,0.0,0.0,0.0,0.0,0.0,0.0,0.0,0.0,0.0,0.0,0.0,0.0,0.0,0.0,0.0,0.0,0.0,0.0,0.0,0.0,0.0,0.0,0.0,0.0,0.0,0.0,0.0,0.0,0.0,0.0,0.0,0.0,0.0,0.0,0.0,0.0,0.0,0.0,0.0,0.0,0.0,0.0,0.0,0.0,0.0,0.0,0.0,0.0,0.0,0.0,0.0,0.0,0.0,0.0,0.0,0.0,0.0,0.0,0.0,0.0,0.0,0.0,0.0,0.0,0.0,0.0,0.0,0.0,0.0,0.0,0.0,0.0,0.0,0.0,0.0,0.0,0.0,0.0,0.0,0.0,0.0,0.0,0.0,0.0,0.028986,0.001508,0.001629,0.0,0.0,0.0,0.0,0.0,0.0,0.0,0.0,0.0,0.0,0.0,0.0,0.0,0.0,0.0,0.0,0.0,0.0,0.0,0.0,0.0,0.0,0.0,0.0,0.0,0.0,0.0,0.0,0.0,0.0,0.0,0.0,0.0,0.0,0.0,0.0,0.0,0.0,0.0,0.0,0.0,0.0,0.0,0.0,0.0,0.0,0.0,0.0,0.0,0.0,0.0,0.0,0.0,0.0,0.0,0.0,0.0,0.0,0.0,0.0,0.0,0.0,0.0,0.0,0.0,0.0,0.0,0.0,0.0,0.0,0.0,0.0,0.0,0.0,0.0,0.0,0.0,0.0,0.0,0.0,0.0,0.0,0.0,0.0,0.0,0.0,0.001664,0.0,0.0,0.0,0.0,0.0,0.0,0.0,0.0,0.0,0.0,0.0,0.0,0.0,0.0,0.0,0.0,0.0,0.0,0.0,0.0,0.0,0.0,0.0,0.0,0.0,0.0,0.0,0.0,0.0,0.0,0.0,0.0,0.0,0.000148,0.000428,0.0,0.0,0.0,0.0,0.0,0.0,0.0,0.0,0.0,0.0,0.0,0.000365,0.0,0.0,0.0,0.0,0.000368,0.0,0.0,0.000234,0.0,0.0,0.000456,0.0,0.0,0.0,0.000171,0.0,0.000241,0.0,0.0,0.0,0.0,0.0,0.0,0.0,0.0,0.0,0.0,4.9e-05,0.0,0.0,0.0,0.0,0.0,0.0,0.0,0.001508,0.0,0.0,0.0,0.005025,0.0,0.0,0.0,0.0,0.0,0.0,8.1e-05,0.0,0.0,0.0,0.014706,0.0,1.0,0.0,0.0,0.0,0.0,0.0,0.0,0.0,0.017857,0.0,0.0,0.0,0.001258,0.003115,0.0,0.0,0.0,0.0,0.0,0.0,0.0,0.0,0.0,0.0,0.0,0.0,0.0,0.0,0.0,0.0,0.0,0.0,0.0,0.0,0.0,0.0,0.0,0.0,0.0,7.8e-05,0.0,0.0,0.0,0.000446,0.0,0.0,0.0,0.0,0.001404,0.0,0.0,0.010582,0.000311,0.0,0.0,0.0,0.0,0.0,0.0,0.0,0.0,0.0,0.0,0.0,0.003472,0.0,0.0,0.0,0.0,0.0,0.0,0.0,0.0,0.002037,0.0,0.0,0.001639,0.0,0.0,0.0,0.0,0.0,0.0,0.0,0.0,0.0,0.0,0.001587,0.0,0.0,0.0,0.0,0.0,0.000471,0.0,0.0,0.000325,0.0,0.0,0.0,0.0,0.0,0.0,0.0,0.0,0.0,0.0,0.0,0.0,0.0,0.0,0.0,0.0,0.0,0.0,0.0,0.0,0.0,0.0,0.0,0.002581,0.0,0.0,0.0,0.0,0.0,0.0,0.0,0.0,0.0,8.8e-05,0.0,0.0,0.0,0.0,0.0
5820,0.0,0.0,0.0,0.0,0.0,0.0,0.0,0.0,0.0,0.0,0.0,0.0,0.0,0.0,0.0,0.0,0.0,0.0,0.0,0.0,0.0,0.0,0.001661,0.0,0.0,0.0,0.0,0.0,0.0,0.0,0.0,0.0,0.0,0.0,0.0,0.0,0.0,0.0,0.0,0.0,0.0,0.0,0.0,0.0,0.0,0.0,0.0,0.0,0.0,0.0,0.0,0.0,0.0,0.0,0.0,0.0,0.0,0.0,0.00065,0.0,0.0,0.0,0.0,0.0,0.0,0.0,0.0,0.0,0.0,0.0,0.0,0.0,0.0,0.0,0.0,0.0,0.0,0.0,0.0,0.0,0.0,0.0,0.0,0.0,0.0,0.0,0.0,0.0,0.0,0.0,0.0,0.0,0.0,0.0,0.0,0.0,0.0,0.0,0.0,0.0,0.0,0.0,0.0,0.0,0.0,0.0,0.0,0.0,0.0,0.0,0.0,0.0,0.0,0.0,0.0,0.0,0.0,0.0,0.0,0.0,0.0,0.0,0.0,0.0,0.0,0.0,0.0,0.0,0.0,0.0,0.0,0.0,0.021739,0.0,0.0,0.0,0.0,0.021739,0.0,0.0,0.0,0.0,0.0,0.0,0.0,0.021739,0.0,0.0,0.0,0.0,0.0,0.0,0.0,0.0,0.0,0.0,0.0,0.0,0.0,0.0,0.0,0.0,0.0,0.0,0.0,0.0,0.0,0.0,0.0,0.0,0.0,0.0,0.0,0.0,0.0,0.0,0.0,0.0,0.0,0.0,0.0,0.0,0.004545,0.0,0.0,0.0,0.0,0.0,0.0,0.0,0.0,0.0,0.0,0.0,0.0,0.0,0.0,0.000498,0.0,0.001946,0.0,0.0,0.0,0.001182,0.0,0.0,0.0,0.0,0.0,0.0,0.000296,0.0,0.001,0.0,0.0,0.000428,0.0,0.003024,0.001919,0.0,0.000413,0.0,0.0,0.000254,0.000489,0.000378,0.000311,0.0,0.0,0.000289,0.0,0.0,0.000736,0.0,0.0,0.0,0.0,0.000357,0.0,0.0,0.0,0.0,0.000171,0.0,0.000481,0.0,0.0,0.0,0.0,0.002941,0.000539,0.0,0.0,0.000183,7.2e-05,4.9e-05,0.0,0.0,0.0,0.0,0.0,0.0,0.0,0.0,0.0,0.0,0.0,0.0,0.0,0.0,0.0,0.0,0.0,0.0,0.000323,0.0,0.0,0.000598,0.0,0.0,0.0,1.0,0.0,0.0,0.0,0.0,0.010309,0.0,0.0,0.0,0.0,0.0,0.0,0.003115,0.010204,0.0,0.0,0.0,0.0,0.0,0.0,0.0,0.0,0.0,0.0,0.0,0.0,0.0,0.0,0.0,0.0,0.0,0.0,0.0,0.0,0.0,0.0,0.0,0.0,7.8e-05,0.0,0.000368,0.0,0.000446,0.0,0.0,0.0,0.0,0.000702,0.0,0.0,0.0,0.000311,0.0,0.0,0.0,0.0,0.0,0.000372,0.0,0.0,0.0,0.0,0.0,0.0,0.0,0.0,0.0,0.0,0.0,0.0,0.0,0.0,0.0,0.002227,0.0,0.001639,0.0,0.0,0.0,0.0,0.0,0.0,0.0,0.0,0.0,0.0,0.0,0.0,0.0,0.0,0.0,0.0,0.000471,0.0,0.0,0.0,0.0,0.0,0.0,0.0,0.0,0.0,0.0,0.0,0.0,0.0,0.0,0.014837,0.002788,0.0,0.009772,0.0,0.0,0.0,0.0,0.0,0.0,0.0,0.0,0.006452,0.0,0.0,0.0,0.0,0.0,0.0,0.0,0.000428,0.0,0.000177,0.0,0.0,0.0,0.0,0.0
5911,0.004808,0.0,0.002551,0.0,0.0,0.0,0.0,0.0,0.0,0.0,0.0,0.0,0.0,0.0,0.0,0.0,0.0,0.0,0.0,0.0,0.0,0.0,0.0,0.0,0.0,0.0,0.0,0.0,0.0,0.0,0.005348,0.0,0.0,0.0,0.0,0.0,0.0,0.0,0.0,0.0,0.0,0.0,0.0,0.0,0.0,0.0,0.0,0.0,0.0,0.0,0.0,0.0,0.0,0.0,0.0,0.0,0.0,0.0,0.0,0.0,0.005618,0.0,0.003356,0.002381,0.0,0.0,0.0,0.0,0.0,0.0,0.0,0.0,0.0,0.0,0.0,0.0,0.0,0.0,0.0,0.0,0.0,0.0,0.007194,0.0,0.0,0.0,0.0,0.0,0.0,0.0,0.0,0.0,0.001508,0.001629,0.0,0.0,0.0,0.007194,0.0,0.0,0.0,0.003311,0.0,0.0,0.0,0.0,0.0,0.0,0.0,0.0,0.0,0.0,0.0,0.0,0.0,0.0,0.0,0.0,0.0,0.0,0.0,0.0,0.0,0.0,0.0,0.0,0.0,0.0,0.0,0.0,0.0,0.0,0.0,0.0,0.0,0.0,0.0,0.0,0.0,0.0,0.0,0.0,0.0,0.0,0.0,0.0,0.0,0.0,0.0,0.0,0.0,0.0,0.0,0.0,0.0,0.0,0.0,0.0,0.0,0.0,0.0,0.0,0.0,0.0,0.0,0.0,0.0,0.0,0.0,0.0,0.0,0.0,0.0,0.0,0.0,0.0,0.0,0.0,0.0,0.0,0.0,0.0,0.0,0.0,0.0,0.0,0.0,0.0,0.0,0.0,0.0,0.0,0.0,0.0,0.0,0.0,0.0,0.000498,0.0,0.0,0.0,0.0,0.0,0.0,0.0,0.0,0.001701,0.0,0.00155,0.0,0.000593,0.000982,0.0,0.0,0.000593,0.000856,0.000196,0.0,0.0,0.0,0.0,0.0,0.004484,0.000254,0.000489,0.000566,0.000311,0.001096,0.000473,0.001156,0.0,0.0,0.002208,0.0,0.0,0.000234,0.0,0.000357,0.000912,0.0,0.0,0.0,0.0,0.000655,0.000962,0.0,0.0,0.0,0.007194,0.002941,0.000539,0.0,0.0,0.0,0.000431,9.9e-05,0.0,0.0,0.0,0.0,0.0,0.0,0.0,0.0,0.0,0.0,0.0,0.0,0.0,0.0,0.0,0.001101,0.0,0.0,0.00105,0.001127,0.0,0.001196,0.0,0.0,0.0,0.0,1.0,0.014388,0.014388,0.007194,0.0,0.013793,0.007194,0.0,0.0,0.0,0.003774,0.003115,0.0,0.0,0.0,0.007194,0.0,0.0,0.0,0.0,0.0,0.0,0.0,0.0,0.0,0.0,0.0,0.0,0.0,0.0,0.0,0.0,0.0,0.0,0.0,0.0,0.0,0.000547,0.000776,0.0,0.0,0.001784,0.000355,0.0,0.0,0.0,0.008421,0.007194,0.0,0.005291,0.000621,0.0,0.0,0.0,0.007194,0.0,0.000372,0.0,0.0,0.0,0.0,0.0,0.0,0.002809,0.0,0.0,0.0,0.0,0.0,0.0,0.0,0.0,0.0,0.0,0.003279,0.0,0.0,0.0,0.0,0.0,0.0,0.0,0.0,0.0,0.0,0.001587,0.002941,0.0,0.001497,0.0,0.0,0.002353,0.0,0.0,0.000325,0.000531,0.0,0.0,0.0,0.006757,0.0,0.0,0.01087,0.0,0.0,0.0,0.0,0.003717,0.0,0.0,0.0,0.0,0.0,0.0,0.0,0.005495,0.0,0.007194,0.002581,0.0,0.0,0.0,0.0,0.0,0.004444,0.0,0.0,0.0,0.000619,0.0,0.0,0.0,0.0,0.0
5912,0.0,0.0,0.0,0.0,0.0,0.0,0.0,0.0,0.0,0.0,0.0,0.0,0.0,0.0,0.0,0.0,0.0,0.0,0.0,0.0,0.0,0.0,0.0,0.0,0.0,0.0,0.0,0.0,0.0,0.0,0.0,0.0,0.0,0.0,0.0,0.0,0.0,0.0,0.0,0.0,0.0,0.0,0.0,0.0,0.0,0.0,0.0,0.0,0.0,0.0,0.0,0.0,0.0,0.0,0.0,0.0,0.0,0.0,0.0,0.0,0.0,0.0,0.0,0.0,0.0,0.0,0.0,0.0,0.0,0.0,0.0,0.0,0.0,0.0,0.0,0.0,0.0,0.0,0.000401,0.0,0.0,0.0,0.0,0.0,0.0,0.0,0.0,0.0,0.0,0.0,0.0,0.0,0.0,0.0,0.0,0.0,0.0,0.0,0.0,0.0,0.0,0.0,0.0,0.0,0.0,0.0,0.0,0.0,0.0,0.0,0.0,0.0,0.0,0.003195,0.0,0.0,0.0,0.0,0.0,0.0,0.0,0.0,0.0,0.0,0.0,0.0,0.0,0.0,0.0,0.0,0.0,0.0,0.0,0.0,0.0,0.0,0.0,0.0,0.0,0.0,0.0,0.0,0.0,0.0,0.0,0.0,0.0,0.0,0.0,0.0,0.0,0.0,0.0,0.0,0.0,0.0,0.0,0.0,0.0,0.0,0.0,0.0,0.0,0.0,0.0,0.0,0.0,0.0,0.0,0.0,0.0,0.0,0.0,0.0,0.0,0.0,0.0,0.0,0.0,0.0,0.0,0.0,0.0,0.0,0.0,0.0,0.0,0.0,0.0,0.0,0.0,0.0,0.0,0.0,0.0,0.0,0.0,0.0,0.0,0.0,0.0,0.0,0.0,0.0,0.0,0.0,0.0,0.0,0.0,0.0,0.000296,0.0,0.0,0.0,0.0,0.0,0.0,0.0,0.0,0.0,0.0,0.0,0.0,0.0,0.0,0.000189,0.000104,0.0,0.000315,0.0,0.0,0.0,0.0,0.0,0.0,0.0,0.0,0.0,0.0,0.0,0.0,0.0,0.0,0.0,0.0,0.0,0.0,0.0,0.0,0.0,0.0,0.0,0.0,0.0,7.2e-05,0.0,0.0,0.0,0.0,0.0,0.0,0.0,0.0,0.0,0.0,0.0,0.0,0.0,0.0,0.0,0.0,0.0,0.0,0.0,8.1e-05,0.0,0.0,0.0,0.0,0.0,0.0,0.0,0.014388,1.0,0.0,0.0,0.0,0.0,0.0,0.0,0.0,0.0125,0.0,0.0,0.0,0.0,0.0,0.0,0.0,0.0,0.0,0.0,0.0,0.0,0.0,0.0,0.0,0.0,0.0,0.0,0.0,0.0,0.0,0.0,0.0,0.0,0.0,0.0,0.0,0.0,0.0,0.0,0.0,0.0,0.0,0.0,0.0,0.0,0.002105,0.0,0.0,0.0,0.0,0.0,0.0,0.0,0.0,0.0,0.0,0.0,0.0,0.0,0.0,0.0,0.0,0.0,0.0,0.0,0.0,0.0,0.0,0.0,0.0,0.0,0.0,0.0,0.00082,0.0,0.0,0.0,0.0,0.0,0.0,0.0,0.0,0.0,0.0,0.0,0.0,0.0,0.0,0.0,0.0,0.000471,0.0,0.0,0.0,0.0,0.0,0.0,0.0,0.0,0.0,0.0,0.002415,0.0,0.0,0.0,0.0,0.0,0.0,0.0,0.0,0.0,0.0,0.0,0.0,0.0,0.0,0.0,0.0,0.0,0.0,0.0,0.0,0.0,0.0,0.0,0.0,0.0,8.8e-05,0.0,0.0,0.0,0.0,0.0
5913,0.0,0.0,0.0,0.0,0.0,0.0,0.0,0.0,0.0,0.0,0.0,0.0,0.0,0.0,0.0,0.0,0.0,0.0,0.0,0.0,0.0,0.0,0.0,0.0,0.0,0.0,0.0,0.0,0.0,0.0,0.0,0.0,0.0,0.0,0.0,0.0,0.0,0.0,0.0,0.0,0.0,0.0,0.0,0.0,0.0,0.0,0.0,0.0,0.0,0.0,0.0,0.0,0.0,0.0,0.0,0.0,0.0,0.0,0.0,0.0,0.0,0.0,0.0,0.0,0.0,0.0,0.0,0.0,0.0,0.0,0.0,0.0,0.0,0.0,0.0,0.0,0.0,0.0,0.0,0.0,0.0,0.0,0.0,0.0,0.0,0.0,0.0,0.0,0.0,0.0,0.0,0.0,0.0,0.0,0.0,0.0,0.0,0.0,0.0,0.0,0.0,0.0,0.0,0.0,0.0,0.0,0.0,0.0,0.0,0.0,0.0,0.0,0.0,0.0,0.0,0.0,0.0,0.0,0.0,0.0,0.0,0.0,0.0,0.0,0.0,0.0,0.0,0.0,0.0,0.0,0.0,0.0,0.0,0.0,0.0,0.0,0.0,0.0,0.0,0.0,0.0,0.0,0.0,0.0,0.0,0.0,0.0,0.0,0.0,0.0,0.0,0.0,0.0,0.0,0.0,0.0,0.0,0.0,0.0,0.0,0.0,0.0,0.0,0.0,0.0,0.0,0.0,0.0,0.0,0.0,0.0,0.0,0.0,0.0,0.0,0.0,0.0,0.0,0.0,0.0,0.0,0.0,0.0,0.0,0.0,0.0,0.0,0.0,0.0,0.0,0.0,0.0,0.0,0.0,0.0,0.0,0.0,0.0,0.0,0.0,0.0,0.0,0.0,0.0,0.0,0.0,0.0,0.0,0.0,0.0,0.0,0.000982,0.0,0.0,0.0,0.0,0.0,0.0,0.0,0.0,0.0,0.0,0.0,0.0,0.0,0.000189,0.0,0.0,0.0,0.0,0.0,0.0,0.0,0.0,0.0,0.0,0.0,0.0,0.0,0.0,0.0,0.0,0.0,0.0,0.0,0.0,0.0,0.0,0.0,0.0,0.0,0.0,0.0,0.0,0.0,0.0,0.0,0.0,0.0,0.0,0.0,0.0,0.0,0.0,0.0,0.0,0.0,0.0,0.0,0.0,0.0,0.0,0.0,0.0,8.1e-05,0.0,0.0,0.0,0.0,0.0,0.0,0.0,0.014388,0.0,1.0,0.111111,0.0,0.0,0.0,0.0,0.0,0.0,0.0,0.0,0.0,0.0,0.0,0.0,0.0,0.0,0.0,0.0,0.0,0.0,0.0,0.0,0.0,0.0,0.0,0.0,0.0,0.0,0.0,0.0,0.0,0.0,0.0,0.0,0.0,0.0,0.0,0.0,0.0,0.0,0.0,0.0,0.0,0.0,0.0,0.0,0.0,0.0,0.0,0.0,0.0,0.0,0.0,0.0,0.0,0.0,0.0,0.0,0.0,0.0,0.0,0.0,0.0,0.0,0.0,0.0,0.0,0.0,0.0,0.0,0.0,0.0,0.0,0.0,0.0,0.0,0.0,0.0,0.0,0.0,0.0,0.0,0.0,0.0,0.0,0.0,0.0,0.0,0.0,0.0,0.0,0.0,0.000325,0.0,0.0,0.0,0.0,0.0,0.0,0.0,0.0,0.0,0.0,0.0,0.0,0.0,0.0,0.0,0.0,0.0,0.0,0.0,0.0,0.0,0.0,0.0,0.0,0.0,0.0,0.0,0.0,0.0,0.0,0.0,0.0,0.0,0.0,0.0,0.0,0.0,0.0,0.0
5914,0.0,0.0,0.0,0.0,0.0,0.0,0.0,0.0,0.0,0.0,0.0,0.0,0.0,0.0,0.0,0.0,0.0,0.0,0.000371,0.0,0.0,0.0,0.0,0.0,0.0,0.0,0.0,0.0,0.0,0.0,0.0,0.0,0.0,0.0,0.0,0.0,0.0,0.0,0.0,0.0,0.0,0.0,0.0,0.0,0.0,0.0,0.0,0.0,0.0,0.0,0.0,0.0,0.0,0.0,0.0,0.0,0.0,0.0,0.0,0.0,0.0,0.0,0.0,0.0,0.0,0.0,0.0,0.0,0.0,0.0,0.0,0.0,0.0,0.0,0.0,0.0,0.0,0.0,0.0,0.0,0.0,0.0,0.0,0.0,0.0,0.0,0.0,0.0,0.0,0.0,0.0,0.0,0.0,0.0,0.0,0.0,0.0,0.0,0.0,0.0,0.0,0.0,0.0,0.0,0.0,0.0,0.0,0.0,0.0,0.0,0.0,0.0,0.0,0.0,0.0,0.0,0.0,0.0,0.0,0.0,0.0,0.0,0.0,0.0,0.0,0.0,0.0,0.0,0.0,0.0,0.0,0.0,0.0,0.0,0.0,0.0,0.0,0.0,0.0,0.0,0.0,0.0,0.0,0.0,0.0,0.0,0.0,0.0,0.0,0.0,0.0,0.0,0.0,0.0,0.0,0.0,0.0,0.0,0.0,0.0,0.0,0.0,0.0,0.0,0.0,0.0,0.0,0.0,0.0,0.0,0.0,0.0,0.0,0.0,0.0,0.0,0.0,0.0,0.0,0.0,0.0,0.0,0.0,0.0,0.0,0.0,0.0,0.0,0.0,0.0,0.0,0.0,0.0,0.0,0.0,0.0,0.0,0.0,0.0,0.0,0.0,0.0,0.0,0.0,0.0,0.0,0.0,0.0,0.0,0.0,0.0,0.001965,0.0,0.0,0.0,0.000428,0.000196,0.0,0.0,0.0,0.0,0.0,0.0,0.000254,0.0,0.000189,0.000104,0.0,0.000158,0.000289,0.0,0.0,0.000368,0.0,0.0,0.000234,0.0,0.0,0.0,0.0,0.0,0.004695,0.000171,0.000437,0.0,0.0,0.0,0.0,0.0,0.0,0.0,0.0,0.0,0.0,7.2e-05,0.0,0.0,0.0,0.0,0.0,0.0,0.0,0.0,0.001508,0.0,0.0,0.0,0.0,0.0,0.0,0.0,0.000367,0.0,0.0,0.000565,0.0,0.0,0.000598,0.0,0.0,0.0,0.0,0.007194,0.0,0.111111,1.0,0.0,0.0,0.0,0.0,0.0,0.0,0.001258,0.0,0.0,0.0,0.0,0.0,0.0,0.0,0.0,0.0,0.0,0.0,0.0,0.0,0.0,0.0,0.0,0.0,0.0,0.0,0.0,0.0,0.0,0.0,0.0,0.0,0.000964,0.000235,0.0,0.000368,0.0,0.0,0.0,0.0,0.0,0.007519,0.000702,0.0,0.003012,0.0,0.0,0.0,0.0,0.0,0.0,0.0,0.000372,0.0,0.047619,0.0,0.0,0.0,0.0,0.0,0.0,0.0,0.0,0.0,0.0,0.0,0.0,0.0,0.0,0.0,0.0,0.0,0.0,0.0,0.0,0.0,0.0,0.0,0.0,0.0,0.0,0.001587,0.0,0.0,0.000749,0.0,0.0,0.0,0.0,0.002304,0.000325,0.000531,0.0,0.0,0.0,0.0,0.0,0.0,0.001208,0.019231,0.055556,0.0,0.0,0.0,0.0,0.0,0.0,0.002994,0.0,0.0,0.0,0.0,0.0,0.0,0.0,0.0,0.0,0.0,0.0,0.0,0.0,0.0,0.0,0.0,0.000177,0.0,0.0,0.0,0.0,0.0
5920,0.0,0.0,0.0,0.0,0.0,0.0,0.0,0.0,0.0,0.0,0.006993,0.0,0.0,0.0,0.0,0.0,0.0,0.0,0.0,0.0,0.0,0.0,0.0,0.02,0.0,0.0,0.0,0.0,0.0,0.0,0.0,0.0,0.0,0.0,0.0,0.0,0.0,0.0,0.0,0.0,0.0,0.0,0.0,0.0,0.0,0.0,0.0,0.0,0.0,0.0,0.0,0.0,0.0,0.0,0.010309,0.0,0.0,0.0,0.00065,0.0,0.005618,0.0,0.0,0.0,0.0,0.0,0.0,0.0,0.002525,0.0,0.0,0.0,0.0,0.0,0.0,0.0,0.0,0.0,0.0,0.0,0.0,0.0,0.0,0.0,0.0,0.0,0.0,0.0,0.0,0.0,0.0,0.0,0.003017,0.003257,0.0,0.0,0.0,0.0,0.0,0.0,0.0,0.0,0.0,0.0,0.0,0.0,0.0,0.0,0.0,0.0,0.0,0.0,0.0,0.0,0.0,0.0,0.0,0.0,0.0,0.0,0.0,0.0,0.0,0.0,0.0,0.0,0.0,0.0,0.0,0.0,0.0,0.0,0.0,0.0,0.0,0.0,0.0,0.0,0.0,0.0,0.0,0.0,0.0,0.0,0.0,0.0,0.0,0.0,0.0,0.0,0.0,0.0,0.0,0.0,0.0,0.0,0.0,0.0,0.0,0.0,0.0,0.0,0.0,0.0,0.0,0.0,0.0,0.0,0.0,0.0,0.0,0.001996,0.0,0.0,0.0,0.0,0.0,0.0,0.0,0.0,0.0,0.0,0.0,0.0,0.0,0.0,0.0,0.0,0.0,0.0,0.0,0.0,0.0,0.0,0.0,0.0,0.0,0.0,0.0,0.001946,0.0,0.0,0.0,0.0,0.0,0.0,0.0,0.0,0.0,0.0,0.0,0.000982,0.0,0.0,0.000148,0.0,0.00098,0.001008,0.0,0.0,0.001238,0.0,0.0,0.000254,0.0,0.000189,0.000311,0.0,0.000158,0.000578,0.0,0.0,0.001104,0.0,0.002174,0.0,0.0,0.000714,0.0,0.0,0.0,0.0,0.000342,0.0,0.0,0.010309,0.0,0.0,0.0,0.0,0.0,0.0,0.0,0.000183,0.000359,0.000148,0.0,0.0,0.0,0.0,0.0,0.0,0.0,0.001508,0.001976,0.0,0.0,0.0,0.0,0.0,0.0,0.000367,0.0,0.0,0.001131,0.001127,0.0,0.0,0.0,0.0,0.0,0.010309,0.0,0.0,0.0,0.0,1.0,0.006897,0.0,0.007018,0.003521,0.0,0.001258,0.003115,0.0,0.0,0.0,0.0,0.0,0.0,0.0,0.0,0.0,0.0,0.0,0.0,0.0,0.0,0.0,0.0,0.0,0.0,0.0,0.0,0.0,0.0,0.0,0.0,0.000964,0.000469,0.000776,0.0,0.0,0.000446,0.000711,0.0,0.00625,0.0,0.004211,0.0,0.0,0.005291,0.000777,0.0,0.0,0.0,0.0,0.002353,0.000745,0.0,0.0,0.0,0.0,0.0,0.0,0.0,0.0,0.0,0.0,0.0,0.004902,0.0,0.0,0.0,0.0,0.0,0.004098,0.0,0.0,0.0,0.0,0.0,0.0,0.0,0.0,0.0,0.0,0.003175,0.0,0.0,0.000749,0.0,0.0,0.000471,0.0,0.0,0.0,0.0,0.0,0.0,0.0,0.0,0.010309,0.0,0.008454,0.010309,0.0,0.0,0.0,0.0,0.0,0.0,0.0,0.0,0.0,0.0,0.0,0.0,0.0,0.00813,0.002581,0.002375,0.0,0.0,0.0,0.0,0.0,0.0,0.000856,0.0,0.000353,0.0,0.0,0.0,0.0,0.0
6010,0.0,0.0,0.0,0.0,0.0,0.0,0.0,0.0,0.0,0.0,0.0,0.0,0.0,0.0,0.0,0.0,0.0,0.0,0.000742,0.0,0.0,0.0,0.0,0.0,0.0,0.0,0.0,0.010638,0.0,0.0,0.0,0.0,0.0,0.0,0.0,0.0,0.0,0.0,0.0,0.0,0.0,0.0,0.0,0.0,0.0,0.0,0.0,0.0,0.0,0.0,0.0,0.0,0.0,0.0,0.0,0.0,0.0,0.0,0.00065,0.0,0.0,0.0,0.0,0.002381,0.0,0.0,0.0,0.0,0.002525,0.0,0.0,0.0,0.0,0.0,0.0,0.0,0.0,0.0,0.0,0.0,0.0,0.0,0.0,0.0,0.0,0.0,0.0,0.0,0.0,0.0,0.006897,0.0,0.004525,0.0,0.0,0.0,0.0,0.0,0.0,0.0,0.0,0.0,0.0,0.0,0.0,0.0,0.0,0.0,0.0,0.0,0.0,0.0,0.0,0.0,0.0,0.0,0.0,0.0,0.0,0.0,0.0,0.0,0.0,0.0,0.0,0.0,0.0,0.0,0.0,0.0,0.0,0.0,0.0,0.0,0.0,0.0,0.0,0.0,0.0,0.0,0.0,0.0,0.0,0.0,0.0,0.0,0.0,0.0,0.0,0.0,0.0,0.0,0.0,0.0,0.0,0.0,0.0,0.0,0.0,0.0,0.0,0.0,0.0,0.0,0.0,0.0,0.0,0.0,0.0,0.0,0.0,0.0,0.0,0.0,0.0,0.0,0.0,0.0,0.0,0.0,0.0,0.0,0.0,0.0,0.0,0.006897,0.0,0.0,0.0,0.006897,0.0,0.0,0.0,0.006897,0.0,0.0,0.0,0.0,0.0,0.001946,0.0,0.0,0.0,0.001182,0.0,0.0,0.0,0.001721,0.0,0.000529,0.0,0.0,0.002,0.000422,0.000445,0.0,0.000588,0.001008,0.0,0.0,0.000413,0.0,0.0,0.000254,0.000978,0.001322,0.000104,0.0,0.0,0.000578,0.0,0.00047,0.001472,0.001504,0.0,0.000234,0.0,0.0,0.000912,0.0,0.003891,0.0,0.001027,0.001092,0.0,0.0,0.013793,0.0,0.0,0.0,0.000269,0.0,0.0,0.000183,0.000144,4.9e-05,0.0,0.0,0.0,0.0,0.0,0.0,0.0,0.001508,0.0,0.0,0.0,0.0,0.0,0.0,0.003215,0.001101,0.0,0.0,0.000727,0.002255,0.0,0.000598,0.006897,0.02069,0.0,0.0,0.013793,0.0,0.0,0.0,0.006897,1.0,0.089655,0.010526,0.024648,0.006897,0.001258,0.009346,0.005102,0.0,0.0,0.006897,0.0,0.0,0.0,0.0,0.0,0.0,0.0,0.0,0.0,0.0,0.0,0.0,0.0,0.0,0.0,0.0,0.0,0.0,0.0,0.0,0.0,0.000782,0.000776,0.0,0.000794,0.001338,0.001421,0.0,0.0,0.0,0.011228,0.0,0.0,0.0,0.000777,0.0,0.0,0.0,0.0,0.004706,0.000745,0.0,0.0,0.0,0.0,0.0,0.0,0.0,0.0,0.0,0.0,0.0,0.0,0.0,0.0,0.0,0.0,0.006897,0.004098,0.0,0.005102,0.0,0.006849,0.004587,0.013793,0.0,0.0,0.0,0.0,0.001587,0.011765,0.013793,0.0,0.0,0.0,0.001412,0.0,0.006912,0.001951,0.001062,0.006897,0.0,0.0,0.013514,0.02069,0.013559,0.002415,0.006897,0.0,0.0,0.0,0.003717,0.0,0.0,0.02069,0.002994,0.0,0.0,0.006135,0.038462,0.0,0.02069,0.0,0.0,0.0,0.002882,0.0,0.0,0.0,0.0,0.0,0.0,0.000177,0.0,0.0,0.0,0.0,0.0
6020,0.0,0.0,0.0,0.0,0.0,0.0,0.0,0.0,0.0,0.00055,0.0,0.0,0.0,0.0,0.0,0.0,0.0,0.0,0.0,0.0,0.0,0.0,0.0,0.0,0.0,0.0,0.0,0.0,0.0,0.0,0.0,0.0,0.0,0.0,0.0,0.0,0.0,0.0,0.0,0.0,0.0,0.0,0.0,0.0,0.0,0.0,0.0,0.0,0.0,0.0,0.0,0.0,0.005882,0.0,0.0,0.0,0.0,0.0,0.0,0.0,0.0,0.0,0.0,0.0,0.0,0.0,0.0,0.0,0.0,0.0,0.0,0.0,0.0,0.0,0.0,0.0,0.0,0.0,0.0,0.0,0.0,0.0,0.0,0.0,0.0,0.0,0.0,0.0,0.0,0.0,0.0,0.0,0.0,0.001629,0.0,0.0,0.0,0.0,0.0,0.0,0.0,0.0,0.0,0.0,0.0,0.0,0.0,0.0,0.0,0.0,0.0,0.0,0.0,0.0,0.0,0.0,0.0,0.0,0.0,0.0,0.0,0.0,0.0,0.0,0.0,0.0,0.0,0.0,0.0,0.0,0.0,0.0,0.0,0.0,0.0,0.0,0.0,0.0,0.0,0.0,0.0,0.0,0.0,0.0,0.0,0.0,0.0,0.0,0.0,0.0,0.0,0.0,0.0,0.0,0.0,0.0,0.0,0.0,0.0,0.0,0.0,0.0,0.0,0.0,0.0,0.0,0.0,0.0,0.0,0.0,0.0,0.0,0.0,0.0,0.0,0.0,0.0,0.0,0.0,0.0,0.0,0.0,0.0,0.0,0.0,0.0,0.0,0.0,0.0,0.0,0.0,0.0,0.0,0.0,0.0,0.0,0.0,0.0,0.0,0.0,0.0,0.0,0.0,0.001182,0.0,0.0,0.0,0.001721,0.0,0.0,0.000296,0.0,0.0,0.000422,0.000148,0.0,0.0,0.0,0.0,0.0,0.000413,0.0,0.0,0.0,0.0,0.000189,0.0,0.000365,0.0,0.0,0.0,0.0,0.000736,0.0,0.002174,0.0,0.0,0.0,0.0,0.0,0.0,0.0,0.0,0.0,0.0,0.0,0.0,0.0,0.0,0.0,0.000269,0.0,0.0,0.0,0.0,4.9e-05,0.0,0.0,0.0,0.0,0.0,0.0,0.0,0.0,0.0,0.0,0.0,0.0,0.0,0.0,0.0,0.000367,0.0,0.0,0.000242,0.0,0.0,0.0,0.0,0.017857,0.017857,0.0,0.007194,0.0,0.0,0.0,0.0,0.089655,1.0,0.02807,0.014085,0.0,0.002516,0.0,0.0,0.008333,0.0,0.0,0.0,0.0,0.0,0.0,0.0,0.0,0.0,0.0,0.0,0.0,0.0,0.0,0.0,0.0,0.0,0.0,0.0,0.0,0.0,0.0,0.0,0.000156,0.0,0.0,0.0,0.000892,0.0,0.0,0.0,0.0,0.003509,0.0,0.003012,0.0,0.000621,0.0,0.0,0.0,0.0,0.0,0.000745,0.0,0.0,0.0,0.0,0.0,0.0,0.002809,0.0,0.0,0.0,0.0,0.0,0.0,0.0,0.0,0.0,0.0,0.003279,0.0,0.0,0.0,0.0,0.0,0.0,0.0,0.0,0.0,0.0,0.0,0.0,0.0,0.0,0.0,0.0,0.000471,0.0,0.0,0.0,0.0,0.0,0.0,0.0,0.0,0.01087,0.0,0.001208,0.0,0.0,0.0,0.0,0.0,0.0,0.0,0.0,0.0,0.0,0.0,0.0,0.0,0.0,0.00813,0.0,0.0,0.0,0.0,0.0,0.0,0.0,0.0,0.0,0.0,0.000177,0.005376,0.0,0.0,0.0,0.0
6110,0.0,0.002086,0.0,0.0,0.0,0.0,0.0,0.0,0.0,0.0,0.0,0.0,0.0,0.001605,0.001247,0.0,0.0,0.0,0.000371,0.0,0.0,0.0,0.0,0.0,0.0,0.0,0.0,0.0,0.0,0.0,0.0,0.0,0.0,0.0,0.0,0.0,0.000792,0.003509,0.0,0.0,0.0,0.0,0.0,0.0,0.0,0.0,0.0,0.0,0.0,0.0,0.0,0.002481,0.0,0.002375,0.0,0.0,0.0,0.0,0.0,0.0,0.0,0.0,0.0,0.0,0.0,0.0,0.0,0.0,0.0,0.0,0.0,0.0,0.0,0.0,0.0,0.0,0.0,0.0,0.000401,0.0,0.0,0.0,0.0,0.0,0.003509,0.0,0.0,0.0,0.0,0.0,0.0,0.0,0.001508,0.003257,0.0,0.0,0.0,0.0,0.003509,0.0,0.0,0.0,0.0,0.0,0.0,0.0,0.0,0.0,0.0,0.0,0.0,0.0,0.0,0.0,0.0,0.0,0.0,0.0,0.0,0.0,0.0,0.0,0.0,0.0,0.0,0.0,0.0,0.0,0.0,0.0,0.007018,0.0,0.0,0.0,0.0,0.0,0.0,0.0,0.0,0.0,0.0,0.0,0.0,0.0,0.0,0.0,0.0,0.0,0.003509,0.0,0.0,0.0,0.0,0.0,0.0,0.0,0.0,0.0,0.0,0.0,0.0,0.0,0.0,0.003509,0.0,0.0,0.0,0.0,0.0,0.0,0.0,0.0,0.0,0.0,0.0,0.0,0.0,0.0,0.0,0.0,0.0,0.0,0.003509,0.0,0.0,0.0,0.003509,0.0,0.0,0.003509,0.0,0.0,0.0,0.0,0.0,0.0,0.0,0.00249,0.002123,0.001946,0.0,0.0,0.0,0.021277,0.006873,0.003509,0.001701,0.001721,0.00155,0.000265,0.0,0.001965,0.0,0.000422,0.000889,0.0,0.001764,0.018145,0.021113,0.003175,0.00454,0.0,0.0,0.001272,0.0,0.001322,0.000207,0.0,0.0,0.000289,0.0,0.00047,0.014354,0.001504,0.0,0.00117,0.0,0.001428,0.001825,0.0,0.003509,0.0,0.000514,0.000655,0.000241,0.0,0.0,0.0,0.0,0.0,0.002155,0.0,0.0,0.000549,0.000503,0.000445,0.0,0.0,0.003509,0.0,0.0,0.0,0.0,0.0,0.0,0.0,0.0,0.0,0.0,0.0,0.0,0.000367,0.0,0.0,0.000323,0.0,0.0,0.0,0.0,0.0,0.0,0.0,0.0,0.0,0.0,0.0,0.007018,0.010526,0.02807,1.0,0.2,0.084211,0.05283,0.006231,0.010526,0.007018,0.003509,0.007018,0.0,0.003509,0.0,0.0,0.0,0.0,0.0,0.0,0.0,0.0,0.0,0.0,0.0,0.0,0.0,0.0,0.0,0.0,0.0,0.003509,0.0,0.000704,0.0,0.0,0.0,0.001784,0.002843,0.0,0.007018,0.0,0.008421,0.0,0.0,0.0,0.001554,0.0,0.0,0.0,0.0,0.002353,0.004469,0.0,0.0,0.0,0.0,0.0,0.003472,0.002809,0.0,0.007018,0.0,0.0,0.0,0.0,0.0,0.002037,0.0,0.007018,0.003279,0.0,0.0,0.0,0.006849,0.003509,0.0,0.0,0.0,0.0,0.0,0.0,0.0,0.0,0.0,0.0,0.0,0.000941,0.0,0.0,0.0,0.000531,0.0,0.0,0.0,0.0,0.0,0.0,0.0,0.0,0.0,0.0,0.002967,0.000929,0.0,0.003257,0.0,0.0,0.0,0.0,0.0,0.0,0.0,0.0,0.007742,0.004751,0.003509,0.0,0.0,0.0,0.0,0.0,0.000428,0.003509,0.00106,0.003509,0.0,0.0,0.0,0.0
6120,0.0,0.0,0.0,0.0,0.0,0.0,0.0,0.0,0.0,0.00055,0.003521,0.0,0.0,0.001605,0.000623,0.0,0.0,0.003521,0.000371,0.0,0.003521,0.00314,0.0,0.0,0.0,0.003521,0.0,0.0,0.0,0.0,0.0,0.0,0.0,0.0,0.0,0.0,0.0,0.0,0.0,0.0,0.0,0.0,0.0,0.0,0.002597,0.003521,0.0,0.0,0.0,0.0,0.0,0.002481,0.0,0.0,0.0,0.0,0.0,0.0,0.00065,0.0,0.003521,0.0,0.0,0.002381,0.0,0.0,0.0,0.0,0.0,0.0,0.0,0.0,0.0,0.0,0.003195,0.0,0.0,0.0,0.0,0.0,0.0,0.0,0.0,0.0,0.0,0.0,0.0,0.0,0.0,0.0,0.0,0.0,0.003017,0.0,0.003521,0.0,0.0,0.0,0.0,0.0,0.0,0.0,0.0,0.0,0.0,0.0,0.0,0.0,0.0,0.0,0.0,0.0,0.0,0.0,0.0,0.0,0.0,0.0,0.0,0.0,0.0,0.0,0.0,0.0,0.0,0.0,0.0,0.0,0.0,0.0,0.0,0.0,0.0,0.0,0.0,0.0,0.0,0.0,0.0,0.0,0.0,0.0,0.0,0.0,0.0,0.0,0.0,0.0,0.0,0.0,0.0,0.0,0.0,0.0,0.0,0.0,0.0,0.0,0.0,0.0,0.0,0.0,0.0,0.0,0.0,0.0,0.0,0.0,0.0,0.0,0.0,0.0,0.0,0.0,0.0,0.0,0.0,0.0,0.0,0.0,0.0,0.0,0.0,0.0,0.0,0.0,0.003521,0.0,0.0,0.003521,0.0,0.0,0.0,0.003521,0.0,0.0,0.0,0.001992,0.004246,0.001946,0.0,0.0,0.003521,0.015366,0.0,0.003521,0.003401,0.001721,0.0,0.000265,0.0,0.0,0.001,0.0,0.000593,0.000428,0.000588,0.011089,0.021113,0.0,0.001238,0.0,0.0,0.001018,0.000489,0.000944,0.000414,0.000731,0.000315,0.001156,0.0,0.00141,0.008465,0.0,0.0,0.000702,0.0,0.003569,0.002281,0.0,0.003521,0.0,0.000856,0.000655,0.000241,0.003521,0.0,0.0,0.003521,0.005882,0.000808,0.0,0.0,0.000366,0.000359,0.000247,0.0,0.0,0.003521,0.003521,0.0,0.0,0.0,0.001508,0.0,0.0,0.0,0.0,0.000944,0.0,0.0,0.001834,0.0,0.0,8.1e-05,0.001127,0.0,0.000598,0.003521,0.0,0.0,0.0,0.0,0.0,0.0,0.0,0.003521,0.024648,0.014085,0.2,1.0,0.038732,0.037736,0.0,0.003521,0.003521,0.014085,0.0,0.0,0.0,0.0,0.0,0.0,0.0,0.0,0.0,0.0,0.0,0.0,0.0,0.0,0.0,0.0,0.0,0.0,0.0,0.0,0.0,0.003857,0.001642,0.001553,0.000735,0.000794,0.000892,0.001777,0.0,0.003521,0.0,0.009123,0.0,0.0,0.0,0.001087,0.0,0.0,0.0,0.0,0.0,0.000745,0.0,0.003521,0.0,0.0,0.0,0.0,0.002809,0.0,0.007042,0.0,0.0,0.0,0.0,0.0,0.0,0.002227,0.010563,0.001639,0.0,0.0,0.0,0.013699,0.003521,0.003521,0.0,0.003521,0.0,0.003521,0.001587,0.0,0.0,0.001497,0.0,0.0,0.001882,0.0,0.0,0.000975,0.001062,0.0,0.0,0.0,0.0,0.007042,0.00339,0.004831,0.003521,0.0,0.0,0.002967,0.003717,0.003521,0.0,0.007042,0.0,0.0,0.003521,0.0,0.010563,0.0,0.017606,0.006452,0.0,0.0,0.002882,0.0,0.0,0.0,0.0,0.000856,0.0,0.001591,0.0,0.0,0.0,0.0,0.0
6130,0.0,0.001043,0.0,0.0,0.0,0.0,0.0,0.0,0.0,0.00055,0.0,0.0,0.0,0.0,0.000623,0.0,0.0,0.0,0.000371,0.0,0.0,0.0,0.0,0.0,0.0,0.0,0.0,0.0,0.0,0.0,0.0,0.0,0.0,0.0,0.0,0.0,0.0,0.0,0.0,0.0,0.0,0.0,0.0,0.0,0.0,0.0,0.0,0.0,0.0,0.0,0.0,0.0,0.0,0.0,0.0,0.0,0.0,0.0,0.0,0.0,0.0,0.0,0.0,0.0,0.0,0.0,0.0,0.0,0.0,0.0,0.0,0.0,0.0,0.0,0.0,0.0,0.0,0.0,0.0,0.0,0.0,0.0,0.0,0.0,0.0,0.0,0.0,0.0,0.0,0.0,0.0,0.0,0.0,0.0,0.0,0.0,0.0,0.0,0.0,0.0,0.0,0.0,0.0,0.0,0.0,0.0,0.0,0.0,0.0,0.0,0.0,0.0,0.0,0.0,0.0,0.0,0.0,0.0,0.0,0.0,0.0,0.0,0.0,0.0,0.0,0.0,0.0,0.0,0.0,0.0,0.0,0.0,0.0,0.0,0.0,0.0,0.0,0.0,0.0,0.0,0.0,0.0,0.0,0.0,0.0,0.0,0.0,0.0,0.0,0.0,0.0,0.0,0.0,0.0,0.0,0.0,0.0,0.0,0.0,0.0,0.0,0.0,0.0,0.0125,0.0,0.0125,0.0,0.0,0.0,0.0,0.0,0.0,0.0,0.0,0.0,0.0,0.0,0.0,0.0,0.0,0.0,0.0,0.0,0.0,0.0,0.0,0.02381,0.0,0.0,0.0,0.0,0.0,0.0,0.0,0.0,0.0,0.0,0.0,0.002123,0.0,0.0,0.0,0.0,0.00591,0.0,0.0,0.0,0.0,0.0,0.0,0.0,0.0,0.0,0.0,0.0,0.0,0.000392,0.008065,0.017274,0.0,0.001651,0.0,0.0,0.000254,0.0,0.000189,0.0,0.000365,0.0,0.000289,0.0,0.00094,0.006625,0.0,0.0,0.0,0.0,0.000357,0.0,0.0,0.0,0.0,0.000342,0.0,0.0,0.0,0.0,0.0,0.0,0.0,0.0,0.0,0.0,0.0,7.2e-05,0.000247,0.0,0.0,0.0,0.0,0.0,0.0,0.0,0.0,0.0,0.0,0.0,0.0,0.0,0.0,0.0,0.000367,0.0,0.0,0.0,0.0,0.0,0.000598,0.0,0.0,0.0,0.0,0.0,0.0125,0.0,0.0,0.0,0.006897,0.0,0.084211,0.038732,1.0,0.01761,0.0,0.005102,0.0,0.006711,0.0,0.0,0.0125,0.0,0.0,0.0,0.0,0.0,0.0,0.0,0.0,0.0,0.0,0.0,0.0,0.0,0.0,0.0,0.0,0.0,0.0,0.000964,0.000156,0.0,0.0,0.0,0.000892,0.000711,0.0,0.00625,0.0,0.002105,0.0,0.0,0.0,0.000155,0.0,0.00625,0.0,0.0,0.0,0.001862,0.0,0.0,0.0,0.0,0.0,0.0,0.0,0.0,0.0,0.0,0.0,0.0,0.0,0.0,0.0,0.002227,0.0125,0.00082,0.0,0.0,0.0,0.0,0.004587,0.007692,0.0,0.0,0.0,0.0,0.0,0.0,0.0,0.0,0.0,0.0,0.000471,0.0,0.0,0.000325,0.0,0.0,0.0,0.0,0.0,0.0,0.0,0.0,0.0,0.0,0.0,0.0,0.0,0.0,0.0,0.0,0.0,0.0,0.0,0.0,0.0,0.0,0.0,0.002581,0.002375,0.0,0.0,0.0,0.0,0.0,0.0,0.0,0.0,8.8e-05,0.0,0.0,0.0,0.0,0.0
6190,0.002516,0.003128,0.0,0.0,0.0,0.0,0.0,0.0,0.0,0.00165,0.0,0.0,0.0,0.001258,0.002494,0.0,0.0,0.0,0.001113,0.0,0.0,0.005031,0.0,0.001258,0.0,0.0,0.0,0.0,0.0,0.0,0.001258,0.0,0.0,0.0,0.0,0.001258,0.001584,0.0,0.0,0.0,0.0,0.001258,0.0,0.0,0.001258,0.0,0.0,0.0,0.0,0.0,0.0,0.001258,0.001258,0.0,0.0,0.0,0.001258,0.0,0.001949,0.001258,0.001258,0.0,0.0,0.001258,0.0,0.0,0.0,0.0,0.003774,0.0,0.0,0.0,0.0,0.0,0.0,0.0,0.0,0.0,0.002005,0.0,0.0,0.0,0.0,0.0,0.0,0.0,0.001258,0.0,0.0,0.0,0.0,0.0,0.003774,0.010063,0.0,0.002516,0.0,0.0,0.0,0.0,0.0,0.001258,0.0,0.0,0.001258,0.001258,0.0,0.001258,0.0,0.0,0.0,0.0,0.0,0.002516,0.0,0.0,0.0,0.0,0.0,0.0,0.0,0.0,0.0,0.0,0.0,0.0,0.0,0.0,0.0,0.001258,0.001258,0.0,0.002516,0.0,0.0,0.0,0.002516,0.0,0.0,0.0,0.0,0.0,0.0,0.0,0.0,0.0,0.0,0.0,0.0,0.0,0.0,0.0,0.0,0.0,0.0,0.0,0.0,0.0,0.0,0.0,0.0,0.001258,0.001258,0.0,0.0,0.001258,0.0,0.0,0.0,0.0,0.0,0.002994,0.001258,0.0,0.0,0.0,0.0,0.0,0.0,0.0,0.002516,0.0,0.003774,0.0,0.0,0.001258,0.001258,0.0,0.0,0.0,0.0,0.0,0.0,0.001258,0.0,0.0,0.0,0.003984,0.001258,0.005031,0.0,0.0,0.0,0.034279,0.001258,0.001258,0.0,0.003774,0.0,0.001058,0.001481,0.001965,0.003,0.002111,0.002075,0.002567,0.002156,0.022177,0.027673,0.0,0.007016,0.0,0.0,0.003562,0.001467,0.003021,0.00528,0.001462,0.00205,0.004334,0.001258,0.002351,0.021347,0.002516,0.001258,0.002575,0.0,0.002855,0.017336,0.0,0.001258,0.0,0.002054,0.00284,0.003368,0.0,0.001258,0.002516,0.0,0.001258,0.007541,0.0,0.0,0.001099,0.004238,0.001434,0.0,0.0,0.001258,0.0,0.0,0.001258,0.0,0.005031,0.002516,0.0,0.0,0.0,0.004721,0.002516,0.0,0.003302,0.0,0.001258,0.003716,0.002255,0.002516,0.004187,0.001258,0.0,0.001258,0.0,0.003774,0.0,0.0,0.001258,0.001258,0.001258,0.002516,0.05283,0.037736,0.01761,1.0,0.005031,0.018868,0.002516,0.008805,0.003774,0.0,0.0,0.0,0.0,0.0,0.0,0.0,0.0,0.0,0.0,0.0,0.0,0.0,0.0,0.0,0.0,0.002516,0.0,0.001258,0.0,0.002893,0.002502,0.003106,0.004779,0.000794,0.003122,0.007818,0.0,0.003774,0.0,0.006316,0.0,0.002516,0.005031,0.004039,0.0,0.002516,0.0,0.003774,0.002516,0.008194,0.001258,0.0,0.0,0.0,0.0,0.0,0.003774,0.0,0.008805,0.0,0.0,0.005031,0.0,0.001258,0.0,0.007547,0.003774,0.003279,0.0,0.0,0.002516,0.001258,0.0,0.001258,0.0,0.0,0.0,0.0,0.001258,0.0,0.0,0.002246,0.0,0.0,0.005647,0.001258,0.001258,0.000975,0.000531,0.0,0.0,0.0,0.0,0.0,0.0,0.003623,0.0,0.0,0.0,0.002516,0.002788,0.0,0.0,0.001258,0.001258,0.0,0.0,0.0,0.0,0.0,0.0,0.01761,0.012579,0.0,0.003774,0.0,0.0,0.0,0.0,0.002997,0.001258,0.002739,0.002516,0.0,0.0,0.0,0.0
6201,0.003115,0.0,0.0,0.0,0.0,0.0,0.0,0.0,0.0,0.00055,0.0,0.0,0.0,0.0,0.0,0.0,0.0,0.003115,0.000371,0.0,0.0,0.0,0.0,0.0,0.0,0.0,0.0,0.0,0.0,0.0,0.0,0.0,0.0,0.0,0.0,0.0,0.0,0.0,0.0,0.0,0.0,0.003115,0.0,0.0,0.0,0.0,0.0,0.0,0.0,0.0,0.0,0.0,0.0,0.002375,0.0,0.0,0.0,0.0,0.0,0.0,0.0,0.0,0.003115,0.0,0.0,0.0,0.0,0.0,0.002525,0.0,0.0,0.0,0.0,0.0,0.0,0.0,0.0,0.0,0.001203,0.0,0.0,0.0,0.0,0.0,0.003115,0.0,0.0,0.0,0.003115,0.0,0.0,0.0,0.00905,0.006515,0.0,0.0,0.0,0.0,0.003115,0.0,0.0,0.0,0.0,0.0,0.0,0.0,0.0,0.0,0.0,0.0,0.0,0.0,0.0,0.0,0.0,0.0,0.0,0.0,0.0,0.0,0.001529,0.0,0.0,0.0,0.0,0.0,0.0,0.0,0.0,0.0,0.0,0.0,0.0,0.0,0.0,0.0,0.003115,0.0,0.0,0.0,0.0,0.0,0.0,0.003115,0.0,0.0,0.0,0.0,0.0,0.0,0.0,0.0,0.0,0.0,0.0,0.0,0.0,0.0,0.0,0.0,0.0,0.0,0.0,0.0,0.0,0.0,0.0,0.0,0.0,0.0,0.0,0.0,0.0,0.003115,0.0,0.0,0.0,0.0,0.0,0.0,0.0,0.0,0.0,0.0,0.0,0.0,0.0,0.0,0.0,0.0,0.0,0.0,0.0,0.0,0.0,0.0,0.0,0.000498,0.002123,0.001946,0.0,0.0,0.0,0.004728,0.0,0.0,0.0,0.0,0.00155,0.000265,0.000296,0.000982,0.004,0.000422,0.000445,0.000428,0.002156,0.019153,0.003839,0.003115,0.002064,0.0,0.0,0.001527,0.000489,0.002643,0.000621,0.001827,0.000473,0.0,0.0,0.00141,0.007729,0.003008,0.0,0.000936,0.0,0.001428,0.001825,0.0,0.006231,0.0,0.000514,0.000437,0.0,0.0,0.0,0.001764,0.0,0.002941,0.001077,0.0,0.0,0.0,0.000503,0.000445,0.0,0.0,0.0,0.0,0.0,0.0,0.0,0.001508,0.0,0.0,0.0,0.0,0.000944,0.001718,0.003115,0.000734,0.0,0.0,0.001131,0.002255,0.001961,0.0,0.003115,0.0,0.003115,0.003115,0.003115,0.0,0.0,0.0,0.003115,0.009346,0.0,0.006231,0.0,0.0,0.005031,1.0,0.074766,0.028037,0.024922,0.006231,0.0,0.003115,0.0,0.0,0.0,0.0,0.0,0.0,0.0,0.0,0.0,0.0,0.0,0.0,0.0,0.0,0.003115,0.003115,0.0,0.0,0.000964,0.000625,0.000776,0.002206,0.0,0.003568,0.002843,0.0,0.003115,0.003115,0.01193,0.0,0.012048,0.0,0.00233,0.0,0.0,0.0,0.0,0.002353,0.00149,0.0,0.003115,0.003115,0.0,0.0,0.0,0.0,0.0,0.009346,0.0,0.0,0.007353,0.006263,0.0,0.0,0.0,0.006231,0.002459,0.003115,0.0,0.0,0.0,0.0,0.0,0.0,0.0,0.0,0.0,0.001587,0.0,0.0,0.001497,0.0,0.0,0.005647,0.003115,0.002304,0.0013,0.001592,0.0,0.0,0.0,0.0,0.0,0.0,0.002415,0.0,0.0,0.0,0.0,0.003717,0.0,0.003115,0.003115,0.0,0.0,0.006231,0.0,0.0,0.0,0.0,0.010323,0.002375,0.003115,0.0,0.0,0.0,0.0,0.001767,0.000428,0.0,0.001591,0.0,0.0,0.0,0.0,0.0
6202,0.004808,0.0,0.0,0.0,0.0,0.0,0.0,0.0,0.0,0.0,0.0,0.0,0.0,0.0,0.000623,0.0,0.0,0.0,0.0,0.0,0.0,0.0,0.0,0.0,0.0,0.0,0.0,0.0,0.0,0.0,0.0,0.005102,0.0,0.0,0.0,0.0,0.0,0.005102,0.0,0.0,0.0,0.0,0.0,0.0,0.0,0.0,0.0,0.0,0.0,0.0,0.0,0.0,0.0,0.0,0.0,0.0,0.0,0.0,0.0,0.0,0.0,0.0,0.0,0.0,0.0,0.0,0.0,0.0,0.0,0.0,0.0,0.0,0.0,0.0,0.0,0.0,0.0,0.0,0.0,0.0,0.0,0.0,0.005102,0.0,0.0,0.0,0.0,0.0,0.0,0.0,0.0,0.0,0.001508,0.003257,0.0,0.0,0.0,0.0,0.0,0.0,0.0,0.0,0.0,0.0,0.0,0.0,0.0,0.0,0.0,0.0,0.0,0.0,0.0,0.0,0.0,0.0,0.0,0.0,0.0,0.0,0.0,0.0,0.0,0.0,0.0,0.002604,0.0,0.0,0.0,0.005102,0.0,0.005102,0.0,0.0,0.0,0.0,0.005102,0.0,0.0,0.0,0.0,0.0,0.0,0.0,0.0,0.005102,0.0,0.0,0.0,0.0,0.0,0.0,0.0,0.0,0.0,0.0,0.0,0.0,0.0,0.0,0.005102,0.0,0.0,0.0,0.0,0.0,0.0,0.0,0.0,0.0,0.0,0.0,0.0,0.0,0.0,0.0,0.0,0.0,0.0,0.0,0.0,0.0,0.009091,0.0,0.0,0.0,0.0,0.0,0.0,0.005102,0.0,0.0,0.0,0.0,0.0,0.0,0.0,0.001494,0.0,0.0,0.005102,0.0,0.0,0.007092,0.003436,0.005102,0.001701,0.0,0.00155,0.0,0.000296,0.0,0.001,0.000845,0.000296,0.0,0.001372,0.015121,0.005758,0.0,0.003302,0.0,0.0,0.000509,0.000489,0.000755,0.000621,0.000365,0.000473,0.000289,0.0,0.0,0.003681,0.0,0.0,0.000234,0.0,0.001071,0.000912,0.0,0.0,0.0,0.000171,0.000437,0.000241,0.0,0.0,0.0,0.0,0.0,0.000269,0.0,0.0,0.0,0.000144,0.000247,0.0,0.0,0.0,0.0,0.0,0.0,0.0,0.0,0.0,0.0,0.0,0.0,0.0,0.0,0.0,0.0,0.0,0.0,0.000727,0.0,0.001961,0.0,0.0,0.0,0.0,0.010204,0.0,0.0,0.0,0.0,0.0,0.005102,0.0,0.010526,0.003521,0.005102,0.018868,0.074766,1.0,0.05102,0.02551,0.005102,0.0,0.005102,0.0,0.0,0.0,0.0,0.0,0.0,0.0,0.0,0.0,0.0,0.0,0.0,0.0,0.0,0.0,0.0,0.005102,0.0,0.000964,0.0,0.0,0.000368,0.000794,0.00223,0.003554,0.0,0.005102,0.0,0.001404,0.0,0.0,0.0,0.001243,0.003226,0.0,0.0,0.0,0.002353,0.001862,0.0,0.0,0.0,0.0,0.0,0.0,0.0,0.005102,0.01,0.0,0.0,0.0,0.002088,0.0,0.0,0.0,0.010204,0.0,0.0,0.0,0.0,0.003425,0.0,0.0,0.0,0.005102,0.0,0.005102,0.0,0.0,0.0,0.001497,0.0,0.0,0.003765,0.005102,0.002304,0.000325,0.001062,0.0,0.0,0.0,0.0,0.0,0.0,0.001208,0.0,0.0,0.0,0.0,0.001859,0.0,0.0,0.0,0.0,0.0,0.005102,0.0,0.0,0.0,0.0,0.006452,0.0,0.0,0.0,0.0,0.0,0.0,0.0,0.000856,0.0,0.000707,0.0,0.0,0.0,0.0,0.0
6209,0.0,0.001043,0.0,0.00177,0.0,0.0,0.0,0.003759,0.0,0.0,0.0,0.0,0.0,0.0,0.0,0.0,0.0,0.0,0.0,0.0,0.0,0.0,0.0,0.0,0.0,0.0,0.0,0.0,0.0,0.0,0.0,0.0,0.0,0.0,0.0,0.0,0.0,0.0,0.0,0.0,0.0,0.0,0.0,0.0,0.002597,0.0,0.0,0.0,0.0,0.0,0.0,0.0,0.0,0.002375,0.0,0.0,0.0,0.0,0.0,0.0,0.0,0.0,0.0,0.0,0.0,0.0,0.0,0.0,0.0,0.0,0.0,0.0,0.0,0.0,0.0,0.0,0.0,0.0,0.0,0.0,0.0,0.0,0.0,0.0,0.0,0.0,0.0,0.0,0.0,0.0,0.0,0.0,0.003017,0.003257,0.0,0.0,0.008333,0.0,0.0,0.0,0.0,0.0,0.0,0.0,0.0,0.0,0.0,0.0,0.0,0.0,0.0,0.0,0.0,0.0,0.0,0.0,0.0,0.0,0.0,0.0,0.0,0.0,0.0,0.0,0.0,0.0,0.0,0.0,0.0,0.008333,0.0,0.0,0.0,0.0,0.0,0.0,0.0,0.0,0.0,0.0,0.0,0.0,0.0,0.0,0.0,0.0,0.0,0.0,0.0,0.0,0.0,0.0,0.00565,0.0,0.0,0.0,0.0,0.0,0.0,0.0,0.0,0.0,0.0,0.0,0.0,0.0,0.0,0.0,0.0,0.0,0.0,0.000998,0.0,0.0,0.0,0.0,0.0,0.0,0.0,0.0,0.0,0.0,0.0,0.0,0.0,0.0,0.008333,0.0,0.0,0.0,0.0,0.0,0.0,0.0,0.0,0.0,0.0,0.0,0.0,0.001946,0.0,0.0,0.005682,0.002364,0.0,0.0,0.001701,0.0,0.0,0.000265,0.000296,0.001965,0.003,0.000422,0.000445,0.000428,0.000588,0.002016,0.0,0.0,0.001651,0.0,0.0,0.000509,0.0,0.001133,0.000104,0.0,0.000315,0.000867,0.0,0.0,0.00184,0.0,0.0,0.0,0.0,0.000714,0.000456,0.0,0.003891,0.0,0.000342,0.0,0.000241,0.0,0.0,0.0,0.0,0.002941,0.000808,0.0,0.0,0.000183,7.2e-05,0.000198,0.0,0.0,0.0,0.0,0.0,0.0,0.0,0.0,0.0,0.0,0.0,0.0,0.0,0.0,0.003215,0.0,0.0,0.0,0.000404,0.0,0.0,0.0,0.0,0.0,0.0,0.0,0.0,0.0,0.0,0.0,0.0,0.0,0.008333,0.007018,0.003521,0.0,0.002516,0.028037,0.05102,1.0,0.006711,0.008333,0.0,0.008333,0.0,0.0,0.0,0.0,0.0,0.0,0.0,0.0,0.0,0.0,0.0,0.0,0.0,0.0,0.008333,0.0,0.0,0.0,0.000964,0.000313,0.0,0.001471,0.0,0.001338,0.000355,0.0,0.0,0.0,0.001404,0.0,0.0,0.005291,0.000777,0.003226,0.0,0.0,0.0,0.0,0.000745,0.0,0.0,0.0,0.0,0.003497,0.003472,0.002809,0.006579,0.0,0.008333,0.0,0.0,0.0,0.0,0.0,0.0,0.0,0.0,0.0,0.0,0.0,0.0,0.0,0.0,0.0,0.0,0.0,0.0,0.0,0.0,0.008065,0.000749,0.0,0.0,0.0,0.0,0.0,0.0,0.0,0.0,0.0,0.0,0.0,0.0,0.0,0.0,0.0,0.0,0.0,0.002967,0.0,0.0,0.003257,0.0,0.0,0.0,0.0,0.0,0.0,0.0,0.0,0.011613,0.0,0.0,0.0,0.0,0.0,0.0,0.0,0.0,0.0,0.001149,0.0,0.0,0.0,0.0,0.0
6311,0.0,0.0,0.0,0.0,0.0,0.0,0.0,0.0,0.0,0.0011,0.0,0.0,0.0,0.0,0.001247,0.0,0.0,0.0,0.000371,0.0,0.0,0.0,0.0,0.0,0.0,0.0,0.0,0.0,0.0,0.0,0.0,0.0,0.0,0.0,0.0,0.0,0.000792,0.0,0.0,0.0,0.0,0.006711,0.0,0.0,0.0,0.0,0.0,0.0,0.0,0.0,0.0,0.002481,0.0,0.0,0.0,0.0,0.0,0.0,0.0,0.006711,0.0,0.0,0.0,0.002381,0.0,0.0,0.0,0.0,0.002525,0.0,0.0,0.0,0.0,0.0,0.0,0.0,0.0,0.0,0.0,0.0,0.0,0.0,0.0,0.0,0.0,0.0,0.0,0.0,0.0,0.0,0.0,0.0,0.001508,0.006515,0.0,0.006711,0.0,0.0,0.0,0.0,0.0,0.0,0.0,0.0,0.006711,0.0,0.0,0.0,0.0,0.0,0.0,0.0,0.0,0.0,0.0,0.0,0.0,0.0,0.0,0.0,0.0,0.006711,0.0,0.0,0.0,0.0,0.0,0.0,0.0,0.0,0.0,0.0,0.0,0.0,0.0,0.0,0.0,0.0,0.0,0.0,0.0,0.0,0.0,0.0,0.0,0.0,0.0,0.0,0.0,0.0,0.0,0.0,0.0,0.0,0.0,0.0,0.0,0.0,0.0,0.0,0.0,0.0,0.0,0.0,0.0,0.0,0.0,0.0,0.0,0.0,0.0,0.0,0.0,0.0,0.0,0.0,0.0,0.0,0.0,0.0,0.0,0.0,0.0,0.0,0.0,0.0,0.0,0.0,0.0,0.0,0.0,0.0,0.0,0.0,0.0,0.0,0.0,0.000996,0.0,0.0,0.0,0.0,0.0,0.001182,0.0,0.0,0.0,0.001721,0.0,0.000265,0.0,0.001965,0.0,0.000422,0.000741,0.000428,0.001176,0.007056,0.005758,0.0,0.001238,0.0,0.0,0.000254,0.000978,0.000755,0.000518,0.0,0.000158,0.0,0.0,0.00094,0.003312,0.001504,0.002174,0.000234,0.005882,0.001428,0.002281,0.0,0.0,0.0,0.000856,0.000655,0.000481,0.0,0.006711,0.0,0.0,0.002941,0.000808,0.0,0.0,0.000183,0.000216,0.000148,0.0,0.0,0.0,0.006711,0.0,0.006711,0.0,0.001508,0.0,0.0,0.0,0.0,0.0,0.001718,0.0,0.001834,0.0,0.006711,0.000969,0.0,0.003922,0.0,0.0,0.0,0.0,0.0,0.0,0.0,0.0,0.0,0.0,0.0,0.0,0.003509,0.014085,0.006711,0.008805,0.024922,0.02551,0.006711,1.0,0.026846,0.0,0.006711,0.0,0.0,0.0,0.0,0.0,0.0,0.006711,0.0,0.0,0.0,0.0,0.0,0.0,0.0,0.0,0.0,0.0,0.0,0.000964,0.000547,0.0,0.002206,0.000794,0.002676,0.001421,0.0,0.0125,0.006711,0.002105,0.0,0.003012,0.0,0.001398,0.0,0.0,0.0,0.0,0.002353,0.000372,0.0,0.0,0.0,0.0,0.0,0.0,0.005618,0.0,0.005,0.0,0.0,0.002451,0.0,0.004878,0.0,0.002227,0.0,0.001639,0.0,0.0,0.0,0.010274,0.004587,0.0,0.0,0.0,0.0,0.0,0.0,0.0,0.006711,0.000749,0.0,0.0,0.002353,0.013423,0.002304,0.0013,0.000531,0.0,0.0,0.0,0.006711,0.0,0.010169,0.003623,0.0,0.0,0.0,0.005935,0.001859,0.0,0.0,0.0,0.0,0.0,0.0,0.006135,0.0,0.0,0.006711,0.002581,0.0,0.006711,0.0,0.0,0.0,0.0,0.001767,0.0,0.0,0.000619,0.005376,0.0,0.0,0.0,0.0
6312,0.0,0.0,0.0,0.0,0.0,0.0,0.0,0.0,0.0,0.0,0.0,0.0,0.0,0.0,0.0,0.0,0.0,0.0,0.0,0.0,0.0,0.0,0.0,0.0,0.0,0.0,0.0,0.0,0.0,0.0,0.0,0.0,0.0,0.0,0.0,0.0,0.0,0.0,0.0,0.0,0.0,0.0,0.0,0.0,0.0,0.0,0.0,0.0,0.0,0.0,0.0,0.0,0.0,0.0,0.0,0.0,0.0,0.0,0.00065,0.0,0.0,0.0,0.0,0.0,0.0,0.0,0.0,0.0,0.0,0.0,0.0,0.0,0.0,0.0,0.0,0.0,0.0,0.0,0.000401,0.0,0.0,0.0,0.0,0.0,0.0,0.0,0.0,0.0,0.0,0.0,0.0,0.0,0.001508,0.0,0.0,0.0,0.0,0.0,0.0,0.0,0.0,0.0,0.0,0.0,0.0,0.0,0.0,0.0,0.0,0.0,0.0,0.0,0.0,0.0,0.0,0.0,0.0,0.0,0.0,0.0,0.0,0.0,0.0,0.0,0.0,0.0,0.0,0.0,0.0,0.0,0.0,0.0,0.0,0.0,0.0,0.0,0.0,0.0,0.0,0.0,0.0,0.0,0.0,0.0,0.0,0.0,0.0,0.0,0.0,0.0,0.0,0.0,0.0,0.0,0.0,0.0,0.0,0.0,0.0,0.0,0.0,0.0,0.0,0.0,0.0,0.0,0.0,0.0,0.0,0.0,0.0,0.0,0.0,0.0,0.0,0.0,0.0,0.0,0.0,0.0,0.0,0.0,0.0,0.0,0.0,0.0,0.0,0.0,0.0,0.0,0.0,0.0,0.0,0.0,0.0,0.0,0.0,0.0,0.0,0.0,0.0,0.0,0.0,0.0,0.0,0.0,0.0,0.0,0.0,0.000265,0.0,0.0,0.0,0.0,0.000148,0.0,0.000196,0.001008,0.0,0.0,0.0,0.0,0.0,0.0,0.0,0.000189,0.0,0.0,0.000158,0.0,0.0,0.0,0.000368,0.001504,0.0,0.0,0.0,0.0,0.0,0.0,0.0,0.0,0.0,0.000437,0.0,0.0,0.0,0.0,0.0,0.002941,0.0,0.02381,0.0,0.000183,0.000216,0.0,0.0,0.0,0.0,0.0,0.0,0.0,0.0,0.0,0.0,0.0,0.0,0.0,0.0,0.001718,0.0,0.000367,0.0,0.0,0.0,0.001127,0.0,0.0,0.0,0.0,0.0,0.0,0.007194,0.0,0.0,0.0,0.0,0.006897,0.0,0.007018,0.0,0.0,0.003774,0.006231,0.005102,0.008333,0.026846,1.0,0.0,0.0,0.0,0.0,0.0,0.0,0.0,0.0,0.0,0.0,0.0,0.0,0.0,0.0,0.0,0.0,0.0,0.0,0.0,0.0,0.0,7.8e-05,0.0,0.000735,0.001587,0.000446,0.0,0.0,0.00625,0.007519,0.002807,0.0,0.0,0.0,0.000311,0.0,0.0,0.0,0.0,0.0,0.0,0.0,0.0,0.0,0.0,0.0,0.0,0.0,0.0,0.005,0.0,0.0,0.0,0.0,0.0,0.0,0.002227,0.016667,0.0,0.0,0.0,0.0,0.003425,0.0,0.0,0.0,0.0,0.0,0.0,0.0,0.0,0.0,0.0,0.0,0.0,0.000471,0.0,0.0,0.0,0.0,0.0,0.0,0.0,0.0,0.0,0.0,0.001208,0.0,0.0,0.0,0.002967,0.0,0.0,0.003257,0.0,0.0,0.0,0.0,0.0,0.0,0.0,0.0,0.0,0.0,0.010526,0.0,0.0,0.0,0.0,0.0,0.0,0.0,0.000353,0.0,0.0,0.0,0.0,0.0
6391,0.0,0.0,0.0,0.0,0.0,0.0,0.0,0.0,0.0,0.0,0.0,0.0,0.0,0.0,0.0,0.0,0.0,0.0,0.0,0.0,0.0,0.0,0.0,0.0,0.0,0.0,0.0,0.0,0.0,0.0,0.0,0.0,0.0,0.0,0.0,0.0,0.0,0.0,0.0,0.0,0.0,0.0,0.0,0.0,0.0,0.0,0.0,0.0,0.0,0.0,0.0,0.0,0.0,0.0,0.0,0.0,0.0,0.0,0.0,0.0,0.0,0.0,0.0,0.0,0.0,0.0,0.0,0.0,0.0,0.0,0.0,0.0,0.0,0.0,0.0,0.0,0.0,0.0,0.0,0.0,0.0,0.0,0.0,0.0,0.0,0.0,0.0,0.0,0.0,0.0,0.0,0.0,0.001508,0.0,0.0625,0.0,0.0,0.0,0.0,0.0,0.0,0.0,0.0,0.0,0.0,0.0,0.0,0.0,0.0,0.0,0.0,0.0,0.0,0.0,0.0,0.0,0.0,0.0,0.0,0.0,0.0,0.0,0.0,0.0,0.0,0.0,0.0,0.0,0.0,0.0,0.0,0.0,0.0,0.0,0.0,0.0,0.0,0.0,0.0,0.0,0.0,0.0,0.0,0.0,0.0,0.0,0.0,0.0,0.0,0.0,0.0,0.0,0.0,0.0,0.0,0.0,0.0,0.0,0.0,0.0,0.0,0.0,0.0,0.0,0.0,0.0,0.0,0.0,0.0,0.0,0.0,0.0,0.0,0.0,0.0,0.0,0.0,0.0,0.0,0.0,0.0,0.0,0.0,0.0,0.0,0.0,0.0,0.0,0.0,0.0,0.0,0.0,0.0,0.0,0.0,0.0,0.0,0.0,0.0,0.0,0.0,0.0,0.0,0.0,0.0,0.0,0.0,0.0,0.0,0.0,0.0,0.0,0.0,0.0,0.0,0.0,0.0,0.001008,0.0,0.0,0.0,0.0,0.0,0.0,0.0,0.0,0.0,0.0,0.0,0.000289,0.0,0.0,0.0,0.0,0.0,0.0,0.0,0.0,0.0,0.0,0.0,0.0,0.000171,0.0,0.000241,0.0,0.0,0.0,0.0,0.0,0.0,0.0,0.0,0.0,0.0,0.0,0.0,0.0,0.0,0.0,0.0,0.0,0.0,0.0,0.0,0.0,0.0,0.0,0.0,0.0,0.0,0.0,0.0,0.0,8.1e-05,0.0,0.0,0.0,0.014706,0.02,0.0,0.0,0.0,0.0,0.0,0.0,0.0,0.0,0.0,0.0,0.0,0.0,0.0,0.0,0.0,0.0,0.0,0.0,1.0,0.0,0.0,0.0,0.0,0.0,0.0,0.0,0.0,0.0,0.0,0.0,0.0,0.0,0.0,0.0,0.0,0.0,0.0,0.0,0.0,0.0,0.0,0.000368,0.0,0.0,0.0,0.0,0.0,0.0,0.0,0.0,0.0,0.0,0.0,0.0,0.0,0.0,0.0,0.0,0.0,0.0,0.0,0.0,0.0,0.0,0.0,0.0,0.0,0.0,0.0,0.0,0.0,0.0,0.0,0.0,0.0,0.0,0.0,0.0,0.0,0.0,0.0,0.0,0.0,0.0,0.0,0.0,0.0,0.0,0.0,0.0,0.0,0.0,0.0,0.0,0.0,0.0,0.0,0.0,0.0,0.0,0.0,0.0,0.0,0.0,0.0,0.0,0.0,0.0,0.0,0.0,0.0,0.0,0.0,0.0,0.0,0.0,0.0,0.0,0.0,0.0,0.0,0.0,0.0,0.0,0.0,0.0,0.0,0.0,0.0,0.0,8.8e-05,0.0,0.0,0.0,0.0,0.0
6399,0.0,0.0,0.002551,0.0,0.0,0.0,0.0,0.0,0.0,0.0,0.0,0.0,0.003831,0.0,0.0,0.0,0.0,0.0,0.000742,0.0,0.0,0.0,0.0,0.0,0.0,0.0,0.0,0.0,0.0,0.0,0.0,0.0,0.0,0.0,0.0,0.0,0.0,0.0,0.0,0.0,0.0,0.0,0.0,0.0,0.0,0.0,0.0,0.0,0.0,0.0,0.0,0.0,0.0,0.0,0.0,0.0,0.0,0.0,0.0,0.0,0.0,0.0,0.0,0.0,0.0,0.0,0.0,0.0,0.0,0.0,0.0,0.0,0.0,0.0,0.0,0.0,0.0,0.0,0.0,0.0,0.0,0.0,0.0,0.0,0.0,0.0,0.0,0.0,0.0,0.0,0.0,0.0,0.001508,0.0,0.0,0.0,0.0,0.0,0.0,0.0,0.0,0.0,0.0,0.0,0.0,0.0,0.0,0.0,0.0,0.0,0.0,0.0,0.0,0.0,0.0,0.0,0.0,0.0,0.0,0.0,0.0,0.0,0.0,0.0,0.0,0.0,0.0,0.0,0.0,0.0,0.0,0.0,0.0,0.0,0.0,0.0,0.0,0.0,0.0,0.0,0.0,0.0,0.0,0.0,0.0,0.0,0.0,0.0,0.0,0.0,0.0,0.0,0.0,0.0,0.0,0.0,0.0,0.0,0.0,0.0,0.0,0.0,0.0,0.0,0.0,0.0,0.0,0.0,0.0,0.0,0.0,0.0,0.0,0.0,0.0,0.0,0.0,0.0,0.0,0.0,0.0,0.0,0.0,0.0,0.0,0.0,0.0,0.0,0.0,0.0,0.0,0.0,0.0,0.0,0.0,0.0,0.0,0.000498,0.002123,0.0,0.0,0.0,0.0,0.0,0.0,0.0,0.0,0.0,0.0,0.0,0.0,0.0,0.0,0.0,0.0,0.0,0.0,0.0,0.0,0.0,0.0,0.0,0.0,0.0,0.0,0.0,0.0,0.0,0.0,0.0,0.0,0.0,0.000368,0.0,0.002174,0.000234,0.0,0.000357,0.0,0.0,0.0,0.0,0.0,0.0,0.000241,0.0,0.0,0.0,0.0,0.0,0.0,0.0,0.0,0.0,7.2e-05,0.0,0.0,0.0,0.0,0.0,0.0,0.0,0.0,0.0,0.0,0.0,0.0,0.0,0.0,0.0,0.0,0.000367,0.0,0.0,8.1e-05,0.0,0.0,0.0,0.0,0.0,0.0,0.0,0.0,0.0,0.0,0.0,0.0,0.0,0.0,0.003509,0.0,0.0125,0.0,0.003115,0.005102,0.008333,0.006711,0.0,0.0,1.0,0.0,0.0,0.0,0.0,0.0,0.0,0.0,0.0,0.0,0.0,0.0,0.0,0.0,0.0,0.0,0.0,0.0,0.0,0.0,0.000235,0.0,0.000735,0.0,0.000892,0.000711,0.0,0.0,0.0,0.000702,0.0,0.0,0.0,0.000155,0.0,0.0,0.0,0.0,0.0,0.0,0.0,0.0,0.0,0.0,0.0,0.0,0.002809,0.0,0.0,0.0,0.0,0.0,0.0,0.0,0.0,0.0,0.0,0.0,0.0,0.0,0.0,0.003425,0.004587,0.0,0.0,0.0,0.0,0.0,0.0,0.0,0.0,0.0,0.0,0.0,0.0,0.0,0.0,0.0,0.0,0.0,0.0,0.0,0.006757,0.0,0.0,0.0,0.0,0.0,0.0,0.0,0.000929,0.0,0.0,0.008475,0.0,0.0,0.0,0.0,0.0,0.0,0.0,0.00129,0.0,0.0,0.0,0.0,0.0,0.0,0.0,0.000428,0.004525,8.8e-05,0.0,0.0,0.0,0.0,0.0
6411,0.0,0.001043,0.0,0.0,0.0,0.0,0.0,0.0,0.0,0.00055,0.0,0.0,0.0,0.001605,0.0,0.0,0.0,0.0,0.0,0.0,0.0,0.0,0.0,0.0,0.0,0.0,0.0,0.0,0.0,0.0,0.0,0.0,0.0,0.0,0.0,0.0,0.0,0.0,0.0,0.0,0.0,0.0,0.0,0.0,0.0,0.0,0.0,0.0,0.0,0.0,0.0,0.0,0.0,0.0,0.0,0.0,0.0,0.0,0.0,0.0,0.0,0.0,0.0,0.0,0.0,0.0,0.0,0.0,0.0,0.0,0.0,0.0,0.0,0.0,0.0,0.0,0.0,0.0,0.0,0.0,0.0,0.0,0.0,0.0,0.0,0.0,0.0,0.0,0.0,0.0,0.0,0.0,0.0,0.0,0.0,0.0,0.0,0.0,0.0,0.0,0.0,0.0,0.0,0.0,0.0,0.0,0.0,0.0,0.0,0.0,0.0,0.0,0.0,0.0,0.0,0.0,0.0,0.0,0.0,0.0,0.0,0.0,0.0,0.0,0.0,0.0,0.0,0.0,0.0,0.0,0.0,0.0,0.0,0.0,0.0,0.0,0.0,0.0,0.0,0.0,0.0,0.0,0.0,0.0,0.0,0.0,0.0,0.0,0.0,0.0,0.0,0.0,0.0,0.0,0.0,0.0,0.0,0.0,0.0,0.0,0.0,0.0,0.0,0.0,0.0,0.0,0.0,0.0,0.0,0.0,0.0,0.0,0.0,0.0,0.0,0.0,0.0,0.0,0.0,0.0,0.0,0.0,0.0,0.0,0.0,0.0,0.0,0.0,0.0,0.0,0.0,0.0,0.0,0.0,0.0,0.0,0.0,0.0,0.0,0.0,0.0,0.0,0.0,0.0,0.0,0.0,0.0,0.0,0.0,0.0,0.0,0.0,0.0,0.0,0.0,0.0,0.0,0.0,0.0,0.0,0.0,0.0,0.0,0.0,0.0,0.0,0.0,0.0,0.0,0.0,0.0,0.0,0.0,0.0,0.0,0.0,0.0,0.0,0.0,0.0,0.0,0.0,0.0,0.0,0.0,0.0,0.0,0.0,0.0,0.0,0.0,0.0,0.0,0.0,0.0,0.0,0.0,0.0,0.0,0.0,0.0,0.0,0.0,0.0,0.0,0.0,0.0,0.0,0.0,0.0,0.0,0.0,0.0,0.0,0.0,0.0,0.0,0.0,0.0,0.0,0.0,0.0,0.0,0.0,0.0,0.0,0.0,0.0,0.0,0.0,0.0,0.0,0.0,0.0,0.0,0.0,0.0,0.0,0.0,0.0,1.0,0.057692,0.0,0.0,0.0,0.1,0.037037,0.0,0.0,0.0,0.0,0.0,0.0,0.0,0.010753,0.0,0.0,0.0,0.0,7.8e-05,0.0,0.0,0.0,0.0,0.0,0.0,0.0,0.0,0.0,0.0,0.0,0.0,0.0,0.0,0.0,0.0,0.0,0.0,0.0,0.0,0.0,0.0,0.0,0.0,0.0,0.0,0.0,0.0,0.0,0.0,0.0,0.0,0.0,0.0,0.0,0.0,0.0,0.0,0.0,0.0,0.003425,0.0,0.0,0.0,0.0,0.0,0.0,0.0,0.0,0.0,0.0,0.0,0.0,0.0,0.0,0.0,0.0,0.0,0.0,0.0,0.0,0.0,0.0,0.0,0.0,0.0,0.0,0.0,0.0,0.0,0.0,0.0,0.0,0.0,0.0,0.0,0.0,0.0,0.0,0.0,0.0,0.0,0.0,0.0,0.0,0.0,0.0,0.0,0.0,0.0,0.0,0.0,0.0,0.0,0.0,0.0
6419,0.0,0.0,0.0,0.0,0.0,0.0,0.0,0.0,0.0,0.0,0.0,0.0,0.0,0.0,0.0,0.0,0.0,0.0,0.0,0.0,0.0,0.0,0.0,0.0,0.0,0.0,0.0,0.0,0.0,0.0,0.0,0.0,0.0,0.0,0.0,0.0,0.0,0.0,0.0,0.0,0.0,0.0,0.0,0.0,0.0,0.0,0.0,0.0,0.0,0.0,0.0,0.0,0.0,0.0,0.0,0.0,0.0,0.0,0.0,0.0,0.0,0.0,0.0,0.002381,0.0,0.0,0.0,0.0,0.0,0.0,0.0,0.0,0.0,0.0,0.0,0.0,0.0,0.0,0.0,0.0,0.0,0.0,0.0,0.0,0.0,0.0,0.0,0.0,0.0,0.0,0.0,0.0,0.0,0.0,0.0,0.0,0.0,0.0,0.0,0.0,0.0,0.0,0.0,0.0,0.0,0.0,0.0,0.0,0.0,0.0,0.0,0.0,0.0,0.0,0.0,0.0,0.0,0.0,0.0,0.0,0.0,0.0,0.0,0.0,0.0,0.0,0.0,0.0,0.0,0.0,0.0,0.0,0.0,0.0,0.0,0.0,0.0,0.0,0.0,0.0,0.0,0.0,0.0,0.0,0.0,0.0,0.0,0.0,0.0,0.0,0.0,0.0,0.0,0.0,0.0,0.0,0.0,0.0,0.0,0.0,0.0,0.0,0.0,0.0,0.0,0.0,0.0,0.0,0.0,0.0,0.0,0.0,0.0,0.0,0.0,0.0,0.0,0.0,0.0,0.0,0.0,0.0,0.0,0.0,0.0,0.0,0.0,0.0,0.0,0.0,0.0,0.0,0.0,0.0,0.0,0.0,0.0,0.000498,0.0,0.0,0.0,0.0,0.0,0.0,0.0,0.0,0.0,0.0,0.0,0.0,0.0,0.000982,0.0,0.0,0.0,0.0,0.0,0.0,0.0,0.0,0.0,0.0,0.0,0.0,0.0,0.000189,0.0,0.0,0.0,0.0,0.0,0.00047,0.0,0.0,0.0,0.0,0.0,0.000357,0.0,0.0,0.0,0.0,0.0,0.000218,0.0,0.0,0.0,0.0,0.0,0.0,0.000269,0.0,0.0,0.000183,0.0,0.0,0.0,0.0,0.0,0.0,0.0,0.0,0.0,0.003017,0.0,0.0,0.0,0.0,0.000944,0.001718,0.003215,0.0,0.0,0.0,0.0,0.0,0.0,0.0,0.0,0.0,0.0,0.0,0.0,0.0,0.0,0.0,0.0,0.0,0.0,0.0,0.0,0.0,0.0,0.0,0.0,0.0,0.0,0.0,0.0,0.0,0.057692,1.0,0.0,0.0,0.0,0.096154,0.211538,0.0,0.0,0.0,0.0,0.0,0.0,0.0,0.043011,0.0,0.0,0.0,0.001929,0.000782,0.0,0.0,0.000794,0.000892,0.0,0.0,0.0,0.0,0.0,0.0,0.0,0.0,0.0,0.0,0.0,0.0,0.0,0.0,0.0,0.0,0.0,0.0,0.0,0.0,0.0,0.0,0.0,0.0,0.0,0.0,0.0,0.0,0.0,0.002037,0.0,0.0,0.0,0.0,0.0,0.0,0.0,0.0,0.007692,0.0,0.0,0.0,0.019231,0.0,0.0,0.0,0.0,0.0,0.0,0.000941,0.0,0.0,0.000325,0.0,0.0,0.0,0.0,0.006757,0.0,0.010169,0.0,0.0,0.0,0.0,0.0,0.0,0.0,0.0,0.0,0.0,0.0,0.0,0.006135,0.0,0.0,0.0,0.0,0.0,0.0,0.0,0.0,0.0,0.0,0.0,0.0,0.004525,8.8e-05,0.0,0.0,0.0,0.0,0.0
6420,0.0,0.0,0.0,0.0,0.0,0.0,0.0,0.0,0.0,0.0,0.0,0.0,0.0,0.0,0.0,0.0,0.0,0.0,0.0,0.0,0.0,0.0,0.0,0.0,0.0,0.0,0.0,0.0,0.0,0.0,0.005348,0.0,0.0,0.0,0.0,0.0,0.0,0.0,0.0,0.0,0.0,0.0,0.0,0.0,0.0,0.0,0.0,0.0,0.0,0.0,0.0,0.0,0.0,0.0,0.0,0.0,0.0,0.0,0.0,0.0,0.0,0.0,0.0,0.0,0.0,0.0,0.0,0.0,0.0,0.0,0.0,0.0,0.0,0.0,0.0,0.0,0.0,0.0,0.0,0.0,0.0,0.0,0.0,0.0,0.0,0.0,0.0,0.0,0.0,0.0,0.0,0.0,0.0,0.0,0.0,0.0,0.0,0.0,0.0,0.0,0.0,0.0,0.0,0.0,0.0,0.0,0.0,0.0,0.0,0.0,0.0,0.0,0.0,0.0,0.0,0.0,0.0,0.0,0.0,0.0,0.0,0.0,0.0,0.0,0.0,0.0,0.0,0.0,0.0,0.0,0.0,0.0,0.0,0.0,0.0,0.0,0.0,0.0,0.0,0.0,0.0,0.0,0.0,0.0,0.0,0.0,0.0,0.0,0.0,0.0,0.0,0.0,0.0,0.0,0.0,0.0,0.0,0.0,0.0,0.0,0.0,0.0,0.0,0.0,0.0,0.0,0.0,0.0,0.0,0.0,0.0,0.0,0.0,0.0,0.0,0.0,0.0,0.0,0.0,0.0,0.0,0.0,0.0,0.0,0.0,0.0,0.0,0.0,0.0,0.0,0.0,0.0,0.0,0.0,0.0,0.0,0.0,0.0,0.0,0.0,0.0,0.0,0.005682,0.0,0.0,0.0,0.0,0.001721,0.0,0.0,0.0,0.0,0.0,0.0,0.000148,0.0,0.0,0.0,0.0,0.0,0.0,0.0,0.0,0.000254,0.0,0.0,0.0,0.0,0.0,0.0,0.0,0.0,0.0,0.0,0.0,0.0,0.0,0.0,0.0,0.0,0.0,0.0,0.0,0.0,0.0,0.0,0.0,0.0,0.0,0.0,0.0,0.0,0.0,0.0,7.2e-05,0.0,0.0,0.0,0.0,0.0,0.0,0.0,0.0,0.0,0.0,0.0,0.0,0.0,0.0,0.0,0.0,0.0,0.0,0.0,0.0,0.0,0.0,0.0,0.0,0.0,0.0,0.0,0.0,0.0,0.0,0.0,0.0,0.0,0.0,0.0,0.0,0.0,0.0,0.0,0.0,0.0,0.0,0.0,0.0,0.0,0.0,0.0,1.0,0.0625,0.0,0.0,0.0,0.0,0.0,0.0,0.0,0.0,0.0,0.0,0.0,0.0,0.0,0.025,0.001929,0.000313,0.0,0.000368,0.0,0.0,0.000355,0.0,0.00625,0.0,0.000702,0.0,0.0,0.0,0.0,0.0,0.0,0.0,0.0,0.0,0.000372,0.0,0.0,0.0,0.0,0.0,0.0,0.0,0.0,0.0,0.0,0.0,0.0,0.0,0.0,0.0,0.0,0.0,0.0,0.0,0.0,0.010101,0.0,0.0,0.0,0.0,0.0,0.0,0.0,0.0,0.0,0.0,0.0,0.0,0.0,0.0,0.0,0.0,0.0,0.0,0.0,0.0,0.0,0.0,0.0,0.0,0.0,0.0,0.0,0.0,0.0,0.0,0.0,0.0,0.0,0.0,0.0,0.0,0.0,0.0,0.0,0.0,0.0,0.0,0.0,0.0,0.0,0.0,0.0,0.0,0.0,0.0,8.8e-05,0.0,0.0,0.0,0.0,0.0
6430,0.0,0.0,0.0,0.0,0.0,0.0,0.0,0.0,0.0,0.0,0.0,0.0,0.0,0.0,0.0,0.0,0.0,0.0,0.0,0.0,0.0,0.0,0.0,0.0,0.0,0.0,0.0,0.0,0.0,0.0,0.0,0.0,0.0,0.0,0.0,0.0,0.0,0.0,0.0,0.0,0.0,0.0,0.0,0.0,0.0,0.0,0.0,0.0,0.0,0.0,0.0,0.0,0.0,0.0,0.0,0.0,0.0,0.0,0.0,0.0,0.0,0.0,0.0,0.0,0.0,0.0,0.0,0.0,0.0,0.0,0.0,0.0,0.0,0.0,0.0,0.0,0.0,0.0,0.0,0.0,0.0,0.0,0.0,0.0,0.0,0.0,0.0,0.0,0.0,0.0,0.0,0.0,0.0,0.0,0.0,0.0,0.0,0.0,0.0,0.0,0.0,0.0,0.0,0.0,0.0,0.0,0.0,0.0,0.0,0.0,0.0,0.0,0.0,0.0,0.0,0.0,0.0,0.0,0.0,0.0,0.0,0.0,0.0,0.0,0.0,0.0,0.0,0.0,0.0,0.0,0.0,0.0,0.0,0.0,0.0,0.0,0.0,0.0,0.0,0.0,0.0,0.0,0.0,0.0,0.0,0.0,0.0,0.0,0.0,0.0,0.0,0.0,0.0,0.0,0.0,0.0,0.0,0.0,0.0,0.0,0.0,0.0,0.0,0.0,0.0,0.0,0.0,0.0,0.0,0.0,0.0,0.0,0.0,0.0,0.0,0.0,0.0,0.0,0.0,0.0,0.0,0.0,0.0,0.0,0.0,0.0,0.0,0.0,0.0,0.0,0.0,0.0,0.0,0.0,0.0,0.0,0.0,0.0,0.0,0.0,0.0,0.0,0.0,0.0,0.0,0.0,0.0,0.0,0.0,0.0,0.0,0.0,0.0,0.0,0.0,0.0,0.0,0.0,0.0,0.0,0.0,0.0,0.0,0.0,0.0,0.0,0.0,0.0,0.0,0.0,0.0,0.0,0.0,0.0,0.0,0.0,0.0,0.0,0.0,0.0,0.0,0.0,0.0,0.000218,0.0,0.0,0.0,0.0,0.0,0.0,0.0,0.0,0.0,0.0,7.2e-05,0.0,0.0,0.0,0.0,0.0,0.0,0.0,0.0,0.0,0.0,0.0,0.0,0.0,0.0,0.0,0.0,0.000734,0.0,0.0,8.1e-05,0.001127,0.0,0.0,0.0,0.0,0.0,0.0,0.0,0.0,0.0,0.0,0.0,0.0,0.0,0.0,0.0,0.0,0.0,0.0,0.0,0.0,0.0,0.0,0.0,0.0,0.0,0.0,0.0625,1.0,0.0,0.0,0.0,0.0,0.0,0.0,0.0,0.0,0.083333,0.0,0.0,0.0,0.0,0.025,0.0,7.8e-05,0.0,0.000735,0.0,0.000446,0.0,0.0,0.0,0.0,0.0,0.0,0.0,0.0,0.0,0.0,0.0,0.0,0.0,0.0,0.0,0.0,0.0,0.0,0.0,0.0,0.0,0.0,0.0,0.0,0.0,0.0,0.0,0.0,0.0,0.0,0.0,0.0,0.0,0.0,0.0,0.0,0.0,0.0,0.0,0.0,0.0,0.0,0.0,0.0,0.0,0.008065,0.0,0.0,0.0,0.0,0.0,0.0,0.000325,0.000531,0.0,0.0,0.0,0.0,0.0,0.0,0.0,0.0,0.0,0.0,0.0,0.0,0.0,0.0,0.0,0.0,0.0,0.0,0.0,0.0,0.0,0.0,0.0,0.0,0.0,0.0,0.0,0.0,0.0,0.0,0.0,0.0,0.0,0.0,0.0,0.0,0.0,0.0
6491,0.0,0.0,0.0,0.0,0.0,0.0,0.0,0.0,0.0,0.0,0.0,0.0,0.0,0.0,0.0,0.0,0.0,0.0,0.0,0.0,0.0,0.0,0.0,0.0,0.0,0.0,0.0,0.0,0.0,0.0,0.0,0.0,0.0,0.0,0.0,0.0,0.0,0.0,0.0,0.0,0.0,0.0,0.0,0.0,0.0,0.0,0.0,0.0,0.0,0.0,0.0,0.0,0.0,0.0,0.0,0.0,0.0,0.0,0.0,0.0,0.0,0.0,0.0,0.0,0.0,0.0,0.0,0.0,0.0,0.0,0.0,0.0,0.0,0.0,0.0,0.0,0.0,0.0,0.0,0.0,0.0,0.0,0.0,0.0,0.0,0.0,0.0,0.0,0.0,0.0,0.0,0.0,0.0,0.0,0.0,0.0,0.0,0.0,0.0,0.0,0.0,0.0,0.0,0.0,0.0,0.0,0.0,0.0,0.0,0.0,0.0,0.0,0.0,0.0,0.0,0.0,0.0,0.0,0.0,0.0,0.0,0.0,0.0,0.0,0.0,0.0,0.0,0.0,0.0,0.0,0.0,0.0,0.0,0.0,0.0,0.0,0.0,0.0,0.0,0.0,0.0,0.0,0.0,0.0,0.0,0.0,0.0,0.0,0.0,0.0,0.0,0.0,0.0,0.0,0.0,0.0,0.0,0.0,0.0,0.0,0.0,0.0,0.0,0.0,0.0,0.0,0.0,0.0,0.0,0.0,0.0,0.0,0.0,0.0,0.0,0.0,0.0,0.0,0.0,0.0,0.0,0.0,0.0,0.0,0.0,0.0,0.0,0.0,0.0,0.0,0.0,0.0,0.0,0.0,0.0,0.0,0.0,0.0,0.0,0.0,0.0,0.0,0.0,0.0,0.0,0.0,0.0,0.0,0.0,0.0,0.0,0.0,0.0,0.0,0.0,0.0,0.000196,0.0,0.0,0.0,0.0,0.0,0.0,0.0,0.0,0.0,0.0,0.0,0.0,0.000289,0.0,0.0,0.0,0.0,0.0,0.0,0.0,0.0,0.0,0.0,0.0,0.0,0.0,0.0,0.0,0.0,0.0,0.0,0.0,0.0,0.0,0.0,0.0,0.0,0.0,4.9e-05,0.0,0.0,0.0,0.0,0.0,0.0,0.0,0.0,0.0,0.0,0.0,0.0,0.0,0.0,0.0,0.0,0.0,0.0,8.1e-05,0.0,0.0,0.0,0.0,0.0,0.0,0.0,0.0,0.0,0.0,0.0,0.0,0.0,0.0,0.0,0.0,0.0,0.0,0.0,0.0,0.0,0.0,0.0,0.0,0.0,0.0,0.0,0.0,0.0,1.0,0.0,0.0,0.0,0.0,0.0,0.0,0.0,0.0,0.0,0.0,0.0,0.0,0.0,0.0,0.0,0.0,0.0,0.0,0.0,0.0,0.0,0.0,0.0,0.0,0.0,0.0,0.0,0.0,0.0,0.0,0.0,0.0,0.0,0.0,0.0,0.0,0.0,0.0,0.0,0.0,0.0,0.0,0.0,0.0,0.0,0.0,0.0,0.0,0.0,0.0,0.0,0.0,0.0,0.0,0.0,0.0,0.0,0.0,0.0,0.0,0.0,0.0,0.0,0.0,0.0,0.0,0.0,0.0,0.0,0.0,0.0,0.0,0.0,0.0,0.0,0.0,0.0,0.0,0.0,0.0,0.0,0.0,0.0,0.0,0.0,0.0,0.0,0.0,0.0,0.0,0.0,0.0,0.0,0.0,0.0,0.0,0.0,0.0,0.0,0.0,0.0,0.0,0.0,0.0,0.0,0.0,0.0,0.0,0.0,0.0,0.0
6492,0.0,0.0,0.0,0.0,0.0,0.0,0.0,0.0,0.0,0.0,0.0,0.0,0.0,0.0,0.0,0.0,0.0,0.0,0.0,0.0,0.0,0.0,0.0,0.0,0.0,0.0,0.0,0.0,0.0,0.0,0.0,0.0,0.0,0.0,0.0,0.0,0.0,0.0,0.0,0.0,0.0,0.0,0.0,0.0,0.0,0.0,0.0,0.0,0.0,0.0,0.0,0.0,0.0,0.0,0.0,0.0,0.0,0.0,0.0,0.0,0.0,0.0,0.0,0.0,0.0,0.0,0.0,0.0,0.0,0.0,0.0,0.0,0.0,0.0,0.0,0.0,0.0,0.0,0.000401,0.0,0.0,0.0,0.0,0.0,0.0,0.0,0.0,0.0,0.0,0.0,0.0,0.0,0.0,0.0,0.0,0.0,0.0,0.0,0.0,0.0,0.0,0.0,0.0,0.0,0.0,0.0,0.0,0.0,0.0,0.0,0.0,0.0,0.0,0.0,0.0,0.0,0.0,0.0,0.0,0.0,0.0,0.0,0.0,0.0,0.0,0.0,0.0,0.0,0.0,0.0,0.0,0.0,0.0,0.0,0.0,0.0,0.0,0.0,0.0,0.0,0.0,0.0,0.0,0.0,0.0,0.0,0.0,0.0,0.0,0.0,0.0,0.0,0.0,0.0,0.0,0.0,0.0,0.0,0.0,0.0,0.0,0.0,0.0,0.0,0.0,0.0,0.0,0.0,0.0,0.0,0.0,0.0,0.0,0.014706,0.0,0.0,0.0,0.0,0.0,0.0,0.0,0.0,0.0,0.0,0.0,0.0,0.0,0.0,0.0,0.0,0.0,0.0,0.0,0.0,0.0,0.0,0.0,0.0,0.0,0.0,0.0,0.0,0.0,0.0,0.0,0.0,0.0,0.0,0.0,0.0,0.0,0.0,0.0,0.0,0.0,0.0,0.0,0.0,0.0,0.0,0.0,0.0,0.0,0.0,0.0,0.0,0.000104,0.0,0.0,0.0,0.0,0.0,0.0,0.0,0.0,0.0,0.0,0.0,0.0,0.0,0.0,0.0,0.0,0.0,0.0,0.0,0.0,0.0,0.0,0.0,0.0,0.0,0.0,0.0,0.0,4.9e-05,0.0,0.0,0.0,0.0,0.0,0.0,0.0,0.0,0.0,0.0,0.0,0.0,0.0,0.0,0.0,0.0,0.0,0.0,0.0,0.0,0.0,0.000598,0.0,0.0,0.0,0.0,0.0,0.0,0.0,0.0,0.0,0.0,0.0,0.0,0.0,0.0,0.0,0.0,0.0,0.0,0.0,0.0,0.0,0.0,0.1,0.096154,0.0,0.0,0.0,1.0,0.111111,0.0,0.0,0.0,0.0,0.0,0.0,0.0,0.010753,0.0,0.0,0.0,0.0,0.0,0.0,0.0,0.0,0.0,0.0,0.0,0.0,0.0,0.0,0.0,0.0,0.0,0.0,0.0,0.0,0.0,0.0,0.0,0.0,0.0,0.0,0.0,0.0,0.0,0.0,0.0,0.0,0.0,0.0,0.0,0.0,0.0,0.0,0.0,0.0,0.0,0.0,0.0,0.0,0.0,0.0,0.0,0.0,0.0,0.0,0.0,0.0,0.0,0.0,0.0,0.0,0.0,0.0,0.0,0.0,0.0,0.0,0.0,0.0,0.0,0.0,0.0,0.0,0.0,0.0,0.0,0.0,0.0,0.0,0.0,0.0,0.0,0.0,0.0,0.0,0.0,0.0,0.0,0.0,0.0,0.0,0.0,0.0,0.0,0.0,0.0,0.0,0.0,0.0,0.0,0.0,0.0,0.0,0.0,0.0,0.0
6499,0.0,0.0,0.0,0.0,0.0,0.0,0.0,0.0,0.0,0.0,0.0,0.0,0.0,0.0,0.0,0.0,0.0,0.0,0.0,0.0,0.0,0.0,0.0,0.0,0.0,0.0,0.0,0.0,0.0,0.0,0.0,0.009174,0.0,0.0,0.0,0.0,0.0,0.0,0.0,0.0,0.0,0.0,0.0,0.0,0.0,0.0,0.0,0.0,0.0,0.0,0.0,0.0,0.0,0.0,0.0,0.0,0.0,0.0,0.0,0.0,0.0,0.0,0.0,0.0,0.0,0.0,0.0,0.0,0.0,0.0,0.0,0.0,0.0,0.0,0.0,0.0,0.0,0.0,0.0,0.0,0.0,0.0,0.0,0.0,0.0,0.0,0.0,0.0,0.0,0.0,0.0,0.0,0.0,0.0,0.0,0.0,0.0,0.0,0.0,0.0,0.0,0.0,0.0,0.0,0.0,0.0,0.0,0.0,0.0,0.0,0.0,0.0,0.0,0.0,0.0,0.0,0.0,0.0,0.0,0.0,0.0,0.0,0.0,0.0,0.0,0.0,0.0,0.0,0.0,0.0,0.0,0.0,0.0,0.0,0.0,0.0,0.0,0.0,0.0,0.0,0.0,0.0,0.0,0.0,0.0,0.0,0.0,0.0,0.0,0.0,0.0,0.0,0.0,0.0,0.0,0.0,0.0,0.0,0.0,0.0,0.0,0.0,0.0,0.0,0.0,0.0,0.0,0.0,0.0,0.0,0.0,0.0,0.0,0.0,0.0,0.0,0.0,0.0,0.0,0.0,0.0,0.0,0.0,0.0,0.0,0.0,0.0,0.0,0.0,0.0,0.0,0.0,0.0,0.0,0.0,0.0,0.0,0.0,0.0,0.0,0.0,0.0,0.0,0.0,0.0,0.0,0.0,0.0,0.00155,0.0,0.0,0.0,0.001,0.0,0.000148,0.0,0.0,0.0,0.0,0.0,0.0,0.0,0.0,0.0,0.0,0.0,0.0,0.0,0.0,0.0,0.0,0.0,0.0,0.0,0.0,0.0,0.0,0.0,0.0,0.0,0.0,0.0,0.0,0.0,0.0,0.0,0.0,0.0,0.0,0.0,0.000269,0.0,0.0,0.0,0.0,4.9e-05,0.0,0.0,0.0,0.0,0.0,0.0,0.0,0.001508,0.0,0.0,0.0,0.0,0.0,0.001718,0.0,0.000367,0.0,0.0,0.0,0.0,0.0,0.0,0.0,0.0,0.0,0.0,0.0,0.0,0.0,0.0,0.0,0.0,0.0,0.0,0.0,0.0,0.0,0.0,0.0,0.0,0.006711,0.0,0.0,0.0,0.037037,0.211538,0.0,0.0,0.0,0.111111,1.0,0.0,0.033333,0.0,0.0,0.0,0.0,0.0,0.021505,0.0,0.0,0.025,0.002893,7.8e-05,0.0,0.0,0.0,0.000446,0.0,0.0,0.0,0.007519,0.0,0.0,0.0,0.0,0.000311,0.0,0.0,0.0,0.0,0.0,0.000372,0.0,0.0,0.0,0.0,0.0,0.0,0.0,0.0,0.0,0.0,0.0,0.0,0.0,0.0,0.0,0.0,0.0,0.0,0.006849,0.0,0.0,0.0,0.004587,0.0,0.0,0.037037,0.0,0.0,0.0,0.0,0.0,0.0,0.0,0.0,0.0,0.0,0.0,0.000325,0.0,0.0,0.0,0.020408,0.0,0.0,0.00339,0.0,0.0,0.0,0.0,0.0,0.0,0.0,0.0,0.0,0.0,0.0,0.0,0.0,0.0,0.0,0.00813,0.0,0.0,0.0,0.0,0.0,0.0,0.0,0.0,0.0,0.004525,0.000177,0.0,0.0,0.0,0.0,0.0
6511,0.0,0.0,0.0,0.0,0.0,0.0,0.0,0.0,0.0,0.0,0.0,0.0,0.0,0.0,0.0,0.0,0.0,0.0,0.0,0.0,0.0,0.0,0.0,0.0,0.0,0.0,0.0,0.0,0.0,0.0,0.0,0.0,0.0,0.0,0.0,0.0,0.0,0.0,0.0,0.0,0.0,0.0,0.0,0.0,0.0,0.0,0.0,0.0,0.0,0.0,0.0,0.0,0.0,0.0,0.0,0.0,0.0,0.0,0.0,0.0,0.0,0.0,0.0,0.0,0.0,0.0,0.0,0.0,0.0,0.0,0.0,0.0,0.0,0.0,0.0,0.0,0.0,0.0,0.0,0.0,0.0,0.0,0.0,0.0,0.0,0.0,0.0,0.0,0.0,0.0,0.0,0.0,0.0,0.0,0.0,0.0,0.0,0.0,0.0,0.0,0.0,0.0,0.0,0.0,0.0,0.0,0.0,0.0,0.0,0.0,0.0,0.0,0.0,0.0,0.0,0.0,0.0,0.0,0.0,0.0,0.0,0.0,0.0,0.0,0.0,0.0,0.0,0.0,0.0,0.0,0.0,0.0,0.0,0.0,0.0,0.0,0.0,0.0,0.0,0.0,0.0,0.0,0.0,0.0,0.0,0.0,0.0,0.0,0.0,0.0,0.0,0.0,0.0,0.0,0.0,0.0,0.0,0.0,0.0,0.0,0.0,0.0,0.0,0.0,0.0,0.0,0.0,0.0,0.0,0.0,0.0,0.0,0.0,0.0,0.0,0.0,0.0,0.0,0.0,0.0,0.0,0.0,0.0,0.0,0.0,0.0,0.0,0.0,0.0,0.0,0.0,0.0,0.0,0.0,0.0,0.0,0.0,0.0,0.0,0.0,0.0,0.0,0.0,0.0,0.0,0.0,0.0,0.0,0.00155,0.0,0.0,0.0,0.0,0.0,0.0,0.0,0.0,0.0,0.0,0.0,0.0,0.0,0.0,0.0,0.0,0.0,0.0,0.0,0.0,0.0,0.0,0.0,0.0,0.0,0.0,0.0,0.0,0.0,0.0,0.0,0.0,0.0,0.0,0.0,0.0,0.0,0.0,0.0,0.0,0.0,0.0,0.0,0.0,0.0,0.0,0.0,0.0,0.0,0.0,0.0,0.0,0.0,0.0,0.0,0.0,0.0,0.0,0.0,0.0,0.0,0.0,0.0,0.0,0.0,0.0,0.0,0.0,0.0,0.0,0.0,0.0,0.0,0.0,0.0,0.0,0.0,0.0,0.0,0.0,0.0,0.0,0.0,0.0,0.0,0.0,0.0,0.0,0.0,0.0,0.0,0.0,0.0,0.0,0.0,0.0,0.0,0.0,1.0,0.366667,0.0625,0.0,0.0,0.0,0.0,0.0,0.037037,0.078125,0.0,0.0,0.0,0.0,0.0,0.0,0.0,0.0,0.0,0.0,0.0,0.0,0.0,0.0,0.0,0.0,0.0,0.0,0.0,0.0,0.0,0.0,0.0,0.0,0.0,0.0,0.0,0.0,0.0,0.0,0.0,0.0,0.0,0.0,0.0,0.0,0.0,0.0,0.0,0.0,0.0,0.0,0.0,0.0,0.0,0.0,0.0,0.0,0.0,0.0,0.0,0.0,0.0,0.0,0.0,0.0,0.0,0.0,0.0,0.0,0.0,0.0,0.0,0.0,0.0,0.0,0.0,0.0,0.0,0.0,0.0,0.0,0.0,0.0,0.0,0.0,0.0,0.0,0.0,0.0,0.0,0.0,0.0,0.0,0.0,0.0,0.0,0.0,0.0,0.0,0.0,0.0,0.0,0.0,0.0,0.0,0.0,0.0,0.0
6512,0.0,0.0,0.0,0.0,0.0,0.0,0.0,0.0,0.0,0.0,0.0,0.0,0.0,0.0,0.0,0.0,0.0,0.0,0.0,0.0,0.0,0.0,0.0,0.0,0.0,0.0,0.0,0.0,0.0,0.0,0.0,0.0,0.0,0.0,0.0,0.0,0.0,0.0,0.0,0.0,0.0,0.0,0.0,0.0,0.0,0.0,0.0,0.0,0.0,0.0,0.0,0.0,0.0,0.0,0.0,0.0,0.0,0.0,0.0,0.0,0.0,0.0,0.0,0.0,0.0,0.0,0.0,0.0,0.0,0.0,0.0,0.0,0.0,0.0,0.0,0.0,0.0,0.0,0.0,0.0,0.0,0.0,0.0,0.0,0.0,0.0,0.0,0.0,0.0,0.0,0.0,0.0,0.0,0.0,0.0,0.0,0.0,0.0,0.0,0.0,0.0,0.0,0.0,0.0,0.0,0.0,0.0,0.0,0.0,0.0,0.0,0.0,0.0,0.0,0.0,0.0,0.0,0.0,0.0,0.0,0.0,0.0,0.0,0.0,0.0,0.0,0.0,0.0,0.0,0.0,0.0,0.0,0.0,0.0,0.0,0.0,0.0,0.0,0.0,0.0,0.0,0.0,0.0,0.0,0.0,0.0,0.0,0.0,0.0,0.0,0.0,0.0,0.0,0.0,0.0,0.0,0.0,0.0,0.0,0.0,0.0,0.0,0.0,0.0,0.0,0.0,0.0,0.0,0.0,0.0,0.0,0.0,0.0,0.0,0.0,0.0,0.0,0.0,0.0,0.0,0.0,0.0,0.0,0.0,0.0,0.0,0.0,0.0,0.0,0.0,0.0,0.0,0.0,0.0,0.0,0.0,0.0,0.0,0.0,0.0,0.0,0.0,0.0,0.0,0.0,0.0,0.0,0.0,0.0,0.0,0.000296,0.0,0.001,0.0,0.000148,0.0,0.0,0.0,0.0,0.0,0.0,0.0,0.0,0.0,0.0,0.0,0.0,0.0,0.0,0.0,0.0,0.0,0.0,0.0,0.0,0.0,0.0,0.0,0.0,0.0,0.0,0.0,0.0,0.000218,0.0,0.0,0.0,0.0,0.0,0.0,0.000269,0.0,0.0,0.0,0.0,0.0,0.0,0.0,0.0,0.0,0.0,0.0,0.0,0.0,0.0,0.0,0.0,0.0,0.0,0.0,0.0,0.0,0.0,0.0,8.1e-05,0.0,0.0,0.0,0.0,0.0,0.0,0.0,0.0,0.0,0.0,0.0,0.0,0.0,0.0,0.0,0.0,0.0,0.0,0.0,0.0,0.0,0.0,0.0,0.0,0.0,0.0,0.0,0.0,0.0,0.0,0.0,0.033333,0.366667,1.0,0.066667,0.0,0.0,0.0,0.0,0.0,0.066667,0.078125,0.0,0.0,0.000156,0.0,0.0,0.0,0.000446,0.0,0.0,0.0,0.0,0.0,0.0,0.0,0.0,0.0,0.0,0.0,0.0,0.0,0.0,0.0,0.0,0.0,0.0,0.0,0.0,0.0,0.0,0.0,0.0,0.0,0.0,0.0,0.0,0.0,0.0,0.0,0.0,0.0,0.0,0.0,0.0,0.0,0.0,0.0,0.0,0.0,0.0,0.0,0.0,0.0,0.0,0.0,0.0,0.0,0.0,0.0,0.0,0.0013,0.001062,0.0,0.0,0.0,0.0,0.0,0.0,0.0,0.0,0.0,0.0,0.0,0.0,0.0,0.0,0.0,0.0,0.0,0.0,0.0,0.0,0.0,0.0,0.0,0.0,0.0,0.0,0.0,0.0,0.0,0.0,0.0,0.004525,0.000177,0.0,0.0,0.0,0.0,0.0
6520,0.0,0.0,0.0,0.0,0.0,0.0,0.0,0.0,0.0,0.0,0.0,0.0,0.0,0.0,0.0,0.0,0.0,0.0,0.0,0.0,0.0,0.0,0.0,0.0,0.0,0.0,0.0,0.0,0.0,0.0,0.0,0.0,0.0,0.0,0.0,0.0,0.0,0.0,0.0,0.0,0.0,0.0,0.0,0.0,0.0,0.0,0.0,0.0,0.0,0.0,0.0,0.0,0.0,0.0,0.0,0.0,0.0,0.0,0.0,0.0,0.0,0.0,0.0,0.0,0.0,0.0,0.0,0.0,0.0,0.0,0.0,0.0,0.0,0.0,0.0,0.0,0.0,0.0,0.0,0.0,0.0,0.0,0.0,0.0,0.0,0.0,0.0,0.0,0.0,0.0,0.0,0.0,0.0,0.0,0.0,0.0,0.0,0.0,0.0,0.0,0.0,0.0,0.0,0.0,0.0,0.0,0.0,0.0,0.0,0.0,0.0,0.0,0.0,0.0,0.0,0.0,0.0,0.0,0.0,0.0,0.0,0.0,0.0,0.0,0.0,0.0,0.0,0.0,0.0,0.0,0.0,0.0,0.0,0.0,0.0,0.0,0.0,0.0,0.0,0.0,0.0,0.0,0.0,0.0,0.0,0.0,0.0,0.0,0.0,0.0,0.0,0.0,0.0,0.0,0.0,0.0,0.0,0.0,0.0,0.0,0.0,0.0,0.0,0.0,0.0,0.0,0.0,0.0,0.0,0.0,0.0,0.0,0.0,0.0,0.0,0.0,0.0,0.0,0.0,0.0,0.0,0.0,0.0,0.0,0.0,0.0,0.0,0.0,0.0,0.0,0.0,0.0,0.0,0.0,0.0,0.0,0.0,0.0,0.0,0.0,0.0,0.0,0.0,0.0,0.0,0.0,0.0,0.0,0.0,0.0,0.0,0.0,0.0,0.0,0.0,0.0,0.0,0.0,0.0,0.0,0.0,0.0,0.0,0.0,0.0,0.0,0.0,0.0,0.0,0.0,0.0,0.0,0.0,0.0,0.0,0.0,0.0,0.0,0.0,0.0,0.0,0.0,0.0,0.0,0.0,0.0,0.0,0.0,0.0,0.0,0.0,0.0,0.0,0.0,0.0,0.0,0.0,0.0,0.0,0.0,0.0,0.0,0.0,0.0,0.0,0.0,0.0,0.0,0.0,0.0,0.0,0.0,0.0,0.0,0.0,0.0,0.0,0.0,0.0,0.0,0.0,0.0,0.0,0.0,0.0,0.0,0.0,0.0,0.0,0.0,0.0,0.0,0.0,0.0,0.0,0.0,0.0,0.0,0.0,0.0,0.0,0.0,0.0,0.0,0.0,0.0,0.0,0.0625,0.066667,1.0,0.0,0.0,0.0,0.0,0.0,0.0,0.0,0.0,0.0,0.0,0.0,0.0,0.0,0.0,0.0,0.0,0.0,0.0,0.0,0.0,0.0,0.0,0.0,0.0,0.0,0.0,0.0,0.0,0.0,0.0,0.0,0.0,0.0,0.0,0.0,0.0,0.0,0.0,0.0,0.0,0.0,0.0,0.0,0.0,0.0,0.0,0.0,0.0,0.0,0.0,0.0,0.0,0.0,0.0,0.0,0.0,0.0,0.0,0.0,0.0,0.0,0.0,0.0,0.0,0.0,0.0,0.0,0.0,0.0,0.0,0.0,0.0,0.0,0.0,0.0,0.0,0.0,0.0,0.0,0.0,0.0,0.0,0.0,0.0,0.0,0.0,0.0,0.0,0.0,0.0,0.0,0.0,0.0,0.0,0.0,0.0,0.0,0.0,0.0,0.0,0.000177,0.0,0.0,0.0,0.0,0.0
6530,0.0,0.0,0.0,0.0,0.0,0.0,0.0,0.0,0.0,0.0,0.0,0.0,0.0,0.0,0.0,0.0,0.0,0.0,0.0,0.0,0.0,0.0,0.0,0.0,0.0,0.0,0.0,0.0,0.0,0.0,0.0,0.0,0.0,0.0,0.0,0.0,0.0,0.0,0.0,0.0,0.0,0.0,0.0,0.0,0.0,0.0,0.0,0.0,0.0,0.0,0.0,0.0,0.0,0.0,0.0,0.0,0.0,0.0,0.0,0.0,0.0,0.0,0.0,0.0,0.0,0.0,0.0,0.0,0.0,0.0,0.0,0.0,0.0,0.0,0.0,0.0,0.0,0.0,0.0,0.0,0.0,0.0,0.0,0.0,0.0,0.0,0.0,0.0,0.0,0.0,0.0,0.0,0.0,0.0,0.0,0.0,0.0,0.0,0.0,0.0,0.0,0.0,0.0,0.0,0.0,0.0,0.0,0.0,0.0,0.0,0.0,0.0,0.0,0.0,0.0,0.0,0.0,0.0,0.0,0.0,0.0,0.0,0.0,0.0,0.0,0.0,0.0,0.0,0.0,0.0,0.0,0.0,0.0,0.0,0.0,0.0,0.0,0.0,0.0,0.0,0.0,0.0,0.0,0.0,0.0,0.0,0.0,0.0,0.0,0.0,0.0,0.0,0.0,0.0,0.0,0.0,0.0,0.0,0.0,0.0,0.0,0.0,0.0,0.0,0.0,0.0,0.0,0.0,0.0,0.0,0.0,0.0,0.0,0.0,0.0,0.0,0.0,0.0,0.0,0.0,0.0,0.0,0.0,0.0,0.0,0.0,0.0,0.0,0.0,0.0,0.0,0.0,0.0,0.0,0.0,0.0,0.0,0.0,0.0,0.0,0.0,0.0,0.0,0.0,0.0,0.0,0.0,0.0,0.0,0.0,0.0,0.0,0.0,0.0,0.0,0.0,0.0,0.0,0.0,0.0,0.0,0.0,0.0,0.0,0.0,0.0,0.000104,0.0,0.0,0.0,0.0,0.0,0.0,0.0,0.0,0.0,0.0,0.0,0.0,0.0,0.0,0.0,0.0,0.0,0.0,0.0,0.0,0.0,0.0,0.0,0.0,0.0,0.0,0.0,0.0,0.0,0.0,0.0,0.0,0.0,0.0,0.0,0.0,0.0,0.0,0.0,0.0,0.0,0.0,0.0,0.0,0.0,0.0,0.0,0.0,0.0,0.0,0.0,0.0,0.0,0.0,0.0,0.0,0.0,0.0,0.0,0.0,0.0,0.0,0.0,0.0,0.0,0.0,0.0,0.0,0.0,0.0,0.0,0.0,0.0,0.0,0.0,0.0,0.0,0.0,0.0,0.0,0.0,0.0,0.0,1.0,0.0,0.0,0.0,0.0,0.0,0.0,0.0,0.0,7.8e-05,0.000776,0.0,0.0,0.0,0.0,0.0,0.0,0.0,0.0,0.0,0.0,0.0,0.0,0.0,0.0,0.0,0.0,0.0,0.0,0.0,0.0,0.0,0.0,0.0,0.0,0.0,0.0,0.0,0.0,0.0,0.0,0.0,0.0,0.0,0.0,0.0,0.0,0.0,0.0,0.0,0.0,0.0,0.0,0.0,0.0,0.0,0.0,0.0,0.0,0.0,0.0,0.0,0.0,0.000471,0.0,0.0,0.0,0.0,0.0,0.0,0.0,0.0,0.0,0.0,0.0,0.0,0.0,0.0,0.0,0.0,0.0,0.0,0.0,0.0,0.0,0.0,0.01227,0.0,0.0,0.0,0.0,0.0,0.0,0.0,0.0,0.0,0.0,0.0,0.0,0.0,0.0,0.0,0.0,0.0,0.0,0.0
6611,0.0,0.0,0.0,0.0,0.0,0.0,0.0,0.0,0.0,0.00055,0.0,0.0,0.0,0.0,0.0,0.0,0.0,0.0,0.0,0.0,0.0,0.0,0.0,0.0,0.0,0.0,0.0,0.0,0.0,0.0,0.0,0.0,0.0,0.0,0.00369,0.0,0.000792,0.0,0.0,0.0,0.0,0.0,0.0,0.0,0.0,0.0,0.0,0.0,0.0,0.0,0.0,0.0,0.0,0.0,0.0,0.0,0.0,0.0,0.0,0.0,0.0,0.0,0.0,0.0,0.0,0.0,0.0,0.0,0.0,0.0,0.0,0.0,0.0,0.0,0.0,0.0,0.0,0.0,0.0,0.0,0.0,0.0,0.0,0.0,0.0,0.0,0.0,0.0,0.0,0.0,0.0,0.0,0.0,0.0,0.0,0.0,0.0,0.0,0.0,0.0,0.0,0.0,0.0,0.0,0.0,0.0,0.0,0.0,0.0,0.0,0.0,0.0,0.0,0.0,0.0,0.0,0.0,0.0,0.0,0.0,0.0,0.0,0.0,0.0,0.0,0.0,0.0,0.0,0.0,0.0,0.0,0.0,0.0,0.0,0.0,0.0,0.0,0.0,0.0,0.0,0.0,0.0,0.0,0.0,0.0,0.0,0.0,0.0,0.0,0.0,0.0,0.0,0.0,0.0,0.0,0.0,0.0,0.0,0.0,0.0,0.0,0.0,0.0,0.0,0.0,0.0,0.0,0.0,0.0,0.0,0.0,0.0,0.0,0.0,0.0,0.0,0.0,0.0,0.0,0.0,0.0,0.0,0.0,0.0,0.0,0.0,0.0,0.0,0.0,0.0,0.0,0.0,0.0,0.0,0.0,0.0,0.0,0.0,0.0,0.0,0.0,0.0,0.0,0.0,0.0,0.0,0.0,0.0,0.0,0.0,0.0,0.0,0.0,0.0,0.0,0.0,0.000392,0.0,0.0,0.0,0.0,0.0,0.0,0.0,0.0,0.000189,0.000104,0.000365,0.000158,0.0,0.0,0.0,0.0,0.0,0.0,0.0,0.0,0.0,0.0,0.0,0.0,0.0,0.0,0.000218,0.0,0.0,0.0,0.0,0.0,0.0,0.0,0.0,0.0,0.0,0.0,0.0,0.0,0.0,0.0,0.0,0.0,0.0,0.0,0.003017,0.0,0.0,0.0,0.0,0.0,0.0,0.0,0.000367,0.0,0.0,8.1e-05,0.0,0.0,0.0,0.0,0.0,0.0,0.0,0.0,0.0,0.0,0.0,0.0,0.0,0.0,0.0,0.0,0.0,0.0,0.0,0.0,0.0,0.0,0.0,0.0,0.0,0.0,0.0,0.0,0.0,0.0,0.0,0.0,0.0,0.0,0.0,0.0,1.0,0.0,0.0,0.010753,0.0,0.0,0.025,0.0,7.8e-05,0.000776,0.000368,0.0,0.0,0.0,0.0,0.0,0.0,0.0,0.0,0.0,0.0,0.000155,0.0,0.0,0.0,0.0,0.0,0.0,0.0,0.0,0.0,0.0,0.0,0.0,0.0,0.0,0.0,0.0,0.0,0.0,0.0,0.0,0.0,0.0,0.0,0.0,0.0,0.0,0.0,0.0,0.0,0.0,0.0,0.0,0.0,0.0,0.0,0.0,0.0,0.0,0.0,0.0,0.0,0.0,0.0,0.000325,0.0,0.0,0.0,0.0,0.0,0.0,0.0,0.0,0.0,0.0,0.0,0.0,0.0,0.0,0.0,0.0,0.0,0.0,0.0,0.0,0.0,0.0,0.0,0.0,0.0,0.0,0.0,0.0,0.0,0.0,0.0,0.0,0.0,0.0,0.0,0.0,0.0,0.0,0.0
6612,0.0,0.0,0.0,0.0,0.0,0.0,0.0,0.0,0.0,0.0,0.0,0.0,0.0,0.0,0.0,0.0,0.0,0.0,0.0,0.0,0.0,0.0,0.0,0.0,0.0,0.0,0.0,0.0,0.0,0.0,0.0,0.0,0.0,0.0,0.0,0.0,0.0,0.0,0.0,0.0,0.0,0.0,0.0,0.0,0.0,0.0,0.0,0.0,0.0,0.0,0.0,0.0,0.0,0.0,0.0,0.0,0.0,0.0,0.0,0.0,0.0,0.0,0.0,0.0,0.0,0.0,0.0,0.0,0.0,0.0,0.0,0.0,0.0,0.0,0.0,0.0,0.0,0.0,0.0,0.0,0.0,0.0,0.0,0.0,0.0,0.0,0.0,0.0,0.0,0.0,0.0,0.0,0.0,0.0,0.0,0.0,0.0,0.0,0.0,0.0,0.0,0.0,0.0,0.0,0.0,0.0,0.0,0.0,0.0,0.0,0.0,0.0,0.0,0.0,0.0,0.0,0.0,0.0,0.0,0.0,0.0,0.0,0.0,0.0,0.0,0.0,0.0,0.0,0.0,0.0,0.0,0.0,0.0,0.0,0.0,0.0,0.0,0.0,0.0,0.0,0.0,0.0,0.0,0.0,0.0,0.0,0.0,0.0,0.0,0.0,0.0,0.0,0.0,0.0,0.0,0.0,0.0,0.0,0.0,0.0,0.0,0.0,0.0,0.0,0.0,0.0,0.0,0.0,0.0,0.0,0.0,0.0,0.0,0.0,0.0,0.0,0.0,0.0,0.0,0.0,0.0,0.0,0.0,0.0,0.0,0.0,0.0,0.0,0.0,0.0,0.0,0.0,0.0,0.0,0.0,0.0,0.0,0.0,0.0,0.0,0.0,0.0,0.0,0.0,0.0,0.0,0.0,0.0,0.0,0.0,0.0,0.0,0.0,0.000422,0.0,0.0,0.0,0.0,0.0,0.0,0.0,0.0,0.0,0.0,0.0,0.000189,0.0,0.0,0.0,0.0,0.0,0.0,0.0,0.0,0.0,0.0,0.0,0.0,0.0,0.0,0.0,0.0,0.0,0.0,0.0,0.0,0.0,0.0,0.0,0.0,0.0,0.0,0.0,0.0,0.000144,0.0,0.0,0.0,0.0,0.0,0.0,0.0,0.0,0.001508,0.0,0.0,0.0,0.0,0.000944,0.0,0.0,0.0,0.0,0.0,0.0,0.0,0.0,0.0,0.0,0.0,0.0,0.0,0.0,0.0,0.0,0.0,0.0,0.0,0.0,0.0,0.0,0.0,0.0,0.0,0.0,0.0,0.0,0.0,0.0,0.0,0.0,0.0,0.0,0.083333,0.0,0.0,0.0,0.0,0.0,0.0,0.0,0.0,1.0,0.0,0.010753,0.0,0.0,0.025,0.000964,7.8e-05,0.0,0.0,0.0,0.0,0.0,0.0,0.0,0.0,0.0,0.0,0.0,0.0,0.0,0.0,0.0,0.0,0.0,0.0,0.0,0.0,0.0,0.0,0.0,0.0,0.0,0.0,0.0,0.0,0.0,0.0,0.0,0.0,0.0,0.0,0.0,0.0,0.0,0.0,0.0,0.0,0.0,0.0,0.0,0.0,0.0,0.0,0.0,0.0,0.0,0.0,0.0,0.0,0.0,0.0,0.0,0.0,0.0,0.0,0.0,0.0,0.0,0.0,0.0,0.0,0.0,0.0,0.0,0.0,0.0,0.0,0.0,0.0,0.0,0.0,0.0,0.0,0.0,0.0,0.0,0.0,0.0,0.0,0.0,0.0,0.0,0.0,0.0,0.0,0.0,0.0,8.8e-05,0.0,0.0,0.0,0.0,0.0
6614,0.0,0.0,0.0,0.0,0.0,0.0,0.0,0.0,0.0,0.0,0.0,0.0,0.0,0.0,0.0,0.0,0.0,0.0,0.0,0.0,0.0,0.0,0.0,0.0,0.0,0.0,0.0,0.0,0.0,0.0,0.0,0.0,0.0,0.0,0.0,0.0,0.0,0.0,0.0,0.0,0.0,0.0,0.0,0.0,0.0,0.0,0.0,0.0,0.0,0.0,0.0,0.0,0.0,0.0,0.0,0.0,0.0,0.0,0.0,0.0,0.0,0.0,0.0,0.0,0.0,0.0,0.0,0.0,0.0,0.0,0.0,0.0,0.0,0.0,0.0,0.0,0.0,0.0,0.0,0.0,0.0,0.0,0.0,0.0,0.0,0.0,0.0,0.0,0.0,0.0,0.0,0.0,0.0,0.0,0.0,0.0,0.0,0.0,0.0,0.0,0.0,0.0,0.0,0.0,0.0,0.0,0.0,0.0,0.0,0.0,0.0,0.0,0.0,0.0,0.0,0.0,0.0,0.0,0.0,0.0,0.0,0.0,0.0,0.0,0.0,0.0,0.0,0.0,0.0,0.0,0.0,0.0,0.0,0.0,0.0,0.0,0.0,0.0,0.0,0.0,0.0,0.0,0.0,0.0,0.0,0.0,0.0,0.0,0.0,0.0,0.0,0.0,0.0,0.0,0.0,0.0,0.0,0.0,0.0,0.0,0.0,0.0,0.0,0.0,0.0,0.0,0.0,0.0,0.0,0.0,0.0,0.0,0.0,0.0,0.0,0.0,0.0,0.0,0.0,0.0,0.0,0.0,0.0,0.0,0.0,0.0,0.0,0.0,0.0,0.0,0.0,0.0,0.0,0.0,0.0,0.0,0.0,0.0,0.0,0.0,0.0,0.0,0.0,0.0,0.0,0.0,0.0,0.0,0.0,0.0,0.0,0.000982,0.0,0.0,0.0,0.0,0.0,0.0,0.0,0.0,0.0,0.0,0.0,0.0,0.0,0.0,0.0,0.0,0.0,0.0,0.0,0.0,0.0,0.0,0.0,0.0,0.0,0.0,0.0,0.0,0.0,0.0,0.0,0.0,0.0,0.0,0.0,0.0,0.0,0.0,0.0,0.0,0.0,0.0,0.0,4.9e-05,0.0,0.0,0.0,0.0,0.0,0.0,0.0,0.0,0.0,0.0,0.0,0.0,0.0,0.0,0.0,0.0,0.0,0.0,0.0,0.0,0.0,0.0,0.0,0.0,0.0,0.0,0.0,0.0,0.0,0.0,0.0,0.0,0.0,0.0,0.0,0.0,0.0,0.0,0.0,0.0,0.0,0.0,0.0,0.0,0.0,0.0,0.0,0.0,0.0,0.0,0.0,0.0,0.0,0.0,0.0,0.0,0.0,1.0,0.0,0.0,0.0,0.0,0.0,0.0,0.0,0.0,0.0,0.0,0.0,0.0,0.0,0.0,0.0,0.0,0.0,0.0,0.0,0.0,0.0,0.0,0.0,0.0,0.0,0.0,0.0,0.0,0.0,0.0,0.0,0.0,0.0,0.0,0.0,0.0,0.0,0.0,0.0,0.0,0.0,0.0,0.0,0.0,0.0,0.0,0.0,0.0,0.0,0.0,0.0,0.0,0.0,0.0,0.0,0.0,0.0,0.0,0.0,0.0,0.0,0.0,0.0,0.0,0.0,0.0,0.0,0.0,0.0,0.0,0.0,0.0,0.0,0.0,0.0,0.0,0.0,0.0,0.0,0.0,0.0,0.0,0.0,0.0,0.0,0.0,0.0,0.0,0.0,0.0,0.0,0.0,0.0,0.0,0.0,0.0,0.0,0.0,0.0,0.0,0.0,0.0
6619,0.0,0.0,0.0,0.0,0.0,0.0,0.0,0.0,0.0,0.0,0.0,0.0,0.0,0.0,0.0,0.0,0.0,0.0,0.0,0.0,0.0,0.0,0.0,0.0,0.0,0.0,0.0,0.0,0.0,0.0,0.0,0.0,0.0,0.0,0.0,0.0,0.0,0.0,0.0,0.0,0.0,0.0,0.0,0.0,0.0,0.0,0.0,0.0,0.0,0.0,0.0,0.0,0.0,0.002375,0.0,0.0,0.0,0.0,0.0,0.0,0.0,0.0,0.0,0.0,0.0,0.0,0.0,0.0,0.0,0.0,0.0,0.0,0.0,0.0,0.0,0.0,0.0,0.0,0.000401,0.0,0.0,0.0,0.0,0.0,0.0,0.0,0.0,0.0,0.0,0.0,0.0,0.0,0.0,0.0,0.0,0.0,0.0,0.0,0.0,0.0,0.0,0.0,0.0,0.0,0.0,0.0,0.0,0.0,0.0,0.0,0.0,0.0,0.0,0.0,0.0,0.0,0.0,0.0,0.0,0.0,0.0,0.0,0.0,0.0,0.0,0.0,0.0,0.0,0.0,0.0,0.0,0.0,0.0,0.0,0.0,0.0,0.0,0.0,0.0,0.0,0.0,0.0,0.0,0.0,0.0,0.0,0.0,0.0,0.0,0.0,0.0,0.0,0.0,0.0,0.0,0.0,0.0,0.0,0.0,0.0,0.0,0.0,0.0,0.0,0.0,0.0,0.0,0.0,0.0,0.0,0.0,0.0,0.0,0.0,0.0,0.0,0.0,0.0,0.0,0.0,0.0,0.0,0.0,0.0,0.0,0.0,0.0,0.0,0.0,0.0,0.0,0.0,0.0,0.0,0.0,0.0,0.0,0.000996,0.0,0.0,0.0,0.0,0.0,0.0,0.0,0.0,0.003401,0.001721,0.0,0.0,0.0,0.0,0.0,0.0,0.0,0.000428,0.000196,0.002016,0.0,0.0,0.000413,0.0,0.0,0.000254,0.0,0.000944,0.000104,0.000365,0.000158,0.000578,0.0,0.00047,0.0,0.0,0.004348,0.000234,0.0,0.0,0.0,0.0,0.0,0.0,0.0,0.000218,0.0,0.0,0.0,0.0,0.0,0.0,0.000269,0.0,0.0,0.000366,0.000216,0.000148,0.0,0.0,0.0,0.0,0.0,0.0,0.0,0.0,0.0,0.0,0.0,0.0,0.000944,0.001718,0.006431,0.0,0.0,0.0,0.000485,0.001127,0.0,0.0,0.0,0.0,0.0,0.0,0.0,0.0,0.0,0.0,0.0,0.0,0.0,0.0,0.0,0.0,0.002516,0.003115,0.0,0.008333,0.0,0.0,0.0,0.0,0.010753,0.043011,0.0,0.0,0.0,0.010753,0.021505,0.0,0.0,0.0,0.0,0.010753,0.010753,0.0,1.0,0.0,0.0,0.021505,0.000964,0.000391,0.002329,0.004044,0.0,0.00669,0.000355,0.0,0.0,0.0,0.0,0.0,0.0,0.0,0.000155,0.0,0.0,0.0,0.0,0.0,0.0,0.0,0.010753,0.0,0.0,0.0,0.0,0.0,0.0,0.0,0.0,0.0,0.002451,0.0,0.0,0.002037,0.0,0.0,0.0,0.027397,0.010204,0.0,0.0,0.0,0.0,0.0,0.0,0.0,0.010753,0.001587,0.0,0.008065,0.000749,0.0,0.0,0.000941,0.0,0.0,0.00065,0.000531,0.0,0.0,0.0,0.006757,0.0,0.0,0.0,0.0,0.0,0.0,0.0,0.001859,0.0,0.0,0.0,0.0,0.0,0.0,0.0,0.0,0.0,0.0,0.0,0.0,0.0,0.0,0.0,0.0,0.0,0.0,0.000428,0.0,0.000265,0.0,0.0,0.0,0.0,0.0
6621,0.004808,0.0,0.0,0.0,0.0,0.0,0.0,0.0,0.0,0.0,0.0,0.0,0.0,0.0,0.0,0.0,0.0,0.005128,0.0,0.0,0.0,0.0,0.0,0.0,0.0,0.0,0.0,0.0,0.0,0.0,0.0,0.0,0.0,0.0,0.0,0.0,0.0,0.0,0.0,0.0,0.0,0.0,0.0,0.0,0.0,0.0,0.0,0.0,0.0,0.0,0.0,0.0,0.0,0.0,0.0,0.0,0.0,0.0,0.0,0.0,0.0,0.0,0.0,0.0,0.0,0.0,0.0,0.0,0.0,0.0,0.0,0.0,0.0,0.0,0.0,0.0,0.0,0.0,0.0,0.0,0.0,0.0,0.0,0.0,0.0,0.0,0.0,0.0,0.0,0.0,0.0,0.0,0.0,0.0,0.0,0.0,0.0,0.0,0.0,0.0,0.0,0.0,0.0,0.0,0.0,0.0,0.0,0.0,0.0,0.0,0.0,0.0,0.0,0.0,0.0,0.0,0.0,0.0,0.0,0.0,0.0,0.0,0.0,0.0,0.0,0.0,0.0,0.0,0.0,0.0,0.0,0.0,0.0,0.0,0.0,0.0,0.0,0.0,0.0,0.0,0.0,0.0,0.0,0.0,0.0,0.0,0.0,0.0,0.0,0.0,0.0,0.0,0.0,0.0,0.0,0.0,0.0,0.0,0.0,0.0,0.0,0.0,0.0,0.0,0.0,0.0,0.0,0.0,0.0,0.0,0.0,0.0,0.0,0.0,0.0,0.0,0.0,0.0,0.0,0.0,0.0,0.0,0.0,0.0,0.0,0.0,0.0,0.0,0.0,0.0,0.0,0.0,0.0,0.0,0.0,0.0,0.0,0.0,0.0,0.001946,0.0,0.0,0.005682,0.0,0.0,0.0,0.0,0.001721,0.0,0.0,0.0,0.0,0.0,0.0,0.0,0.0,0.0,0.0,0.0,0.0,0.0,0.0,0.0,0.0,0.0,0.000189,0.000104,0.0,0.0,0.0,0.0,0.00047,0.0,0.0,0.0,0.0,0.0,0.000357,0.0,0.0,0.0,0.0,0.000171,0.000218,0.000241,0.0,0.0,0.0,0.0,0.0,0.0,0.0,0.0,0.0,0.000144,0.0,0.0,0.0,0.0,0.0,0.0,0.0,0.0,0.001508,0.0,0.0,0.0,0.0,0.0,0.0,0.0,0.0,0.0,0.0,0.0,0.001127,0.0,0.0,0.0,0.0,0.0,0.0,0.0,0.0,0.0,0.0,0.0,0.0,0.0,0.0,0.0,0.0,0.0,0.003115,0.0,0.0,0.0,0.0,0.0,0.0,0.0,0.0,0.0,0.0,0.0,0.0,0.0,0.037037,0.066667,0.0,0.0,0.0,0.0,0.0,0.0,1.0,0.03125,0.025,0.0,7.8e-05,0.0,0.0,0.000794,0.000892,0.000355,0.011364,0.0,0.0,0.0,0.0,0.0,0.0,0.000155,0.0,0.0,0.0,0.0,0.0,0.0,0.0,0.0,0.0,0.0,0.0,0.0,0.0,0.0,0.0,0.0,0.0,0.0,0.0,0.0,0.002037,0.0,0.0,0.0,0.0,0.0,0.0,0.0,0.004587,0.0,0.0,0.0,0.0,0.0,0.0,0.0,0.0,0.0,0.0,0.0,0.0,0.0,0.0,0.000325,0.0,0.0,0.0,0.0,0.0,0.0,0.0,0.0,0.0,0.0,0.0,0.0,0.0,0.0,0.0,0.0,0.0,0.0,0.0,0.0,0.0,0.0,0.0,0.0,0.0,0.0,0.0,0.0,0.0,0.004444,0.0,0.0,0.004525,8.8e-05,0.0,0.0,0.0,0.0,0.0
6622,0.0,0.001043,0.0,0.0,0.0,0.0,0.0,0.0,0.0,0.0,0.0,0.0,0.0,0.0,0.0,0.0,0.0,0.0,0.000742,0.0,0.0,0.0,0.0,0.0,0.0,0.0,0.0,0.0,0.0,0.0,0.0,0.0,0.0,0.0,0.0,0.0,0.0,0.0,0.0,0.0,0.0,0.0,0.0,0.0,0.0,0.0,0.0,0.0,0.0,0.0,0.0,0.0,0.0,0.0,0.0,0.0,0.0,0.0,0.0,0.0,0.0,0.0,0.0,0.002381,0.0,0.0,0.0,0.0,0.0,0.0,0.0,0.0,0.0,0.0,0.0,0.0,0.0,0.0,0.0,0.0,0.0,0.0,0.010101,0.0,0.0,0.0,0.0,0.0,0.0,0.0,0.0,0.0,0.001508,0.0,0.0,0.0,0.0,0.0,0.0,0.0,0.0,0.0,0.0,0.0,0.0,0.0,0.0,0.0,0.0,0.0,0.0,0.0,0.0,0.0,0.0,0.0,0.0,0.0,0.0,0.0,0.0,0.0,0.0,0.0,0.0,0.0,0.0,0.0,0.0,0.0,0.0,0.015625,0.0,0.0,0.0,0.0,0.0,0.0,0.0,0.0,0.0,0.0,0.0,0.0,0.0,0.0,0.0,0.0,0.0,0.0,0.0,0.0,0.0,0.0,0.0,0.0,0.0,0.0,0.0,0.0,0.015625,0.0,0.0,0.0,0.0,0.0,0.0,0.0,0.0,0.0,0.0,0.0,0.0,0.0,0.0,0.0,0.0,0.0,0.0,0.0,0.0,0.0,0.0,0.0,0.0,0.0,0.0,0.0,0.0,0.0,0.0,0.0,0.0,0.0,0.0,0.0,0.0,0.0,0.0,0.0,0.0,0.0,0.0,0.0,0.0,0.0,0.0,0.0,0.003101,0.000794,0.000593,0.000982,0.0,0.0,0.0,0.000428,0.000588,0.0,0.0,0.0,0.000413,0.0,0.0,0.0,0.000489,0.000944,0.000207,0.0,0.0,0.0,0.0,0.0,0.0,0.0,0.0,0.0,0.0,0.0,0.0,0.0,0.0,0.0,0.000342,0.000218,0.0,0.0,0.0,0.0,0.0,0.0,0.001347,0.0,0.0,0.0,7.2e-05,9.9e-05,0.0,0.0,0.0,0.0,0.0,0.0,0.0,0.0,0.0,0.0,0.0,0.0,0.0,0.001718,0.0,0.000367,0.0,0.0,0.000242,0.0,0.0,0.0,0.0,0.0,0.0,0.0,0.0,0.0,0.0,0.0,0.0,0.0,0.0,0.0,0.0,0.0,0.001258,0.0,0.005102,0.0,0.0,0.0,0.0,0.0,0.0,0.0,0.0,0.0,0.0,0.0,0.0,0.078125,0.078125,0.0,0.0,0.0,0.0,0.0,0.0,0.03125,1.0,0.015625,0.0,0.000547,0.0,0.0,0.0,0.0,0.0,0.0,0.0,0.0,0.000702,0.0,0.003012,0.0,0.000155,0.0,0.0,0.0,0.0,0.0,0.000745,0.0,0.0,0.0,0.0,0.0,0.0,0.002809,0.0,0.0,0.0,0.0,0.0,0.0,0.0,0.0,0.0,0.0,0.00082,0.006849,0.0,0.0,0.0,0.004587,0.0,0.0,0.0,0.0,0.0,0.0,0.0,0.0,0.0,0.0,0.0,0.0,0.0,0.0,0.000325,0.0,0.0,0.0,0.0,0.0,0.0,0.0,0.001208,0.0,0.0,0.0,0.0,0.0,0.0,0.003257,0.0,0.0,0.0,0.0,0.0,0.0,0.0,0.0,0.0,0.0,0.0,0.0,0.0,0.0,0.0,0.0,0.0,0.0,0.00053,0.0,0.0,0.0,0.0,0.0
6630,0.0,0.0,0.0,0.0,0.0,0.0,0.0,0.0,0.0,0.0,0.0,0.0,0.0,0.0,0.000623,0.0,0.0,0.0,0.0,0.0,0.0,0.0,0.0,0.0,0.0,0.0,0.0,0.0,0.0,0.0,0.0,0.0,0.0,0.0,0.0,0.0,0.0,0.0,0.0,0.0,0.0,0.0,0.0,0.0,0.0,0.004149,0.0,0.0,0.0,0.0,0.0,0.0,0.005882,0.0,0.0,0.0,0.0,0.0,0.0,0.0,0.0,0.0,0.0,0.0,0.0,0.0,0.0,0.0,0.0,0.0,0.0,0.0,0.0,0.0,0.0,0.0,0.0,0.0,0.0,0.0,0.0,0.0,0.0,0.0,0.0,0.0,0.0,0.0,0.0,0.0,0.0,0.0,0.0,0.0,0.0,0.0,0.0,0.0,0.0,0.0,0.0,0.0,0.0,0.0,0.0,0.0,0.0,0.0,0.0,0.0,0.0,0.0,0.0,0.0,0.0,0.0,0.0,0.0,0.0,0.0,0.0,0.0,0.0,0.0,0.0,0.0,0.0,0.0,0.0,0.0,0.0,0.0,0.0,0.0,0.0,0.0,0.0,0.0,0.0,0.0,0.0,0.0,0.0,0.0,0.0,0.0,0.0,0.0,0.0,0.0,0.0,0.0,0.0,0.0,0.0,0.0,0.0,0.0,0.0,0.0,0.0,0.0,0.0,0.0,0.0,0.0,0.0,0.0,0.0,0.0,0.0,0.0,0.0,0.0,0.0,0.0,0.0,0.0,0.0,0.0,0.0,0.0,0.0,0.0,0.0,0.0,0.0,0.0,0.0,0.007812,0.0,0.0,0.0,0.0,0.0,0.0,0.0,0.0,0.002123,0.0,0.0,0.0,0.0,0.0,0.0,0.0,0.0,0.0,0.00155,0.0,0.0,0.0,0.001,0.000422,0.0,0.0,0.0,0.001008,0.0,0.0,0.000413,0.0,0.0,0.0,0.0,0.000189,0.000104,0.000365,0.0,0.000289,0.0,0.0,0.000368,0.0,0.0,0.000234,0.0,0.0,0.0,0.0,0.0,0.0,0.0,0.0,0.0,0.0,0.0,0.0,0.0,0.002941,0.000269,0.0,0.0,0.0,7.2e-05,4.9e-05,0.0,0.0,0.0,0.0,0.0,0.0,0.0,0.0,0.0,0.0,0.0,0.0,0.000944,0.0,0.0,0.000734,0.0,0.0,0.000162,0.0,0.0,0.0,0.0,0.0,0.0,0.0,0.0,0.0,0.0,0.0,0.0,0.0,0.0,0.003509,0.0,0.0,0.0,0.0,0.0,0.0,0.0,0.0,0.0,0.0,0.0,0.0,0.025,0.025,0.0,0.0,0.025,0.0,0.0,0.0,0.0,0.025,0.025,0.0,0.021505,0.025,0.015625,1.0,0.000964,0.000156,0.0,0.000368,0.0,0.00223,0.0,0.0,0.0,0.0,0.0,0.0,0.0,0.0,0.000155,0.0,0.00625,0.0,0.0,0.0,0.0,0.0,0.025,0.0,0.0,0.0,0.0,0.0,0.0,0.0,0.0,0.0,0.0,0.0,0.004878,0.0,0.0,0.016667,0.0,0.047945,0.0,0.0,0.003425,0.004587,0.0,0.0,0.0,0.0,0.0,0.0,0.0,0.0,0.0,0.0,0.0,0.0,0.0,0.0,0.0,0.0,0.0,0.0,0.0,0.006757,0.0,0.0,0.0,0.019231,0.0,0.0,0.0,0.0,0.0,0.0,0.0,0.0,0.0,0.0,0.0,0.0,0.0,0.0,0.00129,0.0,0.0,0.0,0.0,0.0,0.0,0.0,0.0,0.004525,8.8e-05,0.0,0.0,0.0,0.0,0.0
6810,0.003857,0.005786,0.004822,0.001929,0.003857,0.0,0.0,0.002893,0.0,0.009901,0.000964,0.0,0.0,0.008679,0.006858,0.000964,0.002893,0.002893,0.008905,0.0,0.0,0.000964,0.001929,0.0,0.004822,0.000964,0.000964,0.0,0.000964,0.0,0.001929,0.0,0.0,0.0,0.001929,0.0,0.01346,0.0,0.000964,0.0,0.000964,0.0,0.0,0.0,0.002893,0.007715,0.000964,0.0,0.0,0.000964,0.0,0.009643,0.001929,0.000964,0.0,0.000964,0.003857,0.0,0.0013,0.001929,0.0,0.0,0.000964,0.002893,0.000964,0.0,0.0,0.0,0.001929,0.0,0.001929,0.0,0.0,0.0,0.000964,0.0,0.0,0.0,0.002807,0.0,0.0,0.0,0.0,0.0,0.000964,0.0,0.0,0.0,0.001929,0.0,0.0,0.000964,0.002893,0.001929,0.0,0.000964,0.0,0.0,0.000964,0.0,0.0,0.001929,0.0,0.0,0.0,0.0,0.000964,0.000964,0.0,0.002893,0.0,0.0,0.0,0.002893,0.000964,0.001929,0.0,0.000964,0.0,0.0,0.000964,0.000964,0.0,0.0,0.0,0.001929,0.001929,0.001929,0.000964,0.000964,0.0,0.0,0.0,0.0,0.0,0.0,0.0,0.0,0.0,0.0,0.0,0.0,0.0,0.000964,0.000964,0.000964,0.000964,0.0,0.001929,0.000964,0.0,0.0,0.002893,0.000964,0.001929,0.000964,0.0,0.000964,0.0,0.000964,0.0,0.000964,0.0,0.000964,0.0,0.0,0.0,0.0,0.0,0.0,0.000964,0.002893,0.001929,0.0,0.0,0.0,0.0,0.0,0.000964,0.000964,0.001929,0.0,0.0,0.000964,0.0,0.0,0.000964,0.0,0.001929,0.005786,0.001929,0.0,0.0,0.000964,0.0,0.0,0.0,0.0249,0.00675,0.010608,0.007715,0.0,0.004822,0.004822,0.003857,0.0,0.003857,0.008679,0.010608,0.003705,0.005926,0.008679,0.004822,0.008446,0.005632,0.004707,0.008426,0.002893,0.001929,0.001929,0.00908,0.009643,0.0,0.010941,0.005379,0.006608,0.00176,0.004751,0.002996,0.002889,0.0,0.012224,0.002576,0.005786,0.0,0.007257,0.000964,0.008565,0.002737,0.0,0.001929,0.002893,0.003424,0.005679,0.003849,0.000964,0.0,0.001929,0.0,0.001929,0.004848,0.0,0.0,0.002015,0.001437,0.004204,0.0,0.000964,0.003857,0.001929,0.000964,0.0,0.0,0.016393,0.00675,0.001929,0.0,0.004822,0.008499,0.003857,0.000964,0.009905,0.0,0.0,0.004039,0.000964,0.001929,0.001196,0.000964,0.0,0.0,0.0,0.0,0.0,0.0,0.000964,0.000964,0.0,0.0,0.0,0.003857,0.000964,0.002893,0.000964,0.000964,0.000964,0.000964,0.0,0.0,0.0,0.0,0.001929,0.001929,0.0,0.0,0.0,0.002893,0.0,0.0,0.0,0.0,0.0,0.000964,0.0,0.000964,0.0,0.0,0.000964,1.0,0.012275,0.007764,0.003309,0.006349,0.014719,0.010306,0.000964,0.0,0.000964,0.011228,0.0,0.0,0.0,0.002796,0.001929,0.001929,0.000964,0.0,0.001929,0.010428,0.001929,0.000964,0.000964,0.000964,0.000964,0.000964,0.003857,0.0,0.000964,0.0,0.001929,0.0,0.001929,0.000964,0.003857,0.000964,0.000964,0.006557,0.0,0.000964,0.000964,0.032787,0.0135,0.008679,0.0,0.001929,0.0,0.000964,0.00675,0.001929,0.0,0.002246,0.000964,0.000964,0.006118,0.000964,0.009643,0.009428,0.010616,0.002893,0.001929,0.000964,0.008679,0.000964,0.003857,0.004822,0.009643,0.0,0.000964,0.002893,0.011152,0.0,0.0,0.005786,0.005786,0.000964,0.002893,0.000964,0.005786,0.0,0.0,0.000964,0.0,0.0,0.000964,0.0,0.0,0.0,0.000964,0.002568,0.016393,0.003358,0.0,0.0,0.0,0.0,0.0
6820,0.001564,0.006255,0.001798,0.002502,0.002893,0.000156,7.8e-05,0.001016,0.000235,0.015324,0.00086,0.000156,0.001642,0.008835,0.008835,0.000391,0.001564,0.001251,0.021736,0.000313,0.000235,0.002737,0.003675,0.000782,0.003362,0.000547,0.000625,0.00086,0.000704,0.0,0.001251,0.000313,0.0,0.000156,0.001095,0.0,0.011337,0.000782,0.0,0.0,0.0,0.0,0.0,0.0,0.003362,0.001642,0.000156,0.0,0.000156,0.000235,0.0,0.002267,0.000313,0.000704,0.000235,0.00258,0.001329,0.0,0.008522,0.000313,0.000938,0.000156,0.000704,0.001329,0.000391,0.000156,0.000156,0.000235,0.001642,0.0,0.000235,0.000547,0.000391,0.000156,0.001407,0.000156,0.0,0.000156,0.011884,7.8e-05,7.8e-05,0.000313,0.000469,0.00172,0.000625,0.0,0.001642,0.000547,0.000547,0.0,0.0,0.000156,0.002424,0.002893,0.0,0.000313,0.000547,0.000313,0.000235,0.000235,0.000156,0.001173,0.000156,0.0,0.000156,0.0,0.000156,0.000704,0.000547,0.000156,0.0,0.000704,0.0,0.00086,0.000313,0.000235,0.000235,0.000156,7.8e-05,0.0,0.00172,0.000156,0.0,0.0,7.8e-05,0.001095,0.000235,0.000313,0.0,7.8e-05,0.000156,7.8e-05,0.0,0.0,0.0,0.000156,0.000391,0.0,0.0,0.0,7.8e-05,7.8e-05,7.8e-05,7.8e-05,7.8e-05,0.0,0.0,0.0,0.0,0.0,0.0,0.0,0.000704,0.000156,0.0,0.0,0.0,0.000235,7.8e-05,0.000156,7.8e-05,0.000391,0.000156,0.0,0.0,0.0,0.0,0.0,0.0,0.0,0.0,0.004926,0.001798,0.000391,0.0,0.000156,0.000391,0.000469,0.001407,0.000235,0.002346,0.000156,0.000391,0.000235,0.0,0.000235,0.000313,0.001095,0.00086,0.000704,0.000313,0.000313,7.8e-05,7.8e-05,7.8e-05,0.000156,0.0,0.009617,0.001173,0.001173,0.000235,0.0,0.000235,0.002267,0.000547,0.0,0.002111,0.002815,0.005317,0.016654,0.023299,0.005238,0.004144,0.011415,0.023925,0.014073,0.025332,0.003362,0.001876,0.001251,0.009695,0.003206,0.001407,0.019625,0.008991,0.031196,0.042377,0.011493,0.020797,0.011806,0.000156,0.019937,0.010399,0.003518,0.004457,0.028851,0.000782,0.019468,0.01165,0.0,0.00172,0.001486,0.040657,0.029007,0.020954,0.000625,0.000547,0.002502,0.000704,0.001016,0.019781,0.000156,0.0,0.04222,0.05718,0.062614,0.000235,0.000547,0.000547,0.000547,0.000313,0.0,0.0,0.003284,0.004769,0.000313,7.8e-05,0.000704,0.003597,0.002971,0.001798,0.042768,0.000391,0.000313,0.062158,0.003675,0.001798,0.006646,0.000469,0.000156,7.8e-05,7.8e-05,0.000547,0.0,0.0,0.000235,0.000469,0.000782,0.000156,0.000704,0.001642,0.000156,0.002502,0.000625,0.0,0.000313,0.000547,7.8e-05,0.0,0.000235,7.8e-05,0.000782,0.000313,7.8e-05,0.0,0.0,7.8e-05,0.0,0.000156,0.0,7.8e-05,7.8e-05,7.8e-05,0.0,0.000391,7.8e-05,0.000547,0.000156,0.012275,1.0,0.014621,0.013604,0.004222,0.009695,0.015872,0.000235,0.000469,0.001251,0.005004,0.000156,0.001095,0.00086,0.027991,0.001095,0.000704,0.000313,0.000469,0.001876,0.013761,0.0,7.8e-05,0.000313,7.8e-05,0.000625,0.001407,0.001251,0.000391,0.000313,0.0,0.000235,0.00086,0.001095,0.00086,0.002189,0.002502,0.000235,0.006489,0.000547,0.000782,0.000391,0.004066,0.002111,0.001251,0.0,7.8e-05,7.8e-05,7.8e-05,0.006411,0.001955,0.00086,0.007506,0.000704,0.000156,0.008679,0.000235,0.002111,0.037138,0.012823,0.000391,0.000782,0.000469,0.001798,0.000547,0.002502,0.002346,0.001095,0.000156,0.000156,0.001016,0.006724,0.000235,0.000547,0.001329,0.003362,0.000391,0.000547,0.001251,0.002658,0.0,0.000469,0.002267,0.00086,7.8e-05,0.001173,0.000391,0.0,0.000782,0.003049,0.01165,0.002737,0.034871,0.000156,0.000391,0.0,0.000156,7.8e-05
6910,0.000776,0.006211,0.0,0.003882,0.000776,0.0,0.0,0.0,0.0,0.007701,0.001553,0.000776,0.000776,0.004658,0.011222,0.000776,0.000776,0.000776,0.012616,0.0,0.0,0.001553,0.001553,0.000776,0.001553,0.000776,0.0,0.000776,0.0,0.0,0.000776,0.0,0.0,0.0,0.000776,0.0,0.005435,0.000776,0.0,0.0,0.0,0.0,0.0,0.0,0.000776,0.0,0.0,0.0,0.0,0.0,0.0,0.003106,0.0,0.001553,0.0,0.0,0.000776,0.0,0.004548,0.001553,0.000776,0.0,0.0,0.001553,0.0,0.0,0.0,0.0,0.002329,0.0,0.0,0.0,0.0,0.0,0.003882,0.0,0.0,0.0,0.003609,0.0,0.0,0.0,0.0,0.000776,0.000776,0.0,0.0,0.0,0.000776,0.0,0.0,0.001553,0.001553,0.003106,0.0,0.0,0.0,0.0,0.000776,0.0,0.0,0.0,0.0,0.0,0.0,0.0,0.0,0.000776,0.0,0.0,0.0,0.0,0.0,0.001553,0.000776,0.000776,0.0,0.000776,0.0,0.0,0.0,0.0,0.0,0.0,0.0,0.000776,0.0,0.000776,0.0,0.0,0.0,0.0,0.0,0.0,0.0,0.0,0.0,0.0,0.0,0.0,0.0,0.0,0.0,0.0,0.0,0.0,0.0,0.0,0.0,0.0,0.0,0.0,0.0,0.0,0.0,0.0,0.0,0.0,0.0,0.0,0.0,0.0,0.0,0.0,0.0,0.000776,0.0,0.0,0.0,0.0,0.0,0.003106,0.000776,0.0,0.0,0.0,0.0,0.0,0.001553,0.0,0.001553,0.0,0.0,0.0,0.0,0.0,0.0,0.000776,0.0,0.0,0.0,0.0,0.0,0.0,0.0,0.0,0.0,0.003984,0.0,0.0,0.000776,0.000776,0.001553,0.000776,0.0,0.0,0.0,0.002329,0.001553,0.004234,0.004741,0.003882,0.002329,0.005068,0.004298,0.002995,0.004507,0.002329,0.0,0.001553,0.003302,0.001553,0.0,0.003562,0.002934,0.004908,0.003106,0.003289,0.002523,0.003756,0.0,0.006112,0.004049,0.003882,0.0,0.003745,0.000776,0.003926,0.006387,0.0,0.002329,0.000776,0.00565,0.006553,0.005052,0.0,0.000776,0.000776,0.0,0.001553,0.007541,0.0,0.0,0.007143,0.005388,0.00361,0.0,0.000776,0.000776,0.0,0.000776,0.0,0.0,0.002329,0.004658,0.0,0.0,0.002329,0.004658,0.0,0.001553,0.014307,0.0,0.0,0.006139,0.000776,0.002329,0.006579,0.000776,0.001553,0.0,0.0,0.000776,0.0,0.0,0.0,0.000776,0.000776,0.0,0.0,0.001553,0.0,0.003106,0.000776,0.0,0.0,0.0,0.0,0.0,0.0,0.0,0.0,0.0,0.0,0.0,0.0,0.0,0.0,0.0,0.0,0.000776,0.000776,0.0,0.0,0.002329,0.0,0.0,0.0,0.007764,0.014621,1.0,0.018382,0.004658,0.016057,0.001421,0.0,0.002329,0.002329,0.004211,0.0,0.0,0.0,0.013826,0.0,0.000776,0.0,0.0,0.0,0.004097,0.0,0.000776,0.0,0.000776,0.000776,0.0,0.003106,0.0,0.0,0.0,0.0,0.002329,0.001553,0.000776,0.003106,0.003882,0.000776,0.004658,0.006211,0.0,0.003882,0.003882,0.002329,0.000776,0.0,0.0,0.000776,0.0,0.004658,0.000776,0.000776,0.038174,0.001553,0.0,0.012706,0.0,0.000776,0.002276,0.002654,0.0,0.0,0.0,0.001553,0.000776,0.002329,0.004658,0.0,0.000776,0.0,0.0,0.007764,0.0,0.001553,0.0,0.003882,0.000776,0.003106,0.0,0.0,0.0,0.002329,0.0,0.001553,0.000776,0.000776,0.0,0.001553,0.000776,0.003106,0.003853,0.002329,0.003358,0.0,0.0,0.0,0.0,0.0
6920,0.000735,0.002574,0.002206,0.001471,0.000735,0.000368,0.000368,0.000735,0.0,0.009191,0.001471,0.0,0.001103,0.002206,0.012868,0.000368,0.000368,0.000368,0.00625,0.0,0.0,0.002206,0.003309,0.0,0.000368,0.001103,0.000368,0.000368,0.000368,0.0,0.000368,0.000368,0.0,0.0,0.000368,0.0,0.004412,0.0,0.0,0.0,0.0,0.0,0.0,0.0,0.000735,0.0,0.0,0.0,0.0,0.0,0.0,0.001103,0.000368,0.001471,0.0,0.001103,0.000368,0.0,0.008456,0.000368,0.001103,0.0,0.000368,0.000368,0.000368,0.0,0.0,0.0,0.002206,0.0,0.0,0.0,0.000368,0.000368,0.001838,0.0,0.0,0.000368,0.007721,0.0,0.0,0.0,0.0,0.0,0.000735,0.0,0.000735,0.0,0.0,0.000368,0.0,0.000368,0.005515,0.010662,0.0,0.000368,0.000368,0.0,0.0,0.0,0.0,0.001838,0.000735,0.0,0.0,0.0,0.0,0.000368,0.0,0.0,0.0,0.0,0.0,0.000368,0.0,0.0,0.000368,0.0,0.0,0.0,0.001471,0.0,0.0,0.0,0.0,0.002574,0.000368,0.000735,0.0,0.000368,0.0,0.0,0.000368,0.0,0.0,0.0,0.0,0.0,0.0,0.0,0.0,0.0,0.0,0.0,0.0,0.0,0.0,0.0,0.0,0.0,0.0,0.0,0.000368,0.0,0.0,0.0,0.0,0.0,0.0,0.000368,0.0,0.001471,0.000368,0.0,0.0,0.0,0.0,0.0,0.0,0.0,0.0,0.002574,0.001103,0.000735,0.0,0.000368,0.000368,0.000368,0.001838,0.0,0.002941,0.0,0.000368,0.000368,0.0,0.0,0.0,0.0,0.0,0.0,0.0,0.0,0.0,0.0,0.0,0.0,0.0,0.005515,0.000368,0.001103,0.000368,0.0,0.000368,0.000735,0.001471,0.0,0.002574,0.001471,0.001103,0.011643,0.018963,0.002574,0.002574,0.010294,0.010227,0.007353,0.014697,0.005882,0.001103,0.000368,0.011029,0.000735,0.000735,0.011959,0.010294,0.015292,0.016875,0.010965,0.008043,0.014158,0.0,0.009559,0.013235,0.004779,0.002206,0.015684,0.000368,0.009636,0.032721,0.0,0.002206,0.000735,0.010786,0.017038,0.014915,0.0,0.000368,0.001471,0.001103,0.001103,0.020199,0.0,0.0,0.011538,0.013648,0.009743,0.0,0.000368,0.000735,0.0,0.000368,0.0,0.0,0.000735,0.000368,0.0,0.0,0.001103,0.003676,0.001471,0.002574,0.013573,0.0,0.000368,0.015832,0.004412,0.001103,0.004044,0.0,0.000368,0.0,0.000368,0.0,0.0,0.0,0.000368,0.0,0.0,0.0,0.0,0.000735,0.0,0.004779,0.002206,0.000368,0.001471,0.002206,0.000735,0.000368,0.000735,0.0,0.0,0.000368,0.000735,0.0,0.0,0.0,0.0,0.0,0.0,0.0,0.000368,0.0,0.0,0.004044,0.0,0.0,0.000368,0.003309,0.013604,0.018382,1.0,0.003309,0.023162,0.002132,0.0,0.0,0.001838,0.007721,0.0,0.000735,0.000368,0.018798,0.000368,0.000735,0.0,0.000368,0.002206,0.009926,0.0,0.000735,0.000368,0.000368,0.0,0.000735,0.002206,0.0,0.000368,0.0,0.0,0.002941,0.003309,0.001103,0.003309,0.005882,0.000368,0.007721,0.000735,0.000368,0.000368,0.0,0.0,0.0,0.0,0.0,0.0,0.0,0.001838,0.001103,0.002206,0.00625,0.000368,0.000735,0.018015,0.000368,0.000368,0.002601,0.004779,0.0,0.0,0.0,0.0,0.0,0.000368,0.002206,0.0,0.0,0.0,0.001103,0.005147,0.0,0.000735,0.0,0.001838,0.0,0.000735,0.0,0.0,0.0,0.000735,0.004044,0.000735,0.000368,0.001471,0.0,0.0,0.000735,0.002574,0.010294,0.000735,0.009456,0.000368,0.003309,0.0,0.000368,0.0
7010,0.0,0.002381,0.001587,0.002381,0.001587,0.0,0.0,0.000794,0.0,0.008801,0.001587,0.0,0.001587,0.003968,0.006234,0.0,0.000794,0.001587,0.00705,0.0,0.0,0.000794,0.002381,0.000794,0.003175,0.000794,0.000794,0.000794,0.0,0.0,0.0,0.0,0.0,0.0,0.000794,0.0,0.003959,0.000794,0.0,0.0,0.0,0.0,0.0,0.0,0.000794,0.000794,0.0,0.0,0.0,0.000794,0.0,0.002381,0.000794,0.000794,0.000794,0.0,0.0,0.0,0.001949,0.0,0.000794,0.0,0.0,0.003968,0.001587,0.0,0.0,0.000794,0.0,0.0,0.0,0.0,0.0,0.0,0.000794,0.0,0.0,0.0,0.002005,0.0,0.0,0.0,0.0,0.0,0.000794,0.0,0.003175,0.0,0.0,0.000794,0.0,0.0,0.0,0.001587,0.0,0.0,0.000794,0.000794,0.000794,0.0,0.0,0.001587,0.000794,0.0,0.0,0.0,0.0,0.001587,0.0,0.0,0.000794,0.0,0.0,0.000794,0.0,0.0,0.0,0.0,0.0,0.0,0.000794,0.0,0.0,0.0,0.0,0.0,0.0,0.000794,0.0,0.0,0.0,0.0,0.0,0.0,0.0,0.0,0.0,0.0,0.0,0.0,0.0,0.0,0.0,0.0,0.0,0.0,0.0,0.0,0.0,0.0,0.0,0.0,0.0,0.000794,0.0,0.0,0.0,0.0,0.0,0.0,0.0,0.000794,0.0,0.0,0.0,0.0,0.0,0.0,0.0,0.0,0.0,0.002381,0.0,0.0,0.0,0.0,0.0,0.0,0.001587,0.0,0.000794,0.0,0.0,0.000794,0.0,0.0,0.000794,0.0,0.000794,0.000794,0.0,0.0,0.0,0.0,0.0,0.0,0.0,0.003984,0.0,0.002381,0.0,0.0,0.0,0.000794,0.000794,0.0,0.000794,0.0,0.000794,0.005822,0.003556,0.006349,0.003175,0.003801,0.003557,0.004707,0.004703,0.001587,0.002381,0.001587,0.001651,0.0,0.0,0.003562,0.002934,0.004153,0.001864,0.002558,0.002366,0.001445,0.000794,0.007522,0.002208,0.003968,0.003175,0.002809,0.0,0.004283,0.001825,0.0,0.000794,0.0,0.003253,0.004587,0.003368,0.0,0.0,0.0,0.000794,0.000794,0.003501,0.0,0.0,0.071978,0.023993,0.006726,0.0,0.0,0.000794,0.0,0.000794,0.003175,0.001587,0.010317,0.003968,0.000794,0.001587,0.0,0.005556,0.002381,0.001587,0.003668,0.001587,0.0,0.003554,0.0,0.001587,0.002392,0.0,0.0,0.0,0.0,0.0,0.0,0.0,0.0,0.0,0.000794,0.0,0.0,0.000794,0.0,0.000794,0.0,0.000794,0.0,0.000794,0.001587,0.0,0.0,0.0,0.000794,0.0,0.0,0.0,0.0,0.0,0.0,0.0,0.0,0.0,0.0,0.0,0.0,0.0,0.000794,0.0,0.0,0.006349,0.004222,0.004658,0.003309,1.0,0.010705,0.004975,0.002381,0.000794,0.0,0.004912,0.000794,0.000794,0.0,0.00233,0.000794,0.001587,0.0,0.002381,0.0,0.000745,0.0,0.0,0.0,0.0,0.002381,0.0,0.000794,0.0,0.0,0.0,0.0,0.000794,0.0,0.000794,0.003175,0.000794,0.0,0.003968,0.001587,0.0,0.0,0.003175,0.003175,0.002381,0.0,0.0,0.000794,0.0,0.001587,0.001587,0.000794,0.002994,0.0,0.0,0.006588,0.0,0.001587,0.003576,0.002654,0.0,0.000794,0.0,0.000794,0.0,0.003175,0.001587,0.000794,0.0,0.0,0.0,0.003968,0.0,0.0,0.0,0.002381,0.000794,0.002381,0.0,0.0,0.000794,0.0,0.000794,0.0,0.001587,0.0,0.0,0.0,0.000794,0.000794,0.001284,0.000794,0.00327,0.000794,0.000794,0.0,0.000794,0.0
7020,0.00223,0.004014,0.000446,0.000892,0.001338,0.0,0.000446,0.001784,0.0,0.008029,0.0,0.0,0.001784,0.00446,0.004014,0.0,0.000446,0.000446,0.007792,0.000892,0.0,0.000446,0.003568,0.000446,0.004906,0.001784,0.000446,0.001784,0.001784,0.0,0.001338,0.0,0.0,0.0,0.001784,0.0,0.008029,0.000892,0.000446,0.0,0.0,0.000446,0.0,0.000446,0.001338,0.000446,0.0,0.0,0.000446,0.001784,0.0,0.00223,0.000446,0.000446,0.0,0.001338,0.0,0.0,0.005798,0.0,0.000892,0.0,0.000892,0.002676,0.000446,0.000446,0.0,0.0,0.001784,0.0,0.0,0.000892,0.000446,0.0,0.003122,0.0,0.0,0.000446,0.004812,0.0,0.000446,0.0,0.0,0.0,0.000892,0.0,0.000446,0.0,0.0,0.000446,0.0,0.000446,0.004014,0.001784,0.0,0.000446,0.001784,0.000446,0.0,0.0,0.0,0.002676,0.000892,0.0,0.000446,0.0,0.000446,0.001338,0.0,0.0,0.0,0.000446,0.000446,0.001784,0.0,0.0,0.000446,0.0,0.0,0.0,0.003568,0.000446,0.0,0.0,0.000446,0.000892,0.0,0.001338,0.000446,0.000892,0.000446,0.0,0.000446,0.0,0.000446,0.0,0.001784,0.0,0.0,0.000446,0.0,0.000446,0.000446,0.0,0.0,0.000446,0.000446,0.0,0.000446,0.0,0.0,0.0,0.003122,0.000892,0.0,0.0,0.000446,0.000892,0.0,0.000446,0.0,0.000892,0.0,0.000446,0.000446,0.0,0.0,0.0,0.0,0.0,0.0,0.000892,0.000446,0.000892,0.0,0.0,0.000446,0.000892,0.001338,0.0,0.002676,0.001338,0.000892,0.0,0.0,0.001338,0.000446,0.000892,0.001338,0.0,0.000446,0.001338,0.0,0.000446,0.0,0.000892,0.0,0.015611,0.006244,0.003568,0.00223,0.0,0.001784,0.009367,0.001784,0.0,0.000892,0.004014,0.009367,0.006086,0.01037,0.002676,0.004014,0.011402,0.007114,0.009414,0.013913,0.012489,0.005352,0.001784,0.021461,0.003568,0.001338,0.012468,0.012489,0.009817,0.004866,0.007675,0.0041,0.004912,0.0,0.010259,0.010305,0.002676,0.001338,0.007022,0.000446,0.013562,0.008029,0.0,0.000892,0.000446,0.006506,0.008737,0.006014,0.0,0.000446,0.001784,0.000892,0.001338,0.008618,0.0,0.0,0.01978,0.012427,0.006578,0.000446,0.000446,0.001338,0.0,0.0,0.000446,0.0,0.00446,0.00223,0.0,0.000446,0.001784,0.010705,0.002676,0.001784,0.009171,0.000446,0.0,0.009289,0.006244,0.00223,0.004014,0.0,0.001338,0.000446,0.000446,0.001784,0.0,0.0,0.0,0.000446,0.001338,0.000892,0.001784,0.000892,0.000892,0.003122,0.003568,0.00223,0.001338,0.002676,0.000446,0.0,0.000892,0.0,0.000892,0.0,0.000446,0.0,0.0,0.000446,0.0,0.000446,0.0,0.0,0.0,0.0,0.0,0.00669,0.000892,0.0,0.00223,0.014719,0.009695,0.016057,0.023162,0.010705,1.0,0.031628,0.00223,0.002676,0.003568,0.011151,0.002676,0.003122,0.001338,0.014448,0.001338,0.000892,0.000446,0.0,0.003122,0.014153,0.001338,0.0,0.0,0.0,0.000892,0.000446,0.003122,0.001338,0.002676,0.0,0.001338,0.001784,0.001784,0.001784,0.004014,0.000446,0.001784,0.007583,0.004906,0.00223,0.000446,0.000892,0.00223,0.00223,0.0,0.0,0.0,0.0,0.001784,0.003122,0.002676,0.015165,0.001338,0.0,0.038359,0.000446,0.003568,0.009103,0.010705,0.0,0.001338,0.000892,0.00223,0.001338,0.002676,0.003122,0.000446,0.000446,0.000446,0.0,0.008029,0.000446,0.001338,0.000446,0.001784,0.000446,0.003568,0.000446,0.000446,0.0,0.001338,0.00669,0.001338,0.0,0.00223,0.000446,0.0,0.0,0.002676,0.007705,0.0,0.008925,0.0,0.000446,0.0,0.001784,0.0
7110,0.0,0.002488,0.000711,0.004264,0.001421,0.0,0.0,0.000355,0.000355,0.008173,0.001066,0.0,0.000711,0.00462,0.00533,0.000355,0.001421,0.000355,0.012438,0.000355,0.0,0.001421,0.001066,0.0,0.002488,0.001066,0.000711,0.000711,0.0,0.0,0.001066,0.000711,0.0,0.000711,0.000711,0.0,0.006397,0.000355,0.0,0.0,0.000355,0.000711,0.000355,0.0,0.005686,0.007818,0.000355,0.0,0.001777,0.003198,0.001066,0.000711,0.0,0.001421,0.000355,0.000355,0.0,0.0,0.002488,0.000355,0.000711,0.0,0.000355,0.001066,0.0,0.000355,0.0,0.0,0.003198,0.0,0.0,0.0,0.001066,0.0,0.000355,0.0,0.0,0.000355,0.001421,0.0,0.000355,0.0,0.000355,0.0,0.000355,0.000355,0.001066,0.0,0.0,0.000711,0.000355,0.001777,0.004264,0.002843,0.0,0.000355,0.000711,0.0,0.0,0.0,0.0,0.001777,0.001066,0.0,0.001066,0.0,0.000355,0.002843,0.001066,0.000711,0.000355,0.000355,0.0,0.007107,0.0,0.002132,0.002132,0.0,0.001066,0.0,0.00533,0.001066,0.000355,0.0,0.000711,0.002488,0.000355,0.001066,0.0,0.000355,0.0,0.0,0.001421,0.0,0.0,0.0,0.003554,0.000355,0.000711,0.000355,0.000355,0.001066,0.0,0.000355,0.000355,0.000355,0.000355,0.000355,0.0,0.0,0.0,0.0,0.001777,0.000355,0.000355,0.0,0.000355,0.000355,0.0,0.000355,0.0,0.0,0.0,0.001421,0.000355,0.0,0.0,0.0,0.000355,0.0,0.0,0.006041,0.000355,0.0,0.0,0.000711,0.0,0.000711,0.0,0.001421,0.003909,0.000711,0.004264,0.000355,0.0,0.004264,0.004264,0.001066,0.0,0.001421,0.000355,0.002132,0.0,0.0,0.000355,0.000355,0.0,0.089552,0.029495,0.029851,0.006397,0.0,0.007107,0.018479,0.006041,0.000711,0.00995,0.014925,0.001777,0.005557,0.006815,0.001777,0.003909,0.002843,0.002668,0.002488,0.01117,0.00995,0.002132,0.000711,0.034471,0.002488,0.001421,0.03486,0.007107,0.009439,0.002692,0.004264,0.003469,0.003756,0.0,0.005686,0.008173,0.000711,0.001777,0.02177,0.0,0.013504,0.007818,0.0,0.002132,0.000711,0.003253,0.008301,0.00433,0.000355,0.000711,0.0,0.000355,0.001421,0.008349,0.0,0.0,0.00696,0.005747,0.013502,0.001066,0.0,0.000355,0.0,0.000355,0.000355,0.0,0.003554,0.003554,0.000355,0.0,0.001421,0.002132,0.000355,0.0,0.014925,0.0,0.000711,0.005089,0.002488,0.001777,0.002488,0.0,0.0,0.0,0.0,0.000355,0.0,0.0,0.0,0.000711,0.001421,0.0,0.002843,0.001777,0.000711,0.007818,0.002843,0.003554,0.000355,0.001421,0.0,0.0,0.000711,0.0,0.0,0.000355,0.0,0.0,0.0,0.0,0.0,0.0,0.0,0.0,0.0,0.0,0.0,0.000355,0.000355,0.0,0.0,0.010306,0.015872,0.001421,0.002132,0.004975,0.031628,1.0,0.003198,0.003198,0.000711,0.00462,0.000355,0.00462,0.001421,0.034333,0.0,0.001421,0.0,0.000355,0.001777,0.034826,0.000355,0.0,0.00533,0.0,0.000355,0.0,0.001066,0.000355,0.00462,0.0,0.0,0.001421,0.004264,0.004264,0.000711,0.002488,0.000711,0.003554,0.0,0.001421,0.0,0.003198,0.001421,0.002488,0.0,0.0,0.0,0.0,0.001066,0.001421,0.000711,0.007107,0.000711,0.000355,0.012793,0.000355,0.002132,0.002601,0.002132,0.000355,0.0,0.0,0.0,0.000355,0.001421,0.006397,0.0,0.0,0.000355,0.000355,0.003554,0.000355,0.000355,0.0,0.002132,0.000355,0.012082,0.0,0.0,0.0,0.000355,0.003909,0.000711,0.0,0.002132,0.0,0.000711,0.000711,0.000355,0.003554,0.000355,0.009367,0.0,0.0,0.0,0.0,0.0
7120,0.0,0.001043,0.0,0.0,0.0,0.0,0.0,0.0,0.0,0.0,0.0,0.0,0.0,0.001605,0.0,0.0,0.0,0.0,0.0,0.0,0.0,0.00314,0.003322,0.0,0.005535,0.0,0.0,0.015957,0.0,0.0,0.0,0.0,0.0,0.0,0.0,0.0,0.000792,0.0,0.0,0.0,0.0,0.0,0.0,0.0,0.002597,0.0,0.0,0.0,0.0,0.022727,0.0,0.002481,0.0,0.0,0.011364,0.0,0.0,0.0,0.0,0.0,0.0,0.0,0.0,0.002381,0.018349,0.0,0.0,0.0,0.002525,0.0,0.0,0.0,0.0,0.0,0.0,0.0,0.0,0.0,0.0,0.0,0.0,0.0,0.0,0.0,0.0,0.0,0.0,0.0,0.0,0.011364,0.0,0.0,0.0,0.0,0.0,0.0,0.0,0.011364,0.0,0.011364,0.0,0.0,0.0,0.0,0.0,0.0,0.0,0.0,0.011364,0.0,0.0,0.0,0.0,0.0,0.0,0.0,0.0,0.0,0.0,0.0,0.001529,0.0,0.0,0.0,0.0,0.0,0.0,0.0,0.0,0.0,0.0,0.0,0.0,0.0,0.0,0.0,0.009709,0.0,0.0,0.0,0.0,0.0,0.0,0.011364,0.0,0.0,0.0,0.0,0.0,0.011364,0.0,0.0,0.0,0.0,0.0,0.0,0.0,0.0,0.0,0.0,0.0,0.0,0.0,0.011364,0.0,0.0,0.0,0.0,0.011364,0.0,0.0,0.0,0.0,0.0,0.0,0.0,0.0,0.0,0.0,0.0,0.0,0.045455,0.009091,0.0,0.0,0.0,0.0,0.0,0.0,0.0,0.0,0.009174,0.0,0.011364,0.0,0.011364,0.011364,0.000498,0.004246,0.001946,0.0,0.0,0.0,0.0,0.0,0.0,0.001701,0.0,0.0,0.000794,0.0,0.0,0.0,0.001689,0.000296,0.000428,0.000588,0.0,0.001919,0.003175,0.002889,0.002874,0.0,0.000763,0.002934,0.001133,0.000104,0.0,0.000473,0.000289,0.0,0.00094,0.000368,0.0,0.0,0.0,0.0,0.001071,0.0,0.0,0.0,0.0,0.0,0.000655,0.001203,0.0,0.0,0.0,0.0,0.0,0.000269,0.0,0.0,0.0,0.000144,4.9e-05,0.0,0.009259,0.008772,0.0,0.0,0.0,0.0,0.003017,0.001976,0.0,0.0,0.005025,0.0,0.0,0.0,0.0,0.0,0.0,0.0,0.0,0.0,0.0,0.0,0.0,0.0,0.0,0.0,0.0,0.0,0.0,0.0,0.0,0.0,0.0,0.0,0.0,0.0,0.0,0.0,0.0,0.0,0.0,0.0,0.0,0.0,0.0,0.0,0.0,0.0,0.0,0.0,0.0,0.0,0.0,0.0,0.0,0.0,0.0,0.0,0.011364,0.0,0.0,0.000964,0.000235,0.0,0.0,0.002381,0.00223,0.003198,1.0,0.0125,0.007519,0.0,0.0,0.0,0.0,0.001087,0.003226,0.0,0.0,0.0,0.0,0.001117,0.0,0.0,0.0,0.0,0.0,0.0,0.0,0.0,0.0,0.0,0.0,0.0,0.004175,0.0,0.0,0.0,0.0,0.00082,0.0,0.0,0.0,0.013699,0.0,0.007692,0.0,0.0,0.0,0.0,0.0,0.002941,0.0,0.001497,0.0,0.0,0.001412,0.0,0.0,0.000325,0.002123,0.0,0.0,0.0,0.0,0.0,0.0,0.002415,0.0,0.0,0.0,0.0,0.000929,0.0,0.0,0.0,0.001497,0.011364,0.00625,0.0,0.0,0.0,0.0,0.00129,0.0,0.0,0.0,0.0,0.0,0.0,0.0,0.000428,0.0,0.00053,0.0,0.0,0.0,0.0,0.0
7210,0.0,0.002086,0.0,0.0,0.0,0.00625,0.0,0.003759,0.0,0.00055,0.0,0.0,0.0,0.006421,0.000623,0.0,0.0,0.0,0.001113,0.0,0.0,0.00157,0.001661,0.0,0.00738,0.004902,0.00625,0.005319,0.0,0.0,0.010695,0.0,0.0,0.0,0.0,0.0,0.002375,0.01875,0.0,0.0,0.0,0.0,0.0,0.0,0.002597,0.0,0.0,0.0,0.0,0.00625,0.0,0.002481,0.0,0.002375,0.0,0.0,0.004695,0.0,0.00065,0.0,0.0,0.0,0.0,0.007143,0.00625,0.0,0.0,0.0,0.0,0.0,0.0,0.0,0.0,0.0,0.0,0.0,0.0,0.0,0.0,0.0,0.0,0.0,0.0,0.0,0.0,0.00625,0.002604,0.0,0.0,0.0,0.0,0.0,0.0,0.006515,0.0,0.0,0.0,0.00625,0.00625,0.0,0.0,0.0,0.0,0.0,0.0125,0.0,0.0,0.0,0.0,0.0,0.0,0.0,0.0,0.0,0.0,0.0,0.0,0.0,0.0,0.0,0.0,0.0,0.0,0.0,0.0,0.0,0.0,0.0,0.0,0.00625,0.0,0.0,0.0,0.0,0.0,0.0,0.0,0.0,0.0,0.0,0.0,0.0,0.0,0.0,0.0,0.0,0.0,0.0,0.0,0.0,0.0,0.0,0.0,0.0,0.0,0.0,0.0,0.0,0.0,0.0,0.0,0.0,0.0,0.0,0.0,0.0,0.0,0.0,0.0,0.0,0.0,0.0,0.0,0.0,0.0,0.0,0.0,0.0,0.0,0.0,0.0,0.0,0.0,0.0,0.0,0.00625,0.00625,0.0,0.0,0.0,0.0,0.00625,0.0,0.0,0.0,0.0,0.0,0.0,0.0,0.0,0.0,0.0,0.0,0.0,0.0,0.0,0.001701,0.0,0.0,0.000265,0.000296,0.000982,0.001,0.001689,0.001186,0.0,0.002156,0.0,0.003839,0.0,0.001651,0.0,0.0,0.000763,0.00489,0.001133,0.000104,0.000365,0.000315,0.0,0.0,0.00047,0.000368,0.0,0.0,0.000936,0.0,0.001428,0.000456,0.0,0.0,0.0,0.000342,0.001966,0.001924,0.0,0.0,0.0,0.0,0.002941,0.0,0.0,0.0,0.000183,0.000216,0.000396,0.0,0.0,0.0,0.0,0.0,0.0,0.0,0.006033,0.001976,0.0,0.0,0.0,0.0,0.0,0.0,0.000734,0.0,0.0,0.000242,0.0,0.0,0.0,0.00625,0.00625,0.0,0.0,0.0,0.0,0.0,0.0,0.00625,0.0,0.0,0.007018,0.003521,0.00625,0.003774,0.003115,0.005102,0.0,0.0125,0.00625,0.0,0.0,0.0,0.0,0.00625,0.0,0.0,0.0,0.0,0.0,0.0,0.0,0.0,0.0,0.0,0.0,0.0,0.0,0.0,0.0,0.0,0.000469,0.002329,0.0,0.000794,0.002676,0.003198,0.0125,1.0,0.01875,0.0,0.0,0.0,0.005291,0.003728,0.003226,0.0,0.0,0.0,0.0,0.000372,0.0,0.0,0.0,0.0,0.0,0.0,0.0,0.0,0.02,0.0,0.0,0.0,0.004175,0.004878,0.0,0.0,0.00625,0.0,0.00625,0.0,0.0,0.0,0.004587,0.0,0.0,0.0,0.0,0.0,0.001587,0.0,0.0125,0.008234,0.0,0.0,0.005176,0.0,0.009217,0.002926,0.004246,0.00625,0.0,0.0,0.0,0.0,0.00678,0.002415,0.0,0.0,0.0,0.0,0.000929,0.0,0.0,0.0,0.0,0.00625,0.00625,0.006135,0.0,0.0,0.0125,0.0,0.0,0.0,0.0,0.0,0.0,0.0,0.0,0.0,0.0,0.000972,0.0,0.0,0.0,0.0,0.0
7220,0.0,0.001043,0.0,0.00177,0.0,0.0,0.0,0.0,0.0,0.0,0.0,0.0,0.0,0.0,0.000623,0.0,0.0,0.0,0.001113,0.0,0.0,0.0,0.0,0.007519,0.0,0.0,0.007519,0.0,0.0,0.0,0.005348,0.007519,0.0,0.0,0.0,0.0,0.0,0.0,0.0,0.0,0.0,0.0,0.0,0.0,0.0,0.0,0.0,0.0,0.0,0.007519,0.0,0.0,0.0,0.0,0.0,0.003861,0.0,0.0,0.0,0.0,0.0,0.0,0.0,0.0,0.0,0.0,0.0,0.0,0.0,0.0,0.0,0.0,0.0,0.0,0.0,0.0,0.0,0.0,0.000802,0.0,0.0,0.0,0.0,0.0,0.0,0.0,0.0,0.0,0.0,0.0,0.0,0.0,0.0,0.003257,0.0,0.0,0.0,0.0,0.0,0.0,0.0,0.0,0.0,0.0,0.0,0.0,0.0,0.0,0.0,0.0,0.0,0.0,0.0,0.0,0.0,0.0,0.0,0.0,0.0,0.0,0.0,0.0,0.0,0.0,0.0,0.0,0.0,0.0,0.0,0.0,0.0,0.0,0.0,0.0,0.0,0.0,0.0,0.0,0.0,0.0,0.0,0.0,0.0,0.0,0.0,0.0,0.0,0.0,0.0,0.0,0.0,0.0,0.0,0.0,0.0,0.0,0.0,0.0,0.0,0.0,0.0,0.0,0.0,0.0,0.0,0.0,0.0,0.0,0.0,0.0,0.0,0.0,0.007519,0.0,0.0,0.0,0.0,0.0,0.0,0.0,0.0,0.0,0.0,0.0,0.0,0.0,0.0,0.0,0.007519,0.0,0.0,0.0,0.0,0.0,0.0,0.0,0.0,0.000498,0.0,0.0,0.0,0.0,0.0,0.0,0.0,0.0,0.0,0.0,0.0,0.0,0.0,0.0,0.0,0.0,0.000148,0.0,0.00098,0.003024,0.0,0.0,0.0,0.0,0.0,0.001272,0.0,0.000378,0.0,0.000731,0.000315,0.0,0.0,0.00047,0.000736,0.0,0.0,0.000468,0.0,0.000357,0.002737,0.0,0.0,0.0,0.001027,0.000437,0.000722,0.0,0.0,0.0,0.0,0.0,0.0,0.0,0.0,0.0,0.000359,4.9e-05,0.0,0.0,0.0,0.0,0.0,0.0,0.0,0.0,0.001976,0.0,0.0,0.0,0.0,0.0,0.0,0.0,0.0,0.007519,0.000565,0.0,0.0,0.0,0.0,0.0,0.0,0.0,0.0,0.0,0.0,0.007519,0.0,0.0,0.0,0.0,0.0,0.0,0.0,0.003115,0.0,0.0,0.006711,0.007519,0.0,0.0,0.0,0.0,0.0,0.0,0.0,0.0,0.007519,0.0,0.0,0.0,0.0,0.0,0.0,0.0,0.0,0.0,0.0,0.0,0.000964,0.001251,0.002329,0.001838,0.0,0.003568,0.000711,0.007519,0.01875,1.0,0.001404,0.007519,0.0,0.005291,0.002641,0.0,0.0,0.0,0.0,0.0,0.0,0.0,0.0,0.0,0.0,0.0,0.0,0.0,0.0,0.0,0.0,0.0,0.002451,0.0,0.0,0.0,0.0,0.0,0.002459,0.0,0.0,0.0,0.006849,0.0,0.0,0.0,0.007519,0.0,0.0,0.006349,0.002941,0.007519,0.009731,0.0,0.0,0.002824,0.0,0.006912,0.002926,0.003715,0.007519,0.0,0.0,0.0,0.0,0.00339,0.0,0.0,0.0,0.007519,0.0,0.001859,0.0,0.0,0.0,0.0,0.0,0.0,0.0,0.0,0.0,0.0,0.0,0.0,0.007519,0.0,0.0,0.0,0.0,0.0,0.0,0.004525,0.000884,0.0,0.0,0.0,0.0,0.0
7310,0.002105,0.0,0.000702,0.0,0.000702,0.0,0.0,0.001404,0.0,0.00275,0.001404,0.0,0.001404,0.000702,0.000623,0.0,0.0,0.0,0.002226,0.0,0.0,0.0,0.0,0.0,0.0,0.003509,0.0,0.001404,0.0,0.0,0.0,0.0,0.0,0.0,0.0,0.0,0.003509,0.000702,0.0,0.0,0.0,0.0,0.0,0.0,0.0,0.000702,0.000702,0.0,0.0,0.0,0.0,0.001404,0.0,0.003509,0.0,0.000702,0.0,0.0,0.003899,0.0,0.0,0.0,0.001404,0.003509,0.001404,0.0,0.0,0.0,0.001404,0.0,0.000702,0.0,0.002105,0.0,0.000702,0.0,0.0,0.0,0.004411,0.0,0.0,0.0,0.0,0.0,0.000702,0.0,0.001404,0.0,0.000702,0.000702,0.0,0.000702,0.036491,0.022456,0.000702,0.0,0.0,0.0,0.0,0.0,0.000702,0.002105,0.000702,0.0,0.0,0.0,0.0,0.002105,0.001404,0.000702,0.0,0.001404,0.0,0.002105,0.0,0.0,0.0,0.0,0.000702,0.0,0.004912,0.0,0.0,0.0,0.0,0.002105,0.000702,0.002105,0.000702,0.000702,0.0,0.0,0.0,0.0,0.0,0.0,0.001404,0.0,0.0,0.0,0.0,0.0,0.0,0.000702,0.0,0.0,0.0,0.0,0.0,0.000702,0.0,0.0,0.000702,0.000702,0.0,0.0,0.0,0.0,0.0,0.0,0.0,0.0,0.0,0.0,0.0,0.0,0.0,0.0,0.000702,0.0,0.0,0.006316,0.000702,0.0,0.0,0.000702,0.0,0.001404,0.002105,0.000702,0.000702,0.0,0.0,0.0,0.0,0.000702,0.0,0.000702,0.0,0.0,0.000702,0.000702,0.0,0.0,0.0,0.0,0.0,0.00498,0.000702,0.000702,0.0,0.0,0.002807,0.004912,0.000702,0.000702,0.001404,0.001404,0.004211,0.003969,0.007407,0.004912,0.004211,0.002534,0.005632,0.005135,0.012542,0.01614,0.004912,0.003509,0.008254,0.0,0.002807,0.005344,0.00489,0.012271,0.004659,0.005848,0.003627,0.00549,0.0,0.005172,0.009201,0.003509,0.004912,0.004682,0.001404,0.007138,0.014142,0.0,0.001404,0.000702,0.00565,0.009174,0.006014,0.001404,0.0,0.002807,0.000702,0.004211,0.007541,0.0,0.0,0.002747,0.003161,0.002127,0.0,0.0,0.000702,0.0,0.0,0.0,0.0,0.007018,0.002807,0.0,0.0,0.000702,0.004912,0.004912,0.002105,0.005136,0.0,0.0,0.008885,0.005614,0.004211,0.008373,0.002807,0.005614,0.001404,0.000702,0.008421,0.002105,0.0,0.000702,0.004211,0.011228,0.003509,0.008421,0.009123,0.002105,0.006316,0.01193,0.001404,0.001404,0.002105,0.002807,0.0,0.000702,0.0,0.0,0.000702,0.0,0.0,0.0,0.0,0.0,0.0,0.0,0.0,0.0,0.0,0.0,0.0,0.0,0.000702,0.0,0.011228,0.005004,0.004211,0.007721,0.004912,0.011151,0.00462,0.0,0.0,0.001404,1.0,0.009123,0.003509,0.004211,0.00901,0.000702,0.0,0.000702,0.0,0.005614,0.005959,0.0,0.000702,0.000702,0.001404,0.002807,0.003509,0.002807,0.000702,0.001404,0.0,0.000702,0.004211,0.004211,0.001404,0.002105,0.004912,0.000702,0.032281,0.001404,0.004211,0.000702,0.000702,0.0,0.001404,0.0,0.000702,0.0,0.0,0.002807,0.001404,0.001404,0.004912,0.001404,0.000702,0.015059,0.000702,0.0,0.005202,0.002123,0.000702,0.000702,0.001404,0.000702,0.000702,0.002105,0.021754,0.0,0.0,0.0,0.000702,0.013333,0.0,0.004211,0.001404,0.006316,0.000702,0.0,0.000702,0.002807,0.0,0.000702,0.007719,0.000702,0.000702,0.002105,0.0,0.0,0.0,0.006316,0.007705,0.001404,0.006009,0.0,0.0,0.0,0.0,0.0
7320,0.0,0.0,0.0,0.0,0.0,0.0,0.0,0.0,0.0,0.0,0.0,0.0,0.0,0.0,0.0,0.0,0.0,0.0,0.0,0.0,0.0,0.0,0.0,0.0,0.00369,0.0,0.0,0.0,0.0,0.0,0.0,0.0,0.0,0.0,0.0,0.0,0.000792,0.0,0.0,0.0,0.0,0.0,0.0,0.0,0.0,0.0,0.0,0.0,0.0,0.0,0.0,0.002481,0.0,0.0,0.0,0.001931,0.0,0.0,0.0,0.0,0.005618,0.0,0.0,0.0,0.0,0.0,0.0,0.0,0.0,0.0,0.0,0.0,0.0,0.0,0.0,0.0,0.0,0.0,0.0,0.0,0.0,0.0,0.0,0.0,0.0,0.0,0.0,0.0,0.0,0.0,0.0,0.0,0.001508,0.0,0.0,0.0,0.0,0.0,0.0,0.0,0.0,0.0,0.0,0.0,0.0,0.0,0.0,0.0,0.0,0.0,0.0,0.0,0.0,0.0,0.0,0.0,0.0,0.0,0.0,0.0,0.0,0.0,0.0,0.0,0.0,0.0,0.0,0.010753,0.0,0.0,0.0,0.0,0.0,0.0,0.0,0.0,0.0,0.0,0.0,0.0,0.0,0.0,0.0,0.0,0.0,0.0,0.0,0.0,0.0,0.0,0.0,0.0,0.0,0.0,0.0,0.0,0.0,0.0,0.0,0.0,0.0,0.0,0.0,0.0,0.0,0.0,0.0,0.0,0.0,0.0,0.0,0.0,0.0,0.010753,0.0,0.0,0.0,0.0,0.0,0.0,0.0,0.010753,0.0,0.0,0.0,0.0,0.0,0.0,0.0,0.0,0.0,0.0,0.0,0.0,0.0,0.0,0.0,0.000498,0.0,0.0,0.0,0.0,0.0,0.0,0.0,0.0,0.0,0.0,0.0,0.000265,0.000889,0.0,0.0,0.0,0.000148,0.000428,0.000196,0.002016,0.0,0.0,0.000413,0.0,0.0,0.000254,0.001467,0.000566,0.000414,0.000365,0.000158,0.000289,0.0,0.0,0.000736,0.0,0.0,0.000234,0.0,0.0,0.0,0.0,0.0,0.0,0.001027,0.000655,0.000722,0.0,0.0,0.001764,0.0,0.0,0.000269,0.0,0.0,0.0,0.000575,0.000148,0.0,0.0,0.0,0.0,0.0,0.0,0.0,0.001508,0.0,0.0,0.0,0.0,0.000944,0.0,0.0,0.000367,0.0,0.0,0.000404,0.0,0.0,0.0,0.0,0.010753,0.0,0.0,0.007194,0.0,0.0,0.0,0.0,0.0,0.0,0.0,0.0,0.0,0.0,0.0,0.0,0.0,0.0,0.0,0.0,0.0,0.0,0.0,0.0,0.0,0.0,0.0,0.0,0.0,0.0,0.0,0.0,0.0,0.0,0.0,0.0,0.0,0.0,0.0,0.0,0.000156,0.0,0.0,0.000794,0.002676,0.000355,0.0,0.0,0.007519,0.009123,1.0,0.0,0.0,0.000932,0.0,0.0,0.0,0.0,0.002353,0.0,0.0,0.0,0.0,0.0,0.0,0.0,0.0,0.0,0.0,0.0,0.0,0.0,0.0,0.0,0.002037,0.0,0.0,0.0,0.006849,0.0,0.0,0.0,0.0,0.0,0.0,0.0,0.0,0.0,0.0,0.0,0.0,0.0,0.0,0.0,0.000471,0.0,0.0,0.0,0.001062,0.0,0.0,0.0,0.0,0.0,0.0,0.0,0.0,0.0,0.0,0.0,0.0,0.0,0.0,0.0,0.0,0.0,0.0,0.0,0.0,0.0,0.0,0.0,0.0,0.0,0.0,0.0,0.0,0.0,0.0,0.0,0.0,0.000619,0.0,0.0,0.0,0.0,0.0
7410,0.006024,0.003128,0.0,0.00177,0.0,0.0,0.0,0.0,0.0,0.00165,0.0,0.0,0.003012,0.001605,0.00187,0.0,0.0,0.003012,0.0,0.0,0.0,0.00157,0.0,0.003012,0.0,0.003012,0.0,0.0,0.0,0.0,0.0,0.0,0.0,0.0,0.0,0.0,0.0,0.0,0.0,0.0,0.0,0.003012,0.0,0.0,0.0,0.0,0.0,0.0,0.0,0.0,0.0,0.0,0.0,0.002375,0.0,0.0,0.0,0.0,0.0013,0.003012,0.003012,0.0,0.003012,0.007143,0.0,0.0,0.0,0.003012,0.0,0.0,0.0,0.0,0.006024,0.0,0.009036,0.0,0.0,0.0,0.001604,0.0,0.0,0.0,0.0,0.002882,0.0,0.0,0.0,0.0,0.003012,0.0,0.0,0.0,0.015083,0.013029,0.0,0.003012,0.0,0.0,0.0,0.0,0.0,0.0,0.0,0.0,0.003012,0.0,0.0,0.003012,0.0,0.0,0.0,0.0,0.0,0.003012,0.0,0.0,0.0,0.0,0.0,0.0,0.006116,0.0,0.0,0.0,0.0,0.0,0.003012,0.0,0.0,0.0,0.0,0.0,0.0,0.0,0.0,0.0,0.0,0.0,0.0,0.0,0.0,0.003012,0.0,0.0,0.0,0.0,0.0,0.0,0.0,0.0,0.0,0.0,0.0,0.0,0.0,0.0,0.0,0.0,0.0,0.003012,0.0,0.0,0.0,0.0,0.0,0.0,0.0,0.0,0.0,0.0,0.0,0.00998,0.003012,0.0,0.0,0.0,0.0,0.0,0.0,0.0,0.003328,0.0,0.003012,0.0,0.0,0.0,0.0,0.0,0.0,0.0,0.0,0.0,0.0,0.0,0.0,0.0,0.0,0.001992,0.002123,0.0,0.006024,0.0,0.003012,0.004728,0.003012,0.003012,0.010204,0.001721,0.0,0.000529,0.000889,0.000982,0.001,0.0,0.000889,0.003423,0.003331,0.001008,0.0,0.0,0.003302,0.0,0.0,0.003562,0.000489,0.002832,0.000518,0.002193,0.000789,0.001156,0.0,0.0,0.001472,0.001504,0.006522,0.00117,0.01506,0.002498,0.000912,0.0,0.0,0.0,0.002397,0.001311,0.001443,0.0,0.003012,0.0,0.0,0.002941,0.001347,0.0,0.0,0.000183,0.001078,0.000346,0.0,0.0,0.0,0.0,0.0,0.003012,0.0,0.003017,0.0,0.0,0.0,0.0,0.0,0.0,0.0,0.000367,0.0,0.003012,0.002827,0.00451,0.001961,0.000598,0.0,0.0,0.0,0.0,0.0,0.0,0.0,0.003012,0.0,0.0,0.003012,0.0,0.0,0.0,0.002516,0.012048,0.0,0.0,0.003012,0.0,0.0,0.0,0.0,0.0,0.0,0.0,0.0,0.0,0.0,0.0,0.0,0.0,0.0,0.0,0.0,0.0,0.0,0.0,0.003012,0.0,0.0,0.001095,0.0,0.000735,0.000794,0.003122,0.00462,0.0,0.0,0.0,0.003509,0.0,1.0,0.006024,0.00202,0.0,0.0,0.0,0.0,0.004706,0.000745,0.0,0.0,0.0,0.0,0.0,0.0,0.002809,0.0,0.0,0.0,0.0,0.004902,0.008351,0.006024,0.0,0.0,0.0,0.003279,0.003012,0.009036,0.003012,0.0,0.0,0.0,0.0,0.0,0.0,0.0,0.0,0.0,0.0,0.003743,0.0,0.0,0.005176,0.003012,0.004608,0.0013,0.001062,0.0,0.003012,0.0,0.0,0.0,0.0,0.006039,0.0,0.0,0.0,0.0,0.002788,0.0,0.0,0.0,0.001497,0.0,0.0,0.0,0.0,0.0,0.0,0.002581,0.0,0.0,0.002882,0.0,0.0,0.0,0.001767,0.00214,0.003012,0.001414,0.0,0.0,0.0,0.0,0.0
7420,0.0,0.0,0.0,0.0,0.0,0.0,0.0,0.0,0.0,0.0011,0.0,0.0,0.0,0.0,0.0,0.0,0.0,0.0,0.000371,0.0,0.0,0.0,0.0,0.0,0.0,0.0,0.005291,0.0,0.0,0.0,0.0,0.0,0.0,0.0,0.0,0.0,0.0,0.005291,0.0,0.0,0.0,0.0,0.0,0.0,0.002597,0.0,0.0,0.0,0.0,0.005291,0.0,0.0,0.0,0.0,0.0,0.001931,0.0,0.0,0.00065,0.0,0.0,0.0,0.0,0.0,0.0,0.0,0.0,0.010582,0.0,0.0,0.0,0.0,0.0,0.0,0.0,0.0,0.0,0.0,0.000401,0.0,0.0,0.0,0.0,0.0,0.004329,0.0,0.005208,0.0,0.005291,0.0,0.0,0.0,0.003017,0.004886,0.010582,0.0,0.0,0.0,0.0,0.0,0.0,0.003311,0.0,0.0,0.0,0.0,0.0,0.0,0.0,0.0,0.0,0.0,0.0,0.0,0.0,0.0,0.0,0.0,0.0,0.0,0.0,0.0,0.0,0.0,0.0,0.0,0.005291,0.0,0.0,0.0,0.0,0.0,0.0,0.0,0.0,0.0,0.0,0.0,0.0,0.0,0.0,0.0,0.0,0.0,0.0,0.0,0.0,0.0,0.0,0.0,0.0,0.0,0.0,0.0,0.0,0.0,0.0,0.0,0.0,0.0,0.0,0.0,0.0,0.0,0.0,0.0,0.0,0.0,0.0,0.0,0.0,0.0,0.0,0.005291,0.0,0.0,0.0,0.0,0.0,0.0,0.001664,0.0,0.0,0.0,0.0,0.005291,0.0,0.0,0.0,0.0,0.0,0.0,0.0,0.0,0.0,0.0,0.0,0.0,0.0,0.0,0.0,0.0,0.0,0.001182,0.0,0.0,0.0,0.0,0.0,0.0,0.000296,0.0,0.0,0.0,0.000593,0.000428,0.001176,0.002016,0.0,0.0,0.000413,0.0,0.0,0.000254,0.000489,0.00151,0.000518,0.000731,0.000631,0.000867,0.0,0.00047,0.001472,0.001504,0.0,0.0,0.0,0.000714,0.001369,0.0,0.003891,0.0,0.000514,0.001092,0.001684,0.0,0.0,0.0,0.0,0.0,0.001077,0.0,0.0,0.0,0.00079,0.000297,0.0,0.0,0.0,0.0,0.0,0.0,0.0,0.0,0.0,0.0,0.0,0.0,0.0,0.0,0.0,0.000367,0.0,0.0,0.001939,0.001127,0.0,0.000598,0.0,0.005291,0.010582,0.0,0.005291,0.0,0.0,0.0,0.005291,0.0,0.0,0.0,0.0,0.0,0.005031,0.0,0.0,0.005291,0.0,0.0,0.0,0.0,0.0,0.0,0.0,0.0,0.0,0.0,0.0,0.0,0.0,0.0,0.0,0.0,0.0,0.0,0.0,0.0,0.0,0.0,0.0,0.00086,0.0,0.000368,0.0,0.001338,0.001421,0.0,0.005291,0.005291,0.004211,0.0,0.006024,1.0,0.000932,0.0,0.005291,0.0,0.005291,0.002353,0.00149,0.0,0.0,0.0,0.0,0.0,0.0,0.005618,0.0,0.005,0.0,0.0,0.002451,0.0,0.004878,0.0,0.004454,0.0,0.004098,0.0,0.005102,0.0,0.003425,0.0,0.0,0.0,0.0,0.0,0.0,0.001587,0.0,0.005291,0.002246,0.004587,0.005291,0.003294,0.0,0.004608,0.00065,0.001062,0.005291,0.0,0.0,0.0,0.0,0.00339,0.002415,0.0,0.0,0.0,0.0,0.003717,0.0,0.0,0.0,0.0,0.0,0.0,0.0,0.0,0.0,0.0,0.0,0.0,0.0,0.0,0.0,0.0,0.004444,0.0,0.000428,0.0,0.000707,0.005291,0.0,0.0,0.0,0.0
7490,0.001864,0.003884,0.001398,0.001398,0.000777,0.000466,0.0,0.001087,0.0,0.007302,0.000311,0.0,0.000777,0.00233,0.006525,0.000466,0.000155,0.000932,0.013826,0.0,0.000155,0.003107,0.002175,0.000621,0.001864,0.000621,0.000466,0.000621,0.0,0.0,0.001709,0.000777,0.0,0.000466,0.000466,0.0,0.007768,0.000466,0.0,0.0,0.0,0.0,0.000155,0.0,0.000932,0.001087,0.0,0.0,0.000155,0.000621,0.0,0.001243,0.0,0.001554,0.000311,0.003418,0.000311,0.0,0.008389,0.000155,0.001554,0.0,0.001398,0.001864,0.000311,0.000155,0.000155,0.000621,0.002641,0.0,0.0,0.000155,0.000466,0.0,0.000311,0.0,0.0,0.000466,0.007302,0.0,0.0,0.0,0.000311,0.000155,0.001243,0.0,0.000311,0.0,0.000311,0.000155,0.0,0.000155,0.002486,0.002641,0.0,0.000155,0.000621,0.000155,0.0,0.000155,0.000466,0.003262,0.000155,0.0,0.000311,0.000155,0.000155,0.000155,0.000155,0.000311,0.000155,0.000932,0.0,0.001087,0.000155,0.000155,0.000155,0.0,0.000155,0.0,0.001398,0.000155,0.0,0.0,0.000155,0.000777,0.000311,0.000155,0.0,0.000155,0.000311,0.000155,0.000311,0.0,0.0,0.000155,0.000311,0.0,0.0,0.0,0.0,0.000311,0.0,0.000155,0.000155,0.000155,0.0,0.0,0.0,0.0,0.000155,0.0,0.001087,0.000155,0.0,0.0,0.0,0.000155,0.0,0.0,0.0,0.000155,0.000155,0.0,0.0,0.000311,0.0,0.0,0.000155,0.0,0.0,0.002175,0.000621,0.000155,0.0,0.000155,0.000155,0.000932,0.001243,0.001087,0.002175,0.000466,0.001243,0.0,0.0,0.000621,0.000621,0.0,0.000155,0.000466,0.000777,0.000932,0.000466,0.000466,0.0,0.000311,0.0,0.016312,0.003418,0.004195,0.000155,0.000155,0.000621,0.006059,0.001554,0.000466,0.000932,0.002175,0.001554,0.009943,0.013982,0.001554,0.005437,0.008855,0.018379,0.006369,0.022837,0.006059,0.001864,0.001398,0.01771,0.000311,0.000621,0.018332,0.009321,0.021128,0.020188,0.013826,0.017089,0.013205,0.000155,0.007612,0.013826,0.002952,0.000932,0.016312,0.000777,0.009632,0.011962,0.0,0.000932,0.001087,0.02206,0.034643,0.019264,0.000155,0.000466,0.000777,0.000466,0.00202,0.017865,0.0,0.0,0.021594,0.025357,0.021366,0.000155,0.000311,0.000311,0.0,0.000466,0.0,0.0,0.001398,0.000932,0.000155,0.0,0.000777,0.00435,0.001398,0.001243,0.014448,0.000155,0.000155,0.035945,0.00435,0.002641,0.005593,0.000311,0.000311,0.000311,0.000311,0.000621,0.0,0.0,0.0,0.000777,0.000777,0.000621,0.001554,0.001087,0.000155,0.004039,0.00233,0.001243,0.000777,0.001398,0.000311,0.0,0.000155,0.0,0.0,0.0,0.0,0.0,0.0,0.000311,0.0,0.0,0.0,0.0,0.000155,0.0,0.0,0.000155,0.000155,0.000155,0.000155,0.002796,0.027991,0.013826,0.018798,0.00233,0.014448,0.034333,0.001087,0.003728,0.002641,0.00901,0.000932,0.00202,0.000932,1.0,0.002952,0.000466,0.0,0.000155,0.001709,0.008389,0.0,0.0,0.000777,0.0,0.000466,0.000777,0.001864,0.001709,0.001864,0.000155,0.000311,0.002796,0.004039,0.001709,0.00202,0.003107,0.000155,0.006214,0.000621,0.001243,0.000155,0.000777,0.000466,0.000777,0.0,0.000155,0.000155,0.0,0.007768,0.003262,0.001398,0.017555,0.001864,0.000621,0.020506,0.000311,0.002175,0.029672,0.031536,0.000777,0.000311,0.000311,0.0,0.0,0.002175,0.004971,0.0,0.000155,0.0,0.001243,0.005903,0.0,0.001398,0.000311,0.001554,0.0,0.000777,0.0,0.000155,0.0,0.000466,0.005903,0.001398,0.000932,0.001709,0.0,0.000621,0.001087,0.002796,0.010098,0.000777,0.024832,0.000155,0.000777,0.0,0.000155,0.0
7500,0.003226,0.0,0.0,0.0,0.0,0.0,0.0,0.003226,0.0,0.0011,0.0,0.0,0.0,0.004815,0.00187,0.0,0.0,0.003226,0.004453,0.0,0.0,0.007849,0.006645,0.003226,0.00369,0.0,0.012903,0.003226,0.0,0.0,0.003226,0.0,0.0,0.0,0.0,0.0,0.000792,0.003226,0.0,0.0,0.0,0.0,0.0,0.0,0.0,0.0,0.0,0.0,0.0,0.0,0.0,0.009926,0.0,0.0,0.0,0.0,0.0,0.0,0.0,0.0,0.003226,0.0,0.003226,0.004762,0.009677,0.0,0.0,0.0,0.0,0.0,0.0,0.0,0.0,0.0,0.0,0.0,0.0,0.0,0.000401,0.0,0.0,0.0,0.0,0.0,0.0,0.0,0.0,0.0,0.0,0.0,0.0,0.0,0.0,0.0,0.0,0.0,0.0,0.003226,0.0,0.0,0.0,0.0,0.0,0.0,0.0,0.0,0.0,0.0,0.0,0.0,0.0,0.0,0.0,0.0,0.0,0.0,0.0,0.0,0.0,0.0,0.0,0.0,0.0,0.0,0.0,0.0,0.0,0.0,0.0,0.0,0.0,0.0,0.0,0.0,0.0,0.0,0.0,0.0,0.0,0.0,0.0,0.0,0.0,0.0,0.0,0.0,0.0,0.0,0.0,0.0,0.0,0.0,0.0,0.0,0.0,0.0,0.0,0.0,0.0,0.0,0.0,0.0,0.0,0.0,0.0,0.003226,0.0,0.0,0.0,0.0,0.0,0.0,0.0,0.0,0.0,0.0,0.0,0.0,0.0,0.0,0.0,0.0,0.0,0.0,0.0,0.0,0.0,0.0,0.0,0.0,0.0,0.0,0.0,0.0,0.0,0.0,0.0,0.000498,0.0,0.0,0.0,0.0,0.0,0.0,0.0,0.0,0.0,0.0,0.0,0.0,0.000296,0.0,0.001,0.003378,0.001927,0.001284,0.005487,0.0,0.0,0.0,0.000825,0.0,0.0,0.0,0.001956,0.001699,0.000518,0.003655,0.000946,0.000578,0.0,0.00047,0.000368,0.001504,0.002174,0.0,0.0,0.001784,0.000456,0.0,0.0,0.003226,0.000685,0.015072,0.007938,0.0,0.0,0.0,0.0,0.0,0.001077,0.0,0.0,0.000733,0.000718,0.000346,0.0,0.0,0.0,0.0,0.0,0.0,0.0,0.004525,0.003953,0.0,0.0,0.0,0.0,0.003436,0.0,0.001834,0.0,0.0,0.000646,0.0,0.0,0.0,0.006452,0.0,0.0,0.0,0.0,0.0,0.0,0.0,0.0,0.0,0.0,0.0,0.0,0.0,0.0,0.0,0.003226,0.003226,0.0,0.0,0.0,0.0,0.0,0.0,0.0,0.0,0.0,0.0,0.0,0.0,0.0,0.0,0.0,0.0,0.0,0.0,0.0,0.0,0.0,0.0,0.001929,0.001095,0.0,0.000368,0.000794,0.001338,0.0,0.003226,0.003226,0.0,0.000702,0.0,0.0,0.0,0.002952,1.0,0.0,0.0,0.0,0.0,0.000372,0.0,0.0,0.0,0.0,0.0,0.003226,0.0,0.0,0.0,0.0,0.0,0.004902,0.004175,0.0,0.0,0.0,0.0,0.0,0.0,0.0,0.0,0.003226,0.006452,0.0,0.0,0.003226,0.0,0.003226,0.0,0.0,0.0,0.003743,0.0,0.0,0.004235,0.0,0.002304,0.001951,0.002654,0.0,0.0,0.003226,0.0,0.0,0.0,0.003623,0.0,0.0,0.0,0.0,0.002788,0.0,0.0,0.0,0.0,0.003226,0.0,0.003226,0.0,0.0,0.0,0.0,0.0,0.0,0.0,0.0,0.0,0.0,0.0,0.00214,0.0,0.0038,0.0,0.0,0.0,0.0,0.0
7710,0.0,0.001043,0.002551,0.0,0.0,0.0,0.0,0.0,0.0,0.0,0.0,0.0,0.0,0.001605,0.0,0.0,0.0,0.0,0.0,0.0,0.0,0.0,0.0,0.0,0.001845,0.0,0.0,0.0,0.0,0.0,0.0,0.0,0.0,0.0,0.0,0.0,0.000792,0.0,0.0,0.0,0.0,0.0,0.0,0.0,0.0,0.0,0.0,0.0,0.0,0.00625,0.0,0.0,0.0,0.0,0.0,0.0,0.0,0.0,0.0,0.0,0.0,0.0,0.0,0.002381,0.0,0.0,0.0,0.0,0.0,0.0,0.0,0.0,0.0,0.0,0.0,0.0,0.0,0.0,0.000401,0.0,0.0,0.0,0.0,0.0,0.0,0.0,0.002604,0.0,0.0,0.0,0.0,0.0,0.0,0.001629,0.0,0.0,0.0,0.0,0.0,0.0,0.0,0.0,0.0,0.0,0.0,0.0,0.0,0.0,0.0,0.0,0.0,0.0,0.0,0.0,0.0,0.0,0.0,0.0,0.0,0.0,0.001529,0.0,0.0,0.0,0.0,0.0,0.0,0.0,0.0,0.0,0.0,0.0,0.0,0.0,0.0,0.0,0.0,0.0,0.0,0.0,0.0,0.0,0.0,0.0,0.0,0.0,0.0,0.0,0.0,0.0,0.0,0.0,0.0,0.00625,0.0,0.0,0.0,0.0,0.0,0.0,0.00625,0.0,0.00625,0.0,0.0,0.0,0.0,0.0,0.0,0.0,0.0,0.0,0.00625,0.0,0.0,0.0,0.0,0.0,0.0,0.0,0.0,0.0,0.0,0.0,0.0,0.00625,0.0,0.0,0.0,0.0,0.0,0.0,0.0,0.0,0.0,0.0,0.0,0.000498,0.0,0.0,0.0,0.0,0.005682,0.001182,0.0,0.00625,0.001701,0.001721,0.007752,0.003175,0.003852,0.001965,0.001,0.000422,0.000148,0.000428,0.000196,0.002016,0.001919,0.0,0.000825,0.002874,0.0,0.000509,0.000489,0.001133,0.000518,0.0,0.000315,0.000289,0.0,0.002351,0.001104,0.001504,0.0,0.000468,0.0,0.0,0.000912,0.0,0.0,0.004695,0.000514,0.000874,0.000241,0.0,0.0,0.0,0.0,0.0,0.001077,0.0,0.0,0.000733,0.000862,0.001187,0.0,0.0,0.0,0.0,0.0,0.0,0.0,0.0,0.0,0.0,0.0,0.0,0.0,0.006873,0.0,0.001101,0.0,0.0,0.000485,0.001127,0.0,0.0,0.0,0.0,0.0,0.0,0.0,0.0,0.0,0.0,0.0,0.0,0.0,0.0,0.0,0.00625,0.002516,0.0,0.0,0.0,0.0,0.0,0.0,0.0,0.0,0.0,0.0,0.0,0.0,0.0,0.0,0.0,0.0,0.0,0.0,0.0,0.0,0.0,0.0,0.0,0.0,0.00625,0.001929,0.000704,0.000776,0.000735,0.001587,0.000892,0.001421,0.0,0.0,0.0,0.0,0.0,0.0,0.005291,0.000466,0.0,1.0,0.0,0.0,0.0,0.004469,0.0,0.0,0.0,0.0,0.003497,0.003472,0.008427,0.0,0.005,0.0,0.0,0.0,0.0,0.0,0.002037,0.0,0.0,0.00082,0.0,0.0,0.0,0.0,0.0,0.00625,0.0,0.0,0.0,0.0,0.0,0.0,0.0,0.0,0.0,0.0,0.000941,0.0,0.0,0.0,0.0,0.0,0.0,0.0,0.0,0.0,0.0,0.0,0.0,0.0,0.0,0.002967,0.001859,0.0,0.0,0.0,0.0,0.0,0.0,0.0,0.0,0.0,0.0,0.00129,0.0,0.0,0.0,0.0,0.0,0.004444,0.0,0.0,0.0,0.000972,0.0,0.0,0.0,0.00625,0.0
7721,0.0,0.001043,0.0,0.0,0.0,0.0,0.0,0.0,0.0,0.0,0.0,0.0,0.0,0.0,0.0,0.0,0.0,0.0,0.0,0.0,0.0,0.0,0.0,0.0,0.0,0.0,0.0,0.0,0.0,0.0,0.0,0.0,0.0,0.0,0.00369,0.0,0.0,0.0,0.0,0.0,0.0,0.0,0.0,0.0,0.002597,0.0,0.0,0.0,0.0,0.0,0.0,0.0,0.0,0.0,0.0,0.0,0.0,0.0,0.0,0.0,0.0,0.0,0.0,0.0,0.0,0.0,0.0,0.0,0.0,0.0,0.0,0.0,0.0,0.0,0.0,0.0,0.0,0.0,0.000401,0.0,0.0,0.0,0.0,0.002882,0.0,0.0,0.0,0.0,0.0,0.0,0.0,0.0,0.0,0.0,0.0,0.0,0.0,0.0,0.0,0.0,0.0,0.0,0.0,0.0,0.0,0.0,0.0,0.0,0.0,0.0,0.0,0.0,0.0,0.003195,0.0,0.0,0.0,0.0,0.0,0.0,0.0,0.0,0.0,0.0,0.0,0.0,0.0,0.0,0.0,0.0,0.0,0.0,0.0,0.0,0.0,0.0,0.0,0.0,0.0,0.0,0.0,0.0,0.0,0.0,0.0,0.0,0.0,0.0,0.0,0.0,0.0,0.0,0.0,0.0,0.0,0.0,0.0,0.0,0.0,0.0,0.0,0.0,0.0,0.0,0.018182,0.0,0.0,0.0,0.0,0.0,0.0,0.0,0.0,0.0,0.0,0.0,0.0,0.0,0.0,0.0,0.0,0.0,0.0,0.0,0.0,0.0,0.0,0.0,0.0,0.0,0.0,0.0,0.0,0.0,0.0,0.0,0.0,0.0,0.0,0.001946,0.0,0.0,0.0,0.0,0.0,0.0,0.0,0.0,0.0,0.000265,0.0,0.000982,0.001,0.0,0.000148,0.000428,0.000588,0.0,0.0,0.0,0.0,0.0,0.0,0.0,0.000489,0.000378,0.000104,0.000365,0.0,0.000289,0.0,0.0,0.0,0.0,0.002174,0.000234,0.0,0.000714,0.000456,0.0,0.007782,0.0,0.000514,0.000437,0.000481,0.0,0.009174,0.0,0.012658,0.0,0.000539,0.0,0.0,0.0,0.000144,9.9e-05,0.0,0.027778,0.0,0.018182,0.0,0.0,0.0,0.0,0.0,0.0,0.0,0.0,0.0,0.0,0.0,0.000734,0.0,0.0,0.000323,0.0,0.0,0.000598,0.0,0.0,0.0,0.0,0.0,0.0,0.0,0.0,0.0,0.0,0.0,0.0,0.0,0.0,0.0,0.0,0.0,0.0,0.0,0.0,0.0,0.0,0.0,0.0,0.0,0.0,0.0,0.0,0.0,0.0,0.0,0.0,0.0,0.0,0.0,0.0,0.0,0.0,0.0,0.0,0.000964,0.000313,0.0,0.0,0.0,0.000446,0.0,0.0,0.0,0.0,0.000702,0.0,0.0,0.0,0.0,0.0,0.0,1.0,0.0,0.007059,0.0,0.0,0.0,0.011364,0.0,0.006993,0.006944,0.002809,0.0,0.0,0.0,0.0,0.0,0.0,0.0,0.0,0.0,0.0,0.00082,0.0,0.0,0.0,0.0,0.0,0.007692,0.0,0.0,0.0,0.0,0.0,0.0,0.0,0.0,0.004587,0.0,0.0,0.0,0.0,0.000325,0.0,0.0,0.0,0.0,0.0,0.01087,0.00339,0.002415,0.0,0.0,0.0,0.0,0.001859,0.0,0.003257,0.0,0.0,0.0,0.0,0.0,0.0,0.0,0.0,0.0,0.0,0.0,0.0,0.0,0.0,0.004444,0.0,0.0,0.0,8.8e-05,0.0,0.0,0.0,0.0,0.0
7722,0.0,0.0,0.0,0.0,0.0,0.0,0.0,0.0,0.0,0.0022,0.0,0.0,0.0,0.0,0.000623,0.0,0.0,0.0,0.0,0.0,0.0,0.0,0.0,0.0,0.0,0.0,0.0,0.0,0.0,0.0,0.0,0.0,0.0,0.0,0.0,0.0,0.0,0.00625,0.0,0.0,0.0,0.0,0.0,0.0,0.0,0.0,0.0,0.0,0.0,0.0,0.0,0.0,0.0,0.002375,0.0,0.0,0.0,0.0,0.0,0.0,0.0,0.0,0.0,0.002381,0.0,0.0,0.0,0.0,0.0,0.0,0.0,0.0,0.0,0.0,0.0,0.0,0.0,0.0,0.000401,0.0,0.0,0.0,0.0,0.0,0.0,0.0,0.0,0.0,0.0,0.0,0.0,0.0,0.0,0.0,0.0,0.0,0.0,0.0,0.0,0.0,0.0,0.003311,0.0,0.0,0.0,0.0,0.0,0.0,0.0,0.0,0.0,0.0,0.0,0.0,0.0,0.0,0.0,0.0,0.0,0.0,0.0,0.0,0.0,0.0,0.0,0.002604,0.0,0.0,0.0,0.0,0.0,0.0,0.0,0.0,0.0,0.0,0.0,0.0,0.0,0.0,0.0,0.0,0.0,0.0,0.0,0.0,0.0,0.0,0.0,0.0,0.0,0.0,0.0,0.0,0.0,0.0,0.0,0.0,0.0,0.0,0.0,0.0,0.0,0.0,0.0,0.0,0.0,0.0,0.0,0.0,0.0,0.0,0.0,0.0,0.0,0.0,0.0,0.006667,0.0,0.0,0.001664,0.0,0.0,0.0,0.0,0.0,0.0,0.0,0.0,0.0,0.0,0.0,0.0,0.0,0.0,0.0,0.0,0.000996,0.0,0.0,0.0,0.0,0.0,0.0,0.0,0.0,0.0,0.0,0.0,0.001058,0.0,0.0,0.0,0.000422,0.000445,0.000428,0.000392,0.001008,0.003839,0.0,0.000413,0.0,0.0,0.000763,0.000489,0.000189,0.000621,0.000365,0.000315,0.000578,0.0,0.0,0.000368,0.0,0.0,0.000234,0.0,0.0,0.000912,0.0,0.0,0.0,0.000685,0.0,0.000722,0.0,0.0,0.0,0.0,0.0,0.000539,0.0,0.0,0.000183,0.000503,0.000692,0.0,0.0,0.0,0.0,0.0,0.0,0.0,0.0,0.0,0.0,0.0,0.0,0.000944,0.0,0.0,0.000734,0.0,0.0,0.000485,0.0,0.0,0.000598,0.0,0.0,0.0,0.0,0.007194,0.0,0.0,0.0,0.0,0.0,0.0,0.0,0.0,0.0,0.003774,0.0,0.0,0.0,0.0,0.0,0.0,0.0,0.0,0.0,0.0,0.0,0.0,0.0,0.0,0.0,0.0,0.0,0.0,0.0,0.0,0.0,0.0,0.0,0.0,0.0,0.0,0.000469,0.0,0.000368,0.002381,0.0,0.000355,0.0,0.0,0.0,0.0,0.0,0.0,0.005291,0.000155,0.0,0.0,0.0,1.0,0.004706,0.001117,0.0,0.0,0.0,0.0,0.0,0.0,0.002809,0.0,0.0,0.0,0.0,0.0,0.0,0.0,0.0,0.0,0.0,0.002459,0.0,0.0,0.0,0.0,0.0,0.0,0.0,0.0,0.0,0.0,0.0,0.0,0.0,0.0,0.0,0.0,0.0,0.0,0.0,0.0,0.0,0.0,0.0,0.0,0.0,0.0,0.0,0.001208,0.0,0.0,0.0,0.0,0.000929,0.0,0.0,0.0,0.007485,0.0,0.0,0.0,0.0,0.0,0.0,0.002581,0.0,0.010101,0.0,0.0,0.010101,0.0,0.0,0.0,0.0,0.000265,0.0,0.0,0.0,0.0,0.0
7729,0.0,0.001043,0.0,0.0,0.0,0.0,0.0,0.002353,0.0,0.00055,0.0,0.0,0.004706,0.0,0.000623,0.0,0.0,0.0,0.000371,0.0,0.0,0.0,0.001661,0.0,0.0,0.0,0.0,0.0,0.0,0.0,0.002353,0.0,0.0,0.0,0.0,0.0,0.001584,0.0,0.0,0.0,0.0,0.002353,0.0,0.0,0.0,0.0,0.0,0.0,0.0,0.0,0.0,0.0,0.0,0.004706,0.0,0.005792,0.0,0.0,0.0,0.002353,0.0,0.0,0.0,0.002353,0.0,0.0,0.0,0.0,0.002353,0.0,0.0,0.0,0.0,0.0,0.0,0.0,0.0,0.0,0.00401,0.0,0.0,0.0,0.002353,0.0,0.0,0.0,0.004706,0.0,0.002353,0.0,0.0,0.0,0.003017,0.003257,0.0,0.002353,0.0,0.0,0.0,0.0,0.0,0.0,0.0,0.0,0.002353,0.0,0.0,0.0,0.0,0.0,0.0,0.0,0.0,0.0,0.0,0.0,0.0,0.0,0.0,0.0,0.001529,0.0,0.0,0.0,0.0,0.0,0.0,0.0,0.002353,0.0,0.0,0.0,0.0,0.0,0.0,0.0,0.0,0.0,0.0,0.0,0.0,0.002353,0.0,0.0,0.0,0.0,0.002353,0.0,0.0,0.0,0.0,0.0,0.0,0.0,0.002353,0.0,0.002353,0.0,0.0,0.0,0.0,0.002353,0.0,0.0,0.0,0.0,0.0,0.0,0.0,0.0,0.0,0.000998,0.0,0.0,0.002353,0.0,0.0,0.004706,0.0,0.0,0.003328,0.0,0.0,0.0,0.0,0.0,0.0,0.0,0.0,0.0,0.0,0.002353,0.0,0.0,0.0,0.0,0.0,0.000996,0.0,0.0,0.0,0.0,0.0,0.001182,0.002353,0.0,0.006803,0.005164,0.00155,0.001588,0.001185,0.0,0.002,0.000422,0.001779,0.003423,0.002548,0.003024,0.003839,0.002353,0.002476,0.0,0.0,0.00229,0.000978,0.001888,0.001864,0.001827,0.001419,0.001734,0.0,0.001881,0.002944,0.001504,0.0,0.001873,0.0,0.001784,0.002281,0.0,0.0,0.002353,0.003424,0.001311,0.001684,0.0,0.004706,0.0,0.002353,0.0,0.000808,0.0,0.0,0.001099,0.002155,0.001781,0.0,0.0,0.0,0.0,0.0,0.002353,0.0,0.003017,0.0,0.0,0.0,0.0,0.0,0.001718,0.002353,0.001834,0.0,0.002353,0.003635,0.00451,0.015686,0.004187,0.0,0.0,0.0,0.0,0.0,0.0,0.0,0.0,0.002353,0.004706,0.0,0.002353,0.0,0.0,0.002516,0.002353,0.002353,0.0,0.002353,0.0,0.0,0.0,0.0,0.0,0.0,0.0,0.0,0.0,0.0,0.0,0.0,0.0,0.0,0.0,0.0,0.0,0.0,0.0,0.0,0.0,0.001929,0.001876,0.0,0.002206,0.0,0.003122,0.001777,0.0,0.0,0.0,0.005614,0.002353,0.004706,0.002353,0.001709,0.0,0.0,0.007059,0.004706,1.0,0.003352,0.0,0.0,0.0,0.0,0.002353,0.0,0.002353,0.0,0.0,0.0,0.0,0.002353,0.004175,0.0,0.00611,0.002227,0.002353,0.012295,0.0,0.002353,0.0,0.002353,0.0,0.0,0.0,0.0,0.0,0.0,0.003175,0.002353,0.002353,0.000749,0.002353,0.004706,0.003765,0.004706,0.006912,0.001625,0.001592,0.0,0.0,0.0,0.0,0.0,0.0,0.007246,0.0,0.0,0.0,0.0,0.008364,0.002353,0.0,0.011765,0.010479,0.0,0.0,0.002353,0.0,0.0,0.0,0.00129,0.002353,0.0,0.002353,0.0,0.0,0.0,0.001767,0.001712,0.002353,0.002386,0.0,0.0,0.0,0.0,0.0
7730,0.0,0.009683,0.003352,0.002235,0.002607,0.0,0.0,0.0,0.000372,0.008566,0.000372,0.0,0.002607,0.00298,0.009311,0.0,0.0,0.00149,0.017069,0.000372,0.0,0.003352,0.002235,0.000372,0.001862,0.001117,0.000745,0.001117,0.0,0.0,0.002235,0.001117,0.0,0.0,0.0,0.0,0.021601,0.001862,0.0,0.0,0.0,0.0,0.000372,0.0,0.020484,0.011546,0.000745,0.0,0.0,0.000745,0.0,0.001117,0.001117,0.001117,0.000372,0.0,0.001117,0.0,0.003724,0.000372,0.000745,0.0,0.001117,0.0,0.0,0.0,0.0,0.000745,0.003352,0.0,0.0,0.0,0.000745,0.0,0.002235,0.0,0.0,0.000372,0.005959,0.0,0.0,0.0,0.0,0.0,0.000372,0.0,0.001117,0.0,0.000372,0.0,0.0,0.000372,0.004469,0.004097,0.0,0.000745,0.000372,0.0,0.0,0.000372,0.0,0.000372,0.000745,0.0,0.0,0.0,0.0,0.000745,0.000372,0.000745,0.000372,0.0,0.0,0.004097,0.000372,0.0,0.0,0.001117,0.000745,0.0,0.00298,0.00149,0.0,0.0,0.0,0.004469,0.000372,0.000372,0.0,0.000372,0.0,0.000745,0.000372,0.0,0.000372,0.0,0.000372,0.0,0.0,0.0,0.0,0.0,0.0,0.0,0.000372,0.0,0.000745,0.0,0.0,0.0,0.0,0.0,0.00149,0.000745,0.000372,0.0,0.001862,0.0,0.0,0.000745,0.0,0.001117,0.0,0.001117,0.000372,0.0,0.000372,0.0,0.0,0.000372,0.0,0.00298,0.0,0.000372,0.0,0.0,0.000372,0.000745,0.000745,0.00149,0.004842,0.000372,0.001117,0.000372,0.0,0.001117,0.001117,0.000372,0.001117,0.000745,0.000745,0.0,0.0,0.0,0.0,0.0,0.0,0.021974,0.012663,0.009311,0.002235,0.000745,0.005587,0.006331,0.000372,0.000745,0.002607,0.012291,0.004469,0.011908,0.013037,0.002235,0.004097,0.010428,0.008893,0.007076,0.008622,0.004842,0.004097,0.003724,0.023836,0.002607,0.005959,0.03257,0.009311,0.009817,0.008386,0.00402,0.005677,0.006934,0.0,0.012291,0.022819,0.00149,0.000372,0.019663,0.001117,0.008208,0.01825,0.0,0.000372,0.000372,0.00565,0.008301,0.010344,0.000745,0.0,0.001117,0.000372,0.000372,0.013197,0.0,0.0,0.009341,0.007974,0.037242,0.000372,0.0,0.002235,0.000372,0.00149,0.0,0.000372,0.005214,0.004097,0.0,0.0,0.00149,0.004469,0.001862,0.000372,0.020543,0.000745,0.0,0.007835,0.002607,0.000745,0.005959,0.000745,0.0,0.0,0.000372,0.000372,0.0,0.0,0.000372,0.000745,0.000745,0.000745,0.004469,0.000745,0.001862,0.008194,0.00149,0.001862,0.000745,0.000372,0.0,0.0,0.0,0.0,0.0,0.000372,0.0,0.0,0.0,0.000372,0.0,0.0,0.0,0.0,0.0,0.0,0.0,0.0,0.0,0.000745,0.0,0.010428,0.013761,0.004097,0.009926,0.000745,0.014153,0.034826,0.001117,0.000372,0.0,0.005959,0.0,0.000745,0.00149,0.008389,0.000372,0.004469,0.0,0.001117,0.003352,1.0,0.000372,0.0,0.001117,0.0,0.000372,0.001117,0.001117,0.00149,0.000745,0.0,0.0,0.001862,0.001862,0.001117,0.001862,0.006331,0.0,0.005587,0.000745,0.000745,0.0,0.002607,0.001117,0.00149,0.0,0.0,0.0,0.0,0.001117,0.00149,0.000372,0.003352,0.000372,0.0,0.007821,0.0,0.0,0.004226,0.003352,0.0,0.0,0.0,0.000372,0.000372,0.002235,0.001862,0.000372,0.0,0.0,0.000745,0.005214,0.0,0.001862,0.00149,0.002607,0.000372,0.002607,0.0,0.000745,0.0,0.0,0.009683,0.003352,0.0,0.002607,0.0,0.000372,0.0,0.001117,0.006331,0.000372,0.009544,0.0,0.0,0.0,0.0,0.0
7740,0.0,0.0,0.0,0.0,0.0,0.0,0.0,0.0,0.0,0.0,0.0,0.0,0.0,0.0,0.0,0.0,0.0,0.0,0.0,0.0,0.0,0.0,0.0,0.0,0.0,0.0,0.0,0.0,0.0,0.0,0.0,0.0,0.0,0.0,0.0,0.0,0.0,0.0,0.0,0.0,0.0,0.0,0.0,0.0,0.0,0.0,0.0,0.0,0.0,0.0,0.0,0.0,0.0,0.002375,0.0,0.0,0.0,0.0,0.0,0.0,0.0,0.0,0.0,0.002381,0.0,0.0,0.0,0.0,0.0,0.0,0.0,0.0,0.0,0.0,0.0,0.0,0.0,0.0,0.0,0.0,0.0,0.0,0.0,0.0,0.0,0.0,0.0,0.0,0.0,0.0,0.0,0.0,0.0,0.0,0.0,0.0,0.0,0.0,0.0,0.0,0.0,0.0,0.0,0.0,0.010309,0.0,0.0,0.0,0.0,0.0,0.0,0.0,0.0,0.0,0.0,0.0,0.0,0.0,0.0,0.0,0.0,0.0,0.0,0.0,0.0,0.0,0.0,0.0,0.0,0.0,0.0,0.0,0.0,0.0,0.0,0.0,0.0,0.0,0.0,0.0,0.0,0.0,0.0,0.0,0.0,0.0,0.0,0.0,0.0,0.0,0.0,0.0,0.0,0.0,0.02439,0.0,0.0,0.0,0.0,0.0,0.0,0.0,0.0,0.0,0.0,0.0,0.0,0.0,0.0,0.0,0.0,0.0,0.0,0.0,0.0,0.0,0.0,0.0,0.0,0.0,0.0,0.0,0.0,0.0,0.0,0.0,0.0,0.0,0.0,0.0,0.0,0.0,0.0,0.0,0.0,0.0,0.0,0.0,0.0,0.0,0.0,0.0,0.005682,0.0,0.0,0.0,0.001701,0.0,0.0,0.0,0.0,0.0,0.0,0.000422,0.000445,0.0,0.001176,0.001008,0.0,0.003175,0.0,0.0,0.0,0.0,0.000489,0.000378,0.0,0.0,0.000158,0.000578,0.0,0.0,0.000368,0.0,0.0,0.0,0.0,0.000357,0.000456,0.0,0.0,0.0,0.000171,0.000437,0.000241,0.0,0.0,0.0,0.0,0.002941,0.0,0.0,0.0,0.0,0.0,4.9e-05,0.0,0.0,0.0,0.0,0.0,0.0,0.0,0.003017,0.0,0.0,0.0,0.0,0.0,0.0,0.0,0.0,0.0,0.0,0.000969,0.0,0.0,0.000598,0.0,0.0,0.0,0.0,0.0,0.0,0.0,0.0,0.0,0.0,0.0,0.0,0.0,0.0,0.001258,0.0,0.0,0.0,0.0,0.0,0.0,0.0,0.0,0.0,0.0,0.0,0.0,0.0,0.0,0.0,0.0,0.0,0.0,0.0,0.0,0.0,0.0,0.0,0.0,0.0,0.001929,0.0,0.0,0.0,0.0,0.001338,0.000355,0.0,0.0,0.0,0.0,0.0,0.0,0.0,0.0,0.0,0.0,0.0,0.0,0.0,0.000372,1.0,0.0,0.0,0.0,0.0,0.0,0.0,0.0,0.005,0.0,0.0,0.0,0.0,0.0,0.0,0.002227,0.0,0.00082,0.0,0.005102,0.0,0.0,0.0,0.007692,0.0,0.0,0.0,0.0,0.0,0.0,0.0,0.0,0.0,0.0,0.000471,0.0,0.0,0.000325,0.0,0.0,0.0,0.0,0.0,0.0,0.0,0.001208,0.0,0.0,0.0,0.0,0.0,0.0,0.0,0.0,0.0,0.0,0.0,0.0,0.0,0.0,0.0,0.0,0.0,0.0,0.0,0.0,0.0,0.0,0.0,0.000428,0.0,0.000177,0.0,0.0,0.0,0.0,0.0
7810,0.0,0.0,0.0,0.0,0.0,0.0,0.0,0.0,0.0,0.0,0.0,0.0,0.0,0.0,0.0,0.0,0.0,0.0,0.0,0.0,0.0,0.0,0.0,0.0,0.0,0.0,0.0,0.0,0.0,0.0,0.0,0.0,0.0,0.0,0.0,0.0,0.0,0.0,0.0,0.0,0.0,0.0,0.0,0.0,0.0,0.0,0.0,0.0,0.0,0.0,0.0,0.0,0.0,0.0,0.0,0.0,0.0,0.0,0.0,0.0,0.0,0.0,0.0,0.0,0.0,0.0,0.0,0.0,0.0,0.0,0.0,0.0,0.0,0.0,0.0,0.0,0.0,0.0,0.0,0.0,0.0,0.0,0.0,0.0,0.0,0.0,0.0,0.0,0.0,0.0,0.0,0.0,0.0,0.0,0.0,0.0,0.0,0.0,0.0,0.0,0.0,0.0,0.0,0.0,0.0,0.0,0.0,0.0,0.0,0.0,0.0,0.0,0.0,0.0,0.0,0.0,0.0,0.0,0.0,0.0,0.0,0.0,0.0,0.0,0.0,0.0,0.0,0.0,0.0,0.0,0.0,0.0,0.0,0.0,0.0,0.0,0.0,0.0,0.0,0.0,0.0,0.0,0.0,0.0,0.0,0.0,0.0,0.0,0.0,0.0,0.0,0.0,0.0,0.0,0.0,0.0,0.0,0.0,0.0,0.0,0.0,0.0,0.0,0.0,0.0,0.0,0.0,0.0,0.0,0.0,0.0,0.0,0.0,0.0,0.0,0.0,0.0,0.0,0.0,0.0,0.0,0.0,0.0,0.0,0.0,0.0,0.0,0.0,0.0,0.0,0.0,0.0,0.0,0.0,0.0,0.0,0.0,0.0,0.0,0.0,0.0,0.0,0.0,0.0,0.0,0.0,0.0,0.0,0.0,0.0,0.0,0.0,0.0,0.000422,0.000148,0.0,0.000196,0.0,0.0,0.0,0.0,0.0,0.0,0.0,0.0,0.0,0.0,0.0,0.0,0.0,0.0,0.0,0.0,0.0,0.0,0.0,0.0,0.0,0.000456,0.0,0.0,0.0,0.0,0.000218,0.0,0.0,0.0,0.0,0.0,0.0,0.0,0.0,0.0,0.0,7.2e-05,0.0,0.0,0.0,0.0,0.0,0.0,0.0,0.0,0.0,0.0,0.0,0.0,0.0,0.0,0.0,0.0,0.0,0.0,0.0,0.0,0.0,0.001961,0.000598,0.0,0.0,0.0,0.0,0.0,0.0,0.0,0.047619,0.0,0.0,0.0,0.0,0.003521,0.0,0.0,0.003115,0.0,0.0,0.0,0.0,0.0,0.0,0.0,0.0,0.0,0.0,0.0,0.0,0.0,0.0,0.0,0.0,0.0,0.0,0.0,0.0,0.010753,0.0,0.0,0.025,0.000964,7.8e-05,0.000776,0.000735,0.0,0.0,0.0,0.0,0.0,0.0,0.000702,0.0,0.0,0.0,0.0,0.0,0.0,0.0,0.0,0.0,0.0,0.0,1.0,0.011364,0.0,0.0,0.0,0.0,0.006579,0.0,0.0,0.015152,0.0,0.002088,0.0,0.002037,0.0,0.0,0.0,0.006849,0.0,0.0,0.0,0.0,0.0,0.0,0.0,0.0,0.0,0.0,0.0,0.0,0.0,0.0,0.0,0.000471,0.0,0.0,0.000325,0.0,0.0,0.0,0.0,0.0,0.0,0.0,0.0,0.0,0.0,0.0,0.0,0.0,0.0,0.0,0.0,0.0,0.0,0.0,0.0,0.0,0.0,0.0,0.0,0.0,0.0,0.0,0.0,0.0,0.0,0.0,0.0,0.0,0.0,0.0,0.0,0.0,0.0,0.0
7820,0.0,0.001043,0.0,0.0,0.0,0.0,0.0,0.0,0.0,0.0,0.0,0.0,0.0,0.0,0.0,0.0,0.0,0.0,0.001113,0.0,0.0,0.0,0.0,0.0,0.0,0.0,0.0,0.0,0.0,0.0,0.0,0.0,0.0,0.0,0.0,0.0,0.000792,0.0,0.0,0.0,0.0,0.0,0.0,0.0,0.0,0.0,0.0,0.0,0.0,0.0,0.0,0.0,0.0,0.0,0.0,0.0,0.0,0.0,0.0,0.0,0.0,0.011364,0.0,0.0,0.0,0.0,0.0,0.0,0.002525,0.0,0.0,0.0,0.0,0.0,0.0,0.0,0.0,0.0,0.0,0.0,0.0,0.0,0.0,0.0,0.0,0.0,0.0,0.0,0.0,0.011364,0.0,0.0,0.0,0.0,0.0,0.0,0.0,0.0,0.0,0.0,0.0,0.0,0.0,0.0,0.0,0.0,0.0,0.0,0.0,0.0,0.0,0.0,0.0,0.003195,0.0,0.0,0.0,0.0,0.0,0.0,0.0,0.011364,0.0,0.0,0.0,0.0,0.0,0.0,0.0,0.0,0.0,0.0,0.0,0.0,0.0,0.0,0.0,0.0,0.0,0.0,0.0,0.0,0.0,0.0,0.0,0.0,0.0,0.0,0.0,0.0,0.0,0.0,0.0,0.0,0.0,0.0,0.0,0.0,0.0,0.0,0.0,0.0,0.0,0.0,0.0,0.0,0.0,0.0,0.0,0.0,0.0,0.0,0.0,0.0,0.0,0.0,0.0,0.0,0.0,0.0,0.001664,0.0,0.0,0.0,0.0,0.0,0.0,0.0,0.0,0.0,0.0,0.0,0.0,0.0,0.0,0.0,0.0,0.003984,0.002123,0.001946,0.0,0.0,0.0,0.001182,0.0,0.0,0.001701,0.0,0.0,0.000265,0.000296,0.0,0.0,0.000422,0.0,0.000428,0.000392,0.0,0.0,0.0,0.0,0.0,0.0,0.001018,0.000489,0.0,0.000207,0.0,0.0,0.000289,0.0,0.0,0.000368,0.0,0.0,0.000936,0.0,0.0,0.0,0.0,0.0,0.0,0.0,0.0,0.000722,0.0,0.0,0.0,0.0,0.0,0.000539,0.0,0.0,0.000366,0.000359,0.000841,0.0,0.0,0.0,0.0,0.0,0.0,0.0,0.0,0.0,0.0,0.0,0.0,0.0,0.0,0.0,0.0,0.0,0.0,8.1e-05,0.0,0.0,0.0,0.0,0.0,0.0,0.0,0.0,0.0,0.0,0.0,0.0,0.0,0.0,0.0,0.0,0.0,0.0,0.003115,0.0,0.0,0.0,0.0,0.0,0.0,0.0,0.0,0.0,0.0,0.0,0.0,0.0,0.0,0.0,0.0,0.0,0.0,0.0,0.0,0.0,0.0,0.0,0.0,0.000964,0.000313,0.0,0.000368,0.0,0.0,0.00533,0.0,0.0,0.0,0.000702,0.0,0.0,0.0,0.000777,0.0,0.0,0.011364,0.0,0.0,0.001117,0.0,0.011364,1.0,0.0,0.0,0.0,0.0,0.0,0.0,0.0,0.0,0.002451,0.0,0.0,0.0,0.0,0.0,0.00082,0.0,0.0,0.0,0.0,0.0,0.0,0.0,0.0,0.0,0.0,0.0,0.0,0.0,0.002246,0.0,0.0,0.0,0.0,0.0,0.0,0.000531,0.0,0.0,0.0,0.0,0.0,0.0,0.003623,0.0,0.0,0.0,0.0,0.0,0.0,0.0,0.0,0.0,0.0,0.0,0.0,0.0,0.0,0.0,0.00129,0.0,0.0,0.0,0.0,0.0,0.0,0.0,0.0,0.0,8.8e-05,0.0,0.0,0.0,0.0,0.0
7830,0.0,0.0,0.0,0.0,0.0,0.0,0.0,0.0,0.0,0.0,0.0,0.0,0.0,0.0,0.0,0.0,0.0,0.0,0.0,0.0,0.0,0.0,0.0,0.0,0.0,0.0,0.0,0.0,0.0,0.0,0.0,0.0,0.0,0.0,0.0,0.0,0.0,0.0,0.0,0.0,0.0,0.0,0.0,0.0,0.0,0.0,0.0,0.0,0.0,0.0,0.0,0.0,0.0,0.0,0.0,0.0,0.0,0.0,0.0,0.0,0.0,0.0,0.0,0.0,0.0,0.0,0.0,0.0,0.0,0.0,0.0,0.0,0.0,0.0,0.0,0.0,0.0,0.0,0.0,0.0,0.0,0.0,0.0,0.0,0.0,0.0,0.0,0.0,0.0,0.0,0.0,0.0,0.0,0.0,0.0,0.0,0.0,0.0,0.0,0.0,0.0,0.0,0.0,0.0,0.0,0.0,0.0,0.0,0.0,0.0,0.0,0.0,0.0,0.0,0.0,0.0,0.0,0.0,0.0,0.0,0.0,0.0,0.0,0.0,0.0,0.0,0.0,0.0,0.0,0.0,0.0,0.0,0.0,0.0,0.0,0.0,0.0,0.0,0.0,0.0,0.0,0.0,0.0,0.0,0.0,0.0,0.0,0.0,0.0,0.0,0.0,0.0,0.0,0.0,0.0,0.0,0.0,0.0,0.0,0.0,0.0,0.0,0.0,0.0,0.0,0.0,0.0,0.0,0.0,0.0,0.0,0.0,0.0,0.0,0.0,0.0,0.0,0.0,0.0,0.0,0.0,0.0,0.0,0.0,0.0,0.0,0.0,0.0,0.0,0.0,0.0,0.0,0.0,0.0,0.0,0.0,0.0,0.000498,0.0,0.0,0.0,0.0,0.005682,0.0,0.0,0.0,0.0,0.0,0.0,0.0,0.000296,0.0,0.0,0.0,0.0,0.000428,0.0,0.0,0.0,0.0,0.0,0.0,0.0,0.0,0.0,0.0,0.0,0.0,0.0,0.0,0.0,0.0,0.0,0.0,0.0,0.0,0.0,0.0,0.0,0.0,0.0,0.0,0.0,0.000218,0.0,0.0,0.0,0.0,0.0,0.0,0.0,0.0,0.0,0.000183,0.0,0.0,0.0,0.0,0.0,0.0,0.0,0.0,0.0,0.0,0.0,0.0,0.0,0.0,0.0,0.0,0.0,0.0,0.0,0.0,0.0,0.0,0.0,0.0,0.0,0.0,0.0,0.0,0.0,0.0,0.0,0.0,0.0,0.0,0.0,0.0,0.0,0.0,0.0,0.0,0.0,0.0,0.0,0.0,0.0,0.0,0.0,0.0,0.0,0.0,0.0,0.0,0.0,0.0,0.0,0.0,0.0,0.0,0.0,0.0,0.0,0.0,0.0,0.0,0.000964,7.8e-05,0.000776,0.000368,0.0,0.0,0.0,0.0,0.0,0.0,0.001404,0.0,0.0,0.0,0.0,0.0,0.0,0.0,0.0,0.0,0.0,0.0,0.0,0.0,1.0,0.0,0.0,0.0,0.0,0.0,0.0,0.0,0.0,0.0,0.0,0.0,0.0,0.0,0.0,0.0,0.0,0.0,0.0,0.0,0.0,0.0,0.0,0.0,0.0,0.0,0.0,0.0,0.0,0.0,0.0,0.000471,0.0,0.0,0.0,0.0,0.0,0.0,0.0,0.0,0.0,0.0,0.0,0.0,0.0,0.0,0.0,0.0,0.0,0.0,0.0,0.0,0.0,0.0,0.0,0.0,0.0,0.0,0.0,0.0,0.0,0.0,0.0,0.0,0.0,0.0,0.0,0.0,0.0,0.0,0.0,0.0,0.0,0.0
7911,0.003497,0.0,0.0,0.0,0.0,0.0,0.0,0.0,0.0,0.0,0.0,0.0,0.0,0.0,0.0,0.0,0.0,0.0,0.0,0.0,0.0,0.0,0.0,0.0,0.0,0.0,0.0,0.0,0.0,0.0,0.0,0.0,0.0,0.0,0.003497,0.0,0.0,0.0,0.0,0.0,0.0,0.0,0.0,0.0,0.0,0.0,0.0,0.0,0.0,0.0,0.0,0.0,0.0,0.002375,0.0,0.0,0.0,0.0,0.00065,0.0,0.006993,0.0,0.0,0.0,0.0,0.0,0.0,0.0,0.002525,0.0,0.0,0.0,0.0,0.0,0.003195,0.0,0.0,0.0,0.000401,0.0,0.0,0.0,0.0,0.0,0.0,0.0,0.0,0.0,0.0,0.0,0.0,0.0,0.001508,0.001629,0.0,0.0,0.0,0.0,0.0,0.0,0.0,0.0,0.0,0.0,0.0,0.0,0.0,0.0,0.0,0.0,0.0,0.0,0.0,0.0,0.0,0.0,0.0,0.0,0.0,0.0,0.0,0.0,0.0,0.0,0.0,0.0,0.0,0.0,0.0,0.0,0.0,0.0,0.0,0.0,0.0,0.0,0.0,0.0,0.0,0.0,0.0,0.0,0.0,0.0,0.0,0.0,0.0,0.0,0.0,0.0,0.0,0.0,0.0,0.0,0.0,0.0,0.0,0.0,0.0,0.0,0.0,0.0,0.0,0.0,0.0,0.0,0.0,0.0,0.0,0.0,0.0,0.000998,0.003497,0.0,0.0,0.0,0.0,0.0,0.0,0.0,0.004992,0.0,0.0,0.0,0.0,0.0,0.0,0.0,0.0,0.0,0.0,0.0,0.0,0.0,0.0,0.0,0.0,0.001494,0.0,0.0,0.0,0.0,0.003497,0.0,0.0,0.0,0.001701,0.0,0.00155,0.000265,0.000296,0.003929,0.002,0.0,0.000741,0.000856,0.000784,0.0,0.0,0.0,0.001238,0.0,0.0,0.000763,0.000489,0.000755,0.000207,0.000731,0.000789,0.000867,0.0,0.0,0.001472,0.004511,0.0,0.000234,0.0,0.001428,0.000912,0.0,0.003497,0.0,0.000171,0.000218,0.001684,0.0,0.0,0.0,0.0,0.002941,0.001616,0.0,0.0,0.0,0.000431,0.000148,0.0,0.048951,0.006993,0.0,0.003497,0.006993,0.003497,0.0,0.0,0.0,0.0,0.003497,0.002833,0.003436,0.009646,0.011739,0.006993,0.0,0.001292,0.002255,0.001961,0.001196,0.0,0.003497,0.0,0.0,0.0,0.0,0.0,0.0,0.0,0.0,0.0,0.0,0.0,0.0,0.0,0.0,0.0,0.003497,0.0,0.0,0.0,0.0,0.0,0.0,0.0,0.0,0.0,0.0,0.0,0.0,0.0,0.0,0.0,0.0,0.0,0.0,0.0,0.0,0.0,0.0,0.000964,0.000625,0.000776,0.0,0.002381,0.000892,0.000355,0.0,0.0,0.0,0.002807,0.0,0.0,0.0,0.000466,0.0,0.003497,0.006993,0.0,0.002353,0.000372,0.0,0.0,0.0,0.0,1.0,0.229167,0.140449,0.0,0.0,0.0,0.0,0.0,0.0,0.0,0.004073,0.004454,0.0,0.002459,0.0,0.0,0.0,0.0,0.0,0.034965,0.0,0.0,0.0,0.003497,0.0,0.0,0.003497,0.0,0.0,0.0,0.001882,0.0,0.0,0.0,0.0,0.0,0.0,0.0,0.0,0.0,0.0,0.003623,0.0,0.0,0.0,0.0,0.000929,0.0,0.003257,0.003497,0.0,0.0,0.0,0.0,0.0,0.0,0.0,0.0,0.002375,0.0,0.0,0.0,0.0,0.0,0.0,0.000428,0.0,0.001502,0.0,0.0,0.0,0.0,0.0
7912,0.0,0.0,0.002551,0.00354,0.0,0.0,0.0,0.0,0.0,0.0,0.0,0.0,0.0,0.0,0.001247,0.0,0.0,0.003472,0.001113,0.0,0.0,0.0,0.0,0.0,0.00738,0.0,0.0,0.0,0.0,0.0,0.0,0.0,0.0,0.0,0.0,0.0,0.0,0.0,0.0,0.0,0.0,0.0,0.0,0.0,0.0,0.0,0.0,0.0,0.0,0.0,0.0,0.002481,0.0,0.002375,0.0,0.0,0.0,0.0,0.001949,0.0,0.0,0.0,0.003356,0.007143,0.0,0.003472,0.0,0.0,0.0,0.0,0.0,0.0,0.0,0.0,0.003195,0.0,0.0,0.0,0.000401,0.0,0.0,0.0,0.0,0.0,0.0,0.0,0.0,0.0,0.0,0.0,0.0,0.0,0.0,0.0,0.0,0.0,0.0,0.0,0.0,0.0,0.0,0.0,0.0,0.0,0.0,0.0,0.0,0.0,0.0,0.0,0.0,0.0,0.0,0.0,0.0,0.0,0.0,0.0,0.0,0.0,0.0,0.0,0.0,0.0,0.0,0.0,0.0,0.0,0.0,0.0,0.0,0.0,0.0,0.0,0.0,0.0,0.0,0.0,0.0,0.0,0.0,0.0,0.0,0.0,0.0,0.0,0.0,0.0,0.0,0.0,0.0,0.0,0.0,0.0,0.0,0.0,0.0,0.0,0.0,0.0,0.0,0.0,0.0,0.003472,0.0,0.0,0.0,0.0,0.0,0.0,0.0,0.0,0.0,0.0,0.0,0.0,0.0,0.0,0.0,0.0,0.001664,0.0,0.0,0.0,0.0,0.0,0.0,0.0,0.0,0.0,0.003472,0.0,0.0,0.0,0.0,0.0,0.0,0.0,0.0,0.0,0.0,0.0,0.0,0.001182,0.0,0.003472,0.0,0.0,0.0,0.0,0.000593,0.0,0.002,0.000422,0.000296,0.0,0.000196,0.002016,0.0,0.003175,0.000413,0.0,0.0,0.000763,0.000489,0.001322,0.000621,0.0,0.000315,0.000578,0.0,0.00094,0.000368,0.0,0.0,0.000468,0.003472,0.000714,0.000912,0.0,0.003472,0.0,0.000685,0.000655,0.001684,0.0,0.0,0.0,0.0,0.0,0.000808,0.0,0.0,0.000366,0.001149,0.000346,0.0,0.059028,0.003472,0.003472,0.0,0.003472,0.0,0.0,0.001976,0.006944,0.0,0.0,0.002833,0.0,0.0,0.012472,0.010417,0.0,0.001939,0.002255,0.0,0.002392,0.0,0.0,0.003472,0.0,0.0,0.0,0.0,0.0,0.0,0.0,0.0,0.003472,0.0,0.0,0.0,0.0,0.0,0.003472,0.0,0.0,0.0,0.0,0.0,0.0,0.0,0.0,0.0,0.0,0.0,0.0,0.0,0.0,0.0,0.0,0.0,0.0,0.0,0.0,0.0,0.0,0.000964,0.001407,0.0,0.000735,0.0,0.000446,0.0,0.0,0.0,0.0,0.003509,0.0,0.0,0.0,0.000777,0.003226,0.003472,0.006944,0.0,0.0,0.001117,0.0,0.0,0.0,0.0,0.229167,1.0,0.081461,0.0,0.0,0.0,0.0,0.0,0.002088,0.0,0.002037,0.0,0.0,0.004098,0.0,0.0,0.0,0.0,0.0,0.013889,0.0,0.0,0.0,0.0,0.0,0.0,0.0,0.0,0.0,0.003472,0.000941,0.0,0.0,0.000325,0.000531,0.0,0.0,0.0,0.0,0.0,0.0,0.0,0.0,0.0,0.0,0.0,0.002788,0.0,0.003257,0.0,0.002994,0.0,0.0,0.0,0.003472,0.0,0.006944,0.00129,0.0,0.0,0.0,0.0,0.0,0.0,0.0,0.000856,0.0,0.001414,0.0,0.0,0.0,0.0,0.0
7990,0.0,0.002086,0.0,0.0,0.0,0.0,0.0,0.0,0.0,0.0011,0.0,0.0,0.0,0.0,0.0,0.0,0.0,0.002809,0.000742,0.0,0.0,0.00314,0.001661,0.0,0.0,0.0,0.0,0.0,0.0,0.0,0.0,0.0,0.0,0.0,0.0,0.0,0.000792,0.0,0.0,0.0,0.0,0.0,0.0,0.0,0.0,0.0,0.0,0.0,0.0,0.0,0.002809,0.0,0.002809,0.004751,0.0,0.005792,0.0,0.0,0.00065,0.0,0.0,0.0,0.0,0.0,0.0,0.0,0.0,0.002809,0.002525,0.0,0.0,0.0,0.005618,0.0,0.0,0.0,0.0,0.0,0.0,0.0,0.0,0.0,0.0,0.0,0.002809,0.0,0.0,0.0,0.0,0.0,0.0,0.0,0.0,0.004886,0.0,0.0,0.0,0.002809,0.0,0.0,0.0,0.0,0.0,0.0,0.0,0.0,0.0,0.0,0.0,0.0,0.0,0.0,0.0,0.0,0.0,0.0,0.0,0.0,0.0,0.0,0.001529,0.0,0.0,0.0,0.0,0.0,0.0,0.0,0.0,0.0,0.0,0.0,0.0,0.0,0.0,0.0,0.0,0.0,0.0,0.0,0.0,0.0,0.0,0.0,0.0,0.0,0.0,0.0,0.0,0.0,0.0,0.0,0.0,0.0,0.0,0.0,0.0,0.0,0.0,0.0,0.0,0.0,0.0,0.0,0.0,0.002809,0.0,0.0,0.0,0.0,0.0,0.000998,0.0,0.0,0.0,0.0,0.0,0.0,0.0,0.0,0.001664,0.0,0.002809,0.0,0.0,0.0,0.0,0.0,0.0,0.0,0.0,0.0,0.0,0.0,0.0,0.0,0.0,0.003984,0.0,0.0,0.0,0.0,0.0,0.001182,0.0,0.0,0.0,0.0,0.00155,0.001058,0.001778,0.000982,0.001,0.000422,0.001186,0.000428,0.000196,0.002016,0.001919,0.0,0.002476,0.0,0.0,0.000509,0.001956,0.001699,0.000932,0.001462,0.001104,0.003467,0.0,0.001881,0.00184,0.001504,0.0,0.000702,0.0,0.001071,0.001825,0.0,0.0,0.0,0.000514,0.001311,0.000962,0.0,0.0,0.0,0.0,0.002809,0.002693,0.0,0.0,0.001099,0.001221,0.000495,0.0,0.011236,0.0,0.0,0.0,0.0,0.0,0.0,0.001976,0.0,0.0,0.0,0.001889,0.006873,0.002809,0.009171,0.0,0.0,0.002746,0.001127,0.001961,0.004187,0.0,0.0,0.0,0.0,0.002809,0.0,0.0,0.0,0.0,0.0,0.002809,0.002809,0.002809,0.0,0.003774,0.0,0.0,0.002809,0.005618,0.0,0.0,0.002809,0.0,0.0,0.0,0.0,0.0,0.0,0.0,0.0,0.0,0.0,0.0,0.0,0.0,0.0,0.0,0.0,0.002809,0.0,0.003857,0.001251,0.003106,0.002206,0.000794,0.003122,0.001066,0.0,0.0,0.0,0.002807,0.0,0.002809,0.005618,0.001864,0.0,0.008427,0.002809,0.002809,0.002353,0.001117,0.0,0.0,0.0,0.0,0.140449,0.081461,1.0,0.0,0.0,0.0,0.002809,0.0,0.002088,0.0,0.0,0.002227,0.0,0.005738,0.0,0.0,0.0,0.0,0.0,0.011236,0.0,0.0,0.0,0.0,0.001587,0.0,0.002809,0.0,0.0,0.002809,0.003294,0.002809,0.0,0.000975,0.000531,0.0,0.0,0.0,0.0,0.0,0.0,0.004831,0.0,0.0,0.0,0.002809,0.002788,0.0,0.0,0.002809,0.004491,0.0,0.0,0.005618,0.002809,0.0,0.002809,0.002581,0.0,0.0,0.002809,0.0,0.0,0.0,0.001767,0.00214,0.0,0.001679,0.0,0.0,0.0,0.0,0.0
8010,0.0,0.0,0.0,0.0,0.0,0.0,0.0,0.0,0.0,0.0,0.0,0.0,0.0,0.001605,0.0,0.0,0.0,0.0,0.0,0.0,0.0,0.0,0.0,0.0,0.0,0.0,0.0,0.0,0.0,0.0,0.0,0.0,0.0,0.0,0.0,0.0,0.0,0.0,0.0,0.0,0.0,0.0,0.0,0.0,0.0,0.0,0.0,0.0,0.0,0.0,0.0,0.0,0.0,0.0,0.0,0.0,0.004695,0.0,0.0,0.0,0.0,0.0,0.0,0.0,0.0,0.0,0.0,0.0,0.0,0.0,0.0,0.0,0.0,0.0,0.003195,0.0,0.0,0.0,0.000401,0.0,0.0,0.0,0.0,0.0,0.0,0.0,0.0,0.0,0.0,0.0,0.0,0.0,0.0,0.0,0.0,0.0,0.0,0.0,0.0,0.0,0.0,0.0,0.0,0.0,0.0,0.0,0.0,0.0,0.0,0.0,0.0,0.0,0.0,0.0,0.0,0.0,0.0,0.0,0.0,0.0,0.0,0.0,0.0,0.0,0.0,0.0,0.0,0.0,0.0,0.0,0.006579,0.0,0.006579,0.0,0.0,0.0,0.0,0.0,0.0,0.0,0.0,0.006579,0.0,0.0,0.0,0.0,0.0,0.0,0.0,0.0,0.0,0.0,0.00565,0.0,0.0,0.0,0.0,0.0,0.0,0.0,0.0,0.0,0.0,0.0,0.0,0.0,0.0,0.0,0.0,0.0,0.0,0.0,0.0,0.0,0.0,0.0,0.0,0.0,0.0,0.0,0.0,0.0,0.004545,0.0,0.0,0.0,0.0,0.0,0.0,0.0,0.0,0.0,0.0,0.0,0.0,0.0,0.0,0.0,0.002123,0.0,0.0,0.0,0.0,0.026005,0.0,0.006579,0.0,0.001721,0.0,0.000529,0.000593,0.000982,0.001,0.0,0.000148,0.0,0.000196,0.002016,0.0,0.0,0.004953,0.0,0.0,0.000254,0.0,0.000189,0.000311,0.0,0.000158,0.000289,0.0,0.00047,0.001104,0.0,0.0,0.000468,0.0,0.002141,0.0,0.0,0.0,0.0,0.000342,0.0,0.000241,0.0,0.0,0.0,0.0,0.0,0.000269,0.0,0.0,0.000183,0.000216,0.000346,0.0,0.0,0.0,0.0,0.0,0.0,0.0,0.001508,0.001976,0.0,0.0,0.0,0.000944,0.0,0.0,0.000734,0.0,0.0,0.000727,0.0,0.0,0.000598,0.0,0.0,0.0,0.0,0.0,0.0,0.0,0.0,0.0,0.0,0.0,0.0,0.0,0.0,0.0,0.0,0.005102,0.006579,0.0,0.0,0.0,0.0,0.0,0.0,0.0,0.0,0.0,0.0,0.0,0.0,0.0,0.0,0.0,0.0,0.0,0.0,0.0,0.0,0.0,0.0,0.0,0.000391,0.0,0.0,0.0,0.001338,0.000355,0.0,0.0,0.0,0.000702,0.0,0.0,0.0,0.001709,0.0,0.0,0.0,0.0,0.0,0.00149,0.0,0.006579,0.0,0.0,0.0,0.0,0.0,1.0,0.13,0.184211,0.019737,0.0,0.002088,0.0,0.0,0.002227,0.0,0.00082,0.0,0.0,0.0,0.0,0.0,0.0,0.0,0.0,0.0,0.0,0.0,0.0,0.0,0.0,0.0,0.0,0.001882,0.0,0.0,0.0,0.0,0.0,0.0,0.0,0.0,0.0,0.0,0.0,0.0,0.0,0.0,0.0,0.0,0.0,0.0,0.0,0.0,0.0,0.0,0.0,0.0,0.0,0.0,0.0,0.0,0.0,0.0,0.0,0.0,0.0,0.0,0.000428,0.0,0.000795,0.0,0.0,0.0,0.0,0.0
8020,0.0,0.0,0.0,0.0,0.0,0.0,0.0,0.0,0.0,0.0,0.0,0.0,0.0,0.0,0.001247,0.0,0.0,0.0,0.0,0.0,0.0,0.0,0.0,0.0,0.0,0.0,0.0,0.005,0.0,0.0,0.0,0.0,0.0,0.0,0.0,0.0,0.0,0.0,0.0,0.0,0.0,0.0,0.0,0.0,0.0,0.0,0.0,0.0,0.0,0.0,0.0,0.0,0.0,0.0,0.0,0.0,0.0,0.0,0.0,0.0,0.0,0.0,0.0,0.0,0.0,0.0,0.0,0.0,0.002525,0.0,0.0,0.0,0.0,0.0,0.0,0.0,0.0,0.0,0.000401,0.0,0.0,0.0,0.0,0.0,0.0,0.0,0.002604,0.0,0.0,0.0,0.0,0.0,0.0,0.0,0.0,0.0,0.0,0.005,0.0,0.0,0.0,0.0,0.01,0.0,0.0,0.0,0.0,0.005,0.0,0.0,0.0,0.0,0.0,0.003195,0.0,0.0,0.0,0.0,0.0,0.0,0.003058,0.0,0.0,0.0,0.0,0.0,0.0,0.005,0.0,0.0,0.0,0.0,0.0,0.0,0.0,0.0,0.0,0.0,0.0,0.0,0.0,0.0,0.0,0.0,0.0,0.0,0.0,0.0,0.0,0.0,0.0,0.0,0.0,0.0,0.0,0.0,0.0,0.0,0.0,0.0,0.0,0.005,0.0,0.0,0.0,0.0,0.0,0.0,0.0,0.0,0.0,0.0,0.0,0.0,0.0,0.0,0.0,0.0,0.00303,0.0,0.001664,0.0,0.018182,0.0,0.0,0.005,0.0,0.0,0.0,0.0,0.0,0.0,0.0,0.0,0.0,0.0,0.0,0.001992,0.0,0.001946,0.01,0.0,0.005,0.004728,0.003436,0.005,0.001701,0.001721,0.00155,0.000265,0.001778,0.000982,0.0,0.0,0.000889,0.0,0.000392,0.002016,0.0,0.0,0.002889,0.002874,0.0,0.001781,0.000978,0.000755,0.000518,0.000365,0.000473,0.000578,0.0,0.00047,0.002944,0.001504,0.0,0.000234,0.0,0.001784,0.000912,0.0,0.0,0.0,0.000171,0.000655,0.000481,0.0,0.0,0.0,0.0,0.0,0.001077,0.0,0.0,0.000549,0.000647,0.000346,0.0,0.0,0.0,0.0,0.0,0.0,0.0,0.001508,0.0,0.0,0.0,0.0,0.002833,0.0,0.006431,0.000367,0.0,0.0,0.00105,0.001127,0.0,0.001196,0.0,0.0,0.0,0.0,0.0,0.0,0.0,0.0,0.0,0.0,0.0,0.007018,0.007042,0.0,0.008805,0.009346,0.01,0.0,0.005,0.005,0.0,0.0,0.0,0.0,0.0,0.0,0.0,0.0,0.0,0.0,0.0,0.0,0.0,0.0,0.0,0.0,0.0,0.0,0.0,0.0,0.000964,0.000313,0.0,0.000368,0.0,0.002676,0.00462,0.0,0.02,0.0,0.001404,0.0,0.0,0.005,0.001864,0.0,0.005,0.0,0.0,0.0,0.000745,0.005,0.0,0.0,0.0,0.0,0.0,0.0,0.13,1.0,0.0,0.01,0.0,0.006263,0.0,0.0,0.0,0.0,0.001639,0.0,0.0,0.0,0.0,0.0,0.005,0.0,0.0,0.0,0.0,0.0,0.0,0.0,0.001497,0.0,0.0,0.001882,0.0,0.0,0.000325,0.0,0.0,0.0,0.0,0.0,0.0,0.0,0.0,0.0,0.0,0.0,0.0,0.000929,0.0,0.003257,0.0,0.002994,0.0,0.005,0.0,0.0,0.0,0.0,0.010323,0.0,0.0,0.0,0.0,0.0,0.0,0.0,0.000428,0.0,0.000884,0.0,0.0,0.0,0.0,0.0
8030,0.0,0.0,0.0,0.0,0.0,0.0,0.0,0.0,0.0,0.0,0.0,0.0,0.0,0.0,0.0,0.0,0.0,0.0,0.0,0.0,0.0,0.0,0.0,0.0,0.0,0.0,0.0,0.0,0.0,0.0,0.0,0.0,0.0,0.0,0.0,0.0,0.0,0.0,0.0,0.0,0.0,0.0,0.0,0.0,0.0,0.0,0.0,0.0,0.0,0.0,0.0,0.0,0.0,0.0,0.0,0.0,0.0,0.0,0.0,0.0,0.0,0.0,0.0,0.0,0.0,0.0,0.0,0.0,0.0,0.0,0.0,0.0,0.0,0.0,0.0,0.0,0.0,0.0,0.0,0.0,0.0,0.0,0.0,0.0,0.0,0.0,0.0,0.0,0.0,0.0,0.0,0.0,0.0,0.0,0.0,0.0,0.0,0.0,0.0,0.0,0.0,0.0,0.0,0.0,0.0,0.0,0.0,0.0,0.0,0.0,0.0,0.0,0.0,0.0,0.0,0.0,0.0,0.0,0.0,0.0,0.0,0.0,0.0,0.0,0.0,0.0,0.0,0.0,0.0,0.0,0.03125,0.0,0.0,0.0,0.0,0.0,0.0,0.0,0.0,0.0,0.0,0.0,0.0,0.0,0.0,0.0,0.0,0.0,0.0,0.0,0.0,0.0,0.0,0.0,0.0,0.0,0.0,0.0,0.0,0.0,0.0,0.0,0.0,0.0,0.0,0.0,0.0,0.0,0.0,0.0,0.0,0.0,0.0,0.0,0.0,0.0,0.0,0.0,0.0,0.0,0.0,0.0,0.0,0.0,0.0,0.0,0.0,0.0,0.0,0.0,0.0,0.0,0.0,0.0,0.0,0.0,0.0,0.0,0.0,0.0,0.0,0.0,0.0,0.001182,0.0,0.0,0.0,0.0,0.0,0.0,0.0,0.0,0.0,0.0,0.000148,0.0,0.0,0.0,0.0,0.0,0.0,0.0,0.0,0.0,0.0,0.0,0.0,0.0,0.000158,0.0,0.0,0.0,0.0,0.0,0.0,0.0,0.0,0.0,0.0,0.0,0.0,0.0,0.000171,0.0,0.0,0.0,0.0,0.0,0.0,0.0,0.0,0.0,0.0,0.0,0.0,0.0,0.0,0.0,0.0,0.0,0.0,0.0,0.0,0.0,0.0,0.0,0.0,0.0,0.0,0.0,0.0,0.0,0.0,0.0,0.0,0.0,0.0,0.0,0.0,0.0,0.0,0.0,0.0,0.0,0.0,0.0,0.0,0.0,0.0,0.0,0.0,0.0,0.0,0.0,0.0,0.008333,0.0,0.0,0.0,0.0,0.0,0.0,0.0,0.0,0.0,0.0,0.0,0.0,0.0,0.0,0.0,0.0,0.0,0.0,0.0,0.0,0.0,0.0,0.0,0.0,0.0,0.0,0.0,0.0,0.0,0.0,0.0,0.0,0.0,0.0,0.0,0.0,0.000155,0.0,0.0,0.0,0.0,0.0,0.0,0.0,0.0,0.0,0.0,0.0,0.0,0.0,0.184211,0.0,1.0,0.0,0.0,0.0,0.0,0.0,0.002227,0.0,0.0,0.0,0.0,0.0,0.0,0.0,0.0,0.0,0.0,0.0,0.0,0.0,0.0,0.008065,0.0,0.0,0.0,0.0,0.0,0.0,0.0,0.0,0.0,0.0,0.0,0.0,0.0,0.0,0.0,0.0,0.0,0.0,0.0,0.0,0.0,0.0,0.0,0.0,0.0,0.0,0.0,0.0,0.0,0.0,0.00129,0.0,0.0,0.0,0.0,0.0,0.0,0.0,0.0,0.0,0.000177,0.0,0.0,0.0,0.0,0.0
8110,0.0,0.0,0.0,0.0,0.0,0.0,0.0,0.0,0.0,0.0,0.0,0.0,0.0,0.0,0.0,0.0,0.0,0.0,0.000742,0.0,0.0,0.0,0.0,0.0,0.0,0.004902,0.0,0.0,0.0,0.0,0.0,0.0,0.0,0.0,0.0,0.0,0.0,0.0,0.0,0.0,0.0,0.0,0.0,0.0,0.0,0.0,0.0,0.0,0.0,0.0,0.0,0.0,0.0,0.0,0.0,0.0,0.0,0.0,0.0,0.0,0.0,0.0,0.0,0.0,0.0,0.0,0.0,0.0,0.0,0.0,0.0,0.0,0.0,0.0,0.00639,0.0,0.0,0.0,0.0,0.0,0.0,0.0,0.0,0.0,0.0,0.0,0.0,0.0,0.0,0.0,0.0,0.0,0.0,0.0,0.0,0.0,0.011111,0.0,0.0,0.0,0.0,0.003311,0.0,0.0,0.0,0.0,0.015152,0.005848,0.0,0.0,0.0,0.0,0.015152,0.0,0.0,0.0,0.0,0.0,0.0,0.0,0.0,0.0,0.0,0.0,0.0,0.0,0.0,0.010989,0.0,0.0,0.015152,0.0,0.0,0.0,0.015152,0.0,0.0,0.0,0.0,0.0,0.0,0.0,0.0,0.0,0.0,0.0,0.0,0.0,0.0,0.0,0.0,0.0,0.00565,0.0,0.0,0.0,0.0,0.0,0.0,0.0,0.0,0.0,0.0,0.0,0.0,0.0,0.0,0.0,0.0,0.0,0.0,0.0,0.0,0.0,0.0,0.0,0.0,0.0,0.00303,0.0,0.001664,0.0,0.0,0.0,0.0,0.0,0.0,0.0,0.0,0.0,0.0,0.009174,0.0,0.0,0.0,0.013333,0.0,0.0,0.0,0.0,0.0,0.0,0.0,0.001182,0.0,0.0,0.001701,0.0,0.0,0.0,0.0,0.0,0.001,0.0,0.000148,0.0,0.001568,0.002016,0.0,0.0,0.000825,0.0,0.0,0.000254,0.000489,0.000378,0.000207,0.0,0.0,0.0,0.0,0.0,0.0,0.0,0.0,0.000468,0.0,0.000357,0.0,0.0,0.0,0.0,0.000171,0.0,0.000241,0.013158,0.0,0.0,0.0,0.002941,0.000269,0.0,0.0,0.0,0.0,9.9e-05,0.0,0.0,0.0,0.0,0.0,0.015152,0.015152,0.0,0.0,0.0,0.0,0.005025,0.000944,0.0,0.006431,0.000367,0.0,0.0,0.000404,0.0,0.001961,0.0,0.0,0.0,0.0,0.0,0.0,0.0,0.0,0.0,0.0,0.0,0.0,0.0,0.0,0.0,0.0,0.0,0.0,0.0,0.0,0.0,0.0,0.0,0.0,0.0,0.0,0.0,0.0,0.0,0.0,0.0,0.0,0.0,0.0,0.0,0.0,0.0,0.0,0.0,0.0,0.0,0.001929,0.000235,0.0,0.0,0.0,0.001338,0.0,0.0,0.0,0.0,0.000702,0.0,0.0,0.0,0.000311,0.0,0.0,0.0,0.0,0.0,0.0,0.0,0.015152,0.0,0.0,0.0,0.0,0.002809,0.019737,0.01,0.0,1.0,0.017157,0.008351,0.004878,0.002037,0.0,0.0,0.00082,0.0,0.0,0.0,0.0,0.0,0.0,0.0,0.0,0.0,0.0,0.0,0.0,0.0,0.000749,0.004587,0.0,0.000471,0.0,0.002304,0.0,0.0,0.0,0.0,0.0,0.0,0.0,0.0,0.001208,0.0,0.0,0.0,0.0,0.0,0.0,0.0,0.008475,0.001497,0.0,0.0,0.0,0.0,0.0,0.0,0.0,0.0,0.0,0.008646,0.0,0.0,0.0,0.003534,0.0,0.0,0.000265,0.0,0.0,0.0,0.0,0.0
8121,0.0,0.0,0.002451,0.00354,0.0,0.0,0.0,0.0,0.0,0.0011,0.0,0.0,0.0,0.001605,0.00187,0.0,0.0,0.004902,0.000371,0.0,0.0,0.0,0.0,0.0,0.001845,0.0,0.002451,0.0,0.0,0.0,0.0,0.002451,0.0,0.002451,0.0,0.0,0.000792,0.002451,0.0,0.0,0.0,0.0,0.0,0.0,0.0,0.0,0.0,0.0,0.0,0.0,0.0,0.002451,0.002451,0.004751,0.0,0.0,0.0,0.0,0.0,0.0,0.0,0.0,0.004902,0.0,0.002451,0.0,0.0,0.0,0.002451,0.0,0.002451,0.0,0.0,0.0,0.002451,0.0,0.0,0.0,0.002005,0.0,0.0,0.0,0.0,0.0,0.0,0.0,0.002451,0.0,0.0,0.0,0.0,0.0,0.004525,0.001629,0.0,0.0,0.0,0.0,0.0,0.0,0.0,0.004902,0.0,0.0,0.0,0.0,0.0,0.002451,0.0,0.0,0.0,0.0,0.0,0.002451,0.0,0.0,0.0,0.0,0.0,0.0,0.001529,0.0,0.0,0.0,0.0,0.0,0.0,0.0,0.0,0.0,0.0,0.0,0.0,0.0,0.0,0.0,0.002451,0.0,0.0,0.0,0.0,0.0,0.0,0.0,0.002451,0.0,0.0,0.0,0.0,0.0,0.0,0.0,0.0,0.0,0.0,0.0,0.0,0.0,0.0,0.0,0.0,0.0,0.0,0.0,0.0,0.0,0.0,0.0,0.0,0.0,0.0,0.001996,0.0,0.0,0.0,0.0,0.0,0.0,0.0,0.0,0.0,0.002451,0.002451,0.0,0.0,0.0,0.0,0.0,0.0,0.002451,0.002451,0.009804,0.0,0.0,0.0,0.0,0.0,0.00249,0.002123,0.005837,0.0,0.0,0.0,0.004728,0.009804,0.0,0.015306,0.006885,0.00155,0.001852,0.001185,0.000982,0.001,0.001267,0.001482,0.002139,0.005683,0.00504,0.0,0.0,0.004127,0.004902,0.0,0.001527,0.0,0.001322,0.001346,0.001096,0.000946,0.001734,0.0,0.00047,0.002208,0.0,0.0,0.001639,0.002451,0.001428,0.00365,0.0,0.0,0.0,0.002397,0.001311,0.001924,0.002451,0.002451,0.001764,0.0,0.0,0.002155,0.0,0.0,0.000366,0.002155,0.00094,0.0,0.0,0.0,0.0,0.0,0.0,0.0,0.001508,0.0,0.0,0.0,0.0,0.001889,0.001718,0.0,0.002201,0.0,0.0,0.002989,0.002255,0.017647,0.00299,0.0,0.0,0.0,0.0,0.0,0.0,0.0,0.0,0.004902,0.0,0.0,0.0,0.0,0.0,0.005031,0.007353,0.0,0.0,0.002451,0.0,0.0,0.0,0.0,0.0,0.0,0.0,0.0,0.0,0.0,0.0,0.0,0.0,0.0,0.0,0.0,0.0,0.002451,0.0,0.0,0.0,0.0,0.00086,0.002329,0.002941,0.000794,0.001784,0.001421,0.0,0.0,0.002451,0.004211,0.0,0.004902,0.002451,0.002796,0.004902,0.0,0.0,0.0,0.002353,0.001862,0.0,0.0,0.002451,0.0,0.0,0.0,0.0,0.0,0.0,0.0,0.017157,1.0,0.066806,0.022059,0.004073,0.004454,0.002451,0.007377,0.0,0.0,0.0,0.0,0.0,0.0,0.0,0.0,0.0,0.0,0.003175,0.0,0.002451,0.000749,0.0,0.0,0.002824,0.004902,0.0,0.000325,0.001592,0.0,0.0,0.0,0.0,0.0,0.002451,0.003623,0.002451,0.0,0.0,0.002451,0.001859,0.0,0.0,0.002451,0.001497,0.0,0.004902,0.0,0.0,0.0,0.0,0.003871,0.0,0.0,0.002451,0.0,0.0,0.0,0.015901,0.00214,0.0,0.001767,0.0,0.0,0.0,0.0,0.0
8129,0.0,0.001043,0.0,0.0,0.002088,0.0,0.0,0.002088,0.0,0.0,0.0,0.0,0.0,0.001605,0.001247,0.0,0.002088,0.004175,0.000742,0.0,0.0,0.00157,0.001661,0.0,0.001845,0.008351,0.0,0.0,0.0,0.0,0.0,0.004175,0.0,0.0,0.0,0.0,0.0,0.0,0.0,0.0,0.0,0.0,0.0,0.0,0.0,0.0,0.0,0.0,0.0,0.0,0.0,0.0,0.0,0.002088,0.0,0.0,0.0,0.0,0.002599,0.0,0.0,0.0,0.002088,0.002088,0.0,0.0,0.0,0.0,0.004175,0.0,0.0,0.0,0.0,0.0,0.002088,0.0,0.0,0.0,0.000401,0.0,0.0,0.0,0.0,0.002088,0.0,0.0,0.002088,0.0,0.002088,0.0,0.0,0.0,0.004525,0.004886,0.0,0.0,0.004175,0.0,0.0,0.0,0.0,0.004175,0.0,0.0,0.002088,0.0,0.0,0.002088,0.0,0.0,0.0,0.0,0.0,0.0,0.0,0.0,0.0,0.0,0.002088,0.0,0.001529,0.0,0.0,0.0,0.0,0.0,0.002088,0.004175,0.0,0.0,0.0,0.0,0.0,0.0,0.0,0.0,0.002088,0.0,0.0,0.0,0.0,0.002088,0.0,0.0,0.0,0.0,0.0,0.0,0.0,0.0,0.0,0.0,0.002088,0.0,0.0,0.0,0.0,0.0,0.0,0.0,0.0,0.0,0.0,0.002088,0.0,0.0,0.0,0.0,0.0,0.0,0.0,0.003992,0.002088,0.0,0.0,0.002088,0.0,0.0,0.002088,0.006263,0.004992,0.0,0.0,0.0,0.0,0.002088,0.0,0.0,0.0,0.002088,0.002088,0.014614,0.002088,0.0,0.0,0.002088,0.0,0.004482,0.006263,0.001946,0.0,0.0,0.006263,0.00591,0.008351,0.002088,0.011905,0.010327,0.003101,0.002646,0.000889,0.0,0.003,0.003801,0.00163,0.002567,0.005291,0.00504,0.001919,0.008351,0.004953,0.002088,0.004175,0.003817,0.00489,0.002643,0.001553,0.001462,0.001104,0.000578,0.0,0.001881,0.001472,0.0,0.0,0.002341,0.004175,0.002855,0.001369,0.0,0.0,0.0,0.001198,0.001747,0.001924,0.0,0.0,0.001764,0.0,0.0,0.001077,0.0,0.0,0.000183,0.001365,0.001039,0.0,0.0,0.0,0.0,0.0,0.0,0.0,0.0,0.001976,0.002088,0.0,0.002088,0.003777,0.0,0.0,0.002201,0.002088,0.0,0.003554,0.00451,0.007843,0.004187,0.0,0.0,0.0,0.0,0.0,0.0,0.0,0.0,0.0,0.0,0.0,0.0,0.0,0.0,0.0,0.006263,0.002088,0.0,0.0,0.0,0.0,0.0,0.0,0.0,0.0,0.0,0.0,0.0,0.0,0.0,0.0,0.0,0.0,0.0,0.0,0.0,0.0,0.0,0.0,0.0,0.001929,0.001095,0.001553,0.003309,0.0,0.001784,0.004264,0.004175,0.004175,0.0,0.004211,0.0,0.008351,0.0,0.004039,0.004175,0.0,0.0,0.0,0.004175,0.001862,0.0,0.002088,0.0,0.0,0.0,0.002088,0.002088,0.002088,0.006263,0.0,0.008351,0.066806,1.0,0.020877,0.002037,0.004175,0.0,0.003279,0.002088,0.002088,0.002088,0.0,0.002088,0.0,0.0,0.0,0.0,0.0,0.001587,0.0,0.002088,0.002246,0.002088,0.0,0.005647,0.0,0.0,0.0,0.001062,0.0,0.002088,0.0,0.0,0.0,0.002088,0.001208,0.0,0.0,0.0,0.0,0.002788,0.0,0.0,0.002088,0.001497,0.0,0.0,0.0,0.0,0.0,0.0,0.003871,0.0,0.0,0.010438,0.0,0.004175,0.0,0.014134,0.001712,0.0,0.002474,0.002088,0.0,0.0,0.0,0.0
8130,0.0,0.0,0.0,0.0,0.0,0.0,0.0,0.0,0.0,0.0,0.0,0.0,0.0,0.001605,0.0,0.0,0.004878,0.004878,0.000742,0.0,0.004878,0.0,0.0,0.0,0.0,0.004878,0.0,0.0,0.0,0.0,0.004878,0.0,0.0,0.004878,0.0,0.0,0.000792,0.0,0.0,0.0,0.0,0.0,0.0,0.0,0.0,0.012448,0.0,0.0,0.0,0.0,0.0,0.004963,0.0,0.002375,0.0,0.0,0.0,0.0,0.0,0.0,0.0,0.0,0.003356,0.0,0.0,0.0,0.0,0.0,0.0,0.0,0.0,0.0,0.0,0.0,0.0,0.0,0.0,0.0,0.000401,0.0,0.0,0.0,0.0,0.002882,0.004329,0.0,0.0,0.0,0.0,0.0,0.0,0.0,0.001508,0.001629,0.0,0.0,0.0,0.0,0.0,0.0,0.0,0.0,0.0,0.0,0.0,0.0,0.0,0.0,0.0,0.0,0.0,0.0,0.0,0.003195,0.0,0.0,0.0,0.0,0.0,0.0,0.003058,0.0,0.0,0.0,0.0,0.0,0.0,0.0,0.0,0.0,0.0,0.0,0.0,0.0,0.0,0.0,0.0,0.0,0.0,0.0,0.0,0.0,0.0,0.0,0.0,0.0,0.0,0.0,0.0,0.0,0.0,0.0,0.004878,0.0,0.0,0.0,0.0,0.0,0.0,0.0,0.0,0.0,0.0,0.0,0.0,0.0,0.0,0.0,0.0,0.0,0.0,0.000998,0.004878,0.0,0.0,0.0,0.0,0.0,0.0,0.0,0.006656,0.0,0.004545,0.0,0.0,0.004878,0.0,0.0,0.0,0.019512,0.004878,0.0,0.0,0.0,0.0,0.0,0.0,0.002988,0.010616,0.0,0.009756,0.0,0.0,0.003546,0.003436,0.0,0.008503,0.005164,0.0,0.000529,0.000296,0.000982,0.001,0.003378,0.000593,0.000428,0.001568,0.002016,0.0,0.003175,0.001238,0.0,0.0,0.001527,0.001956,0.000189,0.000414,0.000365,0.000789,0.0,0.0,0.0,0.000736,0.001504,0.0,0.00117,0.0,0.000357,0.001369,0.0,0.0,0.0,0.000685,0.000218,0.002887,0.0,0.004878,0.0,0.0,0.0,0.000808,0.0,0.0,0.000366,0.000503,0.000841,0.0,0.0,0.0,0.0,0.0,0.0,0.0,0.003017,0.001976,0.0,0.0,0.0,0.000944,0.0,0.003215,0.001101,0.0,0.0,0.000485,0.002255,0.001961,0.0,0.004878,0.0,0.0,0.0,0.0,0.0,0.0,0.0,0.0,0.0,0.0,0.0,0.0,0.0,0.001258,0.0,0.0,0.0,0.004878,0.0,0.0,0.0,0.0,0.0,0.0,0.0,0.0,0.0,0.0,0.0,0.0,0.0,0.0,0.0,0.0,0.0,0.0,0.0,0.0,0.004878,0.000964,0.00086,0.000776,0.001103,0.000794,0.001784,0.004264,0.0,0.004878,0.0,0.001404,0.0,0.006024,0.004878,0.001709,0.0,0.0,0.0,0.0,0.0,0.001117,0.0,0.0,0.0,0.0,0.0,0.0,0.0,0.0,0.0,0.0,0.004878,0.022059,0.020877,1.0,0.0,0.0,0.0,0.002459,0.004878,0.0,0.0,0.020548,0.004587,0.004878,0.0,0.0,0.0,0.0,0.0,0.0,0.009756,0.000749,0.0,0.0,0.000941,0.0,0.0,0.000325,0.000531,0.0,0.0,0.0,0.009756,0.0,0.00339,0.002415,0.014634,0.0,0.004878,0.0,0.0,0.0,0.003257,0.009756,0.001497,0.0,0.004878,0.004878,0.0,0.0,0.0,0.0,0.0,0.0,0.0,0.0,0.0,0.0,0.003534,0.000856,0.00905,0.00106,0.0,0.0,0.0,0.0,0.0
8211,0.0,0.001043,0.0,0.00177,0.0,0.002037,0.0,0.002037,0.0,0.0033,0.0,0.0,0.0,0.001605,0.000623,0.0,0.002037,0.002037,0.001113,0.0,0.0,0.00157,0.001661,0.0,0.00369,0.0,0.0,0.0,0.0,0.0,0.0,0.0,0.0,0.0,0.002037,0.0,0.001584,0.002037,0.002037,0.0,0.002037,0.0,0.0,0.0,0.002037,0.0,0.0,0.0,0.0,0.002037,0.0,0.002037,0.0,0.0,0.0,0.001931,0.002037,0.0,0.002599,0.0,0.0,0.0,0.002037,0.0,0.0,0.0,0.0,0.0,0.004073,0.0,0.0,0.0,0.0,0.0,0.0,0.0,0.0,0.0,0.001203,0.0,0.0,0.0,0.002037,0.0,0.0,0.0,0.0,0.0,0.002037,0.0,0.002037,0.0,0.003017,0.006515,0.0,0.0,0.0,0.0,0.0,0.002037,0.0,0.0,0.0,0.0,0.0,0.0,0.0,0.0,0.0,0.0,0.0,0.0,0.0,0.0,0.0,0.0,0.0,0.0,0.002037,0.0,0.0,0.0,0.0,0.0,0.0,0.002037,0.0,0.0,0.0,0.002037,0.002037,0.0,0.0,0.0,0.0,0.0,0.0,0.0,0.0,0.0,0.0,0.0,0.002037,0.0,0.0,0.0,0.002037,0.0,0.0,0.0,0.0,0.0,0.0,0.0,0.0,0.0,0.0,0.0,0.0,0.0,0.0,0.0,0.0,0.002037,0.0,0.0,0.0,0.0,0.0,0.0,0.0,0.0,0.0,0.002037,0.0,0.0,0.0,0.002037,0.004073,0.004073,0.001664,0.002037,0.002037,0.0,0.0,0.0,0.002037,0.0,0.0,0.0,0.0,0.0,0.0,0.0,0.0,0.0,0.0,0.000996,0.002037,0.0,0.0,0.0,0.0,0.001182,0.002037,0.0,0.003401,0.003442,0.00155,0.001588,0.00237,0.000982,0.001,0.000845,0.002075,0.003851,0.004115,0.003024,0.001919,0.002037,0.003302,0.0,0.002037,0.002036,0.002445,0.003398,0.001656,0.003655,0.001577,0.002023,0.002037,0.001881,0.002208,0.007519,0.002037,0.002341,0.0,0.001784,0.00365,0.0,0.002037,0.0,0.002739,0.00284,0.001203,0.002037,0.0,0.001764,0.0,0.002037,0.001885,0.0,0.0,0.006227,0.004166,0.001929,0.002037,0.004073,0.0,0.002037,0.002037,0.0,0.0,0.010558,0.001976,0.0,0.0,0.004073,0.010387,0.006873,0.02444,0.002568,0.002037,0.0,0.00315,0.002255,0.001961,0.001794,0.0,0.0,0.002037,0.0,0.0,0.0,0.0,0.0,0.0,0.0,0.0,0.002037,0.0,0.0,0.0,0.0,0.0,0.0,0.0,0.0,0.0,0.0,0.0,0.002037,0.0,0.0,0.0,0.0,0.0,0.0,0.0,0.0,0.0,0.0,0.0,0.0,0.002037,0.002037,0.0,0.0,0.003857,0.002189,0.003106,0.003309,0.003175,0.004014,0.000711,0.0,0.0,0.0,0.002105,0.002037,0.0,0.0,0.00202,0.0,0.002037,0.0,0.0,0.00611,0.001862,0.0,0.002037,0.0,0.0,0.004073,0.002037,0.0,0.0,0.0,0.0,0.002037,0.004073,0.002037,0.0,1.0,0.002037,0.002037,0.002459,0.002037,0.002037,0.0,0.0,0.002037,0.0,0.0,0.0,0.0,0.0,0.0,0.004073,0.002037,0.000749,0.0,0.0,0.004706,0.0,0.0,0.0013,0.004777,0.0,0.0,0.0,0.0,0.0,0.0,0.002415,0.0,0.0,0.0,0.0,0.004647,0.0,0.002037,0.002037,0.0,0.0,0.0,0.0,0.0,0.0,0.0,0.002581,0.0,0.002037,0.010183,0.0,0.0,0.0,0.0,0.00214,0.0,0.001856,0.0,0.0,0.0,0.0,0.0
8219,0.002227,0.0,0.0,0.0,0.0,0.0,0.0,0.0,0.0,0.00055,0.0,0.0,0.0,0.00321,0.001247,0.0,0.0,0.0,0.000742,0.0,0.0,0.00157,0.0,0.002227,0.001845,0.002227,0.0,0.002227,0.0,0.0,0.0,0.0,0.0,0.0,0.0,0.0,0.000792,0.0,0.0,0.0,0.0,0.0,0.0,0.0,0.0,0.0,0.0,0.0,0.004454,0.0,0.002227,0.0,0.0,0.004454,0.0,0.0,0.0,0.0,0.0013,0.0,0.004454,0.0,0.0,0.0,0.0,0.0,0.0,0.0,0.0,0.0,0.0,0.0,0.0,0.0,0.0,0.0,0.0,0.0,0.001604,0.0,0.0,0.0,0.0,0.0,0.002227,0.0,0.0,0.0,0.0,0.0,0.0,0.0,0.013575,0.030945,0.002227,0.0,0.0,0.0,0.0,0.0,0.002227,0.002227,0.002227,0.0,0.0,0.0,0.0,0.0,0.002227,0.0,0.0,0.002227,0.0,0.0,0.0,0.0,0.0,0.0,0.0,0.0,0.001529,0.0,0.0,0.0,0.0,0.0,0.002227,0.0,0.0,0.0,0.002227,0.002227,0.0,0.0,0.0,0.0,0.002227,0.0,0.0,0.0,0.0,0.0,0.0,0.0,0.0,0.0,0.0,0.0,0.0,0.0,0.0,0.0,0.0,0.002227,0.0,0.0,0.0,0.0,0.0,0.0,0.0,0.0,0.0,0.0,0.0,0.0,0.0,0.0,0.0,0.0,0.0,0.002994,0.002227,0.0,0.0,0.0,0.0,0.0,0.0,0.0,0.008319,0.0,0.0,0.0,0.0,0.0,0.0,0.0,0.0,0.0,0.0,0.0,0.0,0.0,0.0,0.0,0.0,0.002988,0.002123,0.001946,0.0,0.0,0.0,0.003546,0.0,0.0,0.0,0.001721,0.00155,0.000794,0.001481,0.002947,0.004,0.000422,0.000741,0.000428,0.003135,0.002016,0.001919,0.004454,0.000825,0.0,0.002227,0.001018,0.005379,0.003587,0.002278,0.002193,0.001419,0.001445,0.0,0.00094,0.004785,0.004511,0.002174,0.000702,0.0,0.003926,0.017336,0.0,0.0,0.0,0.000856,0.000874,0.001684,0.0,0.0,0.0,0.002227,0.002227,0.002963,0.0,0.0,0.001282,0.001796,0.00089,0.0,0.002227,0.0,0.0,0.0,0.0,0.0,0.010558,0.003953,0.0,0.0,0.0,0.000944,0.001718,0.0,0.002201,0.0,0.0,0.002423,0.00451,0.0,0.002392,0.002227,0.0,0.0,0.002227,0.0,0.0,0.0,0.0,0.0,0.0,0.0,0.0,0.002227,0.002227,0.007547,0.0,0.0,0.0,0.002227,0.002227,0.0,0.0,0.0,0.0,0.0,0.0,0.0,0.0,0.0,0.0,0.0,0.0,0.0,0.0,0.0,0.0,0.0,0.0,0.0,0.0,0.000964,0.002502,0.003882,0.005882,0.000794,0.000446,0.002488,0.0,0.0,0.0,0.004912,0.0,0.0,0.004454,0.003107,0.0,0.0,0.0,0.0,0.002227,0.006331,0.002227,0.0,0.0,0.0,0.004454,0.0,0.002227,0.002227,0.0,0.002227,0.0,0.004454,0.004175,0.0,0.002037,1.0,0.011136,0.004098,0.0,0.004454,0.0,0.004454,0.002227,0.002227,0.0,0.0,0.0,0.0,0.001587,0.004454,0.0,0.000749,0.0,0.0,0.001412,0.0,0.0,0.000325,0.0,0.0,0.002227,0.002227,0.0,0.002227,0.0,0.001208,0.004454,0.0,0.0,0.002227,0.001859,0.0,0.0,0.0,0.0,0.0,0.0,0.0,0.002227,0.0,0.0,0.014194,0.004454,0.0,0.002227,0.002227,0.0,0.0,0.001767,0.001284,0.0,0.002474,0.0,0.0,0.0,0.0,0.0
8220,0.0,0.0,0.0,0.0,0.0,0.0,0.0,0.0,0.0,0.0,0.0,0.0,0.0,0.0,0.0,0.0,0.0,0.0,0.0,0.0,0.0,0.0,0.0,0.0,0.0,0.0,0.0,0.0,0.0,0.0,0.0,0.0,0.0,0.0,0.0,0.0,0.0,0.0,0.0,0.0,0.0,0.0,0.0,0.0,0.0,0.0,0.0,0.0,0.0,0.0,0.0,0.0,0.0,0.0,0.0,0.0,0.0,0.0,0.0,0.0,0.0,0.0,0.0,0.0,0.0,0.0,0.0,0.0,0.0,0.0,0.0,0.0,0.0,0.0,0.0,0.0,0.0,0.0,0.0,0.0,0.0,0.0,0.0,0.0,0.0,0.0,0.0,0.0,0.0,0.0,0.0,0.0,0.0,0.001629,0.0,0.0,0.0,0.0,0.0,0.0,0.0,0.0,0.0,0.0,0.0,0.0,0.0,0.0,0.0,0.0,0.0,0.0,0.0,0.0,0.0,0.0,0.0,0.0,0.0,0.0,0.0,0.0,0.0,0.0,0.0,0.0,0.0,0.0,0.0,0.0,0.0,0.0,0.0,0.0,0.0,0.0,0.0,0.0,0.0,0.0,0.0,0.0,0.0,0.0,0.0,0.0,0.0,0.0,0.0,0.0,0.0,0.0,0.0,0.0,0.0,0.0,0.0,0.0,0.0,0.0,0.0,0.0,0.0,0.0,0.0,0.0,0.0,0.0,0.0,0.0,0.0,0.0,0.0,0.0,0.0,0.0,0.0,0.0,0.0,0.0,0.0,0.0,0.0,0.0,0.0,0.0,0.011905,0.0,0.0,0.0,0.0,0.0,0.0,0.0,0.0,0.013333,0.0,0.0,0.0,0.0,0.0,0.0,0.0,0.0,0.0,0.0,0.0,0.0,0.0,0.0,0.0,0.0,0.0,0.0,0.0,0.0,0.000588,0.0,0.003839,0.0,0.000413,0.0,0.0,0.0,0.0,0.000944,0.0,0.000731,0.000315,0.0,0.0,0.0,0.00184,0.0,0.0,0.0,0.0,0.0,0.0,0.0,0.0,0.0,0.0,0.000437,0.0,0.0,0.0,0.0,0.0,0.005882,0.001077,0.0,0.0,0.0,7.2e-05,0.0,0.0,0.0,0.0,0.0,0.0,0.0,0.0,0.001508,0.0,0.0,0.0,0.0,0.0,0.0,0.0,0.0,0.0,0.0,0.000162,0.0,0.0,0.0,0.0,0.0,0.0,0.0,0.0,0.0,0.0,0.0,0.0,0.006897,0.0,0.007018,0.010563,0.0125,0.003774,0.006231,0.010204,0.0,0.0,0.016667,0.0,0.0,0.0,0.0,0.0,0.0,0.0,0.0,0.0,0.0,0.0,0.0,0.0,0.0,0.0,0.0,0.0,0.0,0.0,0.016667,0.000964,0.000235,0.000776,0.000368,0.0,0.001784,0.000711,0.0,0.00625,0.0,0.000702,0.0,0.0,0.0,0.000155,0.0,0.0,0.0,0.0,0.002353,0.0,0.0,0.0,0.0,0.0,0.0,0.0,0.0,0.0,0.0,0.0,0.0,0.002451,0.0,0.0,0.002037,0.011136,1.0,0.0,0.047945,0.0,0.0,0.0,0.0,0.0,0.0,0.0,0.0,0.0,0.0,0.0,0.0,0.0,0.0,0.0,0.000471,0.0,0.002304,0.000325,0.000531,0.0,0.0,0.0,0.0,0.0,0.0,0.0,0.0,0.0,0.0,0.0,0.0,0.0,0.0,0.0,0.0,0.0,0.0,0.0,0.0,0.0,0.0,0.0,0.0,0.0,0.0,0.0,0.0,0.0,0.0,0.0,0.0,0.000442,0.0,0.0,0.0,0.0,0.0
8230,0.0,0.004098,0.00082,0.001639,0.00082,0.0,0.0,0.00082,0.0,0.00055,0.0,0.0,0.001639,0.0,0.005611,0.0,0.0,0.0,0.003711,0.0,0.0,0.001639,0.00082,0.001639,0.0,0.00082,0.00082,0.0,0.0,0.0,0.0,0.0,0.0,0.0,0.00082,0.0,0.003167,0.0,0.0,0.0,0.0,0.0,0.0,0.0,0.00082,0.00082,0.0,0.0,0.0,0.00082,0.0,0.0,0.0,0.001639,0.0,0.00082,0.0,0.0,0.006498,0.00082,0.0,0.0,0.002459,0.003279,0.0,0.00082,0.0,0.0,0.002459,0.0,0.0,0.0,0.0,0.00082,0.001639,0.0,0.0,0.0,0.003609,0.0,0.0,0.0,0.0,0.0,0.0,0.0,0.0,0.0,0.0,0.00082,0.00082,0.0,0.013934,0.004098,0.0,0.0,0.0,0.0,0.00082,0.00082,0.0,0.004098,0.002459,0.0,0.0,0.0,0.0,0.00082,0.0,0.0,0.0,0.002459,0.0,0.0,0.0,0.0,0.00082,0.0,0.0,0.0,0.001639,0.0,0.0,0.0,0.0,0.003279,0.0,0.0,0.0,0.0,0.0,0.0,0.0,0.0,0.0,0.00082,0.0,0.0,0.0,0.0,0.0,0.0,0.0,0.0,0.0,0.0,0.0,0.0,0.0,0.0,0.0,0.0,0.00082,0.0,0.0,0.0,0.0,0.0,0.0,0.0,0.0,0.0,0.0,0.00082,0.0,0.0,0.0,0.0,0.00082,0.0,0.0,0.006557,0.001639,0.0,0.0,0.0,0.0,0.001639,0.001639,0.00082,0.001639,0.0,0.001639,0.00082,0.0,0.00082,0.00082,0.00082,0.0,0.00082,0.00082,0.0,0.0,0.0,0.0,0.0,0.0,0.00498,0.0,0.001639,0.0,0.0,0.001639,0.003279,0.001639,0.0,0.001639,0.00082,0.002459,0.004499,0.003852,0.007377,0.004098,0.004645,0.004298,0.005135,0.008034,0.003279,0.00082,0.0,0.005365,0.001639,0.0,0.005598,0.006846,0.009062,0.004969,0.006213,0.001735,0.009535,0.00082,0.005172,0.005521,0.004918,0.0,0.004916,0.0,0.004283,0.005931,0.0,0.003279,0.003279,0.00565,0.005024,0.007457,0.00082,0.001639,0.00082,0.00082,0.001639,0.006194,0.0,0.0,0.001099,0.003089,0.002226,0.0,0.0,0.0,0.00082,0.0,0.0,0.0,0.002459,0.003279,0.0,0.0,0.001639,0.005738,0.001639,0.0,0.011372,0.0,0.00082,0.013732,0.018033,0.009016,0.01256,0.00082,0.003279,0.001639,0.001639,0.003279,0.00082,0.0,0.0,0.004098,0.004098,0.003279,0.003279,0.001639,0.00082,0.003279,0.002459,0.0,0.0,0.001639,0.0,0.0,0.0,0.0,0.0,0.0,0.0,0.0,0.0,0.0,0.0,0.0,0.0,0.0,0.0,0.0,0.0,0.0,0.0,0.00082,0.0,0.006557,0.006489,0.004658,0.007721,0.003968,0.007583,0.003554,0.00082,0.0,0.002459,0.032281,0.0,0.003279,0.004098,0.006214,0.0,0.00082,0.00082,0.002459,0.012295,0.005587,0.00082,0.0,0.00082,0.0,0.002459,0.004098,0.005738,0.00082,0.001639,0.0,0.00082,0.007377,0.003279,0.002459,0.002459,0.004098,0.0,1.0,0.0,0.0,0.001639,0.002459,0.003279,0.002459,0.0,0.0,0.0,0.0,0.003279,0.002459,0.00082,0.005988,0.002459,0.00082,0.012706,0.001639,0.0,0.003901,0.002123,0.001639,0.0,0.0,0.001639,0.001639,0.003279,0.020492,0.001639,0.00082,0.0,0.00082,0.014754,0.001639,0.004098,0.004918,0.012295,0.0,0.0,0.00082,0.00082,0.0,0.002459,0.006557,0.00082,0.00082,0.002459,0.0,0.0,0.00082,0.003279,0.008562,0.003279,0.005832,0.00082,0.0,0.0,0.0,0.0
8291,0.0,0.0,0.0,0.0,0.004975,0.0,0.0,0.0,0.0,0.00055,0.006849,0.0,0.0,0.0,0.000623,0.0,0.0,0.005128,0.000742,0.0,0.0,0.0,0.0,0.0,0.0,0.0,0.0,0.0,0.0,0.0,0.0,0.0,0.0,0.0,0.0,0.0,0.000792,0.0,0.0,0.0,0.0,0.0,0.0,0.0,0.0,0.0,0.0,0.0,0.0,0.0,0.0,0.0,0.0,0.002375,0.0,0.003861,0.0,0.0,0.0,0.0,0.0,0.0,0.003356,0.002381,0.0,0.0,0.0,0.0,0.0,0.0,0.0,0.0,0.0,0.0,0.003195,0.0,0.0,0.0,0.000401,0.0,0.0,0.0,0.0,0.0,0.0,0.0,0.0,0.0,0.0,0.0,0.0,0.0,0.001508,0.001629,0.0,0.0,0.0,0.0,0.0,0.0,0.0,0.0,0.0,0.0,0.0,0.0,0.0,0.0,0.0,0.0,0.0,0.0,0.0,0.0,0.0,0.0,0.0,0.0,0.0,0.0,0.001529,0.0,0.0,0.0,0.0,0.0,0.0,0.0,0.0,0.0,0.0,0.0,0.0,0.0,0.0,0.0,0.0,0.0,0.0,0.0,0.0,0.0,0.0,0.0,0.0,0.0,0.0,0.0,0.0,0.0,0.0,0.0,0.0,0.0,0.0,0.0,0.0,0.0,0.0,0.0,0.0,0.0,0.0,0.0,0.0,0.0,0.0,0.0,0.0,0.0,0.0,0.000998,0.0,0.0,0.0,0.0,0.0,0.0,0.0,0.0,0.0,0.0,0.0,0.0,0.0,0.0,0.013699,0.0,0.0,0.0,0.0,0.0,0.0,0.0,0.0,0.0,0.0,0.0,0.002123,0.0,0.0,0.0,0.0,0.0,0.0,0.0,0.0,0.0,0.00155,0.000265,0.001185,0.002947,0.001,0.000845,0.000296,0.0,0.000784,0.002016,0.0,0.0,0.000413,0.0,0.0,0.001018,0.000978,0.000566,0.000414,0.000731,0.000315,0.000289,0.0,0.0,0.001104,0.0,0.002174,0.0,0.0,0.000714,0.0,0.0,0.003891,0.004695,0.000171,0.001092,0.000722,0.0,0.0,0.0,0.0,0.0,0.001077,0.0,0.0,0.000183,0.000144,0.000247,0.0,0.0,0.0,0.0,0.0,0.0,0.0,0.001508,0.0,0.0,0.0,0.0,0.000944,0.0,0.0,0.000734,0.0,0.0,0.000646,0.001127,0.0,0.0,0.0,0.0,0.0,0.0,0.0,0.0,0.0,0.0,0.0,0.0,0.0,0.0,0.0,0.0,0.0,0.003115,0.0,0.0,0.0,0.0,0.0,0.0,0.0,0.0,0.0,0.0,0.0,0.0,0.006849,0.0,0.0,0.0,0.0,0.0,0.0,0.0,0.027397,0.0,0.006849,0.047945,0.0,0.000547,0.006211,0.000735,0.001587,0.004906,0.0,0.0,0.00625,0.0,0.001404,0.006849,0.003012,0.0,0.000621,0.0,0.0,0.0,0.0,0.0,0.000745,0.0,0.006849,0.0,0.0,0.0,0.0,0.0,0.0,0.0,0.0,0.0,0.0,0.002088,0.004878,0.002037,0.0,0.047945,0.0,1.0,0.0,0.034247,0.003425,0.004587,0.006849,0.0,0.0,0.0,0.0,0.0,0.0,0.0,0.0,0.004587,0.0,0.000941,0.0,0.0,0.0,0.000531,0.0,0.0,0.0,0.0,0.0,0.0,0.0,0.0,0.0,0.0,0.0,0.0,0.0,0.0,0.0,0.0,0.0,0.0,0.0,0.0,0.006849,0.0,0.00129,0.0,0.0,0.0,0.0,0.0,0.0,0.0,0.000856,0.013575,0.000884,0.0,0.0,0.0,0.0,0.0
8292,0.0,0.002086,0.0,0.00177,0.0,0.0,0.0,0.0,0.0,0.00055,0.0,0.0,0.0,0.001605,0.0,0.0,0.0,0.0,0.0,0.0,0.0,0.0,0.0,0.005102,0.00369,0.0,0.0,0.010204,0.005102,0.0,0.0,0.0,0.0,0.0,0.0,0.0,0.003167,0.0,0.0,0.0,0.0,0.0,0.0,0.0,0.0,0.0,0.0,0.0,0.0,0.0,0.0,0.0,0.010204,0.009501,0.005102,0.003861,0.023474,0.0,0.0,0.0,0.0,0.005102,0.0,0.002381,0.0,0.0,0.0,0.0,0.0,0.0,0.0,0.0,0.0,0.0,0.0,0.0,0.0,0.010204,0.002406,0.0,0.0,0.0,0.005102,0.0,0.0,0.0,0.0,0.0,0.0,0.0,0.005102,0.005102,0.003017,0.003257,0.0,0.0,0.0,0.0,0.0,0.005102,0.0,0.003311,0.010204,0.0,0.0,0.0,0.0,0.010204,0.005102,0.0,0.0,0.0,0.0,0.0,0.0,0.0,0.0,0.0,0.0,0.0,0.0,0.0,0.0,0.0,0.005102,0.002604,0.0,0.005102,0.0,0.0,0.0,0.0,0.0,0.0,0.0,0.0,0.0,0.0,0.0,0.0,0.0,0.0,0.0,0.0,0.0,0.0,0.0,0.0,0.0,0.0,0.0,0.0,0.005102,0.0,0.0,0.0,0.0,0.0,0.0,0.005102,0.0,0.0,0.0,0.0,0.0,0.0,0.0,0.0,0.0,0.0,0.0,0.0,0.0,0.0,0.0,0.0,0.0,0.0,0.00303,0.0,0.003328,0.005102,0.0,0.0,0.0,0.0,0.0,0.0,0.0,0.005102,0.0,0.0,0.0,0.0,0.0,0.0,0.0,0.0,0.0,0.0,0.010204,0.0,0.0,0.001182,0.0,0.0,0.0,0.0,0.0,0.000265,0.0,0.000982,0.0,0.001689,0.00252,0.000856,0.002939,0.002016,0.0,0.003175,0.002064,0.0,0.0,0.000509,0.001467,0.002077,0.000621,0.000365,0.001419,0.000867,0.0,0.00047,0.001472,0.003008,0.002174,0.000234,0.0,0.000357,0.0,0.0,0.003891,0.0,0.000856,0.001311,0.001203,0.0,0.005102,0.0,0.0,0.002941,0.000269,0.0,0.0,0.000733,0.000144,0.000791,0.0,0.0,0.0,0.0,0.0,0.0,0.0,0.015083,0.001976,0.0,0.0,0.01005,0.008499,0.0,0.0,0.000367,0.0,0.0,0.000323,0.0,0.0,0.000598,0.0,0.0,0.0,0.0,0.0,0.0,0.0,0.0,0.0,0.005102,0.0,0.0,0.0,0.0,0.0,0.0,0.0,0.0,0.0,0.0,0.0,0.0,0.0,0.0,0.0,0.0,0.0,0.0,0.0,0.0,0.0,0.0,0.0,0.0,0.0,0.0,0.010204,0.0,0.0,0.0,0.000964,0.000782,0.0,0.000368,0.0,0.00223,0.001421,0.0,0.0,0.0,0.004211,0.0,0.009036,0.005102,0.001243,0.0,0.0,0.0,0.0,0.002353,0.000745,0.005102,0.0,0.0,0.0,0.0,0.0,0.0,0.0,0.0,0.0,0.0,0.0,0.002088,0.0,0.002037,0.004454,0.0,0.0,0.0,1.0,0.005102,0.0,0.0,0.005102,0.0,0.0,0.0,0.0,0.0,0.0,0.0,0.0,0.0,0.0,0.001412,0.0,0.0,0.000325,0.0,0.0,0.0,0.0,0.0,0.0,0.0,0.0,0.0,0.0,0.0,0.0,0.0,0.0,0.0,0.0,0.0,0.0,0.0,0.0,0.0,0.0,0.0,0.0,0.0,0.0,0.0,0.0,0.0,0.004444,0.001767,0.000428,0.0,0.000884,0.0,0.005102,0.0,0.0,0.0
8299,0.0,0.0,0.0,0.0,0.0,0.0,0.0,0.0,0.0,0.0,0.0,0.0,0.0,0.0,0.000623,0.0,0.0,0.0,0.000742,0.0,0.0,0.00157,0.0,0.0,0.0,0.0,0.0,0.0,0.0,0.0,0.0,0.0,0.0,0.0,0.0,0.0,0.000792,0.0,0.0,0.0,0.0,0.0,0.0,0.0,0.0,0.0,0.0,0.0,0.0,0.0,0.0,0.002481,0.0,0.0,0.0,0.0,0.0,0.0,0.0,0.0,0.0,0.0,0.0,0.0,0.0,0.0,0.0,0.010101,0.0,0.0,0.0,0.0,0.0,0.0,0.0,0.0,0.0,0.0,0.000401,0.0,0.0,0.0,0.0,0.0,0.004329,0.0,0.0,0.0,0.0,0.0,0.0,0.0,0.0,0.0,0.0,0.0,0.0,0.0,0.0,0.0,0.0,0.0,0.0,0.0,0.0,0.0,0.0,0.0,0.0,0.0,0.0,0.0,0.0,0.0,0.0,0.0,0.0,0.0,0.0,0.0,0.0,0.0,0.0,0.0,0.0,0.0,0.0,0.0,0.0,0.0,0.0,0.0,0.0,0.0,0.0,0.0,0.009709,0.0,0.0,0.0,0.0,0.0,0.0,0.0,0.0,0.0,0.0,0.0,0.0,0.0,0.0,0.0,0.0,0.0,0.0,0.0,0.0,0.0,0.0,0.0,0.0,0.0,0.0,0.0,0.0,0.0,0.0,0.0,0.0,0.0,0.0,0.0,0.0,0.0,0.0,0.0,0.0,0.0,0.0,0.009615,0.001664,0.010101,0.0,0.0,0.0,0.0,0.0,0.0,0.0,0.0,0.0,0.0,0.0,0.0,0.0,0.0,0.0,0.0,0.0,0.0,0.0,0.0,0.0,0.0,0.0,0.0,0.0,0.0,0.00155,0.0,0.000296,0.0,0.002,0.000422,0.000148,0.000428,0.0,0.0,0.0,0.0,0.0,0.0,0.0,0.000254,0.000489,0.0,0.000311,0.002193,0.000946,0.0,0.0,0.00047,0.000736,0.0,0.0,0.000702,0.0,0.000357,0.0,0.0,0.0,0.0,0.0,0.002184,0.000241,0.0,0.0,0.0,0.0,0.0,0.001347,0.0,0.0,0.000366,0.000431,0.000198,0.0,0.0,0.0,0.0,0.0,0.0,0.0,0.0,0.0,0.0,0.0,0.0,0.000944,0.0,0.003215,0.000367,0.0,0.0,0.000727,0.0,0.0,0.0,0.0,0.0,0.0,0.0,0.0,0.0,0.0,0.0,0.0,0.0,0.0,0.0,0.0,0.0,0.002516,0.0,0.0,0.0,0.0,0.0,0.0,0.0,0.0,0.0,0.010101,0.0,0.0,0.0,0.0,0.0,0.0,0.0,0.0,0.0,0.0,0.0,0.0,0.0,0.0,0.0,0.000964,0.000391,0.003882,0.000368,0.0,0.000446,0.0,0.0,0.0,0.0,0.000702,0.0,0.003012,0.0,0.000155,0.0,0.0,0.0,0.0,0.0,0.0,0.0,0.0,0.0,0.0,0.0,0.0,0.0,0.0,0.0,0.0,0.0,0.0,0.002088,0.0,0.0,0.0,0.0,0.001639,0.034247,0.005102,1.0,0.0,0.0,0.0,0.0,0.0,0.0,0.0,0.0,0.0,0.0,0.0,0.0,0.0,0.0,0.0,0.0,0.0,0.001592,0.0,0.0,0.0,0.0,0.0,0.0,0.002415,0.0,0.0,0.0,0.0,0.0,0.0,0.003257,0.0,0.001497,0.0,0.0,0.0,0.0,0.0,0.0,0.0,0.0,0.0,0.0,0.0,0.0,0.0,0.0,0.000428,0.0,0.000353,0.0,0.0,0.0,0.0,0.0
8411,0.0,0.0,0.0,0.0,0.0,0.0,0.0,0.0,0.0,0.0,0.003425,0.0,0.0,0.001605,0.000623,0.0,0.0,0.013699,0.000742,0.0,0.003425,0.0,0.001661,0.0,0.00369,0.0,0.010274,0.003425,0.0,0.0,0.006849,0.0,0.0,0.0,0.0,0.0,0.000792,0.003425,0.003425,0.0,0.0,0.003425,0.0,0.0,0.0,0.013699,0.0,0.0,0.006849,0.003425,0.0,0.042184,0.0,0.0,0.0,0.0,0.0,0.0,0.0,0.0,0.0,0.0,0.0,0.0,0.0,0.0,0.0,0.0,0.0,0.0,0.0,0.0,0.0,0.0,0.0,0.0,0.0,0.0,0.0,0.0,0.0,0.0,0.0,0.0,0.0,0.0,0.002604,0.0,0.0,0.0,0.0,0.0,0.0,0.0,0.0,0.0,0.0,0.003425,0.0,0.0,0.0,0.0,0.0,0.0,0.0,0.0,0.0,0.0,0.0,0.003425,0.0,0.0,0.0,0.0,0.0,0.013699,0.0,0.0,0.0,0.0,0.0,0.0,0.0,0.0,0.0,0.0,0.0,0.003425,0.0,0.0,0.0,0.0,0.0,0.0,0.0,0.0,0.0,0.0,0.0,0.0,0.0,0.0,0.0,0.0,0.0,0.0,0.0,0.0,0.0,0.0,0.0,0.0,0.0,0.0,0.0,0.0,0.0,0.0,0.0,0.0,0.0,0.0,0.0,0.0,0.0,0.0,0.0,0.0,0.0,0.0,0.0,0.0,0.0,0.0,0.0,0.0,0.0,0.0,0.0,0.0,0.0,0.003425,0.0,0.0,0.0,0.0,0.0,0.006849,0.0,0.078767,0.020548,0.010274,0.0,0.003425,0.0,0.0,0.0,0.000996,0.006369,0.003891,0.0,0.0,0.003425,0.0,0.003425,0.0,0.0,0.005164,0.0,0.000794,0.000296,0.000982,0.0,0.000845,0.000593,0.000428,0.000392,0.0,0.0,0.0,0.000825,0.002874,0.0,0.000254,0.000978,0.001322,0.000414,0.0,0.000315,0.0,0.0,0.00094,0.000368,0.0,0.0,0.000936,0.0,0.000357,0.001369,0.0,0.0,0.0,0.000685,0.001529,0.000722,0.003425,0.0,0.0,0.0,0.0,0.000269,0.0,0.0,0.000549,7.2e-05,0.000198,0.003425,0.003425,0.0,0.003425,0.006849,0.003425,0.003425,0.00905,0.011858,0.0,0.003425,0.0,0.001889,0.0,0.0,0.000734,0.0,0.0,0.000323,0.0,0.0,0.0,0.0,0.0,0.0,0.0,0.0,0.0,0.0,0.0,0.0,0.006849,0.0,0.006849,0.013699,0.0,0.001258,0.0,0.003425,0.0,0.010274,0.003425,0.0,0.003425,0.003425,0.0,0.0,0.0,0.0,0.0,0.0,0.0,0.0,0.0,0.0,0.0,0.0,0.0,0.0,0.0,0.0,0.003425,0.032787,0.004066,0.003882,0.0,0.003175,0.000892,0.003198,0.013699,0.0,0.006849,0.000702,0.0,0.0,0.003425,0.000777,0.003226,0.0,0.0,0.0,0.002353,0.002607,0.0,0.0,0.0,0.0,0.0,0.0,0.0,0.0,0.0,0.0,0.0,0.0,0.0,0.020548,0.0,0.004454,0.0,0.002459,0.003425,0.0,0.0,1.0,0.171233,0.082192,0.0,0.003425,0.030822,0.006849,0.01746,0.002941,0.003425,0.000749,0.0,0.0,0.002824,0.003425,0.034562,0.011378,0.009554,0.010274,0.017123,0.017123,0.082192,0.023973,0.098305,0.001208,0.082192,0.003425,0.0,0.0,0.004647,0.0,0.0,0.013699,0.007485,0.0,0.003425,0.003425,0.0,0.0,0.013699,0.0,0.0,0.0,0.0,0.0,0.0,0.0,0.0,0.000428,0.085616,0.001149,0.0,0.0,0.0,0.003425,0.0
8412,0.0,0.0,0.0,0.0,0.0,0.0,0.0,0.0,0.0,0.0,0.0,0.0,0.0,0.0,0.000623,0.0,0.0,0.013761,0.000371,0.0,0.0,0.0,0.0,0.004587,0.0,0.0,0.009174,0.0,0.0,0.0,0.004587,0.0,0.0,0.004587,0.0,0.0,0.0,0.0,0.004587,0.0,0.0,0.0,0.0,0.0,0.0,0.008299,0.0,0.0,0.0,0.004587,0.0,0.034739,0.0,0.0,0.0,0.0,0.0,0.0,0.0,0.0,0.0,0.0,0.0,0.0,0.0,0.0,0.0,0.0,0.007576,0.0,0.0,0.0,0.0,0.0,0.0,0.0,0.0,0.0,0.0,0.0,0.0,0.0,0.0,0.0,0.0,0.0,0.0,0.0,0.0,0.0,0.0,0.0,0.0,0.0,0.0,0.0,0.0,0.0,0.0,0.0,0.0,0.0,0.0,0.0,0.004587,0.0,0.0,0.0,0.0,0.013761,0.0,0.0,0.0,0.0,0.0,0.004587,0.0,0.0,0.0,0.0,0.001529,0.0,0.0,0.0,0.0,0.0,0.0,0.0,0.0,0.0,0.0,0.0,0.0,0.0,0.0,0.0,0.004587,0.0,0.0,0.0,0.0,0.0,0.0,0.0,0.004587,0.0,0.0,0.0,0.0,0.004587,0.0,0.0,0.0,0.0,0.0,0.0,0.0,0.0,0.0,0.0,0.0,0.0,0.0,0.0,0.0,0.0,0.0,0.0,0.0,0.0,0.0,0.0,0.0,0.0,0.0,0.0,0.0,0.0,0.0,0.0,0.0,0.0,0.0,0.0,0.0,0.0,0.0,0.0,0.0,0.036697,0.036697,0.009174,0.0,0.004587,0.0,0.0,0.0,0.000996,0.010616,0.001946,0.0,0.0,0.004587,0.001182,0.003436,0.0,0.001701,0.006885,0.0,0.000265,0.0,0.0,0.001,0.002111,0.000148,0.000428,0.000784,0.001008,0.0,0.0,0.000825,0.0,0.0,0.000763,0.000978,0.000378,0.000104,0.000365,0.000158,0.0,0.0,0.00047,0.001104,0.0,0.0,0.000468,0.0,0.0,0.000912,0.0,0.0,0.0,0.000342,0.002621,0.000481,0.0,0.0,0.0,0.0,0.0,0.0,0.0,0.0,0.0,0.0,0.0,0.0,0.0,0.0,0.0,0.0,0.0,0.0,0.001508,0.007905,0.0,0.0,0.0,0.000944,0.0,0.0,0.000367,0.0,0.009174,0.000404,0.002255,0.0,0.0,0.0,0.0,0.0,0.0,0.0,0.0,0.0,0.0,0.0,0.004587,0.0,0.003509,0.003521,0.004587,0.0,0.0,0.0,0.0,0.004587,0.0,0.0,0.004587,0.0,0.0,0.0,0.0,0.0,0.0,0.004587,0.0,0.0,0.0,0.0,0.0,0.0,0.0,0.0,0.004587,0.004587,0.004587,0.0135,0.002111,0.002329,0.0,0.003175,0.00223,0.001421,0.0,0.004587,0.0,0.0,0.0,0.0,0.0,0.000466,0.006452,0.0,0.0,0.0,0.0,0.001117,0.0,0.0,0.0,0.0,0.0,0.0,0.0,0.0,0.0,0.0,0.0,0.0,0.002088,0.004587,0.002037,0.002227,0.0,0.003279,0.004587,0.0,0.0,0.171233,1.0,0.050459,0.0,0.0,0.009174,0.009174,0.020635,0.008824,0.0,0.002246,0.0,0.0,0.005176,0.0,0.06682,0.012679,0.029724,0.027523,0.045872,0.004587,0.050459,0.022936,0.033898,0.003623,0.073394,0.004587,0.004587,0.0,0.005576,0.0,0.003257,0.013761,0.004491,0.0,0.004587,0.0,0.013761,0.0,0.022936,0.0,0.0,0.0,0.0,0.0,0.0,0.0,0.0,0.000428,0.058824,0.00106,0.0,0.0,0.0,0.0,0.0
8413,0.0,0.002086,0.002551,0.0,0.0,0.0,0.0,0.0,0.0,0.00055,0.0,0.0,0.0,0.0,0.000623,0.0,0.0,0.015385,0.000742,0.0,0.0,0.0,0.0,0.0,0.0,0.0,0.015385,0.0,0.0,0.0,0.010695,0.0,0.0,0.0,0.0,0.0,0.002375,0.0,0.0,0.0,0.0,0.0,0.0,0.0,0.020779,0.008299,0.0,0.0,0.007692,0.015385,0.007692,0.012407,0.0,0.0,0.0,0.0,0.0,0.0,0.0,0.0,0.0,0.0,0.0,0.0,0.0,0.0,0.0,0.0,0.002525,0.0,0.0,0.0,0.0,0.0,0.0,0.0,0.0,0.0,0.0,0.0,0.0,0.0,0.0,0.0,0.0,0.0,0.0,0.0,0.0,0.0,0.0,0.0,0.001508,0.0,0.0,0.0,0.0,0.0,0.0,0.0,0.0,0.0,0.0,0.0,0.0,0.0,0.0,0.0,0.0,0.0,0.0,0.0,0.0,0.0,0.0,0.015385,0.0,0.0,0.0,0.0,0.001529,0.0,0.0,0.0,0.0,0.0,0.0,0.0,0.0,0.0,0.0,0.0,0.0,0.0,0.0,0.0,0.015385,0.0,0.0,0.0,0.0,0.0,0.0,0.0,0.0,0.0,0.0,0.0,0.0,0.0,0.0,0.0,0.0,0.0,0.0,0.0,0.0,0.0,0.0,0.0,0.0,0.0,0.0,0.0,0.0,0.0,0.0,0.0,0.0,0.0,0.0,0.0,0.007519,0.0,0.0,0.0,0.0,0.0,0.0,0.0,0.001664,0.0,0.0,0.0,0.0,0.015385,0.015385,0.0,0.0,0.030769,0.015385,0.0,0.0,0.015385,0.0,0.0,0.0,0.001494,0.008493,0.005837,0.0,0.0,0.011364,0.001182,0.003436,0.0,0.0,0.0,0.0,0.000529,0.000296,0.000982,0.002,0.001267,0.000296,0.0,0.000588,0.001008,0.0,0.0,0.001238,0.005747,0.0,0.000509,0.001467,0.000755,0.000311,0.0,0.000315,0.0,0.0,0.00094,0.000368,0.0,0.0,0.000468,0.0,0.001071,0.000456,0.0,0.0,0.0,0.0,0.000437,0.000481,0.0,0.0,0.0,0.0,0.0,0.000539,0.0,0.0,0.000183,0.0,0.000247,0.0,0.0,0.0,0.0,0.007692,0.015385,0.007692,0.003017,0.005929,0.0,0.007692,0.0,0.000944,0.0,0.003215,0.003302,0.0,0.0,0.000808,0.0,0.0,0.0,0.0,0.0,0.0,0.0,0.0,0.0,0.0,0.0,0.0,0.013793,0.0,0.0,0.003521,0.007692,0.001258,0.0,0.0,0.0,0.0,0.0,0.0,0.0,0.0,0.007692,0.0,0.0,0.0,0.0,0.0,0.0,0.0,0.0,0.0,0.0,0.0,0.0,0.0,0.0,0.0,0.0,0.008679,0.001251,0.000776,0.0,0.002381,0.00223,0.002488,0.007692,0.0,0.0,0.001404,0.0,0.0,0.0,0.000777,0.0,0.00625,0.007692,0.0,0.0,0.00149,0.007692,0.0,0.0,0.0,0.034965,0.013889,0.011236,0.0,0.005,0.0,0.0,0.0,0.0,0.004878,0.0,0.002227,0.0,0.002459,0.006849,0.005102,0.0,0.082192,0.050459,1.0,0.0,0.0,0.007692,0.015385,0.001587,0.002941,0.015385,0.000749,0.0,0.0,0.000941,0.0,0.002304,0.002276,0.0,0.015385,0.0,0.0,0.033784,0.007692,0.013559,0.001208,0.053846,0.007692,0.0,0.0,0.001859,0.0,0.0,0.023077,0.002994,0.0,0.0,0.0,0.0,0.0,0.007692,0.0,0.0,0.0,0.0,0.0,0.0,0.0,0.0,0.0,0.0181,0.001149,0.0,0.0,0.0,0.0,0.0
8421,0.0,0.0,0.0,0.0,0.0,0.0,0.0,0.0,0.0,0.0,0.0,0.0,0.0,0.0,0.0,0.0,0.0,0.0,0.0,0.0,0.0,0.0,0.0,0.0,0.0,0.0,0.0,0.0,0.0,0.0,0.0,0.0,0.0,0.0,0.0,0.0,0.0,0.0,0.0,0.0,0.0,0.0,0.0,0.0,0.0,0.0,0.0,0.0,0.0,0.0,0.0,0.0,0.0,0.0,0.0,0.0,0.0,0.0,0.0,0.0,0.0,0.0,0.0,0.0,0.0,0.0,0.0,0.0,0.0,0.0,0.0,0.0,0.0,0.0,0.0,0.0,0.0,0.0,0.0,0.0,0.0,0.0,0.0,0.0,0.0,0.0,0.0,0.0,0.0,0.0,0.0,0.0,0.0,0.0,0.0,0.0,0.0,0.0,0.0,0.0,0.0,0.0,0.0,0.0,0.0,0.0,0.0,0.0,0.0,0.0,0.0,0.0,0.0,0.0,0.0,0.0,0.0,0.0,0.0,0.0,0.0,0.0,0.0,0.0,0.0,0.0,0.0,0.0,0.0,0.0,0.0,0.0,0.0,0.0,0.0,0.0,0.0,0.0,0.0,0.0,0.0,0.0,0.0,0.0,0.0,0.0,0.0,0.0,0.0,0.0,0.0,0.0,0.0,0.0,0.0,0.0,0.0,0.0,0.0,0.0,0.0,0.0,0.0,0.0,0.0,0.0,0.0,0.0,0.0,0.0,0.0,0.0,0.0,0.0,0.0,0.0,0.0,0.0,0.0,0.0,0.0,0.0,0.0,0.0,0.0,0.0,0.0,0.0,0.0,0.0,0.0,0.0,0.0,0.0,0.0,0.0,0.0,0.0,0.0,0.0,0.0,0.0,0.0,0.0,0.0,0.0,0.0,0.0,0.0,0.0,0.0,0.0,0.0,0.0,0.0,0.0,0.0,0.0,0.0,0.0,0.0,0.0,0.0,0.0,0.0,0.0,0.0,0.0,0.0,0.0,0.0,0.0,0.0,0.0,0.0,0.0,0.0,0.0,0.0,0.0,0.0,0.0,0.0,0.0,0.0,0.0,0.0,0.0,0.0,0.0,0.0,0.0,0.0,0.0,0.0,0.0,0.0,0.0,0.0,0.0,0.0,0.0,0.0,0.0,0.0,0.0,0.0,0.0,0.0,0.0,0.0,0.0,0.0,0.0,0.0,0.0,0.0,0.0,0.0,0.0,0.0,0.0,0.0,0.0,0.0,0.0,0.0,0.0,0.0,0.0,0.0,0.0,0.0,0.0,0.0,0.0,0.0,0.0,0.0,0.0,0.0,0.0,0.0,0.0,0.0,0.0,0.0,0.0,0.0,0.0,0.0,0.0,0.0,0.0,0.0,0.0,0.0,0.0,0.0,0.0,0.0,0.0,0.0,0.0,0.0,0.0,0.0,0.0,0.0,0.0,0.0,0.0,0.0,0.0,0.0,0.0,0.0,0.0,0.0,0.0,0.0,0.0,0.0,0.0,0.0,0.0,0.0,0.0,0.0,0.0,0.0,0.0,0.0,0.0,0.0,0.0,0.0,0.0,0.0,0.0,0.0,0.0,0.0,1.0,0.0,0.0,0.0,0.0,0.0,0.0,0.0,0.0,0.0,0.000941,0.017241,0.0,0.0,0.0,0.0,0.0,0.0,0.0,0.0,0.0,0.0,0.0,0.0,0.0,0.0,0.0,0.0,0.0,0.0,0.0,0.0,0.0,0.0,0.0,0.0,0.0,0.0,0.0,0.0,0.0,0.0,0.0,0.0,0.0,0.0,0.0,0.0,0.0,0.0,0.0,0.0,0.0
8422,0.0,0.0,0.0,0.0,0.0,0.0,0.0,0.0,0.0,0.0,0.0,0.0,0.0,0.0,0.0,0.0,0.0,0.0,0.0,0.0,0.0,0.0,0.0,0.0,0.0,0.0,0.0,0.0,0.0,0.0,0.0,0.0,0.0,0.0,0.0,0.0,0.0,0.0,0.0,0.0,0.0,0.0,0.0,0.0,0.0,0.0,0.0,0.0,0.0,0.0,0.0,0.0,0.0,0.0,0.0,0.0,0.0,0.0,0.0,0.0,0.0,0.0,0.0,0.0,0.0,0.0,0.0,0.0,0.0,0.0,0.0,0.0,0.0,0.0,0.0,0.0,0.0,0.0,0.0,0.0,0.0,0.0,0.0,0.0,0.0,0.0,0.0,0.0,0.0,0.0,0.0,0.0,0.0,0.0,0.0,0.0,0.0,0.0,0.0,0.0,0.0,0.0,0.0,0.0,0.0,0.0,0.0,0.0,0.0,0.0,0.0,0.0,0.0,0.0,0.0,0.0,0.0,0.0,0.0,0.0,0.0,0.0,0.0,0.0,0.0,0.0,0.0,0.0,0.0,0.0,0.0,0.0,0.0,0.0,0.0,0.0,0.0,0.0,0.0,0.0,0.0,0.0,0.0,0.0,0.0,0.0,0.0,0.0,0.0,0.0,0.0,0.0,0.0,0.0,0.0,0.0,0.0,0.0,0.0,0.0,0.0,0.0,0.0,0.0,0.0,0.0,0.0,0.0,0.0,0.0,0.0,0.0,0.0,0.0,0.0,0.0,0.0,0.0,0.0,0.0,0.0,0.0,0.0,0.0,0.0,0.0,0.0,0.0,0.0,0.0,0.0,0.0,0.0,0.0,0.0,0.0,0.0,0.0,0.0,0.0,0.0,0.0,0.0,0.0,0.0,0.0,0.0,0.0,0.0,0.0,0.0,0.0,0.0,0.0,0.0,0.0,0.0,0.0,0.0,0.0,0.0,0.0,0.0,0.0,0.0,0.0,0.0,0.0,0.0,0.0,0.0,0.0,0.0,0.0,0.0,0.0,0.0,0.0,0.0,0.0,0.0,0.0,0.0,0.0,0.0,0.0,0.0,0.0,0.0,0.0,0.0,0.0,0.0,0.0,0.0,0.0,0.0,0.0,0.0,0.0,0.0,0.0,0.0,0.0,0.0,0.0,0.0,0.0,0.0,0.0,0.0,0.0,0.0,0.0,0.0,0.0,0.0,0.0,0.0,0.0,0.0,0.0,0.0,0.0,0.0,0.0,0.0,0.0,0.0,0.0,0.003521,0.0,0.0,0.0,0.005102,0.0,0.0,0.0,0.0,0.0,0.0,0.0,0.0,0.0,0.0,0.0,0.037037,0.0,0.0,0.0,0.0,0.0,0.0,0.0,0.0,0.0,0.0,0.0,0.001929,7.8e-05,0.0,0.0,0.0,0.0,0.0,0.0,0.0,0.007519,0.000702,0.0,0.0,0.0,0.000155,0.003226,0.0,0.0,0.0,0.0,0.0,0.0,0.0,0.0,0.0,0.0,0.0,0.0,0.0,0.0,0.0,0.0,0.0,0.0,0.0,0.0,0.0,0.0,0.0,0.0,0.0,0.0,0.003425,0.0,0.0,0.0,1.0,0.0,0.111111,0.0,0.0,0.0,0.0,0.0,0.0,0.0,0.0,0.004608,0.000325,0.001062,0.0,0.0,0.0,0.0,0.0,0.0,0.0,0.019231,0.0,0.0,0.0,0.0,0.0,0.0,0.0,0.0,0.0,0.0,0.0,0.0,0.0,0.0,0.0,0.0,0.0,0.0,0.0,0.0,0.0,0.0,0.0,0.004525,0.000177,0.0,0.0,0.0,0.0,0.0
8423,0.0,0.0,0.0,0.0,0.0,0.0,0.0,0.0,0.0,0.0,0.0,0.0,0.0,0.0,0.0,0.0,0.0,0.0,0.0,0.0,0.0,0.0,0.0,0.0,0.0,0.0,0.014925,0.0,0.0,0.0,0.0,0.0,0.0,0.0,0.0,0.0,0.0,0.0,0.0,0.0,0.0,0.0,0.0,0.0,0.0,0.0,0.0,0.0,0.0,0.0,0.0,0.0,0.0,0.0,0.0,0.0,0.0,0.0,0.0,0.0,0.0,0.0,0.0,0.0,0.0,0.0,0.0,0.0,0.0,0.0,0.0,0.0,0.0,0.0,0.0,0.0,0.0,0.0,0.0,0.0,0.0,0.0,0.0,0.0,0.0,0.0,0.0,0.0,0.0,0.0,0.0,0.0,0.0,0.0,0.0,0.0,0.0,0.0,0.0,0.0,0.0,0.0,0.0,0.0,0.0,0.0,0.0,0.0,0.0,0.0,0.0,0.0,0.0,0.0,0.0,0.0,0.0,0.0,0.0,0.0,0.0,0.0,0.0,0.0,0.0,0.0,0.0,0.0,0.0,0.0,0.0,0.0,0.0,0.0,0.0,0.0,0.0,0.0,0.0,0.0,0.0,0.0,0.0,0.0,0.0,0.0,0.0,0.0,0.0,0.0,0.0,0.0,0.0,0.0,0.0,0.0,0.0,0.0,0.0,0.0,0.0,0.0,0.0,0.0,0.0,0.0,0.0,0.0,0.0,0.0,0.0,0.0,0.0,0.0,0.0,0.0,0.0,0.0,0.0,0.0,0.0,0.0,0.0,0.0,0.0,0.0,0.0,0.0,0.0,0.015625,0.0,0.0,0.0,0.0,0.0,0.0,0.0,0.0,0.0,0.0,0.0,0.0,0.0,0.0,0.0,0.0,0.0,0.0,0.0,0.0,0.0,0.0,0.0,0.0,0.000148,0.0,0.0,0.0,0.0,0.0,0.0,0.0,0.0,0.0,0.0,0.0,0.0,0.0,0.0,0.0,0.0,0.0,0.0,0.0,0.0,0.0,0.0,0.0,0.0,0.0,0.0,0.0,0.0,0.0,0.0,0.0,0.0,0.0,0.0,0.0,0.0,0.0,0.0,0.0,0.0,0.0,0.0,0.0,0.008772,0.0,0.021739,0.0,0.0,0.0,0.0,0.0,0.0,0.0,0.0,0.0,0.0,0.0,0.0,0.0,0.0,0.0,0.0,0.0,0.0,0.0,0.0,0.0,0.0,0.0,0.0,0.0,0.0,0.0,0.0,0.0,0.0,0.0,0.0,0.0,0.0,0.0,0.0,0.0,0.0,0.0,0.0,0.0,0.0,0.0,0.0,0.0,0.0,0.0,0.0,0.0,0.0,0.0,0.0,0.0,0.0,0.0,0.0,0.0,0.0,7.8e-05,0.000776,0.0,0.000794,0.0,0.0,0.0,0.0,0.0,0.0,0.0,0.0,0.0,0.000155,0.0,0.0,0.0,0.0,0.0,0.0,0.0,0.0,0.0,0.0,0.0,0.0,0.0,0.0,0.0,0.0,0.0,0.0,0.0,0.0,0.0,0.0,0.0,0.0,0.0,0.0,0.0,0.030822,0.009174,0.007692,0.0,0.0,1.0,0.0,0.001587,0.002941,0.0,0.0,0.0,0.0,0.004235,0.0,0.002304,0.0013,0.005308,0.016393,0.0,0.0,0.006757,0.0,0.00339,0.0,0.019231,0.0,0.0,0.0,0.0,0.0,0.0,0.0,0.0,0.0,0.0,0.0,0.0,0.0,0.0,0.0,0.0,0.0,0.0,0.0,0.0,0.0,0.0,0.0,0.0,8.8e-05,0.0,0.0,0.0,0.0,0.0
8430,0.0,0.0,0.0,0.0,0.0,0.0,0.0,0.0,0.0,0.0,0.0,0.0,0.0,0.0,0.0,0.0,0.0,0.005128,0.0,0.0,0.0,0.0,0.0,0.0,0.0,0.0,0.0,0.0,0.0,0.0,0.0,0.0,0.0,0.0,0.0,0.0,0.0,0.0,0.0,0.0,0.0,0.0,0.0,0.0,0.0,0.004149,0.0,0.0,0.0,0.0,0.0,0.002481,0.0,0.0,0.0,0.0,0.0,0.0,0.00065,0.0,0.0,0.0,0.0,0.0,0.0,0.0,0.0,0.0,0.0,0.0,0.0,0.0,0.0,0.0,0.0,0.0,0.0,0.0,0.0,0.0,0.0,0.0,0.0,0.0,0.0,0.0,0.0,0.0,0.0,0.0,0.0,0.0,0.0,0.0,0.0,0.0,0.0,0.0,0.0,0.0,0.0,0.0,0.0,0.0,0.0,0.0,0.0,0.0,0.0,0.0,0.0,0.0,0.0,0.0,0.0,0.0,0.0,0.0,0.0,0.0,0.0,0.0,0.0,0.0,0.0,0.0,0.0,0.0,0.0,0.0,0.0,0.0,0.0,0.0,0.0,0.0,0.0,0.0,0.0,0.0,0.0,0.0,0.0,0.0,0.0,0.0,0.0,0.0,0.0,0.0,0.0,0.0,0.0,0.0,0.0,0.0,0.0,0.0,0.0,0.0,0.0,0.0,0.0,0.0,0.0,0.0,0.0,0.0,0.0,0.0,0.0,0.0,0.0,0.0,0.0,0.0,0.0,0.0,0.0,0.0,0.0,0.0,0.0,0.0,0.0,0.0,0.0,0.0,0.0,0.0,0.0,0.0,0.0,0.037037,0.0,0.0,0.0,0.0,0.0,0.0,0.0,0.0,0.005682,0.0,0.0,0.0,0.0,0.0,0.0,0.000265,0.0,0.0,0.0,0.0,0.0,0.0,0.0,0.0,0.0,0.0,0.0,0.0,0.0,0.0,0.000489,0.0,0.0,0.0,0.0,0.0,0.0,0.00047,0.0,0.0,0.0,0.0,0.0,0.0,0.000456,0.0,0.0,0.0,0.0,0.0,0.0,0.0,0.0,0.0,0.0,0.0,0.0,0.0,0.0,0.0,0.0,0.0,0.0,0.0,0.0,0.0,0.0,0.0,0.0,0.0,0.0,0.0,0.0,0.0,0.0,0.0,0.0,0.0,0.0,0.0,0.0,0.0,0.0,0.0,0.0,0.0,0.0,0.0,0.0,0.0,0.0,0.0,0.0,0.0,0.0,0.0,0.003521,0.0,0.0,0.0,0.005102,0.0,0.0,0.0,0.0,0.0,0.0,0.019231,0.0,0.0,0.0,0.0,0.0,0.0,0.0,0.0,0.0,0.0,0.0,0.0,0.010753,0.0,0.0,0.0,0.000964,7.8e-05,0.0,0.0,0.0,0.0,0.0,0.0,0.0,0.0,0.0,0.0,0.0,0.0,0.0,0.003226,0.0,0.0,0.0,0.0,0.0,0.0,0.0,0.0,0.0,0.003497,0.0,0.0,0.0,0.0,0.0,0.0,0.0,0.0,0.0,0.0,0.0,0.0,0.0,0.0,0.0,0.0,0.006849,0.009174,0.015385,0.0,0.111111,0.0,1.0,0.001587,0.0,0.0,0.0,0.0,0.0,0.0,0.0,0.002304,0.00065,0.001062,0.0,0.0,0.020408,0.006757,0.0,0.0,0.0,0.019231,0.0,0.0,0.0,0.000929,0.0,0.0,0.008475,0.0,0.0,0.0,0.0,0.0,0.0,0.0,0.0,0.0,0.0,0.0,0.0,0.0,0.0,0.0,0.0,0.004525,0.000177,0.0,0.0,0.0,0.0,0.0
8510,0.0,0.002086,0.003175,0.001587,0.001587,0.001587,0.0,0.001587,0.0,0.00055,0.0,0.0,0.001587,0.0,0.00187,0.0,0.0,0.003175,0.001855,0.0,0.0,0.00157,0.0,0.001587,0.0,0.001587,0.0,0.0,0.0,0.0,0.001587,0.0,0.0,0.0,0.0,0.0,0.000792,0.0,0.0,0.0,0.0,0.0,0.0,0.0,0.0,0.001587,0.0,0.0,0.0,0.0,0.0,0.004762,0.0,0.0,0.001587,0.0,0.0,0.0,0.002599,0.0,0.001587,0.0,0.0,0.0,0.0,0.0,0.0,0.0,0.003175,0.0,0.0,0.0,0.0,0.0,0.0,0.0,0.0,0.001587,0.000802,0.0,0.0,0.0,0.0,0.001587,0.0,0.0,0.0,0.0,0.0,0.0,0.0,0.0,0.004525,0.003175,0.0,0.0,0.0,0.0,0.0,0.0,0.0,0.001587,0.001587,0.0,0.0,0.0,0.0,0.0,0.0,0.0,0.0,0.0,0.0,0.0,0.0,0.0,0.0,0.0,0.0,0.0,0.001529,0.0,0.0,0.0,0.0,0.0,0.0,0.0,0.0,0.0,0.0,0.0,0.0,0.0,0.0,0.0,0.0,0.0,0.0,0.0,0.0,0.0,0.0,0.0,0.0,0.0,0.0,0.0,0.0,0.0,0.0,0.0,0.0,0.0,0.0,0.0,0.0,0.0,0.0,0.0,0.0,0.0,0.0,0.0,0.0,0.0,0.0,0.0,0.0,0.0,0.0,0.001996,0.0,0.0,0.0,0.0,0.0,0.0,0.001587,0.0,0.0,0.0,0.0,0.001587,0.0,0.0,0.0,0.0,0.0,0.001587,0.0,0.001587,0.0,0.001587,0.0,0.0,0.0,0.0,0.0,0.0,0.0,0.0,0.001587,0.0,0.003175,0.0,0.001587,0.0,0.0,0.000794,0.000593,0.0,0.004,0.000422,0.001037,0.000428,0.001176,0.001008,0.0,0.0,0.000413,0.0,0.0,0.001018,0.001467,0.002265,0.001449,0.001462,0.000946,0.000867,0.0,0.002351,0.001104,0.001504,0.003175,0.001404,0.0,0.000357,0.009124,0.0,0.0,0.0,0.002568,0.000874,0.001443,0.0,0.001587,0.001587,0.0,0.0,0.001616,0.0,0.0,0.000549,0.002227,0.000841,0.0,0.0,0.0,0.0,0.0,0.0,0.0,0.004525,0.006349,0.0,0.0,0.0,0.001889,0.001587,0.0,0.000734,0.001587,0.0,0.001454,0.002255,0.001587,0.001196,0.001587,0.003175,0.001587,0.0,0.001587,0.0,0.0,0.001587,0.003175,0.001587,0.0,0.0,0.001587,0.0,0.001258,0.001587,0.0,0.0,0.0,0.0,0.0,0.0,0.0,0.0,0.0,0.0,0.0,0.0,0.0,0.0,0.0,0.0,0.0,0.0,0.0,0.0,0.001587,0.0,0.0,0.0,0.00675,0.006411,0.004658,0.001838,0.001587,0.001784,0.001066,0.0,0.001587,0.006349,0.002807,0.0,0.0,0.001587,0.007768,0.0,0.0,0.0,0.0,0.003175,0.001117,0.0,0.0,0.0,0.0,0.0,0.0,0.001587,0.0,0.0,0.0,0.0,0.003175,0.001587,0.0,0.0,0.001587,0.0,0.003279,0.0,0.0,0.0,0.01746,0.020635,0.001587,0.0,0.0,0.001587,0.001587,1.0,0.149206,0.015873,0.014222,0.003175,0.003175,0.024471,0.006349,0.009524,0.009103,0.005308,0.003175,0.011111,0.007937,0.030159,0.007937,0.05873,0.006039,0.001587,0.0,0.0,0.003175,0.006506,0.0,0.001587,0.001587,0.001497,0.001587,0.0,0.003175,0.063492,0.0,0.006349,0.0,0.0,0.0,0.0,0.0,0.0,0.001587,0.0,0.000428,0.006349,0.00327,0.001587,0.001587,0.0,0.001587,0.0
8521,0.0,0.001043,0.0,0.0,0.0,0.0,0.0,0.0,0.0,0.00055,0.0,0.0,0.002941,0.0,0.000623,0.0,0.002941,0.002941,0.000371,0.0,0.0,0.0,0.0,0.0,0.0,0.0,0.0,0.002941,0.0,0.0,0.0,0.0,0.0,0.0,0.0,0.0,0.0,0.0,0.0,0.0,0.0,0.0,0.0,0.0,0.0,0.0,0.0,0.0,0.0,0.002941,0.0,0.0,0.0,0.0,0.0,0.001931,0.005882,0.0,0.00065,0.002941,0.0,0.0,0.002941,0.0,0.0,0.0,0.002941,0.0,0.0,0.0,0.0,0.0,0.0,0.0,0.0,0.0,0.0,0.0,0.002005,0.0,0.0,0.0,0.0,0.0,0.0,0.0,0.0,0.0,0.0,0.002941,0.0,0.0,0.001508,0.003257,0.0,0.0,0.0,0.0,0.0,0.0,0.0,0.0,0.0,0.0,0.0,0.0,0.0,0.0,0.0,0.0,0.0,0.0,0.0,0.0,0.0,0.0,0.0,0.0,0.0,0.0,0.001529,0.0,0.0,0.0,0.0,0.0,0.0,0.0,0.0,0.0,0.0,0.0,0.002941,0.0,0.0,0.0,0.0,0.0,0.0,0.0,0.0,0.0,0.0,0.0,0.0,0.0,0.0,0.0,0.0,0.0,0.0,0.0,0.0,0.0,0.0,0.0,0.0,0.0,0.0,0.0,0.0,0.0,0.0,0.0,0.0,0.0,0.0,0.0,0.002941,0.0,0.0,0.0,0.0,0.0,0.0,0.0,0.002941,0.0,0.002941,0.0,0.0,0.0,0.0,0.0,0.0,0.0,0.002941,0.0,0.0,0.0,0.0,0.0,0.0,0.002941,0.0,0.0,0.0,0.000498,0.0,0.001946,0.0,0.0,0.0,0.0,0.0,0.0,0.003401,0.0,0.0,0.001588,0.000593,0.0,0.003,0.0,0.001037,0.0,0.001568,0.001008,0.0,0.0,0.000413,0.0,0.0,0.000254,0.000489,0.000755,0.000518,0.000731,0.000315,0.0,0.0,0.001881,0.001104,0.0,0.004348,0.000234,0.0,0.0,0.005018,0.0,0.0,0.0,0.000342,0.001092,0.000481,0.0,0.002941,0.001764,0.0,0.002941,0.000808,0.0,0.0,0.000549,0.001149,0.000396,0.0,0.0,0.0,0.0,0.0,0.0,0.0,0.001508,0.003953,0.0,0.0,0.0,0.0,0.0,0.0,0.000367,0.0,0.0,0.000969,0.0,0.0,0.001196,0.002941,0.0,0.0,0.0,0.002941,0.0,0.0,0.0,0.0,0.011765,0.0,0.0,0.0,0.0,0.0,0.0,0.0,0.0,0.0,0.0,0.0,0.0,0.0,0.0,0.0,0.0,0.0,0.0,0.0,0.0,0.0,0.0,0.0,0.0,0.0,0.0,0.0,0.0,0.0,0.0,0.001929,0.001955,0.000776,0.001103,0.001587,0.003122,0.001421,0.002941,0.0,0.002941,0.001404,0.0,0.0,0.0,0.003262,0.0,0.0,0.0,0.0,0.002353,0.00149,0.0,0.0,0.0,0.0,0.0,0.0,0.0,0.0,0.0,0.0,0.0,0.0,0.0,0.0,0.004073,0.004454,0.0,0.002459,0.0,0.0,0.0,0.002941,0.008824,0.002941,0.0,0.0,0.002941,0.0,0.149206,1.0,0.014706,0.013473,0.002941,0.002941,0.021647,0.005882,0.004608,0.002601,0.002654,0.002941,0.005882,0.005882,0.017647,0.005882,0.023529,0.004831,0.0,0.0,0.0,0.002941,0.002788,0.0,0.0,0.0,0.004491,0.0,0.0,0.008824,0.058824,0.0,0.005882,0.005161,0.0,0.0,0.002882,0.0,0.0,0.0,0.0,0.0,0.002941,0.000972,0.0,0.0,0.0,0.0,0.0
8522,0.0,0.0,0.0,0.0,0.0,0.0,0.0,0.0,0.0,0.0,0.0,0.0,0.0,0.0,0.0,0.0,0.0,0.005128,0.000371,0.0,0.0,0.0,0.0,0.0,0.0,0.004902,0.008065,0.0,0.0,0.0,0.0,0.0,0.0,0.0,0.0,0.0,0.0,0.0,0.0,0.0,0.0,0.0,0.0,0.0,0.0,0.0,0.0,0.0,0.0,0.008065,0.0,0.0,0.0,0.0,0.0,0.0,0.0,0.0,0.00065,0.0,0.0,0.0,0.0,0.0,0.0,0.0,0.0,0.0,0.002525,0.0,0.0,0.0,0.0,0.0,0.0,0.0,0.0,0.0,0.000401,0.0,0.0,0.0,0.0,0.0,0.0,0.0,0.002604,0.0,0.0,0.0,0.0,0.0,0.001508,0.003257,0.0,0.0,0.0,0.0,0.0,0.0,0.0,0.0,0.0,0.0,0.0,0.0,0.0,0.0,0.0,0.0,0.0,0.0,0.0,0.0,0.0,0.0,0.0,0.0,0.0,0.0,0.0,0.0,0.0,0.0,0.0,0.0,0.0,0.0,0.008065,0.0,0.0,0.0,0.0,0.0,0.0,0.0,0.0,0.0,0.0,0.0,0.0,0.0,0.0,0.0,0.0,0.0,0.0,0.0,0.0,0.0,0.0,0.0,0.0,0.0,0.0,0.0,0.0,0.0,0.0,0.0,0.0,0.0,0.0,0.0,0.0,0.0,0.0,0.0,0.0,0.0,0.0,0.0,0.0,0.0,0.0,0.0,0.0,0.0,0.0,0.0,0.0,0.0,0.004545,0.0,0.0,0.0,0.0,0.0,0.0,0.0,0.0,0.0,0.0,0.008065,0.0,0.0,0.0,0.000498,0.0,0.001946,0.0,0.0,0.0,0.003546,0.0,0.0,0.0,0.003442,0.0,0.001323,0.000593,0.0,0.002,0.000422,0.000148,0.0,0.001176,0.001008,0.0,0.0,0.000825,0.002874,0.0,0.000254,0.0,0.000189,0.000207,0.0,0.000473,0.000289,0.0,0.00141,0.001472,0.0,0.002174,0.000936,0.0,0.000357,0.000456,0.0,0.003891,0.0,0.000342,0.001092,0.000481,0.0,0.0,0.001764,0.0,0.0,0.000808,0.0,0.0,0.000549,0.000287,0.000148,0.0,0.0,0.0,0.0,0.0,0.008065,0.008065,0.0,0.0,0.0,0.008065,0.0,0.0,0.0,0.0,0.000734,0.0,0.0,0.000727,0.0,0.001961,0.0,0.0,0.0,0.0,0.0,0.0,0.0,0.0,0.0,0.0,0.013793,0.0,0.0,0.0,0.0,0.0,0.0,0.0,0.008065,0.006711,0.0,0.0,0.0,0.0,0.0,0.0,0.008065,0.0,0.0,0.0,0.0,0.0,0.0,0.0,0.0,0.0,0.0,0.008065,0.0,0.0,0.0,0.0,0.00086,0.000776,0.002206,0.000794,0.002676,0.000711,0.0,0.0125,0.007519,0.001404,0.0,0.0,0.005291,0.001398,0.0,0.0,0.0,0.0,0.002353,0.000372,0.0,0.0,0.0,0.0,0.003497,0.0,0.002809,0.0,0.0,0.008065,0.0,0.002451,0.002088,0.009756,0.002037,0.0,0.0,0.00082,0.0,0.0,0.0,0.003425,0.0,0.015385,0.0,0.0,0.0,0.0,0.015873,0.014706,1.0,0.005988,0.0,0.008065,0.009882,0.016129,0.004608,0.000975,0.001592,0.008065,0.016129,0.0,0.013514,0.0,0.013559,0.0,0.0,0.0,0.0,0.0,0.0,0.0,0.0,0.0,0.001497,0.0,0.0,0.01227,0.016484,0.0,0.008065,0.00129,0.002375,0.0,0.0,0.0,0.0,0.0,0.0,0.00214,0.004525,0.000619,0.0,0.0,0.0,0.0,0.0
8530,0.000749,0.002994,0.004491,0.004491,0.000749,0.0,0.0,0.002246,0.0,0.005501,0.0,0.0,0.0,0.004491,0.004364,0.000749,0.0,0.0,0.006308,0.0,0.0,0.002246,0.0,0.001497,0.002246,0.0,0.000749,0.0,0.0,0.0,0.000749,0.0,0.0,0.0,0.0,0.0,0.006737,0.0,0.0,0.0,0.0,0.0,0.0,0.0,0.0,0.000749,0.0,0.0,0.0,0.000749,0.0,0.000749,0.0,0.001497,0.0,0.003743,0.0,0.0,0.004548,0.0,0.002994,0.0,0.001497,0.000749,0.0,0.0,0.001497,0.0,0.002994,0.0,0.0,0.0,0.000749,0.0,0.000749,0.0,0.0,0.000749,0.004812,0.0,0.0,0.0,0.0,0.000749,0.0,0.0,0.002246,0.0,0.000749,0.0,0.0,0.0,0.004491,0.008982,0.0,0.0,0.0,0.0,0.0,0.000749,0.0,0.000749,0.000749,0.0,0.0,0.0,0.0,0.0,0.0,0.0,0.0,0.000749,0.0,0.000749,0.0,0.0,0.0,0.0,0.0,0.0,0.0,0.0,0.0,0.0,0.0,0.000749,0.0,0.000749,0.0,0.000749,0.0,0.0,0.0,0.0,0.0,0.0,0.0,0.0,0.0,0.0,0.0,0.0,0.0,0.0,0.0,0.0,0.0,0.0,0.0,0.0,0.0,0.0,0.0,0.0,0.0,0.0,0.0,0.000749,0.0,0.0,0.0,0.0,0.0,0.0,0.0,0.0,0.0,0.0,0.0,0.0,0.0,0.002246,0.001497,0.000749,0.0,0.0,0.0,0.000749,0.000749,0.0,0.0,0.000749,0.000749,0.0,0.0,0.0,0.0,0.0,0.0,0.0,0.000749,0.0,0.0,0.0,0.0,0.0,0.0,0.003486,0.001497,0.001497,0.000749,0.0,0.0,0.003743,0.000749,0.000749,0.000749,0.000749,0.0,0.004499,0.005333,0.000749,0.00524,0.004223,0.003409,0.002567,0.003919,0.004491,0.001497,0.0,0.002064,0.0,0.0,0.00229,0.003912,0.003398,0.002278,0.003655,0.003154,0.001445,0.0,0.00141,0.003312,0.002994,0.0,0.004213,0.0,0.003926,0.005018,0.0,0.001497,0.0,0.004965,0.009174,0.002406,0.0,0.0,0.000749,0.0,0.00524,0.004848,0.0,0.0,0.005861,0.004454,0.001929,0.0,0.0,0.0,0.0,0.0,0.000749,0.000749,0.000749,0.004491,0.0,0.000749,0.0,0.000749,0.000749,0.0,0.005136,0.0,0.0,0.004604,0.002994,0.002246,0.001794,0.001497,0.001497,0.0,0.0,0.001497,0.0,0.0,0.000749,0.000749,0.0,0.0,0.0,0.001497,0.0,0.002246,0.001497,0.001497,0.000749,0.000749,0.0,0.0,0.0,0.0,0.0,0.0,0.0,0.0,0.0,0.0,0.0,0.0,0.0,0.0,0.0,0.0,0.0,0.000749,0.0,0.0,0.0,0.002246,0.007506,0.038174,0.00625,0.002994,0.015165,0.007107,0.001497,0.008234,0.009731,0.004912,0.0,0.003743,0.002246,0.017555,0.003743,0.0,0.0,0.0,0.000749,0.003352,0.0,0.0,0.002246,0.0,0.0,0.0,0.0,0.0,0.001497,0.0,0.000749,0.000749,0.002246,0.000749,0.000749,0.000749,0.0,0.005988,0.0,0.0,0.0,0.000749,0.002246,0.000749,0.0,0.0,0.0,0.0,0.014222,0.013473,0.005988,1.0,0.000749,0.001497,0.024471,0.0,0.004491,0.075423,0.028132,0.002246,0.0,0.0,0.000749,0.000749,0.003743,0.006737,0.0,0.0,0.0,0.000749,0.005988,0.0,0.003743,0.0,0.002246,0.0,0.000749,0.0,0.001497,0.0,0.001497,0.004491,0.000749,0.000749,0.0,0.0,0.0,0.000749,0.004491,0.002568,0.0,0.004684,0.0,0.0,0.0,0.0,0.0
8541,0.0,0.0,0.0,0.0,0.0,0.0,0.0,0.0,0.0,0.0,0.0,0.0,0.003831,0.0,0.001247,0.0,0.0,0.0,0.000371,0.0,0.0,0.0,0.0,0.0,0.0,0.0,0.004587,0.0,0.0,0.004587,0.0,0.0,0.0,0.0,0.0,0.0,0.0,0.0,0.0,0.0,0.0,0.0,0.0,0.0,0.0,0.0,0.0,0.0,0.0,0.0,0.0,0.0,0.0,0.0,0.0,0.0,0.0,0.0,0.0013,0.0,0.004587,0.0,0.0,0.004762,0.0,0.0,0.0,0.0,0.005051,0.0,0.0,0.004587,0.0,0.0,0.0,0.0,0.0,0.0,0.000802,0.0,0.0,0.0,0.0,0.0,0.0,0.0,0.002604,0.0,0.0,0.0,0.0,0.0,0.001508,0.001629,0.0,0.0,0.0,0.0,0.0,0.0,0.0,0.0,0.0,0.0,0.0,0.0,0.0,0.0,0.0,0.0,0.0,0.004587,0.0,0.0,0.0,0.0,0.0,0.0,0.0,0.0,0.003058,0.0,0.0,0.0,0.0,0.0,0.004587,0.0,0.0,0.0,0.0,0.0,0.0,0.0,0.0,0.0,0.0,0.0,0.0,0.0,0.0,0.0,0.0,0.0,0.0,0.0,0.0,0.0,0.0,0.0,0.0,0.0,0.0,0.0,0.0,0.0,0.0,0.0,0.0,0.0,0.0,0.0,0.0,0.0,0.0,0.0,0.0,0.0,0.0,0.0,0.0,0.000998,0.004587,0.0,0.0,0.0,0.0,0.0,0.0,0.0,0.001664,0.004587,0.0,0.004587,0.0,0.0,0.0,0.0,0.0,0.0,0.0,0.0,0.0,0.0,0.0,0.0,0.0,0.000498,0.0,0.0,0.0,0.0,0.0,0.0,0.0,0.0,0.0,0.0,0.00155,0.0,0.000296,0.000982,0.002,0.000845,0.000593,0.001712,0.001764,0.0,0.001919,0.0,0.002064,0.0,0.004484,0.000509,0.000489,0.001322,0.000518,0.000365,0.000473,0.000289,0.0,0.00094,0.000368,0.001504,0.0,0.00117,0.0,0.001428,0.000912,0.0,0.007782,0.0,0.000514,0.000655,0.000722,0.004587,0.0,0.0,0.0,0.0,0.001077,0.0,0.0,0.000183,0.000647,9.9e-05,0.0,0.009174,0.0,0.0,0.0,0.0,0.0,0.001508,0.003953,0.0,0.0,0.0,0.000944,0.0,0.0,0.001101,0.0,0.0,0.002019,0.001127,0.003922,0.001196,0.0,0.0,0.0,0.0,0.0,0.0,0.0,0.0,0.0,0.0,0.0,0.0,0.0,0.0,0.0,0.0,0.0,0.0,0.0,0.0,0.0,0.0,0.0,0.0,0.0,0.0,0.0,0.0,0.0,0.0,0.0,0.0,0.0,0.0,0.0,0.0,0.0,0.0,0.0,0.0,0.000964,0.000704,0.001553,0.000368,0.0,0.001338,0.000711,0.0,0.0,0.0,0.001404,0.0,0.0,0.004587,0.001864,0.0,0.0,0.004587,0.0,0.002353,0.000372,0.0,0.0,0.0,0.0,0.0,0.0,0.0,0.0,0.0,0.0,0.004587,0.0,0.002088,0.0,0.0,0.0,0.0,0.002459,0.004587,0.0,0.0,0.0,0.0,0.0,0.0,0.0,0.0,0.0,0.003175,0.002941,0.0,0.000749,1.0,0.013761,0.005176,0.009174,0.002304,0.0,0.002654,0.0,0.004587,0.004587,0.004587,0.0,0.00339,0.001208,0.0,0.0,0.0,0.002967,0.022305,0.009174,0.026059,0.0,0.002994,0.0,0.0,0.0,0.0,0.0,0.0,0.00129,0.0,0.0,0.0,0.0,0.0,0.004444,0.003534,0.00214,0.004525,0.001856,0.0,0.0,0.0,0.0,0.0
8542,0.0,0.0,0.0,0.00177,0.0,0.0,0.0,0.0,0.0,0.0,0.0,0.0,0.0,0.0,0.0,0.0,0.0,0.0,0.0,0.0,0.0,0.0,0.0,0.0,0.0,0.0,0.0,0.0,0.0,0.0,0.0,0.0,0.0,0.0,0.0,0.0,0.000792,0.0,0.0,0.0,0.0,0.0,0.0,0.0,0.0,0.0,0.0,0.0,0.0,0.0,0.0,0.0,0.0,0.002375,0.0,0.0,0.0,0.0,0.00065,0.0,0.0,0.0,0.0,0.0,0.0,0.0,0.0,0.0,0.0,0.0,0.0,0.0,0.0,0.0,0.0,0.0,0.0,0.0,0.000401,0.0,0.0,0.0,0.0,0.0,0.0,0.0,0.0,0.0,0.0,0.0,0.0,0.012987,0.001508,0.0,0.0,0.0,0.0,0.0,0.0,0.0,0.0,0.0,0.0,0.0,0.0,0.0,0.0,0.0,0.0,0.0,0.0,0.0,0.0,0.0,0.0,0.0,0.0,0.0,0.0,0.0,0.0,0.0,0.0,0.0,0.0,0.0,0.0,0.0,0.0,0.0,0.0,0.0,0.0,0.0,0.0,0.0,0.0,0.0,0.0,0.0,0.0,0.0,0.0,0.0,0.0,0.0,0.0,0.0,0.0,0.0,0.0,0.0,0.0,0.0,0.0,0.0,0.0,0.0,0.0,0.0,0.0,0.0,0.0,0.0,0.0,0.0,0.0,0.0,0.0,0.0,0.0,0.0,0.0,0.0,0.0,0.0,0.012987,0.0,0.00303,0.0,0.0,0.0,0.0,0.0,0.0,0.0,0.0,0.0,0.0,0.0,0.0,0.0,0.0,0.0,0.0,0.0,0.0,0.0,0.002123,0.0,0.0,0.0,0.0,0.0,0.0,0.0,0.0,0.0,0.0,0.0,0.000296,0.0,0.0,0.000422,0.0,0.000428,0.000784,0.0,0.0,0.0,0.0,0.0,0.0,0.000254,0.0,0.000755,0.000311,0.0,0.000315,0.0,0.0,0.0,0.0,0.0,0.0,0.0,0.0,0.0,0.001369,0.0,0.0,0.0,0.000685,0.0,0.0,0.0,0.0,0.0,0.0,0.002941,0.0,0.0,0.0,0.000183,0.0,4.9e-05,0.0,0.0,0.0,0.0,0.0,0.0,0.0,0.001508,0.0,0.0,0.0,0.0,0.0,0.0,0.0,0.000367,0.0,0.0,0.000485,0.001127,0.0,0.0,0.0,0.0,0.0,0.0,0.0,0.0,0.0,0.0,0.0,0.0,0.0,0.0,0.0,0.0,0.0,0.0,0.0,0.0,0.0,0.0,0.0,0.0,0.0,0.0,0.0,0.0,0.0,0.0,0.0,0.0,0.0,0.0,0.0,0.0,0.0,0.0,0.0,0.0,0.0,0.0,0.000964,0.000156,0.0,0.000735,0.0,0.0,0.000355,0.0,0.0,0.0,0.000702,0.0,0.0,0.005291,0.000621,0.0,0.0,0.0,0.0,0.004706,0.0,0.0,0.0,0.0,0.0,0.0,0.003472,0.002809,0.0,0.0,0.0,0.0,0.0,0.0,0.0,0.0,0.0,0.0,0.00082,0.0,0.0,0.0,0.0,0.0,0.0,0.0,0.0,0.0,0.0,0.003175,0.002941,0.008065,0.001497,0.013761,1.0,0.002824,0.012987,0.002304,0.0,0.000531,0.0,0.012987,0.012987,0.006757,0.0,0.0,0.007246,0.0,0.0,0.0,0.002967,0.001859,0.0,0.006515,0.0,0.002994,0.0,0.0,0.0,0.0,0.0,0.02439,0.0,0.0,0.0,0.0,0.0,0.0,0.0,0.001767,0.000856,0.004525,0.000442,0.0,0.0,0.0,0.0,0.0
8549,0.000941,0.001412,0.000941,0.000941,0.0,0.0,0.0,0.0,0.0,0.002824,0.000471,0.0,0.000471,0.000941,0.002824,0.000471,0.000471,0.001882,0.002968,0.0,0.0,0.000941,0.000941,0.000941,0.0,0.001412,0.000471,0.000941,0.0,0.0,0.000941,0.001412,0.0,0.000471,0.0,0.0,0.0,0.000471,0.0,0.0,0.0,0.000471,0.0,0.0,0.0,0.0,0.0,0.0,0.0,0.0,0.0,0.001412,0.0,0.000941,0.0,0.001412,0.000471,0.0,0.008,0.000471,0.0,0.000471,0.001412,0.002353,0.0,0.000471,0.000471,0.0,0.000941,0.0,0.0,0.0,0.000471,0.0,0.0,0.0,0.0,0.000471,0.010024,0.0,0.0,0.0,0.0,0.000941,0.0,0.0,0.000471,0.0,0.000471,0.0,0.0,0.0,0.007059,0.004235,0.0,0.000471,0.000471,0.000471,0.000471,0.0,0.0,0.000941,0.000941,0.0,0.001412,0.0,0.000471,0.000471,0.000471,0.0,0.0,0.001412,0.0,0.000471,0.0,0.0,0.0,0.0,0.0,0.0,0.002824,0.000471,0.0,0.0,0.0,0.001412,0.0,0.0,0.0,0.0,0.0,0.0,0.0,0.0,0.0,0.0,0.000941,0.0,0.0,0.0,0.0,0.000941,0.0,0.0,0.0,0.0,0.0,0.0,0.0,0.0,0.0,0.0,0.001412,0.0,0.0,0.0,0.0,0.0,0.0,0.0,0.0,0.0,0.0,0.000471,0.0,0.000471,0.000471,0.0,0.0,0.0,0.0,0.002824,0.000471,0.0,0.000471,0.0,0.0,0.001412,0.002824,0.000941,0.003765,0.0,0.000941,0.000471,0.0,0.0,0.000471,0.000941,0.0,0.000471,0.000471,0.001412,0.0,0.0,0.0,0.0,0.0,0.012235,0.001882,0.001412,0.0,0.0,0.0,0.006588,0.001882,0.0,0.0,0.001412,0.000941,0.009262,0.008296,0.002353,0.005176,0.003801,0.004595,0.007274,0.012738,0.011765,0.001412,0.0,0.010318,0.002353,0.0,0.004835,0.008941,0.009439,0.004348,0.005482,0.005047,0.004623,0.0,0.014575,0.014354,0.002353,0.000471,0.005618,0.0,0.011064,0.022354,0.0,0.0,0.000471,0.005821,0.010485,0.005773,0.000941,0.000941,0.000471,0.0,0.001412,0.008349,0.0,0.0,0.003663,0.006537,0.003017,0.000471,0.000471,0.0,0.0,0.0,0.001412,0.000471,0.001412,0.004706,0.0,0.000941,0.000471,0.002353,0.000471,0.000941,0.008437,0.001412,0.001412,0.010016,0.004706,0.003765,0.005647,0.003294,0.002353,0.000471,0.000471,0.002353,0.000471,0.0,0.0,0.000471,0.001412,0.000471,0.000941,0.001882,0.000471,0.005647,0.005647,0.003765,0.0,0.002353,0.000471,0.0,0.0,0.0,0.000941,0.0,0.0,0.0,0.0,0.0,0.0,0.0,0.0,0.000471,0.0,0.0,0.0,0.000941,0.0,0.0,0.0,0.006118,0.008679,0.012706,0.018015,0.006588,0.038359,0.012793,0.001412,0.005176,0.002824,0.015059,0.000471,0.005176,0.003294,0.020506,0.004235,0.000941,0.0,0.0,0.003765,0.007821,0.000471,0.000471,0.0,0.000471,0.001882,0.000941,0.003294,0.001882,0.001882,0.0,0.000471,0.002824,0.005647,0.000941,0.004706,0.001412,0.000471,0.012706,0.000941,0.001412,0.0,0.002824,0.005176,0.000941,0.000941,0.0,0.004235,0.0,0.024471,0.021647,0.009882,0.024471,0.005176,0.002824,1.0,0.009412,0.005647,0.018856,0.020706,0.000941,0.002824,0.001412,0.008,0.004706,0.011294,0.013176,0.000471,0.000471,0.000471,0.000941,0.011765,0.005176,0.001882,0.000471,0.002353,0.006118,0.000471,0.016471,0.007059,0.0,0.003765,0.007529,0.000941,0.001412,0.001412,0.0,0.0,0.000471,0.001412,0.038955,0.005176,0.011135,0.0,0.0,0.0,0.0,0.0
8550,0.0,0.0,0.0,0.0,0.0,0.0,0.0,0.0,0.0,0.00055,0.0,0.0,0.0,0.0,0.000623,0.0,0.0,0.0,0.0,0.0,0.0,0.0,0.0,0.0,0.0,0.004902,0.0,0.0,0.0,0.0,0.0,0.0,0.0,0.0,0.0,0.0,0.0,0.0,0.0,0.0,0.0,0.017241,0.0,0.0,0.0,0.0,0.0,0.0,0.0,0.0,0.0,0.0,0.0,0.0,0.0,0.0,0.0,0.0,0.0,0.016393,0.0,0.0,0.0,0.002381,0.0,0.0,0.0,0.0,0.0,0.0,0.0,0.0,0.0,0.0,0.0,0.0,0.0,0.0,0.0,0.0,0.0,0.0,0.0,0.0,0.0,0.0,0.0,0.0,0.0,0.0,0.0,0.0,0.0,0.0,0.0,0.017241,0.0,0.0,0.0,0.0,0.0,0.0,0.0,0.0,0.010309,0.0,0.0,0.0,0.0,0.0,0.0,0.0,0.0,0.0,0.0,0.0,0.0,0.0,0.0,0.0,0.0,0.0,0.0,0.0,0.0,0.0,0.0,0.0,0.0,0.0,0.0,0.0,0.0,0.0,0.0,0.0,0.0,0.0,0.0,0.0,0.0,0.0,0.0,0.0,0.0,0.0,0.0,0.0,0.0,0.0,0.0,0.0,0.0,0.0,0.0,0.0,0.0,0.0,0.0,0.0,0.0,0.0,0.0,0.0,0.0,0.0,0.0,0.0,0.0,0.0,0.0,0.001996,0.0,0.0,0.0,0.0,0.0,0.0,0.0,0.0,0.0,0.0,0.0,0.0,0.0,0.0,0.0,0.0,0.0,0.0,0.0,0.0,0.0,0.0,0.0,0.0,0.0,0.000498,0.0,0.0,0.0,0.0,0.0,0.0,0.0,0.0,0.0,0.001721,0.0,0.000265,0.0,0.0,0.001,0.0,0.000296,0.000856,0.000392,0.001008,0.0,0.0,0.0,0.0,0.0,0.0,0.000489,0.0,0.000104,0.0,0.000158,0.0,0.0,0.00047,0.0,0.0,0.0,0.000234,0.0,0.0,0.001825,0.0,0.0,0.0,0.000171,0.000218,0.000481,0.0,0.009174,0.0,0.0,0.0,0.000269,0.0,0.0,0.0,0.0,0.0,0.0,0.0,0.0,0.0,0.0,0.017241,0.0,0.003017,0.001976,0.0,0.0,0.0,0.0,0.0,0.0,0.0,0.0,0.017241,0.000242,0.0,0.001961,0.0,0.0,0.0,0.0,0.0,0.0,0.0,0.0,0.0,0.0,0.0,0.0,0.0,0.0,0.0,0.001258,0.003115,0.005102,0.0,0.013423,0.0,0.0,0.0,0.0,0.0,0.0,0.0,0.0,0.0,0.0,0.0,0.0,0.0,0.0,0.0,0.0,0.0,0.0,0.0,0.0,0.0,0.000964,0.000235,0.0,0.000368,0.0,0.000446,0.000355,0.0,0.0,0.0,0.000702,0.0,0.003012,0.0,0.000311,0.0,0.0,0.0,0.0,0.004706,0.0,0.0,0.0,0.0,0.0,0.0,0.0,0.002809,0.0,0.0,0.0,0.0,0.004902,0.0,0.0,0.0,0.0,0.0,0.001639,0.0,0.0,0.0,0.003425,0.0,0.0,0.017241,0.0,0.0,0.0,0.006349,0.005882,0.016129,0.0,0.009174,0.012987,0.009412,1.0,0.006912,0.000325,0.000531,0.0,0.013514,0.017241,0.013514,0.0,0.0,0.002415,0.0,0.0,0.0,0.002967,0.000929,0.0,0.0,0.0,0.0,0.0,0.0,0.0,0.0,0.0,0.0,0.00129,0.0,0.0,0.0,0.0,0.0,0.0,0.0,0.000856,0.004525,0.000265,0.0,0.0,0.0,0.017241,0.0
8610,0.0,0.0,0.0,0.0,0.0,0.0,0.0,0.0,0.0,0.00165,0.0,0.0,0.0,0.0,0.000623,0.0,0.0,0.0,0.000742,0.0,0.0,0.0,0.0,0.0,0.0,0.0,0.002304,0.0,0.0,0.0,0.0,0.0,0.0,0.0,0.0,0.0,0.0,0.0,0.0,0.0,0.0,0.002304,0.0,0.0,0.0,0.0,0.0,0.0,0.0,0.002304,0.0,0.004608,0.0,0.0,0.0,0.0,0.0,0.0,0.0,0.002304,0.0,0.0,0.0,0.002304,0.0,0.0,0.0,0.0,0.0,0.0,0.0,0.0,0.0,0.0,0.0,0.0,0.0,0.0,0.0,0.0,0.0,0.0,0.0,0.0,0.0,0.0,0.0,0.0,0.0,0.0,0.0,0.0,0.0,0.004886,0.0,0.002304,0.002304,0.0,0.0,0.0,0.0,0.002304,0.0,0.0,0.002304,0.0,0.0,0.0,0.0,0.0,0.002304,0.0,0.0,0.0,0.0,0.004608,0.0,0.0,0.0,0.0,0.0,0.0,0.0,0.0,0.0,0.0,0.0,0.0,0.0,0.0,0.0,0.0,0.0,0.0,0.0,0.0,0.0,0.0,0.0,0.0,0.0,0.0,0.0,0.0,0.0,0.0,0.0,0.0,0.0,0.0,0.0,0.0,0.0,0.0,0.0,0.0,0.002304,0.0,0.0,0.0,0.0,0.0,0.0,0.0,0.0,0.0,0.0,0.0,0.0,0.0,0.0,0.0,0.0,0.0,0.0,0.0,0.0,0.004608,0.0,0.0,0.0,0.0,0.0,0.0,0.0,0.0,0.0,0.0,0.0,0.002304,0.0,0.0,0.0,0.0,0.0,0.0,0.0,0.000498,0.002123,0.0,0.0,0.0,0.0,0.0,0.002304,0.0,0.0,0.001721,0.0,0.000529,0.0,0.0,0.0,0.001267,0.000593,0.001712,0.003331,0.0,0.0,0.0,0.002476,0.0,0.002304,0.000509,0.0,0.000566,0.000207,0.001462,0.001419,0.000289,0.0,0.00094,0.000736,0.0,0.0,0.000468,0.0,0.000714,0.000912,0.0,0.0,0.0,0.0,0.013106,0.000962,0.0,0.002304,0.001764,0.0,0.0,0.000808,0.0,0.0,0.000549,0.000216,0.000198,0.0,0.0,0.0,0.0,0.0,0.002304,0.0,0.004525,0.005929,0.0,0.0,0.0,0.0,0.001718,0.002304,0.000734,0.0,0.002304,0.000727,0.0,0.001961,0.0,0.0,0.0,0.0,0.0,0.0,0.0,0.0,0.002304,0.0,0.006912,0.0,0.0,0.0,0.0,0.001258,0.002304,0.002304,0.0,0.002304,0.0,0.0,0.0,0.0,0.0,0.0,0.0,0.0,0.0,0.0,0.0,0.0,0.0,0.0,0.0,0.0,0.0,0.0,0.0,0.0,0.0,0.009643,0.002111,0.000776,0.000368,0.001587,0.003568,0.002132,0.0,0.009217,0.006912,0.0,0.0,0.004608,0.004608,0.002175,0.002304,0.0,0.0,0.0,0.006912,0.0,0.0,0.0,0.0,0.0,0.0,0.0,0.0,0.0,0.0,0.0,0.002304,0.0,0.0,0.0,0.0,0.0,0.002304,0.0,0.0,0.0,0.0,0.034562,0.06682,0.002304,0.0,0.004608,0.002304,0.002304,0.009524,0.004608,0.004608,0.004491,0.002304,0.002304,0.005647,0.006912,1.0,0.053641,0.082272,0.011521,0.023041,0.006912,0.02765,0.006912,0.025346,0.002415,0.004608,0.0,0.0,0.002304,0.004647,0.0,0.002304,0.0,0.0,0.0,0.0,0.002304,0.013825,0.0,0.0,0.0,0.0,0.0,0.0,0.0,0.0,0.0,0.0,0.000856,0.002304,0.001237,0.0,0.0,0.0,0.0,0.0
8620,0.002276,0.004551,0.000975,0.0013,0.00065,0.0,0.0,0.000325,0.0,0.008778,0.0013,0.0,0.001625,0.002601,0.006502,0.0,0.000325,0.000975,0.013329,0.000325,0.0,0.0013,0.000975,0.00065,0.0013,0.000325,0.000325,0.000325,0.0,0.0,0.0013,0.0,0.0,0.000325,0.0,0.0,0.005852,0.000325,0.0,0.0,0.0,0.000325,0.0,0.0,0.000325,0.000325,0.0,0.0,0.0,0.000325,0.0,0.000975,0.0,0.000325,0.0,0.0013,0.000325,0.0,0.003901,0.000975,0.0,0.0,0.000325,0.00065,0.0,0.0,0.0,0.00065,0.001951,0.0,0.0,0.000325,0.000325,0.0,0.00065,0.0,0.0,0.0,0.002601,0.0,0.0,0.0,0.000325,0.000325,0.00065,0.0,0.0,0.0,0.000325,0.0,0.0,0.0,0.000975,0.002601,0.0,0.000325,0.00065,0.0,0.0,0.0,0.0,0.0,0.00065,0.0,0.000975,0.0,0.0,0.00065,0.0,0.0,0.0,0.0,0.0,0.0,0.0,0.000325,0.0,0.0,0.0,0.0,0.000325,0.0,0.0,0.0,0.0,0.0,0.0,0.000325,0.0,0.0,0.0,0.0,0.0,0.0,0.0,0.00065,0.0,0.0,0.0,0.0,0.0,0.000325,0.0,0.0,0.0,0.000325,0.0,0.0,0.0,0.0,0.0,0.0,0.0,0.000325,0.0,0.0,0.0,0.0,0.0,0.0,0.0,0.0,0.000325,0.0,0.0,0.0,0.0,0.0,0.0,0.0,0.0,0.000325,0.0,0.0,0.0,0.0,0.0,0.006177,0.000975,0.0,0.0,0.00065,0.0,0.0,0.0,0.00065,0.000325,0.00065,0.0,0.002276,0.000325,0.0,0.0,0.000325,0.0,0.0,0.0,0.000975,0.000975,0.000325,0.0,0.0,0.000325,0.0013,0.00065,0.000325,0.000325,0.000975,0.000325,0.002911,0.002667,0.00065,0.005527,0.003576,0.004891,0.003576,0.035273,0.00065,0.00065,0.0,0.015605,0.000325,0.0,0.00229,0.003576,0.005286,0.003417,0.005202,0.003943,0.008668,0.0,0.006177,0.001951,0.00065,0.000325,0.003979,0.00065,0.006502,0.004551,0.0,0.0,0.000325,0.004622,0.078855,0.011547,0.0,0.00065,0.0013,0.000325,0.0,0.017237,0.0,0.0,0.008425,0.004454,0.003759,0.0,0.0,0.0,0.0,0.000325,0.000325,0.0,0.001951,0.000975,0.0,0.0,0.00065,0.001951,0.00065,0.000975,0.014629,0.0,0.000325,0.007108,0.001951,0.000325,0.003576,0.000325,0.000325,0.000325,0.0,0.000325,0.0,0.000325,0.000325,0.0,0.001951,0.0,0.0,0.000975,0.000325,0.000975,0.0013,0.000325,0.0,0.0013,0.0,0.0,0.0,0.0,0.000325,0.0,0.000325,0.0,0.0,0.000325,0.0,0.0013,0.0,0.0,0.000325,0.0,0.0,0.00065,0.000325,0.000325,0.0,0.009428,0.037138,0.002276,0.002601,0.003576,0.009103,0.002601,0.000325,0.002926,0.002926,0.005202,0.0,0.0013,0.00065,0.029672,0.001951,0.0,0.000325,0.0,0.001625,0.004226,0.000325,0.000325,0.0,0.0,0.0,0.000325,0.000975,0.0,0.000325,0.0,0.0,0.000325,0.0,0.000325,0.0013,0.000325,0.000325,0.003901,0.0,0.000325,0.0,0.011378,0.012679,0.002276,0.0,0.000325,0.0013,0.00065,0.009103,0.002601,0.000975,0.075423,0.0,0.0,0.018856,0.000325,0.053641,1.0,0.189857,0.004551,0.002926,0.001625,0.004876,0.002276,0.008453,0.004876,0.002926,0.000325,0.0,0.00065,0.005202,0.0,0.00065,0.0013,0.001951,0.00065,0.000975,0.001625,0.005527,0.0,0.002926,0.000325,0.000325,0.0,0.0,0.0,0.0,0.0,0.000975,0.010078,0.003901,0.0114,0.0,0.0,0.0,0.000325,0.0
8690,0.0,0.001592,0.001062,0.0,0.000531,0.0,0.0,0.0,0.0,0.003715,0.000531,0.0,0.0,0.002654,0.004246,0.000531,0.0,0.000531,0.00334,0.0,0.000531,0.001062,0.000531,0.0,0.000531,0.0,0.000531,0.0,0.0,0.0,0.001062,0.0,0.0,0.0,0.0,0.0,0.001592,0.000531,0.0,0.0,0.0,0.0,0.0,0.0,0.0,0.0,0.0,0.0,0.0,0.001062,0.0,0.000531,0.0,0.002123,0.0,0.001062,0.0,0.0,0.001592,0.000531,0.0,0.0,0.0,0.001062,0.000531,0.0,0.0,0.0,0.000531,0.0,0.0,0.000531,0.000531,0.0,0.001592,0.0,0.0,0.001062,0.001203,0.0,0.0,0.0,0.0,0.0,0.0,0.0,0.0,0.0,0.0,0.0,0.0,0.0,0.0,0.002654,0.0,0.0,0.001062,0.000531,0.0,0.0,0.0,0.002123,0.0,0.0,0.000531,0.0,0.0,0.0,0.0,0.0,0.0,0.0,0.0,0.0,0.0,0.0,0.0,0.0,0.0,0.0,0.001062,0.0,0.0,0.0,0.0,0.0,0.0,0.0,0.0,0.0,0.0,0.0,0.0,0.0,0.000531,0.002123,0.0,0.0,0.0,0.0,0.0,0.0,0.0,0.0,0.0,0.0,0.0,0.0,0.0,0.0,0.0,0.0,0.0,0.000531,0.0,0.0,0.0,0.0,0.0,0.0,0.0,0.0,0.0,0.0,0.0,0.0,0.0,0.0,0.0,0.0,0.0,0.000531,0.0,0.0,0.0,0.0,0.0,0.007962,0.000531,0.0,0.0,0.001062,0.001592,0.0,0.0,0.0,0.0,0.000531,0.0,0.001592,0.0,0.000531,0.0,0.0,0.0,0.0,0.0,0.001494,0.000531,0.0,0.000531,0.0,0.0,0.001062,0.000531,0.000531,0.001592,0.000531,0.0,0.001058,0.001185,0.001062,0.005308,0.003378,0.001482,0.001712,0.024691,0.001592,0.0,0.0,0.016921,0.0,0.0,0.001781,0.003912,0.003398,0.002692,0.00402,0.002681,0.000867,0.0,0.003291,0.000736,0.001062,0.0,0.001873,0.0,0.004996,0.004106,0.0,0.0,0.001592,0.001883,0.042377,0.019245,0.0,0.0,0.000531,0.0,0.000531,0.007272,0.0,0.0,0.002564,0.003448,0.001286,0.0,0.0,0.0,0.0,0.0,0.0,0.0,0.001062,0.001062,0.0,0.0,0.000531,0.001062,0.0,0.0,0.004402,0.0,0.0,0.003393,0.0,0.001062,0.001062,0.000531,0.000531,0.0,0.0,0.000531,0.0,0.0,0.000531,0.0,0.001062,0.0,0.000531,0.001062,0.0,0.000531,0.001592,0.001062,0.0,0.000531,0.0,0.0,0.0,0.0,0.0,0.0,0.000531,0.0,0.0,0.0,0.0,0.001062,0.0,0.0,0.0,0.0,0.0,0.000531,0.0,0.0,0.0,0.010616,0.012823,0.002654,0.004779,0.002654,0.010705,0.002132,0.002123,0.004246,0.003715,0.002123,0.001062,0.001062,0.001062,0.031536,0.002654,0.0,0.0,0.0,0.001592,0.003352,0.0,0.0,0.000531,0.0,0.0,0.000531,0.000531,0.0,0.0,0.0,0.0,0.001592,0.001062,0.000531,0.004777,0.0,0.000531,0.002123,0.000531,0.0,0.001592,0.009554,0.029724,0.0,0.0,0.001062,0.005308,0.001062,0.005308,0.002654,0.001592,0.028132,0.002654,0.000531,0.020706,0.000531,0.082272,0.189857,1.0,0.007962,0.003715,0.002123,0.003185,0.002123,0.007431,0.002123,0.002654,0.0,0.0,0.001592,0.003185,0.0,0.0,0.0,0.001592,0.001062,0.0,0.002123,0.001592,0.0,0.001592,0.0,0.0,0.0,0.0,0.0,0.0,0.0,0.001062,0.009846,0.001592,0.007246,0.000531,0.0,0.0,0.0,0.0
8710,0.0,0.0,0.0,0.0,0.0,0.0,0.0,0.0,0.0,0.0,0.0,0.0,0.0,0.0,0.0,0.0,0.0,0.0,0.000742,0.0,0.0,0.0,0.0,0.0,0.0,0.0,0.014925,0.0,0.0,0.0,0.0,0.0,0.0,0.0,0.0,0.0,0.0,0.0,0.0,0.0,0.0,0.0,0.0,0.0,0.0,0.0,0.0,0.0,0.0,0.014493,0.0,0.0,0.0,0.0,0.0,0.0,0.0,0.0,0.0,0.0,0.0,0.0,0.0,0.0,0.0,0.0,0.0,0.0,0.0,0.0,0.0,0.0,0.0,0.0,0.0,0.0,0.0,0.0,0.0,0.0,0.0,0.0,0.0,0.0,0.0,0.0,0.0,0.0,0.0,0.0,0.0,0.0,0.0,0.001629,0.0,0.0,0.0,0.0,0.0,0.0,0.0,0.003311,0.0,0.0,0.0,0.0,0.0,0.005848,0.0,0.0,0.0,0.0,0.0,0.0,0.0,0.0,0.0,0.0,0.0,0.0,0.0,0.0,0.0,0.0,0.0,0.0,0.0,0.0,0.0,0.0,0.0,0.0,0.0,0.0,0.0,0.0,0.0,0.0,0.0,0.0,0.0,0.0,0.0,0.0,0.0,0.0,0.0,0.0,0.0,0.0,0.0,0.0,0.0,0.0,0.0,0.0,0.0,0.0,0.0,0.0,0.0,0.0,0.0,0.0,0.0,0.0,0.0,0.0,0.0,0.0,0.0,0.0,0.0,0.0,0.0,0.0,0.0,0.0,0.0,0.0,0.0,0.0,0.0,0.0,0.0,0.0,0.0,0.0,0.0,0.0,0.0,0.0,0.0,0.0,0.0,0.0,0.0,0.0,0.0,0.0,0.0,0.0,0.0,0.0,0.0,0.0,0.0,0.0,0.0,0.0,0.000296,0.0,0.0,0.0,0.0,0.0,0.000196,0.001008,0.001919,0.0,0.000413,0.0,0.0,0.0,0.0,0.0,0.0,0.0,0.000158,0.0,0.0,0.0,0.000368,0.0,0.0,0.0,0.0,0.0,0.0,0.0,0.0,0.0,0.000342,0.001311,0.000481,0.0,0.0,0.0,0.0,0.0,0.0,0.0,0.0,0.0,0.0,0.0,0.0,0.0,0.0,0.0,0.0,0.0,0.0,0.0,0.0,0.0,0.0,0.0,0.0,0.0,0.0,0.0,0.0,0.016393,0.000162,0.001127,0.0,0.0,0.0,0.0,0.0,0.0,0.0,0.0,0.0,0.0,0.0,0.006897,0.0,0.0,0.0,0.0,0.0,0.0,0.0,0.0,0.0,0.0,0.0,0.0,0.0,0.0,0.0,0.0,0.0,0.0,0.0,0.0,0.0,0.0,0.0,0.0,0.0,0.0,0.0,0.0,0.0,0.0,0.002893,0.000391,0.0,0.0,0.0,0.0,0.000355,0.0,0.00625,0.007519,0.000702,0.0,0.0,0.005291,0.000777,0.0,0.0,0.0,0.0,0.0,0.0,0.0,0.0,0.0,0.0,0.0,0.0,0.0,0.0,0.0,0.0,0.0,0.0,0.0,0.0,0.0,0.0,0.0,0.001639,0.0,0.0,0.0,0.010274,0.027523,0.015385,0.0,0.0,0.016393,0.0,0.003175,0.002941,0.008065,0.002246,0.0,0.0,0.000941,0.0,0.011521,0.004551,0.007962,1.0,0.027027,0.032787,0.027027,0.0,0.00678,0.001208,0.016393,0.0,0.0,0.0,0.002788,0.0,0.0,0.0,0.0,0.0,0.0,0.0,0.010989,0.0,0.0,0.0,0.0,0.0,0.0,0.0,0.0,0.0,0.0,0.000428,0.0,0.000177,0.0,0.0,0.0,0.0,0.0
8720,0.0,0.0,0.0,0.0,0.0,0.0,0.0,0.0,0.0,0.00055,0.0,0.0,0.0,0.0,0.0,0.0,0.0,0.010256,0.0,0.0,0.0,0.00157,0.0,0.0,0.0,0.0,0.0,0.0,0.0,0.0,0.0,0.0,0.0,0.0,0.0,0.0,0.0,0.0,0.0,0.0,0.0,0.0,0.0,0.0,0.0,0.0,0.0,0.0,0.0,0.0,0.0,0.002481,0.0,0.0,0.0,0.0,0.0,0.0,0.0013,0.0,0.0,0.0,0.0,0.0,0.0,0.0,0.0,0.0,0.0,0.0,0.0,0.0,0.0,0.0,0.0,0.0,0.0,0.0,0.000401,0.0,0.0,0.0,0.0,0.0,0.0,0.0,0.0,0.0,0.0,0.0,0.0,0.0,0.0,0.0,0.0,0.0,0.0,0.0,0.0,0.0,0.0,0.0,0.0,0.0,0.0,0.0,0.0,0.0,0.0,0.0,0.0,0.0,0.0,0.0,0.0,0.013514,0.0,0.0,0.0,0.0,0.001529,0.0,0.0,0.0,0.0,0.0,0.0,0.0,0.0,0.0,0.0,0.0,0.0,0.0,0.0,0.0,0.0,0.0,0.0,0.0,0.0,0.0,0.0,0.0,0.0,0.0,0.0,0.0,0.0,0.0,0.0,0.0,0.0,0.0,0.0,0.0,0.013514,0.0,0.0,0.0,0.0,0.0,0.0,0.0,0.0,0.0,0.0,0.0,0.0,0.0,0.0,0.0,0.007519,0.0,0.0,0.0,0.0,0.0,0.0,0.0,0.0,0.0,0.0,0.0,0.0,0.0,0.0,0.0,0.0,0.007812,0.0,0.0,0.0,0.0,0.0,0.0,0.0,0.000498,0.004246,0.0,0.008065,0.0,0.0,0.0,0.0,0.0,0.001701,0.0,0.0,0.000265,0.000593,0.0,0.001,0.0,0.000148,0.0,0.000392,0.001008,0.0,0.0,0.0,0.0,0.0,0.0,0.0,0.000189,0.000104,0.0,0.000315,0.0,0.0,0.0,0.000368,0.0,0.002174,0.0,0.005882,0.000357,0.000456,0.0,0.0,0.0,0.000342,0.000218,0.000481,0.0,0.0,0.001764,0.0,0.0,0.0,0.0,0.0,0.000549,0.000144,4.9e-05,0.0,0.0,0.0,0.0,0.013514,0.0,0.0,0.001508,0.001976,0.0,0.0,0.0,0.000944,0.0,0.0,0.001101,0.013514,0.0,0.000162,0.001127,0.001961,0.000598,0.0,0.0,0.0,0.0,0.0,0.0,0.0,0.0,0.0,0.0,0.0,0.0,0.0,0.0,0.0,0.0,0.0,0.0,0.0,0.0,0.0,0.0,0.0,0.0,0.0,0.0,0.0,0.0,0.0,0.0,0.0,0.0,0.0,0.0,0.0,0.0,0.0,0.0,0.0,0.0,0.001929,0.000782,0.0,0.0,0.000794,0.001338,0.0,0.0,0.0,0.0,0.000702,0.0,0.003012,0.0,0.000311,0.0,0.0,0.0,0.0,0.0,0.0,0.0,0.0,0.0,0.0,0.0,0.0,0.0,0.0,0.0,0.0,0.0,0.0,0.002088,0.0,0.0,0.002227,0.0,0.0,0.0,0.0,0.0,0.017123,0.045872,0.0,0.0,0.0,0.0,0.0,0.011111,0.005882,0.016129,0.0,0.004587,0.012987,0.002824,0.013514,0.023041,0.002926,0.003715,0.027027,1.0,0.013514,0.067568,0.01087,0.016949,0.0,0.0,0.0,0.0,0.002967,0.002788,0.0,0.0,0.0,0.0,0.013514,0.0,0.0,0.010989,0.0,0.00813,0.0,0.0,0.0,0.0,0.0,0.0,0.0,0.001767,0.000856,0.00905,0.000353,0.0,0.0,0.0,0.0,0.0
8730,0.0,0.0,0.0,0.0,0.0,0.0,0.0,0.0,0.0,0.0,0.0,0.0,0.0,0.0,0.0,0.0,0.0,0.0,0.000371,0.0,0.0,0.0,0.0,0.0,0.0,0.0,0.0,0.0,0.0,0.0,0.0,0.0,0.0,0.0,0.0,0.0,0.0,0.0,0.0,0.0,0.0,0.0,0.0,0.0,0.0,0.0,0.0,0.0,0.0,0.0,0.0,0.0,0.0,0.0,0.0,0.0,0.0,0.0,0.0,0.0,0.0,0.0,0.0,0.0,0.0,0.0,0.0,0.0,0.0,0.0,0.0,0.0,0.0,0.0,0.0,0.0,0.0,0.0,0.000401,0.0,0.0,0.0,0.0,0.0,0.0,0.0,0.0,0.0,0.0,0.0,0.0,0.0,0.0,0.0,0.0,0.0,0.0,0.0,0.0,0.0,0.0,0.0,0.0,0.0,0.0,0.0,0.0,0.0,0.0,0.0,0.0,0.0,0.0,0.0,0.0,0.0,0.0,0.0,0.0,0.0,0.0,0.0,0.0,0.0,0.0,0.0,0.0,0.0,0.0,0.0,0.0,0.0,0.0,0.0,0.0,0.0,0.0,0.0,0.0,0.0,0.0,0.0,0.0,0.0,0.0,0.0,0.0,0.0,0.0,0.0,0.0,0.0,0.0,0.0,0.0,0.0,0.0,0.0,0.0,0.0,0.0,0.0,0.0,0.0,0.0,0.0,0.0,0.0,0.0,0.0,0.0,0.0,0.0,0.0,0.0,0.0,0.0,0.006667,0.0,0.0,0.0,0.0,0.0,0.0,0.0,0.0,0.0,0.0,0.0,0.0,0.0,0.0,0.0,0.0,0.0,0.0,0.0,0.0,0.002123,0.0,0.0,0.0,0.0,0.0,0.0,0.0,0.0,0.0,0.00155,0.0,0.0,0.0,0.001,0.0,0.0,0.0,0.000196,0.0,0.0,0.0,0.0,0.0,0.0,0.0,0.0,0.0,0.0,0.000365,0.000473,0.000289,0.0,0.0,0.000368,0.001504,0.0,0.0,0.0,0.0,0.001825,0.0,0.0,0.0,0.0,0.000437,0.000241,0.0,0.0,0.0,0.0,0.0,0.000269,0.0,0.0,0.0,0.0,0.0,0.0,0.0,0.0,0.0,0.0,0.0,0.0,0.001508,0.0,0.0,0.0,0.0,0.0,0.0,0.0,0.000734,0.0,0.0,0.000162,0.0,0.0,0.000598,0.0,0.0,0.0,0.0,0.0,0.0,0.0,0.0,0.0,0.0,0.0,0.0,0.0,0.0,0.0,0.0,0.0,0.0,0.0,0.0,0.0,0.0,0.0,0.0,0.0,0.0,0.0,0.0,0.020408,0.0,0.0,0.0,0.0,0.0,0.0,0.0,0.0,0.0,0.0,0.0,0.000964,0.000469,0.0,0.0,0.0,0.000892,0.0,0.0,0.0,0.0,0.001404,0.0,0.0,0.0,0.000311,0.003226,0.0,0.0,0.0,0.0,0.0,0.0,0.0,0.0,0.0,0.0,0.0,0.0,0.0,0.0,0.0,0.0,0.0,0.0,0.0,0.0,0.002227,0.0,0.0,0.0,0.0,0.0,0.017123,0.004587,0.0,0.0,0.0,0.0,0.020408,0.007937,0.005882,0.0,0.0,0.004587,0.012987,0.001412,0.017241,0.006912,0.001625,0.002123,0.032787,0.013514,1.0,0.040541,0.043478,0.013559,0.0,0.0,0.0,0.0,0.005935,0.0,0.0,0.0,0.0,0.0,0.0,0.0,0.0,0.027473,0.0,0.00813,0.0,0.0,0.0,0.0,0.0,0.0,0.0,0.0,0.0,0.004525,0.000177,0.0,0.0,0.0,0.0,0.0
8790,0.0,0.0,0.0,0.0,0.0,0.0,0.0,0.0,0.0,0.0,0.0,0.0,0.0,0.0,0.0,0.0,0.0,0.010256,0.0,0.0,0.0,0.00314,0.0,0.0,0.00369,0.0,0.006757,0.0,0.0,0.0,0.0,0.0,0.0,0.0,0.0,0.0,0.0,0.0,0.0,0.0,0.0,0.0,0.0,0.0,0.0,0.004149,0.0,0.0,0.0,0.0,0.0,0.012407,0.0,0.0,0.0,0.0,0.0,0.0,0.00065,0.0,0.0,0.0,0.0,0.004762,0.0,0.0,0.0,0.0,0.0,0.0,0.0,0.0,0.0,0.0,0.0,0.0,0.0,0.0,0.000401,0.0,0.0,0.0,0.0,0.0,0.0,0.0,0.0,0.0,0.0,0.0,0.0,0.0,0.0,0.0,0.0,0.0,0.0,0.006757,0.0,0.0,0.0,0.0,0.006757,0.0,0.0,0.0,0.0,0.0,0.0,0.0,0.0,0.0,0.0,0.0,0.0,0.006757,0.0,0.0,0.0,0.0,0.0,0.0,0.0,0.0,0.0,0.0,0.0,0.0,0.0,0.0,0.0,0.0,0.0,0.0,0.0,0.0,0.0,0.0,0.0,0.0,0.0,0.0,0.0,0.0,0.0,0.0,0.0,0.0,0.0,0.0,0.0,0.0,0.0,0.0,0.0,0.0,0.006757,0.0,0.0,0.0,0.0,0.0,0.0,0.0,0.0,0.0,0.0,0.0,0.0,0.0,0.0,0.000998,0.0,0.0,0.0,0.0,0.0,0.0,0.0,0.0,0.0,0.0,0.0,0.0,0.0,0.0,0.0,0.0,0.0,0.02027,0.0,0.0,0.0,0.0,0.0,0.0,0.0,0.0,0.002123,0.0,0.0,0.0,0.0,0.0,0.0,0.0,0.0,0.001721,0.0,0.0,0.0,0.0,0.001,0.000845,0.000296,0.0,0.000784,0.0,0.0,0.0,0.0,0.0,0.0,0.0,0.0,0.000189,0.000104,0.000365,0.000315,0.0,0.0,0.0,0.0,0.0,0.002174,0.0,0.0,0.001071,0.002281,0.0,0.0,0.0,0.000171,0.002184,0.000722,0.006757,0.0,0.001764,0.0,0.0,0.0,0.0,0.0,0.000183,0.0,0.0,0.0,0.0,0.0,0.0,0.0,0.0,0.0,0.003017,0.001976,0.0,0.0,0.0,0.001889,0.001718,0.003215,0.001467,0.0,0.006757,0.000404,0.0,0.0,0.001794,0.0,0.0,0.0,0.0,0.006757,0.0,0.0,0.0,0.0,0.013514,0.0,0.0,0.0,0.0,0.0,0.0,0.0,0.0,0.006711,0.0,0.0,0.006757,0.0,0.006757,0.0,0.0,0.0,0.0,0.0,0.0,0.0,0.0,0.0,0.0,0.0,0.0,0.006757,0.0,0.0,0.006757,0.008679,0.001798,0.001553,0.0,0.000794,0.00223,0.0,0.0,0.0,0.0,0.000702,0.0,0.0,0.0,0.0,0.0,0.0,0.0,0.0,0.0,0.000372,0.0,0.0,0.0,0.0,0.0,0.0,0.0,0.0,0.0,0.0,0.0,0.0,0.0,0.009756,0.0,0.0,0.0,0.001639,0.0,0.0,0.0,0.082192,0.050459,0.033784,0.0,0.0,0.006757,0.006757,0.030159,0.017647,0.013514,0.000749,0.004587,0.006757,0.008,0.013514,0.02765,0.004876,0.003185,0.027027,0.067568,0.040541,1.0,0.101351,0.084746,0.002415,0.033784,0.006757,0.0,0.002967,0.003717,0.0,0.0,0.0,0.002994,0.033784,0.00625,0.01227,0.082418,0.0,0.033784,0.0,0.0,0.0,0.0,0.0,0.0,0.0,0.0,0.000856,0.022624,0.000795,0.0,0.0,0.006757,0.0,0.0
8810,0.0,0.0,0.0,0.0,0.0,0.0,0.0,0.0,0.0,0.0,0.0,0.0,0.0,0.0,0.0,0.0,0.007634,0.0,0.000371,0.0,0.0,0.00157,0.0,0.0,0.001845,0.0,0.0,0.0,0.01087,0.0,0.0,0.009174,0.0,0.0,0.0,0.0,0.000792,0.0,0.0,0.0,0.0,0.0,0.0,0.0,0.0,0.0,0.0,0.0,0.0,0.0,0.0,0.009926,0.0,0.0,0.0,0.0,0.0,0.0,0.0,0.0,0.0,0.0,0.0,0.0,0.0,0.0,0.0,0.0,0.0,0.0,0.0,0.0,0.0,0.0,0.0,0.0,0.0,0.0,0.0,0.0,0.0,0.0,0.0,0.0,0.0,0.0,0.0,0.0,0.0,0.0,0.0,0.0,0.0,0.0,0.0,0.0,0.0,0.01087,0.0,0.0,0.0,0.0,0.0,0.0,0.0,0.0,0.0,0.0,0.0,0.0,0.0,0.0,0.0,0.0,0.0,0.0,0.0,0.0,0.0,0.0,0.0,0.0,0.0,0.0,0.0,0.0,0.0,0.0,0.0,0.0,0.0,0.0,0.0,0.0,0.0,0.0,0.0,0.0,0.0,0.0,0.0,0.0,0.0,0.0,0.0,0.0,0.0,0.0,0.0,0.0,0.0,0.0,0.0,0.0,0.0,0.0,0.0,0.0,0.0,0.0,0.0,0.0,0.0,0.0,0.0,0.0,0.0,0.0,0.0,0.0,0.0,0.0,0.0,0.0,0.0,0.0,0.0,0.0,0.0,0.0,0.0,0.0,0.0,0.0,0.0,0.0,0.0,0.0,0.0,0.007812,0.0,0.0,0.0,0.0,0.0,0.0,0.0,0.0,0.002123,0.0,0.0,0.0,0.0,0.0,0.0,0.0,0.0,0.001721,0.0,0.0,0.0,0.0,0.0,0.000422,0.0,0.0,0.000392,0.0,0.0,0.0,0.0,0.0,0.0,0.0,0.0,0.0,0.000311,0.0,0.000158,0.0,0.0,0.0,0.0,0.0,0.0,0.000234,0.0,0.0,0.001369,0.0,0.0,0.0,0.000342,0.000874,0.0,0.01087,0.0,0.0,0.0,0.002941,0.0,0.0,0.0,0.0,7.2e-05,4.9e-05,0.0,0.0,0.0,0.0,0.0,0.0,0.0,0.001508,0.0,0.0,0.0,0.0,0.000944,0.0,0.0,0.000734,0.0,0.0,0.000323,0.0,0.0,0.0,0.0,0.0,0.0,0.0,0.0,0.0,0.0,0.0,0.010309,0.02069,0.01087,0.0,0.007042,0.0,0.0,0.0,0.0,0.0,0.0,0.0,0.0,0.0,0.0,0.0,0.0,0.0,0.0,0.0,0.0,0.0,0.0,0.0,0.0,0.0,0.0,0.0,0.0,0.0,0.0,0.0,0.000964,0.000547,0.000776,0.0,0.0,0.001338,0.000355,0.0,0.0,0.0,0.000702,0.0,0.0,0.0,0.0,0.0,0.0,0.01087,0.0,0.0,0.000372,0.0,0.0,0.0,0.0,0.0,0.0,0.0,0.0,0.0,0.0,0.0,0.0,0.0,0.0,0.0,0.002227,0.0,0.001639,0.0,0.0,0.0,0.023973,0.022936,0.007692,0.0,0.0,0.0,0.0,0.007937,0.005882,0.0,0.000749,0.0,0.0,0.004706,0.0,0.006912,0.002276,0.002123,0.0,0.01087,0.043478,0.101351,1.0,0.071186,0.0,0.021739,0.0,0.0,0.0,0.001859,0.0,0.0,0.0,0.001497,0.01087,0.0,0.006135,0.043956,0.0,0.04065,0.0,0.0,0.0,0.0,0.0,0.0,0.0,0.0,0.0,0.013575,0.000353,0.0,0.0,0.0,0.01087,0.0
8890,0.0,0.0,0.0,0.0,0.0,0.0,0.0,0.0,0.0,0.00055,0.0,0.0,0.0,0.0,0.000623,0.0,0.00339,0.00678,0.001113,0.0,0.0,0.00157,0.0,0.0,0.001845,0.00339,0.00339,0.00339,0.0,0.00339,0.0,0.00339,0.0,0.0,0.0,0.0,0.000792,0.0,0.0,0.0,0.0,0.0,0.0,0.0,0.0,0.0,0.0,0.0,0.0,0.00339,0.0,0.01737,0.0,0.002375,0.0,0.0,0.0,0.0,0.00065,0.0,0.00339,0.0,0.003356,0.004762,0.0,0.00339,0.0,0.0,0.002525,0.0,0.0,0.0,0.0,0.0,0.0,0.0,0.0,0.0,0.000802,0.0,0.0,0.0,0.0,0.0,0.0,0.0,0.0,0.0,0.0,0.0,0.0,0.0,0.001508,0.006515,0.0,0.0,0.00339,0.0,0.0,0.0,0.0,0.0,0.0,0.0,0.0,0.0,0.0,0.0,0.0,0.0,0.0,0.0,0.0,0.003195,0.0,0.00678,0.0,0.0,0.0,0.0,0.0,0.0,0.0,0.0,0.0,0.0,0.0,0.0,0.0,0.0,0.0,0.0,0.0,0.0,0.0,0.0,0.0,0.0,0.0,0.0,0.0,0.0,0.0,0.0,0.0,0.0,0.0,0.0,0.0,0.0,0.0,0.0,0.0,0.0,0.0,0.0,0.00339,0.0,0.0,0.0,0.0,0.00339,0.0,0.0,0.0,0.0,0.0,0.0,0.0,0.0,0.0,0.0,0.0,0.0,0.0,0.0,0.0,0.0,0.0,0.0,0.001664,0.0,0.0,0.0,0.0,0.0,0.0,0.0,0.0,0.013559,0.0,0.00339,0.0,0.0,0.0,0.0,0.0,0.000996,0.010616,0.003891,0.0,0.0,0.0,0.0,0.0,0.0,0.003401,0.001721,0.00155,0.001588,0.000593,0.0,0.0,0.000422,0.000889,0.0,0.000588,0.003024,0.0,0.0,0.000413,0.0,0.0,0.000254,0.0,0.000755,0.000725,0.000365,0.000158,0.000578,0.0,0.002821,0.000368,0.001504,0.002174,0.0,0.0,0.001071,0.002281,0.0,0.0,0.0,0.001541,0.002184,0.001203,0.0,0.00339,0.003527,0.0,0.0,0.001347,0.0,0.0,0.000549,0.000287,0.000495,0.0,0.0,0.0,0.0,0.0,0.00339,0.00339,0.003017,0.003953,0.0,0.00339,0.0,0.000944,0.0,0.0,0.001101,0.0,0.0,0.000889,0.002255,0.0,0.0,0.0,0.0,0.0,0.0,0.0,0.0,0.0,0.0,0.0,0.013559,0.0,0.0,0.00339,0.0,0.0,0.0,0.0,0.0,0.010169,0.0,0.0,0.0,0.0,0.010169,0.0,0.0,0.0,0.0,0.00339,0.0,0.0,0.0,0.0,0.0,0.0,0.0,0.0,0.0,0.0,0.0,0.003857,0.002502,0.002329,0.000368,0.003175,0.002676,0.001421,0.0,0.00678,0.00339,0.002105,0.0,0.0,0.00339,0.002175,0.0,0.0,0.00339,0.0,0.0,0.002235,0.0,0.0,0.0,0.0,0.0,0.0,0.0,0.0,0.0,0.0,0.0,0.002451,0.002088,0.00339,0.0,0.0,0.0,0.003279,0.0,0.0,0.0,0.098305,0.033898,0.013559,0.0,0.0,0.00339,0.0,0.05873,0.023529,0.013559,0.003743,0.00339,0.0,0.011294,0.0,0.025346,0.008453,0.007431,0.00678,0.016949,0.013559,0.084746,0.071186,1.0,0.003623,0.010169,0.0,0.0,0.002967,0.004647,0.0,0.0,0.00678,0.001497,0.00339,0.0,0.010169,0.071186,0.0,0.033898,0.002581,0.0,0.0,0.0,0.0,0.0,0.0,0.0,0.000856,0.016949,0.001326,0.0,0.0,0.0,0.0,0.0
9000,0.001208,0.002086,0.0,0.003623,0.0,0.0,0.0,0.0,0.0,0.0011,0.0,0.0,0.0,0.0,0.002494,0.001208,0.0,0.0,0.002968,0.0,0.0,0.002415,0.0,0.001208,0.001208,0.0,0.0,0.0,0.001208,0.0,0.001208,0.0,0.0,0.0,0.001208,0.0,0.005542,0.0,0.0,0.0,0.0,0.001208,0.0,0.0,0.0,0.001208,0.0,0.0,0.0,0.0,0.0,0.0,0.0,0.0,0.0,0.001208,0.0,0.0,0.003249,0.002415,0.0,0.0,0.002415,0.003623,0.0,0.0,0.0,0.001208,0.001208,0.0,0.0,0.001208,0.0,0.0,0.0,0.0,0.0,0.0,0.004411,0.0,0.0,0.0,0.0,0.001208,0.0,0.0,0.001208,0.0,0.002415,0.0,0.0,0.001208,0.01087,0.008454,0.0,0.001208,0.0,0.001208,0.0,0.0,0.0,0.001208,0.001208,0.0,0.001208,0.0,0.0,0.001208,0.001208,0.0,0.001208,0.003623,0.0,0.0,0.0,0.0,0.001208,0.0,0.0,0.0,0.006039,0.0,0.0,0.0,0.0,0.0,0.0,0.001208,0.0,0.0,0.0,0.0,0.0,0.0,0.0,0.0,0.0,0.0,0.0,0.0,0.0,0.0,0.0,0.0,0.0,0.0,0.0,0.0,0.0,0.0,0.0,0.0,0.0,0.0,0.0,0.0,0.0,0.0,0.0,0.0,0.0,0.0,0.001208,0.0,0.0,0.0,0.0,0.0,0.0,0.0,0.0,0.008982,0.0,0.0,0.0,0.0,0.001208,0.0,0.003623,0.0,0.001208,0.001208,0.001208,0.0,0.0,0.0,0.0,0.0,0.0,0.0,0.0,0.0,0.001208,0.0,0.0,0.0,0.0,0.003984,0.001208,0.0,0.0,0.0,0.001208,0.002364,0.0,0.0,0.001208,0.002415,0.002415,0.003705,0.00237,0.000982,0.002,0.002111,0.003261,0.002139,0.002548,0.004032,0.001208,0.002415,0.001238,0.0,0.0,0.00229,0.003912,0.003587,0.002692,0.003655,0.001104,0.004334,0.0,0.002351,0.00184,0.0,0.001208,0.002575,0.0,0.003926,0.004562,0.0,0.0,0.001208,0.004965,0.003495,0.003608,0.0,0.002415,0.002415,0.0,0.004831,0.001885,0.0,0.0,0.001282,0.003951,0.001039,0.0,0.0,0.0,0.0,0.0,0.001208,0.0,0.002415,0.0,0.0,0.0,0.0,0.003777,0.003623,0.003623,0.004035,0.0,0.001208,0.008481,0.009019,0.006039,0.008373,0.0,0.0,0.0,0.0,0.01087,0.002415,0.0,0.001208,0.008454,0.002415,0.001208,0.0,0.004831,0.0,0.003623,0.002415,0.001208,0.0,0.003623,0.001208,0.0,0.0,0.0,0.0,0.0,0.0,0.0,0.0,0.0,0.0,0.0,0.0,0.0,0.0,0.0,0.0,0.0,0.0,0.001208,0.0,0.004822,0.002346,0.004658,0.002206,0.001587,0.003122,0.006397,0.002415,0.002415,0.0,0.021754,0.0,0.006039,0.002415,0.004971,0.003623,0.0,0.002415,0.001208,0.007246,0.001862,0.001208,0.0,0.003623,0.0,0.003623,0.0,0.004831,0.0,0.0,0.0,0.001208,0.003623,0.001208,0.002415,0.002415,0.001208,0.0,0.020492,0.0,0.0,0.002415,0.001208,0.003623,0.001208,0.0,0.0,0.0,0.0,0.006039,0.004831,0.0,0.006737,0.001208,0.007246,0.013176,0.002415,0.002415,0.004876,0.002123,0.001208,0.0,0.0,0.002415,0.0,0.003623,1.0,0.0,0.0,0.0,0.006039,0.01487,0.001208,0.004831,0.002415,0.003623,0.0,0.001208,0.003623,0.001208,0.0,0.002415,0.006039,0.002415,0.001208,0.001208,0.0,0.0,0.001208,0.003623,0.006421,0.001208,0.003535,0.0,0.0,0.0,0.0,0.0
9101,0.0,0.0,0.0,0.0,0.0,0.0,0.0,0.0,0.0,0.0,0.0,0.0,0.0,0.0,0.0,0.0,0.0,0.010256,0.0,0.0,0.0,0.0,0.0,0.0,0.0,0.0,0.074627,0.0,0.0,0.0,0.005348,0.0,0.0,0.0,0.0,0.0,0.0,0.0,0.0,0.0,0.0,0.0,0.0,0.0,0.0,0.008299,0.0,0.0,0.0,0.0,0.0,0.01737,0.0,0.0,0.0,0.0,0.0,0.0,0.0,0.0,0.0,0.0,0.0,0.0,0.0,0.0,0.0,0.0,0.0,0.0,0.0,0.0,0.0,0.0,0.0,0.0,0.0,0.0,0.0,0.0,0.0,0.0,0.0,0.0,0.0,0.0,0.0,0.0,0.0,0.0,0.0,0.0,0.0,0.001629,0.0,0.0,0.0,0.0,0.0,0.0,0.0,0.0,0.0,0.0,0.0,0.0,0.0,0.0,0.0,0.0,0.0,0.0,0.0,0.0,0.0,0.0,0.0,0.0,0.0,0.0,0.0,0.0,0.0,0.0,0.0,0.0,0.0,0.0,0.0,0.0,0.0,0.0,0.0,0.0,0.0,0.0,0.0,0.0,0.0,0.0,0.0,0.0,0.0,0.0,0.0,0.0,0.0,0.0,0.0,0.0,0.038462,0.0,0.0,0.0,0.0,0.0,0.0,0.0,0.0,0.0,0.0,0.0,0.0,0.0,0.0,0.0,0.0,0.0,0.0,0.0,0.0,0.0,0.0,0.0,0.0,0.0,0.0,0.0,0.0,0.0,0.0,0.0,0.0,0.0,0.0,0.0,0.0,0.0,0.0,0.0625,0.0,0.0,0.0,0.019231,0.0,0.0,0.0,0.0,0.002123,0.003891,0.0,0.0,0.005682,0.0,0.0,0.0,0.0,0.001721,0.0,0.000265,0.0,0.0,0.0,0.000845,0.0,0.0,0.0,0.0,0.0,0.0,0.000413,0.0,0.0,0.0,0.000489,0.0,0.000207,0.0,0.0,0.000289,0.0,0.00047,0.000368,0.0,0.0,0.000234,0.0,0.000357,0.000456,0.0,0.0,0.0,0.0,0.000218,0.0,0.0,0.0,0.0,0.0,0.0,0.000269,0.0,0.0,0.0,0.0,4.9e-05,0.0,0.0,0.0,0.0,0.0,0.0,0.0,0.0,0.003953,0.0,0.0,0.0,0.000944,0.0,0.0,0.0,0.0,0.0,8.1e-05,0.0,0.0,0.0,0.0,0.0,0.0,0.0,0.0,0.0,0.0,0.019231,0.010309,0.006897,0.0,0.0,0.003521,0.0,0.0,0.0,0.0,0.0,0.0,0.0,0.0,0.0,0.0,0.0,0.0,0.0,0.0,0.0,0.0,0.0,0.0,0.0,0.0,0.0,0.0,0.0,0.0,0.0,0.0,0.019231,0.009643,0.001095,0.0,0.0,0.000794,0.000446,0.0,0.0,0.0,0.0,0.0,0.0,0.0,0.0,0.0,0.0,0.0,0.0,0.0,0.0,0.000372,0.0,0.0,0.0,0.0,0.0,0.0,0.0,0.0,0.0,0.0,0.0,0.002451,0.0,0.014634,0.0,0.004454,0.0,0.001639,0.0,0.0,0.0,0.082192,0.073394,0.053846,0.0,0.019231,0.019231,0.019231,0.001587,0.0,0.0,0.0,0.0,0.0,0.000471,0.0,0.004608,0.002926,0.002654,0.016393,0.0,0.0,0.033784,0.021739,0.010169,0.0,1.0,0.038462,0.0,0.0,0.002788,0.0,0.0,0.008475,0.002994,0.0,0.0,0.0,0.0,0.0,0.0,0.00129,0.0,0.0,0.0,0.0,0.0,0.0,0.0,0.0,0.036199,0.00053,0.0,0.0,0.0,0.0,0.0
9102,0.0,0.0,0.0,0.0,0.0,0.0,0.0,0.0,0.0,0.0,0.0,0.0,0.0,0.0,0.0,0.0,0.0,0.0,0.0,0.0,0.0,0.0,0.0,0.0,0.0,0.0,0.0,0.0,0.0,0.0,0.0,0.0,0.0,0.0,0.0,0.0,0.0,0.0,0.0,0.0,0.0,0.0,0.0,0.0,0.0,0.0,0.0,0.0,0.0,0.0,0.0,0.0,0.0,0.0,0.0,0.0,0.0,0.0,0.0,0.0,0.0,0.0,0.0,0.0,0.0,0.0,0.0,0.0,0.0,0.0,0.0,0.0,0.0,0.0,0.0,0.0,0.0,0.0,0.0,0.0,0.0,0.0,0.0,0.0,0.0,0.0,0.0,0.0,0.0,0.0,0.0,0.0,0.0,0.0,0.0,0.0,0.0,0.0,0.0,0.0,0.0,0.0,0.0,0.0,0.0,0.0,0.0,0.0,0.0,0.0,0.0,0.00885,0.0,0.0,0.0,0.0,0.0,0.0,0.0,0.0,0.0,0.0,0.0,0.0,0.0,0.0,0.0,0.0,0.0,0.0,0.0,0.0,0.0,0.0,0.0,0.0,0.0,0.0,0.0,0.0,0.0,0.0,0.0,0.0,0.0,0.0,0.0,0.0,0.0,0.0,0.0,0.0,0.0,0.0,0.0,0.0,0.0,0.0,0.0,0.0,0.0,0.0,0.0,0.0,0.0,0.0,0.0,0.0,0.0,0.0,0.0,0.0,0.0,0.0,0.0,0.0,0.0,0.0,0.0,0.0,0.0,0.0,0.0,0.0,0.0,0.0,0.0,0.0,0.0,0.0,0.0,0.0,0.0,0.0,0.0,0.0,0.0,0.0,0.0,0.0,0.0,0.0,0.0,0.0,0.0,0.0,0.0,0.0,0.0,0.0,0.0,0.0,0.0,0.0,0.000148,0.0,0.0,0.0,0.0,0.0,0.0,0.0,0.0,0.0,0.0,0.0,0.000104,0.0,0.0,0.0,0.0,0.0,0.0,0.0,0.0,0.0,0.0,0.0,0.0,0.0,0.0,0.0,0.0,0.0,0.000481,0.0,0.0,0.0,0.0,0.0,0.0,0.0,0.0,0.0,0.0,0.0,0.0,0.0,0.0,0.0,0.0,0.0,0.0,0.0,0.0,0.0,0.0,0.0,0.0,0.0,0.0,0.0,0.0,0.0,0.000162,0.0,0.0,0.0,0.0,0.0,0.0,0.0,0.0,0.0,0.0,0.055556,0.0,0.0,0.0,0.0,0.0,0.0,0.0,0.0,0.0,0.0,0.0,0.0,0.0,0.0,0.0,0.0,0.0,0.0,0.0,0.0,0.0,0.0,0.0,0.0,0.0,0.0,0.0,0.0,0.0,0.0,0.0,0.0,0.0,0.000156,0.000776,0.0,0.0,0.000446,0.0,0.0,0.0,0.0,0.0,0.0,0.0,0.0,0.000155,0.0,0.0,0.0,0.0,0.0,0.0,0.0,0.0,0.0,0.0,0.0,0.0,0.0,0.0,0.0,0.0,0.0,0.0,0.0,0.0,0.0,0.0,0.0,0.00082,0.0,0.0,0.0,0.003425,0.004587,0.007692,0.0,0.0,0.0,0.0,0.0,0.0,0.0,0.0,0.0,0.0,0.000471,0.0,0.0,0.000325,0.0,0.0,0.0,0.0,0.006757,0.0,0.0,0.0,0.038462,1.0,0.055556,0.0,0.000929,0.0,0.0,0.0,0.0,0.014493,0.0,0.0,0.0,0.0,0.0,0.0,0.0,0.0,0.0,0.0,0.0,0.0,0.0,0.0,0.0,0.000353,0.0,0.0,0.0,0.0,0.0
9103,0.0,0.0,0.0,0.0,0.0,0.0,0.0,0.0,0.0,0.0,0.0,0.0,0.0,0.0,0.0,0.0,0.0,0.0,0.0,0.0,0.0,0.0,0.0,0.0,0.0,0.0,0.0,0.0,0.0,0.0,0.0,0.0,0.0,0.0,0.0,0.0,0.0,0.0,0.0,0.0,0.0,0.0,0.0,0.0,0.0,0.0,0.0,0.0,0.0,0.0,0.0,0.0,0.0,0.0,0.0,0.0,0.0,0.0,0.0,0.0,0.0,0.0,0.0,0.0,0.0,0.0,0.0,0.0,0.0,0.0,0.0,0.0,0.0,0.0,0.0,0.0,0.0,0.0,0.0,0.0,0.0,0.0,0.0,0.0,0.0,0.0,0.0,0.0,0.0,0.0,0.0,0.0,0.0,0.0,0.0,0.0,0.0,0.0,0.0,0.0,0.0,0.0,0.0,0.0,0.0,0.0,0.0,0.0,0.0,0.0,0.0,0.0,0.0,0.0,0.0,0.0,0.0,0.0,0.0,0.0,0.0,0.0,0.0,0.0,0.0,0.0,0.0,0.0,0.0,0.0,0.0,0.0,0.0,0.0,0.0,0.0,0.0,0.0,0.0,0.0,0.0,0.0,0.0,0.0,0.0,0.0,0.0,0.0,0.0,0.0,0.0,0.0,0.0,0.0,0.0,0.0,0.0,0.0,0.0,0.0,0.0,0.0,0.0,0.0,0.0,0.0,0.0,0.0,0.0,0.0,0.0,0.0,0.0,0.0,0.0,0.0,0.0,0.0,0.0,0.0,0.0,0.0,0.0,0.0,0.0,0.0,0.0,0.0,0.0,0.0,0.0,0.0,0.0,0.0,0.0,0.0,0.0,0.000498,0.002123,0.001946,0.0,0.0,0.005682,0.001182,0.0,0.0,0.0,0.0,0.0,0.0,0.0,0.0,0.0,0.0,0.0,0.0,0.0,0.0,0.0,0.0,0.0,0.0,0.0,0.0,0.0,0.0,0.0,0.0,0.000158,0.0,0.0,0.0,0.0,0.0,0.0,0.0,0.0,0.000357,0.0,0.0,0.0,0.0,0.0,0.000218,0.000241,0.0,0.0,0.0,0.0,0.0,0.0,0.0,0.0,0.0,0.0,9.9e-05,0.0,0.0,0.0,0.0,0.0,0.0,0.0,0.0,0.0,0.0,0.0,0.0,0.0,0.0,0.0,0.0,0.0,0.0,0.0,0.0,0.0,0.0,0.0,0.0,0.0,0.0,0.0,0.0,0.0,0.0,0.0,0.0,0.0,0.0,0.0,0.0,0.0,0.0,0.0,0.0,0.0,0.0,0.0,0.0,0.0,0.0,0.0,0.0,0.0,0.0,0.0,0.0,0.0,0.0,0.0,0.0,0.0,0.0,0.0,0.0,0.0,0.0,0.000964,0.000156,0.0,0.0,0.0,0.000446,0.000355,0.0,0.0,0.007519,0.0,0.0,0.0,0.0,0.0,0.0,0.0,0.0,0.0,0.0,0.0,0.0,0.0,0.0,0.0,0.0,0.0,0.0,0.0,0.0,0.0,0.0,0.0,0.0,0.004878,0.0,0.0,0.0,0.0,0.0,0.0,0.0,0.0,0.004587,0.0,0.0,0.0,0.0,0.0,0.0,0.0,0.0,0.0,0.0,0.0,0.000471,0.0,0.0,0.0,0.0,0.0,0.0,0.0,0.0,0.0,0.0,0.0,0.0,0.055556,1.0,0.0,0.001859,0.0,0.0,0.0,0.0,0.0,0.0,0.0,0.0,0.0,0.0,0.0,0.0,0.0,0.0,0.0,0.0,0.0,0.0,0.0,0.004525,8.8e-05,0.0,0.0,0.0,0.0,0.0
9200,0.0,0.0,0.0,0.0,0.0,0.0,0.0,0.0,0.0,0.00165,0.0,0.0,0.002967,0.0,0.004988,0.0,0.0,0.0,0.000371,0.0,0.0,0.0,0.0,0.0,0.0,0.0,0.0,0.0,0.0,0.0,0.0,0.0,0.0,0.0,0.002967,0.0,0.000792,0.0,0.0,0.0,0.0,0.0,0.0,0.0,0.0,0.0,0.0,0.0,0.0,0.0,0.0,0.0,0.0,0.002375,0.0,0.0,0.0,0.002967,0.00065,0.0,0.0,0.0,0.0,0.002381,0.0,0.0,0.0,0.0,0.0,0.0,0.0,0.0,0.0,0.0,0.0,0.0,0.0,0.0,0.001203,0.0,0.0,0.0,0.0,0.0,0.0,0.0,0.0,0.0,0.0,0.0,0.0,0.0,0.0,0.0,0.0,0.0,0.0,0.0,0.0,0.0,0.0,0.0,0.0,0.0,0.0,0.0,0.0,0.0,0.0,0.0,0.0,0.0,0.0,0.0,0.0,0.0,0.0,0.0,0.0,0.0,0.0,0.0,0.0,0.0,0.0,0.002604,0.002967,0.002967,0.0,0.0,0.0,0.0,0.0,0.0,0.0,0.0,0.0,0.0,0.0,0.0,0.0,0.002967,0.0,0.0,0.0,0.0,0.0,0.0,0.0,0.0,0.0,0.0,0.002967,0.0,0.0,0.0,0.0,0.0,0.0,0.0,0.0,0.002967,0.0,0.0,0.0,0.0,0.0,0.0,0.0,0.0,0.0,0.001996,0.0,0.0,0.0,0.0,0.002967,0.0,0.0,0.0,0.0,0.0,0.0,0.0,0.0,0.0,0.0,0.0,0.0,0.002967,0.0,0.0,0.0,0.0,0.0,0.0,0.0,0.000996,0.0,0.0,0.0,0.0,0.002967,0.001182,0.0,0.0,0.0,0.0,0.003101,0.001588,0.001185,0.001965,0.003,0.001689,0.001927,0.000428,0.000588,0.002016,0.003839,0.0,0.000413,0.0,0.0,0.0,0.000489,0.001322,0.005487,0.000731,0.001104,0.004045,0.0,0.00094,0.006257,0.001504,0.002174,0.00117,0.0,0.000714,0.0,0.0,0.0,0.0,0.001712,0.000874,0.002165,0.002967,0.0,0.0,0.0,0.0,0.00404,0.0,0.0,0.000183,0.001437,0.000791,0.0,0.0,0.0,0.0,0.0,0.0,0.0,0.001508,0.0,0.0,0.0,0.0,0.001889,0.003436,0.0,0.002201,0.0,0.0,0.003393,0.001127,0.001961,0.013756,0.0,0.0,0.0,0.014837,0.0,0.0,0.0,0.0,0.0,0.0,0.0,0.002967,0.002967,0.0,0.002516,0.0,0.0,0.002967,0.005935,0.002967,0.0,0.0,0.0,0.0,0.0,0.0,0.0,0.0,0.0,0.0,0.0,0.0,0.0,0.0,0.0,0.0,0.0,0.0,0.0,0.0,0.002893,0.001016,0.0,0.001103,0.0,0.0,0.000355,0.0,0.0,0.0,0.000702,0.0,0.0,0.0,0.001243,0.0,0.002967,0.0,0.0,0.0,0.000745,0.0,0.0,0.0,0.0,0.0,0.0,0.002809,0.0,0.0,0.0,0.0,0.002451,0.0,0.0,0.0,0.002227,0.0,0.00082,0.0,0.0,0.0,0.0,0.0,0.0,0.0,0.0,0.0,0.0,0.003175,0.002941,0.0,0.000749,0.002967,0.002967,0.000941,0.002967,0.002304,0.00065,0.001592,0.0,0.002967,0.005935,0.002967,0.0,0.002967,0.006039,0.0,0.0,0.0,1.0,0.010223,0.0,0.005935,0.0,0.020958,0.0,0.0,0.0,0.0,0.0,0.0,0.00129,0.002375,0.0,0.0,0.0,0.0,0.0,0.001767,0.000856,0.002967,0.002651,0.0,0.0,0.0,0.0,0.0
9311,0.000929,0.0,0.000929,0.0,0.0,0.0,0.0,0.000929,0.0,0.00385,0.0,0.0,0.000929,0.000929,0.002494,0.0,0.0,0.000929,0.002226,0.0,0.0,0.002788,0.002788,0.0,0.000929,0.000929,0.000929,0.0,0.0,0.0,0.0,0.0,0.0,0.0,0.0,0.0,0.001584,0.0,0.0,0.0,0.0,0.000929,0.0,0.0,0.0,0.000929,0.0,0.0,0.0,0.0,0.0,0.002788,0.0,0.002788,0.0,0.001859,0.0,0.0,0.002599,0.000929,0.0,0.0,0.003717,0.000929,0.0,0.000929,0.0,0.0,0.004647,0.0,0.0,0.0,0.000929,0.0,0.0,0.0,0.0,0.0,0.005613,0.0,0.0,0.0,0.0,0.000929,0.000929,0.0,0.001859,0.0,0.0,0.0,0.0,0.0,0.002788,0.004647,0.0,0.000929,0.0,0.000929,0.0,0.0,0.0,0.000929,0.0,0.0,0.001859,0.0,0.0,0.000929,0.0,0.0,0.000929,0.000929,0.0,0.0,0.0,0.0,0.0,0.0,0.000929,0.0,0.002788,0.0,0.0,0.0,0.001859,0.0,0.000929,0.0,0.0,0.0,0.0,0.0,0.0,0.0,0.0,0.0,0.0,0.0,0.0,0.0,0.0,0.0,0.0,0.0,0.0,0.0,0.0,0.0,0.0,0.0,0.0,0.0,0.0,0.0,0.0,0.0,0.0,0.0,0.0,0.0,0.0,0.000929,0.0,0.0,0.0,0.0,0.0,0.0,0.0,0.0,0.0,0.003717,0.000929,0.0,0.0,0.001859,0.0,0.0,0.0,0.000929,0.003717,0.0,0.0,0.0,0.0,0.0,0.0,0.0,0.0,0.0,0.0,0.0,0.0,0.000929,0.0,0.0,0.0,0.002988,0.000929,0.000929,0.000929,0.0,0.000929,0.000929,0.002788,0.0,0.002788,0.003717,0.001859,0.003705,0.002667,0.005576,0.002788,0.003378,0.003854,0.00813,0.005487,0.000929,0.0,0.0,0.000825,0.000929,0.001859,0.003308,0.002445,0.00623,0.006626,0.006944,0.0041,0.005779,0.0,0.004701,0.004785,0.002788,0.000929,0.003979,0.000929,0.00464,0.00365,0.0,0.010223,0.003717,0.006506,0.003932,0.005773,0.000929,0.002788,0.002788,0.0,0.004647,0.005925,0.0,0.0,0.001465,0.003376,0.001484,0.0,0.0,0.0,0.0,0.0,0.000929,0.0,0.001859,0.001859,0.0,0.0,0.0,0.001859,0.001859,0.0,0.009905,0.0,0.001859,0.012278,0.005576,0.003717,0.011962,0.0,0.000929,0.0,0.002788,0.003717,0.0,0.0,0.0,0.0,0.003717,0.0,0.000929,0.003717,0.0,0.002788,0.003717,0.001859,0.0,0.001859,0.0,0.0,0.000929,0.0,0.0,0.0,0.0,0.0,0.0,0.0,0.0,0.0,0.0,0.0,0.0,0.0,0.0,0.001859,0.0,0.0,0.0,0.011152,0.006724,0.007764,0.005147,0.003968,0.008029,0.003554,0.000929,0.000929,0.001859,0.013333,0.0,0.002788,0.003717,0.005903,0.002788,0.001859,0.001859,0.000929,0.008364,0.005214,0.0,0.0,0.0,0.0,0.000929,0.002788,0.002788,0.0,0.000929,0.0,0.0,0.001859,0.002788,0.0,0.004647,0.001859,0.0,0.014754,0.0,0.0,0.0,0.004647,0.005576,0.001859,0.0,0.0,0.0,0.000929,0.006506,0.002788,0.0,0.005988,0.022305,0.001859,0.011765,0.000929,0.004647,0.005202,0.003185,0.002788,0.002788,0.0,0.003717,0.001859,0.004647,0.01487,0.002788,0.000929,0.001859,0.010223,1.0,0.012082,0.021375,0.007435,0.013011,0.004647,0.0,0.005576,0.0,0.0,0.001859,0.001859,0.001859,0.0,0.000929,0.0,0.0,0.0,0.0,0.007277,0.003717,0.006893,0.0,0.0,0.0,0.0,0.0
9312,0.0,0.0,0.0,0.0,0.0,0.0,0.0,0.0,0.0,0.0,0.0,0.0,0.0,0.0,0.0,0.0,0.0,0.0,0.0,0.0,0.0,0.0,0.0,0.0,0.0,0.0,0.0,0.0,0.0,0.0,0.0,0.0,0.0,0.0,0.0,0.0,0.0,0.0,0.0,0.0,0.0,0.0,0.0,0.0,0.0,0.0,0.0,0.0,0.0,0.0,0.0,0.0,0.0,0.0,0.0,0.0,0.0,0.0,0.00065,0.0,0.0,0.0,0.0,0.0,0.0,0.0,0.0,0.0,0.0,0.0,0.0,0.0,0.0,0.0,0.0,0.0,0.0,0.0,0.0,0.0,0.0,0.0,0.0,0.0,0.0,0.0,0.0,0.0,0.0,0.0,0.0,0.0,0.0,0.0,0.0,0.0,0.0,0.0,0.0,0.0,0.0,0.0,0.010753,0.0,0.0,0.0,0.0,0.0,0.0,0.0,0.0,0.0,0.0,0.0,0.0,0.0,0.0,0.0,0.0,0.0,0.0,0.0,0.0,0.0,0.0,0.0,0.0,0.0,0.0,0.0,0.0,0.0,0.0,0.0,0.0,0.0,0.0,0.0,0.0,0.0,0.0,0.0,0.0,0.0,0.0,0.0,0.0,0.0,0.0,0.0,0.0,0.0,0.0,0.0,0.0,0.0,0.0,0.0,0.0,0.0,0.0,0.0,0.0,0.0,0.0,0.0,0.0,0.0,0.0,0.0,0.0,0.0,0.0,0.0,0.0,0.0,0.0,0.0,0.00303,0.0,0.0,0.0,0.0,0.0,0.0,0.0,0.0,0.0,0.0,0.0,0.0,0.0,0.0,0.0,0.0,0.0,0.0,0.0,0.0,0.0,0.0,0.0,0.0,0.0,0.0,0.0,0.0,0.001721,0.00155,0.0,0.0,0.0,0.0,0.0,0.0,0.000428,0.000196,0.001008,0.0,0.0,0.0,0.0,0.0,0.0,0.000489,0.000189,0.0,0.000731,0.0,0.0,0.0,0.00047,0.0,0.0,0.0,0.0,0.0,0.0,0.0,0.0,0.0,0.0,0.000171,0.0,0.0,0.0,0.0,0.0,0.0,0.0,0.0,0.0,0.0,0.0,0.0,0.0,0.0,0.0,0.0,0.0,0.0,0.0,0.0,0.001508,0.0,0.0,0.0,0.0,0.0,0.0,0.0,0.0,0.0,0.0,0.000485,0.0,0.0,0.000598,0.0,0.0,0.0,0.0,0.0,0.0,0.0,0.0,0.0,0.0,0.0,0.0,0.003521,0.0,0.0,0.0,0.0,0.0,0.0,0.0,0.0,0.0,0.0,0.0,0.0,0.0,0.0,0.0,0.0,0.0,0.0,0.0,0.0,0.0,0.0,0.0,0.0,0.0,0.0,0.0,0.0,0.000235,0.0,0.0,0.0,0.000446,0.000355,0.0,0.0,0.0,0.0,0.0,0.0,0.0,0.0,0.0,0.0,0.0,0.0,0.002353,0.0,0.0,0.0,0.0,0.0,0.0,0.0,0.0,0.0,0.0,0.0,0.0,0.0,0.0,0.0,0.0,0.0,0.0,0.001639,0.0,0.0,0.0,0.0,0.0,0.0,0.0,0.0,0.0,0.0,0.0,0.0,0.0,0.0,0.009174,0.0,0.005176,0.0,0.0,0.0,0.0,0.0,0.0,0.0,0.0,0.0,0.0,0.001208,0.0,0.0,0.0,0.0,0.012082,1.0,0.006515,0.0,0.001497,0.0,0.0,0.006135,0.0,0.0,0.0,0.0,0.0,0.0,0.0,0.0,0.0,0.004444,0.0,0.000428,0.0,0.000177,0.0,0.0,0.0,0.0,0.0
9319,0.003257,0.001043,0.0,0.00177,0.003257,0.0,0.0,0.003257,0.0,0.0,0.0,0.0,0.0,0.0,0.0,0.0,0.0,0.0,0.000742,0.003257,0.0,0.00314,0.001661,0.0,0.0,0.006515,0.0,0.0,0.0,0.0,0.0,0.0,0.0,0.0,0.003257,0.0,0.0,0.0,0.0,0.0,0.0,0.0,0.003257,0.0,0.0,0.0,0.0,0.0,0.0,0.0,0.0,0.0,0.0,0.002375,0.0,0.005792,0.0,0.0,0.00065,0.0,0.0,0.0,0.0,0.0,0.0,0.0,0.0,0.0,0.0,0.0,0.0,0.0,0.0,0.0,0.003195,0.0,0.0,0.0,0.001203,0.0,0.003257,0.0,0.0,0.0,0.0,0.0,0.0,0.0,0.0,0.0,0.0,0.0,0.001508,0.003257,0.003257,0.0,0.0,0.0,0.0,0.0,0.0,0.003257,0.003257,0.0,0.0,0.0,0.0,0.0,0.0,0.0,0.0,0.0,0.0,0.003195,0.0,0.0,0.0,0.0,0.0,0.0,0.003058,0.0,0.0,0.0,0.0,0.0,0.0,0.0,0.0,0.0,0.0,0.0,0.0,0.0,0.0,0.0,0.0,0.0,0.0,0.0,0.0,0.003257,0.0,0.0,0.0,0.0,0.0,0.0,0.0,0.0,0.0,0.0,0.0,0.0,0.0,0.0,0.0,0.0,0.0,0.0,0.0,0.0,0.0,0.0,0.0,0.0,0.0,0.0,0.0,0.0,0.0,0.002994,0.0,0.0,0.0,0.003257,0.0,0.0,0.0,0.0,0.0,0.0,0.003257,0.0,0.0,0.0,0.0,0.003257,0.003257,0.0,0.0,0.0,0.0,0.0,0.0,0.0,0.0,0.0,0.004246,0.0,0.0,0.0,0.0,0.0,0.003257,0.0,0.001701,0.0,0.0,0.001852,0.001481,0.0,0.0,0.000845,0.001037,0.000428,0.00098,0.0,0.001919,0.0,0.0,0.002874,0.0,0.001018,0.000978,0.00151,0.001139,0.000731,0.001735,0.0026,0.0,0.002821,0.002576,0.001504,0.0,0.000468,0.0,0.001071,0.000456,0.0,0.013029,0.0,0.001027,0.000655,0.000241,0.0,0.0,0.001764,0.0,0.0,0.001347,0.0,0.0,0.000366,0.002299,0.000692,0.0,0.003257,0.0,0.0,0.0,0.0,0.0,0.001508,0.001976,0.0,0.0,0.003257,0.000944,0.0,0.006431,0.001101,0.0,0.0,0.002262,0.001127,0.001961,0.00299,0.0,0.0,0.0,0.009772,0.0,0.0,0.0,0.0,0.0,0.0,0.0,0.003257,0.0,0.0,0.0,0.003115,0.0,0.003257,0.0,0.003257,0.0,0.0,0.0,0.0,0.0,0.0,0.0,0.0,0.0,0.0,0.0,0.0,0.0,0.0,0.0,0.0,0.0,0.0,0.003257,0.0,0.0,0.000547,0.001553,0.000735,0.0,0.001338,0.000355,0.0,0.0,0.0,0.004211,0.0,0.0,0.0,0.001398,0.0,0.0,0.003257,0.0,0.0,0.001862,0.0,0.0,0.0,0.0,0.003257,0.003257,0.0,0.0,0.003257,0.0,0.0,0.0,0.0,0.003257,0.002037,0.0,0.0,0.004098,0.0,0.0,0.003257,0.0,0.003257,0.0,0.0,0.0,0.0,0.0,0.001587,0.0,0.0,0.003743,0.026059,0.006515,0.001882,0.0,0.002304,0.00065,0.0,0.0,0.0,0.0,0.0,0.0,0.0,0.004831,0.0,0.0,0.0,0.005935,0.021375,0.006515,1.0,0.0,0.002994,0.0,0.0,0.003257,0.0,0.0,0.003257,0.0,0.0,0.0,0.002882,0.0,0.0,0.003257,0.0,0.000428,0.0,0.002121,0.0,0.0,0.0,0.0,0.0
9321,0.0,0.0,0.0,0.0,0.0,0.0,0.0,0.0,0.0,0.0011,0.0,0.0,0.0,0.0,0.0,0.0,0.0,0.005128,0.0,0.0,0.0,0.0,0.003322,0.0,0.0,0.0,0.0,0.0,0.0,0.0,0.0,0.0,0.0,0.0,0.0,0.0,0.0,0.0,0.0,0.0,0.0,0.0,0.0,0.0,0.002597,0.004149,0.0,0.0,0.0,0.0,0.0,0.002481,0.0,0.0,0.0,0.0,0.0,0.0,0.00065,0.0,0.0,0.0,0.0,0.002381,0.0,0.0,0.0,0.0,0.0,0.0,0.0,0.0,0.0,0.0,0.0,0.0,0.0,0.0,0.000401,0.0,0.0,0.0,0.0,0.0,0.0,0.0,0.002604,0.0,0.0,0.0,0.0,0.0,0.003017,0.0,0.0,0.0,0.0,0.0,0.0,0.0,0.0,0.0,0.0,0.0,0.0,0.0,0.0,0.0,0.008475,0.0,0.0,0.0,0.0,0.0,0.0,0.0,0.0,0.0,0.0,0.0,0.001529,0.0,0.0,0.0,0.0,0.0,0.0,0.0,0.0,0.0,0.0,0.0,0.0,0.0,0.0,0.0,0.0,0.0,0.0,0.0,0.0,0.0,0.0,0.0,0.0,0.0,0.0,0.0,0.0,0.0,0.0,0.0,0.0,0.0,0.0,0.0,0.0,0.0,0.0,0.0,0.0,0.0,0.0,0.0,0.0,0.0,0.0,0.0,0.0,0.0,0.0,0.0,0.0,0.0,0.0,0.0,0.0,0.0,0.0,0.0,0.0,0.008475,0.0,0.0,0.0,0.0,0.0,0.0,0.0,0.007812,0.0,0.0,0.0,0.008475,0.0,0.0,0.0,0.000498,0.002123,0.001946,0.0,0.0,0.005682,0.0,0.0,0.0,0.001701,0.001721,0.0,0.000529,0.000593,0.0,0.001,0.000422,0.000445,0.0,0.000392,0.002016,0.001919,0.003175,0.000413,0.0,0.0,0.000763,0.000978,0.000944,0.000621,0.000365,0.0,0.000578,0.0,0.00094,0.000736,0.0,0.0,0.000234,0.0,0.000357,0.000456,0.0,0.0,0.00939,0.000171,0.000437,0.0,0.0,0.0,0.0,0.0,0.002941,0.000269,0.0,0.0,0.0,0.000216,0.000346,0.0,0.0,0.0,0.0,0.0,0.0,0.0,0.0,0.0,0.0,0.0,0.0,0.0,0.0,0.0,0.001101,0.008475,0.0,0.00105,0.002255,0.0,0.000598,0.0,0.0,0.0,0.0,0.0,0.0,0.0,0.0,0.0,0.02069,0.0,0.0,0.007042,0.0,0.001258,0.003115,0.0,0.0,0.0,0.0,0.0,0.008475,0.0,0.0,0.0,0.0,0.0,0.0,0.0,0.0,0.0,0.0,0.0,0.0,0.0,0.0,0.0,0.0,0.0,0.0,0.005786,0.001329,0.0,0.0,0.0,0.000446,0.0,0.0,0.0,0.0,0.001404,0.0,0.0,0.0,0.000311,0.0,0.0,0.0,0.0,0.011765,0.00149,0.0,0.0,0.0,0.0,0.003497,0.0,0.002809,0.0,0.0,0.0,0.008475,0.002451,0.002088,0.009756,0.002037,0.0,0.0,0.004918,0.0,0.0,0.0,0.013699,0.013761,0.023077,0.0,0.0,0.0,0.008475,0.001587,0.0,0.0,0.0,0.0,0.0,0.000471,0.0,0.0,0.0013,0.0,0.0,0.0,0.0,0.0,0.0,0.00678,0.002415,0.008475,0.0,0.0,0.0,0.007435,0.0,0.0,1.0,0.010479,0.0,0.0,0.0,0.005495,0.0,0.0,0.0,0.0,0.0,0.002882,0.0,0.0,0.0,0.0,0.000428,0.004525,0.000619,0.0,0.0,0.0,0.0,0.0
9329,0.001497,0.003128,0.001497,0.0,0.002994,0.001497,0.0,0.0,0.0,0.00275,0.001497,0.0,0.002994,0.0,0.003117,0.0,0.0,0.001497,0.00334,0.0,0.0,0.002994,0.002994,0.0,0.001497,0.0,0.002994,0.0,0.0,0.0,0.0,0.001497,0.0,0.0,0.001497,0.0,0.001584,0.0,0.0,0.0,0.0,0.0,0.0,0.0,0.002994,0.0,0.0,0.0,0.0,0.001497,0.001497,0.005988,0.0,0.0,0.0,0.001497,0.0,0.0,0.003899,0.0,0.0,0.0,0.001497,0.001497,0.0,0.0,0.0,0.001497,0.0,0.0,0.0,0.0,0.0,0.0,0.001497,0.0,0.0,0.0,0.003208,0.0,0.0,0.0,0.0,0.001497,0.001497,0.0,0.0,0.0,0.0,0.001497,0.0,0.0,0.004491,0.001497,0.0,0.0,0.0,0.0,0.0,0.0,0.0,0.001497,0.0,0.0,0.0,0.0,0.0,0.001497,0.001497,0.0,0.0,0.0,0.0,0.001497,0.0,0.0,0.002994,0.0,0.0,0.0,0.005988,0.001497,0.0,0.0,0.0,0.002994,0.0,0.0,0.0,0.0,0.0,0.0,0.0,0.0,0.0,0.0,0.0,0.0,0.0,0.0,0.0,0.001497,0.0,0.0,0.001497,0.0,0.001497,0.0,0.0,0.0,0.0,0.001497,0.001497,0.0,0.0,0.0,0.001497,0.0,0.0,0.001497,0.0,0.0,0.0,0.001497,0.0,0.0,0.0,0.0,0.001497,0.0,0.0,0.001996,0.002994,0.0,0.0,0.0,0.002994,0.0,0.001497,0.001497,0.001497,0.0,0.002994,0.0,0.0,0.0,0.0,0.0,0.0,0.001497,0.001497,0.0,0.0,0.0,0.0,0.0,0.0,0.00249,0.0,0.0,0.0,0.0,0.001497,0.0,0.0,0.0,0.007485,0.0,0.001497,0.002382,0.001778,0.005894,0.003,0.002956,0.00252,0.002567,0.002156,0.002016,0.001497,0.001497,0.001651,0.0,0.001497,0.002799,0.004401,0.003021,0.006626,0.002558,0.003312,0.008668,0.0,0.001881,0.003681,0.001497,0.001497,0.002809,0.0,0.00464,0.002737,0.0,0.002994,0.002994,0.003424,0.002184,0.001684,0.001497,0.0,0.005988,0.0,0.002994,0.002963,0.0,0.0,0.000366,0.002011,0.001236,0.0,0.002994,0.0,0.0,0.0,0.0,0.0,0.001497,0.001497,0.0,0.0,0.001497,0.004721,0.0,0.001497,0.008804,0.0,0.001497,0.009693,0.009019,0.004491,0.029306,0.0,0.0,0.0,0.0,0.0,0.0,0.0,0.002994,0.0,0.002994,0.0,0.0,0.0,0.0,0.001258,0.0,0.0,0.0,0.0,0.0,0.0,0.0,0.0,0.0,0.0,0.0,0.0,0.0,0.0,0.0,0.0,0.0,0.0,0.0,0.0,0.0,0.0,0.0,0.0,0.0,0.005786,0.003362,0.003882,0.001838,0.002381,0.001784,0.002132,0.001497,0.0,0.0,0.006316,0.0,0.001497,0.0,0.001554,0.0,0.0,0.0,0.007485,0.010479,0.002607,0.0,0.0,0.0,0.0,0.0,0.002994,0.004491,0.0,0.002994,0.0,0.001497,0.001497,0.001497,0.001497,0.0,0.0,0.0,0.012295,0.0,0.0,0.001497,0.007485,0.004491,0.002994,0.0,0.0,0.0,0.0,0.001497,0.004491,0.001497,0.002246,0.002994,0.002994,0.002353,0.0,0.0,0.001951,0.001592,0.0,0.0,0.0,0.002994,0.001497,0.001497,0.003623,0.002994,0.0,0.0,0.020958,0.013011,0.001497,0.002994,0.010479,1.0,0.0,0.0,0.001497,0.0,0.0,0.002994,0.003871,0.0,0.0,0.0,0.0,0.0,0.0,0.001497,0.001712,0.001497,0.004772,0.001497,0.0,0.0,0.0,0.0
9411,0.0,0.0,0.0,0.0,0.0,0.0,0.0,0.0,0.0,0.0,0.0,0.0,0.0,0.0,0.0,0.0,0.0,0.0,0.000371,0.0,0.0,0.00157,0.001661,0.0,0.001845,0.0,0.0,0.005319,0.014286,0.0,0.0,0.0,0.0,0.0,0.0,0.0,0.0,0.0,0.0,0.0,0.0,0.0,0.0,0.0,0.0,0.0,0.0,0.0,0.0,0.0,0.0,0.002481,0.0,0.0,0.0,0.0,0.0,0.0,0.0,0.0,0.0,0.0,0.0,0.002381,0.009174,0.0,0.0,0.0,0.0,0.0,0.0,0.0,0.0,0.0,0.0,0.0,0.0,0.0,0.0,0.0,0.0,0.0,0.0,0.0,0.0,0.0,0.0,0.0,0.0,0.0,0.0,0.0,0.0,0.0,0.0,0.0,0.0,0.014493,0.0,0.0,0.0,0.0,0.0,0.0,0.0,0.0,0.0,0.0,0.0,0.012346,0.0,0.0,0.0,0.0,0.0,0.0,0.0,0.0,0.0,0.0,0.0,0.0,0.0,0.0,0.0,0.0,0.0,0.0,0.0,0.0,0.0,0.0,0.0,0.0,0.0,0.0,0.0,0.0,0.0,0.0,0.0,0.0,0.0,0.0,0.0,0.0,0.0,0.0,0.0,0.0,0.0,0.0,0.0,0.0,0.0,0.0,0.0,0.0,0.0,0.0,0.0,0.0,0.0,0.0,0.0,0.0,0.0,0.0,0.0,0.0,0.0,0.0,0.0,0.0,0.0,0.0,0.0,0.0,0.0,0.0,0.0,0.0,0.0,0.0,0.0,0.0,0.0,0.0,0.0,0.0,0.0,0.0,0.0,0.0,0.0,0.0,0.0,0.0,0.0,0.0,0.0,0.0,0.0,0.0,0.0,0.0,0.0,0.0,0.0,0.000265,0.000593,0.0,0.0,0.000422,0.000445,0.0,0.000392,0.0,0.0,0.0,0.0,0.0,0.0,0.0,0.000489,0.000189,0.000104,0.0,0.000158,0.0,0.0,0.00094,0.0,0.0,0.0,0.000234,0.0,0.000357,0.0,0.0,0.0,0.0,0.0,0.000437,0.000241,0.0,0.0,0.0,0.0,0.0,0.000269,0.0,0.0,0.001465,0.000359,0.000148,0.0,0.0,0.0,0.0,0.0,0.0,0.014493,0.001508,0.0,0.0,0.0,0.0,0.0,0.003436,0.003215,0.000734,0.0,0.0,0.0,0.0,0.001961,0.0,0.0,0.0,0.0,0.0,0.0,0.0,0.0,0.0,0.0,0.0,0.0,0.0,0.0,0.0,0.0,0.0,0.0,0.0,0.0,0.0,0.0,0.0,0.0,0.0,0.0,0.0,0.0,0.0,0.0,0.0,0.0,0.0,0.0,0.0,0.0,0.0,0.0,0.0,0.0,0.0,0.000964,0.000391,0.000776,0.0,0.000794,0.000446,0.000355,0.011364,0.00625,0.0,0.000702,0.0,0.0,0.0,0.0,0.003226,0.0,0.0,0.0,0.0,0.000372,0.0,0.0,0.0,0.0,0.0,0.0,0.0,0.0,0.0,0.0,0.0,0.0,0.0,0.0,0.0,0.0,0.0,0.0,0.0,0.0,0.0,0.0,0.0,0.0,0.0,0.0,0.0,0.0,0.001587,0.0,0.0,0.0,0.0,0.0,0.006118,0.0,0.0,0.00065,0.001062,0.0,0.013514,0.0,0.033784,0.01087,0.00339,0.0,0.0,0.014493,0.0,0.0,0.004647,0.0,0.0,0.0,0.0,1.0,0.0125,0.042945,0.005495,0.0,0.00813,0.0,0.0,0.0,0.0,0.0,0.0,0.0,0.0,0.000428,0.004525,8.8e-05,0.0,0.0,0.0,0.0,0.0
9412,0.0,0.0,0.0,0.0,0.0,0.0,0.0,0.0,0.0,0.0011,0.0,0.0,0.0,0.0,0.0,0.00625,0.0,0.0,0.0,0.0,0.0,0.0,0.0,0.0,0.0,0.0,0.0,0.0,0.0,0.0,0.0,0.0,0.0,0.0,0.0,0.0,0.0,0.0,0.0,0.0,0.0,0.0,0.0,0.0,0.0,0.0,0.0,0.0,0.0,0.0,0.0,0.0,0.0,0.0,0.0,0.0,0.0,0.0,0.0,0.0,0.0,0.0,0.0,0.0,0.0,0.0,0.0,0.0,0.0,0.0,0.0,0.0,0.0,0.0,0.0,0.0,0.0,0.0,0.0,0.0,0.0,0.0,0.0,0.0,0.0,0.0,0.0,0.0,0.0,0.0,0.0,0.0,0.0,0.0,0.0,0.0,0.0,0.0,0.0,0.0,0.0,0.0,0.0,0.0,0.0,0.0,0.0,0.0,0.0,0.00625,0.0,0.0,0.0,0.0,0.0,0.0,0.0,0.0,0.0,0.0,0.0,0.0,0.0,0.0,0.0,0.0,0.0,0.00625,0.0,0.0,0.0,0.0,0.0,0.0,0.0,0.0,0.0,0.0,0.0,0.0,0.0,0.0,0.0,0.0,0.0,0.0,0.0,0.0,0.0,0.0,0.0,0.0,0.0,0.0,0.0,0.0,0.0,0.0,0.0,0.0,0.0,0.0,0.0,0.0,0.0,0.0,0.0,0.0,0.0,0.0,0.0,0.000998,0.0,0.0,0.0,0.0,0.0,0.0,0.0,0.0,0.0,0.0,0.0,0.0,0.0,0.0,0.0,0.0,0.0,0.0,0.0,0.0,0.0,0.0,0.0,0.0,0.0,0.010956,0.010616,0.011673,0.0,0.0,0.0,0.007092,0.003436,0.0,0.001701,0.005164,0.00155,0.000265,0.000296,0.0,0.0,0.0,0.000296,0.0,0.000392,0.0,0.0,0.0,0.002064,0.0,0.0,0.003053,0.000489,0.000378,0.000104,0.000365,0.0,0.000289,0.0,0.0,0.000736,0.0,0.0,0.00117,0.0,0.000357,0.0,0.0,0.0,0.0,0.000342,0.000437,0.000481,0.0,0.0,0.0,0.0,0.0,0.0,0.0,0.0,0.000366,0.000431,0.000247,0.0,0.0,0.0,0.0,0.0,0.0,0.0,0.0,0.0,0.0,0.0,0.0,0.000944,0.003436,0.0,0.000367,0.0,0.0,0.000485,0.0,0.0,0.000598,0.00625,0.0,0.0,0.0,0.0,0.0,0.0,0.0,0.0,0.0,0.0,0.0,0.003521,0.0,0.0,0.006231,0.005102,0.0,0.0,0.0,0.0,0.0,0.0,0.0,0.0,0.0,0.0,0.0,0.0,0.0,0.0,0.0,0.0,0.0,0.0,0.0,0.0,0.0,0.0,0.0,0.002893,0.000547,0.003106,0.000735,0.002381,0.003568,0.012082,0.00625,0.00625,0.0,0.0,0.0,0.0,0.0,0.000777,0.0,0.0,0.0,0.0,0.0,0.002607,0.0,0.0,0.0,0.0,0.0,0.0,0.0,0.0,0.005,0.0,0.0,0.004902,0.0,0.004878,0.0,0.0,0.0,0.0,0.0,0.0,0.0,0.003425,0.004587,0.0,0.0,0.0,0.0,0.0,0.0,0.0,0.0,0.000749,0.0,0.0,0.000471,0.0,0.0,0.000975,0.0,0.0,0.0,0.0,0.00625,0.0,0.0,0.001208,0.0,0.0,0.0,0.0,0.0,0.0,0.0,0.0,0.0,0.0125,1.0,0.006135,0.005495,0.0,0.0,0.0,0.0,0.0,0.0,0.0,0.0,0.0,0.0,0.000428,0.0,0.000884,0.0,0.0,0.0,0.0,0.0
9420,0.0,0.0,0.0,0.0,0.0,0.0,0.0,0.0,0.0,0.00055,0.0,0.0,0.0,0.0,0.0,0.0,0.0,0.0,0.0,0.0,0.0,0.0,0.0,0.0,0.0,0.0,0.0,0.005319,0.006135,0.0,0.0,0.0,0.0,0.0,0.0,0.0,0.000792,0.0,0.0,0.0,0.0,0.0,0.0,0.0,0.0,0.0,0.0,0.0,0.0,0.0,0.0,0.002481,0.0,0.0,0.0,0.001931,0.0,0.0,0.00065,0.0,0.0,0.0,0.0,0.0,0.0,0.0,0.0,0.0,0.0,0.0,0.0,0.0,0.0,0.0,0.0,0.0,0.0,0.0,0.0,0.0,0.0,0.0,0.0,0.0,0.0,0.0,0.0,0.0,0.006135,0.0,0.0,0.0,0.0,0.001629,0.0,0.0,0.0,0.0,0.0,0.0,0.0,0.0,0.006135,0.0,0.0,0.0,0.0,0.0,0.0,0.0,0.0,0.0,0.0,0.0,0.0,0.0,0.0,0.0,0.0,0.0,0.0,0.0,0.0,0.0,0.0,0.0,0.0,0.0,0.0,0.0,0.0,0.0,0.0,0.0,0.0,0.0,0.0,0.0,0.0,0.0,0.0,0.0,0.0,0.0,0.0,0.0,0.0,0.0,0.0,0.0,0.0,0.0,0.0,0.0,0.0,0.0,0.0,0.0,0.0,0.0,0.0,0.0,0.0,0.0,0.0,0.0,0.0,0.0,0.0,0.0,0.0,0.0,0.0,0.0,0.0,0.0,0.0,0.0,0.00303,0.0,0.0,0.0,0.0,0.0,0.0,0.0,0.0,0.0,0.006135,0.0,0.0,0.006135,0.0,0.0,0.0,0.0,0.0,0.0,0.0,0.0,0.0,0.0,0.0,0.0,0.0,0.0,0.0,0.0,0.0,0.000794,0.000593,0.0,0.0,0.0,0.000296,0.0,0.0,0.0,0.0,0.0,0.0,0.005747,0.0,0.0,0.000489,0.000378,0.000518,0.0,0.000158,0.0,0.0,0.010343,0.0,0.0,0.0,0.000234,0.0,0.0,0.0,0.0,0.0,0.0,0.0,0.000437,0.000722,0.0,0.0,0.0,0.0,0.0,0.000269,0.0,0.0,0.002381,0.001796,0.001286,0.0,0.0,0.0,0.0,0.0,0.0,0.0,0.0,0.001976,0.0,0.0,0.0,0.0,0.006873,0.003215,0.001834,0.006135,0.0,0.0,0.0,0.0,0.0,0.0,0.0,0.0,0.0,0.0,0.0,0.0,0.0,0.0,0.006135,0.0,0.0,0.0,0.0,0.0,0.0,0.0,0.0,0.006135,0.0,0.0,0.0,0.0,0.006135,0.0,0.0,0.0,0.0,0.0,0.0,0.0,0.0,0.01227,0.0,0.0,0.0,0.0,0.0,0.0,0.0,0.000964,0.001251,0.0,0.0,0.0,0.000446,0.0,0.0,0.006135,0.0,0.000702,0.0,0.0,0.0,0.0,0.003226,0.0,0.0,0.0,0.002353,0.0,0.0,0.0,0.0,0.0,0.0,0.0,0.005618,0.0,0.0,0.0,0.0,0.0,0.0,0.004878,0.0,0.0,0.0,0.00082,0.0,0.0,0.0,0.003425,0.0,0.0,0.0,0.0,0.0,0.0,0.003175,0.008824,0.01227,0.0,0.0,0.0,0.016471,0.0,0.002304,0.001625,0.002123,0.0,0.0,0.0,0.01227,0.006135,0.010169,0.003623,0.0,0.0,0.0,0.0,0.005576,0.006135,0.003257,0.0,0.001497,0.042945,0.006135,1.0,0.0,0.0,0.01227,0.0,0.0,0.0,0.0,0.0,0.0,0.0,0.0,0.000428,0.022624,0.000265,0.0,0.0,0.0,0.0,0.0
9491,0.0,0.0,0.0,0.0,0.0,0.0,0.0,0.0,0.0,0.0,0.0,0.0,0.0,0.0,0.000623,0.0,0.0,0.005128,0.000371,0.0,0.0,0.0,0.001661,0.0,0.001845,0.0,0.0,0.005319,0.0,0.0,0.0,0.0,0.0,0.0,0.0,0.0,0.0,0.0,0.0,0.0,0.0,0.0,0.0,0.0,0.0,0.0,0.0,0.0,0.0,0.0,0.0,0.0,0.0,0.0,0.0,0.001931,0.0,0.0,0.00065,0.0,0.0,0.0,0.0,0.002381,0.0,0.0,0.0,0.0,0.0,0.0,0.0,0.0,0.0,0.0,0.003195,0.0,0.0,0.0,0.001203,0.0,0.0,0.0,0.0,0.0,0.0,0.0,0.0,0.0,0.0,0.0,0.0,0.0,0.003017,0.001629,0.0,0.0,0.0,0.0,0.0,0.0,0.0,0.0,0.0,0.0,0.0,0.0,0.0,0.0,0.0,0.0,0.0,0.0,0.0,0.0,0.0,0.0,0.0,0.0,0.0,0.0,0.0,0.0,0.0,0.0,0.0,0.0,0.0,0.0,0.0,0.0,0.0,0.0,0.0,0.0,0.0,0.0,0.0,0.0,0.0,0.0,0.0,0.0,0.0,0.0,0.0,0.0,0.0,0.0,0.0,0.0,0.0,0.0,0.0,0.0,0.0,0.0,0.0,0.0,0.0,0.0,0.0,0.0,0.0,0.0,0.0,0.0,0.0,0.0,0.0,0.0,0.0,0.0,0.0,0.0,0.0,0.0,0.0,0.0,0.0,0.0,0.0,0.0,0.0,0.0,0.0,0.0,0.0,0.0,0.0,0.0,0.0,0.0,0.0,0.0,0.0,0.0,0.0,0.0,0.0,0.0,0.0,0.0,0.0,0.0,0.0,0.0,0.0,0.0,0.0,0.0,0.0,0.0,0.0,0.0,0.000296,0.0,0.000392,0.0,0.0,0.0,0.0,0.0,0.0,0.0,0.0,0.000189,0.000207,0.000365,0.0,0.0,0.0,0.0,0.0,0.0,0.002174,0.0,0.0,0.0,0.00958,0.0,0.0,0.0,0.000342,0.000874,0.001924,0.0,0.005495,0.001764,0.0,0.0,0.0,0.0,0.0,0.0,0.0,4.9e-05,0.0,0.0,0.0,0.0,0.0,0.0,0.0,0.0,0.001976,0.0,0.0,0.0,0.0,0.0,0.0,0.001834,0.005495,0.010989,0.000485,0.0,0.0,0.0,0.005495,0.0,0.0,0.0,0.005495,0.0,0.0,0.0,0.0,0.038462,0.0,0.0,0.010563,0.0,0.0,0.0,0.0,0.0,0.0,0.0,0.0,0.0,0.0,0.0,0.0,0.0,0.0,0.0,0.0,0.0,0.0,0.0,0.0,0.0,0.0,0.0,0.0,0.0,0.0,0.0,0.005786,0.002658,0.0,0.0,0.0,0.000446,0.0,0.0,0.0,0.0,0.002807,0.0,0.0,0.0,0.000155,0.0,0.0,0.0,0.0,0.0,0.000745,0.0,0.0,0.0,0.0,0.0,0.003472,0.002809,0.0,0.0,0.0,0.0,0.0,0.0,0.0,0.0,0.002227,0.0,0.00082,0.0,0.0,0.0,0.0,0.013761,0.0,0.0,0.0,0.0,0.0,0.063492,0.058824,0.016484,0.001497,0.0,0.0,0.007059,0.0,0.013825,0.005527,0.001592,0.010989,0.010989,0.027473,0.082418,0.043956,0.071186,0.001208,0.0,0.0,0.0,0.0,0.0,0.0,0.0,0.005495,0.0,0.005495,0.005495,0.0,1.0,0.0,0.010989,0.0,0.0,0.0,0.0,0.0,0.0,0.0,0.0,0.0,0.00905,0.000353,0.0,0.0,0.0,0.0,0.0
9492,0.0,0.0,0.0,0.0,0.0,0.0,0.0,0.0,0.0,0.0,0.0,0.0,0.0,0.0,0.0,0.0,0.0,0.0,0.0,0.0,0.0,0.0,0.0,0.0,0.0,0.0,0.0,0.0,0.0,0.0,0.0,0.0,0.0,0.0,0.0,0.0,0.0,0.0,0.0,0.0,0.0,0.0,0.0,0.0,0.0,0.0,0.0,0.0,0.0,0.0,0.0,0.0,0.0,0.0,0.0,0.0,0.0,0.0,0.0,0.0,0.0,0.0,0.0,0.002381,0.0,0.0,0.0,0.0,0.0,0.0,0.0,0.0,0.0,0.0,0.0,0.0,0.0,0.0,0.0,0.0,0.0,0.0,0.0,0.0,0.0,0.0,0.0,0.0,0.0,0.0,0.0,0.0,0.0,0.0,0.0,0.0,0.0,0.0,0.0,0.0,0.0,0.0,0.0,0.0,0.010309,0.0,0.0,0.0,0.0,0.0,0.0,0.0,0.0,0.0,0.0,0.0,0.0,0.0,0.0,0.0,0.0,0.0,0.0,0.0,0.0,0.0,0.0,0.0,0.0,0.0,0.0,0.0,0.0,0.0,0.0,0.0,0.0,0.0,0.0,0.0,0.0,0.0,0.0,0.0,0.0,0.0,0.0,0.0,0.0,0.0,0.0,0.0,0.0,0.0,0.0,0.0,0.0,0.0,0.0,0.0,0.0,0.0,0.0,0.0,0.0,0.0,0.0,0.0,0.0,0.0,0.0,0.0,0.0,0.0,0.0,0.0,0.0,0.0,0.0,0.0,0.0,0.0,0.0,0.0,0.0,0.0,0.011905,0.0,0.0,0.0,0.0,0.0,0.0,0.0,0.0,0.0,0.0,0.0,0.0,0.0,0.0,0.0,0.0,0.0,0.0,0.0,0.0,0.0,0.0,0.0,0.0,0.0,0.0,0.0,0.0,0.0,0.0,0.0,0.0,0.0,0.0,0.0,0.0,0.0,0.0,0.0,0.0,0.0,0.0,0.0,0.0,0.0,0.0,0.0,0.0,0.0,0.0,0.0,0.0,0.0,0.0,0.0,0.0,0.0,0.0,0.0,0.0,0.0,0.0,0.0,0.0,0.0,0.0,0.0,0.0,0.0,0.0,0.0,0.0,0.0,0.0,0.0,0.0,0.0,0.0,0.0,0.0,0.0,0.0,0.0,0.0,0.0,0.0,0.0,0.0,0.0,0.0,0.0,0.0,0.0,0.0,0.0,0.0,0.0,0.0,0.0,0.0,0.0,0.0,0.0,0.0,0.0,0.0,0.0,0.0,0.0,0.0,0.0,0.0,0.0,0.0,0.0,0.0,0.0,0.0,0.0,0.0,0.0,0.0,0.0,0.0,0.0,0.0,0.0,0.0,0.0,0.0,0.0,0.0,0.0,0.0,0.0,0.000794,0.0,0.0,0.0,0.0,0.0,0.0,0.0,0.0,0.0,0.0,0.0,0.0,0.0,0.0,0.0,0.0,0.0,0.0,0.0,0.0,0.0,0.0,0.0,0.0,0.0,0.0,0.0,0.0,0.0,0.0,0.0,0.0,0.0,0.0,0.006849,0.0,0.0,0.0,0.0,0.0,0.0,0.0,0.0,0.0,0.0,0.0,0.0,0.0,0.0,0.0,0.0,0.0,0.0,0.0,0.0,0.0,0.0,0.0,0.0,0.0,0.0,0.0,0.0,0.0,0.0,0.0,0.0,0.0,0.0,0.0,0.0,0.0,0.0,0.0,0.0,1.0,0.0,0.0,0.0,0.0,0.0,0.0,0.0,0.0,0.0,0.0,0.0,0.0,0.0,0.0,0.0,0.0,0.0
9499,0.0,0.0,0.0,0.0,0.0,0.0,0.0,0.0,0.0,0.0011,0.0,0.0,0.0,0.0,0.0,0.0,0.007634,0.010256,0.0,0.0,0.0,0.00157,0.001661,0.0,0.0,0.0,0.0,0.0,0.0,0.0,0.0,0.0,0.0,0.0,0.0,0.0,0.002375,0.0,0.0,0.0,0.0,0.0,0.0,0.0,0.0,0.0,0.0,0.0,0.0,0.0,0.0,0.004963,0.0,0.002375,0.00813,0.001931,0.0,0.0,0.00065,0.0,0.005618,0.0,0.0,0.0,0.0,0.0,0.0,0.0,0.0,0.0,0.00813,0.0,0.0,0.0,0.0,0.0,0.0,0.0,0.0,0.0,0.0,0.0,0.0,0.0,0.0,0.0,0.0,0.0,0.0,0.0,0.0,0.0,0.0,0.001629,0.0,0.0,0.0,0.00813,0.0,0.0,0.0,0.0,0.0,0.0,0.0,0.0,0.0,0.0,0.0,0.0,0.0,0.0,0.0,0.0,0.0,0.00813,0.0,0.0,0.0,0.0,0.0,0.0,0.0,0.0,0.0,0.0,0.0,0.0,0.0,0.0,0.0,0.0,0.0,0.0,0.0,0.0,0.0,0.0,0.0,0.0,0.0,0.0,0.0,0.0,0.0,0.0,0.0,0.0,0.0,0.0,0.0,0.0,0.0,0.0,0.0,0.0,0.0,0.0,0.0,0.0,0.0,0.0,0.0,0.0,0.0,0.0,0.0,0.0,0.0,0.0,0.0,0.0,0.0,0.0,0.0,0.0,0.0,0.0,0.0,0.00813,0.0,0.0,0.0,0.0,0.0,0.0,0.0,0.0,0.0,0.0,0.0,0.0,0.0,0.0,0.0,0.0,0.0,0.001992,0.002123,0.0,0.0,0.0,0.0,0.0,0.0,0.0,0.0,0.0,0.0,0.000794,0.000296,0.0,0.0,0.0,0.000148,0.0,0.000392,0.0,0.0,0.0,0.0,0.005747,0.0,0.0,0.000978,0.000566,0.000207,0.0,0.000473,0.000578,0.0,0.00141,0.000368,0.0,0.0,0.0,0.0,0.0,0.000912,0.0,0.0,0.0,0.000171,0.000655,0.000722,0.0,0.0,0.0,0.0,0.0,0.000808,0.0,0.0,0.0,0.000216,0.000247,0.0,0.0,0.0,0.0,0.01626,0.0,0.0,0.0,0.001976,0.0,0.0,0.0,0.0,0.0,0.0,0.000734,0.0,0.0,0.000323,0.0,0.0,0.0,0.0,0.00813,0.0,0.0,0.007194,0.0,0.0,0.0,0.00813,0.02069,0.00813,0.0,0.017606,0.0,0.0,0.0,0.0,0.0,0.006711,0.0,0.0,0.0,0.0,0.0,0.0,0.0,0.0,0.0,0.00813,0.0,0.0,0.0,0.0,0.0,0.0,0.0,0.0,0.0,0.0,0.0,0.0,0.000469,0.002329,0.000735,0.0,0.001338,0.000355,0.0,0.0125,0.0,0.000702,0.0,0.0,0.0,0.000466,0.0,0.0,0.0,0.0,0.0,0.0,0.0,0.0,0.0,0.0,0.0,0.006944,0.002809,0.0,0.0,0.0,0.0,0.0,0.0,0.0,0.0,0.0,0.0,0.002459,0.0,0.0,0.0,0.013699,0.022936,0.007692,0.0,0.0,0.0,0.0,0.006349,0.005882,0.008065,0.001497,0.0,0.02439,0.003765,0.0,0.0,0.002926,0.001592,0.0,0.00813,0.00813,0.033784,0.04065,0.033898,0.002415,0.0,0.0,0.0,0.0,0.001859,0.0,0.003257,0.0,0.002994,0.00813,0.0,0.01227,0.010989,0.0,1.0,0.00129,0.0,0.0,0.0,0.0,0.0,0.0,0.0,0.0,0.004525,0.000265,0.005376,0.0,0.0,0.0,0.0
9511,0.0,0.001043,0.00129,0.003871,0.00129,0.0,0.0,0.003871,0.0,0.00165,0.00129,0.0,0.0,0.00129,0.00187,0.0,0.0,0.0,0.002226,0.0,0.0,0.0,0.0,0.0,0.0,0.00129,0.0,0.0,0.0,0.0,0.0,0.0,0.0,0.0,0.0,0.00129,0.000792,0.0,0.0,0.0,0.0,0.0,0.0,0.0,0.00129,0.0,0.0,0.0,0.0,0.0,0.0,0.0,0.0,0.0,0.0,0.00129,0.002581,0.0,0.001949,0.0,0.0,0.0,0.0,0.0,0.0,0.00129,0.0,0.0,0.00129,0.0,0.0,0.0,0.003871,0.0,0.0,0.00129,0.0,0.002581,0.001604,0.0,0.0,0.0,0.0,0.0,0.00129,0.0,0.00129,0.00129,0.0,0.0,0.0,0.0,0.002581,0.002581,0.0,0.0,0.0,0.0,0.0,0.0,0.0,0.0,0.0,0.0,0.0,0.0,0.0,0.0,0.0,0.0,0.0,0.0,0.0,0.0,0.00129,0.0,0.0,0.0,0.0,0.0,0.0,0.0,0.0,0.0,0.0,0.0,0.0,0.002581,0.0,0.003871,0.0,0.0,0.0,0.0,0.0,0.0,0.0,0.0,0.0,0.0,0.0,0.00129,0.0,0.0,0.0,0.0,0.0,0.0,0.0,0.0,0.0,0.0,0.00129,0.0,0.0,0.0,0.0,0.0,0.0,0.0,0.0,0.0,0.0,0.0,0.0,0.0,0.0,0.0,0.0,0.0,0.0,0.000998,0.0,0.0,0.0,0.0,0.0,0.0,0.0,0.0,0.006452,0.002581,0.0,0.0,0.0,0.0,0.00129,0.0,0.0,0.0,0.0,0.0,0.0,0.0,0.0,0.00129,0.0,0.006474,0.00129,0.002581,0.00129,0.0,0.00129,0.020095,0.006452,0.0,0.00129,0.003871,0.002581,0.001323,0.003556,0.001965,0.004,0.0,0.001334,0.002567,0.004311,0.055444,0.014194,0.002581,0.009492,0.0,0.002581,0.002545,0.001956,0.003398,0.001967,0.00402,0.002208,0.002311,0.0,0.002351,0.029812,0.002581,0.0,0.002107,0.00129,0.005353,0.008668,0.0,0.00129,0.002581,0.001712,0.001966,0.001924,0.0,0.0,0.00129,0.0,0.005161,0.004848,0.0,0.0,0.001465,0.002802,0.001286,0.0,0.0,0.00129,0.0,0.0,0.0,0.0,0.002581,0.00129,0.0,0.0,0.0,0.001889,0.00129,0.00129,0.001834,0.0,0.0,0.003877,0.001127,0.0,0.0,0.002581,0.0,0.002581,0.006452,0.002581,0.0,0.0,0.0,0.002581,0.0,0.0,0.007742,0.006452,0.002581,0.01761,0.010323,0.006452,0.011613,0.002581,0.0,0.0,0.00129,0.0,0.0,0.0,0.0,0.0,0.0,0.0,0.0,0.0,0.0,0.0,0.0,0.0,0.0,0.0,0.0,0.0,0.00129,0.000964,0.002267,0.0,0.004044,0.000794,0.00669,0.003909,0.00129,0.0,0.0,0.007719,0.0,0.002581,0.0,0.005903,0.0,0.00129,0.0,0.002581,0.00129,0.009683,0.0,0.0,0.00129,0.0,0.0,0.00129,0.002581,0.0,0.010323,0.00129,0.0,0.003871,0.003871,0.0,0.002581,0.014194,0.0,0.006557,0.00129,0.0,0.0,0.0,0.0,0.0,0.0,0.0,0.0,0.0,0.0,0.005161,0.00129,0.004491,0.00129,0.0,0.007529,0.00129,0.0,0.000325,0.0,0.0,0.0,0.0,0.0,0.0,0.002581,0.006039,0.00129,0.0,0.0,0.00129,0.001859,0.0,0.0,0.0,0.003871,0.0,0.0,0.0,0.0,0.0,0.00129,1.0,0.015484,0.003871,0.0,0.0,0.0,0.0,0.003871,0.002997,0.0,0.002739,0.002581,0.0,0.0,0.0,0.0
9512,0.0,0.0,0.0,0.0,0.0,0.0,0.0,0.004751,0.0,0.00055,0.0,0.0,0.0,0.0,0.000623,0.0,0.0,0.002375,0.001113,0.0,0.0,0.00157,0.0,0.0,0.0,0.0,0.0,0.0,0.0,0.0,0.0,0.0,0.0,0.0,0.0,0.0,0.000792,0.0,0.0,0.0,0.0,0.0,0.0,0.0,0.0,0.0,0.0,0.0,0.0,0.0,0.0,0.0,0.0,0.0,0.0,0.0,0.0,0.0,0.00065,0.0,0.0,0.0,0.0,0.0,0.0,0.0,0.0,0.0,0.0,0.0,0.0,0.0,0.0,0.0,0.0,0.0,0.0,0.0,0.0,0.0,0.0,0.0,0.0,0.0,0.002375,0.0,0.0,0.0,0.0,0.0,0.0,0.0,0.004525,0.0,0.0,0.0,0.0,0.0,0.0,0.0,0.0,0.002375,0.0,0.0,0.0,0.0,0.0,0.0,0.0,0.0,0.0,0.0,0.0,0.0,0.0,0.0,0.0,0.0,0.0,0.0,0.0,0.0,0.0,0.0,0.0,0.0,0.0,0.0,0.0,0.0,0.002375,0.002375,0.0,0.0,0.0,0.0,0.0,0.0,0.0,0.0,0.0,0.0,0.0,0.0,0.0,0.0,0.0,0.0,0.0,0.0,0.0,0.0,0.002375,0.0,0.0,0.0,0.0,0.0,0.0,0.0,0.0,0.0,0.0,0.0,0.0,0.0,0.0,0.0,0.0,0.0,0.0,0.003992,0.0,0.0,0.0,0.0,0.0,0.0,0.0,0.0,0.0,0.002375,0.0,0.002375,0.0,0.0,0.0,0.0,0.0,0.0,0.0,0.0,0.0,0.0,0.0,0.0,0.0,0.000996,0.002123,0.0,0.0,0.0,0.0,0.00591,0.002375,0.0,0.0,0.0,0.00155,0.002117,0.001185,0.003929,0.002,0.000422,0.000741,0.000856,0.001764,0.015121,0.047985,0.0,0.001238,0.0,0.0,0.001018,0.0,0.003021,0.000725,0.002193,0.000789,0.000867,0.0,0.0,0.060361,0.004511,0.002174,0.000936,0.0,0.003926,0.00365,0.0,0.002375,0.002375,0.001541,0.002403,0.003127,0.0,0.002375,0.0,0.0,0.007126,0.004309,0.0,0.0,0.000366,0.000862,0.000544,0.0,0.0,0.0,0.0,0.0,0.0,0.0,0.001508,0.001976,0.0,0.0,0.0,0.0,0.001718,0.004751,0.000367,0.0,0.0,0.001292,0.001127,0.0,0.001196,0.0,0.0,0.0,0.0,0.0,0.0,0.0,0.0,0.002375,0.0,0.0,0.004751,0.0,0.002375,0.012579,0.002375,0.0,0.0,0.0,0.0,0.0,0.0,0.0,0.0,0.0,0.0,0.0,0.0,0.0,0.0,0.0,0.0,0.0,0.0,0.0,0.0,0.0,0.0,0.0,0.0,0.0,0.00086,0.001553,0.000735,0.0,0.001338,0.000711,0.0,0.0,0.0,0.000702,0.0,0.0,0.0,0.001398,0.0,0.0,0.0,0.0,0.002353,0.003352,0.0,0.0,0.0,0.0,0.002375,0.0,0.0,0.0,0.0,0.0,0.0,0.0,0.0,0.0,0.0,0.004454,0.0,0.00082,0.0,0.0,0.0,0.0,0.0,0.0,0.0,0.0,0.0,0.0,0.0,0.0,0.002375,0.000749,0.0,0.0,0.000941,0.0,0.0,0.000325,0.0,0.0,0.0,0.0,0.0,0.0,0.0,0.002415,0.0,0.0,0.0,0.002375,0.001859,0.0,0.0,0.0,0.0,0.0,0.0,0.0,0.0,0.0,0.0,0.015484,1.0,0.0,0.0,0.0,0.0,0.0,0.0,0.004281,0.0,0.001591,0.0,0.0,0.0,0.0,0.0
9521,0.0,0.0,0.0,0.0,0.0,0.0,0.0,0.0,0.0,0.00055,0.0,0.0,0.003831,0.0,0.0,0.0,0.0,0.005128,0.0,0.0,0.0,0.0,0.0,0.0,0.0,0.0,0.0,0.0,0.0,0.0,0.0,0.0,0.0,0.0,0.0,0.0,0.000792,0.0,0.0,0.0,0.0,0.0,0.0,0.0,0.0,0.0,0.0,0.0,0.0,0.0,0.0,0.0,0.0,0.0,0.0,0.0,0.0,0.0,0.0,0.0,0.0,0.0,0.0,0.0,0.0,0.0,0.0,0.0,0.0,0.0,0.0,0.0,0.0,0.0,0.0,0.0,0.0,0.0,0.0,0.0,0.0,0.0,0.0,0.0,0.0,0.0,0.0,0.0,0.0,0.0,0.0,0.0,0.0,0.0,0.0,0.0,0.0,0.0,0.0,0.0,0.0,0.0,0.0,0.0,0.0,0.0,0.0,0.0,0.0,0.0,0.0,0.0,0.0,0.0,0.0,0.0,0.0,0.0,0.0,0.0,0.0,0.0,0.0,0.0,0.0,0.002604,0.0,0.0,0.0,0.0,0.021053,0.0,0.0,0.0,0.0,0.0,0.0,0.0,0.0,0.0,0.0,0.0,0.010526,0.0,0.0,0.0,0.0,0.0,0.0,0.0,0.0,0.0,0.0,0.0,0.0,0.0,0.0,0.010526,0.0,0.0,0.0,0.0,0.0,0.0,0.0,0.0,0.0,0.0,0.0,0.0,0.0,0.0,0.0,0.0,0.0,0.010526,0.0,0.006667,0.0,0.0,0.004992,0.0,0.0,0.0,0.0,0.0,0.0,0.0,0.0,0.0,0.0,0.0,0.0,0.0,0.0,0.0,0.0,0.0,0.0,0.0,0.0,0.0,0.0,0.002364,0.003436,0.0,0.0,0.0,0.0,0.0,0.000296,0.003929,0.0,0.0,0.000148,0.0,0.000784,0.001008,0.0,0.0,0.002476,0.0,0.004484,0.000254,0.0,0.0,0.000207,0.000731,0.0,0.000289,0.0,0.0,0.003312,0.001504,0.0,0.000234,0.0,0.003569,0.000456,0.0,0.003891,0.0,0.000171,0.000437,0.000241,0.0,0.0,0.0,0.0,0.002941,0.000539,0.0,0.0,0.000733,0.000503,9.9e-05,0.0,0.0,0.0,0.0,0.0,0.0,0.0,0.004525,0.0,0.0,0.0,0.0,0.001889,0.0,0.0,0.001101,0.0,0.0,0.000404,0.0,0.0,0.000598,0.0,0.0,0.0,0.0,0.0,0.0,0.0,0.0,0.0,0.0,0.0,0.003509,0.0,0.0,0.0,0.003115,0.0,0.0,0.006711,0.010526,0.0,0.0,0.0,0.0,0.0,0.0,0.0,0.0,0.0,0.0,0.0,0.0,0.0,0.0,0.0,0.0,0.0,0.0,0.0,0.0,0.0,7.8e-05,0.000776,0.000368,0.001587,0.0,0.0,0.0,0.0,0.007519,0.000702,0.0,0.0,0.0,0.000932,0.0,0.0,0.0,0.010101,0.0,0.0,0.0,0.0,0.0,0.0,0.0,0.0,0.0,0.0,0.0,0.0,0.0,0.0,0.0,0.0,0.002037,0.0,0.0,0.00082,0.0,0.0,0.0,0.0,0.0,0.0,0.0,0.0,0.0,0.0,0.0,0.0,0.0,0.000749,0.0,0.0,0.001412,0.0,0.0,0.0,0.0,0.0,0.0,0.0,0.0,0.0,0.0,0.001208,0.0,0.0,0.0,0.0,0.0,0.0,0.0,0.0,0.0,0.0,0.0,0.0,0.0,0.0,0.0,0.003871,0.0,1.0,0.025937,0.0,0.0,0.0,0.0,0.000428,0.0,0.00053,0.0,0.0,0.0,0.0,0.0
9522,0.0,0.0,0.0,0.0,0.0,0.0,0.0,0.0,0.0,0.0,0.0,0.0,0.0,0.0,0.001247,0.0,0.0,0.0,0.001113,0.0,0.0,0.0,0.0,0.0,0.0,0.002882,0.0,0.0,0.0,0.0,0.0,0.0,0.0,0.0,0.0,0.0,0.0,0.0,0.0,0.0,0.0,0.0,0.0,0.0,0.0,0.0,0.0,0.0,0.0,0.0,0.0,0.0,0.0,0.0,0.0,0.0,0.0,0.0,0.00065,0.0,0.0,0.0,0.002882,0.0,0.0,0.0,0.0,0.0,0.002525,0.0,0.002882,0.0,0.0,0.0,0.0,0.0,0.0,0.0,0.0,0.0,0.0,0.0,0.0,0.0,0.002882,0.0,0.002604,0.0,0.0,0.0,0.0,0.0,0.001508,0.001629,0.0,0.0,0.0,0.0,0.0,0.0,0.0,0.0,0.0,0.0,0.0,0.0,0.0,0.0,0.0,0.0,0.0,0.0,0.0,0.0,0.0,0.0,0.0,0.0,0.0,0.0,0.006116,0.0,0.0,0.0,0.0,0.013021,0.002882,0.0,0.0,0.002882,0.0,0.0,0.0,0.0,0.0,0.0,0.002882,0.0,0.0,0.0,0.0,0.0,0.002882,0.0,0.0,0.0,0.0,0.0,0.0,0.0,0.0,0.0,0.017291,0.0,0.0,0.0,0.0,0.0,0.0,0.0,0.0,0.002882,0.0,0.0,0.0,0.002882,0.0,0.0,0.0,0.0,0.0,0.000998,0.0,0.0,0.0,0.0,0.0,0.0,0.0,0.008646,0.019967,0.0,0.014409,0.0,0.0,0.0,0.0,0.0,0.005764,0.0,0.0,0.0,0.0,0.0,0.0,0.0,0.0,0.003486,0.002123,0.007782,0.0,0.0,0.0,0.003546,0.0317,0.002882,0.010204,0.003442,0.0,0.001323,0.00237,0.004912,0.001,0.000422,0.000593,0.0,0.004703,0.003024,0.0,0.005764,0.007016,0.0,0.0,0.00229,0.001956,0.002077,0.000828,0.000731,0.000946,0.001734,0.0,0.002351,0.00184,0.003008,0.002174,0.001639,0.0,0.012134,0.001825,0.0,0.002882,0.0,0.000685,0.001311,0.000962,0.0,0.0,0.005291,0.0,0.005764,0.001616,0.0,0.0,0.000366,0.00194,0.00094,0.0,0.0,0.0,0.0,0.0,0.0,0.0,0.006033,0.005929,0.0,0.0,0.002882,0.002833,0.0,0.0,0.001101,0.0,0.0,0.001858,0.001127,0.0,0.001196,0.0,0.0,0.0,0.0,0.0,0.0,0.0,0.0,0.0,0.002882,0.0,0.0,0.002882,0.0,0.003774,0.0,0.0,0.0,0.0,0.0,0.0,0.0,0.0,0.0,0.0,0.0,0.0,0.0,0.0,0.0,0.0,0.0,0.0,0.0,0.0,0.0,0.0,0.0,0.0,0.0,0.000964,0.001173,0.000776,0.001471,0.0,0.00223,0.002132,0.0,0.0,0.0,0.002105,0.0,0.002882,0.0,0.001709,0.0,0.0,0.0,0.0,0.002353,0.002607,0.0,0.0,0.0,0.0,0.0,0.0,0.002809,0.0,0.0,0.0,0.008646,0.002451,0.010438,0.0,0.010183,0.002227,0.0,0.002459,0.0,0.0,0.0,0.0,0.0,0.0,0.0,0.0,0.0,0.0,0.0,0.002882,0.0,0.0,0.0,0.0,0.001412,0.0,0.0,0.0,0.0,0.0,0.0,0.0,0.0,0.0,0.0,0.001208,0.0,0.0,0.0,0.0,0.000929,0.0,0.002882,0.002882,0.0,0.0,0.0,0.0,0.0,0.0,0.0,0.0,0.0,0.025937,1.0,0.0,0.008646,0.0,0.0,0.001712,0.0,0.001767,0.0,0.0,0.0,0.0,0.0
9523,0.0,0.0,0.0,0.0,0.0,0.0,0.0,0.0,0.0,0.0,0.0,0.0,0.0,0.0,0.0,0.0,0.0,0.0,0.0,0.0,0.0,0.0,0.0,0.0,0.0,0.0,0.0,0.0,0.0,0.0,0.0,0.0,0.0,0.0,0.0,0.0,0.0,0.00625,0.0,0.0,0.0,0.0,0.0,0.0,0.0,0.0,0.0,0.0,0.0,0.0,0.0,0.0,0.0,0.0,0.0,0.0,0.0,0.0,0.0,0.0,0.0,0.0,0.0,0.0,0.0,0.0,0.0,0.0,0.0,0.0,0.0,0.0,0.0,0.0,0.0,0.0,0.0,0.0,0.002005,0.0,0.0,0.0,0.0,0.014409,0.0,0.0,0.0,0.0,0.0,0.0,0.0,0.0,0.0,0.0,0.0,0.0,0.0,0.0,0.0,0.0,0.0,0.0,0.0,0.0,0.0,0.0,0.0,0.0,0.0,0.0,0.0,0.0,0.0,0.0,0.0,0.0,0.0,0.0,0.0,0.0,0.0,0.0,0.0,0.0,0.0,0.0,0.0,0.0,0.0,0.0,0.0,0.0,0.0,0.0,0.0,0.0,0.0,0.0,0.0,0.0,0.0,0.0,0.0,0.0,0.0,0.0,0.0,0.0,0.0,0.0,0.0,0.0,0.0,0.0,0.0,0.0,0.0,0.0,0.0,0.0,0.0,0.0,0.0,0.0,0.0,0.0,0.0,0.0,0.0,0.0,0.0,0.000998,0.0,0.0,0.0,0.0,0.0,0.0,0.0,0.0,0.0,0.0,0.0,0.0,0.0,0.0,0.0,0.0,0.0,0.0,0.0,0.0,0.0,0.0,0.0,0.0,0.0,0.0,0.0,0.0,0.0,0.0,0.0,0.0,0.0,0.0,0.0,0.0,0.0,0.0,0.000296,0.0,0.0,0.0,0.0,0.0,0.000392,0.0,0.0,0.0,0.0,0.0,0.0,0.000254,0.0,0.0,0.000104,0.000365,0.000315,0.000289,0.0,0.0,0.0,0.0,0.0,0.0,0.0,0.0,0.000456,0.0,0.0,0.0,0.001198,0.0,0.0,0.0,0.0,0.0,0.0,0.0,0.000269,0.0,0.0,0.000183,0.000575,0.000346,0.0,0.0,0.0,0.0,0.0,0.0,0.0,0.0,0.0,0.0,0.0,0.0,0.0,0.0,0.0,0.0,0.0,0.0,0.000242,0.0,0.0,0.0,0.0,0.0,0.0,0.0,0.0,0.0,0.0,0.0,0.0,0.0,0.0,0.0,0.0,0.0,0.0,0.0,0.0,0.0,0.0,0.0,0.0,0.0,0.0,0.0,0.0,0.0,0.0,0.0,0.0,0.0,0.0,0.0,0.0,0.0,0.0,0.0,0.0,0.0,0.0,0.0,0.0,0.000391,0.0,0.0,0.0,0.000446,0.0,0.0,0.0,0.0,0.0,0.0,0.0,0.0,0.0,0.0,0.0,0.0,0.0,0.0,0.0,0.0,0.0,0.0,0.0,0.0,0.0,0.0,0.0,0.0,0.0,0.0,0.0,0.0,0.0,0.0,0.002227,0.0,0.0,0.0,0.0,0.0,0.0,0.0,0.0,0.0,0.0,0.0,0.0,0.0,0.0,0.0,0.0,0.0,0.0,0.0,0.0,0.0,0.0,0.0,0.0,0.0,0.0,0.0,0.0,0.0,0.0,0.0,0.0,0.0,0.0,0.0,0.0,0.0,0.0,0.0,0.0,0.0,0.0,0.0,0.0,0.0,0.0,0.0,0.0,0.0,1.0,0.0,0.008889,0.007067,0.0,0.0,0.000177,0.0,0.0,0.0,0.0,0.0
9524,0.0,0.0,0.0,0.0,0.0,0.0,0.0,0.003759,0.0,0.00055,0.0,0.0,0.0,0.0,0.0,0.0,0.0,0.0,0.0,0.0,0.0,0.0,0.0,0.0,0.0,0.0,0.0,0.0,0.0,0.0,0.0,0.0,0.0,0.0,0.0,0.0,0.0,0.0,0.0,0.0,0.0,0.0,0.0,0.0,0.0,0.0,0.0,0.0,0.0,0.0,0.0,0.0,0.005882,0.0,0.0,0.0,0.0,0.0,0.00065,0.0,0.0,0.0,0.0,0.0,0.0,0.0,0.0,0.0,0.0,0.0,0.0,0.0,0.0,0.0,0.003195,0.0,0.0,0.0,0.0,0.0,0.0,0.0,0.0,0.0,0.0,0.0,0.0,0.0,0.0,0.0,0.0,0.0,0.0,0.0,0.0,0.0,0.0,0.0,0.0,0.0,0.0,0.0,0.0,0.0,0.0,0.0,0.0,0.005848,0.0,0.0,0.0,0.0,0.0,0.0,0.0,0.0,0.0,0.0,0.0,0.0,0.001529,0.0,0.0,0.0,0.0,0.0,0.0,0.0,0.0,0.0,0.0,0.0,0.0,0.0,0.0,0.0,0.0,0.0,0.0,0.0,0.0,0.0,0.0,0.0,0.0,0.0,0.0,0.0,0.0,0.0,0.0,0.0,0.0,0.0,0.0,0.0,0.0,0.0,0.0,0.0,0.0,0.0,0.0,0.0,0.0,0.0,0.0,0.0,0.0,0.0,0.0,0.012974,0.0,0.0,0.0,0.0,0.0,0.0,0.0,0.009615,0.0,0.0,0.0,0.0,0.0,0.0,0.0,0.0,0.0,0.0,0.0,0.0,0.0,0.0,0.0,0.0,0.0,0.000498,0.0,0.0,0.0,0.0,0.0,0.001182,0.0,0.0,0.0,0.0,0.0,0.000794,0.000296,0.0,0.0,0.0,0.0,0.000428,0.000784,0.002016,0.0,0.0,0.001238,0.0,0.0,0.000254,0.0,0.000378,0.0,0.0,0.0,0.001156,0.0,0.0,0.0,0.0,0.0,0.000702,0.011765,0.003926,0.000912,0.0,0.0,0.0,0.000342,0.0,0.0,0.0,0.0,0.0,0.0,0.0,0.000539,0.0,0.0,0.0,0.000503,0.000198,0.0,0.0,0.0,0.0,0.0,0.0,0.0,0.001508,0.0,0.0,0.0,0.0,0.0,0.0,0.0,0.000367,0.0,0.0,0.000646,0.0,0.0,0.0,0.0,0.0,0.0,0.0,0.0,0.0,0.0,0.0,0.0,0.0,0.0,0.0,0.0,0.0,0.0,0.0,0.0,0.0,0.0,0.0,0.0,0.0,0.0,0.0,0.0,0.0,0.0,0.0,0.0,0.0,0.0,0.0,0.0,0.0,0.0,0.0,0.0,0.0,0.0,0.0,0.0,0.0,0.001553,0.0,0.0,0.0,0.000711,0.0,0.0,0.0,0.0,0.0,0.0,0.0,0.000621,0.0,0.0,0.0,0.010101,0.0,0.000372,0.0,0.0,0.0,0.0,0.0,0.0,0.0,0.0,0.0,0.0,0.0,0.0,0.004175,0.0,0.0,0.0,0.0,0.0,0.0,0.0,0.0,0.0,0.0,0.0,0.0,0.0,0.0,0.0,0.0,0.0,0.0,0.0,0.0,0.0,0.0,0.0,0.0,0.0,0.0,0.0,0.0,0.0,0.0,0.0,0.0,0.0,0.0,0.0,0.0,0.0,0.0,0.0,0.0,0.0,0.0,0.0,0.0,0.0,0.0,0.0,0.0,0.0,0.0,0.0,0.008646,0.0,1.0,0.0,0.001767,0.0,0.0,8.8e-05,0.0,0.0,0.0,0.0,0.0
9529,0.004444,0.0,0.0,0.0,0.0,0.0,0.0,0.0,0.0,0.0,0.004444,0.0,0.0,0.0,0.000623,0.0,0.0,0.0,0.000371,0.0,0.0,0.0,0.0,0.0,0.0,0.0,0.0,0.004444,0.0,0.0,0.0,0.0,0.0,0.0,0.0,0.0,0.000792,0.0,0.0,0.0,0.0,0.0,0.0,0.0,0.002597,0.004149,0.0,0.0,0.0,0.0,0.0,0.0,0.0,0.0,0.0,0.0,0.0,0.0,0.0,0.0,0.0,0.0,0.0,0.0,0.0,0.0,0.0,0.0,0.0,0.0,0.0,0.0,0.004444,0.0,0.009585,0.0,0.0,0.013333,0.012029,0.0,0.0,0.0,0.0,0.0,0.0,0.0,0.002604,0.0,0.0,0.0,0.0,0.0,0.003017,0.003257,0.0,0.0,0.0,0.0,0.0,0.0,0.0,0.0,0.0,0.0,0.0,0.0,0.0,0.0,0.0,0.0,0.0,0.0,0.0,0.0,0.0,0.0,0.0,0.0,0.0,0.0,0.0,0.0,0.0,0.0,0.0,0.0,0.004444,0.0,0.0,0.0,0.0,0.0,0.0,0.0,0.0,0.0,0.0,0.0,0.0,0.0,0.0,0.0,0.0,0.0,0.0,0.0,0.0,0.0,0.0,0.0,0.0,0.0,0.0,0.0,0.0,0.0,0.0,0.0,0.0,0.0,0.0,0.0,0.0,0.0,0.0,0.0,0.0,0.0,0.0,0.0,0.0,0.0,0.044444,0.004444,0.0,0.0,0.004444,0.0,0.0,0.0,0.0,0.004444,0.0,0.0,0.004444,0.0,0.0,0.0,0.0,0.0,0.0,0.0,0.0,0.0,0.0,0.0,0.0,0.0,0.0,0.0,0.0,0.0,0.0,0.001182,0.0,0.0,0.0,0.0,0.003101,0.000265,0.000889,0.009823,0.0,0.0,0.000148,0.001712,0.002352,0.002016,0.0,0.003175,0.001651,0.0,0.0,0.0,0.000489,0.002077,0.001242,0.001827,0.000789,0.000578,0.004444,0.00047,0.000368,0.001504,0.004348,0.000936,0.0,0.001428,0.001369,0.0,0.027237,0.0,0.001883,0.000437,0.003849,0.017778,0.0,0.0,0.004444,0.002941,0.000269,0.0,0.0,0.000549,0.001149,0.000198,0.0,0.0,0.0,0.0,0.0,0.0,0.0,0.001508,0.001976,0.0,0.0,0.004444,0.000944,0.0,0.0,0.0,0.0,0.0,0.000727,0.0,0.0,0.0,0.0,0.0,0.0,0.0,0.004444,0.0,0.0,0.0,0.0,0.0,0.0,0.0,0.0,0.0,0.0,0.0,0.0,0.0,0.0,0.0,0.0,0.0,0.0,0.0,0.0,0.0,0.0,0.0,0.0,0.0,0.0,0.0,0.0,0.0,0.0,0.0,0.0,0.004444,0.0,0.0,0.0,0.000782,0.000776,0.000735,0.000794,0.0,0.000711,0.0,0.0,0.0,0.0,0.0,0.0,0.004444,0.001087,0.0,0.004444,0.004444,0.0,0.0,0.0,0.0,0.0,0.0,0.0,0.0,0.0,0.0,0.0,0.0,0.0,0.0,0.0,0.0,0.0,0.0,0.0,0.0,0.00082,0.0,0.004444,0.0,0.0,0.0,0.0,0.0,0.0,0.0,0.0,0.001587,0.0,0.0,0.000749,0.004444,0.0,0.000471,0.0,0.0,0.0,0.0,0.0,0.0,0.0,0.0,0.0,0.0,0.001208,0.0,0.0,0.0,0.0,0.0,0.004444,0.003257,0.0,0.0,0.0,0.0,0.0,0.0,0.0,0.0,0.0,0.0,0.0,0.0,0.008889,0.0,1.0,0.008834,0.000856,0.0,0.000619,0.0,0.0,0.0,0.0,0.0
9601,0.003534,0.002086,0.0,0.001767,0.0,0.0,0.0,0.0,0.0,0.00165,0.0,0.0,0.0,0.00321,0.000623,0.0,0.0,0.0,0.000742,0.0,0.0,0.00157,0.001661,0.0,0.0,0.0,0.0,0.0,0.0,0.0,0.0,0.0,0.0,0.0,0.0,0.0,0.000792,0.0,0.0,0.0,0.0,0.0,0.0,0.0,0.001767,0.0,0.0,0.0,0.0,0.0,0.0,0.001767,0.0,0.001767,0.0,0.0,0.001767,0.0,0.004548,0.0,0.0,0.0,0.003534,0.0,0.0,0.0,0.0,0.0,0.0,0.0,0.0,0.0,0.007067,0.0,0.001767,0.003534,0.0,0.0,0.008821,0.0,0.0,0.001767,0.0,0.001767,0.0,0.0,0.0,0.0,0.001767,0.0,0.0,0.003534,0.003017,0.003257,0.0,0.0,0.0,0.0,0.0,0.0,0.0,0.001767,0.0,0.0,0.0,0.0,0.0,0.0,0.0,0.0,0.0,0.0,0.0,0.0,0.0,0.0,0.0,0.0,0.0,0.0,0.003058,0.0,0.0,0.0,0.0,0.0,0.001767,0.0,0.0,0.0,0.001767,0.0,0.0,0.0,0.0,0.0,0.0,0.0,0.0,0.0,0.0,0.0,0.0,0.001767,0.0,0.0,0.0,0.0,0.0,0.0,0.0,0.0,0.0,0.0,0.0,0.0,0.0,0.0,0.0,0.0,0.0,0.0,0.0,0.0,0.0,0.0,0.0,0.0,0.0,0.0,0.0,0.000998,0.0,0.001767,0.0,0.0,0.0,0.0,0.001767,0.0,0.003328,0.0,0.0,0.0,0.0,0.0,0.0,0.0,0.0,0.0,0.003534,0.0,0.0,0.0,0.0,0.0,0.0,0.001494,0.001767,0.0,0.001767,0.0,0.001767,0.003546,0.003534,0.0,0.003401,0.0,0.00155,0.003175,0.001185,0.002947,0.001,0.002111,0.00163,0.002567,0.003135,0.00504,0.001767,0.0,0.002064,0.0,0.001767,0.000509,0.002445,0.003776,0.003727,0.004386,0.00205,0.002889,0.001767,0.001881,0.002208,0.001504,0.003534,0.001639,0.0053,0.001784,0.003193,0.0,0.001767,0.003534,0.002226,0.003277,0.002406,0.0,0.001767,0.003527,0.0,0.0,0.003232,0.0,0.0,0.001099,0.002442,0.001039,0.0,0.001767,0.0,0.0,0.0,0.0,0.0,0.0,0.001767,0.0,0.001767,0.0,0.002833,0.005155,0.003534,0.005869,0.0,0.0,0.003958,0.009019,0.003534,0.000598,0.001767,0.0,0.0,0.0,0.0,0.0,0.0,0.0,0.0,0.0,0.0,0.0,0.0,0.0,0.0,0.001767,0.0,0.0,0.001767,0.0,0.0,0.0,0.0,0.0,0.0,0.0,0.0,0.0,0.0,0.0,0.0,0.0,0.0,0.0,0.0,0.0,0.0,0.0,0.0,0.0,0.000964,0.003049,0.003106,0.002574,0.000794,0.002676,0.000355,0.0,0.0,0.0,0.006316,0.0,0.001767,0.0,0.002796,0.0,0.0,0.0,0.0,0.001767,0.001117,0.0,0.0,0.0,0.0,0.0,0.0,0.001767,0.0,0.0,0.0,0.003534,0.015901,0.014134,0.003534,0.0,0.001767,0.0,0.003279,0.0,0.001767,0.0,0.0,0.0,0.0,0.0,0.0,0.0,0.0,0.0,0.0,0.0,0.004491,0.003534,0.001767,0.001412,0.0,0.0,0.000975,0.001062,0.0,0.001767,0.0,0.0,0.0,0.0,0.003623,0.0,0.0,0.0,0.001767,0.0,0.0,0.0,0.0,0.001497,0.0,0.0,0.0,0.0,0.0,0.0,0.003871,0.0,0.0,0.0,0.007067,0.001767,0.008834,1.0,0.004709,0.0,0.003712,0.003534,0.0,0.0,0.0,0.0
9602,0.000856,0.002997,0.000428,0.000856,0.0,0.0,0.0,0.000428,0.0,0.003425,0.000428,0.0,0.000428,0.001712,0.001712,0.001284,0.0,0.000428,0.005937,0.0,0.0,0.00214,0.000856,0.000428,0.000428,0.0,0.0,0.0,0.0,0.0,0.0,0.0,0.0,0.000428,0.000428,0.0,0.002568,0.000428,0.0,0.0,0.0,0.0,0.0,0.0,0.000428,0.0,0.0,0.0,0.0,0.0,0.0,0.000428,0.0,0.001284,0.0,0.002568,0.0,0.0,0.006849,0.0,0.000428,0.0,0.001284,0.000856,0.0,0.0,0.000428,0.0,0.00214,0.0,0.0,0.0,0.0,0.0,0.000428,0.0,0.0,0.0,0.007217,0.0,0.0,0.0,0.0,0.0,0.0,0.0,0.000428,0.000428,0.0,0.0,0.0,0.000856,0.004281,0.002568,0.0,0.0,0.0,0.0,0.000428,0.0,0.0,0.005137,0.000428,0.0,0.0,0.0,0.0,0.000428,0.0,0.0,0.0,0.000856,0.0,0.0,0.000428,0.0,0.000428,0.0,0.0,0.0,0.001284,0.0,0.0,0.0,0.0,0.001712,0.0,0.0,0.0,0.0,0.0,0.0,0.0,0.0,0.0,0.000428,0.0,0.0,0.0,0.0,0.0,0.000428,0.0,0.0,0.0,0.000428,0.0,0.0,0.0,0.0,0.0,0.0,0.000428,0.0,0.0,0.0,0.0,0.0,0.0,0.0,0.0,0.0,0.0,0.0,0.0,0.0,0.0,0.0,0.0,0.0,0.0,0.004709,0.000428,0.0,0.0,0.0,0.0,0.000428,0.003425,0.000428,0.000856,0.0,0.000856,0.0,0.000428,0.000856,0.0,0.0,0.0,0.0,0.0,0.0,0.0,0.0,0.0,0.000428,0.0,0.001712,0.000428,0.0,0.0,0.0,0.0,0.00214,0.000856,0.0,0.000856,0.000856,0.002568,0.005822,0.007704,0.004281,0.004281,0.003378,0.007114,0.009842,0.018812,0.001284,0.001712,0.000856,0.005365,0.0,0.0,0.00458,0.004709,0.014159,0.01408,0.02595,0.007412,0.017625,0.000428,0.00899,0.012882,0.003425,0.00214,0.007725,0.000856,0.007852,0.009846,0.0,0.000856,0.000428,0.016093,0.031018,0.007698,0.0,0.000428,0.001284,0.0,0.002997,0.017775,0.0,0.0,0.003114,0.009482,0.003165,0.0,0.0,0.0,0.0,0.000428,0.0,0.0,0.000856,0.001284,0.0,0.0,0.000428,0.004281,0.000856,0.001284,0.009905,0.000428,0.001284,0.019467,0.002997,0.003425,0.011986,0.000428,0.000428,0.0,0.000428,0.0,0.0,0.0,0.0,0.000856,0.0,0.0,0.000428,0.000856,0.0,0.002997,0.000428,0.000856,0.0,0.0,0.0,0.0,0.000428,0.0,0.0,0.0,0.0,0.0,0.0,0.0,0.0,0.0,0.0,0.0,0.0,0.0,0.0,0.000428,0.0,0.0,0.0,0.002568,0.01165,0.003853,0.010294,0.001284,0.007705,0.003554,0.000428,0.0,0.0,0.007705,0.0,0.00214,0.000428,0.010098,0.00214,0.0,0.0,0.0,0.001712,0.006331,0.000428,0.0,0.0,0.0,0.000428,0.000856,0.00214,0.000428,0.000428,0.0,0.0,0.00214,0.001712,0.000856,0.00214,0.001284,0.0,0.008562,0.000856,0.000428,0.000428,0.000428,0.000428,0.0,0.0,0.0,0.0,0.0,0.000428,0.0,0.00214,0.002568,0.00214,0.000856,0.038955,0.000856,0.000856,0.010078,0.009846,0.000428,0.000856,0.0,0.000856,0.0,0.000856,0.006421,0.0,0.0,0.0,0.000856,0.007277,0.000428,0.000428,0.000428,0.001712,0.000428,0.000428,0.000428,0.0,0.0,0.0,0.002997,0.004281,0.000428,0.001712,0.0,0.0,0.000856,0.004709,1.0,0.000856,0.019707,0.001712,0.000428,0.0,0.0,0.0
9603,0.0,0.001043,0.002551,0.00177,0.0,0.0,0.0,0.0,0.0,0.0,0.0,0.0,0.0,0.001605,0.000623,0.0,0.0,0.0,0.0,0.0,0.0,0.0,0.0,0.004525,0.0,0.0,0.00905,0.0,0.0,0.0,0.0,0.004525,0.0,0.0,0.0,0.0,0.000792,0.0,0.0,0.0,0.0,0.0,0.0,0.0,0.0,0.008299,0.0,0.0,0.0,0.0,0.0,0.007444,0.0,0.0,0.0,0.0,0.0,0.0,0.0,0.0,0.0,0.0,0.0,0.0,0.0,0.0,0.0,0.0,0.0,0.0,0.0,0.0,0.004525,0.0,0.0,0.0,0.0,0.004525,0.000401,0.0,0.0,0.0,0.0,0.0,0.004329,0.0,0.002604,0.0,0.0,0.0,0.0,0.0,0.001508,0.0,0.0,0.0,0.0,0.0,0.0,0.0,0.0,0.003311,0.0,0.0,0.0,0.0,0.0,0.0,0.0,0.004525,0.0,0.004525,0.0,0.0,0.013575,0.0,0.0,0.0,0.0,0.0,0.0,0.0,0.0,0.0,0.0,0.0,0.0,0.0,0.0,0.0,0.0,0.0,0.0,0.0,0.0,0.0,0.0,0.0,0.0,0.0,0.0,0.0,0.0,0.0,0.0,0.004525,0.0,0.0,0.0,0.0,0.0,0.0,0.0,0.0,0.0,0.0,0.0,0.0,0.0,0.0,0.0,0.0,0.0,0.0,0.0,0.0,0.0,0.0,0.0,0.0,0.0,0.00499,0.0,0.0,0.0,0.0,0.0,0.0,0.021212,0.0,0.001664,0.0,0.0,0.0,0.0,0.0,0.004525,0.0,0.0,0.031674,0.0,0.0,0.0,0.0,0.0,0.0,0.0,0.001494,0.002123,0.001946,0.004525,0.0,0.0,0.0,0.0,0.0,0.0,0.0,0.0,0.001323,0.0,0.001965,0.001,0.000422,0.000445,0.000428,0.001764,0.0,0.001919,0.003175,0.000825,0.0,0.0,0.000509,0.000489,0.000944,0.000621,0.001827,0.000315,0.001156,0.0,0.004231,0.001104,0.0,0.0,0.00117,0.004525,0.001428,0.000912,0.0,0.0,0.0,0.000856,0.001529,0.003127,0.0,0.0,0.003527,0.0,0.0,0.000808,0.0,0.0,0.000183,0.000575,0.000643,0.0,0.0,0.0,0.0,0.0,0.0,0.0,0.003017,0.005929,0.0,0.0,0.0,0.001889,0.0,0.0,0.001101,0.0,0.0,0.000808,0.0,0.001961,0.0,0.0,0.0,0.0,0.0,0.0,0.0,0.0,0.0,0.0,0.0,0.0,0.003509,0.0,0.0,0.001258,0.0,0.0,0.0,0.0,0.0,0.0,0.004525,0.0,0.004525,0.0,0.0,0.0,0.0,0.004525,0.0,0.004525,0.0,0.0,0.0,0.0,0.0,0.0,0.004525,0.0,0.004525,0.016393,0.002737,0.002329,0.000735,0.000794,0.0,0.000355,0.0,0.0,0.004525,0.001404,0.0,0.003012,0.0,0.000777,0.0,0.0,0.0,0.0,0.002353,0.000372,0.0,0.0,0.0,0.0,0.0,0.0,0.0,0.0,0.0,0.0,0.0,0.0,0.0,0.00905,0.0,0.0,0.0,0.003279,0.013575,0.0,0.0,0.085616,0.058824,0.0181,0.0,0.004525,0.0,0.004525,0.006349,0.002941,0.004525,0.0,0.004525,0.004525,0.005176,0.004525,0.002304,0.003901,0.001592,0.0,0.00905,0.004525,0.022624,0.013575,0.016949,0.001208,0.036199,0.0,0.004525,0.002967,0.003717,0.0,0.0,0.004525,0.001497,0.004525,0.0,0.022624,0.00905,0.0,0.004525,0.0,0.0,0.0,0.0,0.0,0.0,0.0,0.0,0.000856,1.0,0.001679,0.0,0.0,0.0,0.0,0.0
9609,0.000972,0.002651,0.000884,0.001679,0.000177,0.000177,0.0,0.001149,0.0,0.006451,0.000619,0.0,0.000972,0.001414,0.005479,0.000177,0.000619,0.000707,0.00813,8.8e-05,0.000177,0.002651,0.001679,0.000442,0.001414,0.000707,0.000353,0.000353,0.0,0.0,0.000619,0.000177,0.0,8.8e-05,0.000353,0.0,0.004153,0.000619,8.8e-05,8.8e-05,8.8e-05,8.8e-05,0.0,0.0,0.001149,0.000619,8.8e-05,0.0,0.000177,0.000265,8.8e-05,0.00106,0.000353,0.001502,8.8e-05,0.002033,0.000442,8.8e-05,0.006805,0.000265,0.000619,8.8e-05,0.000619,0.002033,8.8e-05,0.000265,0.0,0.000265,0.001767,0.0,0.0,8.8e-05,0.000353,0.0,0.002033,0.0,8.8e-05,0.000442,0.007865,0.000177,0.0,8.8e-05,8.8e-05,0.000353,0.00106,0.0,0.001326,8.8e-05,0.000177,0.000265,0.0,0.000265,0.002298,0.003712,8.8e-05,8.8e-05,0.000265,0.000265,0.00053,8.8e-05,8.8e-05,0.001767,0.000265,0.0,0.00053,8.8e-05,0.000177,0.00053,0.000353,0.000265,0.000265,0.000353,0.000177,0.000972,0.0,0.0,8.8e-05,8.8e-05,8.8e-05,0.0,0.002828,8.8e-05,0.0,0.0,0.0,0.001414,0.000177,8.8e-05,0.0,0.000177,8.8e-05,0.0,0.000353,0.0,0.0,8.8e-05,0.000707,0.0,0.0,0.0,0.0,0.000265,0.0,8.8e-05,0.000177,0.0,0.0,8.8e-05,0.0,8.8e-05,0.0,8.8e-05,0.000707,8.8e-05,0.0,0.0,0.0,0.000265,8.8e-05,0.000177,8.8e-05,0.000442,8.8e-05,0.000177,0.0,0.0,0.0,0.0,8.8e-05,0.0,0.0,0.003005,0.000353,0.000265,8.8e-05,0.000177,0.00053,0.001326,0.001767,0.000265,0.002563,0.000442,0.000972,8.8e-05,0.000177,0.000265,0.000353,0.000353,0.000442,0.000795,8.8e-05,0.000619,0.000177,0.000265,0.000177,8.8e-05,0.0,0.0076,0.001237,0.000795,0.000265,0.0,0.00053,0.003535,0.001237,0.000353,0.002828,0.001944,0.001944,0.016349,0.013609,0.005302,0.002916,0.007777,0.02439,0.007246,0.020855,0.004065,0.001856,0.00053,0.009191,0.000884,0.000707,0.012372,0.008218,0.023772,0.044804,0.01246,0.024037,0.020767,0.000265,0.008572,0.011135,0.003446,0.001591,0.017939,0.000707,0.009456,0.010781,0.0,0.000795,0.00053,0.025009,0.028809,0.019353,0.000442,0.000353,0.002298,0.000442,0.001767,0.016349,0.0,8.8e-05,0.035437,0.108613,0.063406,0.0,0.000619,0.000442,0.000442,8.8e-05,0.000265,0.000177,0.002298,0.002209,8.8e-05,0.000353,0.00053,0.006009,0.002651,0.002298,0.013697,0.000353,0.000353,0.080533,0.005656,0.002298,0.011842,0.000177,0.000177,8.8e-05,0.000177,0.000619,8.8e-05,0.0,0.000177,0.000353,0.000177,0.000177,0.00106,0.001591,8.8e-05,0.002739,0.001591,0.000707,0.001149,0.000619,0.000353,8.8e-05,8.8e-05,0.0,8.8e-05,8.8e-05,0.0,0.0,0.0,0.000177,0.0,0.000177,0.000177,0.0,0.0,8.8e-05,0.0,0.000265,8.8e-05,0.00053,8.8e-05,0.003358,0.034871,0.003358,0.009456,0.00327,0.008925,0.009367,0.00053,0.000972,0.000884,0.006009,0.000619,0.001414,0.000707,0.024832,0.0038,0.000972,8.8e-05,0.000265,0.002386,0.009544,0.000177,0.0,8.8e-05,0.0,0.001502,0.001414,0.001679,0.000795,0.000884,0.000177,0.000265,0.001767,0.002474,0.00106,0.001856,0.002474,0.000442,0.005832,0.000884,0.000884,0.000353,0.001149,0.00106,0.001149,0.0,0.000177,8.8e-05,0.000177,0.00327,0.000972,0.000619,0.004684,0.001856,0.000442,0.011135,0.000265,0.001237,0.0114,0.007246,0.000177,0.000353,0.000177,0.000795,0.000353,0.001326,0.003535,0.00053,0.000353,8.8e-05,0.002651,0.006893,0.000177,0.002121,0.000619,0.004772,8.8e-05,0.000884,0.000265,0.000353,0.0,0.000265,0.002739,0.001591,0.00053,0.001767,0.000177,8.8e-05,0.000619,0.003712,0.019707,0.001679,1.0,0.000795,8.8e-05,0.0,8.8e-05,0.0
9700,0.0,0.0,0.0,0.0,0.0,0.0,0.0,0.0,0.0,0.00055,0.0,0.0,0.003831,0.0,0.00187,0.0,0.0,0.0,0.0,0.0,0.0,0.0,0.0,0.0,0.0,0.0,0.0,0.0,0.005376,0.0,0.0,0.0,0.0,0.0,0.0,0.0,0.0,0.0,0.0,0.0,0.0,0.0,0.0,0.0,0.0,0.0,0.0,0.0,0.0,0.0,0.0,0.0,0.0,0.0,0.0,0.0,0.0,0.0,0.0,0.0,0.0,0.0,0.0,0.0,0.0,0.0,0.0,0.0,0.002525,0.0,0.0,0.0,0.0,0.0,0.0,0.0,0.0,0.0,0.000401,0.0,0.0,0.0,0.0,0.0,0.004329,0.0,0.002604,0.0,0.0,0.0,0.0,0.0,0.0,0.0,0.0,0.0,0.0,0.0,0.0,0.0,0.0,0.0,0.0,0.0,0.0,0.0,0.0,0.0,0.0,0.0,0.0,0.0,0.0,0.0,0.0,0.0,0.0,0.0,0.0,0.0,0.0,0.0,0.0,0.0,0.0,0.0,0.005376,0.0,0.0,0.0,0.0,0.0,0.0,0.0,0.0,0.0,0.0,0.0,0.0,0.0,0.0,0.0,0.0,0.0,0.0,0.0,0.0,0.0,0.0,0.0,0.0,0.0,0.0,0.0,0.0,0.0,0.0,0.0,0.0,0.0,0.0,0.0,0.0,0.0,0.0,0.0,0.0,0.0,0.0,0.0,0.0,0.0,0.0,0.0,0.0,0.0,0.0,0.0,0.0,0.0,0.003328,0.0,0.0,0.0,0.0,0.0,0.0,0.0,0.0,0.0,0.0,0.0,0.0,0.0,0.0,0.0,0.0,0.000498,0.0,0.0,0.0,0.0,0.005376,0.0,0.003436,0.0,0.0,0.0,0.0,0.0,0.000296,0.0,0.0,0.000422,0.000593,0.000428,0.0,0.0,0.001919,0.0,0.000413,0.0,0.0,0.000254,0.000489,0.000189,0.000518,0.000365,0.000631,0.001445,0.0,0.0,0.0,0.0,0.002174,0.000468,0.0,0.0,0.000912,0.0,0.0,0.0,0.000342,0.0,0.000481,0.0,0.0,0.0,0.0,0.002941,0.000808,0.0,0.0,0.002198,0.003376,0.002572,0.0,0.0,0.0,0.0,0.0,0.0,0.0,0.0,0.0,0.0,0.0,0.0,0.000944,0.0,0.0,0.001101,0.0,0.0,0.000808,0.0,0.001961,0.000598,0.0,0.0,0.0,0.0,0.0,0.0,0.0,0.0,0.0,0.0,0.005376,0.003509,0.0,0.0,0.002516,0.0,0.0,0.0,0.005376,0.0,0.0,0.0,0.0,0.0,0.0,0.0,0.0,0.0,0.0,0.0,0.0,0.0,0.0,0.0,0.0,0.0,0.0,0.0,0.0,0.0,0.0,0.000156,0.0,0.000368,0.000794,0.0,0.0,0.0,0.0,0.0,0.0,0.0,0.0,0.005291,0.000155,0.0,0.0,0.0,0.0,0.0,0.0,0.0,0.0,0.0,0.0,0.0,0.0,0.0,0.0,0.0,0.0,0.0,0.0,0.002088,0.0,0.0,0.0,0.0,0.00082,0.0,0.0,0.0,0.0,0.0,0.0,0.0,0.0,0.0,0.0,0.001587,0.0,0.0,0.0,0.0,0.0,0.0,0.0,0.0,0.0,0.000531,0.0,0.0,0.0,0.0,0.0,0.0,0.0,0.0,0.0,0.0,0.0,0.0,0.0,0.0,0.0,0.001497,0.0,0.0,0.0,0.0,0.0,0.005376,0.002581,0.0,0.0,0.0,0.0,0.0,0.0,0.003534,0.001712,0.0,0.000795,1.0,0.0,0.0,0.0,0.0
9800,0.0,0.0,0.0,0.0,0.0,0.0,0.0,0.0,0.0,0.00055,0.0,0.0,0.0,0.0,0.0,0.0,0.0,0.0,0.000742,0.0,0.0,0.0,0.001661,0.0,0.0,0.0,0.0,0.0,0.0,0.0,0.0,0.0,0.0,0.0,0.0,0.0,0.0,0.0,0.0,0.0,0.0,0.0,0.0,0.0,0.0,0.0,0.0,0.0,0.0,0.0,0.0,0.0,0.0,0.0,0.0,0.0,0.004695,0.0,0.0,0.0,0.0,0.0,0.0,0.0,0.0,0.0,0.0,0.0,0.0,0.0,0.0,0.0,0.0,0.0,0.0,0.0,0.0,0.0,0.0,0.0,0.0,0.0,0.0,0.0,0.0,0.0,0.0,0.0,0.0,0.0,0.0,0.0,0.0,0.0,0.0,0.0,0.0,0.0,0.0,0.016949,0.0,0.0,0.0,0.0,0.0,0.0,0.0,0.0,0.0,0.0,0.0,0.0,0.0,0.0,0.0,0.0,0.0,0.0,0.0,0.0,0.0,0.0,0.0,0.0,0.0,0.0,0.0,0.0,0.0,0.0,0.0,0.0,0.0,0.0,0.0,0.0,0.0,0.0,0.0,0.0,0.0,0.0,0.0,0.0,0.0,0.0,0.0,0.0,0.0,0.0,0.0,0.0,0.0,0.0,0.0,0.0,0.0,0.0,0.0,0.0,0.0,0.0,0.0,0.0,0.0,0.0,0.0,0.0,0.0,0.0,0.0,0.000998,0.0,0.0,0.0,0.0,0.0,0.0,0.0,0.0,0.0,0.0,0.0,0.0,0.0,0.0,0.011905,0.0,0.0,0.0,0.0,0.0,0.0,0.0,0.0,0.0,0.0,0.0,0.0,0.0,0.0,0.0,0.0,0.0,0.0,0.0,0.0,0.0,0.0,0.0,0.0,0.0,0.001,0.0,0.000296,0.0,0.000784,0.0,0.0,0.0,0.0,0.0,0.0,0.000509,0.0,0.0,0.000104,0.000365,0.0,0.0,0.0,0.0,0.0,0.0,0.0,0.0,0.0,0.0,0.0,0.0,0.0,0.0,0.000171,0.000437,0.000241,0.0,0.0,0.0,0.0,0.0,0.000269,0.0,0.0,0.000549,0.000287,0.000247,0.0,0.0,0.0,0.0,0.0,0.0,0.0,0.0,0.0,0.0,0.0,0.0,0.0,0.0,0.0,0.000367,0.0,0.0,0.000404,0.0,0.0,0.0,0.0,0.0,0.0,0.0,0.0,0.0,0.0,0.0,0.0,0.0,0.0,0.0,0.0,0.0,0.0,0.0,0.0,0.0,0.0,0.0,0.0,0.0,0.0,0.0,0.0,0.0,0.0,0.0,0.0,0.0,0.0,0.0,0.0,0.0,0.0,0.0,0.0,0.0,0.0,0.0,0.0,0.000391,0.0,0.003309,0.000794,0.000446,0.0,0.0,0.0,0.0,0.0,0.0,0.0,0.0,0.000777,0.0,0.0,0.0,0.0,0.0,0.0,0.0,0.0,0.0,0.0,0.0,0.0,0.0,0.0,0.0,0.0,0.0,0.0,0.0,0.0,0.0,0.0,0.0,0.0,0.0,0.005102,0.0,0.0,0.0,0.0,0.0,0.0,0.0,0.0,0.001587,0.0,0.0,0.0,0.0,0.0,0.0,0.0,0.0,0.0,0.0,0.0,0.0,0.0,0.0,0.0,0.0,0.0,0.0,0.0,0.0,0.0,0.0,0.0,0.0,0.0,0.0,0.0,0.0,0.0,0.0,0.0,0.0,0.0,0.0,0.0,0.0,0.0,0.0,0.0,0.0,0.000428,0.0,8.8e-05,0.0,1.0,0.0,0.0,0.0
9820,0.0,0.0,0.0,0.0,0.0,0.0,0.0,0.0,0.0,0.0,0.0,0.0,0.0,0.0,0.0,0.0,0.0,0.0,0.0,0.0,0.0,0.0,0.0,0.0,0.0,0.0,0.0,0.0,0.0,0.0,0.0,0.0,0.0,0.0,0.0,0.0,0.0,0.0,0.0,0.0,0.0,0.0,0.0,0.0,0.0,0.0,0.0,0.0,0.0,0.0,0.0,0.0,0.0,0.0,0.0,0.0,0.0,0.0,0.0,0.0,0.0,0.0,0.003356,0.0,0.0,0.0,0.0,0.0,0.0,0.0,0.0,0.0,0.0,0.0,0.0,0.0,0.0,0.0,0.0,0.0,0.0,0.0,0.0,0.0,0.0,0.0,0.0,0.0,0.0,0.0,0.0,0.0,0.0,0.0,0.0,0.0,0.0,0.0,0.0,0.0,0.0,0.0,0.0,0.0,0.0,0.0,0.0,0.0,0.0,0.0,0.0,0.0,0.0,0.0,0.0,0.0,0.0,0.0,0.0,0.0,0.0,0.0,0.0,0.0,0.0,0.0,0.0,0.0,0.0,0.0,0.0,0.0,0.0,0.0,0.0,0.0,0.0,0.0,0.0,0.0,0.0,0.0,0.0,0.0,0.0,0.0,0.0,0.0,0.0,0.0,0.0,0.0,0.0,0.0,0.0,0.0,0.0,0.0,0.0,0.0,0.0,0.0,0.0,0.0,0.0,0.0,0.0,0.0,0.0,0.0,0.0,0.0,0.0,0.0,0.0,0.0,0.0,0.0,0.0,0.0,0.0,0.0,0.0,0.0,0.0,0.0,0.0,0.0,0.0,0.0,0.0,0.0,0.0,0.0,0.0,0.0,0.0,0.0,0.0,0.0,0.0,0.0,0.0,0.0,0.0,0.0,0.0,0.0,0.0,0.0,0.0,0.0,0.0,0.0,0.0,0.0,0.0,0.0,0.0,0.0,0.0,0.0,0.0,0.0,0.0,0.0,0.0,0.0,0.0,0.0,0.0,0.0,0.0,0.0,0.0,0.0,0.0,0.0,0.0,0.0,0.0,0.0,0.0,0.0,0.0,0.0,0.0,0.0,0.0,0.0,0.0,0.0,0.0,0.0,0.0,0.0,0.0,0.0,0.0,0.0,0.0,0.0,0.0,0.0,0.0,0.0,0.0,0.0,0.0,0.0,0.0,0.0,0.0,0.0,0.0,0.0,0.0,0.0,0.0,0.0,0.0,0.0,0.0,0.0,0.0,0.0,0.0,0.0,0.0,0.0,0.0,0.0,0.0,0.0,0.0,0.0,0.0,0.0,0.0,0.0,0.0,0.0,0.0,0.0,0.0,0.0,0.0,0.0,0.0,0.0,0.0,0.0,0.0,0.0,0.0,0.0,0.0,0.0,0.0,0.0,0.0,0.0,0.0,0.0,0.0,0.0,0.0,0.0,0.0,0.0,0.0,0.0,0.0,0.0,0.0,0.0,0.0,0.0,0.0,0.0,0.0,0.0,0.0,0.0,0.0,0.0,0.0,0.0,0.0,0.0,0.0,0.0,0.0,0.0,0.0,0.0,0.0,0.0,0.0,0.0,0.0,0.0,0.0,0.0,0.0,0.0,0.0,0.0,0.0,0.0,0.0,0.0,0.0,0.0,0.0,0.0,0.0,0.0,0.0,0.0,0.0,0.006757,0.0,0.0,0.0,0.0,0.0,0.0,0.0,0.0,0.0,0.0,0.0,0.0,0.0,0.0,0.0,0.0,0.0,0.0,0.0,0.0,0.0,0.0,0.0,0.0,0.0,0.0,0.0,0.0,0.0,0.0,0.0,1.0,0.0,0.0
9900,0.0,0.0,0.0,0.0,0.0,0.0,0.0,0.0,0.0,0.0,0.0,0.0,0.0,0.0,0.000623,0.0,0.0,0.0,0.0,0.0,0.0,0.0,0.0,0.0,0.0,0.0,0.0,0.0,0.014286,0.0,0.0,0.0,0.0,0.0,0.0,0.0,0.0,0.0,0.0,0.0,0.0,0.0,0.0,0.0,0.0,0.0,0.0,0.0,0.0,0.0,0.0,0.0,0.0,0.0,0.0,0.0,0.0,0.0,0.0,0.0,0.0,0.0,0.0,0.0,0.0,0.0,0.0,0.0,0.0,0.0,0.0,0.0,0.0,0.0,0.0,0.0,0.0,0.0,0.0,0.0,0.0,0.0,0.0,0.0,0.0,0.0,0.0,0.0,0.0,0.0,0.0,0.0,0.0,0.0,0.0,0.0,0.0,0.0,0.0,0.0,0.0,0.0,0.0,0.0,0.0,0.0,0.0,0.0,0.0,0.0,0.0,0.0,0.0,0.0,0.0,0.0,0.0,0.0,0.0,0.0,0.0,0.0,0.0,0.0,0.0,0.0,0.0,0.0,0.0,0.0,0.0,0.0,0.0,0.0,0.0,0.0,0.0,0.0,0.0,0.0,0.0,0.0,0.0,0.0,0.0,0.0,0.0,0.0,0.0,0.0,0.0,0.0,0.0,0.0,0.0,0.0,0.0,0.0,0.0,0.0,0.0,0.0,0.0,0.0,0.0,0.0,0.0,0.0,0.0,0.0,0.0,0.0,0.0,0.0,0.0,0.0,0.0,0.0,0.0,0.0,0.0,0.0,0.0,0.0,0.0,0.0,0.0,0.0,0.0,0.0,0.0,0.0,0.0,0.0,0.0,0.0,0.0,0.0,0.0,0.0,0.0,0.0,0.0,0.0,0.0,0.0,0.0,0.0,0.0,0.0,0.0,0.0,0.0,0.000422,0.000296,0.0,0.0,0.0,0.0,0.0,0.0,0.0,0.0,0.0,0.0,0.0,0.000104,0.0,0.0,0.000289,0.0,0.0,0.0,0.0,0.0,0.0,0.0,0.0,0.0,0.0,0.0,0.0,0.0,0.000655,0.000241,0.0,0.0,0.0,0.0,0.0,0.0,0.0,0.0,0.0,7.2e-05,4.9e-05,0.0,0.0,0.0,0.0,0.0,0.0,0.0,0.0,0.0,0.0,0.0,0.0,0.0,0.0,0.0,0.001101,0.0,0.0,8.1e-05,0.0,0.0,0.0,0.0,0.0,0.0,0.0,0.0,0.0,0.0,0.0,0.0,0.0,0.0,0.0,0.0,0.0,0.0,0.0,0.0,0.0,0.0,0.0,0.0,0.0,0.0,0.0,0.0,0.0,0.0,0.0,0.0,0.0,0.0,0.0,0.0,0.0,0.0,0.0,0.0,0.0,0.0,0.0,0.0,0.000156,0.0,0.000368,0.000794,0.001784,0.0,0.0,0.0,0.0,0.0,0.0,0.0,0.0,0.000155,0.0,0.00625,0.0,0.0,0.0,0.0,0.0,0.0,0.0,0.0,0.0,0.0,0.0,0.0,0.0,0.0,0.0,0.0,0.0,0.0,0.0,0.0,0.0,0.0,0.0,0.0,0.0,0.003425,0.0,0.0,0.0,0.0,0.0,0.0,0.001587,0.0,0.0,0.0,0.0,0.0,0.0,0.017241,0.0,0.000325,0.0,0.0,0.0,0.0,0.0,0.01087,0.0,0.0,0.0,0.0,0.0,0.0,0.0,0.0,0.0,0.0,0.0,0.0,0.0,0.0,0.0,0.0,0.0,0.0,0.0,0.0,0.0,0.0,0.0,0.0,0.0,0.0,0.0,8.8e-05,0.0,0.0,0.0,1.0,0.0
9999,0.0,0.0,0.0,0.0,0.0,0.0,0.0,0.0,0.0,0.0,0.0,0.0,0.0,0.0,0.0,0.0,0.0,0.0,0.0,0.0,0.0,0.0,0.0,0.0,0.0,0.0,0.0,0.0,0.0,0.0,0.0,0.0,0.0,0.0,0.0,0.0,0.0,0.0,0.0,0.0,0.0,0.0,0.0,0.0,0.0,0.0,0.0,0.0,0.0,0.0,0.0,0.0,0.0,0.0,0.0,0.0,0.0,0.0,0.0,0.0,0.0,0.0,0.0,0.0,0.0,0.0,0.0,0.0,0.0,0.0,0.0,0.0,0.0,0.0,0.0,0.0,0.0,0.0,0.0,0.0,0.0,0.0,0.0,0.0,0.0,0.0,0.0,0.0,0.0,0.0,0.0,0.0,0.0,0.0,0.0,0.0,0.0,0.0,0.0,0.0,0.0,0.0,0.0,0.0,0.0,0.0,0.0,0.0,0.0,0.0,0.0,0.0,0.0,0.0,0.0,0.0,0.0,0.0,0.0,0.0,0.0,0.0,0.0,0.0,0.0,0.0,0.0,0.0,0.0,0.0,0.0,0.0,0.0,0.0,0.0,0.0,0.0,0.0,0.0,0.0,0.0,0.0,0.0,0.0,0.0,0.0,0.0,0.0,0.0,0.0,0.0,0.0,0.0,0.0,0.0,0.0,0.0,0.0,0.0,0.0,0.0,0.0,0.0,0.0,0.0,0.0,0.0,0.0,0.0,0.0,0.0,0.0,0.0,0.0,0.0,0.0,0.0,0.0,0.0,0.0,0.0,0.0,0.0,0.0,0.0,0.0,0.0,0.0,0.0,0.0,0.0,0.0,0.0,0.0,0.0,0.0,0.0,0.0,0.0,0.0,0.0,0.0,0.0,0.0,0.0,0.0,0.0,0.0,0.0,0.0,0.0,0.0,0.0,0.0,0.0,0.0,0.0,0.0,0.0,0.0,0.0,0.0,0.0,0.0,0.0,0.0,0.0,0.0,0.0,0.0,0.0,0.0,0.0,0.0,0.0,0.0,0.0,0.0,0.0,0.0,0.0,0.0,0.0,0.0,0.0,0.0,0.0,0.0,0.0,0.0,0.0,0.0,0.0,0.0,0.0,0.0,0.0,0.0,0.0,0.0,0.0,0.0,0.0,0.0,0.0,0.0,0.0,0.0,0.0,0.0,0.0,0.0,0.0,0.0,8.1e-05,0.0,0.0,0.0,0.0,0.0,0.0,0.0,0.0,0.0,0.0,0.0,0.0,0.0,0.0,0.0,0.0,0.0,0.0,0.0,0.0,0.0,0.0,0.0,0.0,0.0,0.0,0.0,0.0,0.0,0.0,0.0,0.0,0.0,0.0,0.0,0.0,0.0,0.0,0.0,0.0,0.0,0.0,0.0,0.0,7.8e-05,0.0,0.0,0.0,0.0,0.0,0.0,0.0,0.0,0.0,0.0,0.0,0.0,0.0,0.0,0.0,0.0,0.0,0.0,0.0,0.0,0.0,0.0,0.0,0.0,0.0,0.0,0.0,0.0,0.0,0.0,0.0,0.0,0.0,0.0,0.0,0.0,0.0,0.0,0.0,0.0,0.0,0.0,0.0,0.0,0.0,0.0,0.0,0.0,0.0,0.0,0.0,0.0,0.0,0.0,0.0,0.0,0.0,0.0,0.0,0.0,0.0,0.0,0.0,0.0,0.0,0.0,0.0,0.0,0.0,0.0,0.0,0.0,0.0,0.0,0.0,0.0,0.0,0.0,0.0,0.0,0.0,0.0,0.0,0.0,0.0,0.0,0.0,0.0,0.0,0.0,0.0,0.0,0.0,0.0,0.0,1.0
