"hs_code","isic4_code","match_weight"
"010121","0141",0.333333333333333
"010121","0142",0.333333333333333
"010121","0144",0.333333333333333
"010129","0141",0.333333333333333
"010129","0142",0.333333333333333
"010129","0144",0.333333333333333
"010130","0141",0.333333333333333
"010130","0142",0.333333333333333
"010130","0144",0.333333333333333
"010190","0141",0.333333333333333
"010190","0142",0.333333333333333
"010190","0144",0.333333333333333
"010221","0141",0.333333333333333
"010221","0142",0.333333333333333
"010221","0144",0.333333333333333
"010229","0141",0.333333333333333
"010229","0142",0.333333333333333
"010229","0144",0.333333333333333
"010231","0141",0.333333333333333
"010231","0142",0.333333333333333
"010231","0144",0.333333333333333
"010239","0141",0.333333333333333
"010239","0142",0.333333333333333
"010239","0144",0.333333333333333
"010290","0141",0.333333333333333
"010290","0142",0.333333333333333
"010290","0144",0.333333333333333
"010310","0143",0.166666666666667
"010310","0145",0.166666666666667
"010310","0146",0.166666666666667
"010310","0149",0.166666666666667
"010310","0321",0.166666666666667
"010310","0322",0.166666666666667
"010391","0143",0.166666666666667
"010391","0145",0.166666666666667
"010391","0146",0.166666666666667
"010391","0149",0.166666666666667
"010391","0321",0.166666666666667
"010391","0322",0.166666666666667
"010392","0143",0.166666666666667
"010392","0145",0.166666666666667
"010392","0146",0.166666666666667
"010392","0149",0.166666666666667
"010392","0321",0.166666666666667
"010392","0322",0.166666666666667
"010410","0141",0.333333333333333
"010410","0142",0.333333333333333
"010410","0144",0.333333333333333
"010420","0141",0.333333333333333
"010420","0142",0.333333333333333
"010420","0144",0.333333333333333
"010511","0143",0.166666666666667
"010511","0145",0.166666666666667
"010511","0146",0.166666666666667
"010511","0149",0.166666666666667
"010511","0321",0.166666666666667
"010511","0322",0.166666666666667
"010512","0143",0.166666666666667
"010512","0145",0.166666666666667
"010512","0146",0.166666666666667
"010512","0149",0.166666666666667
"010512","0321",0.166666666666667
"010512","0322",0.166666666666667
"010513","0143",0.166666666666667
"010513","0145",0.166666666666667
"010513","0146",0.166666666666667
"010513","0149",0.166666666666667
"010513","0321",0.166666666666667
"010513","0322",0.166666666666667
"010514","0143",0.166666666666667
"010514","0145",0.166666666666667
"010514","0146",0.166666666666667
"010514","0149",0.166666666666667
"010514","0321",0.166666666666667
"010514","0322",0.166666666666667
"010515","0143",0.166666666666667
"010515","0145",0.166666666666667
"010515","0146",0.166666666666667
"010515","0149",0.166666666666667
"010515","0321",0.166666666666667
"010515","0322",0.166666666666667
"010594","0143",0.166666666666667
"010594","0145",0.166666666666667
"010594","0146",0.166666666666667
"010594","0149",0.166666666666667
"010594","0321",0.166666666666667
"010594","0322",0.166666666666667
"010599","0143",0.166666666666667
"010599","0145",0.166666666666667
"010599","0146",0.166666666666667
"010599","0149",0.166666666666667
"010599","0321",0.166666666666667
"010599","0322",0.166666666666667
"010611","0143",0.166666666666667
"010611","0145",0.166666666666667
"010611","0146",0.166666666666667
"010611","0149",0.166666666666667
"010611","0321",0.166666666666667
"010611","0322",0.166666666666667
"010612","0143",0.166666666666667
"010612","0145",0.166666666666667
"010612","0146",0.166666666666667
"010612","0149",0.166666666666667
"010612","0321",0.166666666666667
"010612","0322",0.166666666666667
"010613","0143",0.166666666666667
"010613","0145",0.166666666666667
"010613","0146",0.166666666666667
"010613","0149",0.166666666666667
"010613","0321",0.166666666666667
"010613","0322",0.166666666666667
"010614","0143",0.166666666666667
"010614","0145",0.166666666666667
"010614","0146",0.166666666666667
"010614","0149",0.166666666666667
"010614","0321",0.166666666666667
"010614","0322",0.166666666666667
"010619","0143",0.166666666666667
"010619","0145",0.166666666666667
"010619","0146",0.166666666666667
"010619","0149",0.166666666666667
"010619","0321",0.166666666666667
"010619","0322",0.166666666666667
"010620","0143",0.166666666666667
"010620","0145",0.166666666666667
"010620","0146",0.166666666666667
"010620","0149",0.166666666666667
"010620","0321",0.166666666666667
"010620","0322",0.166666666666667
"010631","0143",0.166666666666667
"010631","0145",0.166666666666667
"010631","0146",0.166666666666667
"010631","0149",0.166666666666667
"010631","0321",0.166666666666667
"010631","0322",0.166666666666667
"010632","0143",0.166666666666667
"010632","0145",0.166666666666667
"010632","0146",0.166666666666667
"010632","0149",0.166666666666667
"010632","0321",0.166666666666667
"010632","0322",0.166666666666667
"010633","0143",0.166666666666667
"010633","0145",0.166666666666667
"010633","0146",0.166666666666667
"010633","0149",0.166666666666667
"010633","0321",0.166666666666667
"010633","0322",0.166666666666667
"010639","0143",0.166666666666667
"010639","0145",0.166666666666667
"010639","0146",0.166666666666667
"010639","0149",0.166666666666667
"010639","0321",0.166666666666667
"010639","0322",0.166666666666667
"010641","0143",0.166666666666667
"010641","0145",0.166666666666667
"010641","0146",0.166666666666667
"010641","0149",0.166666666666667
"010641","0321",0.166666666666667
"010641","0322",0.166666666666667
"010649","0143",0.166666666666667
"010649","0145",0.166666666666667
"010649","0146",0.166666666666667
"010649","0149",0.166666666666667
"010649","0321",0.166666666666667
"010649","0322",0.166666666666667
"010690","0143",0.166666666666667
"010690","0145",0.166666666666667
"010690","0146",0.166666666666667
"010690","0149",0.166666666666667
"010690","0321",0.166666666666667
"010690","0322",0.166666666666667
"020110","1010",1
"020120","1010",1
"020130","1010",1
"020210","1010",1
"020220","1010",1
"020230","1010",1
"020311","1010",1
"020312","1010",1
"020319","1010",1
"020321","1010",1
"020322","1010",1
"020329","1010",1
"020410","1010",1
"020421","1010",1
"020422","1010",1
"020423","1010",1
"020430","1010",1
"020441","1010",1
"020442","1010",1
"020443","1010",1
"020450","1010",1
"020500","1010",1
"020610","1010",1
"020621","1010",1
"020622","1010",1
"020629","1010",1
"020630","1010",1
"020641","1010",1
"020649","1010",1
"020680","1010",1
"020690","1010",1
"020711","1010",1
"020712","1010",1
"020713","1010",1
"020714","1010",1
"020724","1010",1
"020725","1010",1
"020726","1010",1
"020727","1010",1
"020741","1010",1
"020742","1010",1
"020743","1010",1
"020744","1010",1
"020745","1010",1
"020751","1010",1
"020752","1010",1
"020753","1010",1
"020754","1010",1
"020755","1010",1
"020760","1010",1
"020810","1010",1
"020830","1010",1
"020840","1010",1
"020850","1010",1
"020860","1010",1
"020890","1010",1
"020910","1010",1
"020990","1010",1
"021011","1010",1
"021012","1010",1
"021019","1010",1
"021020","1010",1
"021091","1010",1
"021092","1010",1
"021093","1010",1
"021099","1010",1
"030111","0311",0.25
"030111","0312",0.25
"030111","0321",0.25
"030111","0322",0.25
"030119","0311",0.25
"030119","0312",0.25
"030119","0321",0.25
"030119","0322",0.25
"030191","0311",0.25
"030191","0312",0.25
"030191","0321",0.25
"030191","0322",0.25
"030192","0311",0.25
"030192","0312",0.25
"030192","0321",0.25
"030192","0322",0.25
"030193","0311",0.25
"030193","0312",0.25
"030193","0321",0.25
"030193","0322",0.25
"030194","0311",0.25
"030194","0312",0.25
"030194","0321",0.25
"030194","0322",0.25
"030195","0311",0.25
"030195","0312",0.25
"030195","0321",0.25
"030195","0322",0.25
"030199","0311",0.25
"030199","0312",0.25
"030199","0321",0.25
"030199","0322",0.25
"030211","0311",0.25
"030211","0312",0.25
"030211","0321",0.25
"030211","0322",0.25
"030213","0311",0.25
"030213","0312",0.25
"030213","0321",0.25
"030213","0322",0.25
"030214","0311",0.25
"030214","0312",0.25
"030214","0321",0.25
"030214","0322",0.25
"030219","0311",0.25
"030219","0312",0.25
"030219","0321",0.25
"030219","0322",0.25
"030221","0311",0.25
"030221","0312",0.25
"030221","0321",0.25
"030221","0322",0.25
"030222","0311",0.25
"030222","0312",0.25
"030222","0321",0.25
"030222","0322",0.25
"030223","0311",0.25
"030223","0312",0.25
"030223","0321",0.25
"030223","0322",0.25
"030224","0311",0.25
"030224","0312",0.25
"030224","0321",0.25
"030224","0322",0.25
"030229","0311",0.25
"030229","0312",0.25
"030229","0321",0.25
"030229","0322",0.25
"030231","0311",0.25
"030231","0312",0.25
"030231","0321",0.25
"030231","0322",0.25
"030232","0311",0.25
"030232","0312",0.25
"030232","0321",0.25
"030232","0322",0.25
"030233","0311",0.25
"030233","0312",0.25
"030233","0321",0.25
"030233","0322",0.25
"030234","0311",0.25
"030234","0312",0.25
"030234","0321",0.25
"030234","0322",0.25
"030235","0311",0.25
"030235","0312",0.25
"030235","0321",0.25
"030235","0322",0.25
"030236","0311",0.25
"030236","0312",0.25
"030236","0321",0.25
"030236","0322",0.25
"030239","0311",0.25
"030239","0312",0.25
"030239","0321",0.25
"030239","0322",0.25
"030241","0311",0.25
"030241","0312",0.25
"030241","0321",0.25
"030241","0322",0.25
"030242","0311",0.25
"030242","0312",0.25
"030242","0321",0.25
"030242","0322",0.25
"030243","0311",0.25
"030243","0312",0.25
"030243","0321",0.25
"030243","0322",0.25
"030244","0311",0.25
"030244","0312",0.25
"030244","0321",0.25
"030244","0322",0.25
"030245","0311",0.25
"030245","0312",0.25
"030245","0321",0.25
"030245","0322",0.25
"030246","0311",0.25
"030246","0312",0.25
"030246","0321",0.25
"030246","0322",0.25
"030247","0311",0.25
"030247","0312",0.25
"030247","0321",0.25
"030247","0322",0.25
"030249","0311",0.25
"030249","0312",0.25
"030249","0321",0.25
"030249","0322",0.25
"030251","0311",0.25
"030251","0312",0.25
"030251","0321",0.25
"030251","0322",0.25
"030252","0311",0.25
"030252","0312",0.25
"030252","0321",0.25
"030252","0322",0.25
"030253","0311",0.25
"030253","0312",0.25
"030253","0321",0.25
"030253","0322",0.25
"030254","0311",0.25
"030254","0312",0.25
"030254","0321",0.25
"030254","0322",0.25
"030255","0311",0.25
"030255","0312",0.25
"030255","0321",0.25
"030255","0322",0.25
"030256","0311",0.25
"030256","0312",0.25
"030256","0321",0.25
"030256","0322",0.25
"030259","0311",0.25
"030259","0312",0.25
"030259","0321",0.25
"030259","0322",0.25
"030271","0311",0.25
"030271","0312",0.25
"030271","0321",0.25
"030271","0322",0.25
"030272","0311",0.25
"030272","0312",0.25
"030272","0321",0.25
"030272","0322",0.25
"030273","0311",0.25
"030273","0312",0.25
"030273","0321",0.25
"030273","0322",0.25
"030274","0311",0.25
"030274","0312",0.25
"030274","0321",0.25
"030274","0322",0.25
"030279","0311",0.25
"030279","0312",0.25
"030279","0321",0.25
"030279","0322",0.25
"030281","0311",0.25
"030281","0312",0.25
"030281","0321",0.25
"030281","0322",0.25
"030282","0311",0.25
"030282","0312",0.25
"030282","0321",0.25
"030282","0322",0.25
"030283","0311",0.25
"030283","0312",0.25
"030283","0321",0.25
"030283","0322",0.25
"030284","0311",0.25
"030284","0312",0.25
"030284","0321",0.25
"030284","0322",0.25
"030285","0311",0.25
"030285","0312",0.25
"030285","0321",0.25
"030285","0322",0.25
"030289","0311",0.25
"030289","0312",0.25
"030289","0321",0.25
"030289","0322",0.25
"030291","1020",0.5
"030291","1075",0.5
"030292","0311",0.25
"030292","0312",0.25
"030292","0321",0.25
"030292","0322",0.25
"030299","0311",0.25
"030299","0312",0.25
"030299","0321",0.25
"030299","0322",0.25
"030311","1020",0.5
"030311","1075",0.5
"030312","1020",0.5
"030312","1075",0.5
"030313","1020",0.5
"030313","1075",0.5
"030314","1020",0.5
"030314","1075",0.5
"030319","1020",0.5
"030319","1075",0.5
"030323","1020",0.5
"030323","1075",0.5
"030324","1020",0.5
"030324","1075",0.5
"030325","1020",0.5
"030325","1075",0.5
"030326","1020",0.5
"030326","1075",0.5
"030329","1020",0.5
"030329","1075",0.5
"030331","1020",0.5
"030331","1075",0.5
"030332","1020",0.5
"030332","1075",0.5
"030333","1020",0.5
"030333","1075",0.5
"030334","1020",0.5
"030334","1075",0.5
"030339","1020",0.5
"030339","1075",0.5
"030341","1020",0.5
"030341","1075",0.5
"030342","1020",0.5
"030342","1075",0.5
"030343","1020",0.5
"030343","1075",0.5
"030344","1020",0.5
"030344","1075",0.5
"030345","1020",0.5
"030345","1075",0.5
"030346","1020",0.5
"030346","1075",0.5
"030349","1020",0.5
"030349","1075",0.5
"030351","1020",0.5
"030351","1075",0.5
"030353","1020",0.5
"030353","1075",0.5
"030354","1020",0.5
"030354","1075",0.5
"030355","1020",0.5
"030355","1075",0.5
"030356","1020",0.5
"030356","1075",0.5
"030357","1020",0.5
"030357","1075",0.5
"030359","1020",0.5
"030359","1075",0.5
"030363","1020",0.5
"030363","1075",0.5
"030364","1020",0.5
"030364","1075",0.5
"030365","1020",0.5
"030365","1075",0.5
"030366","1020",0.5
"030366","1075",0.5
"030367","1020",0.5
"030367","1075",0.5
"030368","1020",0.5
"030368","1075",0.5
"030369","1020",0.5
"030369","1075",0.5
"030381","1020",0.5
"030381","1075",0.5
"030382","1020",0.5
"030382","1075",0.5
"030383","1020",0.5
"030383","1075",0.5
"030384","1020",0.5
"030384","1075",0.5
"030389","1020",0.5
"030389","1075",0.5
"030391","1020",0.5
"030391","1075",0.5
"030392","1020",0.5
"030392","1075",0.5
"030399","1020",0.5
"030399","1075",0.5
"030431","1020",0.5
"030431","1075",0.5
"030432","1020",0.5
"030432","1075",0.5
"030433","1020",0.5
"030433","1075",0.5
"030439","1020",0.5
"030439","1075",0.5
"030441","1020",0.5
"030441","1075",0.5
"030442","1020",0.5
"030442","1075",0.5
"030443","1020",0.5
"030443","1075",0.5
"030444","1020",0.5
"030444","1075",0.5
"030445","1020",0.5
"030445","1075",0.5
"030446","1020",0.5
"030446","1075",0.5
"030447","1020",0.5
"030447","1075",0.5
"030448","1020",0.5
"030448","1075",0.5
"030449","1020",0.5
"030449","1075",0.5
"030451","1020",0.5
"030451","1075",0.5
"030452","1020",0.5
"030452","1075",0.5
"030453","1020",0.5
"030453","1075",0.5
"030454","1020",0.5
"030454","1075",0.5
"030455","1020",0.5
"030455","1075",0.5
"030456","1020",0.5
"030456","1075",0.5
"030457","1020",0.5
"030457","1075",0.5
"030459","1020",0.5
"030459","1075",0.5
"030461","1020",0.5
"030461","1075",0.5
"030462","1020",0.5
"030462","1075",0.5
"030463","1020",0.5
"030463","1075",0.5
"030469","1020",0.5
"030469","1075",0.5
"030471","1020",0.5
"030471","1075",0.5
"030472","1020",0.5
"030472","1075",0.5
"030473","1020",0.5
"030473","1075",0.5
"030474","1020",0.5
"030474","1075",0.5
"030475","1020",0.5
"030475","1075",0.5
"030479","1020",0.5
"030479","1075",0.5
"030481","1020",0.5
"030481","1075",0.5
"030482","1020",0.5
"030482","1075",0.5
"030483","1020",0.5
"030483","1075",0.5
"030484","1020",0.5
"030484","1075",0.5
"030485","1020",0.5
"030485","1075",0.5
"030486","1020",0.5
"030486","1075",0.5
"030487","1020",0.5
"030487","1075",0.5
"030488","1020",0.5
"030488","1075",0.5
"030489","1020",0.5
"030489","1075",0.5
"030491","1020",0.5
"030491","1075",0.5
"030492","1020",0.5
"030492","1075",0.5
"030493","1020",0.5
"030493","1075",0.5
"030494","1020",0.5
"030494","1075",0.5
"030495","1020",0.5
"030495","1075",0.5
"030496","1020",0.5
"030496","1075",0.5
"030497","1020",0.5
"030497","1075",0.5
"030499","1020",0.5
"030499","1075",0.5
"030520","1020",0.5
"030520","1075",0.5
"030531","1020",0.5
"030531","1075",0.5
"030532","1020",0.5
"030532","1075",0.5
"030539","1020",0.5
"030539","1075",0.5
"030541","1020",0.5
"030541","1075",0.5
"030542","1020",0.5
"030542","1075",0.5
"030543","1020",0.5
"030543","1075",0.5
"030544","1020",0.5
"030544","1075",0.5
"030549","1020",0.5
"030549","1075",0.5
"030551","1020",0.5
"030551","1075",0.5
"030552","1020",0.5
"030552","1075",0.5
"030553","1020",0.5
"030553","1075",0.5
"030554","1020",0.5
"030554","1075",0.5
"030559","1020",0.5
"030559","1075",0.5
"030561","1020",0.5
"030561","1075",0.5
"030562","1020",0.5
"030562","1075",0.5
"030563","1020",0.5
"030563","1075",0.5
"030564","1020",0.5
"030564","1075",0.5
"030569","1020",0.5
"030569","1075",0.5
"030571","1020",0.5
"030571","1075",0.5
"030572","1020",0.5
"030572","1075",0.5
"030579","1020",0.5
"030579","1075",0.5
"030611","1020",0.5
"030611","1075",0.5
"030612","1020",0.5
"030612","1075",0.5
"030614","1020",0.5
"030614","1075",0.5
"030615","1020",0.5
"030615","1075",0.5
"030616","1020",0.5
"030616","1075",0.5
"030617","1020",0.5
"030617","1075",0.5
"030619","1020",0.5
"030619","1075",0.5
"030631","0311",0.25
"030631","0312",0.25
"030631","0321",0.25
"030631","0322",0.25
"030632","0311",0.25
"030632","0312",0.25
"030632","0321",0.25
"030632","0322",0.25
"030633","1020",0.5
"030633","1075",0.5
"030634","1020",0.5
"030634","1075",0.5
"030635","1020",0.5
"030635","1075",0.5
"030636","1020",0.5
"030636","1075",0.5
"030639","1020",0.5
"030639","1075",0.5
"030691","0311",0.25
"030691","0312",0.25
"030691","0321",0.25
"030691","0322",0.25
"030692","0311",0.25
"030692","0312",0.25
"030692","0321",0.25
"030692","0322",0.25
"030693","1020",0.5
"030693","1075",0.5
"030694","1020",0.5
"030694","1075",0.5
"030695","1020",0.5
"030695","1075",0.5
"030699","1020",0.5
"030699","1075",0.5
"030711","0311",0.25
"030711","0312",0.25
"030711","0321",0.25
"030711","0322",0.25
"030712","1020",0.5
"030712","1075",0.5
"030719","1020",0.5
"030719","1075",0.5
"030721","0311",0.25
"030721","0312",0.25
"030721","0321",0.25
"030721","0322",0.25
"030722","1020",0.5
"030722","1075",0.5
"030729","1020",0.5
"030729","1075",0.5
"030731","0311",0.25
"030731","0312",0.25
"030731","0321",0.25
"030731","0322",0.25
"030732","1020",0.5
"030732","1075",0.5
"030739","1020",0.5
"030739","1075",0.5
"030742","0311",0.25
"030742","0312",0.25
"030742","0321",0.25
"030742","0322",0.25
"030743","1020",0.5
"030743","1075",0.5
"030749","1020",0.5
"030749","1075",0.5
"030751","0311",0.25
"030751","0312",0.25
"030751","0321",0.25
"030751","0322",0.25
"030752","1020",0.5
"030752","1075",0.5
"030759","1020",0.5
"030759","1075",0.5
"030760","0143",0.166666666666667
"030760","0145",0.166666666666667
"030760","0146",0.166666666666667
"030760","0149",0.166666666666667
"030760","0321",0.166666666666667
"030760","0322",0.166666666666667
"030771","0311",0.25
"030771","0312",0.25
"030771","0321",0.25
"030771","0322",0.25
"030772","1020",0.5
"030772","1075",0.5
"030779","1020",0.5
"030779","1075",0.5
"030781","0311",0.25
"030781","0312",0.25
"030781","0321",0.25
"030781","0322",0.25
"030782","0311",0.25
"030782","0312",0.25
"030782","0321",0.25
"030782","0322",0.25
"030783","1020",0.5
"030783","1075",0.5
"030784","1020",0.5
"030784","1075",0.5
"030787","1020",0.5
"030787","1075",0.5
"030788","1020",0.5
"030788","1075",0.5
"030791","0311",0.25
"030791","0312",0.25
"030791","0321",0.25
"030791","0322",0.25
"030792","1020",0.5
"030792","1075",0.5
"030799","1020",0.5
"030799","1075",0.5
"030811","0311",0.25
"030811","0312",0.25
"030811","0321",0.25
"030811","0322",0.25
"030812","1020",0.5
"030812","1075",0.5
"030819","1020",0.5
"030819","1075",0.5
"030821","0311",0.25
"030821","0312",0.25
"030821","0321",0.25
"030821","0322",0.25
"030822","1020",0.5
"030822","1075",0.5
"030829","1020",0.5
"030829","1075",0.5
"030830","1020",0.5
"030830","1075",0.5
"030890","1020",0.5
"030890","1075",0.5
"030910","1020",0.5
"030910","1075",0.5
"030990","1020",0.5
"030990","1075",0.5
"040110","1050",1
"040120","1050",1
"040140","1050",1
"040150","1050",1
"040210","1050",1
"040221","1050",1
"040229","1050",1
"040291","1050",1
"040299","1050",1
"040320","1050",1
"040390","1050",1
"040410","1050",1
"040490","1050",1
"040510","1050",1
"040520","1050",1
"040590","1050",1
"040610","1050",1
"040620","1050",1
"040630","1050",1
"040640","1050",1
"040690","1050",1
"040711","0143",0.166666666666667
"040711","0145",0.166666666666667
"040711","0146",0.166666666666667
"040711","0149",0.166666666666667
"040711","0321",0.166666666666667
"040711","0322",0.166666666666667
"040719","0143",0.166666666666667
"040719","0145",0.166666666666667
"040719","0146",0.166666666666667
"040719","0149",0.166666666666667
"040719","0321",0.166666666666667
"040719","0322",0.166666666666667
"040721","0143",0.166666666666667
"040721","0145",0.166666666666667
"040721","0146",0.166666666666667
"040721","0149",0.166666666666667
"040721","0321",0.166666666666667
"040721","0322",0.166666666666667
"040729","0143",0.166666666666667
"040729","0145",0.166666666666667
"040729","0146",0.166666666666667
"040729","0149",0.166666666666667
"040729","0321",0.166666666666667
"040729","0322",0.166666666666667
"040790","0143",0.166666666666667
"040790","0145",0.166666666666667
"040790","0146",0.166666666666667
"040790","0149",0.166666666666667
"040790","0321",0.166666666666667
"040790","0322",0.166666666666667
"040811","1030",0.2
"040811","1071",0.2
"040811","1075",0.2
"040811","1079",0.2
"040811","3530",0.2
"040819","1030",0.2
"040819","1071",0.2
"040819","1075",0.2
"040819","1079",0.2
"040819","3530",0.2
"040891","1030",0.2
"040891","1071",0.2
"040891","1075",0.2
"040891","1079",0.2
"040891","3530",0.2
"040899","1030",0.2
"040899","1071",0.2
"040899","1075",0.2
"040899","1079",0.2
"040899","3530",0.2
"040900","0143",0.166666666666667
"040900","0145",0.166666666666667
"040900","0146",0.166666666666667
"040900","0149",0.166666666666667
"040900","0321",0.166666666666667
"040900","0322",0.166666666666667
"041010","0143",0.166666666666667
"041010","0145",0.166666666666667
"041010","0146",0.166666666666667
"041010","0149",0.166666666666667
"041010","0321",0.166666666666667
"041010","0322",0.166666666666667
"041090","0143",0.166666666666667
"041090","0145",0.166666666666667
"041090","0146",0.166666666666667
"041090","0149",0.166666666666667
"041090","0321",0.166666666666667
"041090","0322",0.166666666666667
"050100","9602",1
"050800","0311",0.25
"050800","0312",0.25
"050800","0321",0.25
"050800","0322",0.25
"051110","0141",0.333333333333333
"051110","0142",0.333333333333333
"051110","0144",0.333333333333333
"051191","1020",0.5
"051191","1075",0.5
"060110","0113",0.0714285714285714
"060110","0119",0.0714285714285714
"060110","0121",0.0714285714285714
"060110","0122",0.0714285714285714
"060110","0123",0.0714285714285714
"060110","0124",0.0714285714285714
"060110","0125",0.0714285714285714
"060110","0126",0.0714285714285714
"060110","0127",0.0714285714285714
"060110","0128",0.0714285714285714
"060110","0129",0.0714285714285714
"060110","0130",0.0714285714285714
"060110","0230",0.0714285714285714
"060110","1102",0.0714285714285714
"060120","0113",0.0714285714285714
"060120","0119",0.0714285714285714
"060120","0121",0.0714285714285714
"060120","0122",0.0714285714285714
"060120","0123",0.0714285714285714
"060120","0124",0.0714285714285714
"060120","0125",0.0714285714285714
"060120","0126",0.0714285714285714
"060120","0127",0.0714285714285714
"060120","0128",0.0714285714285714
"060120","0129",0.0714285714285714
"060120","0130",0.0714285714285714
"060120","0230",0.0714285714285714
"060120","1102",0.0714285714285714
"060210","0113",0.0714285714285714
"060210","0119",0.0714285714285714
"060210","0121",0.0714285714285714
"060210","0122",0.0714285714285714
"060210","0123",0.0714285714285714
"060210","0124",0.0714285714285714
"060210","0125",0.0714285714285714
"060210","0126",0.0714285714285714
"060210","0127",0.0714285714285714
"060210","0128",0.0714285714285714
"060210","0129",0.0714285714285714
"060210","0130",0.0714285714285714
"060210","0230",0.0714285714285714
"060210","1102",0.0714285714285714
"060220","0113",0.0714285714285714
"060220","0119",0.0714285714285714
"060220","0121",0.0714285714285714
"060220","0122",0.0714285714285714
"060220","0123",0.0714285714285714
"060220","0124",0.0714285714285714
"060220","0125",0.0714285714285714
"060220","0126",0.0714285714285714
"060220","0127",0.0714285714285714
"060220","0128",0.0714285714285714
"060220","0129",0.0714285714285714
"060220","0130",0.0714285714285714
"060220","0230",0.0714285714285714
"060220","1102",0.0714285714285714
"060230","0113",0.0714285714285714
"060230","0119",0.0714285714285714
"060230","0121",0.0714285714285714
"060230","0122",0.0714285714285714
"060230","0123",0.0714285714285714
"060230","0124",0.0714285714285714
"060230","0125",0.0714285714285714
"060230","0126",0.0714285714285714
"060230","0127",0.0714285714285714
"060230","0128",0.0714285714285714
"060230","0129",0.0714285714285714
"060230","0130",0.0714285714285714
"060230","0230",0.0714285714285714
"060230","1102",0.0714285714285714
"060240","0113",0.0714285714285714
"060240","0119",0.0714285714285714
"060240","0121",0.0714285714285714
"060240","0122",0.0714285714285714
"060240","0123",0.0714285714285714
"060240","0124",0.0714285714285714
"060240","0125",0.0714285714285714
"060240","0126",0.0714285714285714
"060240","0127",0.0714285714285714
"060240","0128",0.0714285714285714
"060240","0129",0.0714285714285714
"060240","0130",0.0714285714285714
"060240","0230",0.0714285714285714
"060240","1102",0.0714285714285714
"060290","0113",0.0714285714285714
"060290","0119",0.0714285714285714
"060290","0121",0.0714285714285714
"060290","0122",0.0714285714285714
"060290","0123",0.0714285714285714
"060290","0124",0.0714285714285714
"060290","0125",0.0714285714285714
"060290","0126",0.0714285714285714
"060290","0127",0.0714285714285714
"060290","0128",0.0714285714285714
"060290","0129",0.0714285714285714
"060290","0130",0.0714285714285714
"060290","0230",0.0714285714285714
"060290","1102",0.0714285714285714
"060311","0113",0.0714285714285714
"060311","0119",0.0714285714285714
"060311","0121",0.0714285714285714
"060311","0122",0.0714285714285714
"060311","0123",0.0714285714285714
"060311","0124",0.0714285714285714
"060311","0125",0.0714285714285714
"060311","0126",0.0714285714285714
"060311","0127",0.0714285714285714
"060311","0128",0.0714285714285714
"060311","0129",0.0714285714285714
"060311","0130",0.0714285714285714
"060311","0230",0.0714285714285714
"060311","1102",0.0714285714285714
"060312","0113",0.0714285714285714
"060312","0119",0.0714285714285714
"060312","0121",0.0714285714285714
"060312","0122",0.0714285714285714
"060312","0123",0.0714285714285714
"060312","0124",0.0714285714285714
"060312","0125",0.0714285714285714
"060312","0126",0.0714285714285714
"060312","0127",0.0714285714285714
"060312","0128",0.0714285714285714
"060312","0129",0.0714285714285714
"060312","0130",0.0714285714285714
"060312","0230",0.0714285714285714
"060312","1102",0.0714285714285714
"060313","0113",0.0714285714285714
"060313","0119",0.0714285714285714
"060313","0121",0.0714285714285714
"060313","0122",0.0714285714285714
"060313","0123",0.0714285714285714
"060313","0124",0.0714285714285714
"060313","0125",0.0714285714285714
"060313","0126",0.0714285714285714
"060313","0127",0.0714285714285714
"060313","0128",0.0714285714285714
"060313","0129",0.0714285714285714
"060313","0130",0.0714285714285714
"060313","0230",0.0714285714285714
"060313","1102",0.0714285714285714
"060314","0113",0.0714285714285714
"060314","0119",0.0714285714285714
"060314","0121",0.0714285714285714
"060314","0122",0.0714285714285714
"060314","0123",0.0714285714285714
"060314","0124",0.0714285714285714
"060314","0125",0.0714285714285714
"060314","0126",0.0714285714285714
"060314","0127",0.0714285714285714
"060314","0128",0.0714285714285714
"060314","0129",0.0714285714285714
"060314","0130",0.0714285714285714
"060314","0230",0.0714285714285714
"060314","1102",0.0714285714285714
"060315","0113",0.0714285714285714
"060315","0119",0.0714285714285714
"060315","0121",0.0714285714285714
"060315","0122",0.0714285714285714
"060315","0123",0.0714285714285714
"060315","0124",0.0714285714285714
"060315","0125",0.0714285714285714
"060315","0126",0.0714285714285714
"060315","0127",0.0714285714285714
"060315","0128",0.0714285714285714
"060315","0129",0.0714285714285714
"060315","0130",0.0714285714285714
"060315","0230",0.0714285714285714
"060315","1102",0.0714285714285714
"060319","0113",0.0714285714285714
"060319","0119",0.0714285714285714
"060319","0121",0.0714285714285714
"060319","0122",0.0714285714285714
"060319","0123",0.0714285714285714
"060319","0124",0.0714285714285714
"060319","0125",0.0714285714285714
"060319","0126",0.0714285714285714
"060319","0127",0.0714285714285714
"060319","0128",0.0714285714285714
"060319","0129",0.0714285714285714
"060319","0130",0.0714285714285714
"060319","0230",0.0714285714285714
"060319","1102",0.0714285714285714
"060390","0113",0.0714285714285714
"060390","0119",0.0714285714285714
"060390","0121",0.0714285714285714
"060390","0122",0.0714285714285714
"060390","0123",0.0714285714285714
"060390","0124",0.0714285714285714
"060390","0125",0.0714285714285714
"060390","0126",0.0714285714285714
"060390","0127",0.0714285714285714
"060390","0128",0.0714285714285714
"060390","0129",0.0714285714285714
"060390","0130",0.0714285714285714
"060390","0230",0.0714285714285714
"060390","1102",0.0714285714285714
"060420","0121",0.0666666666666667
"060420","0122",0.0666666666666667
"060420","0123",0.0666666666666667
"060420","0124",0.0666666666666667
"060420","0125",0.0666666666666667
"060420","0126",0.0666666666666667
"060420","0127",0.0666666666666667
"060420","0128",0.0666666666666667
"060420","0129",0.0666666666666667
"060420","0130",0.0666666666666667
"060420","0210",0.0666666666666667
"060420","0220",0.0666666666666667
"060420","0230",0.0666666666666667
"060420","0240",0.0666666666666667
"060420","1102",0.0666666666666667
"060490","0121",0.0666666666666667
"060490","0122",0.0666666666666667
"060490","0123",0.0666666666666667
"060490","0124",0.0666666666666667
"060490","0125",0.0666666666666667
"060490","0126",0.0666666666666667
"060490","0127",0.0666666666666667
"060490","0128",0.0666666666666667
"060490","0129",0.0666666666666667
"060490","0130",0.0666666666666667
"060490","0210",0.0666666666666667
"060490","0220",0.0666666666666667
"060490","0230",0.0666666666666667
"060490","0240",0.0666666666666667
"060490","1102",0.0666666666666667
"070110","0111",0.0909090909090909
"070110","0112",0.0909090909090909
"070110","0113",0.0909090909090909
"070110","0114",0.0909090909090909
"070110","0115",0.0909090909090909
"070110","0116",0.0909090909090909
"070110","0119",0.0909090909090909
"070110","0126",0.0909090909090909
"070110","0128",0.0909090909090909
"070110","0129",0.0909090909090909
"070110","0163",0.0909090909090909
"070190","0111",0.0909090909090909
"070190","0112",0.0909090909090909
"070190","0113",0.0909090909090909
"070190","0114",0.0909090909090909
"070190","0115",0.0909090909090909
"070190","0116",0.0909090909090909
"070190","0119",0.0909090909090909
"070190","0126",0.0909090909090909
"070190","0128",0.0909090909090909
"070190","0129",0.0909090909090909
"070190","0163",0.0909090909090909
"070200","0113",0.0714285714285714
"070200","0119",0.0714285714285714
"070200","0121",0.0714285714285714
"070200","0122",0.0714285714285714
"070200","0123",0.0714285714285714
"070200","0124",0.0714285714285714
"070200","0125",0.0714285714285714
"070200","0126",0.0714285714285714
"070200","0127",0.0714285714285714
"070200","0128",0.0714285714285714
"070200","0129",0.0714285714285714
"070200","0130",0.0714285714285714
"070200","0230",0.0714285714285714
"070200","1102",0.0714285714285714
"070310","0113",0.0714285714285714
"070310","0119",0.0714285714285714
"070310","0121",0.0714285714285714
"070310","0122",0.0714285714285714
"070310","0123",0.0714285714285714
"070310","0124",0.0714285714285714
"070310","0125",0.0714285714285714
"070310","0126",0.0714285714285714
"070310","0127",0.0714285714285714
"070310","0128",0.0714285714285714
"070310","0129",0.0714285714285714
"070310","0130",0.0714285714285714
"070310","0230",0.0714285714285714
"070310","1102",0.0714285714285714
"070320","0113",0.0714285714285714
"070320","0119",0.0714285714285714
"070320","0121",0.0714285714285714
"070320","0122",0.0714285714285714
"070320","0123",0.0714285714285714
"070320","0124",0.0714285714285714
"070320","0125",0.0714285714285714
"070320","0126",0.0714285714285714
"070320","0127",0.0714285714285714
"070320","0128",0.0714285714285714
"070320","0129",0.0714285714285714
"070320","0130",0.0714285714285714
"070320","0230",0.0714285714285714
"070320","1102",0.0714285714285714
"070390","0113",0.0714285714285714
"070390","0119",0.0714285714285714
"070390","0121",0.0714285714285714
"070390","0122",0.0714285714285714
"070390","0123",0.0714285714285714
"070390","0124",0.0714285714285714
"070390","0125",0.0714285714285714
"070390","0126",0.0714285714285714
"070390","0127",0.0714285714285714
"070390","0128",0.0714285714285714
"070390","0129",0.0714285714285714
"070390","0130",0.0714285714285714
"070390","0230",0.0714285714285714
"070390","1102",0.0714285714285714
"070410","0113",0.0714285714285714
"070410","0119",0.0714285714285714
"070410","0121",0.0714285714285714
"070410","0122",0.0714285714285714
"070410","0123",0.0714285714285714
"070410","0124",0.0714285714285714
"070410","0125",0.0714285714285714
"070410","0126",0.0714285714285714
"070410","0127",0.0714285714285714
"070410","0128",0.0714285714285714
"070410","0129",0.0714285714285714
"070410","0130",0.0714285714285714
"070410","0230",0.0714285714285714
"070410","1102",0.0714285714285714
"070420","0113",0.0714285714285714
"070420","0119",0.0714285714285714
"070420","0121",0.0714285714285714
"070420","0122",0.0714285714285714
"070420","0123",0.0714285714285714
"070420","0124",0.0714285714285714
"070420","0125",0.0714285714285714
"070420","0126",0.0714285714285714
"070420","0127",0.0714285714285714
"070420","0128",0.0714285714285714
"070420","0129",0.0714285714285714
"070420","0130",0.0714285714285714
"070420","0230",0.0714285714285714
"070420","1102",0.0714285714285714
"070490","0113",0.0714285714285714
"070490","0119",0.0714285714285714
"070490","0121",0.0714285714285714
"070490","0122",0.0714285714285714
"070490","0123",0.0714285714285714
"070490","0124",0.0714285714285714
"070490","0125",0.0714285714285714
"070490","0126",0.0714285714285714
"070490","0127",0.0714285714285714
"070490","0128",0.0714285714285714
"070490","0129",0.0714285714285714
"070490","0130",0.0714285714285714
"070490","0230",0.0714285714285714
"070490","1102",0.0714285714285714
"070511","0113",0.0714285714285714
"070511","0119",0.0714285714285714
"070511","0121",0.0714285714285714
"070511","0122",0.0714285714285714
"070511","0123",0.0714285714285714
"070511","0124",0.0714285714285714
"070511","0125",0.0714285714285714
"070511","0126",0.0714285714285714
"070511","0127",0.0714285714285714
"070511","0128",0.0714285714285714
"070511","0129",0.0714285714285714
"070511","0130",0.0714285714285714
"070511","0230",0.0714285714285714
"070511","1102",0.0714285714285714
"070519","0113",0.0714285714285714
"070519","0119",0.0714285714285714
"070519","0121",0.0714285714285714
"070519","0122",0.0714285714285714
"070519","0123",0.0714285714285714
"070519","0124",0.0714285714285714
"070519","0125",0.0714285714285714
"070519","0126",0.0714285714285714
"070519","0127",0.0714285714285714
"070519","0128",0.0714285714285714
"070519","0129",0.0714285714285714
"070519","0130",0.0714285714285714
"070519","0230",0.0714285714285714
"070519","1102",0.0714285714285714
"070521","0113",0.0714285714285714
"070521","0119",0.0714285714285714
"070521","0121",0.0714285714285714
"070521","0122",0.0714285714285714
"070521","0123",0.0714285714285714
"070521","0124",0.0714285714285714
"070521","0125",0.0714285714285714
"070521","0126",0.0714285714285714
"070521","0127",0.0714285714285714
"070521","0128",0.0714285714285714
"070521","0129",0.0714285714285714
"070521","0130",0.0714285714285714
"070521","0230",0.0714285714285714
"070521","1102",0.0714285714285714
"070529","0113",0.0714285714285714
"070529","0119",0.0714285714285714
"070529","0121",0.0714285714285714
"070529","0122",0.0714285714285714
"070529","0123",0.0714285714285714
"070529","0124",0.0714285714285714
"070529","0125",0.0714285714285714
"070529","0126",0.0714285714285714
"070529","0127",0.0714285714285714
"070529","0128",0.0714285714285714
"070529","0129",0.0714285714285714
"070529","0130",0.0714285714285714
"070529","0230",0.0714285714285714
"070529","1102",0.0714285714285714
"070610","0113",0.0714285714285714
"070610","0119",0.0714285714285714
"070610","0121",0.0714285714285714
"070610","0122",0.0714285714285714
"070610","0123",0.0714285714285714
"070610","0124",0.0714285714285714
"070610","0125",0.0714285714285714
"070610","0126",0.0714285714285714
"070610","0127",0.0714285714285714
"070610","0128",0.0714285714285714
"070610","0129",0.0714285714285714
"070610","0130",0.0714285714285714
"070610","0230",0.0714285714285714
"070610","1102",0.0714285714285714
"070690","0113",0.0714285714285714
"070690","0119",0.0714285714285714
"070690","0121",0.0714285714285714
"070690","0122",0.0714285714285714
"070690","0123",0.0714285714285714
"070690","0124",0.0714285714285714
"070690","0125",0.0714285714285714
"070690","0126",0.0714285714285714
"070690","0127",0.0714285714285714
"070690","0128",0.0714285714285714
"070690","0129",0.0714285714285714
"070690","0130",0.0714285714285714
"070690","0230",0.0714285714285714
"070690","1102",0.0714285714285714
"070700","0113",0.0714285714285714
"070700","0119",0.0714285714285714
"070700","0121",0.0714285714285714
"070700","0122",0.0714285714285714
"070700","0123",0.0714285714285714
"070700","0124",0.0714285714285714
"070700","0125",0.0714285714285714
"070700","0126",0.0714285714285714
"070700","0127",0.0714285714285714
"070700","0128",0.0714285714285714
"070700","0129",0.0714285714285714
"070700","0130",0.0714285714285714
"070700","0230",0.0714285714285714
"070700","1102",0.0714285714285714
"070810","0113",0.0714285714285714
"070810","0119",0.0714285714285714
"070810","0121",0.0714285714285714
"070810","0122",0.0714285714285714
"070810","0123",0.0714285714285714
"070810","0124",0.0714285714285714
"070810","0125",0.0714285714285714
"070810","0126",0.0714285714285714
"070810","0127",0.0714285714285714
"070810","0128",0.0714285714285714
"070810","0129",0.0714285714285714
"070810","0130",0.0714285714285714
"070810","0230",0.0714285714285714
"070810","1102",0.0714285714285714
"070820","0113",0.0714285714285714
"070820","0119",0.0714285714285714
"070820","0121",0.0714285714285714
"070820","0122",0.0714285714285714
"070820","0123",0.0714285714285714
"070820","0124",0.0714285714285714
"070820","0125",0.0714285714285714
"070820","0126",0.0714285714285714
"070820","0127",0.0714285714285714
"070820","0128",0.0714285714285714
"070820","0129",0.0714285714285714
"070820","0130",0.0714285714285714
"070820","0230",0.0714285714285714
"070820","1102",0.0714285714285714
"070890","0113",0.0714285714285714
"070890","0119",0.0714285714285714
"070890","0121",0.0714285714285714
"070890","0122",0.0714285714285714
"070890","0123",0.0714285714285714
"070890","0124",0.0714285714285714
"070890","0125",0.0714285714285714
"070890","0126",0.0714285714285714
"070890","0127",0.0714285714285714
"070890","0128",0.0714285714285714
"070890","0129",0.0714285714285714
"070890","0130",0.0714285714285714
"070890","0230",0.0714285714285714
"070890","1102",0.0714285714285714
"070920","0113",0.0714285714285714
"070920","0119",0.0714285714285714
"070920","0121",0.0714285714285714
"070920","0122",0.0714285714285714
"070920","0123",0.0714285714285714
"070920","0124",0.0714285714285714
"070920","0125",0.0714285714285714
"070920","0126",0.0714285714285714
"070920","0127",0.0714285714285714
"070920","0128",0.0714285714285714
"070920","0129",0.0714285714285714
"070920","0130",0.0714285714285714
"070920","0230",0.0714285714285714
"070920","1102",0.0714285714285714
"070930","0113",0.0714285714285714
"070930","0119",0.0714285714285714
"070930","0121",0.0714285714285714
"070930","0122",0.0714285714285714
"070930","0123",0.0714285714285714
"070930","0124",0.0714285714285714
"070930","0125",0.0714285714285714
"070930","0126",0.0714285714285714
"070930","0127",0.0714285714285714
"070930","0128",0.0714285714285714
"070930","0129",0.0714285714285714
"070930","0130",0.0714285714285714
"070930","0230",0.0714285714285714
"070930","1102",0.0714285714285714
"070940","0113",0.0714285714285714
"070940","0119",0.0714285714285714
"070940","0121",0.0714285714285714
"070940","0122",0.0714285714285714
"070940","0123",0.0714285714285714
"070940","0124",0.0714285714285714
"070940","0125",0.0714285714285714
"070940","0126",0.0714285714285714
"070940","0127",0.0714285714285714
"070940","0128",0.0714285714285714
"070940","0129",0.0714285714285714
"070940","0130",0.0714285714285714
"070940","0230",0.0714285714285714
"070940","1102",0.0714285714285714
"070951","0113",0.0714285714285714
"070951","0119",0.0714285714285714
"070951","0121",0.0714285714285714
"070951","0122",0.0714285714285714
"070951","0123",0.0714285714285714
"070951","0124",0.0714285714285714
"070951","0125",0.0714285714285714
"070951","0126",0.0714285714285714
"070951","0127",0.0714285714285714
"070951","0128",0.0714285714285714
"070951","0129",0.0714285714285714
"070951","0130",0.0714285714285714
"070951","0230",0.0714285714285714
"070951","1102",0.0714285714285714
"070952","0113",0.0714285714285714
"070952","0119",0.0714285714285714
"070952","0121",0.0714285714285714
"070952","0122",0.0714285714285714
"070952","0123",0.0714285714285714
"070952","0124",0.0714285714285714
"070952","0125",0.0714285714285714
"070952","0126",0.0714285714285714
"070952","0127",0.0714285714285714
"070952","0128",0.0714285714285714
"070952","0129",0.0714285714285714
"070952","0130",0.0714285714285714
"070952","0230",0.0714285714285714
"070952","1102",0.0714285714285714
"070953","0113",0.0714285714285714
"070953","0119",0.0714285714285714
"070953","0121",0.0714285714285714
"070953","0122",0.0714285714285714
"070953","0123",0.0714285714285714
"070953","0124",0.0714285714285714
"070953","0125",0.0714285714285714
"070953","0126",0.0714285714285714
"070953","0127",0.0714285714285714
"070953","0128",0.0714285714285714
"070953","0129",0.0714285714285714
"070953","0130",0.0714285714285714
"070953","0230",0.0714285714285714
"070953","1102",0.0714285714285714
"070954","0113",0.0714285714285714
"070954","0119",0.0714285714285714
"070954","0121",0.0714285714285714
"070954","0122",0.0714285714285714
"070954","0123",0.0714285714285714
"070954","0124",0.0714285714285714
"070954","0125",0.0714285714285714
"070954","0126",0.0714285714285714
"070954","0127",0.0714285714285714
"070954","0128",0.0714285714285714
"070954","0129",0.0714285714285714
"070954","0130",0.0714285714285714
"070954","0230",0.0714285714285714
"070954","1102",0.0714285714285714
"070955","0113",0.0714285714285714
"070955","0119",0.0714285714285714
"070955","0121",0.0714285714285714
"070955","0122",0.0714285714285714
"070955","0123",0.0714285714285714
"070955","0124",0.0714285714285714
"070955","0125",0.0714285714285714
"070955","0126",0.0714285714285714
"070955","0127",0.0714285714285714
"070955","0128",0.0714285714285714
"070955","0129",0.0714285714285714
"070955","0130",0.0714285714285714
"070955","0230",0.0714285714285714
"070955","1102",0.0714285714285714
"070956","0113",0.0714285714285714
"070956","0119",0.0714285714285714
"070956","0121",0.0714285714285714
"070956","0122",0.0714285714285714
"070956","0123",0.0714285714285714
"070956","0124",0.0714285714285714
"070956","0125",0.0714285714285714
"070956","0126",0.0714285714285714
"070956","0127",0.0714285714285714
"070956","0128",0.0714285714285714
"070956","0129",0.0714285714285714
"070956","0130",0.0714285714285714
"070956","0230",0.0714285714285714
"070956","1102",0.0714285714285714
"070959","0113",0.0714285714285714
"070959","0119",0.0714285714285714
"070959","0121",0.0714285714285714
"070959","0122",0.0714285714285714
"070959","0123",0.0714285714285714
"070959","0124",0.0714285714285714
"070959","0125",0.0714285714285714
"070959","0126",0.0714285714285714
"070959","0127",0.0714285714285714
"070959","0128",0.0714285714285714
"070959","0129",0.0714285714285714
"070959","0130",0.0714285714285714
"070959","0230",0.0714285714285714
"070959","1102",0.0714285714285714
"070960","0113",0.0714285714285714
"070960","0119",0.0714285714285714
"070960","0121",0.0714285714285714
"070960","0122",0.0714285714285714
"070960","0123",0.0714285714285714
"070960","0124",0.0714285714285714
"070960","0125",0.0714285714285714
"070960","0126",0.0714285714285714
"070960","0127",0.0714285714285714
"070960","0128",0.0714285714285714
"070960","0129",0.0714285714285714
"070960","0130",0.0714285714285714
"070960","0230",0.0714285714285714
"070960","1102",0.0714285714285714
"070970","0113",0.0714285714285714
"070970","0119",0.0714285714285714
"070970","0121",0.0714285714285714
"070970","0122",0.0714285714285714
"070970","0123",0.0714285714285714
"070970","0124",0.0714285714285714
"070970","0125",0.0714285714285714
"070970","0126",0.0714285714285714
"070970","0127",0.0714285714285714
"070970","0128",0.0714285714285714
"070970","0129",0.0714285714285714
"070970","0130",0.0714285714285714
"070970","0230",0.0714285714285714
"070970","1102",0.0714285714285714
"070991","0113",0.0714285714285714
"070991","0119",0.0714285714285714
"070991","0121",0.0714285714285714
"070991","0122",0.0714285714285714
"070991","0123",0.0714285714285714
"070991","0124",0.0714285714285714
"070991","0125",0.0714285714285714
"070991","0126",0.0714285714285714
"070991","0127",0.0714285714285714
"070991","0128",0.0714285714285714
"070991","0129",0.0714285714285714
"070991","0130",0.0714285714285714
"070991","0230",0.0714285714285714
"070991","1102",0.0714285714285714
"070992","0113",0.0714285714285714
"070992","0119",0.0714285714285714
"070992","0121",0.0714285714285714
"070992","0122",0.0714285714285714
"070992","0123",0.0714285714285714
"070992","0124",0.0714285714285714
"070992","0125",0.0714285714285714
"070992","0126",0.0714285714285714
"070992","0127",0.0714285714285714
"070992","0128",0.0714285714285714
"070992","0129",0.0714285714285714
"070992","0130",0.0714285714285714
"070992","0230",0.0714285714285714
"070992","1102",0.0714285714285714
"070993","0113",0.0714285714285714
"070993","0119",0.0714285714285714
"070993","0121",0.0714285714285714
"070993","0122",0.0714285714285714
"070993","0123",0.0714285714285714
"070993","0124",0.0714285714285714
"070993","0125",0.0714285714285714
"070993","0126",0.0714285714285714
"070993","0127",0.0714285714285714
"070993","0128",0.0714285714285714
"070993","0129",0.0714285714285714
"070993","0130",0.0714285714285714
"070993","0230",0.0714285714285714
"070993","1102",0.0714285714285714
"070999","0113",0.0714285714285714
"070999","0119",0.0714285714285714
"070999","0121",0.0714285714285714
"070999","0122",0.0714285714285714
"070999","0123",0.0714285714285714
"070999","0124",0.0714285714285714
"070999","0125",0.0714285714285714
"070999","0126",0.0714285714285714
"070999","0127",0.0714285714285714
"070999","0128",0.0714285714285714
"070999","0129",0.0714285714285714
"070999","0130",0.0714285714285714
"070999","0230",0.0714285714285714
"070999","1102",0.0714285714285714
"071010","1030",0.5
"071010","1075",0.5
"071021","1030",0.5
"071021","1075",0.5
"071022","1030",0.5
"071022","1075",0.5
"071029","1030",0.5
"071029","1075",0.5
"071030","1030",0.5
"071030","1075",0.5
"071040","1030",0.5
"071040","1075",0.5
"071080","1030",0.5
"071080","1075",0.5
"071090","1030",0.5
"071090","1075",0.5
"071120","1030",0.5
"071120","1075",0.5
"071140","1030",0.5
"071140","1075",0.5
"071151","1030",0.5
"071151","1075",0.5
"071159","1030",0.5
"071159","1075",0.5
"071190","1030",0.5
"071190","1075",0.5
"071220","1030",0.5
"071220","1075",0.5
"071231","1030",0.5
"071231","1075",0.5
"071232","1030",0.5
"071232","1075",0.5
"071233","1030",0.5
"071233","1075",0.5
"071234","1030",0.5
"071234","1075",0.5
"071239","1030",0.5
"071239","1075",0.5
"071290","1030",0.5
"071290","1075",0.5
"071310","0111",0.0909090909090909
"071310","0112",0.0909090909090909
"071310","0113",0.0909090909090909
"071310","0114",0.0909090909090909
"071310","0115",0.0909090909090909
"071310","0116",0.0909090909090909
"071310","0119",0.0909090909090909
"071310","0126",0.0909090909090909
"071310","0128",0.0909090909090909
"071310","0129",0.0909090909090909
"071310","0163",0.0909090909090909
"071320","0111",0.0909090909090909
"071320","0112",0.0909090909090909
"071320","0113",0.0909090909090909
"071320","0114",0.0909090909090909
"071320","0115",0.0909090909090909
"071320","0116",0.0909090909090909
"071320","0119",0.0909090909090909
"071320","0126",0.0909090909090909
"071320","0128",0.0909090909090909
"071320","0129",0.0909090909090909
"071320","0163",0.0909090909090909
"071331","0111",0.0909090909090909
"071331","0112",0.0909090909090909
"071331","0113",0.0909090909090909
"071331","0114",0.0909090909090909
"071331","0115",0.0909090909090909
"071331","0116",0.0909090909090909
"071331","0119",0.0909090909090909
"071331","0126",0.0909090909090909
"071331","0128",0.0909090909090909
"071331","0129",0.0909090909090909
"071331","0163",0.0909090909090909
"071332","0111",0.0909090909090909
"071332","0112",0.0909090909090909
"071332","0113",0.0909090909090909
"071332","0114",0.0909090909090909
"071332","0115",0.0909090909090909
"071332","0116",0.0909090909090909
"071332","0119",0.0909090909090909
"071332","0126",0.0909090909090909
"071332","0128",0.0909090909090909
"071332","0129",0.0909090909090909
"071332","0163",0.0909090909090909
"071333","0111",0.0909090909090909
"071333","0112",0.0909090909090909
"071333","0113",0.0909090909090909
"071333","0114",0.0909090909090909
"071333","0115",0.0909090909090909
"071333","0116",0.0909090909090909
"071333","0119",0.0909090909090909
"071333","0126",0.0909090909090909
"071333","0128",0.0909090909090909
"071333","0129",0.0909090909090909
"071333","0163",0.0909090909090909
"071334","0111",0.0909090909090909
"071334","0112",0.0909090909090909
"071334","0113",0.0909090909090909
"071334","0114",0.0909090909090909
"071334","0115",0.0909090909090909
"071334","0116",0.0909090909090909
"071334","0119",0.0909090909090909
"071334","0126",0.0909090909090909
"071334","0128",0.0909090909090909
"071334","0129",0.0909090909090909
"071334","0163",0.0909090909090909
"071335","0111",0.0909090909090909
"071335","0112",0.0909090909090909
"071335","0113",0.0909090909090909
"071335","0114",0.0909090909090909
"071335","0115",0.0909090909090909
"071335","0116",0.0909090909090909
"071335","0119",0.0909090909090909
"071335","0126",0.0909090909090909
"071335","0128",0.0909090909090909
"071335","0129",0.0909090909090909
"071335","0163",0.0909090909090909
"071339","0111",0.0909090909090909
"071339","0112",0.0909090909090909
"071339","0113",0.0909090909090909
"071339","0114",0.0909090909090909
"071339","0115",0.0909090909090909
"071339","0116",0.0909090909090909
"071339","0119",0.0909090909090909
"071339","0126",0.0909090909090909
"071339","0128",0.0909090909090909
"071339","0129",0.0909090909090909
"071339","0163",0.0909090909090909
"071340","0111",0.0909090909090909
"071340","0112",0.0909090909090909
"071340","0113",0.0909090909090909
"071340","0114",0.0909090909090909
"071340","0115",0.0909090909090909
"071340","0116",0.0909090909090909
"071340","0119",0.0909090909090909
"071340","0126",0.0909090909090909
"071340","0128",0.0909090909090909
"071340","0129",0.0909090909090909
"071340","0163",0.0909090909090909
"071350","0111",0.0909090909090909
"071350","0112",0.0909090909090909
"071350","0113",0.0909090909090909
"071350","0114",0.0909090909090909
"071350","0115",0.0909090909090909
"071350","0116",0.0909090909090909
"071350","0119",0.0909090909090909
"071350","0126",0.0909090909090909
"071350","0128",0.0909090909090909
"071350","0129",0.0909090909090909
"071350","0163",0.0909090909090909
"071360","0111",0.0909090909090909
"071360","0112",0.0909090909090909
"071360","0113",0.0909090909090909
"071360","0114",0.0909090909090909
"071360","0115",0.0909090909090909
"071360","0116",0.0909090909090909
"071360","0119",0.0909090909090909
"071360","0126",0.0909090909090909
"071360","0128",0.0909090909090909
"071360","0129",0.0909090909090909
"071360","0163",0.0909090909090909
"071390","0111",0.0909090909090909
"071390","0112",0.0909090909090909
"071390","0113",0.0909090909090909
"071390","0114",0.0909090909090909
"071390","0115",0.0909090909090909
"071390","0116",0.0909090909090909
"071390","0119",0.0909090909090909
"071390","0126",0.0909090909090909
"071390","0128",0.0909090909090909
"071390","0129",0.0909090909090909
"071390","0163",0.0909090909090909
"071410","0111",0.0909090909090909
"071410","0112",0.0909090909090909
"071410","0113",0.0909090909090909
"071410","0114",0.0909090909090909
"071410","0115",0.0909090909090909
"071410","0116",0.0909090909090909
"071410","0119",0.0909090909090909
"071410","0126",0.0909090909090909
"071410","0128",0.0909090909090909
"071410","0129",0.0909090909090909
"071410","0163",0.0909090909090909
"071420","0111",0.0909090909090909
"071420","0112",0.0909090909090909
"071420","0113",0.0909090909090909
"071420","0114",0.0909090909090909
"071420","0115",0.0909090909090909
"071420","0116",0.0909090909090909
"071420","0119",0.0909090909090909
"071420","0126",0.0909090909090909
"071420","0128",0.0909090909090909
"071420","0129",0.0909090909090909
"071420","0163",0.0909090909090909
"071430","0111",0.0909090909090909
"071430","0112",0.0909090909090909
"071430","0113",0.0909090909090909
"071430","0114",0.0909090909090909
"071430","0115",0.0909090909090909
"071430","0116",0.0909090909090909
"071430","0119",0.0909090909090909
"071430","0126",0.0909090909090909
"071430","0128",0.0909090909090909
"071430","0129",0.0909090909090909
"071430","0163",0.0909090909090909
"071440","0111",0.0909090909090909
"071440","0112",0.0909090909090909
"071440","0113",0.0909090909090909
"071440","0114",0.0909090909090909
"071440","0115",0.0909090909090909
"071440","0116",0.0909090909090909
"071440","0119",0.0909090909090909
"071440","0126",0.0909090909090909
"071440","0128",0.0909090909090909
"071440","0129",0.0909090909090909
"071440","0163",0.0909090909090909
"071450","0111",0.0909090909090909
"071450","0112",0.0909090909090909
"071450","0113",0.0909090909090909
"071450","0114",0.0909090909090909
"071450","0115",0.0909090909090909
"071450","0116",0.0909090909090909
"071450","0119",0.0909090909090909
"071450","0126",0.0909090909090909
"071450","0128",0.0909090909090909
"071450","0129",0.0909090909090909
"071450","0163",0.0909090909090909
"071490","0111",0.0909090909090909
"071490","0112",0.0909090909090909
"071490","0113",0.0909090909090909
"071490","0114",0.0909090909090909
"071490","0115",0.0909090909090909
"071490","0116",0.0909090909090909
"071490","0119",0.0909090909090909
"071490","0126",0.0909090909090909
"071490","0128",0.0909090909090909
"071490","0129",0.0909090909090909
"071490","0163",0.0909090909090909
"080111","0121",0.1
"080111","0122",0.1
"080111","0123",0.1
"080111","0124",0.1
"080111","0125",0.1
"080111","0126",0.1
"080111","0127",0.1
"080111","0128",0.1
"080111","0230",0.1
"080111","1102",0.1
"080112","0121",0.1
"080112","0122",0.1
"080112","0123",0.1
"080112","0124",0.1
"080112","0125",0.1
"080112","0126",0.1
"080112","0127",0.1
"080112","0128",0.1
"080112","0230",0.1
"080112","1102",0.1
"080119","0121",0.1
"080119","0122",0.1
"080119","0123",0.1
"080119","0124",0.1
"080119","0125",0.1
"080119","0126",0.1
"080119","0127",0.1
"080119","0128",0.1
"080119","0230",0.1
"080119","1102",0.1
"080121","0121",0.1
"080121","0122",0.1
"080121","0123",0.1
"080121","0124",0.1
"080121","0125",0.1
"080121","0126",0.1
"080121","0127",0.1
"080121","0128",0.1
"080121","0230",0.1
"080121","1102",0.1
"080122","0121",0.1
"080122","0122",0.1
"080122","0123",0.1
"080122","0124",0.1
"080122","0125",0.1
"080122","0126",0.1
"080122","0127",0.1
"080122","0128",0.1
"080122","0230",0.1
"080122","1102",0.1
"080131","0121",0.1
"080131","0122",0.1
"080131","0123",0.1
"080131","0124",0.1
"080131","0125",0.1
"080131","0126",0.1
"080131","0127",0.1
"080131","0128",0.1
"080131","0230",0.1
"080131","1102",0.1
"080132","0121",0.1
"080132","0122",0.1
"080132","0123",0.1
"080132","0124",0.1
"080132","0125",0.1
"080132","0126",0.1
"080132","0127",0.1
"080132","0128",0.1
"080132","0230",0.1
"080132","1102",0.1
"080211","0121",0.1
"080211","0122",0.1
"080211","0123",0.1
"080211","0124",0.1
"080211","0125",0.1
"080211","0126",0.1
"080211","0127",0.1
"080211","0128",0.1
"080211","0230",0.1
"080211","1102",0.1
"080212","0121",0.1
"080212","0122",0.1
"080212","0123",0.1
"080212","0124",0.1
"080212","0125",0.1
"080212","0126",0.1
"080212","0127",0.1
"080212","0128",0.1
"080212","0230",0.1
"080212","1102",0.1
"080221","0121",0.1
"080221","0122",0.1
"080221","0123",0.1
"080221","0124",0.1
"080221","0125",0.1
"080221","0126",0.1
"080221","0127",0.1
"080221","0128",0.1
"080221","0230",0.1
"080221","1102",0.1
"080222","0121",0.1
"080222","0122",0.1
"080222","0123",0.1
"080222","0124",0.1
"080222","0125",0.1
"080222","0126",0.1
"080222","0127",0.1
"080222","0128",0.1
"080222","0230",0.1
"080222","1102",0.1
"080231","0121",0.1
"080231","0122",0.1
"080231","0123",0.1
"080231","0124",0.1
"080231","0125",0.1
"080231","0126",0.1
"080231","0127",0.1
"080231","0128",0.1
"080231","0230",0.1
"080231","1102",0.1
"080232","0121",0.1
"080232","0122",0.1
"080232","0123",0.1
"080232","0124",0.1
"080232","0125",0.1
"080232","0126",0.1
"080232","0127",0.1
"080232","0128",0.1
"080232","0230",0.1
"080232","1102",0.1
"080241","0121",0.1
"080241","0122",0.1
"080241","0123",0.1
"080241","0124",0.1
"080241","0125",0.1
"080241","0126",0.1
"080241","0127",0.1
"080241","0128",0.1
"080241","0230",0.1
"080241","1102",0.1
"080242","0121",0.1
"080242","0122",0.1
"080242","0123",0.1
"080242","0124",0.1
"080242","0125",0.1
"080242","0126",0.1
"080242","0127",0.1
"080242","0128",0.1
"080242","0230",0.1
"080242","1102",0.1
"080251","0121",0.1
"080251","0122",0.1
"080251","0123",0.1
"080251","0124",0.1
"080251","0125",0.1
"080251","0126",0.1
"080251","0127",0.1
"080251","0128",0.1
"080251","0230",0.1
"080251","1102",0.1
"080252","0121",0.1
"080252","0122",0.1
"080252","0123",0.1
"080252","0124",0.1
"080252","0125",0.1
"080252","0126",0.1
"080252","0127",0.1
"080252","0128",0.1
"080252","0230",0.1
"080252","1102",0.1
"080261","0121",0.1
"080261","0122",0.1
"080261","0123",0.1
"080261","0124",0.1
"080261","0125",0.1
"080261","0126",0.1
"080261","0127",0.1
"080261","0128",0.1
"080261","0230",0.1
"080261","1102",0.1
"080262","0121",0.1
"080262","0122",0.1
"080262","0123",0.1
"080262","0124",0.1
"080262","0125",0.1
"080262","0126",0.1
"080262","0127",0.1
"080262","0128",0.1
"080262","0230",0.1
"080262","1102",0.1
"080270","0121",0.1
"080270","0122",0.1
"080270","0123",0.1
"080270","0124",0.1
"080270","0125",0.1
"080270","0126",0.1
"080270","0127",0.1
"080270","0128",0.1
"080270","0230",0.1
"080270","1102",0.1
"080280","0121",0.1
"080280","0122",0.1
"080280","0123",0.1
"080280","0124",0.1
"080280","0125",0.1
"080280","0126",0.1
"080280","0127",0.1
"080280","0128",0.1
"080280","0230",0.1
"080280","1102",0.1
"080291","0121",0.1
"080291","0122",0.1
"080291","0123",0.1
"080291","0124",0.1
"080291","0125",0.1
"080291","0126",0.1
"080291","0127",0.1
"080291","0128",0.1
"080291","0230",0.1
"080291","1102",0.1
"080292","0121",0.1
"080292","0122",0.1
"080292","0123",0.1
"080292","0124",0.1
"080292","0125",0.1
"080292","0126",0.1
"080292","0127",0.1
"080292","0128",0.1
"080292","0230",0.1
"080292","1102",0.1
"080299","0121",0.1
"080299","0122",0.1
"080299","0123",0.1
"080299","0124",0.1
"080299","0125",0.1
"080299","0126",0.1
"080299","0127",0.1
"080299","0128",0.1
"080299","0230",0.1
"080299","1102",0.1
"080310","0121",0.1
"080310","0122",0.1
"080310","0123",0.1
"080310","0124",0.1
"080310","0125",0.1
"080310","0126",0.1
"080310","0127",0.1
"080310","0128",0.1
"080310","0230",0.1
"080310","1102",0.1
"080390","0121",0.1
"080390","0122",0.1
"080390","0123",0.1
"080390","0124",0.1
"080390","0125",0.1
"080390","0126",0.1
"080390","0127",0.1
"080390","0128",0.1
"080390","0230",0.1
"080390","1102",0.1
"080410","0121",0.1
"080410","0122",0.1
"080410","0123",0.1
"080410","0124",0.1
"080410","0125",0.1
"080410","0126",0.1
"080410","0127",0.1
"080410","0128",0.1
"080410","0230",0.1
"080410","1102",0.1
"080420","0121",0.1
"080420","0122",0.1
"080420","0123",0.1
"080420","0124",0.1
"080420","0125",0.1
"080420","0126",0.1
"080420","0127",0.1
"080420","0128",0.1
"080420","0230",0.1
"080420","1102",0.1
"080430","0121",0.1
"080430","0122",0.1
"080430","0123",0.1
"080430","0124",0.1
"080430","0125",0.1
"080430","0126",0.1
"080430","0127",0.1
"080430","0128",0.1
"080430","0230",0.1
"080430","1102",0.1
"080440","0121",0.1
"080440","0122",0.1
"080440","0123",0.1
"080440","0124",0.1
"080440","0125",0.1
"080440","0126",0.1
"080440","0127",0.1
"080440","0128",0.1
"080440","0230",0.1
"080440","1102",0.1
"080450","0121",0.1
"080450","0122",0.1
"080450","0123",0.1
"080450","0124",0.1
"080450","0125",0.1
"080450","0126",0.1
"080450","0127",0.1
"080450","0128",0.1
"080450","0230",0.1
"080450","1102",0.1
"080510","0121",0.1
"080510","0122",0.1
"080510","0123",0.1
"080510","0124",0.1
"080510","0125",0.1
"080510","0126",0.1
"080510","0127",0.1
"080510","0128",0.1
"080510","0230",0.1
"080510","1102",0.1
"080521","0121",0.1
"080521","0122",0.1
"080521","0123",0.1
"080521","0124",0.1
"080521","0125",0.1
"080521","0126",0.1
"080521","0127",0.1
"080521","0128",0.1
"080521","0230",0.1
"080521","1102",0.1
"080522","0121",0.1
"080522","0122",0.1
"080522","0123",0.1
"080522","0124",0.1
"080522","0125",0.1
"080522","0126",0.1
"080522","0127",0.1
"080522","0128",0.1
"080522","0230",0.1
"080522","1102",0.1
"080529","0121",0.1
"080529","0122",0.1
"080529","0123",0.1
"080529","0124",0.1
"080529","0125",0.1
"080529","0126",0.1
"080529","0127",0.1
"080529","0128",0.1
"080529","0230",0.1
"080529","1102",0.1
"080540","0121",0.1
"080540","0122",0.1
"080540","0123",0.1
"080540","0124",0.1
"080540","0125",0.1
"080540","0126",0.1
"080540","0127",0.1
"080540","0128",0.1
"080540","0230",0.1
"080540","1102",0.1
"080550","0121",0.1
"080550","0122",0.1
"080550","0123",0.1
"080550","0124",0.1
"080550","0125",0.1
"080550","0126",0.1
"080550","0127",0.1
"080550","0128",0.1
"080550","0230",0.1
"080550","1102",0.1
"080590","0121",0.1
"080590","0122",0.1
"080590","0123",0.1
"080590","0124",0.1
"080590","0125",0.1
"080590","0126",0.1
"080590","0127",0.1
"080590","0128",0.1
"080590","0230",0.1
"080590","1102",0.1
"080610","0121",0.1
"080610","0122",0.1
"080610","0123",0.1
"080610","0124",0.1
"080610","0125",0.1
"080610","0126",0.1
"080610","0127",0.1
"080610","0128",0.1
"080610","0230",0.1
"080610","1102",0.1
"080620","0121",0.1
"080620","0122",0.1
"080620","0123",0.1
"080620","0124",0.1
"080620","0125",0.1
"080620","0126",0.1
"080620","0127",0.1
"080620","0128",0.1
"080620","0230",0.1
"080620","1102",0.1
"080711","0121",0.1
"080711","0122",0.1
"080711","0123",0.1
"080711","0124",0.1
"080711","0125",0.1
"080711","0126",0.1
"080711","0127",0.1
"080711","0128",0.1
"080711","0230",0.1
"080711","1102",0.1
"080719","0121",0.1
"080719","0122",0.1
"080719","0123",0.1
"080719","0124",0.1
"080719","0125",0.1
"080719","0126",0.1
"080719","0127",0.1
"080719","0128",0.1
"080719","0230",0.1
"080719","1102",0.1
"080720","0121",0.1
"080720","0122",0.1
"080720","0123",0.1
"080720","0124",0.1
"080720","0125",0.1
"080720","0126",0.1
"080720","0127",0.1
"080720","0128",0.1
"080720","0230",0.1
"080720","1102",0.1
"080810","0121",0.1
"080810","0122",0.1
"080810","0123",0.1
"080810","0124",0.1
"080810","0125",0.1
"080810","0126",0.1
"080810","0127",0.1
"080810","0128",0.1
"080810","0230",0.1
"080810","1102",0.1
"080830","0121",0.1
"080830","0122",0.1
"080830","0123",0.1
"080830","0124",0.1
"080830","0125",0.1
"080830","0126",0.1
"080830","0127",0.1
"080830","0128",0.1
"080830","0230",0.1
"080830","1102",0.1
"080840","0121",0.1
"080840","0122",0.1
"080840","0123",0.1
"080840","0124",0.1
"080840","0125",0.1
"080840","0126",0.1
"080840","0127",0.1
"080840","0128",0.1
"080840","0230",0.1
"080840","1102",0.1
"080910","0121",0.1
"080910","0122",0.1
"080910","0123",0.1
"080910","0124",0.1
"080910","0125",0.1
"080910","0126",0.1
"080910","0127",0.1
"080910","0128",0.1
"080910","0230",0.1
"080910","1102",0.1
"080921","0121",0.1
"080921","0122",0.1
"080921","0123",0.1
"080921","0124",0.1
"080921","0125",0.1
"080921","0126",0.1
"080921","0127",0.1
"080921","0128",0.1
"080921","0230",0.1
"080921","1102",0.1
"080929","0121",0.1
"080929","0122",0.1
"080929","0123",0.1
"080929","0124",0.1
"080929","0125",0.1
"080929","0126",0.1
"080929","0127",0.1
"080929","0128",0.1
"080929","0230",0.1
"080929","1102",0.1
"080930","0121",0.1
"080930","0122",0.1
"080930","0123",0.1
"080930","0124",0.1
"080930","0125",0.1
"080930","0126",0.1
"080930","0127",0.1
"080930","0128",0.1
"080930","0230",0.1
"080930","1102",0.1
"080940","0121",0.1
"080940","0122",0.1
"080940","0123",0.1
"080940","0124",0.1
"080940","0125",0.1
"080940","0126",0.1
"080940","0127",0.1
"080940","0128",0.1
"080940","0230",0.1
"080940","1102",0.1
"081010","0121",0.1
"081010","0122",0.1
"081010","0123",0.1
"081010","0124",0.1
"081010","0125",0.1
"081010","0126",0.1
"081010","0127",0.1
"081010","0128",0.1
"081010","0230",0.1
"081010","1102",0.1
"081020","0121",0.1
"081020","0122",0.1
"081020","0123",0.1
"081020","0124",0.1
"081020","0125",0.1
"081020","0126",0.1
"081020","0127",0.1
"081020","0128",0.1
"081020","0230",0.1
"081020","1102",0.1
"081030","0121",0.1
"081030","0122",0.1
"081030","0123",0.1
"081030","0124",0.1
"081030","0125",0.1
"081030","0126",0.1
"081030","0127",0.1
"081030","0128",0.1
"081030","0230",0.1
"081030","1102",0.1
"081040","0121",0.1
"081040","0122",0.1
"081040","0123",0.1
"081040","0124",0.1
"081040","0125",0.1
"081040","0126",0.1
"081040","0127",0.1
"081040","0128",0.1
"081040","0230",0.1
"081040","1102",0.1
"081050","0121",0.1
"081050","0122",0.1
"081050","0123",0.1
"081050","0124",0.1
"081050","0125",0.1
"081050","0126",0.1
"081050","0127",0.1
"081050","0128",0.1
"081050","0230",0.1
"081050","1102",0.1
"081060","0121",0.1
"081060","0122",0.1
"081060","0123",0.1
"081060","0124",0.1
"081060","0125",0.1
"081060","0126",0.1
"081060","0127",0.1
"081060","0128",0.1
"081060","0230",0.1
"081060","1102",0.1
"081070","0121",0.1
"081070","0122",0.1
"081070","0123",0.1
"081070","0124",0.1
"081070","0125",0.1
"081070","0126",0.1
"081070","0127",0.1
"081070","0128",0.1
"081070","0230",0.1
"081070","1102",0.1
"081090","0121",0.1
"081090","0122",0.1
"081090","0123",0.1
"081090","0124",0.1
"081090","0125",0.1
"081090","0126",0.1
"081090","0127",0.1
"081090","0128",0.1
"081090","0230",0.1
"081090","1102",0.1
"081110","1030",0.5
"081110","1075",0.5
"081120","1030",0.5
"081120","1075",0.5
"081190","1030",0.5
"081190","1075",0.5
"081210","1030",0.5
"081210","1075",0.5
"081290","1030",0.5
"081290","1075",0.5
"081310","0121",0.1
"081310","0122",0.1
"081310","0123",0.1
"081310","0124",0.1
"081310","0125",0.1
"081310","0126",0.1
"081310","0127",0.1
"081310","0128",0.1
"081310","0230",0.1
"081310","1102",0.1
"081320","0121",0.1
"081320","0122",0.1
"081320","0123",0.1
"081320","0124",0.1
"081320","0125",0.1
"081320","0126",0.1
"081320","0127",0.1
"081320","0128",0.1
"081320","0230",0.1
"081320","1102",0.1
"081330","0121",0.1
"081330","0122",0.1
"081330","0123",0.1
"081330","0124",0.1
"081330","0125",0.1
"081330","0126",0.1
"081330","0127",0.1
"081330","0128",0.1
"081330","0230",0.1
"081330","1102",0.1
"081340","0121",0.1
"081340","0122",0.1
"081340","0123",0.1
"081340","0124",0.1
"081340","0125",0.1
"081340","0126",0.1
"081340","0127",0.1
"081340","0128",0.1
"081340","0230",0.1
"081340","1102",0.1
"081350","0121",0.1
"081350","0122",0.1
"081350","0123",0.1
"081350","0124",0.1
"081350","0125",0.1
"081350","0126",0.1
"081350","0127",0.1
"081350","0128",0.1
"081350","0230",0.1
"081350","1102",0.1
"081400","1030",0.5
"081400","1075",0.5
"090111","0121",0.1
"090111","0122",0.1
"090111","0123",0.1
"090111","0124",0.1
"090111","0125",0.1
"090111","0126",0.1
"090111","0127",0.1
"090111","0128",0.1
"090111","0230",0.1
"090111","1102",0.1
"090112","1030",0.2
"090112","1071",0.2
"090112","1075",0.2
"090112","1079",0.2
"090112","3530",0.2
"090121","1030",0.2
"090121","1071",0.2
"090121","1075",0.2
"090121","1079",0.2
"090121","3530",0.2
"090122","1030",0.2
"090122","1071",0.2
"090122","1075",0.2
"090122","1079",0.2
"090122","3530",0.2
"090190","1030",0.2
"090190","1071",0.2
"090190","1075",0.2
"090190","1079",0.2
"090190","3530",0.2
"090210","1030",0.2
"090210","1071",0.2
"090210","1075",0.2
"090210","1079",0.2
"090210","3530",0.2
"090220","0121",0.1
"090220","0122",0.1
"090220","0123",0.1
"090220","0124",0.1
"090220","0125",0.1
"090220","0126",0.1
"090220","0127",0.1
"090220","0128",0.1
"090220","0230",0.1
"090220","1102",0.1
"090230","1030",0.2
"090230","1071",0.2
"090230","1075",0.2
"090230","1079",0.2
"090230","3530",0.2
"090240","0121",0.1
"090240","0122",0.1
"090240","0123",0.1
"090240","0124",0.1
"090240","0125",0.1
"090240","0126",0.1
"090240","0127",0.1
"090240","0128",0.1
"090240","0230",0.1
"090240","1102",0.1
"090300","0121",0.1
"090300","0122",0.1
"090300","0123",0.1
"090300","0124",0.1
"090300","0125",0.1
"090300","0126",0.1
"090300","0127",0.1
"090300","0128",0.1
"090300","0230",0.1
"090300","1102",0.1
"090411","0121",0.1
"090411","0122",0.1
"090411","0123",0.1
"090411","0124",0.1
"090411","0125",0.1
"090411","0126",0.1
"090411","0127",0.1
"090411","0128",0.1
"090411","0230",0.1
"090411","1102",0.1
"090412","0121",0.1
"090412","0122",0.1
"090412","0123",0.1
"090412","0124",0.1
"090412","0125",0.1
"090412","0126",0.1
"090412","0127",0.1
"090412","0128",0.1
"090412","0230",0.1
"090412","1102",0.1
"090421","0121",0.1
"090421","0122",0.1
"090421","0123",0.1
"090421","0124",0.1
"090421","0125",0.1
"090421","0126",0.1
"090421","0127",0.1
"090421","0128",0.1
"090421","0230",0.1
"090421","1102",0.1
"090422","0121",0.1
"090422","0122",0.1
"090422","0123",0.1
"090422","0124",0.1
"090422","0125",0.1
"090422","0126",0.1
"090422","0127",0.1
"090422","0128",0.1
"090422","0230",0.1
"090422","1102",0.1
"090510","0121",0.1
"090510","0122",0.1
"090510","0123",0.1
"090510","0124",0.1
"090510","0125",0.1
"090510","0126",0.1
"090510","0127",0.1
"090510","0128",0.1
"090510","0230",0.1
"090510","1102",0.1
"090520","0121",0.1
"090520","0122",0.1
"090520","0123",0.1
"090520","0124",0.1
"090520","0125",0.1
"090520","0126",0.1
"090520","0127",0.1
"090520","0128",0.1
"090520","0230",0.1
"090520","1102",0.1
"090611","0121",0.1
"090611","0122",0.1
"090611","0123",0.1
"090611","0124",0.1
"090611","0125",0.1
"090611","0126",0.1
"090611","0127",0.1
"090611","0128",0.1
"090611","0230",0.1
"090611","1102",0.1
"090619","0121",0.1
"090619","0122",0.1
"090619","0123",0.1
"090619","0124",0.1
"090619","0125",0.1
"090619","0126",0.1
"090619","0127",0.1
"090619","0128",0.1
"090619","0230",0.1
"090619","1102",0.1
"090620","0121",0.1
"090620","0122",0.1
"090620","0123",0.1
"090620","0124",0.1
"090620","0125",0.1
"090620","0126",0.1
"090620","0127",0.1
"090620","0128",0.1
"090620","0230",0.1
"090620","1102",0.1
"090710","0121",0.1
"090710","0122",0.1
"090710","0123",0.1
"090710","0124",0.1
"090710","0125",0.1
"090710","0126",0.1
"090710","0127",0.1
"090710","0128",0.1
"090710","0230",0.1
"090710","1102",0.1
"090720","0121",0.1
"090720","0122",0.1
"090720","0123",0.1
"090720","0124",0.1
"090720","0125",0.1
"090720","0126",0.1
"090720","0127",0.1
"090720","0128",0.1
"090720","0230",0.1
"090720","1102",0.1
"090811","0121",0.1
"090811","0122",0.1
"090811","0123",0.1
"090811","0124",0.1
"090811","0125",0.1
"090811","0126",0.1
"090811","0127",0.1
"090811","0128",0.1
"090811","0230",0.1
"090811","1102",0.1
"090812","0121",0.1
"090812","0122",0.1
"090812","0123",0.1
"090812","0124",0.1
"090812","0125",0.1
"090812","0126",0.1
"090812","0127",0.1
"090812","0128",0.1
"090812","0230",0.1
"090812","1102",0.1
"090821","0121",0.1
"090821","0122",0.1
"090821","0123",0.1
"090821","0124",0.1
"090821","0125",0.1
"090821","0126",0.1
"090821","0127",0.1
"090821","0128",0.1
"090821","0230",0.1
"090821","1102",0.1
"090822","0121",0.1
"090822","0122",0.1
"090822","0123",0.1
"090822","0124",0.1
"090822","0125",0.1
"090822","0126",0.1
"090822","0127",0.1
"090822","0128",0.1
"090822","0230",0.1
"090822","1102",0.1
"090831","0121",0.1
"090831","0122",0.1
"090831","0123",0.1
"090831","0124",0.1
"090831","0125",0.1
"090831","0126",0.1
"090831","0127",0.1
"090831","0128",0.1
"090831","0230",0.1
"090831","1102",0.1
"090832","0121",0.1
"090832","0122",0.1
"090832","0123",0.1
"090832","0124",0.1
"090832","0125",0.1
"090832","0126",0.1
"090832","0127",0.1
"090832","0128",0.1
"090832","0230",0.1
"090832","1102",0.1
"090921","0121",0.1
"090921","0122",0.1
"090921","0123",0.1
"090921","0124",0.1
"090921","0125",0.1
"090921","0126",0.1
"090921","0127",0.1
"090921","0128",0.1
"090921","0230",0.1
"090921","1102",0.1
"090922","0121",0.1
"090922","0122",0.1
"090922","0123",0.1
"090922","0124",0.1
"090922","0125",0.1
"090922","0126",0.1
"090922","0127",0.1
"090922","0128",0.1
"090922","0230",0.1
"090922","1102",0.1
"090931","0121",0.1
"090931","0122",0.1
"090931","0123",0.1
"090931","0124",0.1
"090931","0125",0.1
"090931","0126",0.1
"090931","0127",0.1
"090931","0128",0.1
"090931","0230",0.1
"090931","1102",0.1
"090932","0121",0.1
"090932","0122",0.1
"090932","0123",0.1
"090932","0124",0.1
"090932","0125",0.1
"090932","0126",0.1
"090932","0127",0.1
"090932","0128",0.1
"090932","0230",0.1
"090932","1102",0.1
"090961","0121",0.1
"090961","0122",0.1
"090961","0123",0.1
"090961","0124",0.1
"090961","0125",0.1
"090961","0126",0.1
"090961","0127",0.1
"090961","0128",0.1
"090961","0230",0.1
"090961","1102",0.1
"090962","0121",0.1
"090962","0122",0.1
"090962","0123",0.1
"090962","0124",0.1
"090962","0125",0.1
"090962","0126",0.1
"090962","0127",0.1
"090962","0128",0.1
"090962","0230",0.1
"090962","1102",0.1
"091011","0121",0.1
"091011","0122",0.1
"091011","0123",0.1
"091011","0124",0.1
"091011","0125",0.1
"091011","0126",0.1
"091011","0127",0.1
"091011","0128",0.1
"091011","0230",0.1
"091011","1102",0.1
"091012","0121",0.1
"091012","0122",0.1
"091012","0123",0.1
"091012","0124",0.1
"091012","0125",0.1
"091012","0126",0.1
"091012","0127",0.1
"091012","0128",0.1
"091012","0230",0.1
"091012","1102",0.1
"091020","0121",0.1
"091020","0122",0.1
"091020","0123",0.1
"091020","0124",0.1
"091020","0125",0.1
"091020","0126",0.1
"091020","0127",0.1
"091020","0128",0.1
"091020","0230",0.1
"091020","1102",0.1
"091030","0121",0.1
"091030","0122",0.1
"091030","0123",0.1
"091030","0124",0.1
"091030","0125",0.1
"091030","0126",0.1
"091030","0127",0.1
"091030","0128",0.1
"091030","0230",0.1
"091030","1102",0.1
"091091","0121",0.1
"091091","0122",0.1
"091091","0123",0.1
"091091","0124",0.1
"091091","0125",0.1
"091091","0126",0.1
"091091","0127",0.1
"091091","0128",0.1
"091091","0230",0.1
"091091","1102",0.1
"091099","0121",0.1
"091099","0122",0.1
"091099","0123",0.1
"091099","0124",0.1
"091099","0125",0.1
"091099","0126",0.1
"091099","0127",0.1
"091099","0128",0.1
"091099","0230",0.1
"091099","1102",0.1
"100111","0111",0.0909090909090909
"100111","0112",0.0909090909090909
"100111","0113",0.0909090909090909
"100111","0114",0.0909090909090909
"100111","0115",0.0909090909090909
"100111","0116",0.0909090909090909
"100111","0119",0.0909090909090909
"100111","0126",0.0909090909090909
"100111","0128",0.0909090909090909
"100111","0129",0.0909090909090909
"100111","0163",0.0909090909090909
"100119","0111",0.0909090909090909
"100119","0112",0.0909090909090909
"100119","0113",0.0909090909090909
"100119","0114",0.0909090909090909
"100119","0115",0.0909090909090909
"100119","0116",0.0909090909090909
"100119","0119",0.0909090909090909
"100119","0126",0.0909090909090909
"100119","0128",0.0909090909090909
"100119","0129",0.0909090909090909
"100119","0163",0.0909090909090909
"100191","0111",0.0909090909090909
"100191","0112",0.0909090909090909
"100191","0113",0.0909090909090909
"100191","0114",0.0909090909090909
"100191","0115",0.0909090909090909
"100191","0116",0.0909090909090909
"100191","0119",0.0909090909090909
"100191","0126",0.0909090909090909
"100191","0128",0.0909090909090909
"100191","0129",0.0909090909090909
"100191","0163",0.0909090909090909
"100199","0111",0.0909090909090909
"100199","0112",0.0909090909090909
"100199","0113",0.0909090909090909
"100199","0114",0.0909090909090909
"100199","0115",0.0909090909090909
"100199","0116",0.0909090909090909
"100199","0119",0.0909090909090909
"100199","0126",0.0909090909090909
"100199","0128",0.0909090909090909
"100199","0129",0.0909090909090909
"100199","0163",0.0909090909090909
"100210","0111",0.0909090909090909
"100210","0112",0.0909090909090909
"100210","0113",0.0909090909090909
"100210","0114",0.0909090909090909
"100210","0115",0.0909090909090909
"100210","0116",0.0909090909090909
"100210","0119",0.0909090909090909
"100210","0126",0.0909090909090909
"100210","0128",0.0909090909090909
"100210","0129",0.0909090909090909
"100210","0163",0.0909090909090909
"100290","0111",0.0909090909090909
"100290","0112",0.0909090909090909
"100290","0113",0.0909090909090909
"100290","0114",0.0909090909090909
"100290","0115",0.0909090909090909
"100290","0116",0.0909090909090909
"100290","0119",0.0909090909090909
"100290","0126",0.0909090909090909
"100290","0128",0.0909090909090909
"100290","0129",0.0909090909090909
"100290","0163",0.0909090909090909
"100310","0111",0.0909090909090909
"100310","0112",0.0909090909090909
"100310","0113",0.0909090909090909
"100310","0114",0.0909090909090909
"100310","0115",0.0909090909090909
"100310","0116",0.0909090909090909
"100310","0119",0.0909090909090909
"100310","0126",0.0909090909090909
"100310","0128",0.0909090909090909
"100310","0129",0.0909090909090909
"100310","0163",0.0909090909090909
"100390","0111",0.0909090909090909
"100390","0112",0.0909090909090909
"100390","0113",0.0909090909090909
"100390","0114",0.0909090909090909
"100390","0115",0.0909090909090909
"100390","0116",0.0909090909090909
"100390","0119",0.0909090909090909
"100390","0126",0.0909090909090909
"100390","0128",0.0909090909090909
"100390","0129",0.0909090909090909
"100390","0163",0.0909090909090909
"100410","0111",0.0909090909090909
"100410","0112",0.0909090909090909
"100410","0113",0.0909090909090909
"100410","0114",0.0909090909090909
"100410","0115",0.0909090909090909
"100410","0116",0.0909090909090909
"100410","0119",0.0909090909090909
"100410","0126",0.0909090909090909
"100410","0128",0.0909090909090909
"100410","0129",0.0909090909090909
"100410","0163",0.0909090909090909
"100490","0111",0.0909090909090909
"100490","0112",0.0909090909090909
"100490","0113",0.0909090909090909
"100490","0114",0.0909090909090909
"100490","0115",0.0909090909090909
"100490","0116",0.0909090909090909
"100490","0119",0.0909090909090909
"100490","0126",0.0909090909090909
"100490","0128",0.0909090909090909
"100490","0129",0.0909090909090909
"100490","0163",0.0909090909090909
"100510","0111",0.0909090909090909
"100510","0112",0.0909090909090909
"100510","0113",0.0909090909090909
"100510","0114",0.0909090909090909
"100510","0115",0.0909090909090909
"100510","0116",0.0909090909090909
"100510","0119",0.0909090909090909
"100510","0126",0.0909090909090909
"100510","0128",0.0909090909090909
"100510","0129",0.0909090909090909
"100510","0163",0.0909090909090909
"100590","0111",0.0909090909090909
"100590","0112",0.0909090909090909
"100590","0113",0.0909090909090909
"100590","0114",0.0909090909090909
"100590","0115",0.0909090909090909
"100590","0116",0.0909090909090909
"100590","0119",0.0909090909090909
"100590","0126",0.0909090909090909
"100590","0128",0.0909090909090909
"100590","0129",0.0909090909090909
"100590","0163",0.0909090909090909
"100610","0111",0.0909090909090909
"100610","0112",0.0909090909090909
"100610","0113",0.0909090909090909
"100610","0114",0.0909090909090909
"100610","0115",0.0909090909090909
"100610","0116",0.0909090909090909
"100610","0119",0.0909090909090909
"100610","0126",0.0909090909090909
"100610","0128",0.0909090909090909
"100610","0129",0.0909090909090909
"100610","0163",0.0909090909090909
"100620","1061",1
"100630","1061",1
"100640","1061",1
"100710","0111",0.0909090909090909
"100710","0112",0.0909090909090909
"100710","0113",0.0909090909090909
"100710","0114",0.0909090909090909
"100710","0115",0.0909090909090909
"100710","0116",0.0909090909090909
"100710","0119",0.0909090909090909
"100710","0126",0.0909090909090909
"100710","0128",0.0909090909090909
"100710","0129",0.0909090909090909
"100710","0163",0.0909090909090909
"100790","0111",0.0909090909090909
"100790","0112",0.0909090909090909
"100790","0113",0.0909090909090909
"100790","0114",0.0909090909090909
"100790","0115",0.0909090909090909
"100790","0116",0.0909090909090909
"100790","0119",0.0909090909090909
"100790","0126",0.0909090909090909
"100790","0128",0.0909090909090909
"100790","0129",0.0909090909090909
"100790","0163",0.0909090909090909
"100810","0111",0.0909090909090909
"100810","0112",0.0909090909090909
"100810","0113",0.0909090909090909
"100810","0114",0.0909090909090909
"100810","0115",0.0909090909090909
"100810","0116",0.0909090909090909
"100810","0119",0.0909090909090909
"100810","0126",0.0909090909090909
"100810","0128",0.0909090909090909
"100810","0129",0.0909090909090909
"100810","0163",0.0909090909090909
"100821","0111",0.0909090909090909
"100821","0112",0.0909090909090909
"100821","0113",0.0909090909090909
"100821","0114",0.0909090909090909
"100821","0115",0.0909090909090909
"100821","0116",0.0909090909090909
"100821","0119",0.0909090909090909
"100821","0126",0.0909090909090909
"100821","0128",0.0909090909090909
"100821","0129",0.0909090909090909
"100821","0163",0.0909090909090909
"100829","0111",0.0909090909090909
"100829","0112",0.0909090909090909
"100829","0113",0.0909090909090909
"100829","0114",0.0909090909090909
"100829","0115",0.0909090909090909
"100829","0116",0.0909090909090909
"100829","0119",0.0909090909090909
"100829","0126",0.0909090909090909
"100829","0128",0.0909090909090909
"100829","0129",0.0909090909090909
"100829","0163",0.0909090909090909
"100830","0111",0.0909090909090909
"100830","0112",0.0909090909090909
"100830","0113",0.0909090909090909
"100830","0114",0.0909090909090909
"100830","0115",0.0909090909090909
"100830","0116",0.0909090909090909
"100830","0119",0.0909090909090909
"100830","0126",0.0909090909090909
"100830","0128",0.0909090909090909
"100830","0129",0.0909090909090909
"100830","0163",0.0909090909090909
"100840","0111",0.0909090909090909
"100840","0112",0.0909090909090909
"100840","0113",0.0909090909090909
"100840","0114",0.0909090909090909
"100840","0115",0.0909090909090909
"100840","0116",0.0909090909090909
"100840","0119",0.0909090909090909
"100840","0126",0.0909090909090909
"100840","0128",0.0909090909090909
"100840","0129",0.0909090909090909
"100840","0163",0.0909090909090909
"100850","0111",0.0909090909090909
"100850","0112",0.0909090909090909
"100850","0113",0.0909090909090909
"100850","0114",0.0909090909090909
"100850","0115",0.0909090909090909
"100850","0116",0.0909090909090909
"100850","0119",0.0909090909090909
"100850","0126",0.0909090909090909
"100850","0128",0.0909090909090909
"100850","0129",0.0909090909090909
"100850","0163",0.0909090909090909
"100860","0111",0.0909090909090909
"100860","0112",0.0909090909090909
"100860","0113",0.0909090909090909
"100860","0114",0.0909090909090909
"100860","0115",0.0909090909090909
"100860","0116",0.0909090909090909
"100860","0119",0.0909090909090909
"100860","0126",0.0909090909090909
"100860","0128",0.0909090909090909
"100860","0129",0.0909090909090909
"100860","0163",0.0909090909090909
"100890","0111",0.0909090909090909
"100890","0112",0.0909090909090909
"100890","0113",0.0909090909090909
"100890","0114",0.0909090909090909
"100890","0115",0.0909090909090909
"100890","0116",0.0909090909090909
"100890","0119",0.0909090909090909
"100890","0126",0.0909090909090909
"100890","0128",0.0909090909090909
"100890","0129",0.0909090909090909
"100890","0163",0.0909090909090909
"110100","1061",1
"110220","1061",1
"110290","1061",1
"110311","1061",1
"110313","1061",1
"110319","1061",1
"110320","1061",1
"110412","1061",1
"110419","1061",1
"110422","1061",1
"110423","1061",1
"110429","1061",1
"110430","1061",1
"110510","1030",0.5
"110510","1075",0.5
"110520","1030",0.5
"110520","1075",0.5
"110610","1061",1
"110620","1061",1
"110630","1061",1
"110710","1103",1
"110720","1103",1
"110811","1062",1
"110812","1062",1
"110813","1062",1
"110814","1062",1
"110819","1062",1
"110820","1062",1
"110900","1062",1
"120110","0111",0.0909090909090909
"120110","0112",0.0909090909090909
"120110","0113",0.0909090909090909
"120110","0114",0.0909090909090909
"120110","0115",0.0909090909090909
"120110","0116",0.0909090909090909
"120110","0119",0.0909090909090909
"120110","0126",0.0909090909090909
"120110","0128",0.0909090909090909
"120110","0129",0.0909090909090909
"120110","0163",0.0909090909090909
"120190","0111",0.0909090909090909
"120190","0112",0.0909090909090909
"120190","0113",0.0909090909090909
"120190","0114",0.0909090909090909
"120190","0115",0.0909090909090909
"120190","0116",0.0909090909090909
"120190","0119",0.0909090909090909
"120190","0126",0.0909090909090909
"120190","0128",0.0909090909090909
"120190","0129",0.0909090909090909
"120190","0163",0.0909090909090909
"120230","0111",0.0909090909090909
"120230","0112",0.0909090909090909
"120230","0113",0.0909090909090909
"120230","0114",0.0909090909090909
"120230","0115",0.0909090909090909
"120230","0116",0.0909090909090909
"120230","0119",0.0909090909090909
"120230","0126",0.0909090909090909
"120230","0128",0.0909090909090909
"120230","0129",0.0909090909090909
"120230","0163",0.0909090909090909
"120241","0111",0.0909090909090909
"120241","0112",0.0909090909090909
"120241","0113",0.0909090909090909
"120241","0114",0.0909090909090909
"120241","0115",0.0909090909090909
"120241","0116",0.0909090909090909
"120241","0119",0.0909090909090909
"120241","0126",0.0909090909090909
"120241","0128",0.0909090909090909
"120241","0129",0.0909090909090909
"120241","0163",0.0909090909090909
"120242","0111",0.0909090909090909
"120242","0112",0.0909090909090909
"120242","0113",0.0909090909090909
"120242","0114",0.0909090909090909
"120242","0115",0.0909090909090909
"120242","0116",0.0909090909090909
"120242","0119",0.0909090909090909
"120242","0126",0.0909090909090909
"120242","0128",0.0909090909090909
"120242","0129",0.0909090909090909
"120242","0163",0.0909090909090909
"120300","0111",0.0909090909090909
"120300","0112",0.0909090909090909
"120300","0113",0.0909090909090909
"120300","0114",0.0909090909090909
"120300","0115",0.0909090909090909
"120300","0116",0.0909090909090909
"120300","0119",0.0909090909090909
"120300","0126",0.0909090909090909
"120300","0128",0.0909090909090909
"120300","0129",0.0909090909090909
"120300","0163",0.0909090909090909
"120400","0111",0.0909090909090909
"120400","0112",0.0909090909090909
"120400","0113",0.0909090909090909
"120400","0114",0.0909090909090909
"120400","0115",0.0909090909090909
"120400","0116",0.0909090909090909
"120400","0119",0.0909090909090909
"120400","0126",0.0909090909090909
"120400","0128",0.0909090909090909
"120400","0129",0.0909090909090909
"120400","0163",0.0909090909090909
"120510","0111",0.0909090909090909
"120510","0112",0.0909090909090909
"120510","0113",0.0909090909090909
"120510","0114",0.0909090909090909
"120510","0115",0.0909090909090909
"120510","0116",0.0909090909090909
"120510","0119",0.0909090909090909
"120510","0126",0.0909090909090909
"120510","0128",0.0909090909090909
"120510","0129",0.0909090909090909
"120510","0163",0.0909090909090909
"120590","0111",0.0909090909090909
"120590","0112",0.0909090909090909
"120590","0113",0.0909090909090909
"120590","0114",0.0909090909090909
"120590","0115",0.0909090909090909
"120590","0116",0.0909090909090909
"120590","0119",0.0909090909090909
"120590","0126",0.0909090909090909
"120590","0128",0.0909090909090909
"120590","0129",0.0909090909090909
"120590","0163",0.0909090909090909
"120600","0111",0.0909090909090909
"120600","0112",0.0909090909090909
"120600","0113",0.0909090909090909
"120600","0114",0.0909090909090909
"120600","0115",0.0909090909090909
"120600","0116",0.0909090909090909
"120600","0119",0.0909090909090909
"120600","0126",0.0909090909090909
"120600","0128",0.0909090909090909
"120600","0129",0.0909090909090909
"120600","0163",0.0909090909090909
"120710","0111",0.0909090909090909
"120710","0112",0.0909090909090909
"120710","0113",0.0909090909090909
"120710","0114",0.0909090909090909
"120710","0115",0.0909090909090909
"120710","0116",0.0909090909090909
"120710","0119",0.0909090909090909
"120710","0126",0.0909090909090909
"120710","0128",0.0909090909090909
"120710","0129",0.0909090909090909
"120710","0163",0.0909090909090909
"120721","0111",0.0909090909090909
"120721","0112",0.0909090909090909
"120721","0113",0.0909090909090909
"120721","0114",0.0909090909090909
"120721","0115",0.0909090909090909
"120721","0116",0.0909090909090909
"120721","0119",0.0909090909090909
"120721","0126",0.0909090909090909
"120721","0128",0.0909090909090909
"120721","0129",0.0909090909090909
"120721","0163",0.0909090909090909
"120729","0111",0.0909090909090909
"120729","0112",0.0909090909090909
"120729","0113",0.0909090909090909
"120729","0114",0.0909090909090909
"120729","0115",0.0909090909090909
"120729","0116",0.0909090909090909
"120729","0119",0.0909090909090909
"120729","0126",0.0909090909090909
"120729","0128",0.0909090909090909
"120729","0129",0.0909090909090909
"120729","0163",0.0909090909090909
"120730","0111",0.0909090909090909
"120730","0112",0.0909090909090909
"120730","0113",0.0909090909090909
"120730","0114",0.0909090909090909
"120730","0115",0.0909090909090909
"120730","0116",0.0909090909090909
"120730","0119",0.0909090909090909
"120730","0126",0.0909090909090909
"120730","0128",0.0909090909090909
"120730","0129",0.0909090909090909
"120730","0163",0.0909090909090909
"120740","0111",0.0909090909090909
"120740","0112",0.0909090909090909
"120740","0113",0.0909090909090909
"120740","0114",0.0909090909090909
"120740","0115",0.0909090909090909
"120740","0116",0.0909090909090909
"120740","0119",0.0909090909090909
"120740","0126",0.0909090909090909
"120740","0128",0.0909090909090909
"120740","0129",0.0909090909090909
"120740","0163",0.0909090909090909
"120750","0111",0.0909090909090909
"120750","0112",0.0909090909090909
"120750","0113",0.0909090909090909
"120750","0114",0.0909090909090909
"120750","0115",0.0909090909090909
"120750","0116",0.0909090909090909
"120750","0119",0.0909090909090909
"120750","0126",0.0909090909090909
"120750","0128",0.0909090909090909
"120750","0129",0.0909090909090909
"120750","0163",0.0909090909090909
"120760","0111",0.0909090909090909
"120760","0112",0.0909090909090909
"120760","0113",0.0909090909090909
"120760","0114",0.0909090909090909
"120760","0115",0.0909090909090909
"120760","0116",0.0909090909090909
"120760","0119",0.0909090909090909
"120760","0126",0.0909090909090909
"120760","0128",0.0909090909090909
"120760","0129",0.0909090909090909
"120760","0163",0.0909090909090909
"120770","0111",0.0909090909090909
"120770","0112",0.0909090909090909
"120770","0113",0.0909090909090909
"120770","0114",0.0909090909090909
"120770","0115",0.0909090909090909
"120770","0116",0.0909090909090909
"120770","0119",0.0909090909090909
"120770","0126",0.0909090909090909
"120770","0128",0.0909090909090909
"120770","0129",0.0909090909090909
"120770","0163",0.0909090909090909
"120791","0111",0.0909090909090909
"120791","0112",0.0909090909090909
"120791","0113",0.0909090909090909
"120791","0114",0.0909090909090909
"120791","0115",0.0909090909090909
"120791","0116",0.0909090909090909
"120791","0119",0.0909090909090909
"120791","0126",0.0909090909090909
"120791","0128",0.0909090909090909
"120791","0129",0.0909090909090909
"120791","0163",0.0909090909090909
"120799","0111",0.0909090909090909
"120799","0112",0.0909090909090909
"120799","0113",0.0909090909090909
"120799","0114",0.0909090909090909
"120799","0115",0.0909090909090909
"120799","0116",0.0909090909090909
"120799","0119",0.0909090909090909
"120799","0126",0.0909090909090909
"120799","0128",0.0909090909090909
"120799","0129",0.0909090909090909
"120799","0163",0.0909090909090909
"120810","1040",1
"120890","1040",1
"120910","0111",0.0909090909090909
"120910","0112",0.0909090909090909
"120910","0113",0.0909090909090909
"120910","0114",0.0909090909090909
"120910","0115",0.0909090909090909
"120910","0116",0.0909090909090909
"120910","0119",0.0909090909090909
"120910","0126",0.0909090909090909
"120910","0128",0.0909090909090909
"120910","0129",0.0909090909090909
"120910","0163",0.0909090909090909
"120921","0111",0.0909090909090909
"120921","0112",0.0909090909090909
"120921","0113",0.0909090909090909
"120921","0114",0.0909090909090909
"120921","0115",0.0909090909090909
"120921","0116",0.0909090909090909
"120921","0119",0.0909090909090909
"120921","0126",0.0909090909090909
"120921","0128",0.0909090909090909
"120921","0129",0.0909090909090909
"120921","0163",0.0909090909090909
"120922","0111",0.0909090909090909
"120922","0112",0.0909090909090909
"120922","0113",0.0909090909090909
"120922","0114",0.0909090909090909
"120922","0115",0.0909090909090909
"120922","0116",0.0909090909090909
"120922","0119",0.0909090909090909
"120922","0126",0.0909090909090909
"120922","0128",0.0909090909090909
"120922","0129",0.0909090909090909
"120922","0163",0.0909090909090909
"120923","0111",0.0909090909090909
"120923","0112",0.0909090909090909
"120923","0113",0.0909090909090909
"120923","0114",0.0909090909090909
"120923","0115",0.0909090909090909
"120923","0116",0.0909090909090909
"120923","0119",0.0909090909090909
"120923","0126",0.0909090909090909
"120923","0128",0.0909090909090909
"120923","0129",0.0909090909090909
"120923","0163",0.0909090909090909
"120924","0111",0.0909090909090909
"120924","0112",0.0909090909090909
"120924","0113",0.0909090909090909
"120924","0114",0.0909090909090909
"120924","0115",0.0909090909090909
"120924","0116",0.0909090909090909
"120924","0119",0.0909090909090909
"120924","0126",0.0909090909090909
"120924","0128",0.0909090909090909
"120924","0129",0.0909090909090909
"120924","0163",0.0909090909090909
"120925","0111",0.0909090909090909
"120925","0112",0.0909090909090909
"120925","0113",0.0909090909090909
"120925","0114",0.0909090909090909
"120925","0115",0.0909090909090909
"120925","0116",0.0909090909090909
"120925","0119",0.0909090909090909
"120925","0126",0.0909090909090909
"120925","0128",0.0909090909090909
"120925","0129",0.0909090909090909
"120925","0163",0.0909090909090909
"120929","0111",0.0909090909090909
"120929","0112",0.0909090909090909
"120929","0113",0.0909090909090909
"120929","0114",0.0909090909090909
"120929","0115",0.0909090909090909
"120929","0116",0.0909090909090909
"120929","0119",0.0909090909090909
"120929","0126",0.0909090909090909
"120929","0128",0.0909090909090909
"120929","0129",0.0909090909090909
"120929","0163",0.0909090909090909
"120930","0113",0.0714285714285714
"120930","0119",0.0714285714285714
"120930","0121",0.0714285714285714
"120930","0122",0.0714285714285714
"120930","0123",0.0714285714285714
"120930","0124",0.0714285714285714
"120930","0125",0.0714285714285714
"120930","0126",0.0714285714285714
"120930","0127",0.0714285714285714
"120930","0128",0.0714285714285714
"120930","0129",0.0714285714285714
"120930","0130",0.0714285714285714
"120930","0230",0.0714285714285714
"120930","1102",0.0714285714285714
"120991","0113",0.0714285714285714
"120991","0119",0.0714285714285714
"120991","0121",0.0714285714285714
"120991","0122",0.0714285714285714
"120991","0123",0.0714285714285714
"120991","0124",0.0714285714285714
"120991","0125",0.0714285714285714
"120991","0126",0.0714285714285714
"120991","0127",0.0714285714285714
"120991","0128",0.0714285714285714
"120991","0129",0.0714285714285714
"120991","0130",0.0714285714285714
"120991","0230",0.0714285714285714
"120991","1102",0.0714285714285714
"120999","0113",0.0714285714285714
"120999","0119",0.0714285714285714
"120999","0121",0.0714285714285714
"120999","0122",0.0714285714285714
"120999","0123",0.0714285714285714
"120999","0124",0.0714285714285714
"120999","0125",0.0714285714285714
"120999","0126",0.0714285714285714
"120999","0127",0.0714285714285714
"120999","0128",0.0714285714285714
"120999","0129",0.0714285714285714
"120999","0130",0.0714285714285714
"120999","0230",0.0714285714285714
"120999","1102",0.0714285714285714
"121010","0111",0.0909090909090909
"121010","0112",0.0909090909090909
"121010","0113",0.0909090909090909
"121010","0114",0.0909090909090909
"121010","0115",0.0909090909090909
"121010","0116",0.0909090909090909
"121010","0119",0.0909090909090909
"121010","0126",0.0909090909090909
"121010","0128",0.0909090909090909
"121010","0129",0.0909090909090909
"121010","0163",0.0909090909090909
"121020","0111",0.0909090909090909
"121020","0112",0.0909090909090909
"121020","0113",0.0909090909090909
"121020","0114",0.0909090909090909
"121020","0115",0.0909090909090909
"121020","0116",0.0909090909090909
"121020","0119",0.0909090909090909
"121020","0126",0.0909090909090909
"121020","0128",0.0909090909090909
"121020","0129",0.0909090909090909
"121020","0163",0.0909090909090909
"121120","0111",0.0909090909090909
"121120","0112",0.0909090909090909
"121120","0113",0.0909090909090909
"121120","0114",0.0909090909090909
"121120","0115",0.0909090909090909
"121120","0116",0.0909090909090909
"121120","0119",0.0909090909090909
"121120","0126",0.0909090909090909
"121120","0128",0.0909090909090909
"121120","0129",0.0909090909090909
"121120","0163",0.0909090909090909
"121130","0111",0.0909090909090909
"121130","0112",0.0909090909090909
"121130","0113",0.0909090909090909
"121130","0114",0.0909090909090909
"121130","0115",0.0909090909090909
"121130","0116",0.0909090909090909
"121130","0119",0.0909090909090909
"121130","0126",0.0909090909090909
"121130","0128",0.0909090909090909
"121130","0129",0.0909090909090909
"121130","0163",0.0909090909090909
"121140","0111",0.0909090909090909
"121140","0112",0.0909090909090909
"121140","0113",0.0909090909090909
"121140","0114",0.0909090909090909
"121140","0115",0.0909090909090909
"121140","0116",0.0909090909090909
"121140","0119",0.0909090909090909
"121140","0126",0.0909090909090909
"121140","0128",0.0909090909090909
"121140","0129",0.0909090909090909
"121140","0163",0.0909090909090909
"121150","0111",0.0909090909090909
"121150","0112",0.0909090909090909
"121150","0113",0.0909090909090909
"121150","0114",0.0909090909090909
"121150","0115",0.0909090909090909
"121150","0116",0.0909090909090909
"121150","0119",0.0909090909090909
"121150","0126",0.0909090909090909
"121150","0128",0.0909090909090909
"121150","0129",0.0909090909090909
"121150","0163",0.0909090909090909
"121160","0111",0.0909090909090909
"121160","0112",0.0909090909090909
"121160","0113",0.0909090909090909
"121160","0114",0.0909090909090909
"121160","0115",0.0909090909090909
"121160","0116",0.0909090909090909
"121160","0119",0.0909090909090909
"121160","0126",0.0909090909090909
"121160","0128",0.0909090909090909
"121160","0129",0.0909090909090909
"121160","0163",0.0909090909090909
"121190","0111",0.0909090909090909
"121190","0112",0.0909090909090909
"121190","0113",0.0909090909090909
"121190","0114",0.0909090909090909
"121190","0115",0.0909090909090909
"121190","0116",0.0909090909090909
"121190","0119",0.0909090909090909
"121190","0126",0.0909090909090909
"121190","0128",0.0909090909090909
"121190","0129",0.0909090909090909
"121190","0163",0.0909090909090909
"121221","0311",0.25
"121221","0312",0.25
"121221","0321",0.25
"121221","0322",0.25
"121229","0311",0.25
"121229","0312",0.25
"121229","0321",0.25
"121229","0322",0.25
"121291","0111",0.0909090909090909
"121291","0112",0.0909090909090909
"121291","0113",0.0909090909090909
"121291","0114",0.0909090909090909
"121291","0115",0.0909090909090909
"121291","0116",0.0909090909090909
"121291","0119",0.0909090909090909
"121291","0126",0.0909090909090909
"121291","0128",0.0909090909090909
"121291","0129",0.0909090909090909
"121291","0163",0.0909090909090909
"121292","0111",0.0909090909090909
"121292","0112",0.0909090909090909
"121292","0113",0.0909090909090909
"121292","0114",0.0909090909090909
"121292","0115",0.0909090909090909
"121292","0116",0.0909090909090909
"121292","0119",0.0909090909090909
"121292","0126",0.0909090909090909
"121292","0128",0.0909090909090909
"121292","0129",0.0909090909090909
"121292","0163",0.0909090909090909
"121293","0111",0.0909090909090909
"121293","0112",0.0909090909090909
"121293","0113",0.0909090909090909
"121293","0114",0.0909090909090909
"121293","0115",0.0909090909090909
"121293","0116",0.0909090909090909
"121293","0119",0.0909090909090909
"121293","0126",0.0909090909090909
"121293","0128",0.0909090909090909
"121293","0129",0.0909090909090909
"121293","0163",0.0909090909090909
"121294","0111",0.0909090909090909
"121294","0112",0.0909090909090909
"121294","0113",0.0909090909090909
"121294","0114",0.0909090909090909
"121294","0115",0.0909090909090909
"121294","0116",0.0909090909090909
"121294","0119",0.0909090909090909
"121294","0126",0.0909090909090909
"121294","0128",0.0909090909090909
"121294","0129",0.0909090909090909
"121294","0163",0.0909090909090909
"121299","0111",0.0909090909090909
"121299","0112",0.0909090909090909
"121299","0113",0.0909090909090909
"121299","0114",0.0909090909090909
"121299","0115",0.0909090909090909
"121299","0116",0.0909090909090909
"121299","0119",0.0909090909090909
"121299","0126",0.0909090909090909
"121299","0128",0.0909090909090909
"121299","0129",0.0909090909090909
"121299","0163",0.0909090909090909
"121300","0111",0.0909090909090909
"121300","0112",0.0909090909090909
"121300","0113",0.0909090909090909
"121300","0114",0.0909090909090909
"121300","0115",0.0909090909090909
"121300","0116",0.0909090909090909
"121300","0119",0.0909090909090909
"121300","0126",0.0909090909090909
"121300","0128",0.0909090909090909
"121300","0129",0.0909090909090909
"121300","0163",0.0909090909090909
"121410","0111",0.0909090909090909
"121410","0112",0.0909090909090909
"121410","0113",0.0909090909090909
"121410","0114",0.0909090909090909
"121410","0115",0.0909090909090909
"121410","0116",0.0909090909090909
"121410","0119",0.0909090909090909
"121410","0126",0.0909090909090909
"121410","0128",0.0909090909090909
"121410","0129",0.0909090909090909
"121410","0163",0.0909090909090909
"121490","0111",0.0909090909090909
"121490","0112",0.0909090909090909
"121490","0113",0.0909090909090909
"121490","0114",0.0909090909090909
"121490","0115",0.0909090909090909
"121490","0116",0.0909090909090909
"121490","0119",0.0909090909090909
"121490","0126",0.0909090909090909
"121490","0128",0.0909090909090909
"121490","0129",0.0909090909090909
"121490","0163",0.0909090909090909
"130120","0121",0.0666666666666667
"130120","0122",0.0666666666666667
"130120","0123",0.0666666666666667
"130120","0124",0.0666666666666667
"130120","0125",0.0666666666666667
"130120","0126",0.0666666666666667
"130120","0127",0.0666666666666667
"130120","0128",0.0666666666666667
"130120","0129",0.0666666666666667
"130120","0130",0.0666666666666667
"130120","0210",0.0666666666666667
"130120","0220",0.0666666666666667
"130120","0230",0.0666666666666667
"130120","0240",0.0666666666666667
"130120","1102",0.0666666666666667
"130190","0121",0.0666666666666667
"130190","0122",0.0666666666666667
"130190","0123",0.0666666666666667
"130190","0124",0.0666666666666667
"130190","0125",0.0666666666666667
"130190","0126",0.0666666666666667
"130190","0127",0.0666666666666667
"130190","0128",0.0666666666666667
"130190","0129",0.0666666666666667
"130190","0130",0.0666666666666667
"130190","0210",0.0666666666666667
"130190","0220",0.0666666666666667
"130190","0230",0.0666666666666667
"130190","0240",0.0666666666666667
"130190","1102",0.0666666666666667
"130211","0121",0.0666666666666667
"130211","0122",0.0666666666666667
"130211","0123",0.0666666666666667
"130211","0124",0.0666666666666667
"130211","0125",0.0666666666666667
"130211","0126",0.0666666666666667
"130211","0127",0.0666666666666667
"130211","0128",0.0666666666666667
"130211","0129",0.0666666666666667
"130211","0130",0.0666666666666667
"130211","0210",0.0666666666666667
"130211","0220",0.0666666666666667
"130211","0230",0.0666666666666667
"130211","0240",0.0666666666666667
"130211","1102",0.0666666666666667
"130212","0121",0.0666666666666667
"130212","0122",0.0666666666666667
"130212","0123",0.0666666666666667
"130212","0124",0.0666666666666667
"130212","0125",0.0666666666666667
"130212","0126",0.0666666666666667
"130212","0127",0.0666666666666667
"130212","0128",0.0666666666666667
"130212","0129",0.0666666666666667
"130212","0130",0.0666666666666667
"130212","0210",0.0666666666666667
"130212","0220",0.0666666666666667
"130212","0230",0.0666666666666667
"130212","0240",0.0666666666666667
"130212","1102",0.0666666666666667
"130213","0121",0.0666666666666667
"130213","0122",0.0666666666666667
"130213","0123",0.0666666666666667
"130213","0124",0.0666666666666667
"130213","0125",0.0666666666666667
"130213","0126",0.0666666666666667
"130213","0127",0.0666666666666667
"130213","0128",0.0666666666666667
"130213","0129",0.0666666666666667
"130213","0130",0.0666666666666667
"130213","0210",0.0666666666666667
"130213","0220",0.0666666666666667
"130213","0230",0.0666666666666667
"130213","0240",0.0666666666666667
"130213","1102",0.0666666666666667
"130214","0121",0.0666666666666667
"130214","0122",0.0666666666666667
"130214","0123",0.0666666666666667
"130214","0124",0.0666666666666667
"130214","0125",0.0666666666666667
"130214","0126",0.0666666666666667
"130214","0127",0.0666666666666667
"130214","0128",0.0666666666666667
"130214","0129",0.0666666666666667
"130214","0130",0.0666666666666667
"130214","0210",0.0666666666666667
"130214","0220",0.0666666666666667
"130214","0230",0.0666666666666667
"130214","0240",0.0666666666666667
"130214","1102",0.0666666666666667
"130219","0121",0.0666666666666667
"130219","0122",0.0666666666666667
"130219","0123",0.0666666666666667
"130219","0124",0.0666666666666667
"130219","0125",0.0666666666666667
"130219","0126",0.0666666666666667
"130219","0127",0.0666666666666667
"130219","0128",0.0666666666666667
"130219","0129",0.0666666666666667
"130219","0130",0.0666666666666667
"130219","0210",0.0666666666666667
"130219","0220",0.0666666666666667
"130219","0230",0.0666666666666667
"130219","0240",0.0666666666666667
"130219","1102",0.0666666666666667
"130220","0121",0.0666666666666667
"130220","0122",0.0666666666666667
"130220","0123",0.0666666666666667
"130220","0124",0.0666666666666667
"130220","0125",0.0666666666666667
"130220","0126",0.0666666666666667
"130220","0127",0.0666666666666667
"130220","0128",0.0666666666666667
"130220","0129",0.0666666666666667
"130220","0130",0.0666666666666667
"130220","0210",0.0666666666666667
"130220","0220",0.0666666666666667
"130220","0230",0.0666666666666667
"130220","0240",0.0666666666666667
"130220","1102",0.0666666666666667
"130231","0121",0.0666666666666667
"130231","0122",0.0666666666666667
"130231","0123",0.0666666666666667
"130231","0124",0.0666666666666667
"130231","0125",0.0666666666666667
"130231","0126",0.0666666666666667
"130231","0127",0.0666666666666667
"130231","0128",0.0666666666666667
"130231","0129",0.0666666666666667
"130231","0130",0.0666666666666667
"130231","0210",0.0666666666666667
"130231","0220",0.0666666666666667
"130231","0230",0.0666666666666667
"130231","0240",0.0666666666666667
"130231","1102",0.0666666666666667
"130232","0121",0.0666666666666667
"130232","0122",0.0666666666666667
"130232","0123",0.0666666666666667
"130232","0124",0.0666666666666667
"130232","0125",0.0666666666666667
"130232","0126",0.0666666666666667
"130232","0127",0.0666666666666667
"130232","0128",0.0666666666666667
"130232","0129",0.0666666666666667
"130232","0130",0.0666666666666667
"130232","0210",0.0666666666666667
"130232","0220",0.0666666666666667
"130232","0230",0.0666666666666667
"130232","0240",0.0666666666666667
"130232","1102",0.0666666666666667
"130239","0121",0.0666666666666667
"130239","0122",0.0666666666666667
"130239","0123",0.0666666666666667
"130239","0124",0.0666666666666667
"130239","0125",0.0666666666666667
"130239","0126",0.0666666666666667
"130239","0127",0.0666666666666667
"130239","0128",0.0666666666666667
"130239","0129",0.0666666666666667
"130239","0130",0.0666666666666667
"130239","0210",0.0666666666666667
"130239","0220",0.0666666666666667
"130239","0230",0.0666666666666667
"130239","0240",0.0666666666666667
"130239","1102",0.0666666666666667
"140110","0121",0.0666666666666667
"140110","0122",0.0666666666666667
"140110","0123",0.0666666666666667
"140110","0124",0.0666666666666667
"140110","0125",0.0666666666666667
"140110","0126",0.0666666666666667
"140110","0127",0.0666666666666667
"140110","0128",0.0666666666666667
"140110","0129",0.0666666666666667
"140110","0130",0.0666666666666667
"140110","0210",0.0666666666666667
"140110","0220",0.0666666666666667
"140110","0230",0.0666666666666667
"140110","0240",0.0666666666666667
"140110","1102",0.0666666666666667
"140120","0121",0.0666666666666667
"140120","0122",0.0666666666666667
"140120","0123",0.0666666666666667
"140120","0124",0.0666666666666667
"140120","0125",0.0666666666666667
"140120","0126",0.0666666666666667
"140120","0127",0.0666666666666667
"140120","0128",0.0666666666666667
"140120","0129",0.0666666666666667
"140120","0130",0.0666666666666667
"140120","0210",0.0666666666666667
"140120","0220",0.0666666666666667
"140120","0230",0.0666666666666667
"140120","0240",0.0666666666666667
"140120","1102",0.0666666666666667
"140190","0121",0.0666666666666667
"140190","0122",0.0666666666666667
"140190","0123",0.0666666666666667
"140190","0124",0.0666666666666667
"140190","0125",0.0666666666666667
"140190","0126",0.0666666666666667
"140190","0127",0.0666666666666667
"140190","0128",0.0666666666666667
"140190","0129",0.0666666666666667
"140190","0130",0.0666666666666667
"140190","0210",0.0666666666666667
"140190","0220",0.0666666666666667
"140190","0230",0.0666666666666667
"140190","0240",0.0666666666666667
"140190","1102",0.0666666666666667
"140420","1040",1
"140490","0121",0.0666666666666667
"140490","0122",0.0666666666666667
"140490","0123",0.0666666666666667
"140490","0124",0.0666666666666667
"140490","0125",0.0666666666666667
"140490","0126",0.0666666666666667
"140490","0127",0.0666666666666667
"140490","0128",0.0666666666666667
"140490","0129",0.0666666666666667
"140490","0130",0.0666666666666667
"140490","0210",0.0666666666666667
"140490","0220",0.0666666666666667
"140490","0230",0.0666666666666667
"140490","0240",0.0666666666666667
"140490","1102",0.0666666666666667
"150110","1010",1
"150120","1010",1
"150190","1010",1
"150210","1010",1
"150290","1010",1
"150300","1040",1
"150410","1040",1
"150420","1040",1
"150430","1040",1
"150500","1311",0.5
"150500","1312",0.5
"150600","1040",1
"150710","1040",1
"150790","1040",1
"150810","1040",1
"150890","1040",1
"150920","1040",1
"150930","1040",1
"150940","1040",1
"150990","1040",1
"151010","1040",1
"151090","1040",1
"151110","1040",1
"151190","1040",1
"151211","1040",1
"151219","1040",1
"151221","1040",1
"151229","1040",1
"151311","1040",1
"151319","1040",1
"151321","1040",1
"151329","1040",1
"151411","1040",1
"151419","1040",1
"151491","1040",1
"151499","1040",1
"151511","1040",1
"151519","1040",1
"151521","1062",1
"151529","1062",1
"151530","1040",1
"151550","1040",1
"151560","1040",1
"151590","1040",1
"151610","1040",1
"151620","1040",1
"151630","1040",1
"151710","1040",1
"151790","1040",1
"151800","1079",0.166666666666667
"151800","2011",0.166666666666667
"151800","2029",0.166666666666667
"151800","2610",0.166666666666667
"151800","2680",0.166666666666667
"151800","2817",0.166666666666667
"152000","2023",1
"152110","1040",1
"152190","0143",0.166666666666667
"152190","0145",0.166666666666667
"152190","0146",0.166666666666667
"152190","0149",0.166666666666667
"152190","0321",0.166666666666667
"152190","0322",0.166666666666667
"152200","1040",1
"160100","1010",1
"160210","1030",0.2
"160210","1071",0.2
"160210","1075",0.2
"160210","1079",0.2
"160210","3530",0.2
"160220","1010",1
"160231","1010",1
"160232","1010",1
"160239","1010",1
"160241","1010",1
"160242","1010",1
"160249","1010",1
"160250","1010",1
"160290","1010",1
"160300","1010",1
"160411","1020",0.5
"160411","1075",0.5
"160412","1020",0.5
"160412","1075",0.5
"160413","1020",0.5
"160413","1075",0.5
"160414","1020",0.5
"160414","1075",0.5
"160415","1020",0.5
"160415","1075",0.5
"160416","1020",0.5
"160416","1075",0.5
"160417","1020",0.5
"160417","1075",0.5
"160418","1020",0.5
"160418","1075",0.5
"160419","1020",0.5
"160419","1075",0.5
"160420","1020",0.5
"160420","1075",0.5
"160431","1020",0.5
"160431","1075",0.5
"160432","1020",0.5
"160432","1075",0.5
"160510","1020",0.5
"160510","1075",0.5
"160521","1020",0.5
"160521","1075",0.5
"160529","1020",0.5
"160529","1075",0.5
"160530","1020",0.5
"160530","1075",0.5
"160540","1020",0.5
"160540","1075",0.5
"160551","1020",0.5
"160551","1075",0.5
"160552","1020",0.5
"160552","1075",0.5
"160553","1020",0.5
"160553","1075",0.5
"160554","1020",0.5
"160554","1075",0.5
"160555","1020",0.5
"160555","1075",0.5
"160556","1020",0.5
"160556","1075",0.5
"160557","1020",0.5
"160557","1075",0.5
"160558","1020",0.5
"160558","1075",0.5
"160559","1020",0.5
"160559","1075",0.5
"160561","1020",0.5
"160561","1075",0.5
"160562","1020",0.5
"160562","1075",0.5
"160563","1020",0.5
"160563","1075",0.5
"160569","1020",0.5
"160569","1075",0.5
"170112","1072",1
"170113","1072",1
"170114","1072",1
"170191","1072",1
"170199","1072",1
"170211","1050",1
"170219","1050",1
"170220","1072",1
"170230","1062",1
"170240","1062",1
"170250","1062",1
"170260","1062",1
"170290","1062",1
"170310","1072",1
"170390","1072",1
"170410","1073",1
"170490","1073",1
"180100","0121",0.1
"180100","0122",0.1
"180100","0123",0.1
"180100","0124",0.1
"180100","0125",0.1
"180100","0126",0.1
"180100","0127",0.1
"180100","0128",0.1
"180100","0230",0.1
"180100","1102",0.1
"180310","1073",1
"180320","1073",1
"180400","1073",1
"180500","1073",1
"180610","1073",1
"180620","1073",1
"180631","1073",1
"180632","1073",1
"180690","1073",1
"190110","1030",0.2
"190110","1071",0.2
"190110","1075",0.2
"190110","1079",0.2
"190110","3530",0.2
"190120","1061",1
"190190","1030",0.2
"190190","1071",0.2
"190190","1075",0.2
"190190","1079",0.2
"190190","3530",0.2
"190211","1074",0.5
"190211","1075",0.5
"190219","1074",0.5
"190219","1075",0.5
"190220","1074",0.5
"190220","1075",0.5
"190230","1074",0.5
"190230","1075",0.5
"190240","1074",0.5
"190240","1075",0.5
"190300","1062",1
"190410","1061",1
"190420","1061",1
"190430","1061",1
"190490","1061",1
"190510","1071",1
"190520","1071",1
"190531","1071",1
"190532","1071",1
"190540","1071",1
"190590","1071",1
"200110","1030",0.5
"200110","1075",0.5
"200190","1030",0.5
"200190","1075",0.5
"200210","1030",0.5
"200210","1075",0.5
"200290","1030",0.5
"200290","1075",0.5
"200310","1030",0.5
"200310","1075",0.5
"200390","1030",0.5
"200390","1075",0.5
"200410","1030",0.5
"200410","1075",0.5
"200490","1030",0.5
"200490","1075",0.5
"200510","1030",0.2
"200510","1071",0.2
"200510","1075",0.2
"200510","1079",0.2
"200510","3530",0.2
"200520","1030",0.5
"200520","1075",0.5
"200540","1030",0.5
"200540","1075",0.5
"200551","1030",0.5
"200551","1075",0.5
"200559","1030",0.5
"200559","1075",0.5
"200560","1030",0.5
"200560","1075",0.5
"200570","1030",0.5
"200570","1075",0.5
"200580","1030",0.5
"200580","1075",0.5
"200591","1030",0.5
"200591","1075",0.5
"200599","1030",0.5
"200599","1075",0.5
"200600","1073",1
"200710","1030",0.2
"200710","1071",0.2
"200710","1075",0.2
"200710","1079",0.2
"200710","3530",0.2
"200791","1030",0.5
"200791","1075",0.5
"200799","1030",0.5
"200799","1075",0.5
"200811","1030",0.5
"200811","1075",0.5
"200819","1030",0.5
"200819","1075",0.5
"200820","1030",0.5
"200820","1075",0.5
"200830","1030",0.5
"200830","1075",0.5
"200840","1030",0.5
"200840","1075",0.5
"200850","1030",0.5
"200850","1075",0.5
"200860","1030",0.5
"200860","1075",0.5
"200870","1030",0.5
"200870","1075",0.5
"200880","1030",0.5
"200880","1075",0.5
"200891","1030",0.5
"200891","1075",0.5
"200893","1030",0.5
"200893","1075",0.5
"200897","1030",0.5
"200897","1075",0.5
"200899","1030",0.5
"200899","1075",0.5
"200911","1030",0.5
"200911","1075",0.5
"200912","1030",0.5
"200912","1075",0.5
"200919","1030",0.5
"200919","1075",0.5
"200921","1030",0.5
"200921","1075",0.5
"200929","1030",0.5
"200929","1075",0.5
"200931","1030",0.5
"200931","1075",0.5
"200939","1030",0.5
"200939","1075",0.5
"200941","1030",0.5
"200941","1075",0.5
"200949","1030",0.5
"200949","1075",0.5
"200950","1030",0.5
"200950","1075",0.5
"200961","1030",0.5
"200961","1075",0.5
"200969","1030",0.5
"200969","1075",0.5
"200971","1030",0.5
"200971","1075",0.5
"200979","1030",0.5
"200979","1075",0.5
"200981","1030",0.5
"200981","1075",0.5
"200989","1030",0.5
"200989","1075",0.5
"200990","1030",0.5
"200990","1075",0.5
"210111","1030",0.2
"210111","1071",0.2
"210111","1075",0.2
"210111","1079",0.2
"210111","3530",0.2
"210112","1030",0.2
"210112","1071",0.2
"210112","1075",0.2
"210112","1079",0.2
"210112","3530",0.2
"210120","1030",0.2
"210120","1071",0.2
"210120","1075",0.2
"210120","1079",0.2
"210120","3530",0.2
"210130","1030",0.2
"210130","1071",0.2
"210130","1075",0.2
"210130","1079",0.2
"210130","3530",0.2
"210210","1030",0.2
"210210","1071",0.2
"210210","1075",0.2
"210210","1079",0.2
"210210","3530",0.2
"210220","1030",0.2
"210220","1071",0.2
"210220","1075",0.2
"210220","1079",0.2
"210220","3530",0.2
"210230","1030",0.2
"210230","1071",0.2
"210230","1075",0.2
"210230","1079",0.2
"210230","3530",0.2
"210310","1030",0.2
"210310","1071",0.2
"210310","1075",0.2
"210310","1079",0.2
"210310","3530",0.2
"210320","1030",0.2
"210320","1071",0.2
"210320","1075",0.2
"210320","1079",0.2
"210320","3530",0.2
"210330","1030",0.2
"210330","1071",0.2
"210330","1075",0.2
"210330","1079",0.2
"210330","3530",0.2
"210390","1030",0.2
"210390","1071",0.2
"210390","1075",0.2
"210390","1079",0.2
"210390","3530",0.2
"210410","1030",0.2
"210410","1071",0.2
"210410","1075",0.2
"210410","1079",0.2
"210410","3530",0.2
"210420","1030",0.2
"210420","1071",0.2
"210420","1075",0.2
"210420","1079",0.2
"210420","3530",0.2
"210500","1050",1
"210610","1030",0.2
"210610","1071",0.2
"210610","1075",0.2
"210610","1079",0.2
"210610","3530",0.2
"210690","1030",0.2
"210690","1071",0.2
"210690","1075",0.2
"210690","1079",0.2
"210690","3530",0.2
"220110","1104",1
"220190","1104",1
"220210","1104",1
"220291","1104",1
"220299","1104",1
"220300","1103",1
"220410","1102",1
"220421","1102",1
"220422","1102",1
"220429","1102",1
"220430","1102",1
"220510","1102",1
"220590","1102",1
"220600","1102",1
"220710","1101",0.5
"220710","2011",0.5
"220720","1101",0.5
"220720","2011",0.5
"220820","1101",0.5
"220820","2011",0.5
"220830","1101",0.5
"220830","2011",0.5
"220840","1101",0.5
"220840","2011",0.5
"220850","1101",0.5
"220850","2011",0.5
"220860","1101",0.5
"220860","2011",0.5
"220870","1101",0.5
"220870","2011",0.5
"220890","1101",0.5
"220890","2011",0.5
"220900","1030",0.2
"220900","1071",0.2
"220900","1075",0.2
"220900","1079",0.2
"220900","3530",0.2
"230110","1010",1
"230120","1020",0.5
"230120","1075",0.5
"230400","1040",1
"230500","1040",1
"230610","1040",1
"230620","1040",1
"230630","1040",1
"230641","1040",1
"230649","1040",1
"230650","1040",1
"230660","1040",1
"230690","1040",1
"230910","1080",1
"230990","1080",1
"240110","0111",0.0909090909090909
"240110","0112",0.0909090909090909
"240110","0113",0.0909090909090909
"240110","0114",0.0909090909090909
"240110","0115",0.0909090909090909
"240110","0116",0.0909090909090909
"240110","0119",0.0909090909090909
"240110","0126",0.0909090909090909
"240110","0128",0.0909090909090909
"240110","0129",0.0909090909090909
"240110","0163",0.0909090909090909
"240120","0111",0.0909090909090909
"240120","0112",0.0909090909090909
"240120","0113",0.0909090909090909
"240120","0114",0.0909090909090909
"240120","0115",0.0909090909090909
"240120","0116",0.0909090909090909
"240120","0119",0.0909090909090909
"240120","0126",0.0909090909090909
"240120","0128",0.0909090909090909
"240120","0129",0.0909090909090909
"240120","0163",0.0909090909090909
"240210","1200",1
"240220","1200",1
"240290","1200",1
"240311","1200",1
"240319","1200",1
"240391","1200",1
"240399","1200",1
"240411","1200",1
"240412","1079",0.166666666666667
"240412","2011",0.166666666666667
"240412","2029",0.166666666666667
"240412","2610",0.166666666666667
"240412","2680",0.166666666666667
"240412","2817",0.166666666666667
"240419","1200",1
"240491","1030",0.2
"240491","1071",0.2
"240491","1075",0.2
"240491","1079",0.2
"240491","3530",0.2
"240492","1079",0.166666666666667
"240492","2011",0.166666666666667
"240492","2029",0.166666666666667
"240492","2610",0.166666666666667
"240492","2680",0.166666666666667
"240492","2817",0.166666666666667
"240499","1079",0.166666666666667
"240499","2011",0.166666666666667
"240499","2029",0.166666666666667
"240499","2610",0.166666666666667
"240499","2680",0.166666666666667
"240499","2817",0.166666666666667
"250100","0893",0.5
"250100","0990",0.5
"250200","0891",0.5
"250200","0990",0.5
"250300","0891",0.5
"250300","0990",0.5
"250410","0810",0.333333333333333
"250410","0899",0.333333333333333
"250410","0990",0.333333333333333
"250490","0810",0.333333333333333
"250490","0899",0.333333333333333
"250490","0990",0.333333333333333
"250510","0810",0.5
"250510","0990",0.5
"250590","0810",0.5
"250590","0990",0.5
"250610","0810",0.333333333333333
"250610","0899",0.333333333333333
"250610","0990",0.333333333333333
"250620","0810",0.333333333333333
"250620","0899",0.333333333333333
"250620","0990",0.333333333333333
"250700","0810",0.5
"250700","0990",0.5
"250810","0810",0.5
"250810","0990",0.5
"250830","0810",0.5
"250830","0990",0.5
"250840","0810",0.5
"250840","0990",0.5
"250850","0810",0.5
"250850","0990",0.5
"250860","0810",0.5
"250860","0990",0.5
"250870","0810",0.5
"250870","0990",0.5
"250900","0810",0.5
"250900","0990",0.5
"251010","0891",0.5
"251010","0990",0.5
"251020","0891",0.5
"251020","0990",0.5
"251110","0891",0.5
"251110","0990",0.5
"251120","0891",0.5
"251120","0990",0.5
"251200","0810",0.333333333333333
"251200","0899",0.333333333333333
"251200","0990",0.333333333333333
"251310","0810",0.333333333333333
"251310","0899",0.333333333333333
"251310","0990",0.333333333333333
"251320","0810",0.333333333333333
"251320","0899",0.333333333333333
"251320","0990",0.333333333333333
"251400","0810",0.5
"251400","0990",0.5
"251511","0810",0.5
"251511","0990",0.5
"251512","0810",0.5
"251512","0990",0.5
"251520","0810",0.5
"251520","0990",0.5
"251611","0810",0.5
"251611","0990",0.5
"251612","0810",0.5
"251612","0990",0.5
"251620","0810",0.5
"251620","0990",0.5
"251690","0810",0.5
"251690","0990",0.5
"251710","0810",0.5
"251710","0990",0.5
"251720","0810",0.5
"251720","0990",0.5
"251730","0810",0.5
"251730","0990",0.5
"251741","0810",0.5
"251741","0990",0.5
"251749","0810",0.5
"251749","0990",0.5
"251810","0810",0.5
"251810","0990",0.5
"251820","0810",0.5
"251820","0990",0.5
"251910","0810",0.333333333333333
"251910","0899",0.333333333333333
"251910","0990",0.333333333333333
"251990","0810",0.333333333333333
"251990","0899",0.333333333333333
"251990","0990",0.333333333333333
"252010","0810",0.5
"252010","0990",0.5
"252020","2394",1
"252100","0810",0.5
"252100","0990",0.5
"252210","2394",1
"252220","2394",1
"252230","2394",1
"252310","2394",1
"252321","2394",1
"252329","2394",1
"252330","2394",1
"252390","2394",1
"252410","0810",0.333333333333333
"252410","0899",0.333333333333333
"252410","0990",0.333333333333333
"252490","0810",0.333333333333333
"252490","0899",0.333333333333333
"252490","0990",0.333333333333333
"252510","0810",0.333333333333333
"252510","0899",0.333333333333333
"252510","0990",0.333333333333333
"252520","0810",0.333333333333333
"252520","0899",0.333333333333333
"252520","0990",0.333333333333333
"252530","0810",0.333333333333333
"252530","0899",0.333333333333333
"252530","0990",0.333333333333333
"252610","0810",0.333333333333333
"252610","0899",0.333333333333333
"252610","0990",0.333333333333333
"252620","0810",0.333333333333333
"252620","0899",0.333333333333333
"252620","0990",0.333333333333333
"252800","0891",0.5
"252800","0990",0.5
"252910","0810",0.333333333333333
"252910","0899",0.333333333333333
"252910","0990",0.333333333333333
"252921","0891",0.5
"252921","0990",0.5
"252922","0891",0.5
"252922","0990",0.5
"252930","0810",0.333333333333333
"252930","0899",0.333333333333333
"252930","0990",0.333333333333333
"253010","0810",0.333333333333333
"253010","0899",0.333333333333333
"253010","0990",0.333333333333333
"253020","0891",0.5
"253020","0990",0.5
"253090","0891",0.5
"253090","0990",0.5
"260111","0710",0.5
"260111","0990",0.5
"260112","0710",0.5
"260112","0990",0.5
"260120","1910",0.5
"260120","2011",0.5
"260200","0729",0.5
"260200","0990",0.5
"260300","0729",0.5
"260300","0990",0.5
"260400","0729",0.5
"260400","0990",0.5
"260500","0729",0.5
"260500","0990",0.5
"260600","0729",0.5
"260600","0990",0.5
"260700","0729",0.5
"260700","0990",0.5
"260800","0729",0.5
"260800","0990",0.5
"260900","0729",0.5
"260900","0990",0.5
"261000","0729",0.5
"261000","0990",0.5
"261100","0729",0.5
"261100","0990",0.5
"261210","0721",0.5
"261210","0990",0.5
"261220","0721",0.5
"261220","0990",0.5
"261310","0729",0.5
"261310","0990",0.5
"261390","0729",0.5
"261390","0990",0.5
"261400","0729",0.5
"261400","0990",0.5
"261510","0729",0.5
"261510","0990",0.5
"261590","0729",0.5
"261590","0990",0.5
"261610","0729",0.5
"261610","0990",0.5
"261690","0729",0.5
"261690","0990",0.5
"261710","0729",0.5
"261710","0990",0.5
"261790","0729",0.5
"261790","0990",0.5
"262110","0810",0.333333333333333
"262110","0899",0.333333333333333
"262110","0990",0.333333333333333
"262190","0810",0.333333333333333
"262190","0899",0.333333333333333
"262190","0990",0.333333333333333
"270111","0510",0.333333333333333
"270111","0990",0.333333333333333
"270111","1920",0.333333333333333
"270112","0510",0.333333333333333
"270112","0990",0.333333333333333
"270112","1920",0.333333333333333
"270119","0510",0.333333333333333
"270119","0990",0.333333333333333
"270119","1920",0.333333333333333
"270120","0510",0.333333333333333
"270120","0990",0.333333333333333
"270120","1920",0.333333333333333
"270210","0520",0.333333333333333
"270210","0990",0.333333333333333
"270210","1920",0.333333333333333
"270220","0520",0.333333333333333
"270220","0990",0.333333333333333
"270220","1920",0.333333333333333
"270300","0892",0.5
"270300","0990",0.5
"270400","1910",1
"270500","3520",1
"270600","1910",1
"270710","1910",0.5
"270710","2011",0.5
"270720","1910",0.5
"270720","2011",0.5
"270730","1910",0.5
"270730","2011",0.5
"270740","1910",0.5
"270740","2011",0.5
"270750","1910",0.5
"270750","2011",0.5
"270791","1910",0.5
"270791","2011",0.5
"270799","1910",0.5
"270799","2011",0.5
"270810","1910",0.5
"270810","2011",0.5
"270820","1910",0.5
"270820","2011",0.5
"270900","0610",0.333333333333333
"270900","0620",0.333333333333333
"270900","0910",0.333333333333333
"271012","1920",1
"271019","1920",1
"271020","1920",1
"271091","1920",1
"271099","1920",1
"271111","0610",0.333333333333333
"271111","0620",0.333333333333333
"271111","0910",0.333333333333333
"271112","1920",1
"271113","1920",1
"271114","1920",1
"271119","1920",1
"271121","0610",0.333333333333333
"271121","0620",0.333333333333333
"271121","0910",0.333333333333333
"271129","1920",1
"271210","1920",1
"271220","1920",1
"271290","1920",1
"271311","1920",1
"271312","1920",1
"271320","1920",1
"271390","1920",1
"271410","0610",0.333333333333333
"271410","0620",0.333333333333333
"271410","0910",0.333333333333333
"271490","0810",0.333333333333333
"271490","0899",0.333333333333333
"271490","0990",0.333333333333333
"271500","1312",0.25
"271500","2399",0.25
"271500","3290",0.25
"271500","3319",0.25
"271600","3510",1
"280110","1910",0.5
"280110","2011",0.5
"280120","1910",0.5
"280120","2011",0.5
"280130","1910",0.5
"280130","2011",0.5
"280200","1910",0.5
"280200","2011",0.5
"280300","1910",0.5
"280300","2011",0.5
"280410","1910",0.5
"280410","2011",0.5
"280421","1910",0.5
"280421","2011",0.5
"280429","1910",0.5
"280429","2011",0.5
"280430","1910",0.5
"280430","2011",0.5
"280440","1910",0.5
"280440","2011",0.5
"280450","1910",0.5
"280450","2011",0.5
"280461","1910",0.5
"280461","2011",0.5
"280469","1910",0.5
"280469","2011",0.5
"280470","1910",0.5
"280470","2011",0.5
"280480","1910",0.5
"280480","2011",0.5
"280490","1910",0.5
"280490","2011",0.5
"280511","1910",0.5
"280511","2011",0.5
"280512","1910",0.5
"280512","2011",0.5
"280519","1910",0.5
"280519","2011",0.5
"280530","1910",0.5
"280530","2011",0.5
"280540","1910",0.5
"280540","2011",0.5
"280610","1910",0.5
"280610","2011",0.5
"280620","1910",0.5
"280620","2011",0.5
"280700","1910",0.5
"280700","2011",0.5
"280800","2012",0.5
"280800","3821",0.5
"280910","1910",0.5
"280910","2011",0.5
"280920","1910",0.5
"280920","2011",0.5
"281000","1910",0.5
"281000","2011",0.5
"281111","1910",0.5
"281111","2011",0.5
"281112","1910",0.5
"281112","2011",0.5
"281119","1910",0.5
"281119","2011",0.5
"281121","1910",0.5
"281121","2011",0.5
"281122","1910",0.5
"281122","2011",0.5
"281129","1910",0.5
"281129","2011",0.5
"281211","1910",0.5
"281211","2011",0.5
"281212","1910",0.5
"281212","2011",0.5
"281213","1910",0.5
"281213","2011",0.5
"281214","1910",0.5
"281214","2011",0.5
"281215","1910",0.5
"281215","2011",0.5
"281216","1910",0.5
"281216","2011",0.5
"281217","1910",0.5
"281217","2011",0.5
"281219","1910",0.5
"281219","2011",0.5
"281290","1910",0.5
"281290","2011",0.5
"281310","1910",0.5
"281310","2011",0.5
"281390","1910",0.5
"281390","2011",0.5
"281410","2012",0.5
"281410","3821",0.5
"281420","2012",0.5
"281420","3821",0.5
"281511","1910",0.5
"281511","2011",0.5
"281512","1910",0.5
"281512","2011",0.5
"281520","1910",0.5
"281520","2011",0.5
"281530","1910",0.5
"281530","2011",0.5
"281610","1910",0.5
"281610","2011",0.5
"281640","1910",0.5
"281640","2011",0.5
"281700","1910",0.5
"281700","2011",0.5
"281810","1312",0.25
"281810","2399",0.25
"281810","3290",0.25
"281810","3319",0.25
"281820","2420",1
"281830","1910",0.5
"281830","2011",0.5
"281910","1910",0.5
"281910","2011",0.5
"281990","1910",0.5
"281990","2011",0.5
"282010","1910",0.5
"282010","2011",0.5
"282090","1910",0.5
"282090","2011",0.5
"282110","1910",0.5
"282110","2011",0.5
"282120","1910",0.5
"282120","2011",0.5
"282200","1910",0.5
"282200","2011",0.5
"282300","1910",0.5
"282300","2011",0.5
"282410","1910",0.5
"282410","2011",0.5
"282490","1910",0.5
"282490","2011",0.5
"282510","1910",0.5
"282510","2011",0.5
"282520","1910",0.5
"282520","2011",0.5
"282530","1910",0.5
"282530","2011",0.5
"282540","1910",0.5
"282540","2011",0.5
"282550","1910",0.5
"282550","2011",0.5
"282560","1910",0.5
"282560","2011",0.5
"282570","1910",0.5
"282570","2011",0.5
"282580","1910",0.5
"282580","2011",0.5
"282590","1910",0.5
"282590","2011",0.5
"282612","1910",0.5
"282612","2011",0.5
"282619","1910",0.5
"282619","2011",0.5
"282630","1910",0.5
"282630","2011",0.5
"282690","1910",0.5
"282690","2011",0.5
"282710","2012",0.5
"282710","3821",0.5
"282720","1910",0.5
"282720","2011",0.5
"282731","1910",0.5
"282731","2011",0.5
"282732","1910",0.5
"282732","2011",0.5
"282735","1910",0.5
"282735","2011",0.5
"282739","1910",0.5
"282739","2011",0.5
"282741","1910",0.5
"282741","2011",0.5
"282749","1910",0.5
"282749","2011",0.5
"282751","1910",0.5
"282751","2011",0.5
"282759","1910",0.5
"282759","2011",0.5
"282760","1910",0.5
"282760","2011",0.5
"282810","1910",0.5
"282810","2011",0.5
"282890","1910",0.5
"282890","2011",0.5
"282911","1910",0.5
"282911","2011",0.5
"282919","1910",0.5
"282919","2011",0.5
"282990","1910",0.5
"282990","2011",0.5
"283010","1910",0.5
"283010","2011",0.5
"283090","1910",0.5
"283090","2011",0.5
"283110","1910",0.5
"283110","2011",0.5
"283190","1910",0.5
"283190","2011",0.5
"283210","1910",0.5
"283210","2011",0.5
"283220","1910",0.5
"283220","2011",0.5
"283230","1910",0.5
"283230","2011",0.5
"283311","1910",0.5
"283311","2011",0.5
"283319","1910",0.5
"283319","2011",0.5
"283321","1910",0.5
"283321","2011",0.5
"283322","1910",0.5
"283322","2011",0.5
"283324","1910",0.5
"283324","2011",0.5
"283325","1910",0.5
"283325","2011",0.5
"283327","1910",0.5
"283327","2011",0.5
"283329","1910",0.5
"283329","2011",0.5
"283330","1910",0.5
"283330","2011",0.5
"283340","1910",0.5
"283340","2011",0.5
"283410","2012",0.5
"283410","3821",0.5
"283421","2012",0.5
"283421","3821",0.5
"283429","1910",0.5
"283429","2011",0.5
"283510","1910",0.5
"283510","2011",0.5
"283522","1910",0.5
"283522","2011",0.5
"283524","1910",0.5
"283524","2011",0.5
"283525","1910",0.5
"283525","2011",0.5
"283526","1910",0.5
"283526","2011",0.5
"283529","1910",0.5
"283529","2011",0.5
"283531","1910",0.5
"283531","2011",0.5
"283539","1910",0.5
"283539","2011",0.5
"283620","1910",0.5
"283620","2011",0.5
"283630","1910",0.5
"283630","2011",0.5
"283640","1910",0.5
"283640","2011",0.5
"283650","1910",0.5
"283650","2011",0.5
"283660","1910",0.5
"283660","2011",0.5
"283691","1910",0.5
"283691","2011",0.5
"283692","1910",0.5
"283692","2011",0.5
"283699","1910",0.5
"283699","2011",0.5
"283711","1910",0.5
"283711","2011",0.5
"283719","1910",0.5
"283719","2011",0.5
"283720","1910",0.5
"283720","2011",0.5
"283911","1910",0.5
"283911","2011",0.5
"283919","1910",0.5
"283919","2011",0.5
"283990","1910",0.5
"283990","2011",0.5
"284011","1910",0.5
"284011","2011",0.5
"284019","1910",0.5
"284019","2011",0.5
"284020","1910",0.5
"284020","2011",0.5
"284030","1910",0.5
"284030","2011",0.5
"284130","1910",0.5
"284130","2011",0.5
"284150","1910",0.5
"284150","2011",0.5
"284161","1910",0.5
"284161","2011",0.5
"284169","1910",0.5
"284169","2011",0.5
"284170","1910",0.5
"284170","2011",0.5
"284180","1910",0.5
"284180","2011",0.5
"284190","1910",0.5
"284190","2011",0.5
"284210","1910",0.5
"284210","2011",0.5
"284290","1910",0.5
"284290","2011",0.5
"284310","1910",0.5
"284310","2011",0.5
"284321","1910",0.5
"284321","2011",0.5
"284329","1910",0.5
"284329","2011",0.5
"284330","1910",0.5
"284330","2011",0.5
"284390","1910",0.5
"284390","2011",0.5
"284410","2011",0.2
"284410","2100",0.2
"284410","2420",0.2
"284410","3812",0.2
"284410","3822",0.2
"284420","2011",0.2
"284420","2100",0.2
"284420","2420",0.2
"284420","3812",0.2
"284420","3822",0.2
"284430","2011",0.2
"284430","2100",0.2
"284430","2420",0.2
"284430","3812",0.2
"284430","3822",0.2
"284441","2011",0.2
"284441","2100",0.2
"284441","2420",0.2
"284441","3812",0.2
"284441","3822",0.2
"284442","2011",0.2
"284442","2100",0.2
"284442","2420",0.2
"284442","3812",0.2
"284442","3822",0.2
"284443","2011",0.2
"284443","2100",0.2
"284443","2420",0.2
"284443","3812",0.2
"284443","3822",0.2
"284444","2011",0.2
"284444","2100",0.2
"284444","2420",0.2
"284444","3812",0.2
"284444","3822",0.2
"284450","3510",1
"284510","1910",0.5
"284510","2011",0.5
"284520","1910",0.5
"284520","2011",0.5
"284530","1910",0.5
"284530","2011",0.5
"284540","1910",0.5
"284540","2011",0.5
"284590","1910",0.5
"284590","2011",0.5
"284610","1910",0.5
"284610","2011",0.5
"284690","1910",0.5
"284690","2011",0.5
"284700","1910",0.5
"284700","2011",0.5
"284910","1910",0.5
"284910","2011",0.5
"284920","1910",0.5
"284920","2011",0.5
"284990","1910",0.5
"284990","2011",0.5
"285000","1910",0.5
"285000","2011",0.5
"285210","1910",0.5
"285210","2011",0.5
"285290","1079",0.166666666666667
"285290","2011",0.166666666666667
"285290","2029",0.166666666666667
"285290","2610",0.166666666666667
"285290","2680",0.166666666666667
"285290","2817",0.166666666666667
"285310","1910",0.5
"285310","2011",0.5
"285390","1910",0.5
"285390","2011",0.5
"290110","1910",0.5
"290110","2011",0.5
"290121","1910",0.5
"290121","2011",0.5
"290122","1910",0.5
"290122","2011",0.5
"290123","1910",0.5
"290123","2011",0.5
"290124","1910",0.5
"290124","2011",0.5
"290129","1910",0.5
"290129","2011",0.5
"290211","1910",0.5
"290211","2011",0.5
"290219","1910",0.5
"290219","2011",0.5
"290220","1910",0.5
"290220","2011",0.5
"290230","1910",0.5
"290230","2011",0.5
"290241","1910",0.5
"290241","2011",0.5
"290242","1910",0.5
"290242","2011",0.5
"290243","1910",0.5
"290243","2011",0.5
"290244","1910",0.5
"290244","2011",0.5
"290250","1910",0.5
"290250","2011",0.5
"290260","1910",0.5
"290260","2011",0.5
"290270","1910",0.5
"290270","2011",0.5
"290290","1910",0.5
"290290","2011",0.5
"290311","1910",0.5
"290311","2011",0.5
"290312","1910",0.5
"290312","2011",0.5
"290313","1910",0.5
"290313","2011",0.5
"290314","1910",0.5
"290314","2011",0.5
"290315","1910",0.5
"290315","2011",0.5
"290319","1910",0.5
"290319","2011",0.5
"290321","1910",0.5
"290321","2011",0.5
"290322","1910",0.5
"290322","2011",0.5
"290323","1910",0.5
"290323","2011",0.5
"290329","1910",0.5
"290329","2011",0.5
"290341","1910",0.5
"290341","2011",0.5
"290342","1910",0.5
"290342","2011",0.5
"290343","1910",0.5
"290343","2011",0.5
"290344","1910",0.5
"290344","2011",0.5
"290345","1910",0.5
"290345","2011",0.5
"290346","1910",0.5
"290346","2011",0.5
"290347","1910",0.5
"290347","2011",0.5
"290348","1910",0.5
"290348","2011",0.5
"290349","1910",0.5
"290349","2011",0.5
"290351","1910",0.5
"290351","2011",0.5
"290359","1910",0.5
"290359","2011",0.5
"290361","1910",0.5
"290361","2011",0.5
"290362","1910",0.5
"290362","2011",0.5
"290369","1910",0.5
"290369","2011",0.5
"290371","1910",0.5
"290371","2011",0.5
"290372","1910",0.5
"290372","2011",0.5
"290373","1910",0.5
"290373","2011",0.5
"290374","1910",0.5
"290374","2011",0.5
"290375","1910",0.5
"290375","2011",0.5
"290376","1910",0.5
"290376","2011",0.5
"290377","1910",0.5
"290377","2011",0.5
"290378","1910",0.5
"290378","2011",0.5
"290379","1910",0.5
"290379","2011",0.5
"290381","1910",0.5
"290381","2011",0.5
"290382","1910",0.5
"290382","2011",0.5
"290383","1910",0.5
"290383","2011",0.5
"290389","1910",0.5
"290389","2011",0.5
"290391","1910",0.5
"290391","2011",0.5
"290392","1910",0.5
"290392","2011",0.5
"290393","1910",0.5
"290393","2011",0.5
"290394","1910",0.5
"290394","2011",0.5
"290399","1910",0.5
"290399","2011",0.5
"290410","1910",0.5
"290410","2011",0.5
"290420","1910",0.5
"290420","2011",0.5
"290431","1910",0.5
"290431","2011",0.5
"290432","1910",0.5
"290432","2011",0.5
"290433","1910",0.5
"290433","2011",0.5
"290434","1910",0.5
"290434","2011",0.5
"290435","1910",0.5
"290435","2011",0.5
"290436","1910",0.5
"290436","2011",0.5
"290491","1910",0.5
"290491","2011",0.5
"290499","1910",0.5
"290499","2011",0.5
"290511","1910",0.5
"290511","2011",0.5
"290512","1910",0.5
"290512","2011",0.5
"290513","1910",0.5
"290513","2011",0.5
"290514","1910",0.5
"290514","2011",0.5
"290516","1910",0.5
"290516","2011",0.5
"290517","1910",0.5
"290517","2011",0.5
"290519","1910",0.5
"290519","2011",0.5
"290522","1910",0.5
"290522","2011",0.5
"290529","1910",0.5
"290529","2011",0.5
"290531","1910",0.5
"290531","2011",0.5
"290532","1910",0.5
"290532","2011",0.5
"290539","1910",0.5
"290539","2011",0.5
"290541","1910",0.5
"290541","2011",0.5
"290542","1910",0.5
"290542","2011",0.5
"290543","1910",0.5
"290543","2011",0.5
"290544","1910",0.5
"290544","2011",0.5
"290545","2023",1
"290549","1910",0.5
"290549","2011",0.5
"290551","1910",0.5
"290551","2011",0.5
"290559","1910",0.5
"290559","2011",0.5
"290611","1910",0.5
"290611","2011",0.5
"290612","1910",0.5
"290612","2011",0.5
"290613","1910",0.5
"290613","2011",0.5
"290619","1910",0.5
"290619","2011",0.5
"290621","1910",0.5
"290621","2011",0.5
"290629","1910",0.5
"290629","2011",0.5
"290711","1910",0.5
"290711","2011",0.5
"290712","1910",0.5
"290712","2011",0.5
"290713","1910",0.5
"290713","2011",0.5
"290715","1910",0.5
"290715","2011",0.5
"290719","1910",0.5
"290719","2011",0.5
"290721","1910",0.5
"290721","2011",0.5
"290722","1910",0.5
"290722","2011",0.5
"290723","1910",0.5
"290723","2011",0.5
"290729","1910",0.5
"290729","2011",0.5
"290811","1910",0.5
"290811","2011",0.5
"290819","1910",0.5
"290819","2011",0.5
"290891","1910",0.5
"290891","2011",0.5
"290892","1910",0.5
"290892","2011",0.5
"290899","1910",0.5
"290899","2011",0.5
"290911","1910",0.5
"290911","2011",0.5
"290919","1910",0.5
"290919","2011",0.5
"290920","1910",0.5
"290920","2011",0.5
"290930","1910",0.5
"290930","2011",0.5
"290941","1910",0.5
"290941","2011",0.5
"290943","1910",0.5
"290943","2011",0.5
"290944","1910",0.5
"290944","2011",0.5
"290949","1910",0.5
"290949","2011",0.5
"290950","1910",0.5
"290950","2011",0.5
"290960","1910",0.5
"290960","2011",0.5
"291010","1910",0.5
"291010","2011",0.5
"291020","1910",0.5
"291020","2011",0.5
"291030","1910",0.5
"291030","2011",0.5
"291040","1910",0.5
"291040","2011",0.5
"291050","1910",0.5
"291050","2011",0.5
"291090","1910",0.5
"291090","2011",0.5
"291100","1910",0.5
"291100","2011",0.5
"291211","1910",0.5
"291211","2011",0.5
"291212","1910",0.5
"291212","2011",0.5
"291219","1910",0.5
"291219","2011",0.5
"291221","1910",0.5
"291221","2011",0.5
"291229","1910",0.5
"291229","2011",0.5
"291241","1910",0.5
"291241","2011",0.5
"291242","1910",0.5
"291242","2011",0.5
"291249","1910",0.5
"291249","2011",0.5
"291250","1910",0.5
"291250","2011",0.5
"291260","1910",0.5
"291260","2011",0.5
"291300","1910",0.5
"291300","2011",0.5
"291411","1910",0.5
"291411","2011",0.5
"291412","1910",0.5
"291412","2011",0.5
"291413","1910",0.5
"291413","2011",0.5
"291419","1910",0.5
"291419","2011",0.5
"291422","1910",0.5
"291422","2011",0.5
"291423","1910",0.5
"291423","2011",0.5
"291429","1910",0.5
"291429","2011",0.5
"291431","1910",0.5
"291431","2011",0.5
"291439","1910",0.5
"291439","2011",0.5
"291440","1910",0.5
"291440","2011",0.5
"291450","1910",0.5
"291450","2011",0.5
"291461","1910",0.5
"291461","2011",0.5
"291462","1910",0.5
"291462","2011",0.5
"291469","1910",0.5
"291469","2011",0.5
"291471","1910",0.5
"291471","2011",0.5
"291479","1910",0.5
"291479","2011",0.5
"291511","1910",0.5
"291511","2011",0.5
"291512","1910",0.5
"291512","2011",0.5
"291513","1910",0.5
"291513","2011",0.5
"291521","1910",0.5
"291521","2011",0.5
"291524","1910",0.5
"291524","2011",0.5
"291529","1910",0.5
"291529","2011",0.5
"291531","1910",0.5
"291531","2011",0.5
"291532","1910",0.5
"291532","2011",0.5
"291533","1910",0.5
"291533","2011",0.5
"291536","1910",0.5
"291536","2011",0.5
"291539","1910",0.5
"291539","2011",0.5
"291540","1910",0.5
"291540","2011",0.5
"291550","1910",0.5
"291550","2011",0.5
"291560","1910",0.5
"291560","2011",0.5
"291570","1910",0.5
"291570","2011",0.5
"291590","1910",0.5
"291590","2011",0.5
"291611","1910",0.5
"291611","2011",0.5
"291612","1910",0.5
"291612","2011",0.5
"291613","1910",0.5
"291613","2011",0.5
"291614","1910",0.5
"291614","2011",0.5
"291615","1910",0.5
"291615","2011",0.5
"291616","1910",0.5
"291616","2011",0.5
"291619","1910",0.5
"291619","2011",0.5
"291620","1910",0.5
"291620","2011",0.5
"291631","1910",0.5
"291631","2011",0.5
"291632","1910",0.5
"291632","2011",0.5
"291634","1910",0.5
"291634","2011",0.5
"291639","1910",0.5
"291639","2011",0.5
"291711","1910",0.5
"291711","2011",0.5
"291712","1910",0.5
"291712","2011",0.5
"291713","1910",0.5
"291713","2011",0.5
"291714","1910",0.5
"291714","2011",0.5
"291719","1910",0.5
"291719","2011",0.5
"291720","1910",0.5
"291720","2011",0.5
"291732","1910",0.5
"291732","2011",0.5
"291733","1910",0.5
"291733","2011",0.5
"291734","1910",0.5
"291734","2011",0.5
"291735","1910",0.5
"291735","2011",0.5
"291736","1910",0.5
"291736","2011",0.5
"291737","1910",0.5
"291737","2011",0.5
"291739","1910",0.5
"291739","2011",0.5
"291811","1910",0.5
"291811","2011",0.5
"291812","1910",0.5
"291812","2011",0.5
"291813","1910",0.5
"291813","2011",0.5
"291814","1910",0.5
"291814","2011",0.5
"291815","1910",0.5
"291815","2011",0.5
"291816","1910",0.5
"291816","2011",0.5
"291817","1910",0.5
"291817","2011",0.5
"291818","1910",0.5
"291818","2011",0.5
"291819","1910",0.5
"291819","2011",0.5
"291821","2100",0.5
"291821","3250",0.5
"291822","2100",0.5
"291822","3250",0.5
"291823","2100",0.5
"291823","3250",0.5
"291829","1910",0.5
"291829","2011",0.5
"291830","1910",0.5
"291830","2011",0.5
"291891","1910",0.5
"291891","2011",0.5
"291899","1910",0.5
"291899","2011",0.5
"291910","1910",0.5
"291910","2011",0.5
"291990","1910",0.5
"291990","2011",0.5
"292011","1910",0.5
"292011","2011",0.5
"292019","1910",0.5
"292019","2011",0.5
"292021","1910",0.5
"292021","2011",0.5
"292022","1910",0.5
"292022","2011",0.5
"292023","1910",0.5
"292023","2011",0.5
"292024","1910",0.5
"292024","2011",0.5
"292029","1910",0.5
"292029","2011",0.5
"292030","1910",0.5
"292030","2011",0.5
"292090","1910",0.5
"292090","2011",0.5
"292111","1910",0.5
"292111","2011",0.5
"292112","1910",0.5
"292112","2011",0.5
"292113","1910",0.5
"292113","2011",0.5
"292114","1910",0.5
"292114","2011",0.5
"292119","1910",0.5
"292119","2011",0.5
"292121","1910",0.5
"292121","2011",0.5
"292122","1910",0.5
"292122","2011",0.5
"292129","1910",0.5
"292129","2011",0.5
"292130","1910",0.5
"292130","2011",0.5
"292141","1910",0.5
"292141","2011",0.5
"292142","1910",0.5
"292142","2011",0.5
"292143","1910",0.5
"292143","2011",0.5
"292144","1910",0.5
"292144","2011",0.5
"292145","1910",0.5
"292145","2011",0.5
"292146","1910",0.5
"292146","2011",0.5
"292149","1910",0.5
"292149","2011",0.5
"292151","1910",0.5
"292151","2011",0.5
"292159","1910",0.5
"292159","2011",0.5
"292211","1910",0.5
"292211","2011",0.5
"292212","1910",0.5
"292212","2011",0.5
"292214","1910",0.5
"292214","2011",0.5
"292215","1910",0.5
"292215","2011",0.5
"292216","1910",0.5
"292216","2011",0.5
"292217","1910",0.5
"292217","2011",0.5
"292218","1910",0.5
"292218","2011",0.5
"292219","1910",0.5
"292219","2011",0.5
"292221","1910",0.5
"292221","2011",0.5
"292229","1910",0.5
"292229","2011",0.5
"292231","1910",0.5
"292231","2011",0.5
"292239","1910",0.5
"292239","2011",0.5
"292241","2100",0.5
"292241","3250",0.5
"292242","2100",0.5
"292242","3250",0.5
"292243","1910",0.5
"292243","2011",0.5
"292244","1910",0.5
"292244","2011",0.5
"292249","1910",0.5
"292249","2011",0.5
"292250","1910",0.5
"292250","2011",0.5
"292310","2100",0.5
"292310","3250",0.5
"292320","2100",0.5
"292320","3250",0.5
"292330","2100",0.5
"292330","3250",0.5
"292340","2100",0.5
"292340","3250",0.5
"292390","2100",0.5
"292390","3250",0.5
"292411","2100",0.5
"292411","3250",0.5
"292412","2100",0.5
"292412","3250",0.5
"292419","2100",0.5
"292419","3250",0.5
"292421","1910",0.5
"292421","2011",0.5
"292423","2100",0.5
"292423","3250",0.5
"292424","2100",0.5
"292424","3250",0.5
"292425","2100",0.5
"292425","3250",0.5
"292429","2100",0.5
"292429","3250",0.5
"292511","1910",0.5
"292511","2011",0.5
"292512","1910",0.5
"292512","2011",0.5
"292519","1910",0.5
"292519","2011",0.5
"292521","1910",0.5
"292521","2011",0.5
"292529","1910",0.5
"292529","2011",0.5
"292610","1910",0.5
"292610","2011",0.5
"292620","1910",0.5
"292620","2011",0.5
"292630","1910",0.5
"292630","2011",0.5
"292640","1910",0.5
"292640","2011",0.5
"292690","1910",0.5
"292690","2011",0.5
"292700","1910",0.5
"292700","2011",0.5
"292800","1910",0.5
"292800","2011",0.5
"292910","1910",0.5
"292910","2011",0.5
"292990","1910",0.5
"292990","2011",0.5
"293010","1910",0.5
"293010","2011",0.5
"293020","1910",0.5
"293020","2011",0.5
"293030","1910",0.5
"293030","2011",0.5
"293040","1910",0.5
"293040","2011",0.5
"293060","1910",0.5
"293060","2011",0.5
"293070","1910",0.5
"293070","2011",0.5
"293080","1910",0.5
"293080","2011",0.5
"293090","1910",0.5
"293090","2011",0.5
"293110","1910",0.5
"293110","2011",0.5
"293120","1910",0.5
"293120","2011",0.5
"293141","1910",0.5
"293141","2011",0.5
"293142","1910",0.5
"293142","2011",0.5
"293143","1910",0.5
"293143","2011",0.5
"293144","1910",0.5
"293144","2011",0.5
"293145","1910",0.5
"293145","2011",0.5
"293146","1910",0.5
"293146","2011",0.5
"293147","1910",0.5
"293147","2011",0.5
"293148","1910",0.5
"293148","2011",0.5
"293149","1910",0.5
"293149","2011",0.5
"293151","1910",0.5
"293151","2011",0.5
"293152","1910",0.5
"293152","2011",0.5
"293153","1910",0.5
"293153","2011",0.5
"293154","1910",0.5
"293154","2011",0.5
"293159","1910",0.5
"293159","2011",0.5
"293190","1910",0.5
"293190","2011",0.5
"293211","1910",0.5
"293211","2011",0.5
"293212","1910",0.5
"293212","2011",0.5
"293213","1910",0.5
"293213","2011",0.5
"293214","1910",0.5
"293214","2011",0.5
"293219","1910",0.5
"293219","2011",0.5
"293220","2100",0.5
"293220","3250",0.5
"293291","1910",0.5
"293291","2011",0.5
"293292","1910",0.5
"293292","2011",0.5
"293293","1910",0.5
"293293","2011",0.5
"293294","1910",0.5
"293294","2011",0.5
"293295","1910",0.5
"293295","2011",0.5
"293296","1910",0.5
"293296","2011",0.5
"293299","1910",0.5
"293299","2011",0.5
"293311","2100",0.5
"293311","3250",0.5
"293319","2100",0.5
"293319","3250",0.5
"293321","2100",0.5
"293321","3250",0.5
"293329","1910",0.5
"293329","2011",0.5
"293331","1910",0.5
"293331","2011",0.5
"293332","1910",0.5
"293332","2011",0.5
"293333","1910",0.5
"293333","2011",0.5
"293334","1910",0.5
"293334","2011",0.5
"293335","1910",0.5
"293335","2011",0.5
"293336","1910",0.5
"293336","2011",0.5
"293337","1910",0.5
"293337","2011",0.5
"293339","1910",0.5
"293339","2011",0.5
"293341","1910",0.5
"293341","2011",0.5
"293349","1910",0.5
"293349","2011",0.5
"293352","2100",0.5
"293352","3250",0.5
"293353","2100",0.5
"293353","3250",0.5
"293354","2100",0.5
"293354","3250",0.5
"293355","2100",0.5
"293355","3250",0.5
"293359","2100",0.5
"293359","3250",0.5
"293361","2100",0.5
"293361","3250",0.5
"293369","2100",0.5
"293369","3250",0.5
"293371","1910",0.5
"293371","2011",0.5
"293372","1910",0.5
"293372","2011",0.5
"293379","1910",0.5
"293379","2011",0.5
"293391","1910",0.5
"293391","2011",0.5
"293392","1910",0.5
"293392","2011",0.5
"293399","1910",0.5
"293399","2011",0.5
"293410","1910",0.5
"293410","2011",0.5
"293420","1910",0.5
"293420","2011",0.5
"293430","2100",0.5
"293430","3250",0.5
"293491","1910",0.5
"293491","2011",0.5
"293492","1910",0.5
"293492","2011",0.5
"293499","1910",0.5
"293499","2011",0.5
"293510","2100",0.5
"293510","3250",0.5
"293520","2100",0.5
"293520","3250",0.5
"293530","2100",0.5
"293530","3250",0.5
"293540","2100",0.5
"293540","3250",0.5
"293550","2100",0.5
"293550","3250",0.5
"293590","2100",0.5
"293590","3250",0.5
"293621","2100",0.5
"293621","3250",0.5
"293622","2100",0.5
"293622","3250",0.5
"293623","2100",0.5
"293623","3250",0.5
"293624","2100",0.5
"293624","3250",0.5
"293625","2100",0.5
"293625","3250",0.5
"293626","2100",0.5
"293626","3250",0.5
"293627","2100",0.5
"293627","3250",0.5
"293628","2100",0.5
"293628","3250",0.5
"293629","2100",0.5
"293629","3250",0.5
"293690","2100",0.5
"293690","3250",0.5
"293711","2100",0.5
"293711","3250",0.5
"293712","2100",0.5
"293712","3250",0.5
"293719","2100",0.5
"293719","3250",0.5
"293721","2100",0.5
"293721","3250",0.5
"293722","2100",0.5
"293722","3250",0.5
"293723","2100",0.5
"293723","3250",0.5
"293729","2100",0.5
"293729","3250",0.5
"293750","2100",0.5
"293750","3250",0.5
"293790","2100",0.5
"293790","3250",0.5
"293810","2100",0.5
"293810","3250",0.5
"293890","2100",0.5
"293890","3250",0.5
"293911","2100",0.5
"293911","3250",0.5
"293919","2100",0.5
"293919","3250",0.5
"293920","2100",0.5
"293920","3250",0.5
"293930","2100",0.5
"293930","3250",0.5
"293941","2100",0.5
"293941","3250",0.5
"293942","2100",0.5
"293942","3250",0.5
"293943","2100",0.5
"293943","3250",0.5
"293944","2100",0.5
"293944","3250",0.5
"293945","2100",0.5
"293945","3250",0.5
"293949","2100",0.5
"293949","3250",0.5
"293951","2100",0.5
"293951","3250",0.5
"293959","2100",0.5
"293959","3250",0.5
"293961","2100",0.5
"293961","3250",0.5
"293962","2100",0.5
"293962","3250",0.5
"293963","2100",0.5
"293963","3250",0.5
"293969","2100",0.5
"293969","3250",0.5
"293972","2100",0.5
"293972","3250",0.5
"293979","2100",0.5
"293979","3250",0.5
"293980","2100",0.5
"293980","3250",0.5
"294000","2100",0.5
"294000","3250",0.5
"294110","2100",0.5
"294110","3250",0.5
"294120","2100",0.5
"294120","3250",0.5
"294130","2100",0.5
"294130","3250",0.5
"294140","2100",0.5
"294140","3250",0.5
"294150","2100",0.5
"294150","3250",0.5
"294190","2100",0.5
"294190","3250",0.5
"294200","1910",0.5
"294200","2011",0.5
"300120","2100",0.5
"300120","3250",0.5
"300190","2100",0.5
"300190","3250",0.5
"300212","2100",0.5
"300212","3250",0.5
"300213","2100",0.5
"300213","3250",0.5
"300214","2100",0.5
"300214","3250",0.5
"300215","2100",0.5
"300215","3250",0.5
"300241","2100",0.5
"300241","3250",0.5
"300242","2100",0.5
"300242","3250",0.5
"300249","2100",0.5
"300249","3250",0.5
"300251","2100",0.5
"300251","3250",0.5
"300259","2100",0.5
"300259","3250",0.5
"300290","2100",0.5
"300290","3250",0.5
"300310","2100",0.5
"300310","3250",0.5
"300320","2100",0.5
"300320","3250",0.5
"300331","2100",0.5
"300331","3250",0.5
"300339","2100",0.5
"300339","3250",0.5
"300341","2100",0.5
"300341","3250",0.5
"300342","2100",0.5
"300342","3250",0.5
"300343","2100",0.5
"300343","3250",0.5
"300349","2100",0.5
"300349","3250",0.5
"300360","2100",0.5
"300360","3250",0.5
"300390","2100",0.5
"300390","3250",0.5
"300410","2100",0.5
"300410","3250",0.5
"300420","2100",0.5
"300420","3250",0.5
"300431","2100",0.5
"300431","3250",0.5
"300432","2100",0.5
"300432","3250",0.5
"300439","2100",0.5
"300439","3250",0.5
"300441","2100",0.5
"300441","3250",0.5
"300442","2100",0.5
"300442","3250",0.5
"300443","2100",0.5
"300443","3250",0.5
"300449","2100",0.5
"300449","3250",0.5
"300450","2100",0.5
"300450","3250",0.5
"300460","2100",0.5
"300460","3250",0.5
"300490","2100",0.5
"300490","3250",0.5
"300510","2100",0.5
"300510","3250",0.5
"300590","2100",0.5
"300590","3250",0.5
"300610","2100",0.5
"300610","3250",0.5
"300630","2100",0.5
"300630","3250",0.5
"300640","2100",0.5
"300640","3250",0.5
"300650","2100",0.5
"300650","3250",0.5
"300660","2100",0.5
"300660","3250",0.5
"300670","1079",0.166666666666667
"300670","2011",0.166666666666667
"300670","2029",0.166666666666667
"300670","2610",0.166666666666667
"300670","2680",0.166666666666667
"300670","2817",0.166666666666667
"300691","2220",0.166666666666667
"300691","2610",0.166666666666667
"300691","2733",0.166666666666667
"300691","3290",0.166666666666667
"300691","3314",0.166666666666667
"300691","3319",0.166666666666667
"300692","2100",0.5
"300692","3250",0.5
"300693","2100",0.5
"300693","3250",0.5
"310100","2012",0.5
"310100","3821",0.5
"310210","2012",0.5
"310210","3821",0.5
"310221","2012",0.5
"310221","3821",0.5
"310229","2012",0.5
"310229","3821",0.5
"310230","2012",0.5
"310230","3821",0.5
"310240","2012",0.5
"310240","3821",0.5
"310250","2012",0.5
"310250","3821",0.5
"310260","2012",0.5
"310260","3821",0.5
"310280","2012",0.5
"310280","3821",0.5
"310290","2012",0.5
"310290","3821",0.5
"310311","2012",0.5
"310311","3821",0.5
"310319","2012",0.5
"310319","3821",0.5
"310390","2012",0.5
"310390","3821",0.5
"310420","2012",0.5
"310420","3821",0.5
"310430","2012",0.5
"310430","3821",0.5
"310490","2012",0.5
"310490","3821",0.5
"310510","2012",0.5
"310510","3821",0.5
"310520","2012",0.5
"310520","3821",0.5
"310530","2012",0.5
"310530","3821",0.5
"310540","2012",0.5
"310540","3821",0.5
"310551","2012",0.5
"310551","3821",0.5
"310559","2012",0.5
"310559","3821",0.5
"310560","2012",0.5
"310560","3821",0.5
"310590","2012",0.5
"310590","3821",0.5
"320110","1910",0.5
"320110","2011",0.5
"320120","1910",0.5
"320120","2011",0.5
"320190","1910",0.5
"320190","2011",0.5
"320210","1910",0.5
"320210","2011",0.5
"320290","1910",0.5
"320290","2011",0.5
"320300","1910",0.5
"320300","2011",0.5
"320411","1910",0.5
"320411","2011",0.5
"320412","1910",0.5
"320412","2011",0.5
"320413","1910",0.5
"320413","2011",0.5
"320414","1910",0.5
"320414","2011",0.5
"320415","1910",0.5
"320415","2011",0.5
"320416","1910",0.5
"320416","2011",0.5
"320417","1910",0.5
"320417","2011",0.5
"320418","1910",0.5
"320418","2011",0.5
"320419","1910",0.5
"320419","2011",0.5
"320420","1910",0.5
"320420","2011",0.5
"320490","1910",0.5
"320490","2011",0.5
"320500","1910",0.5
"320500","2011",0.5
"320611","1910",0.5
"320611","2011",0.5
"320619","1910",0.5
"320619","2011",0.5
"320620","1910",0.5
"320620","2011",0.5
"320641","1910",0.5
"320641","2011",0.5
"320642","1910",0.5
"320642","2011",0.5
"320649","1910",0.5
"320649","2011",0.5
"320650","1910",0.5
"320650","2011",0.5
"320710","2022",1
"320720","2022",1
"320730","2022",1
"320740","2022",1
"320810","2022",1
"320820","2022",1
"320890","2022",1
"320910","2022",1
"320990","2022",1
"321000","2022",1
"321100","2022",1
"321210","2022",1
"321290","2022",1
"321310","2022",1
"321390","2022",1
"321410","2022",1
"321490","2022",1
"321511","2022",1
"321519","2022",1
"321590","1079",0.166666666666667
"321590","2011",0.166666666666667
"321590","2029",0.166666666666667
"321590","2610",0.166666666666667
"321590","2680",0.166666666666667
"321590","2817",0.166666666666667
"330112","1079",0.166666666666667
"330112","2011",0.166666666666667
"330112","2029",0.166666666666667
"330112","2610",0.166666666666667
"330112","2680",0.166666666666667
"330112","2817",0.166666666666667
"330113","1079",0.166666666666667
"330113","2011",0.166666666666667
"330113","2029",0.166666666666667
"330113","2610",0.166666666666667
"330113","2680",0.166666666666667
"330113","2817",0.166666666666667
"330119","1079",0.166666666666667
"330119","2011",0.166666666666667
"330119","2029",0.166666666666667
"330119","2610",0.166666666666667
"330119","2680",0.166666666666667
"330119","2817",0.166666666666667
"330124","1079",0.166666666666667
"330124","2011",0.166666666666667
"330124","2029",0.166666666666667
"330124","2610",0.166666666666667
"330124","2680",0.166666666666667
"330124","2817",0.166666666666667
"330125","1079",0.166666666666667
"330125","2011",0.166666666666667
"330125","2029",0.166666666666667
"330125","2610",0.166666666666667
"330125","2680",0.166666666666667
"330125","2817",0.166666666666667
"330129","1079",0.166666666666667
"330129","2011",0.166666666666667
"330129","2029",0.166666666666667
"330129","2610",0.166666666666667
"330129","2680",0.166666666666667
"330129","2817",0.166666666666667
"330130","1079",0.166666666666667
"330130","2011",0.166666666666667
"330130","2029",0.166666666666667
"330130","2610",0.166666666666667
"330130","2680",0.166666666666667
"330130","2817",0.166666666666667
"330190","1079",0.166666666666667
"330190","2011",0.166666666666667
"330190","2029",0.166666666666667
"330190","2610",0.166666666666667
"330190","2680",0.166666666666667
"330190","2817",0.166666666666667
"330210","1079",0.166666666666667
"330210","2011",0.166666666666667
"330210","2029",0.166666666666667
"330210","2610",0.166666666666667
"330210","2680",0.166666666666667
"330210","2817",0.166666666666667
"330290","1079",0.166666666666667
"330290","2011",0.166666666666667
"330290","2029",0.166666666666667
"330290","2610",0.166666666666667
"330290","2680",0.166666666666667
"330290","2817",0.166666666666667
"330300","2023",1
"330410","2023",1
"330420","2023",1
"330430","2023",1
"330491","2023",1
"330499","2023",1
"330510","2023",1
"330520","2023",1
"330530","2023",1
"330590","2023",1
"330610","2023",1
"330620","2030",1
"330690","2023",1
"330710","2023",1
"330720","2023",1
"330730","2023",1
"330741","2023",1
"330749","2023",1
"330790","2023",1
"340111","2023",1
"340119","2023",1
"340120","2023",1
"340130","2023",1
"340231","2023",1
"340239","2023",1
"340241","2023",1
"340242","2023",1
"340249","2023",1
"340250","2023",1
"340290","2023",1
"340311","1079",0.166666666666667
"340311","2011",0.166666666666667
"340311","2029",0.166666666666667
"340311","2610",0.166666666666667
"340311","2680",0.166666666666667
"340311","2817",0.166666666666667
"340319","1079",0.166666666666667
"340319","2011",0.166666666666667
"340319","2029",0.166666666666667
"340319","2610",0.166666666666667
"340319","2680",0.166666666666667
"340319","2817",0.166666666666667
"340391","1079",0.166666666666667
"340391","2011",0.166666666666667
"340391","2029",0.166666666666667
"340391","2610",0.166666666666667
"340391","2680",0.166666666666667
"340391","2817",0.166666666666667
"340399","1079",0.166666666666667
"340399","2011",0.166666666666667
"340399","2029",0.166666666666667
"340399","2610",0.166666666666667
"340399","2680",0.166666666666667
"340399","2817",0.166666666666667
"340420","2023",1
"340490","2023",1
"340510","2023",1
"340520","2023",1
"340530","2023",1
"340540","2023",1
"340590","2023",1
"340600","1399",0.0769230769230769
"340600","1512",0.0769230769230769
"340600","1629",0.0769230769230769
"340600","1709",0.0769230769230769
"340600","2029",0.0769230769230769
"340600","2219",0.0769230769230769
"340600","2220",0.0769230769230769
"340600","2599",0.0769230769230769
"340600","2829",0.0769230769230769
"340600","3092",0.0769230769230769
"340600","3212",0.0769230769230769
"340600","3290",0.0769230769230769
"340600","3312",0.0769230769230769
"340700","1079",0.166666666666667
"340700","2011",0.166666666666667
"340700","2029",0.166666666666667
"340700","2610",0.166666666666667
"340700","2680",0.166666666666667
"340700","2817",0.166666666666667
"350110","1050",1
"350190","1079",0.166666666666667
"350190","2011",0.166666666666667
"350190","2029",0.166666666666667
"350190","2610",0.166666666666667
"350190","2680",0.166666666666667
"350190","2817",0.166666666666667
"350211","1030",0.2
"350211","1071",0.2
"350211","1075",0.2
"350211","1079",0.2
"350211","3530",0.2
"350219","1030",0.2
"350219","1071",0.2
"350219","1075",0.2
"350219","1079",0.2
"350219","3530",0.2
"350220","1079",0.166666666666667
"350220","2011",0.166666666666667
"350220","2029",0.166666666666667
"350220","2610",0.166666666666667
"350220","2680",0.166666666666667
"350220","2817",0.166666666666667
"350290","1079",0.166666666666667
"350290","2011",0.166666666666667
"350290","2029",0.166666666666667
"350290","2610",0.166666666666667
"350290","2680",0.166666666666667
"350290","2817",0.166666666666667
"350300","1079",0.166666666666667
"350300","2011",0.166666666666667
"350300","2029",0.166666666666667
"350300","2610",0.166666666666667
"350300","2680",0.166666666666667
"350300","2817",0.166666666666667
"350400","1079",0.166666666666667
"350400","2011",0.166666666666667
"350400","2029",0.166666666666667
"350400","2610",0.166666666666667
"350400","2680",0.166666666666667
"350400","2817",0.166666666666667
"350510","1062",1
"350520","1079",0.166666666666667
"350520","2011",0.166666666666667
"350520","2029",0.166666666666667
"350520","2610",0.166666666666667
"350520","2680",0.166666666666667
"350520","2817",0.166666666666667
"350610","1079",0.166666666666667
"350610","2011",0.166666666666667
"350610","2029",0.166666666666667
"350610","2610",0.166666666666667
"350610","2680",0.166666666666667
"350610","2817",0.166666666666667
"350691","1079",0.166666666666667
"350691","2011",0.166666666666667
"350691","2029",0.166666666666667
"350691","2610",0.166666666666667
"350691","2680",0.166666666666667
"350691","2817",0.166666666666667
"350699","1079",0.166666666666667
"350699","2011",0.166666666666667
"350699","2029",0.166666666666667
"350699","2610",0.166666666666667
"350699","2680",0.166666666666667
"350699","2817",0.166666666666667
"350710","1910",0.5
"350710","2011",0.5
"350790","1910",0.5
"350790","2011",0.5
"360100","1079",0.166666666666667
"360100","2011",0.166666666666667
"360100","2029",0.166666666666667
"360100","2610",0.166666666666667
"360100","2680",0.166666666666667
"360100","2817",0.166666666666667
"360200","1079",0.166666666666667
"360200","2011",0.166666666666667
"360200","2029",0.166666666666667
"360200","2610",0.166666666666667
"360200","2680",0.166666666666667
"360200","2817",0.166666666666667
"360310","1079",0.166666666666667
"360310","2011",0.166666666666667
"360310","2029",0.166666666666667
"360310","2610",0.166666666666667
"360310","2680",0.166666666666667
"360310","2817",0.166666666666667
"360320","1079",0.166666666666667
"360320","2011",0.166666666666667
"360320","2029",0.166666666666667
"360320","2610",0.166666666666667
"360320","2680",0.166666666666667
"360320","2817",0.166666666666667
"360330","1079",0.166666666666667
"360330","2011",0.166666666666667
"360330","2029",0.166666666666667
"360330","2610",0.166666666666667
"360330","2680",0.166666666666667
"360330","2817",0.166666666666667
"360340","1079",0.166666666666667
"360340","2011",0.166666666666667
"360340","2029",0.166666666666667
"360340","2610",0.166666666666667
"360340","2680",0.166666666666667
"360340","2817",0.166666666666667
"360350","1079",0.166666666666667
"360350","2011",0.166666666666667
"360350","2029",0.166666666666667
"360350","2610",0.166666666666667
"360350","2680",0.166666666666667
"360350","2817",0.166666666666667
"360360","1079",0.166666666666667
"360360","2011",0.166666666666667
"360360","2029",0.166666666666667
"360360","2610",0.166666666666667
"360360","2680",0.166666666666667
"360360","2817",0.166666666666667
"360410","1079",0.166666666666667
"360410","2011",0.166666666666667
"360410","2029",0.166666666666667
"360410","2610",0.166666666666667
"360410","2680",0.166666666666667
"360410","2817",0.166666666666667
"360490","1079",0.166666666666667
"360490","2011",0.166666666666667
"360490","2029",0.166666666666667
"360490","2610",0.166666666666667
"360490","2680",0.166666666666667
"360490","2817",0.166666666666667
"360500","1399",0.0769230769230769
"360500","1512",0.0769230769230769
"360500","1629",0.0769230769230769
"360500","1709",0.0769230769230769
"360500","2029",0.0769230769230769
"360500","2219",0.0769230769230769
"360500","2220",0.0769230769230769
"360500","2599",0.0769230769230769
"360500","2829",0.0769230769230769
"360500","3092",0.0769230769230769
"360500","3212",0.0769230769230769
"360500","3290",0.0769230769230769
"360500","3312",0.0769230769230769
"360610","1399",0.0769230769230769
"360610","1512",0.0769230769230769
"360610","1629",0.0769230769230769
"360610","1709",0.0769230769230769
"360610","2029",0.0769230769230769
"360610","2219",0.0769230769230769
"360610","2220",0.0769230769230769
"360610","2599",0.0769230769230769
"360610","2829",0.0769230769230769
"360610","3092",0.0769230769230769
"360610","3212",0.0769230769230769
"360610","3290",0.0769230769230769
"360610","3312",0.0769230769230769
"360690","1399",0.0769230769230769
"360690","1512",0.0769230769230769
"360690","1629",0.0769230769230769
"360690","1709",0.0769230769230769
"360690","2029",0.0769230769230769
"360690","2219",0.0769230769230769
"360690","2220",0.0769230769230769
"360690","2599",0.0769230769230769
"360690","2829",0.0769230769230769
"360690","3092",0.0769230769230769
"360690","3212",0.0769230769230769
"360690","3290",0.0769230769230769
"360690","3312",0.0769230769230769
"370110","1079",0.166666666666667
"370110","2011",0.166666666666667
"370110","2029",0.166666666666667
"370110","2610",0.166666666666667
"370110","2680",0.166666666666667
"370110","2817",0.166666666666667
"370120","1079",0.166666666666667
"370120","2011",0.166666666666667
"370120","2029",0.166666666666667
"370120","2610",0.166666666666667
"370120","2680",0.166666666666667
"370120","2817",0.166666666666667
"370130","1079",0.166666666666667
"370130","2011",0.166666666666667
"370130","2029",0.166666666666667
"370130","2610",0.166666666666667
"370130","2680",0.166666666666667
"370130","2817",0.166666666666667
"370191","1079",0.166666666666667
"370191","2011",0.166666666666667
"370191","2029",0.166666666666667
"370191","2610",0.166666666666667
"370191","2680",0.166666666666667
"370191","2817",0.166666666666667
"370199","1079",0.166666666666667
"370199","2011",0.166666666666667
"370199","2029",0.166666666666667
"370199","2610",0.166666666666667
"370199","2680",0.166666666666667
"370199","2817",0.166666666666667
"370210","1079",0.166666666666667
"370210","2011",0.166666666666667
"370210","2029",0.166666666666667
"370210","2610",0.166666666666667
"370210","2680",0.166666666666667
"370210","2817",0.166666666666667
"370231","1079",0.166666666666667
"370231","2011",0.166666666666667
"370231","2029",0.166666666666667
"370231","2610",0.166666666666667
"370231","2680",0.166666666666667
"370231","2817",0.166666666666667
"370232","1079",0.166666666666667
"370232","2011",0.166666666666667
"370232","2029",0.166666666666667
"370232","2610",0.166666666666667
"370232","2680",0.166666666666667
"370232","2817",0.166666666666667
"370239","1079",0.166666666666667
"370239","2011",0.166666666666667
"370239","2029",0.166666666666667
"370239","2610",0.166666666666667
"370239","2680",0.166666666666667
"370239","2817",0.166666666666667
"370241","1079",0.166666666666667
"370241","2011",0.166666666666667
"370241","2029",0.166666666666667
"370241","2610",0.166666666666667
"370241","2680",0.166666666666667
"370241","2817",0.166666666666667
"370242","1079",0.166666666666667
"370242","2011",0.166666666666667
"370242","2029",0.166666666666667
"370242","2610",0.166666666666667
"370242","2680",0.166666666666667
"370242","2817",0.166666666666667
"370243","1079",0.166666666666667
"370243","2011",0.166666666666667
"370243","2029",0.166666666666667
"370243","2610",0.166666666666667
"370243","2680",0.166666666666667
"370243","2817",0.166666666666667
"370244","1079",0.166666666666667
"370244","2011",0.166666666666667
"370244","2029",0.166666666666667
"370244","2610",0.166666666666667
"370244","2680",0.166666666666667
"370244","2817",0.166666666666667
"370252","1079",0.166666666666667
"370252","2011",0.166666666666667
"370252","2029",0.166666666666667
"370252","2610",0.166666666666667
"370252","2680",0.166666666666667
"370252","2817",0.166666666666667
"370253","1079",0.166666666666667
"370253","2011",0.166666666666667
"370253","2029",0.166666666666667
"370253","2610",0.166666666666667
"370253","2680",0.166666666666667
"370253","2817",0.166666666666667
"370254","1079",0.166666666666667
"370254","2011",0.166666666666667
"370254","2029",0.166666666666667
"370254","2610",0.166666666666667
"370254","2680",0.166666666666667
"370254","2817",0.166666666666667
"370255","1079",0.166666666666667
"370255","2011",0.166666666666667
"370255","2029",0.166666666666667
"370255","2610",0.166666666666667
"370255","2680",0.166666666666667
"370255","2817",0.166666666666667
"370256","1079",0.166666666666667
"370256","2011",0.166666666666667
"370256","2029",0.166666666666667
"370256","2610",0.166666666666667
"370256","2680",0.166666666666667
"370256","2817",0.166666666666667
"370296","1079",0.166666666666667
"370296","2011",0.166666666666667
"370296","2029",0.166666666666667
"370296","2610",0.166666666666667
"370296","2680",0.166666666666667
"370296","2817",0.166666666666667
"370297","1079",0.166666666666667
"370297","2011",0.166666666666667
"370297","2029",0.166666666666667
"370297","2610",0.166666666666667
"370297","2680",0.166666666666667
"370297","2817",0.166666666666667
"370298","1079",0.166666666666667
"370298","2011",0.166666666666667
"370298","2029",0.166666666666667
"370298","2610",0.166666666666667
"370298","2680",0.166666666666667
"370298","2817",0.166666666666667
"370310","1079",0.166666666666667
"370310","2011",0.166666666666667
"370310","2029",0.166666666666667
"370310","2610",0.166666666666667
"370310","2680",0.166666666666667
"370310","2817",0.166666666666667
"370320","1079",0.166666666666667
"370320","2011",0.166666666666667
"370320","2029",0.166666666666667
"370320","2610",0.166666666666667
"370320","2680",0.166666666666667
"370320","2817",0.166666666666667
"370390","1079",0.166666666666667
"370390","2011",0.166666666666667
"370390","2029",0.166666666666667
"370390","2610",0.166666666666667
"370390","2680",0.166666666666667
"370390","2817",0.166666666666667
"370400","7420",0.333333333333333
"370400","8541",0.333333333333333
"370400","9609",0.333333333333333
"370500","7420",0.333333333333333
"370500","8541",0.333333333333333
"370500","9609",0.333333333333333
"370610","5911",0.25
"370610","5912",0.25
"370610","5913",0.25
"370610","5920",0.25
"370690","5911",0.25
"370690","5912",0.25
"370690","5913",0.25
"370690","5920",0.25
"370710","1079",0.166666666666667
"370710","2011",0.166666666666667
"370710","2029",0.166666666666667
"370710","2610",0.166666666666667
"370710","2680",0.166666666666667
"370710","2817",0.166666666666667
"370790","1079",0.166666666666667
"370790","2011",0.166666666666667
"370790","2029",0.166666666666667
"370790","2610",0.166666666666667
"370790","2680",0.166666666666667
"370790","2817",0.166666666666667
"380110","1312",0.25
"380110","2399",0.25
"380110","3290",0.25
"380110","3319",0.25
"380120","1312",0.25
"380120","2399",0.25
"380120","3290",0.25
"380120","3319",0.25
"380130","1312",0.25
"380130","2399",0.25
"380130","3290",0.25
"380130","3319",0.25
"380190","1312",0.25
"380190","2399",0.25
"380190","3290",0.25
"380190","3319",0.25
"380210","1079",0.166666666666667
"380210","2011",0.166666666666667
"380210","2029",0.166666666666667
"380210","2610",0.166666666666667
"380210","2680",0.166666666666667
"380210","2817",0.166666666666667
"380290","1910",0.5
"380290","2011",0.5
"380300","1910",0.5
"380300","2011",0.5
"380510","1910",0.5
"380510","2011",0.5
"380590","1910",0.5
"380590","2011",0.5
"380610","1910",0.5
"380610","2011",0.5
"380620","1910",0.5
"380620","2011",0.5
"380630","1910",0.5
"380630","2011",0.5
"380690","1910",0.5
"380690","2011",0.5
"380700","1910",0.5
"380700","2011",0.5
"380852","2021",1
"380859","2021",1
"380861","2021",1
"380862","2021",1
"380869","2021",1
"380891","2021",1
"380892","2021",1
"380893","2021",1
"380894","2021",1
"380899","2021",1
"380910","1079",0.166666666666667
"380910","2011",0.166666666666667
"380910","2029",0.166666666666667
"380910","2610",0.166666666666667
"380910","2680",0.166666666666667
"380910","2817",0.166666666666667
"380991","1079",0.166666666666667
"380991","2011",0.166666666666667
"380991","2029",0.166666666666667
"380991","2610",0.166666666666667
"380991","2680",0.166666666666667
"380991","2817",0.166666666666667
"380992","1079",0.166666666666667
"380992","2011",0.166666666666667
"380992","2029",0.166666666666667
"380992","2610",0.166666666666667
"380992","2680",0.166666666666667
"380992","2817",0.166666666666667
"380993","1079",0.166666666666667
"380993","2011",0.166666666666667
"380993","2029",0.166666666666667
"380993","2610",0.166666666666667
"380993","2680",0.166666666666667
"380993","2817",0.166666666666667
"381010","1079",0.166666666666667
"381010","2011",0.166666666666667
"381010","2029",0.166666666666667
"381010","2610",0.166666666666667
"381010","2680",0.166666666666667
"381010","2817",0.166666666666667
"381090","1079",0.166666666666667
"381090","2011",0.166666666666667
"381090","2029",0.166666666666667
"381090","2610",0.166666666666667
"381090","2680",0.166666666666667
"381090","2817",0.166666666666667
"381111","1079",0.166666666666667
"381111","2011",0.166666666666667
"381111","2029",0.166666666666667
"381111","2610",0.166666666666667
"381111","2680",0.166666666666667
"381111","2817",0.166666666666667
"381119","1079",0.166666666666667
"381119","2011",0.166666666666667
"381119","2029",0.166666666666667
"381119","2610",0.166666666666667
"381119","2680",0.166666666666667
"381119","2817",0.166666666666667
"381121","1079",0.166666666666667
"381121","2011",0.166666666666667
"381121","2029",0.166666666666667
"381121","2610",0.166666666666667
"381121","2680",0.166666666666667
"381121","2817",0.166666666666667
"381129","1079",0.166666666666667
"381129","2011",0.166666666666667
"381129","2029",0.166666666666667
"381129","2610",0.166666666666667
"381129","2680",0.166666666666667
"381129","2817",0.166666666666667
"381190","1079",0.166666666666667
"381190","2011",0.166666666666667
"381190","2029",0.166666666666667
"381190","2610",0.166666666666667
"381190","2680",0.166666666666667
"381190","2817",0.166666666666667
"381210","1079",0.166666666666667
"381210","2011",0.166666666666667
"381210","2029",0.166666666666667
"381210","2610",0.166666666666667
"381210","2680",0.166666666666667
"381210","2817",0.166666666666667
"381220","1079",0.166666666666667
"381220","2011",0.166666666666667
"381220","2029",0.166666666666667
"381220","2610",0.166666666666667
"381220","2680",0.166666666666667
"381220","2817",0.166666666666667
"381231","1079",0.166666666666667
"381231","2011",0.166666666666667
"381231","2029",0.166666666666667
"381231","2610",0.166666666666667
"381231","2680",0.166666666666667
"381231","2817",0.166666666666667
"381239","1079",0.166666666666667
"381239","2011",0.166666666666667
"381239","2029",0.166666666666667
"381239","2610",0.166666666666667
"381239","2680",0.166666666666667
"381239","2817",0.166666666666667
"381300","1079",0.166666666666667
"381300","2011",0.166666666666667
"381300","2029",0.166666666666667
"381300","2610",0.166666666666667
"381300","2680",0.166666666666667
"381300","2817",0.166666666666667
"381400","2022",1
"381511","1079",0.166666666666667
"381511","2011",0.166666666666667
"381511","2029",0.166666666666667
"381511","2610",0.166666666666667
"381511","2680",0.166666666666667
"381511","2817",0.166666666666667
"381512","1079",0.166666666666667
"381512","2011",0.166666666666667
"381512","2029",0.166666666666667
"381512","2610",0.166666666666667
"381512","2680",0.166666666666667
"381512","2817",0.166666666666667
"381519","1079",0.166666666666667
"381519","2011",0.166666666666667
"381519","2029",0.166666666666667
"381519","2610",0.166666666666667
"381519","2680",0.166666666666667
"381519","2817",0.166666666666667
"381590","1079",0.166666666666667
"381590","2011",0.166666666666667
"381590","2029",0.166666666666667
"381590","2610",0.166666666666667
"381590","2680",0.166666666666667
"381590","2817",0.166666666666667
"381600","2391",1
"381700","1079",0.166666666666667
"381700","2011",0.166666666666667
"381700","2029",0.166666666666667
"381700","2610",0.166666666666667
"381700","2680",0.166666666666667
"381700","2817",0.166666666666667
"381800","1079",0.166666666666667
"381800","2011",0.166666666666667
"381800","2029",0.166666666666667
"381800","2610",0.166666666666667
"381800","2680",0.166666666666667
"381800","2817",0.166666666666667
"381900","1079",0.166666666666667
"381900","2011",0.166666666666667
"381900","2029",0.166666666666667
"381900","2610",0.166666666666667
"381900","2680",0.166666666666667
"381900","2817",0.166666666666667
"382000","1079",0.166666666666667
"382000","2011",0.166666666666667
"382000","2029",0.166666666666667
"382000","2610",0.166666666666667
"382000","2680",0.166666666666667
"382000","2817",0.166666666666667
"382100","1079",0.166666666666667
"382100","2011",0.166666666666667
"382100","2029",0.166666666666667
"382100","2610",0.166666666666667
"382100","2680",0.166666666666667
"382100","2817",0.166666666666667
"382211","2100",0.5
"382211","3250",0.5
"382212","2100",0.5
"382212","3250",0.5
"382213","2100",0.5
"382213","3250",0.5
"382219","1079",0.166666666666667
"382219","2011",0.166666666666667
"382219","2029",0.166666666666667
"382219","2610",0.166666666666667
"382219","2680",0.166666666666667
"382219","2817",0.166666666666667
"382290","1079",0.166666666666667
"382290","2011",0.166666666666667
"382290","2029",0.166666666666667
"382290","2610",0.166666666666667
"382290","2680",0.166666666666667
"382290","2817",0.166666666666667
"382311","1910",0.5
"382311","2011",0.5
"382312","1910",0.5
"382312","2011",0.5
"382313","1910",0.5
"382313","2011",0.5
"382319","1910",0.5
"382319","2011",0.5
"382370","1910",0.5
"382370","2011",0.5
"382410","1079",0.166666666666667
"382410","2011",0.166666666666667
"382410","2029",0.166666666666667
"382410","2610",0.166666666666667
"382410","2680",0.166666666666667
"382410","2817",0.166666666666667
"382430","1079",0.166666666666667
"382430","2011",0.166666666666667
"382430","2029",0.166666666666667
"382430","2610",0.166666666666667
"382430","2680",0.166666666666667
"382430","2817",0.166666666666667
"382440","1079",0.166666666666667
"382440","2011",0.166666666666667
"382440","2029",0.166666666666667
"382440","2610",0.166666666666667
"382440","2680",0.166666666666667
"382440","2817",0.166666666666667
"382450","2395",1
"382460","1079",0.166666666666667
"382460","2011",0.166666666666667
"382460","2029",0.166666666666667
"382460","2610",0.166666666666667
"382460","2680",0.166666666666667
"382460","2817",0.166666666666667
"382481","1079",0.166666666666667
"382481","2011",0.166666666666667
"382481","2029",0.166666666666667
"382481","2610",0.166666666666667
"382481","2680",0.166666666666667
"382481","2817",0.166666666666667
"382482","1079",0.166666666666667
"382482","2011",0.166666666666667
"382482","2029",0.166666666666667
"382482","2610",0.166666666666667
"382482","2680",0.166666666666667
"382482","2817",0.166666666666667
"382483","1079",0.166666666666667
"382483","2011",0.166666666666667
"382483","2029",0.166666666666667
"382483","2610",0.166666666666667
"382483","2680",0.166666666666667
"382483","2817",0.166666666666667
"382484","1079",0.166666666666667
"382484","2011",0.166666666666667
"382484","2029",0.166666666666667
"382484","2610",0.166666666666667
"382484","2680",0.166666666666667
"382484","2817",0.166666666666667
"382485","1079",0.166666666666667
"382485","2011",0.166666666666667
"382485","2029",0.166666666666667
"382485","2610",0.166666666666667
"382485","2680",0.166666666666667
"382485","2817",0.166666666666667
"382486","1079",0.166666666666667
"382486","2011",0.166666666666667
"382486","2029",0.166666666666667
"382486","2610",0.166666666666667
"382486","2680",0.166666666666667
"382486","2817",0.166666666666667
"382487","1079",0.166666666666667
"382487","2011",0.166666666666667
"382487","2029",0.166666666666667
"382487","2610",0.166666666666667
"382487","2680",0.166666666666667
"382487","2817",0.166666666666667
"382488","1079",0.166666666666667
"382488","2011",0.166666666666667
"382488","2029",0.166666666666667
"382488","2610",0.166666666666667
"382488","2680",0.166666666666667
"382488","2817",0.166666666666667
"382489","1079",0.166666666666667
"382489","2011",0.166666666666667
"382489","2029",0.166666666666667
"382489","2610",0.166666666666667
"382489","2680",0.166666666666667
"382489","2817",0.166666666666667
"382491","1079",0.166666666666667
"382491","2011",0.166666666666667
"382491","2029",0.166666666666667
"382491","2610",0.166666666666667
"382491","2680",0.166666666666667
"382491","2817",0.166666666666667
"382492","1079",0.166666666666667
"382492","2011",0.166666666666667
"382492","2029",0.166666666666667
"382492","2610",0.166666666666667
"382492","2680",0.166666666666667
"382492","2817",0.166666666666667
"382499","1079",0.166666666666667
"382499","2011",0.166666666666667
"382499","2029",0.166666666666667
"382499","2610",0.166666666666667
"382499","2680",0.166666666666667
"382499","2817",0.166666666666667
"382510","1079",0.166666666666667
"382510","2011",0.166666666666667
"382510","2029",0.166666666666667
"382510","2610",0.166666666666667
"382510","2680",0.166666666666667
"382510","2817",0.166666666666667
"382520","1079",0.166666666666667
"382520","2011",0.166666666666667
"382520","2029",0.166666666666667
"382520","2610",0.166666666666667
"382520","2680",0.166666666666667
"382520","2817",0.166666666666667
"382530","1079",0.166666666666667
"382530","2011",0.166666666666667
"382530","2029",0.166666666666667
"382530","2610",0.166666666666667
"382530","2680",0.166666666666667
"382530","2817",0.166666666666667
"382541","1079",0.166666666666667
"382541","2011",0.166666666666667
"382541","2029",0.166666666666667
"382541","2610",0.166666666666667
"382541","2680",0.166666666666667
"382541","2817",0.166666666666667
"382549","1079",0.166666666666667
"382549","2011",0.166666666666667
"382549","2029",0.166666666666667
"382549","2610",0.166666666666667
"382549","2680",0.166666666666667
"382549","2817",0.166666666666667
"382550","1079",0.166666666666667
"382550","2011",0.166666666666667
"382550","2029",0.166666666666667
"382550","2610",0.166666666666667
"382550","2680",0.166666666666667
"382550","2817",0.166666666666667
"382561","1079",0.166666666666667
"382561","2011",0.166666666666667
"382561","2029",0.166666666666667
"382561","2610",0.166666666666667
"382561","2680",0.166666666666667
"382561","2817",0.166666666666667
"382569","1079",0.166666666666667
"382569","2011",0.166666666666667
"382569","2029",0.166666666666667
"382569","2610",0.166666666666667
"382569","2680",0.166666666666667
"382569","2817",0.166666666666667
"382590","1079",0.166666666666667
"382590","2011",0.166666666666667
"382590","2029",0.166666666666667
"382590","2610",0.166666666666667
"382590","2680",0.166666666666667
"382590","2817",0.166666666666667
"382600","1079",0.166666666666667
"382600","2011",0.166666666666667
"382600","2029",0.166666666666667
"382600","2610",0.166666666666667
"382600","2680",0.166666666666667
"382600","2817",0.166666666666667
"382711","1079",0.166666666666667
"382711","2011",0.166666666666667
"382711","2029",0.166666666666667
"382711","2610",0.166666666666667
"382711","2680",0.166666666666667
"382711","2817",0.166666666666667
"382712","1079",0.166666666666667
"382712","2011",0.166666666666667
"382712","2029",0.166666666666667
"382712","2610",0.166666666666667
"382712","2680",0.166666666666667
"382712","2817",0.166666666666667
"382713","1079",0.166666666666667
"382713","2011",0.166666666666667
"382713","2029",0.166666666666667
"382713","2610",0.166666666666667
"382713","2680",0.166666666666667
"382713","2817",0.166666666666667
"382714","1079",0.166666666666667
"382714","2011",0.166666666666667
"382714","2029",0.166666666666667
"382714","2610",0.166666666666667
"382714","2680",0.166666666666667
"382714","2817",0.166666666666667
"382720","1079",0.166666666666667
"382720","2011",0.166666666666667
"382720","2029",0.166666666666667
"382720","2610",0.166666666666667
"382720","2680",0.166666666666667
"382720","2817",0.166666666666667
"382731","1079",0.166666666666667
"382731","2011",0.166666666666667
"382731","2029",0.166666666666667
"382731","2610",0.166666666666667
"382731","2680",0.166666666666667
"382731","2817",0.166666666666667
"382732","1079",0.166666666666667
"382732","2011",0.166666666666667
"382732","2029",0.166666666666667
"382732","2610",0.166666666666667
"382732","2680",0.166666666666667
"382732","2817",0.166666666666667
"382739","1079",0.166666666666667
"382739","2011",0.166666666666667
"382739","2029",0.166666666666667
"382739","2610",0.166666666666667
"382739","2680",0.166666666666667
"382739","2817",0.166666666666667
"382740","1079",0.166666666666667
"382740","2011",0.166666666666667
"382740","2029",0.166666666666667
"382740","2610",0.166666666666667
"382740","2680",0.166666666666667
"382740","2817",0.166666666666667
"382751","1079",0.166666666666667
"382751","2011",0.166666666666667
"382751","2029",0.166666666666667
"382751","2610",0.166666666666667
"382751","2680",0.166666666666667
"382751","2817",0.166666666666667
"382759","1079",0.166666666666667
"382759","2011",0.166666666666667
"382759","2029",0.166666666666667
"382759","2610",0.166666666666667
"382759","2680",0.166666666666667
"382759","2817",0.166666666666667
"382761","1079",0.166666666666667
"382761","2011",0.166666666666667
"382761","2029",0.166666666666667
"382761","2610",0.166666666666667
"382761","2680",0.166666666666667
"382761","2817",0.166666666666667
"382762","1079",0.166666666666667
"382762","2011",0.166666666666667
"382762","2029",0.166666666666667
"382762","2610",0.166666666666667
"382762","2680",0.166666666666667
"382762","2817",0.166666666666667
"382763","1079",0.166666666666667
"382763","2011",0.166666666666667
"382763","2029",0.166666666666667
"382763","2610",0.166666666666667
"382763","2680",0.166666666666667
"382763","2817",0.166666666666667
"382764","1079",0.166666666666667
"382764","2011",0.166666666666667
"382764","2029",0.166666666666667
"382764","2610",0.166666666666667
"382764","2680",0.166666666666667
"382764","2817",0.166666666666667
"382765","1079",0.166666666666667
"382765","2011",0.166666666666667
"382765","2029",0.166666666666667
"382765","2610",0.166666666666667
"382765","2680",0.166666666666667
"382765","2817",0.166666666666667
"382768","1079",0.166666666666667
"382768","2011",0.166666666666667
"382768","2029",0.166666666666667
"382768","2610",0.166666666666667
"382768","2680",0.166666666666667
"382768","2817",0.166666666666667
"382769","1079",0.166666666666667
"382769","2011",0.166666666666667
"382769","2029",0.166666666666667
"382769","2610",0.166666666666667
"382769","2680",0.166666666666667
"382769","2817",0.166666666666667
"382790","1079",0.166666666666667
"382790","2011",0.166666666666667
"382790","2029",0.166666666666667
"382790","2610",0.166666666666667
"382790","2680",0.166666666666667
"382790","2817",0.166666666666667
"390110","2013",1
"390120","2013",1
"390130","2013",1
"390140","2013",1
"390190","2013",1
"390210","2013",1
"390220","2013",1
"390230","2013",1
"390290","2013",1
"390311","2013",1
"390319","2013",1
"390320","2013",1
"390330","2013",1
"390390","2013",1
"390410","2013",1
"390421","2013",1
"390422","2013",1
"390430","2013",1
"390440","2013",1
"390450","2013",1
"390461","2013",1
"390469","2013",1
"390490","2013",1
"390512","2013",1
"390519","2013",1
"390521","2013",1
"390529","2013",1
"390530","2013",1
"390591","2013",1
"390599","2013",1
"390610","2013",1
"390690","2013",1
"390710","2013",1
"390721","2013",1
"390729","2013",1
"390730","2013",1
"390740","2013",1
"390750","2013",1
"390761","2013",1
"390769","2013",1
"390770","2013",1
"390791","2013",1
"390799","2013",1
"390810","2013",1
"390890","2013",1
"390910","2013",1
"390920","2013",1
"390931","2013",1
"390939","2013",1
"390940","2013",1
"390950","2013",1
"391000","2013",1
"391110","2013",1
"391120","2013",1
"391190","2013",1
"391211","2013",1
"391212","2013",1
"391220","2013",1
"391231","2013",1
"391239","2013",1
"391290","2013",1
"391310","2013",1
"391390","2013",1
"391400","2013",1
"391610","2220",0.166666666666667
"391610","2610",0.166666666666667
"391610","2733",0.166666666666667
"391610","3290",0.166666666666667
"391610","3314",0.166666666666667
"391610","3319",0.166666666666667
"391620","2220",0.166666666666667
"391620","2610",0.166666666666667
"391620","2733",0.166666666666667
"391620","3290",0.166666666666667
"391620","3314",0.166666666666667
"391620","3319",0.166666666666667
"391690","2220",0.166666666666667
"391690","2610",0.166666666666667
"391690","2733",0.166666666666667
"391690","3290",0.166666666666667
"391690","3314",0.166666666666667
"391690","3319",0.166666666666667
"391710","2220",0.166666666666667
"391710","2610",0.166666666666667
"391710","2733",0.166666666666667
"391710","3290",0.166666666666667
"391710","3314",0.166666666666667
"391710","3319",0.166666666666667
"391721","2220",0.166666666666667
"391721","2610",0.166666666666667
"391721","2733",0.166666666666667
"391721","3290",0.166666666666667
"391721","3314",0.166666666666667
"391721","3319",0.166666666666667
"391722","2220",0.166666666666667
"391722","2610",0.166666666666667
"391722","2733",0.166666666666667
"391722","3290",0.166666666666667
"391722","3314",0.166666666666667
"391722","3319",0.166666666666667
"391723","2220",0.166666666666667
"391723","2610",0.166666666666667
"391723","2733",0.166666666666667
"391723","3290",0.166666666666667
"391723","3314",0.166666666666667
"391723","3319",0.166666666666667
"391729","2220",0.166666666666667
"391729","2610",0.166666666666667
"391729","2733",0.166666666666667
"391729","3290",0.166666666666667
"391729","3314",0.166666666666667
"391729","3319",0.166666666666667
"391731","2220",0.166666666666667
"391731","2610",0.166666666666667
"391731","2733",0.166666666666667
"391731","3290",0.166666666666667
"391731","3314",0.166666666666667
"391731","3319",0.166666666666667
"391732","2220",0.166666666666667
"391732","2610",0.166666666666667
"391732","2733",0.166666666666667
"391732","3290",0.166666666666667
"391732","3314",0.166666666666667
"391732","3319",0.166666666666667
"391733","2220",0.166666666666667
"391733","2610",0.166666666666667
"391733","2733",0.166666666666667
"391733","3290",0.166666666666667
"391733","3314",0.166666666666667
"391733","3319",0.166666666666667
"391739","2220",0.166666666666667
"391739","2610",0.166666666666667
"391739","2733",0.166666666666667
"391739","3290",0.166666666666667
"391739","3314",0.166666666666667
"391739","3319",0.166666666666667
"391740","2220",0.166666666666667
"391740","2610",0.166666666666667
"391740","2733",0.166666666666667
"391740","3290",0.166666666666667
"391740","3314",0.166666666666667
"391740","3319",0.166666666666667
"391810","2220",0.166666666666667
"391810","2610",0.166666666666667
"391810","2733",0.166666666666667
"391810","3290",0.166666666666667
"391810","3314",0.166666666666667
"391810","3319",0.166666666666667
"391890","2220",0.166666666666667
"391890","2610",0.166666666666667
"391890","2733",0.166666666666667
"391890","3290",0.166666666666667
"391890","3314",0.166666666666667
"391890","3319",0.166666666666667
"391910","2220",0.166666666666667
"391910","2610",0.166666666666667
"391910","2733",0.166666666666667
"391910","3290",0.166666666666667
"391910","3314",0.166666666666667
"391910","3319",0.166666666666667
"391990","2220",0.166666666666667
"391990","2610",0.166666666666667
"391990","2733",0.166666666666667
"391990","3290",0.166666666666667
"391990","3314",0.166666666666667
"391990","3319",0.166666666666667
"392010","2220",0.166666666666667
"392010","2610",0.166666666666667
"392010","2733",0.166666666666667
"392010","3290",0.166666666666667
"392010","3314",0.166666666666667
"392010","3319",0.166666666666667
"392020","2220",0.166666666666667
"392020","2610",0.166666666666667
"392020","2733",0.166666666666667
"392020","3290",0.166666666666667
"392020","3314",0.166666666666667
"392020","3319",0.166666666666667
"392030","2220",0.166666666666667
"392030","2610",0.166666666666667
"392030","2733",0.166666666666667
"392030","3290",0.166666666666667
"392030","3314",0.166666666666667
"392030","3319",0.166666666666667
"392043","2220",0.166666666666667
"392043","2610",0.166666666666667
"392043","2733",0.166666666666667
"392043","3290",0.166666666666667
"392043","3314",0.166666666666667
"392043","3319",0.166666666666667
"392049","2220",0.166666666666667
"392049","2610",0.166666666666667
"392049","2733",0.166666666666667
"392049","3290",0.166666666666667
"392049","3314",0.166666666666667
"392049","3319",0.166666666666667
"392051","2220",0.166666666666667
"392051","2610",0.166666666666667
"392051","2733",0.166666666666667
"392051","3290",0.166666666666667
"392051","3314",0.166666666666667
"392051","3319",0.166666666666667
"392059","2220",0.166666666666667
"392059","2610",0.166666666666667
"392059","2733",0.166666666666667
"392059","3290",0.166666666666667
"392059","3314",0.166666666666667
"392059","3319",0.166666666666667
"392061","2220",0.166666666666667
"392061","2610",0.166666666666667
"392061","2733",0.166666666666667
"392061","3290",0.166666666666667
"392061","3314",0.166666666666667
"392061","3319",0.166666666666667
"392062","2220",0.166666666666667
"392062","2610",0.166666666666667
"392062","2733",0.166666666666667
"392062","3290",0.166666666666667
"392062","3314",0.166666666666667
"392062","3319",0.166666666666667
"392063","2220",0.166666666666667
"392063","2610",0.166666666666667
"392063","2733",0.166666666666667
"392063","3290",0.166666666666667
"392063","3314",0.166666666666667
"392063","3319",0.166666666666667
"392069","2220",0.166666666666667
"392069","2610",0.166666666666667
"392069","2733",0.166666666666667
"392069","3290",0.166666666666667
"392069","3314",0.166666666666667
"392069","3319",0.166666666666667
"392071","2220",0.166666666666667
"392071","2610",0.166666666666667
"392071","2733",0.166666666666667
"392071","3290",0.166666666666667
"392071","3314",0.166666666666667
"392071","3319",0.166666666666667
"392073","2220",0.166666666666667
"392073","2610",0.166666666666667
"392073","2733",0.166666666666667
"392073","3290",0.166666666666667
"392073","3314",0.166666666666667
"392073","3319",0.166666666666667
"392079","2220",0.166666666666667
"392079","2610",0.166666666666667
"392079","2733",0.166666666666667
"392079","3290",0.166666666666667
"392079","3314",0.166666666666667
"392079","3319",0.166666666666667
"392091","2220",0.166666666666667
"392091","2610",0.166666666666667
"392091","2733",0.166666666666667
"392091","3290",0.166666666666667
"392091","3314",0.166666666666667
"392091","3319",0.166666666666667
"392092","2220",0.166666666666667
"392092","2610",0.166666666666667
"392092","2733",0.166666666666667
"392092","3290",0.166666666666667
"392092","3314",0.166666666666667
"392092","3319",0.166666666666667
"392093","2220",0.166666666666667
"392093","2610",0.166666666666667
"392093","2733",0.166666666666667
"392093","3290",0.166666666666667
"392093","3314",0.166666666666667
"392093","3319",0.166666666666667
"392094","2220",0.166666666666667
"392094","2610",0.166666666666667
"392094","2733",0.166666666666667
"392094","3290",0.166666666666667
"392094","3314",0.166666666666667
"392094","3319",0.166666666666667
"392099","2220",0.166666666666667
"392099","2610",0.166666666666667
"392099","2733",0.166666666666667
"392099","3290",0.166666666666667
"392099","3314",0.166666666666667
"392099","3319",0.166666666666667
"392111","2220",0.166666666666667
"392111","2610",0.166666666666667
"392111","2733",0.166666666666667
"392111","3290",0.166666666666667
"392111","3314",0.166666666666667
"392111","3319",0.166666666666667
"392112","2220",0.166666666666667
"392112","2610",0.166666666666667
"392112","2733",0.166666666666667
"392112","3290",0.166666666666667
"392112","3314",0.166666666666667
"392112","3319",0.166666666666667
"392113","2220",0.166666666666667
"392113","2610",0.166666666666667
"392113","2733",0.166666666666667
"392113","3290",0.166666666666667
"392113","3314",0.166666666666667
"392113","3319",0.166666666666667
"392114","2220",0.166666666666667
"392114","2610",0.166666666666667
"392114","2733",0.166666666666667
"392114","3290",0.166666666666667
"392114","3314",0.166666666666667
"392114","3319",0.166666666666667
"392119","2220",0.166666666666667
"392119","2610",0.166666666666667
"392119","2733",0.166666666666667
"392119","3290",0.166666666666667
"392119","3314",0.166666666666667
"392119","3319",0.166666666666667
"392190","2220",0.166666666666667
"392190","2610",0.166666666666667
"392190","2733",0.166666666666667
"392190","3290",0.166666666666667
"392190","3314",0.166666666666667
"392190","3319",0.166666666666667
"392210","2220",0.166666666666667
"392210","2610",0.166666666666667
"392210","2733",0.166666666666667
"392210","3290",0.166666666666667
"392210","3314",0.166666666666667
"392210","3319",0.166666666666667
"392220","2220",0.166666666666667
"392220","2610",0.166666666666667
"392220","2733",0.166666666666667
"392220","3290",0.166666666666667
"392220","3314",0.166666666666667
"392220","3319",0.166666666666667
"392290","2220",0.166666666666667
"392290","2610",0.166666666666667
"392290","2733",0.166666666666667
"392290","3290",0.166666666666667
"392290","3314",0.166666666666667
"392290","3319",0.166666666666667
"392310","2220",0.166666666666667
"392310","2610",0.166666666666667
"392310","2733",0.166666666666667
"392310","3290",0.166666666666667
"392310","3314",0.166666666666667
"392310","3319",0.166666666666667
"392321","2220",0.166666666666667
"392321","2610",0.166666666666667
"392321","2733",0.166666666666667
"392321","3290",0.166666666666667
"392321","3314",0.166666666666667
"392321","3319",0.166666666666667
"392329","2220",0.166666666666667
"392329","2610",0.166666666666667
"392329","2733",0.166666666666667
"392329","3290",0.166666666666667
"392329","3314",0.166666666666667
"392329","3319",0.166666666666667
"392330","2220",0.166666666666667
"392330","2610",0.166666666666667
"392330","2733",0.166666666666667
"392330","3290",0.166666666666667
"392330","3314",0.166666666666667
"392330","3319",0.166666666666667
"392340","2220",0.166666666666667
"392340","2610",0.166666666666667
"392340","2733",0.166666666666667
"392340","3290",0.166666666666667
"392340","3314",0.166666666666667
"392340","3319",0.166666666666667
"392350","2220",0.166666666666667
"392350","2610",0.166666666666667
"392350","2733",0.166666666666667
"392350","3290",0.166666666666667
"392350","3314",0.166666666666667
"392350","3319",0.166666666666667
"392390","2220",0.166666666666667
"392390","2610",0.166666666666667
"392390","2733",0.166666666666667
"392390","3290",0.166666666666667
"392390","3314",0.166666666666667
"392390","3319",0.166666666666667
"392410","2220",0.166666666666667
"392410","2610",0.166666666666667
"392410","2733",0.166666666666667
"392410","3290",0.166666666666667
"392410","3314",0.166666666666667
"392410","3319",0.166666666666667
"392490","2220",0.166666666666667
"392490","2610",0.166666666666667
"392490","2733",0.166666666666667
"392490","3290",0.166666666666667
"392490","3314",0.166666666666667
"392490","3319",0.166666666666667
"392510","2220",0.166666666666667
"392510","2610",0.166666666666667
"392510","2733",0.166666666666667
"392510","3290",0.166666666666667
"392510","3314",0.166666666666667
"392510","3319",0.166666666666667
"392520","2220",0.166666666666667
"392520","2610",0.166666666666667
"392520","2733",0.166666666666667
"392520","3290",0.166666666666667
"392520","3314",0.166666666666667
"392520","3319",0.166666666666667
"392530","2220",0.166666666666667
"392530","2610",0.166666666666667
"392530","2733",0.166666666666667
"392530","3290",0.166666666666667
"392530","3314",0.166666666666667
"392530","3319",0.166666666666667
"392590","2220",0.166666666666667
"392590","2610",0.166666666666667
"392590","2733",0.166666666666667
"392590","3290",0.166666666666667
"392590","3314",0.166666666666667
"392590","3319",0.166666666666667
"392610","2220",0.166666666666667
"392610","2610",0.166666666666667
"392610","2733",0.166666666666667
"392610","3290",0.166666666666667
"392610","3314",0.166666666666667
"392610","3319",0.166666666666667
"392620","2220",0.166666666666667
"392620","2610",0.166666666666667
"392620","2733",0.166666666666667
"392620","3290",0.166666666666667
"392620","3314",0.166666666666667
"392620","3319",0.166666666666667
"392630","2220",0.166666666666667
"392630","2610",0.166666666666667
"392630","2733",0.166666666666667
"392630","3290",0.166666666666667
"392630","3314",0.166666666666667
"392630","3319",0.166666666666667
"392640","2220",0.166666666666667
"392640","2610",0.166666666666667
"392640","2733",0.166666666666667
"392640","3290",0.166666666666667
"392640","3314",0.166666666666667
"392640","3319",0.166666666666667
"392690","2220",0.166666666666667
"392690","2610",0.166666666666667
"392690","2733",0.166666666666667
"392690","3290",0.166666666666667
"392690","3314",0.166666666666667
"392690","3319",0.166666666666667
"400110","0111",0.0909090909090909
"400110","0112",0.0909090909090909
"400110","0113",0.0909090909090909
"400110","0114",0.0909090909090909
"400110","0115",0.0909090909090909
"400110","0116",0.0909090909090909
"400110","0119",0.0909090909090909
"400110","0126",0.0909090909090909
"400110","0128",0.0909090909090909
"400110","0129",0.0909090909090909
"400110","0163",0.0909090909090909
"400121","0111",0.0909090909090909
"400121","0112",0.0909090909090909
"400121","0113",0.0909090909090909
"400121","0114",0.0909090909090909
"400121","0115",0.0909090909090909
"400121","0116",0.0909090909090909
"400121","0119",0.0909090909090909
"400121","0126",0.0909090909090909
"400121","0128",0.0909090909090909
"400121","0129",0.0909090909090909
"400121","0163",0.0909090909090909
"400122","0111",0.0909090909090909
"400122","0112",0.0909090909090909
"400122","0113",0.0909090909090909
"400122","0114",0.0909090909090909
"400122","0115",0.0909090909090909
"400122","0116",0.0909090909090909
"400122","0119",0.0909090909090909
"400122","0126",0.0909090909090909
"400122","0128",0.0909090909090909
"400122","0129",0.0909090909090909
"400122","0163",0.0909090909090909
"400129","0111",0.0909090909090909
"400129","0112",0.0909090909090909
"400129","0113",0.0909090909090909
"400129","0114",0.0909090909090909
"400129","0115",0.0909090909090909
"400129","0116",0.0909090909090909
"400129","0119",0.0909090909090909
"400129","0126",0.0909090909090909
"400129","0128",0.0909090909090909
"400129","0129",0.0909090909090909
"400129","0163",0.0909090909090909
"400130","0121",0.0666666666666667
"400130","0122",0.0666666666666667
"400130","0123",0.0666666666666667
"400130","0124",0.0666666666666667
"400130","0125",0.0666666666666667
"400130","0126",0.0666666666666667
"400130","0127",0.0666666666666667
"400130","0128",0.0666666666666667
"400130","0129",0.0666666666666667
"400130","0130",0.0666666666666667
"400130","0210",0.0666666666666667
"400130","0220",0.0666666666666667
"400130","0230",0.0666666666666667
"400130","0240",0.0666666666666667
"400130","1102",0.0666666666666667
"400211","2013",1
"400219","2013",1
"400220","2013",1
"400231","2013",1
"400239","2013",1
"400241","2013",1
"400249","2013",1
"400251","2013",1
"400259","2013",1
"400260","2013",1
"400270","2013",1
"400280","2013",1
"400291","2013",1
"400299","2013",1
"400300","2219",0.2
"400300","2220",0.2
"400300","2812",0.2
"400300","3290",0.2
"400300","3319",0.2
"400510","2219",0.2
"400510","2220",0.2
"400510","2812",0.2
"400510","3290",0.2
"400510","3319",0.2
"400520","2219",0.2
"400520","2220",0.2
"400520","2812",0.2
"400520","3290",0.2
"400520","3319",0.2
"400591","2219",0.2
"400591","2220",0.2
"400591","2812",0.2
"400591","3290",0.2
"400591","3319",0.2
"400599","2219",0.2
"400599","2220",0.2
"400599","2812",0.2
"400599","3290",0.2
"400599","3319",0.2
"400610","2211",1
"400690","2219",0.2
"400690","2220",0.2
"400690","2812",0.2
"400690","3290",0.2
"400690","3319",0.2
"400700","2219",0.2
"400700","2220",0.2
"400700","2812",0.2
"400700","3290",0.2
"400700","3319",0.2
"400811","2219",0.2
"400811","2220",0.2
"400811","2812",0.2
"400811","3290",0.2
"400811","3319",0.2
"400819","2219",0.2
"400819","2220",0.2
"400819","2812",0.2
"400819","3290",0.2
"400819","3319",0.2
"400821","2219",0.2
"400821","2220",0.2
"400821","2812",0.2
"400821","3290",0.2
"400821","3319",0.2
"400829","2219",0.2
"400829","2220",0.2
"400829","2812",0.2
"400829","3290",0.2
"400829","3319",0.2
"400911","2219",0.2
"400911","2220",0.2
"400911","2812",0.2
"400911","3290",0.2
"400911","3319",0.2
"400912","2219",0.2
"400912","2220",0.2
"400912","2812",0.2
"400912","3290",0.2
"400912","3319",0.2
"400921","2219",0.2
"400921","2220",0.2
"400921","2812",0.2
"400921","3290",0.2
"400921","3319",0.2
"400922","2219",0.2
"400922","2220",0.2
"400922","2812",0.2
"400922","3290",0.2
"400922","3319",0.2
"400931","2219",0.2
"400931","2220",0.2
"400931","2812",0.2
"400931","3290",0.2
"400931","3319",0.2
"400932","2219",0.2
"400932","2220",0.2
"400932","2812",0.2
"400932","3290",0.2
"400932","3319",0.2
"400941","2219",0.2
"400941","2220",0.2
"400941","2812",0.2
"400941","3290",0.2
"400941","3319",0.2
"400942","2219",0.2
"400942","2220",0.2
"400942","2812",0.2
"400942","3290",0.2
"400942","3319",0.2
"401011","2219",0.2
"401011","2220",0.2
"401011","2812",0.2
"401011","3290",0.2
"401011","3319",0.2
"401012","2219",0.2
"401012","2220",0.2
"401012","2812",0.2
"401012","3290",0.2
"401012","3319",0.2
"401019","2219",0.2
"401019","2220",0.2
"401019","2812",0.2
"401019","3290",0.2
"401019","3319",0.2
"401031","2219",0.2
"401031","2220",0.2
"401031","2812",0.2
"401031","3290",0.2
"401031","3319",0.2
"401032","2219",0.2
"401032","2220",0.2
"401032","2812",0.2
"401032","3290",0.2
"401032","3319",0.2
"401033","2219",0.2
"401033","2220",0.2
"401033","2812",0.2
"401033","3290",0.2
"401033","3319",0.2
"401034","2219",0.2
"401034","2220",0.2
"401034","2812",0.2
"401034","3290",0.2
"401034","3319",0.2
"401035","2219",0.2
"401035","2220",0.2
"401035","2812",0.2
"401035","3290",0.2
"401035","3319",0.2
"401036","2219",0.2
"401036","2220",0.2
"401036","2812",0.2
"401036","3290",0.2
"401036","3319",0.2
"401039","2219",0.2
"401039","2220",0.2
"401039","2812",0.2
"401039","3290",0.2
"401039","3319",0.2
"401110","2211",1
"401120","2211",1
"401130","2211",1
"401140","2211",1
"401150","2211",1
"401170","2211",1
"401180","2211",1
"401190","2211",1
"401211","2211",1
"401212","2211",1
"401213","2211",1
"401219","2211",1
"401290","2211",1
"401310","2211",1
"401320","2211",1
"401390","2211",1
"401410","2219",0.2
"401410","2220",0.2
"401410","2812",0.2
"401410","3290",0.2
"401410","3319",0.2
"401490","2219",0.2
"401490","2220",0.2
"401490","2812",0.2
"401490","3290",0.2
"401490","3319",0.2
"401512","2219",0.2
"401512","2220",0.2
"401512","2812",0.2
"401512","3290",0.2
"401512","3319",0.2
"401519","2219",0.2
"401519","2220",0.2
"401519","2812",0.2
"401519","3290",0.2
"401519","3319",0.2
"401590","2219",0.2
"401590","2220",0.2
"401590","2812",0.2
"401590","3290",0.2
"401590","3319",0.2
"401610","2219",0.2
"401610","2220",0.2
"401610","2812",0.2
"401610","3290",0.2
"401610","3319",0.2
"401691","2219",0.2
"401691","2220",0.2
"401691","2812",0.2
"401691","3290",0.2
"401691","3319",0.2
"401692","2219",0.2
"401692","2220",0.2
"401692","2812",0.2
"401692","3290",0.2
"401692","3319",0.2
"401693","2219",0.2
"401693","2220",0.2
"401693","2812",0.2
"401693","3290",0.2
"401693","3319",0.2
"401694","2219",0.2
"401694","2220",0.2
"401694","2812",0.2
"401694","3290",0.2
"401694","3319",0.2
"401695","2219",0.2
"401695","2220",0.2
"401695","2812",0.2
"401695","3290",0.2
"401695","3319",0.2
"401699","2219",0.2
"401699","2220",0.2
"401699","2812",0.2
"401699","3290",0.2
"401699","3319",0.2
"401700","2219",0.2
"401700","2220",0.2
"401700","2812",0.2
"401700","3290",0.2
"401700","3319",0.2
"410120","1010",1
"410150","1010",1
"410190","1010",1
"410210","1010",1
"410221","1010",1
"410229","1010",1
"410320","0143",0.166666666666667
"410320","0145",0.166666666666667
"410320","0146",0.166666666666667
"410320","0149",0.166666666666667
"410320","0321",0.166666666666667
"410320","0322",0.166666666666667
"410330","0143",0.166666666666667
"410330","0145",0.166666666666667
"410330","0146",0.166666666666667
"410330","0149",0.166666666666667
"410330","0321",0.166666666666667
"410330","0322",0.166666666666667
"410390","0143",0.166666666666667
"410390","0145",0.166666666666667
"410390","0146",0.166666666666667
"410390","0149",0.166666666666667
"410390","0321",0.166666666666667
"410390","0322",0.166666666666667
"410411","1511",1
"410419","1511",1
"410441","1511",1
"410449","1511",1
"410510","1511",1
"410530","1511",1
"410621","1511",1
"410622","1511",1
"410631","1511",1
"410632","1511",1
"410640","1511",1
"410691","1511",1
"410692","1511",1
"410711","1511",1
"410712","1511",1
"410719","1511",1
"410791","1511",1
"410792","1511",1
"410799","1511",1
"411200","1511",1
"411310","1511",1
"411320","1511",1
"411330","1511",1
"411390","1511",1
"411410","1511",1
"411420","1511",1
"411510","1511",1
"420100","1512",0.5
"420100","3290",0.5
"420211","1512",0.5
"420211","3290",0.5
"420212","1512",0.5
"420212","3290",0.5
"420219","1512",0.5
"420219","3290",0.5
"420221","1512",0.5
"420221","3290",0.5
"420222","1512",0.5
"420222","3290",0.5
"420229","1512",0.5
"420229","3290",0.5
"420231","1512",0.5
"420231","3290",0.5
"420232","1512",0.5
"420232","3290",0.5
"420239","1512",0.5
"420239","3290",0.5
"420291","1512",0.5
"420291","3290",0.5
"420292","1512",0.5
"420292","3290",0.5
"420299","1512",0.5
"420299","3290",0.5
"420310","1313",0.333333333333333
"420310","1410",0.333333333333333
"420310","3290",0.333333333333333
"420321","3230",0.5
"420321","3290",0.5
"420329","1313",0.333333333333333
"420329","1410",0.333333333333333
"420329","3290",0.333333333333333
"420330","1313",0.333333333333333
"420330","1410",0.333333333333333
"420330","3290",0.333333333333333
"420340","1313",0.333333333333333
"420340","1410",0.333333333333333
"420340","3290",0.333333333333333
"420500","1512",0.5
"420500","3290",0.5
"420600","1399",0.0769230769230769
"420600","1512",0.0769230769230769
"420600","1629",0.0769230769230769
"420600","1709",0.0769230769230769
"420600","2029",0.0769230769230769
"420600","2219",0.0769230769230769
"420600","2220",0.0769230769230769
"420600","2599",0.0769230769230769
"420600","2829",0.0769230769230769
"420600","3092",0.0769230769230769
"420600","3212",0.0769230769230769
"420600","3290",0.0769230769230769
"420600","3312",0.0769230769230769
"430110","0143",0.166666666666667
"430110","0145",0.166666666666667
"430110","0146",0.166666666666667
"430110","0149",0.166666666666667
"430110","0321",0.166666666666667
"430110","0322",0.166666666666667
"430130","0143",0.166666666666667
"430130","0145",0.166666666666667
"430130","0146",0.166666666666667
"430130","0149",0.166666666666667
"430130","0321",0.166666666666667
"430130","0322",0.166666666666667
"430160","0143",0.166666666666667
"430160","0145",0.166666666666667
"430160","0146",0.166666666666667
"430160","0149",0.166666666666667
"430160","0321",0.166666666666667
"430160","0322",0.166666666666667
"430180","0143",0.166666666666667
"430180","0145",0.166666666666667
"430180","0146",0.166666666666667
"430180","0149",0.166666666666667
"430180","0321",0.166666666666667
"430180","0322",0.166666666666667
"430190","0143",0.166666666666667
"430190","0145",0.166666666666667
"430190","0146",0.166666666666667
"430190","0149",0.166666666666667
"430190","0321",0.166666666666667
"430190","0322",0.166666666666667
"430211","1420",0.5
"430211","1511",0.5
"430219","1420",0.5
"430219","1511",0.5
"430220","1420",0.5
"430220","1511",0.5
"430230","1420",0.5
"430230","1511",0.5
"430310","1420",0.5
"430310","1511",0.5
"430390","1420",0.5
"430390","1511",0.5
"430400","1420",0.5
"430400","1511",0.5
"440111","0121",0.0666666666666667
"440111","0122",0.0666666666666667
"440111","0123",0.0666666666666667
"440111","0124",0.0666666666666667
"440111","0125",0.0666666666666667
"440111","0126",0.0666666666666667
"440111","0127",0.0666666666666667
"440111","0128",0.0666666666666667
"440111","0129",0.0666666666666667
"440111","0130",0.0666666666666667
"440111","0210",0.0666666666666667
"440111","0220",0.0666666666666667
"440111","0230",0.0666666666666667
"440111","0240",0.0666666666666667
"440111","1102",0.0666666666666667
"440112","0121",0.0666666666666667
"440112","0122",0.0666666666666667
"440112","0123",0.0666666666666667
"440112","0124",0.0666666666666667
"440112","0125",0.0666666666666667
"440112","0126",0.0666666666666667
"440112","0127",0.0666666666666667
"440112","0128",0.0666666666666667
"440112","0129",0.0666666666666667
"440112","0130",0.0666666666666667
"440112","0210",0.0666666666666667
"440112","0220",0.0666666666666667
"440112","0230",0.0666666666666667
"440112","0240",0.0666666666666667
"440112","1102",0.0666666666666667
"440121","1610",1
"440122","1610",1
"440210","1910",0.5
"440210","2011",0.5
"440220","1910",0.5
"440220","2011",0.5
"440290","1910",0.5
"440290","2011",0.5
"440311","1610",1
"440312","1610",1
"440321","0121",0.0666666666666667
"440321","0122",0.0666666666666667
"440321","0123",0.0666666666666667
"440321","0124",0.0666666666666667
"440321","0125",0.0666666666666667
"440321","0126",0.0666666666666667
"440321","0127",0.0666666666666667
"440321","0128",0.0666666666666667
"440321","0129",0.0666666666666667
"440321","0130",0.0666666666666667
"440321","0210",0.0666666666666667
"440321","0220",0.0666666666666667
"440321","0230",0.0666666666666667
"440321","0240",0.0666666666666667
"440321","1102",0.0666666666666667
"440322","0121",0.0666666666666667
"440322","0122",0.0666666666666667
"440322","0123",0.0666666666666667
"440322","0124",0.0666666666666667
"440322","0125",0.0666666666666667
"440322","0126",0.0666666666666667
"440322","0127",0.0666666666666667
"440322","0128",0.0666666666666667
"440322","0129",0.0666666666666667
"440322","0130",0.0666666666666667
"440322","0210",0.0666666666666667
"440322","0220",0.0666666666666667
"440322","0230",0.0666666666666667
"440322","0240",0.0666666666666667
"440322","1102",0.0666666666666667
"440323","0121",0.0666666666666667
"440323","0122",0.0666666666666667
"440323","0123",0.0666666666666667
"440323","0124",0.0666666666666667
"440323","0125",0.0666666666666667
"440323","0126",0.0666666666666667
"440323","0127",0.0666666666666667
"440323","0128",0.0666666666666667
"440323","0129",0.0666666666666667
"440323","0130",0.0666666666666667
"440323","0210",0.0666666666666667
"440323","0220",0.0666666666666667
"440323","0230",0.0666666666666667
"440323","0240",0.0666666666666667
"440323","1102",0.0666666666666667
"440324","0121",0.0666666666666667
"440324","0122",0.0666666666666667
"440324","0123",0.0666666666666667
"440324","0124",0.0666666666666667
"440324","0125",0.0666666666666667
"440324","0126",0.0666666666666667
"440324","0127",0.0666666666666667
"440324","0128",0.0666666666666667
"440324","0129",0.0666666666666667
"440324","0130",0.0666666666666667
"440324","0210",0.0666666666666667
"440324","0220",0.0666666666666667
"440324","0230",0.0666666666666667
"440324","0240",0.0666666666666667
"440324","1102",0.0666666666666667
"440325","0121",0.0666666666666667
"440325","0122",0.0666666666666667
"440325","0123",0.0666666666666667
"440325","0124",0.0666666666666667
"440325","0125",0.0666666666666667
"440325","0126",0.0666666666666667
"440325","0127",0.0666666666666667
"440325","0128",0.0666666666666667
"440325","0129",0.0666666666666667
"440325","0130",0.0666666666666667
"440325","0210",0.0666666666666667
"440325","0220",0.0666666666666667
"440325","0230",0.0666666666666667
"440325","0240",0.0666666666666667
"440325","1102",0.0666666666666667
"440326","0121",0.0666666666666667
"440326","0122",0.0666666666666667
"440326","0123",0.0666666666666667
"440326","0124",0.0666666666666667
"440326","0125",0.0666666666666667
"440326","0126",0.0666666666666667
"440326","0127",0.0666666666666667
"440326","0128",0.0666666666666667
"440326","0129",0.0666666666666667
"440326","0130",0.0666666666666667
"440326","0210",0.0666666666666667
"440326","0220",0.0666666666666667
"440326","0230",0.0666666666666667
"440326","0240",0.0666666666666667
"440326","1102",0.0666666666666667
"440341","0121",0.0666666666666667
"440341","0122",0.0666666666666667
"440341","0123",0.0666666666666667
"440341","0124",0.0666666666666667
"440341","0125",0.0666666666666667
"440341","0126",0.0666666666666667
"440341","0127",0.0666666666666667
"440341","0128",0.0666666666666667
"440341","0129",0.0666666666666667
"440341","0130",0.0666666666666667
"440341","0210",0.0666666666666667
"440341","0220",0.0666666666666667
"440341","0230",0.0666666666666667
"440341","0240",0.0666666666666667
"440341","1102",0.0666666666666667
"440342","0121",0.0666666666666667
"440342","0122",0.0666666666666667
"440342","0123",0.0666666666666667
"440342","0124",0.0666666666666667
"440342","0125",0.0666666666666667
"440342","0126",0.0666666666666667
"440342","0127",0.0666666666666667
"440342","0128",0.0666666666666667
"440342","0129",0.0666666666666667
"440342","0130",0.0666666666666667
"440342","0210",0.0666666666666667
"440342","0220",0.0666666666666667
"440342","0230",0.0666666666666667
"440342","0240",0.0666666666666667
"440342","1102",0.0666666666666667
"440349","0121",0.0666666666666667
"440349","0122",0.0666666666666667
"440349","0123",0.0666666666666667
"440349","0124",0.0666666666666667
"440349","0125",0.0666666666666667
"440349","0126",0.0666666666666667
"440349","0127",0.0666666666666667
"440349","0128",0.0666666666666667
"440349","0129",0.0666666666666667
"440349","0130",0.0666666666666667
"440349","0210",0.0666666666666667
"440349","0220",0.0666666666666667
"440349","0230",0.0666666666666667
"440349","0240",0.0666666666666667
"440349","1102",0.0666666666666667
"440391","0121",0.0666666666666667
"440391","0122",0.0666666666666667
"440391","0123",0.0666666666666667
"440391","0124",0.0666666666666667
"440391","0125",0.0666666666666667
"440391","0126",0.0666666666666667
"440391","0127",0.0666666666666667
"440391","0128",0.0666666666666667
"440391","0129",0.0666666666666667
"440391","0130",0.0666666666666667
"440391","0210",0.0666666666666667
"440391","0220",0.0666666666666667
"440391","0230",0.0666666666666667
"440391","0240",0.0666666666666667
"440391","1102",0.0666666666666667
"440393","0121",0.0666666666666667
"440393","0122",0.0666666666666667
"440393","0123",0.0666666666666667
"440393","0124",0.0666666666666667
"440393","0125",0.0666666666666667
"440393","0126",0.0666666666666667
"440393","0127",0.0666666666666667
"440393","0128",0.0666666666666667
"440393","0129",0.0666666666666667
"440393","0130",0.0666666666666667
"440393","0210",0.0666666666666667
"440393","0220",0.0666666666666667
"440393","0230",0.0666666666666667
"440393","0240",0.0666666666666667
"440393","1102",0.0666666666666667
"440394","0121",0.0666666666666667
"440394","0122",0.0666666666666667
"440394","0123",0.0666666666666667
"440394","0124",0.0666666666666667
"440394","0125",0.0666666666666667
"440394","0126",0.0666666666666667
"440394","0127",0.0666666666666667
"440394","0128",0.0666666666666667
"440394","0129",0.0666666666666667
"440394","0130",0.0666666666666667
"440394","0210",0.0666666666666667
"440394","0220",0.0666666666666667
"440394","0230",0.0666666666666667
"440394","0240",0.0666666666666667
"440394","1102",0.0666666666666667
"440395","0121",0.0666666666666667
"440395","0122",0.0666666666666667
"440395","0123",0.0666666666666667
"440395","0124",0.0666666666666667
"440395","0125",0.0666666666666667
"440395","0126",0.0666666666666667
"440395","0127",0.0666666666666667
"440395","0128",0.0666666666666667
"440395","0129",0.0666666666666667
"440395","0130",0.0666666666666667
"440395","0210",0.0666666666666667
"440395","0220",0.0666666666666667
"440395","0230",0.0666666666666667
"440395","0240",0.0666666666666667
"440395","1102",0.0666666666666667
"440396","0121",0.0666666666666667
"440396","0122",0.0666666666666667
"440396","0123",0.0666666666666667
"440396","0124",0.0666666666666667
"440396","0125",0.0666666666666667
"440396","0126",0.0666666666666667
"440396","0127",0.0666666666666667
"440396","0128",0.0666666666666667
"440396","0129",0.0666666666666667
"440396","0130",0.0666666666666667
"440396","0210",0.0666666666666667
"440396","0220",0.0666666666666667
"440396","0230",0.0666666666666667
"440396","0240",0.0666666666666667
"440396","1102",0.0666666666666667
"440397","0121",0.0666666666666667
"440397","0122",0.0666666666666667
"440397","0123",0.0666666666666667
"440397","0124",0.0666666666666667
"440397","0125",0.0666666666666667
"440397","0126",0.0666666666666667
"440397","0127",0.0666666666666667
"440397","0128",0.0666666666666667
"440397","0129",0.0666666666666667
"440397","0130",0.0666666666666667
"440397","0210",0.0666666666666667
"440397","0220",0.0666666666666667
"440397","0230",0.0666666666666667
"440397","0240",0.0666666666666667
"440397","1102",0.0666666666666667
"440398","0121",0.0666666666666667
"440398","0122",0.0666666666666667
"440398","0123",0.0666666666666667
"440398","0124",0.0666666666666667
"440398","0125",0.0666666666666667
"440398","0126",0.0666666666666667
"440398","0127",0.0666666666666667
"440398","0128",0.0666666666666667
"440398","0129",0.0666666666666667
"440398","0130",0.0666666666666667
"440398","0210",0.0666666666666667
"440398","0220",0.0666666666666667
"440398","0230",0.0666666666666667
"440398","0240",0.0666666666666667
"440398","1102",0.0666666666666667
"440399","0121",0.0666666666666667
"440399","0122",0.0666666666666667
"440399","0123",0.0666666666666667
"440399","0124",0.0666666666666667
"440399","0125",0.0666666666666667
"440399","0126",0.0666666666666667
"440399","0127",0.0666666666666667
"440399","0128",0.0666666666666667
"440399","0129",0.0666666666666667
"440399","0130",0.0666666666666667
"440399","0210",0.0666666666666667
"440399","0220",0.0666666666666667
"440399","0230",0.0666666666666667
"440399","0240",0.0666666666666667
"440399","1102",0.0666666666666667
"440410","0121",0.0666666666666667
"440410","0122",0.0666666666666667
"440410","0123",0.0666666666666667
"440410","0124",0.0666666666666667
"440410","0125",0.0666666666666667
"440410","0126",0.0666666666666667
"440410","0127",0.0666666666666667
"440410","0128",0.0666666666666667
"440410","0129",0.0666666666666667
"440410","0130",0.0666666666666667
"440410","0210",0.0666666666666667
"440410","0220",0.0666666666666667
"440410","0230",0.0666666666666667
"440410","0240",0.0666666666666667
"440410","1102",0.0666666666666667
"440420","0121",0.0666666666666667
"440420","0122",0.0666666666666667
"440420","0123",0.0666666666666667
"440420","0124",0.0666666666666667
"440420","0125",0.0666666666666667
"440420","0126",0.0666666666666667
"440420","0127",0.0666666666666667
"440420","0128",0.0666666666666667
"440420","0129",0.0666666666666667
"440420","0130",0.0666666666666667
"440420","0210",0.0666666666666667
"440420","0220",0.0666666666666667
"440420","0230",0.0666666666666667
"440420","0240",0.0666666666666667
"440420","1102",0.0666666666666667
"440500","1610",1
"440611","1610",1
"440612","1610",1
"440691","1610",1
"440692","1610",1
"440711","1610",1
"440712","1610",1
"440713","1610",1
"440714","1610",1
"440719","1610",1
"440721","1610",1
"440722","1610",1
"440723","1610",1
"440725","1610",1
"440726","1610",1
"440727","1610",1
"440728","1610",1
"440729","1610",1
"440791","1610",1
"440792","1610",1
"440793","1610",1
"440794","1610",1
"440795","1610",1
"440796","1610",1
"440797","1610",1
"440799","1610",1
"440810","1621",1
"440831","1621",1
"440839","1621",1
"440890","1621",1
"440910","1610",1
"440921","1610",1
"440922","1610",1
"440929","1610",1
"441011","1621",1
"441012","1621",1
"441019","1621",1
"441090","1621",1
"441112","1621",1
"441113","1621",1
"441114","1621",1
"441192","1621",1
"441193","1621",1
"441194","1621",1
"441210","1621",1
"441231","1621",1
"441233","1621",1
"441234","1621",1
"441239","1621",1
"441241","1621",1
"441242","1621",1
"441249","1621",1
"441251","1621",1
"441252","1621",1
"441259","1621",1
"441291","1621",1
"441292","1621",1
"441299","1621",1
"441300","1621",1
"441410","1629",0.333333333333333
"441410","3290",0.333333333333333
"441410","3319",0.333333333333333
"441490","1629",0.333333333333333
"441490","3290",0.333333333333333
"441490","3319",0.333333333333333
"441510","1623",0.5
"441510","3319",0.5
"441520","1623",0.5
"441520","3319",0.5
"441600","1623",0.5
"441600","3319",0.5
"441700","1629",0.333333333333333
"441700","3290",0.333333333333333
"441700","3319",0.333333333333333
"441811","1622",1
"441819","1622",1
"441821","1622",1
"441829","1622",1
"441830","1622",1
"441840","1622",1
"441850","1622",1
"441873","1622",1
"441874","1622",1
"441875","1622",1
"441879","1622",1
"441881","1622",1
"441882","1622",1
"441883","1622",1
"441889","1622",1
"441891","1622",1
"441892","1622",1
"441899","1622",1
"441911","1629",0.333333333333333
"441911","3290",0.333333333333333
"441911","3319",0.333333333333333
"441912","1629",0.333333333333333
"441912","3290",0.333333333333333
"441912","3319",0.333333333333333
"441919","1629",0.333333333333333
"441919","3290",0.333333333333333
"441919","3319",0.333333333333333
"441920","1629",0.333333333333333
"441920","3290",0.333333333333333
"441920","3319",0.333333333333333
"441990","1629",0.333333333333333
"441990","3290",0.333333333333333
"441990","3319",0.333333333333333
"442011","1629",0.333333333333333
"442011","3290",0.333333333333333
"442011","3319",0.333333333333333
"442019","1629",0.333333333333333
"442019","3290",0.333333333333333
"442019","3319",0.333333333333333
"442090","1629",0.333333333333333
"442090","3290",0.333333333333333
"442090","3319",0.333333333333333
"442110","1629",0.333333333333333
"442110","3290",0.333333333333333
"442110","3319",0.333333333333333
"442120","1629",0.333333333333333
"442120","3290",0.333333333333333
"442120","3319",0.333333333333333
"442191","1629",0.333333333333333
"442191","3290",0.333333333333333
"442191","3319",0.333333333333333
"442199","1629",0.333333333333333
"442199","3290",0.333333333333333
"442199","3319",0.333333333333333
"450110","0121",0.0666666666666667
"450110","0122",0.0666666666666667
"450110","0123",0.0666666666666667
"450110","0124",0.0666666666666667
"450110","0125",0.0666666666666667
"450110","0126",0.0666666666666667
"450110","0127",0.0666666666666667
"450110","0128",0.0666666666666667
"450110","0129",0.0666666666666667
"450110","0130",0.0666666666666667
"450110","0210",0.0666666666666667
"450110","0220",0.0666666666666667
"450110","0230",0.0666666666666667
"450110","0240",0.0666666666666667
"450110","1102",0.0666666666666667
"450190","1629",0.333333333333333
"450190","3290",0.333333333333333
"450190","3319",0.333333333333333
"450200","1629",0.333333333333333
"450200","3290",0.333333333333333
"450200","3319",0.333333333333333
"450310","1629",0.333333333333333
"450310","3290",0.333333333333333
"450310","3319",0.333333333333333
"450390","1629",0.333333333333333
"450390","3290",0.333333333333333
"450390","3319",0.333333333333333
"450410","1629",0.333333333333333
"450410","3290",0.333333333333333
"450410","3319",0.333333333333333
"450490","1629",0.333333333333333
"450490","3290",0.333333333333333
"450490","3319",0.333333333333333
"460121","1629",0.333333333333333
"460121","3290",0.333333333333333
"460121","3319",0.333333333333333
"460122","1629",0.333333333333333
"460122","3290",0.333333333333333
"460122","3319",0.333333333333333
"460129","1629",0.333333333333333
"460129","3290",0.333333333333333
"460129","3319",0.333333333333333
"460192","1629",0.333333333333333
"460192","3290",0.333333333333333
"460192","3319",0.333333333333333
"460193","1629",0.333333333333333
"460193","3290",0.333333333333333
"460193","3319",0.333333333333333
"460194","1629",0.333333333333333
"460194","3290",0.333333333333333
"460194","3319",0.333333333333333
"460199","1629",0.333333333333333
"460199","3290",0.333333333333333
"460199","3319",0.333333333333333
"460211","1629",0.333333333333333
"460211","3290",0.333333333333333
"460211","3319",0.333333333333333
"460212","1629",0.333333333333333
"460212","3290",0.333333333333333
"460212","3319",0.333333333333333
"460219","1629",0.333333333333333
"460219","3290",0.333333333333333
"460219","3319",0.333333333333333
"460290","1629",0.333333333333333
"460290","3290",0.333333333333333
"460290","3319",0.333333333333333
"470100","1701",1
"470200","1701",1
"470311","1701",1
"470319","1701",1
"470321","1701",1
"470329","1701",1
"470411","1701",1
"470419","1701",1
"470421","1701",1
"470429","1701",1
"470500","1701",1
"470610","1701",1
"470620","1701",1
"470630","1701",1
"470691","1701",1
"470692","1701",1
"470693","1701",1
"480100","1701",1
"480210","1701",1
"480220","1701",1
"480240","1701",1
"480254","1701",1
"480255","1701",1
"480256","1701",1
"480257","1701",1
"480258","1701",1
"480261","1701",1
"480262","1701",1
"480269","1701",1
"480300","1701",1
"480411","1701",1
"480419","1701",1
"480421","1701",1
"480429","1701",1
"480431","1701",1
"480439","1701",1
"480441","1701",1
"480442","1701",1
"480449","1701",1
"480451","1701",1
"480452","1701",1
"480459","1701",1
"480511","1701",1
"480512","1701",1
"480519","1701",1
"480524","1701",1
"480525","1701",1
"480530","1701",1
"480540","1701",1
"480550","1701",1
"480591","1701",1
"480592","1701",1
"480593","1701",1
"480610","1701",1
"480620","1701",1
"480630","1701",1
"480640","1701",1
"480700","1701",1
"480810","1702",1
"480840","1701",1
"480890","1701",1
"480920","1701",1
"480990","1701",1
"481013","1701",1
"481014","1701",1
"481019","1701",1
"481022","1701",1
"481029","1701",1
"481031","1701",1
"481032","1701",1
"481039","1701",1
"481092","1701",1
"481099","1701",1
"481110","1701",1
"481141","1701",1
"481149","1701",1
"481151","1701",1
"481159","1701",1
"481160","1701",1
"481190","1701",1
"481200","1709",0.333333333333333
"481200","1811",0.333333333333333
"481200","2220",0.333333333333333
"481310","1709",0.333333333333333
"481310","1811",0.333333333333333
"481310","2220",0.333333333333333
"481320","1709",0.333333333333333
"481320","1811",0.333333333333333
"481320","2220",0.333333333333333
"481390","1701",1
"481420","1709",0.333333333333333
"481420","1811",0.333333333333333
"481420","2220",0.333333333333333
"481490","1709",0.333333333333333
"481490","1811",0.333333333333333
"481490","2220",0.333333333333333
"481620","1709",0.333333333333333
"481620","1811",0.333333333333333
"481620","2220",0.333333333333333
"481690","1709",0.333333333333333
"481690","1811",0.333333333333333
"481690","2220",0.333333333333333
"481710","1709",0.333333333333333
"481710","1811",0.333333333333333
"481710","2220",0.333333333333333
"481720","1709",0.333333333333333
"481720","1811",0.333333333333333
"481720","2220",0.333333333333333
"481730","1709",0.333333333333333
"481730","1811",0.333333333333333
"481730","2220",0.333333333333333
"481810","1709",0.333333333333333
"481810","1811",0.333333333333333
"481810","2220",0.333333333333333
"481820","1709",0.333333333333333
"481820","1811",0.333333333333333
"481820","2220",0.333333333333333
"481830","1709",0.333333333333333
"481830","1811",0.333333333333333
"481830","2220",0.333333333333333
"481850","1709",0.333333333333333
"481850","1811",0.333333333333333
"481850","2220",0.333333333333333
"481890","1709",0.333333333333333
"481890","1811",0.333333333333333
"481890","2220",0.333333333333333
"481910","1702",1
"481920","1702",1
"481930","1702",1
"481940","1702",1
"481950","1702",1
"481960","1702",1
"482010","1709",0.5
"482010","1811",0.5
"482020","1709",0.5
"482020","1811",0.5
"482030","1709",0.5
"482030","1811",0.5
"482040","1709",0.5
"482040","1811",0.5
"482050","1709",0.5
"482050","1811",0.5
"482090","1709",0.5
"482090","1811",0.5
"482110","1709",0.333333333333333
"482110","1811",0.333333333333333
"482110","2220",0.333333333333333
"482190","1709",0.333333333333333
"482190","1811",0.333333333333333
"482190","2220",0.333333333333333
"482210","1709",0.333333333333333
"482210","1811",0.333333333333333
"482210","2220",0.333333333333333
"482290","1709",0.333333333333333
"482290","1811",0.333333333333333
"482290","2220",0.333333333333333
"482320","1709",0.333333333333333
"482320","1811",0.333333333333333
"482320","2220",0.333333333333333
"482340","1709",0.333333333333333
"482340","1811",0.333333333333333
"482340","2220",0.333333333333333
"482361","1709",0.333333333333333
"482361","1811",0.333333333333333
"482361","2220",0.333333333333333
"482369","1709",0.333333333333333
"482369","1811",0.333333333333333
"482369","2220",0.333333333333333
"482370","1709",0.333333333333333
"482370","1811",0.333333333333333
"482370","2220",0.333333333333333
"482390","1709",0.333333333333333
"482390","1811",0.333333333333333
"482390","2220",0.333333333333333
"490110","3290",0.25
"490110","5811",0.25
"490110","5812",0.25
"490110","5920",0.25
"490191","3290",0.25
"490191","5811",0.25
"490191","5812",0.25
"490191","5920",0.25
"490199","3290",0.25
"490199","5811",0.25
"490199","5812",0.25
"490199","5920",0.25
"490210","5813",1
"490290","5813",1
"490300","3290",0.25
"490300","5811",0.25
"490300","5812",0.25
"490300","5920",0.25
"490400","3290",0.25
"490400","5811",0.25
"490400","5812",0.25
"490400","5920",0.25
"490520","3290",0.25
"490520","5811",0.25
"490520","5812",0.25
"490520","5920",0.25
"490590","3290",0.25
"490590","5811",0.25
"490590","5812",0.25
"490590","5920",0.25
"490600","0910",0.2
"490600","0990",0.2
"490600","7110",0.2
"490600","7410",0.2
"490600","7490",0.2
"490700","5813",0.5
"490700","5819",0.5
"490810","5813",0.5
"490810","5819",0.5
"490890","5813",0.5
"490890","5819",0.5
"490900","5813",0.5
"490900","5819",0.5
"491000","5813",0.5
"491000","5819",0.5
"491110","1709",0.5
"491110","1811",0.5
"491191","5813",0.5
"491191","5819",0.5
"491199","5813",0.5
"491199","5819",0.5
"500100","0143",0.166666666666667
"500100","0145",0.166666666666667
"500100","0146",0.166666666666667
"500100","0149",0.166666666666667
"500100","0321",0.166666666666667
"500100","0322",0.166666666666667
"500200","1311",0.5
"500200","1312",0.5
"500300","1311",0.5
"500300","1312",0.5
"500400","1311",0.5
"500400","1312",0.5
"500500","1311",0.5
"500500","1312",0.5
"500600","1311",0.5
"500600","1312",0.5
"500710","1311",0.5
"500710","1312",0.5
"500720","1311",0.5
"500720","1312",0.5
"500790","1311",0.5
"500790","1312",0.5
"510111","0141",0.333333333333333
"510111","0142",0.333333333333333
"510111","0144",0.333333333333333
"510119","1010",1
"510121","1311",0.5
"510121","1312",0.5
"510129","1311",0.5
"510129","1312",0.5
"510130","1311",0.5
"510130","1312",0.5
"510211","0143",0.166666666666667
"510211","0145",0.166666666666667
"510211","0146",0.166666666666667
"510211","0149",0.166666666666667
"510211","0321",0.166666666666667
"510211","0322",0.166666666666667
"510219","0143",0.166666666666667
"510219","0145",0.166666666666667
"510219","0146",0.166666666666667
"510219","0149",0.166666666666667
"510219","0321",0.166666666666667
"510219","0322",0.166666666666667
"510220","0143",0.166666666666667
"510220","0145",0.166666666666667
"510220","0146",0.166666666666667
"510220","0149",0.166666666666667
"510220","0321",0.166666666666667
"510220","0322",0.166666666666667
"510310","1311",0.5
"510310","1312",0.5
"510510","1311",0.5
"510510","1312",0.5
"510521","1311",0.5
"510521","1312",0.5
"510529","1311",0.5
"510529","1312",0.5
"510531","1311",0.5
"510531","1312",0.5
"510539","1311",0.5
"510539","1312",0.5
"510540","1311",0.5
"510540","1312",0.5
"510610","1311",0.5
"510610","1312",0.5
"510620","1311",0.5
"510620","1312",0.5
"510710","1311",0.5
"510710","1312",0.5
"510720","1311",0.5
"510720","1312",0.5
"510810","1311",0.5
"510810","1312",0.5
"510820","1311",0.5
"510820","1312",0.5
"510910","1311",0.5
"510910","1312",0.5
"510990","1311",0.5
"510990","1312",0.5
"511000","1311",0.5
"511000","1312",0.5
"511111","1311",0.5
"511111","1312",0.5
"511119","1311",0.5
"511119","1312",0.5
"511120","1311",0.5
"511120","1312",0.5
"511130","1311",0.5
"511130","1312",0.5
"511190","1311",0.5
"511190","1312",0.5
"511211","1311",0.5
"511211","1312",0.5
"511219","1311",0.5
"511219","1312",0.5
"511220","1311",0.5
"511220","1312",0.5
"511230","1311",0.5
"511230","1312",0.5
"511290","1311",0.5
"511290","1312",0.5
"511300","1311",0.5
"511300","1312",0.5
"520100","0111",0.0909090909090909
"520100","0112",0.0909090909090909
"520100","0113",0.0909090909090909
"520100","0114",0.0909090909090909
"520100","0115",0.0909090909090909
"520100","0116",0.0909090909090909
"520100","0119",0.0909090909090909
"520100","0126",0.0909090909090909
"520100","0128",0.0909090909090909
"520100","0129",0.0909090909090909
"520100","0163",0.0909090909090909
"520300","1311",0.5
"520300","1312",0.5
"520411","1311",0.5
"520411","1312",0.5
"520419","1311",0.5
"520419","1312",0.5
"520420","1311",0.5
"520420","1312",0.5
"520511","1311",0.5
"520511","1312",0.5
"520512","1311",0.5
"520512","1312",0.5
"520513","1311",0.5
"520513","1312",0.5
"520514","1311",0.5
"520514","1312",0.5
"520515","1311",0.5
"520515","1312",0.5
"520521","1311",0.5
"520521","1312",0.5
"520522","1311",0.5
"520522","1312",0.5
"520523","1311",0.5
"520523","1312",0.5
"520524","1311",0.5
"520524","1312",0.5
"520526","1311",0.5
"520526","1312",0.5
"520527","1311",0.5
"520527","1312",0.5
"520528","1311",0.5
"520528","1312",0.5
"520531","1311",0.5
"520531","1312",0.5
"520532","1311",0.5
"520532","1312",0.5
"520533","1311",0.5
"520533","1312",0.5
"520534","1311",0.5
"520534","1312",0.5
"520535","1311",0.5
"520535","1312",0.5
"520541","1311",0.5
"520541","1312",0.5
"520542","1311",0.5
"520542","1312",0.5
"520543","1311",0.5
"520543","1312",0.5
"520544","1311",0.5
"520544","1312",0.5
"520546","1311",0.5
"520546","1312",0.5
"520547","1311",0.5
"520547","1312",0.5
"520548","1311",0.5
"520548","1312",0.5
"520611","1311",0.5
"520611","1312",0.5
"520612","1311",0.5
"520612","1312",0.5
"520613","1311",0.5
"520613","1312",0.5
"520614","1311",0.5
"520614","1312",0.5
"520615","1311",0.5
"520615","1312",0.5
"520621","1311",0.5
"520621","1312",0.5
"520622","1311",0.5
"520622","1312",0.5
"520623","1311",0.5
"520623","1312",0.5
"520624","1311",0.5
"520624","1312",0.5
"520625","1311",0.5
"520625","1312",0.5
"520631","1311",0.5
"520631","1312",0.5
"520632","1311",0.5
"520632","1312",0.5
"520633","1311",0.5
"520633","1312",0.5
"520634","1311",0.5
"520634","1312",0.5
"520635","1311",0.5
"520635","1312",0.5
"520641","1311",0.5
"520641","1312",0.5
"520642","1311",0.5
"520642","1312",0.5
"520643","1311",0.5
"520643","1312",0.5
"520644","1311",0.5
"520644","1312",0.5
"520645","1311",0.5
"520645","1312",0.5
"520710","1311",0.5
"520710","1312",0.5
"520790","1311",0.5
"520790","1312",0.5
"520811","1311",0.5
"520811","1312",0.5
"520812","1311",0.5
"520812","1312",0.5
"520813","1311",0.5
"520813","1312",0.5
"520819","1311",0.5
"520819","1312",0.5
"520821","1311",0.5
"520821","1312",0.5
"520822","1311",0.5
"520822","1312",0.5
"520823","1311",0.5
"520823","1312",0.5
"520829","1311",0.5
"520829","1312",0.5
"520831","1311",0.5
"520831","1312",0.5
"520832","1311",0.5
"520832","1312",0.5
"520833","1311",0.5
"520833","1312",0.5
"520839","1311",0.5
"520839","1312",0.5
"520841","1311",0.5
"520841","1312",0.5
"520842","1311",0.5
"520842","1312",0.5
"520843","1311",0.5
"520843","1312",0.5
"520849","1311",0.5
"520849","1312",0.5
"520851","1311",0.5
"520851","1312",0.5
"520852","1311",0.5
"520852","1312",0.5
"520859","1311",0.5
"520859","1312",0.5
"520911","1311",0.5
"520911","1312",0.5
"520912","1311",0.5
"520912","1312",0.5
"520919","1311",0.5
"520919","1312",0.5
"520921","1311",0.5
"520921","1312",0.5
"520922","1311",0.5
"520922","1312",0.5
"520929","1311",0.5
"520929","1312",0.5
"520931","1311",0.5
"520931","1312",0.5
"520932","1311",0.5
"520932","1312",0.5
"520939","1311",0.5
"520939","1312",0.5
"520941","1311",0.5
"520941","1312",0.5
"520942","1311",0.5
"520942","1312",0.5
"520943","1311",0.5
"520943","1312",0.5
"520949","1311",0.5
"520949","1312",0.5
"520951","1311",0.5
"520951","1312",0.5
"520952","1311",0.5
"520952","1312",0.5
"520959","1311",0.5
"520959","1312",0.5
"521011","1311",0.5
"521011","1312",0.5
"521019","1311",0.5
"521019","1312",0.5
"521021","1311",0.5
"521021","1312",0.5
"521029","1311",0.5
"521029","1312",0.5
"521031","1311",0.5
"521031","1312",0.5
"521032","1311",0.5
"521032","1312",0.5
"521039","1311",0.5
"521039","1312",0.5
"521041","1311",0.5
"521041","1312",0.5
"521049","1311",0.5
"521049","1312",0.5
"521051","1311",0.5
"521051","1312",0.5
"521059","1311",0.5
"521059","1312",0.5
"521111","1311",0.5
"521111","1312",0.5
"521112","1311",0.5
"521112","1312",0.5
"521119","1311",0.5
"521119","1312",0.5
"521120","1311",0.5
"521120","1312",0.5
"521131","1311",0.5
"521131","1312",0.5
"521132","1311",0.5
"521132","1312",0.5
"521139","1311",0.5
"521139","1312",0.5
"521141","1311",0.5
"521141","1312",0.5
"521142","1311",0.5
"521142","1312",0.5
"521143","1311",0.5
"521143","1312",0.5
"521149","1311",0.5
"521149","1312",0.5
"521151","1311",0.5
"521151","1312",0.5
"521152","1311",0.5
"521152","1312",0.5
"521159","1311",0.5
"521159","1312",0.5
"521211","1311",0.5
"521211","1312",0.5
"521212","1311",0.5
"521212","1312",0.5
"521213","1311",0.5
"521213","1312",0.5
"521214","1311",0.5
"521214","1312",0.5
"521215","1311",0.5
"521215","1312",0.5
"521221","1311",0.5
"521221","1312",0.5
"521222","1311",0.5
"521222","1312",0.5
"521223","1311",0.5
"521223","1312",0.5
"521224","1311",0.5
"521224","1312",0.5
"521225","1311",0.5
"521225","1312",0.5
"530110","0111",0.0909090909090909
"530110","0112",0.0909090909090909
"530110","0113",0.0909090909090909
"530110","0114",0.0909090909090909
"530110","0115",0.0909090909090909
"530110","0116",0.0909090909090909
"530110","0119",0.0909090909090909
"530110","0126",0.0909090909090909
"530110","0128",0.0909090909090909
"530110","0129",0.0909090909090909
"530110","0163",0.0909090909090909
"530121","1311",0.5
"530121","1312",0.5
"530129","1311",0.5
"530129","1312",0.5
"530130","1311",0.5
"530130","1312",0.5
"530210","0111",0.0909090909090909
"530210","0112",0.0909090909090909
"530210","0113",0.0909090909090909
"530210","0114",0.0909090909090909
"530210","0115",0.0909090909090909
"530210","0116",0.0909090909090909
"530210","0119",0.0909090909090909
"530210","0126",0.0909090909090909
"530210","0128",0.0909090909090909
"530210","0129",0.0909090909090909
"530210","0163",0.0909090909090909
"530290","1311",0.5
"530290","1312",0.5
"530310","0111",0.0909090909090909
"530310","0112",0.0909090909090909
"530310","0113",0.0909090909090909
"530310","0114",0.0909090909090909
"530310","0115",0.0909090909090909
"530310","0116",0.0909090909090909
"530310","0119",0.0909090909090909
"530310","0126",0.0909090909090909
"530310","0128",0.0909090909090909
"530310","0129",0.0909090909090909
"530310","0163",0.0909090909090909
"530390","1311",0.5
"530390","1312",0.5
"530500","0111",0.0909090909090909
"530500","0112",0.0909090909090909
"530500","0113",0.0909090909090909
"530500","0114",0.0909090909090909
"530500","0115",0.0909090909090909
"530500","0116",0.0909090909090909
"530500","0119",0.0909090909090909
"530500","0126",0.0909090909090909
"530500","0128",0.0909090909090909
"530500","0129",0.0909090909090909
"530500","0163",0.0909090909090909
"530610","1311",0.5
"530610","1312",0.5
"530620","1311",0.5
"530620","1312",0.5
"530710","1311",0.5
"530710","1312",0.5
"530720","1311",0.5
"530720","1312",0.5
"530810","1311",0.5
"530810","1312",0.5
"530820","1311",0.5
"530820","1312",0.5
"530890","1311",0.5
"530890","1312",0.5
"530911","1311",0.5
"530911","1312",0.5
"530919","1311",0.5
"530919","1312",0.5
"530921","1311",0.5
"530921","1312",0.5
"530929","1311",0.5
"530929","1312",0.5
"531010","1311",0.5
"531010","1312",0.5
"531090","1311",0.5
"531090","1312",0.5
"531100","1311",0.5
"531100","1312",0.5
"540110","1311",0.5
"540110","1312",0.5
"540120","1311",0.5
"540120","1312",0.5
"540211","2030",1
"540219","2030",1
"540220","2030",1
"540231","2030",1
"540232","2030",1
"540233","2030",1
"540234","2030",1
"540239","2030",1
"540244","2030",1
"540245","2030",1
"540246","2030",1
"540247","2030",1
"540248","2030",1
"540249","2030",1
"540251","2030",1
"540252","2030",1
"540253","2030",1
"540259","2030",1
"540261","1311",0.5
"540261","1312",0.5
"540262","1311",0.5
"540262","1312",0.5
"540263","1311",0.5
"540263","1312",0.5
"540269","1311",0.5
"540269","1312",0.5
"540310","2030",1
"540331","2030",1
"540332","2030",1
"540333","2030",1
"540339","2030",1
"540341","1311",0.5
"540341","1312",0.5
"540342","1311",0.5
"540342","1312",0.5
"540349","1311",0.5
"540349","1312",0.5
"540411","2030",1
"540412","2030",1
"540419","2030",1
"540490","2030",1
"540500","2030",1
"540600","1311",0.5
"540600","1312",0.5
"540710","1311",0.5
"540710","1312",0.5
"540720","1311",0.5
"540720","1312",0.5
"540730","1311",0.5
"540730","1312",0.5
"540741","1311",0.5
"540741","1312",0.5
"540742","1311",0.5
"540742","1312",0.5
"540743","1311",0.5
"540743","1312",0.5
"540744","1311",0.5
"540744","1312",0.5
"540751","1311",0.5
"540751","1312",0.5
"540752","1311",0.5
"540752","1312",0.5
"540753","1311",0.5
"540753","1312",0.5
"540754","1311",0.5
"540754","1312",0.5
"540761","1311",0.5
"540761","1312",0.5
"540769","1311",0.5
"540769","1312",0.5
"540771","1311",0.5
"540771","1312",0.5
"540772","1311",0.5
"540772","1312",0.5
"540773","1311",0.5
"540773","1312",0.5
"540774","1311",0.5
"540774","1312",0.5
"540781","1311",0.5
"540781","1312",0.5
"540782","1311",0.5
"540782","1312",0.5
"540783","1311",0.5
"540783","1312",0.5
"540784","1311",0.5
"540784","1312",0.5
"540791","1311",0.5
"540791","1312",0.5
"540792","1311",0.5
"540792","1312",0.5
"540793","1311",0.5
"540793","1312",0.5
"540794","1311",0.5
"540794","1312",0.5
"540810","1311",0.5
"540810","1312",0.5
"540821","1311",0.5
"540821","1312",0.5
"540822","1311",0.5
"540822","1312",0.5
"540823","1311",0.5
"540823","1312",0.5
"540824","1311",0.5
"540824","1312",0.5
"540831","1311",0.5
"540831","1312",0.5
"540832","1311",0.5
"540832","1312",0.5
"540833","1311",0.5
"540833","1312",0.5
"540834","1311",0.5
"540834","1312",0.5
"550111","2030",1
"550119","2030",1
"550120","2030",1
"550130","2030",1
"550140","2030",1
"550190","2030",1
"550210","2030",1
"550290","2030",1
"550311","2030",1
"550319","2030",1
"550320","2030",1
"550330","2030",1
"550340","2030",1
"550390","2030",1
"550410","2030",1
"550490","2030",1
"550610","1311",0.5
"550610","1312",0.5
"550620","1311",0.5
"550620","1312",0.5
"550630","1311",0.5
"550630","1312",0.5
"550640","1311",0.5
"550640","1312",0.5
"550690","1311",0.5
"550690","1312",0.5
"550700","1311",0.5
"550700","1312",0.5
"550810","1311",0.5
"550810","1312",0.5
"550820","1311",0.5
"550820","1312",0.5
"550911","1311",0.5
"550911","1312",0.5
"550912","1311",0.5
"550912","1312",0.5
"550921","1311",0.5
"550921","1312",0.5
"550922","1311",0.5
"550922","1312",0.5
"550931","1311",0.5
"550931","1312",0.5
"550932","1311",0.5
"550932","1312",0.5
"550941","1311",0.5
"550941","1312",0.5
"550942","1311",0.5
"550942","1312",0.5
"550951","1311",0.5
"550951","1312",0.5
"550952","1311",0.5
"550952","1312",0.5
"550953","1311",0.5
"550953","1312",0.5
"550959","1311",0.5
"550959","1312",0.5
"550961","1311",0.5
"550961","1312",0.5
"550962","1311",0.5
"550962","1312",0.5
"550969","1311",0.5
"550969","1312",0.5
"550991","1311",0.5
"550991","1312",0.5
"550992","1311",0.5
"550992","1312",0.5
"550999","1311",0.5
"550999","1312",0.5
"551011","1311",0.5
"551011","1312",0.5
"551012","1311",0.5
"551012","1312",0.5
"551020","1311",0.5
"551020","1312",0.5
"551030","1311",0.5
"551030","1312",0.5
"551090","1311",0.5
"551090","1312",0.5
"551110","1311",0.5
"551110","1312",0.5
"551120","1311",0.5
"551120","1312",0.5
"551130","1311",0.5
"551130","1312",0.5
"551211","1311",0.5
"551211","1312",0.5
"551219","1311",0.5
"551219","1312",0.5
"551221","1311",0.5
"551221","1312",0.5
"551229","1311",0.5
"551229","1312",0.5
"551291","1311",0.5
"551291","1312",0.5
"551299","1311",0.5
"551299","1312",0.5
"551311","1311",0.5
"551311","1312",0.5
"551312","1311",0.5
"551312","1312",0.5
"551313","1311",0.5
"551313","1312",0.5
"551319","1311",0.5
"551319","1312",0.5
"551321","1311",0.5
"551321","1312",0.5
"551323","1311",0.5
"551323","1312",0.5
"551329","1311",0.5
"551329","1312",0.5
"551331","1311",0.5
"551331","1312",0.5
"551339","1311",0.5
"551339","1312",0.5
"551341","1311",0.5
"551341","1312",0.5
"551349","1311",0.5
"551349","1312",0.5
"551411","1311",0.5
"551411","1312",0.5
"551412","1311",0.5
"551412","1312",0.5
"551419","1311",0.5
"551419","1312",0.5
"551421","1311",0.5
"551421","1312",0.5
"551422","1311",0.5
"551422","1312",0.5
"551423","1311",0.5
"551423","1312",0.5
"551429","1311",0.5
"551429","1312",0.5
"551430","1311",0.5
"551430","1312",0.5
"551441","1311",0.5
"551441","1312",0.5
"551442","1311",0.5
"551442","1312",0.5
"551443","1311",0.5
"551443","1312",0.5
"551449","1311",0.5
"551449","1312",0.5
"551511","1311",0.5
"551511","1312",0.5
"551512","1311",0.5
"551512","1312",0.5
"551513","1311",0.5
"551513","1312",0.5
"551519","1311",0.5
"551519","1312",0.5
"551521","1311",0.5
"551521","1312",0.5
"551522","1311",0.5
"551522","1312",0.5
"551529","1311",0.5
"551529","1312",0.5
"551591","1311",0.5
"551591","1312",0.5
"551599","1311",0.5
"551599","1312",0.5
"551611","1311",0.5
"551611","1312",0.5
"551612","1311",0.5
"551612","1312",0.5
"551613","1311",0.5
"551613","1312",0.5
"551614","1311",0.5
"551614","1312",0.5
"551621","1311",0.5
"551621","1312",0.5
"551622","1311",0.5
"551622","1312",0.5
"551623","1311",0.5
"551623","1312",0.5
"551624","1311",0.5
"551624","1312",0.5
"551631","1311",0.5
"551631","1312",0.5
"551632","1311",0.5
"551632","1312",0.5
"551633","1311",0.5
"551633","1312",0.5
"551634","1311",0.5
"551634","1312",0.5
"551641","1311",0.5
"551641","1312",0.5
"551642","1311",0.5
"551642","1312",0.5
"551643","1311",0.5
"551643","1312",0.5
"551644","1311",0.5
"551644","1312",0.5
"551691","1311",0.5
"551691","1312",0.5
"551692","1311",0.5
"551692","1312",0.5
"551693","1311",0.5
"551693","1312",0.5
"551694","1311",0.5
"551694","1312",0.5
"560121","1313",0.333333333333333
"560121","1399",0.333333333333333
"560121","1709",0.333333333333333
"560122","1313",0.333333333333333
"560122","1399",0.333333333333333
"560122","1709",0.333333333333333
"560129","1313",0.333333333333333
"560129","1399",0.333333333333333
"560129","1709",0.333333333333333
"560130","1313",0.333333333333333
"560130","1399",0.333333333333333
"560130","1709",0.333333333333333
"560210","1313",0.333333333333333
"560210","1399",0.333333333333333
"560210","1709",0.333333333333333
"560221","1313",0.333333333333333
"560221","1399",0.333333333333333
"560221","1709",0.333333333333333
"560229","1313",0.333333333333333
"560229","1399",0.333333333333333
"560229","1709",0.333333333333333
"560290","1313",0.333333333333333
"560290","1399",0.333333333333333
"560290","1709",0.333333333333333
"560311","1313",0.333333333333333
"560311","1399",0.333333333333333
"560311","1709",0.333333333333333
"560312","1313",0.333333333333333
"560312","1399",0.333333333333333
"560312","1709",0.333333333333333
"560313","1313",0.333333333333333
"560313","1399",0.333333333333333
"560313","1709",0.333333333333333
"560314","1313",0.333333333333333
"560314","1399",0.333333333333333
"560314","1709",0.333333333333333
"560391","1313",0.333333333333333
"560391","1399",0.333333333333333
"560391","1709",0.333333333333333
"560392","1313",0.333333333333333
"560392","1399",0.333333333333333
"560392","1709",0.333333333333333
"560393","1313",0.333333333333333
"560393","1399",0.333333333333333
"560393","1709",0.333333333333333
"560394","1313",0.333333333333333
"560394","1399",0.333333333333333
"560394","1709",0.333333333333333
"560410","1313",0.333333333333333
"560410","1399",0.333333333333333
"560410","1709",0.333333333333333
"560490","1313",0.333333333333333
"560490","1399",0.333333333333333
"560490","1709",0.333333333333333
"560500","1313",0.333333333333333
"560500","1399",0.333333333333333
"560500","1709",0.333333333333333
"560600","1313",0.333333333333333
"560600","1399",0.333333333333333
"560600","1709",0.333333333333333
"560721","1394",0.5
"560721","3319",0.5
"560729","1394",0.5
"560729","3319",0.5
"560741","1394",0.5
"560741","3319",0.5
"560749","1394",0.5
"560749","3319",0.5
"560750","1394",0.5
"560750","3319",0.5
"560790","1394",0.5
"560790","3319",0.5
"560811","1394",0.5
"560811","3319",0.5
"560819","1394",0.5
"560819","3319",0.5
"560890","1394",0.5
"560890","3319",0.5
"560900","1394",0.5
"560900","3319",0.5
"570110","1393",1
"570190","1393",1
"570210","1393",1
"570220","1393",1
"570231","1393",1
"570232","1393",1
"570239","1393",1
"570241","1393",1
"570242","1393",1
"570249","1393",1
"570250","1393",1
"570291","1393",1
"570292","1393",1
"570299","1393",1
"570310","1393",1
"570321","1393",1
"570329","1393",1
"570331","1393",1
"570339","1393",1
"570390","1393",1
"570410","1393",1
"570420","1393",1
"570490","1393",1
"570500","1393",1
"580110","1311",0.5
"580110","1312",0.5
"580121","1311",0.5
"580121","1312",0.5
"580122","1311",0.5
"580122","1312",0.5
"580123","1311",0.5
"580123","1312",0.5
"580126","1311",0.5
"580126","1312",0.5
"580127","1311",0.5
"580127","1312",0.5
"580131","1311",0.5
"580131","1312",0.5
"580132","1311",0.5
"580132","1312",0.5
"580133","1311",0.5
"580133","1312",0.5
"580136","1311",0.5
"580136","1312",0.5
"580137","1311",0.5
"580137","1312",0.5
"580190","1311",0.5
"580190","1312",0.5
"580210","1311",0.5
"580210","1312",0.5
"580220","1311",0.5
"580220","1312",0.5
"580230","1311",0.5
"580230","1312",0.5
"580300","1311",0.5
"580300","1312",0.5
"580410","1313",0.333333333333333
"580410","1399",0.333333333333333
"580410","1709",0.333333333333333
"580421","1313",0.333333333333333
"580421","1399",0.333333333333333
"580421","1709",0.333333333333333
"580429","1313",0.333333333333333
"580429","1399",0.333333333333333
"580429","1709",0.333333333333333
"580430","1313",0.333333333333333
"580430","1399",0.333333333333333
"580430","1709",0.333333333333333
"580500","1392",0.333333333333333
"580500","3250",0.333333333333333
"580500","3319",0.333333333333333
"580610","1313",0.333333333333333
"580610","1399",0.333333333333333
"580610","1709",0.333333333333333
"580620","1313",0.333333333333333
"580620","1399",0.333333333333333
"580620","1709",0.333333333333333
"580631","1313",0.333333333333333
"580631","1399",0.333333333333333
"580631","1709",0.333333333333333
"580632","1313",0.333333333333333
"580632","1399",0.333333333333333
"580632","1709",0.333333333333333
"580639","1313",0.333333333333333
"580639","1399",0.333333333333333
"580639","1709",0.333333333333333
"580640","1313",0.333333333333333
"580640","1399",0.333333333333333
"580640","1709",0.333333333333333
"580710","1313",0.333333333333333
"580710","1399",0.333333333333333
"580710","1709",0.333333333333333
"580790","1313",0.333333333333333
"580790","1399",0.333333333333333
"580790","1709",0.333333333333333
"580810","1313",0.333333333333333
"580810","1399",0.333333333333333
"580810","1709",0.333333333333333
"580890","1313",0.333333333333333
"580890","1399",0.333333333333333
"580890","1709",0.333333333333333
"580900","1313",0.333333333333333
"580900","1399",0.333333333333333
"580900","1709",0.333333333333333
"581010","1313",0.333333333333333
"581010","1399",0.333333333333333
"581010","1709",0.333333333333333
"581091","1313",0.333333333333333
"581091","1399",0.333333333333333
"581091","1709",0.333333333333333
"581092","1313",0.333333333333333
"581092","1399",0.333333333333333
"581092","1709",0.333333333333333
"581099","1313",0.333333333333333
"581099","1399",0.333333333333333
"581099","1709",0.333333333333333
"581100","1313",0.333333333333333
"581100","1399",0.333333333333333
"581100","1709",0.333333333333333
"590110","1313",0.333333333333333
"590110","1399",0.333333333333333
"590110","1709",0.333333333333333
"590190","1313",0.333333333333333
"590190","1399",0.333333333333333
"590190","1709",0.333333333333333
"590210","1313",0.333333333333333
"590210","1399",0.333333333333333
"590210","1709",0.333333333333333
"590220","1313",0.333333333333333
"590220","1399",0.333333333333333
"590220","1709",0.333333333333333
"590290","1313",0.333333333333333
"590290","1399",0.333333333333333
"590290","1709",0.333333333333333
"590310","1313",0.333333333333333
"590310","1399",0.333333333333333
"590310","1709",0.333333333333333
"590320","1313",0.333333333333333
"590320","1399",0.333333333333333
"590320","1709",0.333333333333333
"590390","1313",0.333333333333333
"590390","1399",0.333333333333333
"590390","1709",0.333333333333333
"590410","1399",0.0769230769230769
"590410","1512",0.0769230769230769
"590410","1629",0.0769230769230769
"590410","1709",0.0769230769230769
"590410","2029",0.0769230769230769
"590410","2219",0.0769230769230769
"590410","2220",0.0769230769230769
"590410","2599",0.0769230769230769
"590410","2829",0.0769230769230769
"590410","3092",0.0769230769230769
"590410","3212",0.0769230769230769
"590410","3290",0.0769230769230769
"590410","3312",0.0769230769230769
"590490","1399",0.0769230769230769
"590490","1512",0.0769230769230769
"590490","1629",0.0769230769230769
"590490","1709",0.0769230769230769
"590490","2029",0.0769230769230769
"590490","2219",0.0769230769230769
"590490","2220",0.0769230769230769
"590490","2599",0.0769230769230769
"590490","2829",0.0769230769230769
"590490","3092",0.0769230769230769
"590490","3212",0.0769230769230769
"590490","3290",0.0769230769230769
"590490","3312",0.0769230769230769
"590500","1709",0.333333333333333
"590500","1811",0.333333333333333
"590500","2220",0.333333333333333
"590610","2219",0.2
"590610","2220",0.2
"590610","2812",0.2
"590610","3290",0.2
"590610","3319",0.2
"590691","2219",0.2
"590691","2220",0.2
"590691","2812",0.2
"590691","3290",0.2
"590691","3319",0.2
"590699","2219",0.2
"590699","2220",0.2
"590699","2812",0.2
"590699","3290",0.2
"590699","3319",0.2
"590700","1313",0.333333333333333
"590700","1399",0.333333333333333
"590700","1709",0.333333333333333
"590800","1313",0.333333333333333
"590800","1399",0.333333333333333
"590800","1709",0.333333333333333
"590900","1313",0.333333333333333
"590900","1399",0.333333333333333
"590900","1709",0.333333333333333
"591000","1313",0.333333333333333
"591000","1399",0.333333333333333
"591000","1709",0.333333333333333
"591110","1313",0.333333333333333
"591110","1399",0.333333333333333
"591110","1709",0.333333333333333
"591120","1313",0.333333333333333
"591120","1399",0.333333333333333
"591120","1709",0.333333333333333
"591131","1313",0.333333333333333
"591131","1399",0.333333333333333
"591131","1709",0.333333333333333
"591132","1313",0.333333333333333
"591132","1399",0.333333333333333
"591132","1709",0.333333333333333
"591140","1313",0.333333333333333
"591140","1399",0.333333333333333
"591140","1709",0.333333333333333
"591190","1313",0.333333333333333
"591190","1399",0.333333333333333
"591190","1709",0.333333333333333
"600110","1391",0.5
"600110","1430",0.5
"600121","1391",0.5
"600121","1430",0.5
"600122","1391",0.5
"600122","1430",0.5
"600129","1391",0.5
"600129","1430",0.5
"600191","1391",0.5
"600191","1430",0.5
"600192","1391",0.5
"600192","1430",0.5
"600199","1391",0.5
"600199","1430",0.5
"600240","1391",0.5
"600240","1430",0.5
"600290","1391",0.5
"600290","1430",0.5
"600310","1391",0.5
"600310","1430",0.5
"600320","1391",0.5
"600320","1430",0.5
"600330","1391",0.5
"600330","1430",0.5
"600340","1391",0.5
"600340","1430",0.5
"600390","1391",0.5
"600390","1430",0.5
"600410","1391",0.5
"600410","1430",0.5
"600490","1391",0.5
"600490","1430",0.5
"600521","1391",0.5
"600521","1430",0.5
"600522","1391",0.5
"600522","1430",0.5
"600523","1391",0.5
"600523","1430",0.5
"600524","1391",0.5
"600524","1430",0.5
"600535","1391",0.5
"600535","1430",0.5
"600536","1391",0.5
"600536","1430",0.5
"600537","1391",0.5
"600537","1430",0.5
"600538","1391",0.5
"600538","1430",0.5
"600539","1391",0.5
"600539","1430",0.5
"600541","1391",0.5
"600541","1430",0.5
"600542","1391",0.5
"600542","1430",0.5
"600543","1391",0.5
"600543","1430",0.5
"600544","1391",0.5
"600544","1430",0.5
"600590","1391",0.5
"600590","1430",0.5
"600610","1391",0.5
"600610","1430",0.5
"600621","1391",0.5
"600621","1430",0.5
"600622","1391",0.5
"600622","1430",0.5
"600623","1391",0.5
"600623","1430",0.5
"600624","1391",0.5
"600624","1430",0.5
"600631","1391",0.5
"600631","1430",0.5
"600632","1391",0.5
"600632","1430",0.5
"600633","1391",0.5
"600633","1430",0.5
"600634","1391",0.5
"600634","1430",0.5
"600641","1391",0.5
"600641","1430",0.5
"600642","1391",0.5
"600642","1430",0.5
"600643","1391",0.5
"600643","1430",0.5
"600644","1391",0.5
"600644","1430",0.5
"600690","1391",0.5
"600690","1430",0.5
"610120","1313",0.333333333333333
"610120","1410",0.333333333333333
"610120","3290",0.333333333333333
"610130","1313",0.333333333333333
"610130","1410",0.333333333333333
"610130","3290",0.333333333333333
"610190","1313",0.333333333333333
"610190","1410",0.333333333333333
"610190","3290",0.333333333333333
"610210","1313",0.333333333333333
"610210","1410",0.333333333333333
"610210","3290",0.333333333333333
"610220","1313",0.333333333333333
"610220","1410",0.333333333333333
"610220","3290",0.333333333333333
"610230","1313",0.333333333333333
"610230","1410",0.333333333333333
"610230","3290",0.333333333333333
"610290","1313",0.333333333333333
"610290","1410",0.333333333333333
"610290","3290",0.333333333333333
"610310","1313",0.333333333333333
"610310","1410",0.333333333333333
"610310","3290",0.333333333333333
"610322","1313",0.333333333333333
"610322","1410",0.333333333333333
"610322","3290",0.333333333333333
"610323","1313",0.333333333333333
"610323","1410",0.333333333333333
"610323","3290",0.333333333333333
"610329","1313",0.333333333333333
"610329","1410",0.333333333333333
"610329","3290",0.333333333333333
"610331","1313",0.333333333333333
"610331","1410",0.333333333333333
"610331","3290",0.333333333333333
"610332","1313",0.333333333333333
"610332","1410",0.333333333333333
"610332","3290",0.333333333333333
"610333","1313",0.333333333333333
"610333","1410",0.333333333333333
"610333","3290",0.333333333333333
"610339","1313",0.333333333333333
"610339","1410",0.333333333333333
"610339","3290",0.333333333333333
"610341","1313",0.333333333333333
"610341","1410",0.333333333333333
"610341","3290",0.333333333333333
"610342","1313",0.333333333333333
"610342","1410",0.333333333333333
"610342","3290",0.333333333333333
"610343","1313",0.333333333333333
"610343","1410",0.333333333333333
"610343","3290",0.333333333333333
"610349","1313",0.333333333333333
"610349","1410",0.333333333333333
"610349","3290",0.333333333333333
"610413","1313",0.333333333333333
"610413","1410",0.333333333333333
"610413","3290",0.333333333333333
"610419","1313",0.333333333333333
"610419","1410",0.333333333333333
"610419","3290",0.333333333333333
"610422","1313",0.333333333333333
"610422","1410",0.333333333333333
"610422","3290",0.333333333333333
"610423","1313",0.333333333333333
"610423","1410",0.333333333333333
"610423","3290",0.333333333333333
"610429","1313",0.333333333333333
"610429","1410",0.333333333333333
"610429","3290",0.333333333333333
"610431","1313",0.333333333333333
"610431","1410",0.333333333333333
"610431","3290",0.333333333333333
"610432","1313",0.333333333333333
"610432","1410",0.333333333333333
"610432","3290",0.333333333333333
"610433","1313",0.333333333333333
"610433","1410",0.333333333333333
"610433","3290",0.333333333333333
"610439","1313",0.333333333333333
"610439","1410",0.333333333333333
"610439","3290",0.333333333333333
"610441","1313",0.333333333333333
"610441","1410",0.333333333333333
"610441","3290",0.333333333333333
"610442","1313",0.333333333333333
"610442","1410",0.333333333333333
"610442","3290",0.333333333333333
"610443","1313",0.333333333333333
"610443","1410",0.333333333333333
"610443","3290",0.333333333333333
"610444","1313",0.333333333333333
"610444","1410",0.333333333333333
"610444","3290",0.333333333333333
"610449","1313",0.333333333333333
"610449","1410",0.333333333333333
"610449","3290",0.333333333333333
"610451","1313",0.333333333333333
"610451","1410",0.333333333333333
"610451","3290",0.333333333333333
"610452","1313",0.333333333333333
"610452","1410",0.333333333333333
"610452","3290",0.333333333333333
"610453","1313",0.333333333333333
"610453","1410",0.333333333333333
"610453","3290",0.333333333333333
"610459","1313",0.333333333333333
"610459","1410",0.333333333333333
"610459","3290",0.333333333333333
"610461","1313",0.333333333333333
"610461","1410",0.333333333333333
"610461","3290",0.333333333333333
"610462","1313",0.333333333333333
"610462","1410",0.333333333333333
"610462","3290",0.333333333333333
"610463","1313",0.333333333333333
"610463","1410",0.333333333333333
"610463","3290",0.333333333333333
"610469","1313",0.333333333333333
"610469","1410",0.333333333333333
"610469","3290",0.333333333333333
"610510","1313",0.333333333333333
"610510","1410",0.333333333333333
"610510","3290",0.333333333333333
"610520","1313",0.333333333333333
"610520","1410",0.333333333333333
"610520","3290",0.333333333333333
"610590","1313",0.333333333333333
"610590","1410",0.333333333333333
"610590","3290",0.333333333333333
"610610","1313",0.333333333333333
"610610","1410",0.333333333333333
"610610","3290",0.333333333333333
"610620","1313",0.333333333333333
"610620","1410",0.333333333333333
"610620","3290",0.333333333333333
"610690","1313",0.333333333333333
"610690","1410",0.333333333333333
"610690","3290",0.333333333333333
"610711","1313",0.333333333333333
"610711","1410",0.333333333333333
"610711","3290",0.333333333333333
"610712","1313",0.333333333333333
"610712","1410",0.333333333333333
"610712","3290",0.333333333333333
"610719","1313",0.333333333333333
"610719","1410",0.333333333333333
"610719","3290",0.333333333333333
"610721","1313",0.333333333333333
"610721","1410",0.333333333333333
"610721","3290",0.333333333333333
"610722","1313",0.333333333333333
"610722","1410",0.333333333333333
"610722","3290",0.333333333333333
"610729","1313",0.333333333333333
"610729","1410",0.333333333333333
"610729","3290",0.333333333333333
"610791","1313",0.333333333333333
"610791","1410",0.333333333333333
"610791","3290",0.333333333333333
"610799","1313",0.333333333333333
"610799","1410",0.333333333333333
"610799","3290",0.333333333333333
"610811","1313",0.333333333333333
"610811","1410",0.333333333333333
"610811","3290",0.333333333333333
"610819","1313",0.333333333333333
"610819","1410",0.333333333333333
"610819","3290",0.333333333333333
"610821","1313",0.333333333333333
"610821","1410",0.333333333333333
"610821","3290",0.333333333333333
"610822","1313",0.333333333333333
"610822","1410",0.333333333333333
"610822","3290",0.333333333333333
"610829","1313",0.333333333333333
"610829","1410",0.333333333333333
"610829","3290",0.333333333333333
"610831","1313",0.333333333333333
"610831","1410",0.333333333333333
"610831","3290",0.333333333333333
"610832","1313",0.333333333333333
"610832","1410",0.333333333333333
"610832","3290",0.333333333333333
"610839","1313",0.333333333333333
"610839","1410",0.333333333333333
"610839","3290",0.333333333333333
"610891","1313",0.333333333333333
"610891","1410",0.333333333333333
"610891","3290",0.333333333333333
"610892","1313",0.333333333333333
"610892","1410",0.333333333333333
"610892","3290",0.333333333333333
"610899","1313",0.333333333333333
"610899","1410",0.333333333333333
"610899","3290",0.333333333333333
"610910","1391",0.5
"610910","1430",0.5
"610990","1391",0.5
"610990","1430",0.5
"611011","1391",0.5
"611011","1430",0.5
"611012","1391",0.5
"611012","1430",0.5
"611019","1391",0.5
"611019","1430",0.5
"611020","1391",0.5
"611020","1430",0.5
"611030","1391",0.5
"611030","1430",0.5
"611090","1391",0.5
"611090","1430",0.5
"611120","1313",0.333333333333333
"611120","1410",0.333333333333333
"611120","3290",0.333333333333333
"611130","1313",0.333333333333333
"611130","1410",0.333333333333333
"611130","3290",0.333333333333333
"611190","1313",0.333333333333333
"611190","1410",0.333333333333333
"611190","3290",0.333333333333333
"611211","1313",0.333333333333333
"611211","1410",0.333333333333333
"611211","3290",0.333333333333333
"611212","1313",0.333333333333333
"611212","1410",0.333333333333333
"611212","3290",0.333333333333333
"611219","1313",0.333333333333333
"611219","1410",0.333333333333333
"611219","3290",0.333333333333333
"611220","1313",0.333333333333333
"611220","1410",0.333333333333333
"611220","3290",0.333333333333333
"611231","1313",0.333333333333333
"611231","1410",0.333333333333333
"611231","3290",0.333333333333333
"611239","1313",0.333333333333333
"611239","1410",0.333333333333333
"611239","3290",0.333333333333333
"611241","1313",0.333333333333333
"611241","1410",0.333333333333333
"611241","3290",0.333333333333333
"611249","1313",0.333333333333333
"611249","1410",0.333333333333333
"611249","3290",0.333333333333333
"611300","1313",0.333333333333333
"611300","1410",0.333333333333333
"611300","3290",0.333333333333333
"611420","1313",0.333333333333333
"611420","1410",0.333333333333333
"611420","3290",0.333333333333333
"611430","1313",0.333333333333333
"611430","1410",0.333333333333333
"611430","3290",0.333333333333333
"611490","1313",0.333333333333333
"611490","1410",0.333333333333333
"611490","3290",0.333333333333333
"611510","1391",0.5
"611510","1430",0.5
"611521","1391",0.5
"611521","1430",0.5
"611522","1391",0.5
"611522","1430",0.5
"611529","1391",0.5
"611529","1430",0.5
"611530","1391",0.5
"611530","1430",0.5
"611594","1391",0.5
"611594","1430",0.5
"611595","1391",0.5
"611595","1430",0.5
"611596","1391",0.5
"611596","1430",0.5
"611599","1391",0.5
"611599","1430",0.5
"611610","1313",0.333333333333333
"611610","1410",0.333333333333333
"611610","3290",0.333333333333333
"611691","1313",0.333333333333333
"611691","1410",0.333333333333333
"611691","3290",0.333333333333333
"611692","1313",0.333333333333333
"611692","1410",0.333333333333333
"611692","3290",0.333333333333333
"611693","1313",0.333333333333333
"611693","1410",0.333333333333333
"611693","3290",0.333333333333333
"611699","1313",0.333333333333333
"611699","1410",0.333333333333333
"611699","3290",0.333333333333333
"611710","1313",0.333333333333333
"611710","1410",0.333333333333333
"611710","3290",0.333333333333333
"611780","1313",0.333333333333333
"611780","1410",0.333333333333333
"611780","3290",0.333333333333333
"611790","1313",0.333333333333333
"611790","1410",0.333333333333333
"611790","3290",0.333333333333333
"620120","1313",0.333333333333333
"620120","1410",0.333333333333333
"620120","3290",0.333333333333333
"620130","1313",0.333333333333333
"620130","1410",0.333333333333333
"620130","3290",0.333333333333333
"620140","1313",0.333333333333333
"620140","1410",0.333333333333333
"620140","3290",0.333333333333333
"620190","1313",0.333333333333333
"620190","1410",0.333333333333333
"620190","3290",0.333333333333333
"620220","1313",0.333333333333333
"620220","1410",0.333333333333333
"620220","3290",0.333333333333333
"620230","1313",0.333333333333333
"620230","1410",0.333333333333333
"620230","3290",0.333333333333333
"620240","1313",0.333333333333333
"620240","1410",0.333333333333333
"620240","3290",0.333333333333333
"620290","1313",0.333333333333333
"620290","1410",0.333333333333333
"620290","3290",0.333333333333333
"620311","1313",0.333333333333333
"620311","1410",0.333333333333333
"620311","3290",0.333333333333333
"620312","1313",0.333333333333333
"620312","1410",0.333333333333333
"620312","3290",0.333333333333333
"620319","1313",0.333333333333333
"620319","1410",0.333333333333333
"620319","3290",0.333333333333333
"620322","1313",0.333333333333333
"620322","1410",0.333333333333333
"620322","3290",0.333333333333333
"620323","1313",0.333333333333333
"620323","1410",0.333333333333333
"620323","3290",0.333333333333333
"620329","1313",0.333333333333333
"620329","1410",0.333333333333333
"620329","3290",0.333333333333333
"620331","1313",0.333333333333333
"620331","1410",0.333333333333333
"620331","3290",0.333333333333333
"620332","1313",0.333333333333333
"620332","1410",0.333333333333333
"620332","3290",0.333333333333333
"620333","1313",0.333333333333333
"620333","1410",0.333333333333333
"620333","3290",0.333333333333333
"620339","1313",0.333333333333333
"620339","1410",0.333333333333333
"620339","3290",0.333333333333333
"620341","1313",0.333333333333333
"620341","1410",0.333333333333333
"620341","3290",0.333333333333333
"620342","1313",0.333333333333333
"620342","1410",0.333333333333333
"620342","3290",0.333333333333333
"620343","1313",0.333333333333333
"620343","1410",0.333333333333333
"620343","3290",0.333333333333333
"620349","1313",0.333333333333333
"620349","1410",0.333333333333333
"620349","3290",0.333333333333333
"620411","1313",0.333333333333333
"620411","1410",0.333333333333333
"620411","3290",0.333333333333333
"620412","1313",0.333333333333333
"620412","1410",0.333333333333333
"620412","3290",0.333333333333333
"620413","1313",0.333333333333333
"620413","1410",0.333333333333333
"620413","3290",0.333333333333333
"620419","1313",0.333333333333333
"620419","1410",0.333333333333333
"620419","3290",0.333333333333333
"620421","1313",0.333333333333333
"620421","1410",0.333333333333333
"620421","3290",0.333333333333333
"620422","1313",0.333333333333333
"620422","1410",0.333333333333333
"620422","3290",0.333333333333333
"620423","1313",0.333333333333333
"620423","1410",0.333333333333333
"620423","3290",0.333333333333333
"620429","1313",0.333333333333333
"620429","1410",0.333333333333333
"620429","3290",0.333333333333333
"620431","1313",0.333333333333333
"620431","1410",0.333333333333333
"620431","3290",0.333333333333333
"620432","1313",0.333333333333333
"620432","1410",0.333333333333333
"620432","3290",0.333333333333333
"620433","1313",0.333333333333333
"620433","1410",0.333333333333333
"620433","3290",0.333333333333333
"620439","1313",0.333333333333333
"620439","1410",0.333333333333333
"620439","3290",0.333333333333333
"620441","1313",0.333333333333333
"620441","1410",0.333333333333333
"620441","3290",0.333333333333333
"620442","1313",0.333333333333333
"620442","1410",0.333333333333333
"620442","3290",0.333333333333333
"620443","1313",0.333333333333333
"620443","1410",0.333333333333333
"620443","3290",0.333333333333333
"620444","1313",0.333333333333333
"620444","1410",0.333333333333333
"620444","3290",0.333333333333333
"620449","1313",0.333333333333333
"620449","1410",0.333333333333333
"620449","3290",0.333333333333333
"620451","1313",0.333333333333333
"620451","1410",0.333333333333333
"620451","3290",0.333333333333333
"620452","1313",0.333333333333333
"620452","1410",0.333333333333333
"620452","3290",0.333333333333333
"620453","1313",0.333333333333333
"620453","1410",0.333333333333333
"620453","3290",0.333333333333333
"620459","1313",0.333333333333333
"620459","1410",0.333333333333333
"620459","3290",0.333333333333333
"620461","1313",0.333333333333333
"620461","1410",0.333333333333333
"620461","3290",0.333333333333333
"620462","1313",0.333333333333333
"620462","1410",0.333333333333333
"620462","3290",0.333333333333333
"620463","1313",0.333333333333333
"620463","1410",0.333333333333333
"620463","3290",0.333333333333333
"620469","1313",0.333333333333333
"620469","1410",0.333333333333333
"620469","3290",0.333333333333333
"620520","1313",0.333333333333333
"620520","1410",0.333333333333333
"620520","3290",0.333333333333333
"620530","1313",0.333333333333333
"620530","1410",0.333333333333333
"620530","3290",0.333333333333333
"620590","1313",0.333333333333333
"620590","1410",0.333333333333333
"620590","3290",0.333333333333333
"620610","1313",0.333333333333333
"620610","1410",0.333333333333333
"620610","3290",0.333333333333333
"620620","1313",0.333333333333333
"620620","1410",0.333333333333333
"620620","3290",0.333333333333333
"620630","1313",0.333333333333333
"620630","1410",0.333333333333333
"620630","3290",0.333333333333333
"620640","1313",0.333333333333333
"620640","1410",0.333333333333333
"620640","3290",0.333333333333333
"620690","1313",0.333333333333333
"620690","1410",0.333333333333333
"620690","3290",0.333333333333333
"620711","1313",0.333333333333333
"620711","1410",0.333333333333333
"620711","3290",0.333333333333333
"620719","1313",0.333333333333333
"620719","1410",0.333333333333333
"620719","3290",0.333333333333333
"620721","1313",0.333333333333333
"620721","1410",0.333333333333333
"620721","3290",0.333333333333333
"620722","1313",0.333333333333333
"620722","1410",0.333333333333333
"620722","3290",0.333333333333333
"620729","1313",0.333333333333333
"620729","1410",0.333333333333333
"620729","3290",0.333333333333333
"620791","1313",0.333333333333333
"620791","1410",0.333333333333333
"620791","3290",0.333333333333333
"620799","1313",0.333333333333333
"620799","1410",0.333333333333333
"620799","3290",0.333333333333333
"620811","1313",0.333333333333333
"620811","1410",0.333333333333333
"620811","3290",0.333333333333333
"620819","1313",0.333333333333333
"620819","1410",0.333333333333333
"620819","3290",0.333333333333333
"620821","1313",0.333333333333333
"620821","1410",0.333333333333333
"620821","3290",0.333333333333333
"620822","1313",0.333333333333333
"620822","1410",0.333333333333333
"620822","3290",0.333333333333333
"620829","1313",0.333333333333333
"620829","1410",0.333333333333333
"620829","3290",0.333333333333333
"620891","1313",0.333333333333333
"620891","1410",0.333333333333333
"620891","3290",0.333333333333333
"620892","1313",0.333333333333333
"620892","1410",0.333333333333333
"620892","3290",0.333333333333333
"620899","1313",0.333333333333333
"620899","1410",0.333333333333333
"620899","3290",0.333333333333333
"620920","1313",0.333333333333333
"620920","1410",0.333333333333333
"620920","3290",0.333333333333333
"620930","1313",0.333333333333333
"620930","1410",0.333333333333333
"620930","3290",0.333333333333333
"620990","1313",0.333333333333333
"620990","1410",0.333333333333333
"620990","3290",0.333333333333333
"621010","1313",0.333333333333333
"621010","1410",0.333333333333333
"621010","3290",0.333333333333333
"621020","1313",0.333333333333333
"621020","1410",0.333333333333333
"621020","3290",0.333333333333333
"621030","1313",0.333333333333333
"621030","1410",0.333333333333333
"621030","3290",0.333333333333333
"621040","1313",0.333333333333333
"621040","1410",0.333333333333333
"621040","3290",0.333333333333333
"621050","1313",0.333333333333333
"621050","1410",0.333333333333333
"621050","3290",0.333333333333333
"621111","1313",0.333333333333333
"621111","1410",0.333333333333333
"621111","3290",0.333333333333333
"621112","1313",0.333333333333333
"621112","1410",0.333333333333333
"621112","3290",0.333333333333333
"621120","1313",0.333333333333333
"621120","1410",0.333333333333333
"621120","3290",0.333333333333333
"621132","1313",0.333333333333333
"621132","1410",0.333333333333333
"621132","3290",0.333333333333333
"621133","1313",0.333333333333333
"621133","1410",0.333333333333333
"621133","3290",0.333333333333333
"621139","1313",0.333333333333333
"621139","1410",0.333333333333333
"621139","3290",0.333333333333333
"621142","1313",0.333333333333333
"621142","1410",0.333333333333333
"621142","3290",0.333333333333333
"621143","1313",0.333333333333333
"621143","1410",0.333333333333333
"621143","3290",0.333333333333333
"621149","1313",0.333333333333333
"621149","1410",0.333333333333333
"621149","3290",0.333333333333333
"621210","1313",0.333333333333333
"621210","1410",0.333333333333333
"621210","3290",0.333333333333333
"621220","1313",0.333333333333333
"621220","1410",0.333333333333333
"621220","3290",0.333333333333333
"621230","1313",0.333333333333333
"621230","1410",0.333333333333333
"621230","3290",0.333333333333333
"621290","1313",0.333333333333333
"621290","1410",0.333333333333333
"621290","3290",0.333333333333333
"621320","1313",0.333333333333333
"621320","1410",0.333333333333333
"621320","3290",0.333333333333333
"621390","1313",0.333333333333333
"621390","1410",0.333333333333333
"621390","3290",0.333333333333333
"621410","1313",0.333333333333333
"621410","1410",0.333333333333333
"621410","3290",0.333333333333333
"621420","1313",0.333333333333333
"621420","1410",0.333333333333333
"621420","3290",0.333333333333333
"621430","1313",0.333333333333333
"621430","1410",0.333333333333333
"621430","3290",0.333333333333333
"621440","1313",0.333333333333333
"621440","1410",0.333333333333333
"621440","3290",0.333333333333333
"621490","1313",0.333333333333333
"621490","1410",0.333333333333333
"621490","3290",0.333333333333333
"621510","1313",0.333333333333333
"621510","1410",0.333333333333333
"621510","3290",0.333333333333333
"621520","1313",0.333333333333333
"621520","1410",0.333333333333333
"621520","3290",0.333333333333333
"621590","1313",0.333333333333333
"621590","1410",0.333333333333333
"621590","3290",0.333333333333333
"621600","1313",0.333333333333333
"621600","1410",0.333333333333333
"621600","3290",0.333333333333333
"621710","1313",0.333333333333333
"621710","1410",0.333333333333333
"621710","3290",0.333333333333333
"621790","1313",0.333333333333333
"621790","1410",0.333333333333333
"621790","3290",0.333333333333333
"630110","2750",0.333333333333333
"630110","2815",0.333333333333333
"630110","2819",0.333333333333333
"630120","1392",0.333333333333333
"630120","3250",0.333333333333333
"630120","3319",0.333333333333333
"630130","1392",0.333333333333333
"630130","3250",0.333333333333333
"630130","3319",0.333333333333333
"630140","1392",0.333333333333333
"630140","3250",0.333333333333333
"630140","3319",0.333333333333333
"630190","1392",0.333333333333333
"630190","3250",0.333333333333333
"630190","3319",0.333333333333333
"630210","1392",0.333333333333333
"630210","3250",0.333333333333333
"630210","3319",0.333333333333333
"630221","1392",0.333333333333333
"630221","3250",0.333333333333333
"630221","3319",0.333333333333333
"630222","1392",0.333333333333333
"630222","3250",0.333333333333333
"630222","3319",0.333333333333333
"630229","1392",0.333333333333333
"630229","3250",0.333333333333333
"630229","3319",0.333333333333333
"630231","1392",0.333333333333333
"630231","3250",0.333333333333333
"630231","3319",0.333333333333333
"630232","1392",0.333333333333333
"630232","3250",0.333333333333333
"630232","3319",0.333333333333333
"630239","1392",0.333333333333333
"630239","3250",0.333333333333333
"630239","3319",0.333333333333333
"630240","1392",0.333333333333333
"630240","3250",0.333333333333333
"630240","3319",0.333333333333333
"630251","1392",0.333333333333333
"630251","3250",0.333333333333333
"630251","3319",0.333333333333333
"630253","1392",0.333333333333333
"630253","3250",0.333333333333333
"630253","3319",0.333333333333333
"630259","1392",0.333333333333333
"630259","3250",0.333333333333333
"630259","3319",0.333333333333333
"630260","1392",0.333333333333333
"630260","3250",0.333333333333333
"630260","3319",0.333333333333333
"630291","1392",0.333333333333333
"630291","3250",0.333333333333333
"630291","3319",0.333333333333333
"630293","1392",0.333333333333333
"630293","3250",0.333333333333333
"630293","3319",0.333333333333333
"630299","1392",0.333333333333333
"630299","3250",0.333333333333333
"630299","3319",0.333333333333333
"630312","1392",0.333333333333333
"630312","3250",0.333333333333333
"630312","3319",0.333333333333333
"630319","1392",0.333333333333333
"630319","3250",0.333333333333333
"630319","3319",0.333333333333333
"630391","1392",0.333333333333333
"630391","3250",0.333333333333333
"630391","3319",0.333333333333333
"630392","1392",0.333333333333333
"630392","3250",0.333333333333333
"630392","3319",0.333333333333333
"630399","1392",0.333333333333333
"630399","3250",0.333333333333333
"630399","3319",0.333333333333333
"630411","1392",0.333333333333333
"630411","3250",0.333333333333333
"630411","3319",0.333333333333333
"630419","1392",0.333333333333333
"630419","3250",0.333333333333333
"630419","3319",0.333333333333333
"630420","1392",0.333333333333333
"630420","3250",0.333333333333333
"630420","3319",0.333333333333333
"630491","1392",0.333333333333333
"630491","3250",0.333333333333333
"630491","3319",0.333333333333333
"630492","1392",0.333333333333333
"630492","3250",0.333333333333333
"630492","3319",0.333333333333333
"630493","1392",0.333333333333333
"630493","3250",0.333333333333333
"630493","3319",0.333333333333333
"630499","1392",0.333333333333333
"630499","3250",0.333333333333333
"630499","3319",0.333333333333333
"630510","1392",0.333333333333333
"630510","3250",0.333333333333333
"630510","3319",0.333333333333333
"630520","1392",0.333333333333333
"630520","3250",0.333333333333333
"630520","3319",0.333333333333333
"630532","1392",0.333333333333333
"630532","3250",0.333333333333333
"630532","3319",0.333333333333333
"630533","1392",0.333333333333333
"630533","3250",0.333333333333333
"630533","3319",0.333333333333333
"630539","1392",0.333333333333333
"630539","3250",0.333333333333333
"630539","3319",0.333333333333333
"630590","1392",0.333333333333333
"630590","3250",0.333333333333333
"630590","3319",0.333333333333333
"630612","1392",0.333333333333333
"630612","3250",0.333333333333333
"630612","3319",0.333333333333333
"630619","1392",0.333333333333333
"630619","3250",0.333333333333333
"630619","3319",0.333333333333333
"630622","1392",0.333333333333333
"630622","3250",0.333333333333333
"630622","3319",0.333333333333333
"630629","1392",0.333333333333333
"630629","3250",0.333333333333333
"630629","3319",0.333333333333333
"630630","1392",0.333333333333333
"630630","3250",0.333333333333333
"630630","3319",0.333333333333333
"630640","1392",0.333333333333333
"630640","3250",0.333333333333333
"630640","3319",0.333333333333333
"630690","1392",0.333333333333333
"630690","3250",0.333333333333333
"630690","3319",0.333333333333333
"630710","1392",0.333333333333333
"630710","3250",0.333333333333333
"630710","3319",0.333333333333333
"630720","1392",0.333333333333333
"630720","3250",0.333333333333333
"630720","3319",0.333333333333333
"630790","1392",0.333333333333333
"630790","3250",0.333333333333333
"630790","3319",0.333333333333333
"630800","1392",0.333333333333333
"630800","3250",0.333333333333333
"630800","3319",0.333333333333333
"640110","1512",0.166666666666667
"640110","1520",0.166666666666667
"640110","1629",0.166666666666667
"640110","2219",0.166666666666667
"640110","2220",0.166666666666667
"640110","3230",0.166666666666667
"640192","1512",0.166666666666667
"640192","1520",0.166666666666667
"640192","1629",0.166666666666667
"640192","2219",0.166666666666667
"640192","2220",0.166666666666667
"640192","3230",0.166666666666667
"640199","1512",0.166666666666667
"640199","1520",0.166666666666667
"640199","1629",0.166666666666667
"640199","2219",0.166666666666667
"640199","2220",0.166666666666667
"640199","3230",0.166666666666667
"640212","1512",0.166666666666667
"640212","1520",0.166666666666667
"640212","1629",0.166666666666667
"640212","2219",0.166666666666667
"640212","2220",0.166666666666667
"640212","3230",0.166666666666667
"640219","1512",0.166666666666667
"640219","1520",0.166666666666667
"640219","1629",0.166666666666667
"640219","2219",0.166666666666667
"640219","2220",0.166666666666667
"640219","3230",0.166666666666667
"640220","1512",0.166666666666667
"640220","1520",0.166666666666667
"640220","1629",0.166666666666667
"640220","2219",0.166666666666667
"640220","2220",0.166666666666667
"640220","3230",0.166666666666667
"640291","1512",0.166666666666667
"640291","1520",0.166666666666667
"640291","1629",0.166666666666667
"640291","2219",0.166666666666667
"640291","2220",0.166666666666667
"640291","3230",0.166666666666667
"640299","1512",0.166666666666667
"640299","1520",0.166666666666667
"640299","1629",0.166666666666667
"640299","2219",0.166666666666667
"640299","2220",0.166666666666667
"640299","3230",0.166666666666667
"640312","1512",0.166666666666667
"640312","1520",0.166666666666667
"640312","1629",0.166666666666667
"640312","2219",0.166666666666667
"640312","2220",0.166666666666667
"640312","3230",0.166666666666667
"640319","1512",0.166666666666667
"640319","1520",0.166666666666667
"640319","1629",0.166666666666667
"640319","2219",0.166666666666667
"640319","2220",0.166666666666667
"640319","3230",0.166666666666667
"640320","1512",0.166666666666667
"640320","1520",0.166666666666667
"640320","1629",0.166666666666667
"640320","2219",0.166666666666667
"640320","2220",0.166666666666667
"640320","3230",0.166666666666667
"640340","1512",0.166666666666667
"640340","1520",0.166666666666667
"640340","1629",0.166666666666667
"640340","2219",0.166666666666667
"640340","2220",0.166666666666667
"640340","3230",0.166666666666667
"640351","1512",0.166666666666667
"640351","1520",0.166666666666667
"640351","1629",0.166666666666667
"640351","2219",0.166666666666667
"640351","2220",0.166666666666667
"640351","3230",0.166666666666667
"640359","1512",0.166666666666667
"640359","1520",0.166666666666667
"640359","1629",0.166666666666667
"640359","2219",0.166666666666667
"640359","2220",0.166666666666667
"640359","3230",0.166666666666667
"640391","1512",0.166666666666667
"640391","1520",0.166666666666667
"640391","1629",0.166666666666667
"640391","2219",0.166666666666667
"640391","2220",0.166666666666667
"640391","3230",0.166666666666667
"640399","1512",0.166666666666667
"640399","1520",0.166666666666667
"640399","1629",0.166666666666667
"640399","2219",0.166666666666667
"640399","2220",0.166666666666667
"640399","3230",0.166666666666667
"640411","1512",0.166666666666667
"640411","1520",0.166666666666667
"640411","1629",0.166666666666667
"640411","2219",0.166666666666667
"640411","2220",0.166666666666667
"640411","3230",0.166666666666667
"640419","1512",0.166666666666667
"640419","1520",0.166666666666667
"640419","1629",0.166666666666667
"640419","2219",0.166666666666667
"640419","2220",0.166666666666667
"640419","3230",0.166666666666667
"640420","1512",0.166666666666667
"640420","1520",0.166666666666667
"640420","1629",0.166666666666667
"640420","2219",0.166666666666667
"640420","2220",0.166666666666667
"640420","3230",0.166666666666667
"640510","1512",0.166666666666667
"640510","1520",0.166666666666667
"640510","1629",0.166666666666667
"640510","2219",0.166666666666667
"640510","2220",0.166666666666667
"640510","3230",0.166666666666667
"640520","1512",0.166666666666667
"640520","1520",0.166666666666667
"640520","1629",0.166666666666667
"640520","2219",0.166666666666667
"640520","2220",0.166666666666667
"640520","3230",0.166666666666667
"640590","1512",0.166666666666667
"640590","1520",0.166666666666667
"640590","1629",0.166666666666667
"640590","2219",0.166666666666667
"640590","2220",0.166666666666667
"640590","3230",0.166666666666667
"640610","1512",0.166666666666667
"640610","1520",0.166666666666667
"640610","1629",0.166666666666667
"640610","2219",0.166666666666667
"640610","2220",0.166666666666667
"640610","3230",0.166666666666667
"640620","1512",0.166666666666667
"640620","1520",0.166666666666667
"640620","1629",0.166666666666667
"640620","2219",0.166666666666667
"640620","2220",0.166666666666667
"640620","3230",0.166666666666667
"640690","1512",0.166666666666667
"640690","1520",0.166666666666667
"640690","1629",0.166666666666667
"640690","2219",0.166666666666667
"640690","2220",0.166666666666667
"640690","3230",0.166666666666667
"650100","1313",0.333333333333333
"650100","1410",0.333333333333333
"650100","3290",0.333333333333333
"650200","1313",0.333333333333333
"650200","1410",0.333333333333333
"650200","3290",0.333333333333333
"650400","1313",0.333333333333333
"650400","1410",0.333333333333333
"650400","3290",0.333333333333333
"650500","1313",0.333333333333333
"650500","1410",0.333333333333333
"650500","3290",0.333333333333333
"650610","2220",0.166666666666667
"650610","2610",0.166666666666667
"650610","2733",0.166666666666667
"650610","3290",0.166666666666667
"650610","3314",0.166666666666667
"650610","3319",0.166666666666667
"650691","2220",0.166666666666667
"650691","2610",0.166666666666667
"650691","2733",0.166666666666667
"650691","3290",0.166666666666667
"650691","3314",0.166666666666667
"650691","3319",0.166666666666667
"650699","1313",0.333333333333333
"650699","1410",0.333333333333333
"650699","3290",0.333333333333333
"650700","1313",0.333333333333333
"650700","1410",0.333333333333333
"650700","3290",0.333333333333333
"660110","1399",0.0769230769230769
"660110","1512",0.0769230769230769
"660110","1629",0.0769230769230769
"660110","1709",0.0769230769230769
"660110","2029",0.0769230769230769
"660110","2219",0.0769230769230769
"660110","2220",0.0769230769230769
"660110","2599",0.0769230769230769
"660110","2829",0.0769230769230769
"660110","3092",0.0769230769230769
"660110","3212",0.0769230769230769
"660110","3290",0.0769230769230769
"660110","3312",0.0769230769230769
"660191","1399",0.0769230769230769
"660191","1512",0.0769230769230769
"660191","1629",0.0769230769230769
"660191","1709",0.0769230769230769
"660191","2029",0.0769230769230769
"660191","2219",0.0769230769230769
"660191","2220",0.0769230769230769
"660191","2599",0.0769230769230769
"660191","2829",0.0769230769230769
"660191","3092",0.0769230769230769
"660191","3212",0.0769230769230769
"660191","3290",0.0769230769230769
"660191","3312",0.0769230769230769
"660199","1399",0.0769230769230769
"660199","1512",0.0769230769230769
"660199","1629",0.0769230769230769
"660199","1709",0.0769230769230769
"660199","2029",0.0769230769230769
"660199","2219",0.0769230769230769
"660199","2220",0.0769230769230769
"660199","2599",0.0769230769230769
"660199","2829",0.0769230769230769
"660199","3092",0.0769230769230769
"660199","3212",0.0769230769230769
"660199","3290",0.0769230769230769
"660199","3312",0.0769230769230769
"660200","1399",0.0769230769230769
"660200","1512",0.0769230769230769
"660200","1629",0.0769230769230769
"660200","1709",0.0769230769230769
"660200","2029",0.0769230769230769
"660200","2219",0.0769230769230769
"660200","2220",0.0769230769230769
"660200","2599",0.0769230769230769
"660200","2829",0.0769230769230769
"660200","3092",0.0769230769230769
"660200","3212",0.0769230769230769
"660200","3290",0.0769230769230769
"660200","3312",0.0769230769230769
"660320","1399",0.0769230769230769
"660320","1512",0.0769230769230769
"660320","1629",0.0769230769230769
"660320","1709",0.0769230769230769
"660320","2029",0.0769230769230769
"660320","2219",0.0769230769230769
"660320","2220",0.0769230769230769
"660320","2599",0.0769230769230769
"660320","2829",0.0769230769230769
"660320","3092",0.0769230769230769
"660320","3212",0.0769230769230769
"660320","3290",0.0769230769230769
"660320","3312",0.0769230769230769
"660390","1399",0.0769230769230769
"660390","1512",0.0769230769230769
"660390","1629",0.0769230769230769
"660390","1709",0.0769230769230769
"660390","2029",0.0769230769230769
"660390","2219",0.0769230769230769
"660390","2220",0.0769230769230769
"660390","2599",0.0769230769230769
"660390","2829",0.0769230769230769
"660390","3092",0.0769230769230769
"660390","3212",0.0769230769230769
"660390","3290",0.0769230769230769
"660390","3312",0.0769230769230769
"670100","1399",0.0769230769230769
"670100","1512",0.0769230769230769
"670100","1629",0.0769230769230769
"670100","1709",0.0769230769230769
"670100","2029",0.0769230769230769
"670100","2219",0.0769230769230769
"670100","2220",0.0769230769230769
"670100","2599",0.0769230769230769
"670100","2829",0.0769230769230769
"670100","3092",0.0769230769230769
"670100","3212",0.0769230769230769
"670100","3290",0.0769230769230769
"670100","3312",0.0769230769230769
"670210","1399",0.0769230769230769
"670210","1512",0.0769230769230769
"670210","1629",0.0769230769230769
"670210","1709",0.0769230769230769
"670210","2029",0.0769230769230769
"670210","2219",0.0769230769230769
"670210","2220",0.0769230769230769
"670210","2599",0.0769230769230769
"670210","2829",0.0769230769230769
"670210","3092",0.0769230769230769
"670210","3212",0.0769230769230769
"670210","3290",0.0769230769230769
"670210","3312",0.0769230769230769
"670290","1399",0.0769230769230769
"670290","1512",0.0769230769230769
"670290","1629",0.0769230769230769
"670290","1709",0.0769230769230769
"670290","2029",0.0769230769230769
"670290","2219",0.0769230769230769
"670290","2220",0.0769230769230769
"670290","2599",0.0769230769230769
"670290","2829",0.0769230769230769
"670290","3092",0.0769230769230769
"670290","3212",0.0769230769230769
"670290","3290",0.0769230769230769
"670290","3312",0.0769230769230769
"670300","1399",0.0769230769230769
"670300","1512",0.0769230769230769
"670300","1629",0.0769230769230769
"670300","1709",0.0769230769230769
"670300","2029",0.0769230769230769
"670300","2219",0.0769230769230769
"670300","2220",0.0769230769230769
"670300","2599",0.0769230769230769
"670300","2829",0.0769230769230769
"670300","3092",0.0769230769230769
"670300","3212",0.0769230769230769
"670300","3290",0.0769230769230769
"670300","3312",0.0769230769230769
"670411","1399",0.0769230769230769
"670411","1512",0.0769230769230769
"670411","1629",0.0769230769230769
"670411","1709",0.0769230769230769
"670411","2029",0.0769230769230769
"670411","2219",0.0769230769230769
"670411","2220",0.0769230769230769
"670411","2599",0.0769230769230769
"670411","2829",0.0769230769230769
"670411","3092",0.0769230769230769
"670411","3212",0.0769230769230769
"670411","3290",0.0769230769230769
"670411","3312",0.0769230769230769
"670419","1399",0.0769230769230769
"670419","1512",0.0769230769230769
"670419","1629",0.0769230769230769
"670419","1709",0.0769230769230769
"670419","2029",0.0769230769230769
"670419","2219",0.0769230769230769
"670419","2220",0.0769230769230769
"670419","2599",0.0769230769230769
"670419","2829",0.0769230769230769
"670419","3092",0.0769230769230769
"670419","3212",0.0769230769230769
"670419","3290",0.0769230769230769
"670419","3312",0.0769230769230769
"670420","1399",0.0769230769230769
"670420","1512",0.0769230769230769
"670420","1629",0.0769230769230769
"670420","1709",0.0769230769230769
"670420","2029",0.0769230769230769
"670420","2219",0.0769230769230769
"670420","2220",0.0769230769230769
"670420","2599",0.0769230769230769
"670420","2829",0.0769230769230769
"670420","3092",0.0769230769230769
"670420","3212",0.0769230769230769
"670420","3290",0.0769230769230769
"670420","3312",0.0769230769230769
"670490","1399",0.0769230769230769
"670490","1512",0.0769230769230769
"670490","1629",0.0769230769230769
"670490","1709",0.0769230769230769
"670490","2029",0.0769230769230769
"670490","2219",0.0769230769230769
"670490","2220",0.0769230769230769
"670490","2599",0.0769230769230769
"670490","2829",0.0769230769230769
"670490","3092",0.0769230769230769
"670490","3212",0.0769230769230769
"670490","3290",0.0769230769230769
"670490","3312",0.0769230769230769
"680100","2396",1
"680210","2396",1
"680221","2396",1
"680223","2396",1
"680229","2396",1
"680291","2396",1
"680292","2396",1
"680293","2396",1
"680299","2396",1
"680300","2396",1
"680410","1312",0.25
"680410","2399",0.25
"680410","3290",0.25
"680410","3319",0.25
"680421","1312",0.25
"680421","2399",0.25
"680421","3290",0.25
"680421","3319",0.25
"680422","1312",0.25
"680422","2399",0.25
"680422","3290",0.25
"680422","3319",0.25
"680423","1312",0.25
"680423","2399",0.25
"680423","3290",0.25
"680423","3319",0.25
"680430","1312",0.25
"680430","2399",0.25
"680430","3290",0.25
"680430","3319",0.25
"680510","1312",0.25
"680510","2399",0.25
"680510","3290",0.25
"680510","3319",0.25
"680520","1312",0.25
"680520","2399",0.25
"680520","3290",0.25
"680520","3319",0.25
"680530","1312",0.25
"680530","2399",0.25
"680530","3290",0.25
"680530","3319",0.25
"680610","1312",0.25
"680610","2399",0.25
"680610","3290",0.25
"680610","3319",0.25
"680620","1312",0.25
"680620","2399",0.25
"680620","3290",0.25
"680620","3319",0.25
"680690","1312",0.25
"680690","2399",0.25
"680690","3290",0.25
"680690","3319",0.25
"680710","1312",0.25
"680710","2399",0.25
"680710","3290",0.25
"680710","3319",0.25
"680790","1312",0.25
"680790","2399",0.25
"680790","3290",0.25
"680790","3319",0.25
"680800","2395",1
"680911","2395",1
"680919","2395",1
"680990","2395",1
"681011","2395",1
"681019","2395",1
"681091","2395",1
"681099","2395",1
"681140","2395",1
"681181","2395",1
"681182","2395",1
"681189","2395",1
"681280","1312",0.25
"681280","2399",0.25
"681280","3290",0.25
"681280","3319",0.25
"681291","1312",0.25
"681291","2399",0.25
"681291","3290",0.25
"681291","3319",0.25
"681299","1312",0.25
"681299","2399",0.25
"681299","3290",0.25
"681299","3319",0.25
"681320","1312",0.25
"681320","2399",0.25
"681320","3290",0.25
"681320","3319",0.25
"681381","1312",0.25
"681381","2399",0.25
"681381","3290",0.25
"681381","3319",0.25
"681389","1312",0.25
"681389","2399",0.25
"681389","3290",0.25
"681389","3319",0.25
"681410","1312",0.25
"681410","2399",0.25
"681410","3290",0.25
"681410","3319",0.25
"681490","1312",0.25
"681490","2399",0.25
"681490","3290",0.25
"681490","3319",0.25
"681511","1312",0.25
"681511","2399",0.25
"681511","3290",0.25
"681511","3319",0.25
"681512","1312",0.25
"681512","2399",0.25
"681512","3290",0.25
"681512","3319",0.25
"681513","1312",0.25
"681513","2399",0.25
"681513","3290",0.25
"681513","3319",0.25
"681519","1312",0.25
"681519","2399",0.25
"681519","3290",0.25
"681519","3319",0.25
"681520","1312",0.25
"681520","2399",0.25
"681520","3290",0.25
"681520","3319",0.25
"681591","2391",1
"681599","1312",0.25
"681599","2399",0.25
"681599","3290",0.25
"681599","3319",0.25
"690100","2391",1
"690210","2391",1
"690220","2391",1
"690290","2391",1
"690310","2391",1
"690320","2391",1
"690390","2391",1
"690410","2392",1
"690490","2392",1
"690510","2392",1
"690590","2392",1
"690600","2392",1
"690721","2392",1
"690722","2392",1
"690723","2392",1
"690730","2392",1
"690740","2392",1
"690911","2392",0.5
"690911","2393",0.5
"690912","2392",0.5
"690912","2393",0.5
"690919","2392",0.5
"690919","2393",0.5
"690990","2392",0.5
"690990","2393",0.5
"691010","2392",0.5
"691010","2393",0.5
"691090","2392",0.5
"691090","2393",0.5
"691110","2392",0.5
"691110","2393",0.5
"691190","2392",0.5
"691190","2393",0.5
"691200","2392",0.5
"691200","2393",0.5
"691310","2392",0.5
"691310","2393",0.5
"691390","2392",0.5
"691390","2393",0.5
"691410","2392",0.5
"691410","2393",0.5
"691490","2392",0.5
"691490","2393",0.5
"700100","2310",0.5
"700100","3319",0.5
"700210","2310",0.5
"700210","3319",0.5
"700220","2310",0.5
"700220","3319",0.5
"700231","2310",0.5
"700231","3319",0.5
"700232","2310",0.5
"700232","3319",0.5
"700239","2310",0.5
"700239","3319",0.5
"700312","2310",0.5
"700312","3319",0.5
"700319","2310",0.5
"700319","3319",0.5
"700320","2310",0.5
"700320","3319",0.5
"700330","2310",0.5
"700330","3319",0.5
"700420","2310",0.5
"700420","3319",0.5
"700490","2310",0.5
"700490","3319",0.5
"700510","2310",0.5
"700510","3319",0.5
"700521","2310",0.5
"700521","3319",0.5
"700529","2310",0.5
"700529","3319",0.5
"700530","2310",0.5
"700530","3319",0.5
"700600","2310",0.5
"700600","3319",0.5
"700711","2310",0.5
"700711","3319",0.5
"700719","2310",0.5
"700719","3319",0.5
"700721","2310",0.5
"700721","3319",0.5
"700729","2310",0.5
"700729","3319",0.5
"700800","2310",0.5
"700800","3319",0.5
"700910","2310",0.5
"700910","3319",0.5
"700991","2310",0.5
"700991","3319",0.5
"700992","2310",0.5
"700992","3319",0.5
"701010","2310",0.5
"701010","3319",0.5
"701020","2310",0.5
"701020","3319",0.5
"701090","2310",0.5
"701090","3319",0.5
"701110","2310",0.5
"701110","3319",0.5
"701120","2310",0.5
"701120","3319",0.5
"701190","2310",0.5
"701190","3319",0.5
"701310","2310",0.5
"701310","3319",0.5
"701322","2310",0.5
"701322","3319",0.5
"701328","2310",0.5
"701328","3319",0.5
"701333","2310",0.5
"701333","3319",0.5
"701337","2310",0.5
"701337","3319",0.5
"701341","2310",0.5
"701341","3319",0.5
"701342","2310",0.5
"701342","3319",0.5
"701349","2310",0.5
"701349","3319",0.5
"701391","2310",0.5
"701391","3319",0.5
"701399","2310",0.5
"701399","3319",0.5
"701400","2310",0.5
"701400","3319",0.5
"701510","2310",0.5
"701510","3319",0.5
"701590","2310",0.5
"701590","3319",0.5
"701610","2310",0.5
"701610","3319",0.5
"701690","2310",0.5
"701690","3319",0.5
"701710","2310",0.5
"701710","3319",0.5
"701720","2310",0.5
"701720","3319",0.5
"701790","2310",0.5
"701790","3319",0.5
"701810","2310",0.5
"701810","3319",0.5
"701820","2310",0.5
"701820","3319",0.5
"701890","2310",0.5
"701890","3319",0.5
"701911","2310",0.5
"701911","3319",0.5
"701912","2310",0.5
"701912","3319",0.5
"701913","2310",0.5
"701913","3319",0.5
"701914","2310",0.5
"701914","3319",0.5
"701915","2310",0.5
"701915","3319",0.5
"701919","2310",0.5
"701919","3319",0.5
"701961","1311",0.5
"701961","1312",0.5
"701962","2310",0.5
"701962","3319",0.5
"701963","1311",0.5
"701963","1312",0.5
"701964","1311",0.5
"701964","1312",0.5
"701965","1311",0.5
"701965","1312",0.5
"701966","1311",0.5
"701966","1312",0.5
"701969","2310",0.5
"701969","3319",0.5
"701971","2310",0.5
"701971","3319",0.5
"701972","2310",0.5
"701972","3319",0.5
"701973","2310",0.5
"701973","3319",0.5
"701980","2310",0.5
"701980","3319",0.5
"701990","2310",0.5
"701990","3319",0.5
"702000","2310",0.5
"702000","3319",0.5
"710110","0311",0.25
"710110","0312",0.25
"710110","0321",0.25
"710110","0322",0.25
"710121","0311",0.25
"710121","0312",0.25
"710121","0321",0.25
"710121","0322",0.25
"710122","3211",1
"710210","0810",0.333333333333333
"710210","0899",0.333333333333333
"710210","0990",0.333333333333333
"710221","0810",0.333333333333333
"710221","0899",0.333333333333333
"710221","0990",0.333333333333333
"710229","3211",1
"710231","0810",0.333333333333333
"710231","0899",0.333333333333333
"710231","0990",0.333333333333333
"710239","3211",1
"710310","0810",0.333333333333333
"710310","0899",0.333333333333333
"710310","0990",0.333333333333333
"710391","3211",1
"710399","3211",1
"710410","1910",0.5
"710410","2011",0.5
"710421","1910",0.5
"710421","2011",0.5
"710429","1910",0.5
"710429","2011",0.5
"710491","3211",1
"710499","3211",1
"710510","3211",1
"710590","3211",1
"710610","2420",1
"710691","2420",1
"710692","2420",1
"710700","2420",1
"710811","2420",1
"710812","2420",1
"710813","2420",1
"710820","2420",1
"710900","2420",1
"711011","2420",1
"711019","2420",1
"711021","2420",1
"711029","2420",1
"711031","2420",1
"711039","2420",1
"711041","2420",1
"711049","2420",1
"711100","2420",1
"711311","3211",1
"711319","3211",1
"711320","3211",1
"711411","3211",1
"711419","3211",1
"711420","3211",1
"711510","3211",1
"711590","3211",1
"711610","3211",1
"711620","3211",1
"711711","1399",0.0769230769230769
"711711","1512",0.0769230769230769
"711711","1629",0.0769230769230769
"711711","1709",0.0769230769230769
"711711","2029",0.0769230769230769
"711711","2219",0.0769230769230769
"711711","2220",0.0769230769230769
"711711","2599",0.0769230769230769
"711711","2829",0.0769230769230769
"711711","3092",0.0769230769230769
"711711","3212",0.0769230769230769
"711711","3290",0.0769230769230769
"711711","3312",0.0769230769230769
"711719","1399",0.0769230769230769
"711719","1512",0.0769230769230769
"711719","1629",0.0769230769230769
"711719","1709",0.0769230769230769
"711719","2029",0.0769230769230769
"711719","2219",0.0769230769230769
"711719","2220",0.0769230769230769
"711719","2599",0.0769230769230769
"711719","2829",0.0769230769230769
"711719","3092",0.0769230769230769
"711719","3212",0.0769230769230769
"711719","3290",0.0769230769230769
"711719","3312",0.0769230769230769
"711790","1399",0.0769230769230769
"711790","1512",0.0769230769230769
"711790","1629",0.0769230769230769
"711790","1709",0.0769230769230769
"711790","2029",0.0769230769230769
"711790","2219",0.0769230769230769
"711790","2220",0.0769230769230769
"711790","2599",0.0769230769230769
"711790","2829",0.0769230769230769
"711790","3092",0.0769230769230769
"711790","3212",0.0769230769230769
"711790","3290",0.0769230769230769
"711790","3312",0.0769230769230769
"711810","3211",1
"711890","3211",1
"720110","2410",0.5
"720110","2431",0.5
"720120","2410",0.5
"720120","2431",0.5
"720150","2410",0.5
"720150","2431",0.5
"720211","2410",0.5
"720211","2431",0.5
"720219","2410",0.5
"720219","2431",0.5
"720221","2410",0.5
"720221","2431",0.5
"720229","2410",0.5
"720229","2431",0.5
"720230","2410",0.5
"720230","2431",0.5
"720241","2410",0.5
"720241","2431",0.5
"720249","2410",0.5
"720249","2431",0.5
"720250","2410",0.5
"720250","2431",0.5
"720260","2410",0.5
"720260","2431",0.5
"720270","2410",0.5
"720270","2431",0.5
"720280","2410",0.5
"720280","2431",0.5
"720291","2410",0.5
"720291","2431",0.5
"720292","2410",0.5
"720292","2431",0.5
"720293","2410",0.5
"720293","2431",0.5
"720299","2410",0.5
"720299","2431",0.5
"720310","2410",0.5
"720310","2431",0.5
"720390","2410",0.5
"720390","2431",0.5
"720510","2410",0.5
"720510","2431",0.5
"720521","2410",0.5
"720521","2431",0.5
"720529","2410",0.5
"720529","2431",0.5
"720610","2410",0.5
"720610","2431",0.5
"720690","2410",0.5
"720690","2431",0.5
"720711","2410",0.5
"720711","2431",0.5
"720712","2410",0.5
"720712","2431",0.5
"720719","2410",0.5
"720719","2431",0.5
"720720","2410",0.5
"720720","2431",0.5
"720810","2410",0.5
"720810","2431",0.5
"720825","2410",0.5
"720825","2431",0.5
"720826","2410",0.5
"720826","2431",0.5
"720827","2410",0.5
"720827","2431",0.5
"720836","2410",0.5
"720836","2431",0.5
"720837","2410",0.5
"720837","2431",0.5
"720838","2410",0.5
"720838","2431",0.5
"720839","2410",0.5
"720839","2431",0.5
"720840","2410",0.5
"720840","2431",0.5
"720851","2410",0.5
"720851","2431",0.5
"720852","2410",0.5
"720852","2431",0.5
"720853","2410",0.5
"720853","2431",0.5
"720854","2410",0.5
"720854","2431",0.5
"720890","2410",0.5
"720890","2431",0.5
"720915","2410",0.5
"720915","2431",0.5
"720916","2410",0.5
"720916","2431",0.5
"720917","2410",0.5
"720917","2431",0.5
"720918","2410",0.5
"720918","2431",0.5
"720925","2410",0.5
"720925","2431",0.5
"720926","2410",0.5
"720926","2431",0.5
"720927","2410",0.5
"720927","2431",0.5
"720928","2410",0.5
"720928","2431",0.5
"720990","2410",0.5
"720990","2431",0.5
"721011","2410",0.5
"721011","2431",0.5
"721012","2410",0.5
"721012","2431",0.5
"721020","2410",0.5
"721020","2431",0.5
"721030","2410",0.5
"721030","2431",0.5
"721041","2410",0.5
"721041","2431",0.5
"721049","2410",0.5
"721049","2431",0.5
"721050","2410",0.5
"721050","2431",0.5
"721061","2410",0.5
"721061","2431",0.5
"721069","2410",0.5
"721069","2431",0.5
"721070","2410",0.5
"721070","2431",0.5
"721090","2410",0.5
"721090","2431",0.5
"721113","2410",0.5
"721113","2431",0.5
"721114","2410",0.5
"721114","2431",0.5
"721119","2410",0.5
"721119","2431",0.5
"721123","2410",0.5
"721123","2431",0.5
"721129","2410",0.5
"721129","2431",0.5
"721190","2410",0.5
"721190","2431",0.5
"721210","2410",0.5
"721210","2431",0.5
"721220","2410",0.5
"721220","2431",0.5
"721230","2410",0.5
"721230","2431",0.5
"721240","2410",0.5
"721240","2431",0.5
"721250","2410",0.5
"721250","2431",0.5
"721260","2410",0.5
"721260","2431",0.5
"721310","2410",0.5
"721310","2431",0.5
"721320","2410",0.5
"721320","2431",0.5
"721391","2410",0.5
"721391","2431",0.5
"721399","2410",0.5
"721399","2431",0.5
"721410","2410",0.5
"721410","2431",0.5
"721420","2410",0.5
"721420","2431",0.5
"721430","2410",0.5
"721430","2431",0.5
"721491","2410",0.5
"721491","2431",0.5
"721499","2410",0.5
"721499","2431",0.5
"721510","2410",0.5
"721510","2431",0.5
"721550","2410",0.5
"721550","2431",0.5
"721590","2410",0.5
"721590","2431",0.5
"721610","2410",0.5
"721610","2431",0.5
"721621","2410",0.5
"721621","2431",0.5
"721622","2410",0.5
"721622","2431",0.5
"721631","2410",0.5
"721631","2431",0.5
"721632","2410",0.5
"721632","2431",0.5
"721633","2410",0.5
"721633","2431",0.5
"721640","2410",0.5
"721640","2431",0.5
"721650","2410",0.5
"721650","2431",0.5
"721661","2410",0.5
"721661","2431",0.5
"721669","2410",0.5
"721669","2431",0.5
"721691","2410",0.5
"721691","2431",0.5
"721699","2410",0.5
"721699","2431",0.5
"721710","2410",0.5
"721710","2431",0.5
"721720","2410",0.5
"721720","2431",0.5
"721730","2410",0.5
"721730","2431",0.5
"721790","2410",0.5
"721790","2431",0.5
"721810","2410",0.5
"721810","2431",0.5
"721891","2410",0.5
"721891","2431",0.5
"721899","2410",0.5
"721899","2431",0.5
"721911","2410",0.5
"721911","2431",0.5
"721912","2410",0.5
"721912","2431",0.5
"721913","2410",0.5
"721913","2431",0.5
"721914","2410",0.5
"721914","2431",0.5
"721921","2410",0.5
"721921","2431",0.5
"721922","2410",0.5
"721922","2431",0.5
"721923","2410",0.5
"721923","2431",0.5
"721924","2410",0.5
"721924","2431",0.5
"721931","2410",0.5
"721931","2431",0.5
"721932","2410",0.5
"721932","2431",0.5
"721933","2410",0.5
"721933","2431",0.5
"721934","2410",0.5
"721934","2431",0.5
"721935","2410",0.5
"721935","2431",0.5
"721990","2410",0.5
"721990","2431",0.5
"722011","2410",0.5
"722011","2431",0.5
"722012","2410",0.5
"722012","2431",0.5
"722020","2410",0.5
"722020","2431",0.5
"722090","2410",0.5
"722090","2431",0.5
"722100","2410",0.5
"722100","2431",0.5
"722211","2410",0.5
"722211","2431",0.5
"722219","2410",0.5
"722219","2431",0.5
"722220","2410",0.5
"722220","2431",0.5
"722230","2410",0.5
"722230","2431",0.5
"722240","2410",0.5
"722240","2431",0.5
"722300","2410",0.5
"722300","2431",0.5
"722410","2410",0.5
"722410","2431",0.5
"722490","2410",0.5
"722490","2431",0.5
"722511","2410",0.5
"722511","2431",0.5
"722519","2410",0.5
"722519","2431",0.5
"722530","2410",0.5
"722530","2431",0.5
"722540","2410",0.5
"722540","2431",0.5
"722550","2410",0.5
"722550","2431",0.5
"722591","2410",0.5
"722591","2431",0.5
"722592","2410",0.5
"722592","2431",0.5
"722599","2410",0.5
"722599","2431",0.5
"722611","2410",0.5
"722611","2431",0.5
"722619","2410",0.5
"722619","2431",0.5
"722620","2410",0.5
"722620","2431",0.5
"722691","2410",0.5
"722691","2431",0.5
"722692","2410",0.5
"722692","2431",0.5
"722699","2410",0.5
"722699","2431",0.5
"722710","2410",0.5
"722710","2431",0.5
"722720","2410",0.5
"722720","2431",0.5
"722790","2410",0.5
"722790","2431",0.5
"722810","2410",0.5
"722810","2431",0.5
"722820","2410",0.5
"722820","2431",0.5
"722830","2410",0.5
"722830","2431",0.5
"722840","2410",0.5
"722840","2431",0.5
"722850","2410",0.5
"722850","2431",0.5
"722860","2410",0.5
"722860","2431",0.5
"722870","2410",0.5
"722870","2431",0.5
"722880","2410",0.5
"722880","2431",0.5
"722920","2410",0.5
"722920","2431",0.5
"722990","2410",0.5
"722990","2431",0.5
"730110","2410",0.5
"730110","2431",0.5
"730120","2410",0.5
"730120","2431",0.5
"730210","2410",0.5
"730210","2431",0.5
"730230","2410",0.5
"730230","2431",0.5
"730240","2410",0.5
"730240","2431",0.5
"730290","2410",0.5
"730290","2431",0.5
"730300","2410",0.5
"730300","2431",0.5
"730411","2410",0.5
"730411","2431",0.5
"730419","2410",0.5
"730419","2431",0.5
"730422","2410",0.5
"730422","2431",0.5
"730423","2410",0.5
"730423","2431",0.5
"730424","2410",0.5
"730424","2431",0.5
"730429","2410",0.5
"730429","2431",0.5
"730431","2410",0.5
"730431","2431",0.5
"730439","2410",0.5
"730439","2431",0.5
"730441","2410",0.5
"730441","2431",0.5
"730449","2410",0.5
"730449","2431",0.5
"730451","2410",0.5
"730451","2431",0.5
"730459","2410",0.5
"730459","2431",0.5
"730490","2410",0.5
"730490","2431",0.5
"730511","2410",0.5
"730511","2431",0.5
"730512","2410",0.5
"730512","2431",0.5
"730519","2410",0.5
"730519","2431",0.5
"730520","2410",0.5
"730520","2431",0.5
"730531","2410",0.5
"730531","2431",0.5
"730539","2410",0.5
"730539","2431",0.5
"730590","2410",0.5
"730590","2431",0.5
"730611","2410",0.5
"730611","2431",0.5
"730619","2410",0.5
"730619","2431",0.5
"730621","2410",0.5
"730621","2431",0.5
"730629","2410",0.5
"730629","2431",0.5
"730630","2410",0.5
"730630","2431",0.5
"730640","2410",0.5
"730640","2431",0.5
"730650","2410",0.5
"730650","2431",0.5
"730661","2410",0.5
"730661","2431",0.5
"730669","2410",0.5
"730669","2431",0.5
"730690","2410",0.5
"730690","2431",0.5
"730711","2410",0.5
"730711","2431",0.5
"730719","2410",0.5
"730719","2431",0.5
"730721","2410",0.5
"730721","2431",0.5
"730722","2410",0.5
"730722","2431",0.5
"730723","2410",0.5
"730723","2431",0.5
"730729","2410",0.5
"730729","2431",0.5
"730791","2410",0.5
"730791","2431",0.5
"730792","2410",0.5
"730792","2431",0.5
"730793","2410",0.5
"730793","2431",0.5
"730799","2410",0.5
"730799","2431",0.5
"730810","2511",0.5
"730810","3311",0.5
"730820","2511",0.5
"730820","3311",0.5
"730830","2511",0.5
"730830","3311",0.5
"730840","2511",0.5
"730840","3311",0.5
"730890","2511",0.5
"730890","3311",0.5
"730900","2512",0.5
"730900","3311",0.5
"731010","2599",0.25
"731010","2817",0.25
"731010","3290",0.25
"731010","3311",0.25
"731021","2599",0.25
"731021","2817",0.25
"731021","3290",0.25
"731021","3311",0.25
"731029","2599",0.25
"731029","2817",0.25
"731029","3290",0.25
"731029","3311",0.25
"731100","2512",0.5
"731100","3311",0.5
"731210","2599",0.25
"731210","2817",0.25
"731210","3290",0.25
"731210","3311",0.25
"731290","2599",0.25
"731290","2817",0.25
"731290","3290",0.25
"731290","3311",0.25
"731300","2599",0.25
"731300","2817",0.25
"731300","3290",0.25
"731300","3311",0.25
"731412","2599",0.25
"731412","2817",0.25
"731412","3290",0.25
"731412","3311",0.25
"731414","2599",0.25
"731414","2817",0.25
"731414","3290",0.25
"731414","3311",0.25
"731419","2599",0.25
"731419","2817",0.25
"731419","3290",0.25
"731419","3311",0.25
"731420","2599",0.25
"731420","2817",0.25
"731420","3290",0.25
"731420","3311",0.25
"731431","2599",0.25
"731431","2817",0.25
"731431","3290",0.25
"731431","3311",0.25
"731439","2599",0.25
"731439","2817",0.25
"731439","3290",0.25
"731439","3311",0.25
"731441","2599",0.25
"731441","2817",0.25
"731441","3290",0.25
"731441","3311",0.25
"731442","2599",0.25
"731442","2817",0.25
"731442","3290",0.25
"731442","3311",0.25
"731449","2599",0.25
"731449","2817",0.25
"731449","3290",0.25
"731449","3311",0.25
"731450","2599",0.25
"731450","2817",0.25
"731450","3290",0.25
"731450","3311",0.25
"731511","2812",0.333333333333333
"731511","2814",0.333333333333333
"731511","3312",0.333333333333333
"731512","2812",0.333333333333333
"731512","2814",0.333333333333333
"731512","3312",0.333333333333333
"731519","2812",0.333333333333333
"731519","2814",0.333333333333333
"731519","3312",0.333333333333333
"731520","2599",0.25
"731520","2817",0.25
"731520","3290",0.25
"731520","3311",0.25
"731581","2599",0.25
"731581","2817",0.25
"731581","3290",0.25
"731581","3311",0.25
"731582","2599",0.25
"731582","2817",0.25
"731582","3290",0.25
"731582","3311",0.25
"731589","2599",0.25
"731589","2817",0.25
"731589","3290",0.25
"731589","3311",0.25
"731590","2599",0.25
"731590","2817",0.25
"731590","3290",0.25
"731590","3311",0.25
"731600","2599",0.25
"731600","2817",0.25
"731600","3290",0.25
"731600","3311",0.25
"731700","2599",0.25
"731700","2817",0.25
"731700","3290",0.25
"731700","3311",0.25
"731811","2599",0.25
"731811","2817",0.25
"731811","3290",0.25
"731811","3311",0.25
"731812","2599",0.25
"731812","2817",0.25
"731812","3290",0.25
"731812","3311",0.25
"731813","2599",0.25
"731813","2817",0.25
"731813","3290",0.25
"731813","3311",0.25
"731814","2599",0.25
"731814","2817",0.25
"731814","3290",0.25
"731814","3311",0.25
"731815","2599",0.25
"731815","2817",0.25
"731815","3290",0.25
"731815","3311",0.25
"731816","2599",0.25
"731816","2817",0.25
"731816","3290",0.25
"731816","3311",0.25
"731819","2599",0.25
"731819","2817",0.25
"731819","3290",0.25
"731819","3311",0.25
"731821","2599",0.25
"731821","2817",0.25
"731821","3290",0.25
"731821","3311",0.25
"731822","2599",0.25
"731822","2817",0.25
"731822","3290",0.25
"731822","3311",0.25
"731823","2599",0.25
"731823","2817",0.25
"731823","3290",0.25
"731823","3311",0.25
"731824","2599",0.25
"731824","2817",0.25
"731824","3290",0.25
"731824","3311",0.25
"731829","2599",0.25
"731829","2817",0.25
"731829","3290",0.25
"731829","3311",0.25
"731940","2599",0.25
"731940","2817",0.25
"731940","3290",0.25
"731940","3311",0.25
"731990","2599",0.25
"731990","2817",0.25
"731990","3290",0.25
"731990","3311",0.25
"732010","2599",0.25
"732010","2817",0.25
"732010","3290",0.25
"732010","3311",0.25
"732020","2599",0.25
"732020","2817",0.25
"732020","3290",0.25
"732020","3311",0.25
"732090","2599",0.25
"732090","2817",0.25
"732090","3290",0.25
"732090","3311",0.25
"732111","2750",0.333333333333333
"732111","2815",0.333333333333333
"732111","2819",0.333333333333333
"732112","2750",0.333333333333333
"732112","2815",0.333333333333333
"732112","2819",0.333333333333333
"732119","2750",0.333333333333333
"732119","2815",0.333333333333333
"732119","2819",0.333333333333333
"732181","2750",0.333333333333333
"732181","2815",0.333333333333333
"732181","2819",0.333333333333333
"732182","2750",0.333333333333333
"732182","2815",0.333333333333333
"732182","2819",0.333333333333333
"732189","2750",0.333333333333333
"732189","2815",0.333333333333333
"732189","2819",0.333333333333333
"732190","2750",0.333333333333333
"732190","2815",0.333333333333333
"732190","2819",0.333333333333333
"732211","2512",0.5
"732211","3311",0.5
"732219","2512",0.5
"732219","3311",0.5
"732290","2750",0.333333333333333
"732290","2815",0.333333333333333
"732290","2819",0.333333333333333
"732310","2599",0.25
"732310","2817",0.25
"732310","3290",0.25
"732310","3311",0.25
"732391","2599",0.25
"732391","2817",0.25
"732391","3290",0.25
"732391","3311",0.25
"732392","2599",0.25
"732392","2817",0.25
"732392","3290",0.25
"732392","3311",0.25
"732393","2599",0.25
"732393","2817",0.25
"732393","3290",0.25
"732393","3311",0.25
"732394","2599",0.25
"732394","2817",0.25
"732394","3290",0.25
"732394","3311",0.25
"732399","2599",0.25
"732399","2817",0.25
"732399","3290",0.25
"732399","3311",0.25
"732410","2599",0.25
"732410","2817",0.25
"732410","3290",0.25
"732410","3311",0.25
"732421","2599",0.25
"732421","2817",0.25
"732421","3290",0.25
"732421","3311",0.25
"732429","2599",0.25
"732429","2817",0.25
"732429","3290",0.25
"732429","3311",0.25
"732490","2599",0.25
"732490","2817",0.25
"732490","3290",0.25
"732490","3311",0.25
"732510","2599",0.25
"732510","2817",0.25
"732510","3290",0.25
"732510","3311",0.25
"732591","2599",0.25
"732591","2817",0.25
"732591","3290",0.25
"732591","3311",0.25
"732599","2599",0.25
"732599","2817",0.25
"732599","3290",0.25
"732599","3311",0.25
"732611","2599",0.25
"732611","2817",0.25
"732611","3290",0.25
"732611","3311",0.25
"732619","2599",0.25
"732619","2817",0.25
"732619","3290",0.25
"732619","3311",0.25
"732620","2599",0.25
"732620","2817",0.25
"732620","3290",0.25
"732620","3311",0.25
"732690","2599",0.25
"732690","2817",0.25
"732690","3290",0.25
"732690","3311",0.25
"740100","2420",1
"740200","2420",1
"740311","2420",1
"740312","2420",1
"740313","2420",1
"740319","2420",1
"740321","2420",1
"740322","2420",1
"740329","2420",1
"740500","2420",1
"740610","2420",1
"740620","2420",1
"740710","2420",1
"740721","2420",1
"740729","2420",1
"740811","2420",1
"740819","2420",1
"740821","2420",1
"740822","2420",1
"740829","2420",1
"740911","2420",1
"740919","2420",1
"740921","2420",1
"740929","2420",1
"740931","2420",1
"740939","2420",1
"740940","2420",1
"740990","2420",1
"741011","2420",1
"741012","2420",1
"741021","2420",1
"741022","2420",1
"741110","2420",1
"741121","2420",1
"741122","2420",1
"741129","2420",1
"741210","2420",1
"741220","2420",1
"741300","2599",0.25
"741300","2817",0.25
"741300","3290",0.25
"741300","3311",0.25
"741510","2599",0.25
"741510","2817",0.25
"741510","3290",0.25
"741510","3311",0.25
"741521","2599",0.25
"741521","2817",0.25
"741521","3290",0.25
"741521","3311",0.25
"741529","2599",0.25
"741529","2817",0.25
"741529","3290",0.25
"741529","3311",0.25
"741533","2599",0.25
"741533","2817",0.25
"741533","3290",0.25
"741533","3311",0.25
"741539","2599",0.25
"741539","2817",0.25
"741539","3290",0.25
"741539","3311",0.25
"741810","2599",0.25
"741810","2817",0.25
"741810","3290",0.25
"741810","3311",0.25
"741820","2599",0.25
"741820","2817",0.25
"741820","3290",0.25
"741820","3311",0.25
"741920","2599",0.25
"741920","2817",0.25
"741920","3290",0.25
"741920","3311",0.25
"741980","2599",0.25
"741980","2817",0.25
"741980","3290",0.25
"741980","3311",0.25
"750110","2420",1
"750120","2420",1
"750210","2420",1
"750220","2420",1
"750400","2420",1
"750511","2420",1
"750512","2420",1
"750521","2420",1
"750522","2420",1
"750610","2420",1
"750620","2420",1
"750711","2420",1
"750712","2420",1
"750720","2420",1
"750810","2599",0.25
"750810","2817",0.25
"750810","3290",0.25
"750810","3311",0.25
"750890","2599",0.25
"750890","2817",0.25
"750890","3290",0.25
"750890","3311",0.25
"760110","2420",1
"760120","2420",1
"760310","2420",1
"760320","2420",1
"760410","2420",1
"760421","2420",1
"760429","2420",1
"760511","2420",1
"760519","2420",1
"760521","2420",1
"760529","2420",1
"760611","2420",1
"760612","2420",1
"760691","2420",1
"760692","2420",1
"760711","2420",1
"760719","2420",1
"760720","2420",1
"760810","2420",1
"760820","2420",1
"760900","2420",1
"761010","2511",0.5
"761010","3311",0.5
"761090","2511",0.5
"761090","3311",0.5
"761100","2512",0.5
"761100","3311",0.5
"761210","2599",0.25
"761210","2817",0.25
"761210","3290",0.25
"761210","3311",0.25
"761290","2599",0.25
"761290","2817",0.25
"761290","3290",0.25
"761290","3311",0.25
"761300","2512",0.5
"761300","3311",0.5
"761410","2599",0.25
"761410","2817",0.25
"761410","3290",0.25
"761410","3311",0.25
"761490","2599",0.25
"761490","2817",0.25
"761490","3290",0.25
"761490","3311",0.25
"761510","2599",0.25
"761510","2817",0.25
"761510","3290",0.25
"761510","3311",0.25
"761520","2599",0.25
"761520","2817",0.25
"761520","3290",0.25
"761520","3311",0.25
"761610","2599",0.25
"761610","2817",0.25
"761610","3290",0.25
"761610","3311",0.25
"761691","2599",0.25
"761691","2817",0.25
"761691","3290",0.25
"761691","3311",0.25
"761699","2599",0.25
"761699","2817",0.25
"761699","3290",0.25
"761699","3311",0.25
"780110","2420",1
"780191","2420",1
"780199","2420",1
"780411","2420",1
"780419","2420",1
"780420","2420",1
"780600","2599",0.25
"780600","2817",0.25
"780600","3290",0.25
"780600","3311",0.25
"790111","2420",1
"790112","2420",1
"790120","2420",1
"790310","2420",1
"790390","2420",1
"790400","2420",1
"790500","2420",1
"790700","2599",0.25
"790700","2817",0.25
"790700","3290",0.25
"790700","3311",0.25
"800110","2420",1
"800120","2420",1
"800300","2420",1
"800700","2599",0.25
"800700","2817",0.25
"800700","3290",0.25
"800700","3311",0.25
"810110","2420",1
"810194","2420",1
"810196","2420",1
"810197","2420",1
"810199","2420",1
"810210","2420",1
"810294","2420",1
"810295","2420",1
"810296","2420",1
"810297","2420",1
"810299","2420",1
"810320","2420",1
"810330","2420",1
"810391","2420",1
"810399","2420",1
"810411","2420",1
"810419","2420",1
"810420","2420",1
"810430","2420",1
"810490","2420",1
"810520","2420",1
"810530","2420",1
"810590","2420",1
"810610","2420",1
"810690","2420",1
"810820","2420",1
"810830","2420",1
"810890","2420",1
"810921","2420",1
"810929","2420",1
"810931","2420",1
"810939","2420",1
"810991","2420",1
"810999","2420",1
"811010","2420",1
"811020","2420",1
"811090","2420",1
"811100","2420",1
"811212","2420",1
"811213","2420",1
"811219","2420",1
"811221","2420",1
"811222","2420",1
"811229","2420",1
"811231","2420",1
"811239","2420",1
"811241","2420",1
"811249","2420",1
"811251","2420",1
"811252","2420",1
"811259","2420",1
"811261","2420",1
"811269","2420",1
"811292","2420",1
"811299","2420",1
"811300","2420",1
"820110","2593",0.5
"820110","3311",0.5
"820130","2593",0.5
"820130","3311",0.5
"820140","2593",0.5
"820140","3311",0.5
"820150","2593",0.5
"820150","3311",0.5
"820160","2593",0.5
"820160","3311",0.5
"820190","2593",0.5
"820190","3311",0.5
"820210","2593",0.5
"820210","3311",0.5
"820220","2593",0.5
"820220","3311",0.5
"820231","2593",0.5
"820231","3311",0.5
"820239","2593",0.5
"820239","3311",0.5
"820240","2593",0.5
"820240","3311",0.5
"820291","2593",0.5
"820291","3311",0.5
"820299","2593",0.5
"820299","3311",0.5
"820310","2593",0.5
"820310","3311",0.5
"820320","2593",0.5
"820320","3311",0.5
"820330","2593",0.5
"820330","3311",0.5
"820340","2593",0.5
"820340","3311",0.5
"820411","2593",0.5
"820411","3311",0.5
"820412","2593",0.5
"820412","3311",0.5
"820420","2593",0.5
"820420","3311",0.5
"820510","2593",0.5
"820510","3311",0.5
"820520","2593",0.5
"820520","3311",0.5
"820530","2593",0.5
"820530","3311",0.5
"820540","2593",0.5
"820540","3311",0.5
"820551","2593",0.5
"820551","3311",0.5
"820559","2593",0.5
"820559","3311",0.5
"820560","2593",0.5
"820560","3311",0.5
"820570","2593",0.5
"820570","3311",0.5
"820590","2593",0.5
"820590","3311",0.5
"820600","2593",0.5
"820600","3311",0.5
"820713","2593",0.5
"820713","3311",0.5
"820719","2593",0.5
"820719","3311",0.5
"820720","2593",0.5
"820720","3311",0.5
"820730","2593",0.5
"820730","3311",0.5
"820740","2593",0.5
"820740","3311",0.5
"820750","2593",0.5
"820750","3311",0.5
"820760","2593",0.5
"820760","3311",0.5
"820770","2593",0.5
"820770","3311",0.5
"820780","2593",0.5
"820780","3311",0.5
"820790","2593",0.5
"820790","3311",0.5
"820810","2593",0.5
"820810","3311",0.5
"820820","2593",0.5
"820820","3311",0.5
"820830","2593",0.5
"820830","3311",0.5
"820840","2593",0.5
"820840","3311",0.5
"820890","2593",0.5
"820890","3311",0.5
"820900","2593",0.5
"820900","3311",0.5
"821000","2599",0.25
"821000","2817",0.25
"821000","3290",0.25
"821000","3311",0.25
"821110","2593",0.5
"821110","3311",0.5
"821191","2593",0.5
"821191","3311",0.5
"821192","2593",0.5
"821192","3311",0.5
"821193","2593",0.5
"821193","3311",0.5
"821194","2593",0.5
"821194","3311",0.5
"821195","2593",0.5
"821195","3311",0.5
"821210","2593",0.5
"821210","3311",0.5
"821220","2593",0.5
"821220","3311",0.5
"821290","2593",0.5
"821290","3311",0.5
"821300","2593",0.5
"821300","3311",0.5
"821410","2593",0.5
"821410","3311",0.5
"821420","2593",0.5
"821420","3311",0.5
"821490","2593",0.5
"821490","3311",0.5
"821510","2593",0.5
"821510","3311",0.5
"821520","2593",0.5
"821520","3311",0.5
"821591","2593",0.5
"821591","3311",0.5
"821599","2593",0.5
"821599","3311",0.5
"830110","2593",0.5
"830110","3311",0.5
"830120","2593",0.5
"830120","3311",0.5
"830130","2593",0.5
"830130","3311",0.5
"830140","2593",0.5
"830140","3311",0.5
"830150","2593",0.5
"830150","3311",0.5
"830160","2593",0.5
"830160","3311",0.5
"830170","2593",0.5
"830170","3311",0.5
"830210","2599",0.25
"830210","2817",0.25
"830210","3290",0.25
"830210","3311",0.25
"830220","2599",0.25
"830220","2817",0.25
"830220","3290",0.25
"830220","3311",0.25
"830230","2599",0.25
"830230","2817",0.25
"830230","3290",0.25
"830230","3311",0.25
"830241","2599",0.25
"830241","2817",0.25
"830241","3290",0.25
"830241","3311",0.25
"830242","2599",0.25
"830242","2817",0.25
"830242","3290",0.25
"830242","3311",0.25
"830249","2599",0.25
"830249","2817",0.25
"830249","3290",0.25
"830249","3311",0.25
"830250","2599",0.25
"830250","2817",0.25
"830250","3290",0.25
"830250","3311",0.25
"830260","2599",0.25
"830260","2817",0.25
"830260","3290",0.25
"830260","3311",0.25
"830300","2599",0.25
"830300","2817",0.25
"830300","3290",0.25
"830300","3311",0.25
"830400","2599",0.25
"830400","2817",0.25
"830400","3290",0.25
"830400","3311",0.25
"830510","2599",0.25
"830510","2817",0.25
"830510","3290",0.25
"830510","3311",0.25
"830520","2599",0.25
"830520","2817",0.25
"830520","3290",0.25
"830520","3311",0.25
"830590","2599",0.25
"830590","2817",0.25
"830590","3290",0.25
"830590","3311",0.25
"830610","2599",0.25
"830610","2817",0.25
"830610","3290",0.25
"830610","3311",0.25
"830621","2599",0.25
"830621","2817",0.25
"830621","3290",0.25
"830621","3311",0.25
"830629","2599",0.25
"830629","2817",0.25
"830629","3290",0.25
"830629","3311",0.25
"830630","2599",0.25
"830630","2817",0.25
"830630","3290",0.25
"830630","3311",0.25
"830710","2599",0.25
"830710","2817",0.25
"830710","3290",0.25
"830710","3311",0.25
"830790","2599",0.25
"830790","2817",0.25
"830790","3290",0.25
"830790","3311",0.25
"830810","2599",0.25
"830810","2817",0.25
"830810","3290",0.25
"830810","3311",0.25
"830820","2599",0.25
"830820","2817",0.25
"830820","3290",0.25
"830820","3311",0.25
"830890","2599",0.25
"830890","2817",0.25
"830890","3290",0.25
"830890","3311",0.25
"830910","2599",0.25
"830910","2817",0.25
"830910","3290",0.25
"830910","3311",0.25
"830990","2599",0.25
"830990","2817",0.25
"830990","3290",0.25
"830990","3311",0.25
"831000","2599",0.25
"831000","2817",0.25
"831000","3290",0.25
"831000","3311",0.25
"831110","2599",0.25
"831110","2817",0.25
"831110","3290",0.25
"831110","3311",0.25
"831120","2599",0.25
"831120","2817",0.25
"831120","3290",0.25
"831120","3311",0.25
"831130","2599",0.25
"831130","2817",0.25
"831130","3290",0.25
"831130","3311",0.25
"831190","2599",0.25
"831190","2817",0.25
"831190","3290",0.25
"831190","3311",0.25
"840110","2513",0.333333333333333
"840110","3311",0.333333333333333
"840110","3320",0.333333333333333
"840120","2593",0.125
"840120","2790",0.125
"840120","2826",0.125
"840120","2829",0.125
"840120","3311",0.125
"840120","3312",0.125
"840120","3314",0.125
"840120","3320",0.125
"840130","2011",0.2
"840130","2100",0.2
"840130","2420",0.2
"840130","3812",0.2
"840130","3822",0.2
"840140","2513",0.333333333333333
"840140","3311",0.333333333333333
"840140","3320",0.333333333333333
"840211","2513",0.333333333333333
"840211","3311",0.333333333333333
"840211","3320",0.333333333333333
"840212","2513",0.333333333333333
"840212","3311",0.333333333333333
"840212","3320",0.333333333333333
"840219","2513",0.333333333333333
"840219","3311",0.333333333333333
"840219","3320",0.333333333333333
"840220","2513",0.333333333333333
"840220","3311",0.333333333333333
"840220","3320",0.333333333333333
"840290","2513",0.333333333333333
"840290","3311",0.333333333333333
"840290","3320",0.333333333333333
"840310","2750",0.333333333333333
"840310","2815",0.333333333333333
"840310","2819",0.333333333333333
"840390","2750",0.333333333333333
"840390","2815",0.333333333333333
"840390","2819",0.333333333333333
"840410","2513",0.333333333333333
"840410","3311",0.333333333333333
"840410","3320",0.333333333333333
"840420","2513",0.333333333333333
"840420","3311",0.333333333333333
"840420","3320",0.333333333333333
"840490","2513",0.333333333333333
"840490","3311",0.333333333333333
"840490","3320",0.333333333333333
"840510","2819",0.25
"840510","3250",0.25
"840510","3312",0.25
"840510","3320",0.25
"840590","2819",0.25
"840590","3250",0.25
"840590","3312",0.25
"840590","3320",0.25
"840610","2811",0.333333333333333
"840610","3312",0.333333333333333
"840610","3320",0.333333333333333
"840681","2811",0.333333333333333
"840681","3312",0.333333333333333
"840681","3320",0.333333333333333
"840682","2811",0.333333333333333
"840682","3312",0.333333333333333
"840682","3320",0.333333333333333
"840690","2811",0.333333333333333
"840690","3312",0.333333333333333
"840690","3320",0.333333333333333
"840710","2811",0.25
"840710","2829",0.25
"840710","3030",0.25
"840710","3315",0.25
"840721","2811",0.333333333333333
"840721","3312",0.333333333333333
"840721","3320",0.333333333333333
"840729","2811",0.333333333333333
"840729","3312",0.333333333333333
"840729","3320",0.333333333333333
"840731","2910",1
"840732","2910",1
"840733","2910",1
"840734","2910",1
"840790","2811",0.333333333333333
"840790","3312",0.333333333333333
"840790","3320",0.333333333333333
"840810","2811",0.333333333333333
"840810","3312",0.333333333333333
"840810","3320",0.333333333333333
"840820","2910",1
"840890","2811",0.333333333333333
"840890","3312",0.333333333333333
"840890","3320",0.333333333333333
"840910","2811",0.25
"840910","2829",0.25
"840910","3030",0.25
"840910","3315",0.25
"840991","1392",0.333333333333333
"840991","2811",0.333333333333333
"840991","2930",0.333333333333333
"840999","1392",0.333333333333333
"840999","2811",0.333333333333333
"840999","2930",0.333333333333333
"841011","2811",0.333333333333333
"841011","3312",0.333333333333333
"841011","3320",0.333333333333333
"841012","2811",0.333333333333333
"841012","3312",0.333333333333333
"841012","3320",0.333333333333333
"841013","2811",0.333333333333333
"841013","3312",0.333333333333333
"841013","3320",0.333333333333333
"841090","2811",0.333333333333333
"841090","3312",0.333333333333333
"841090","3320",0.333333333333333
"841111","2811",0.25
"841111","2829",0.25
"841111","3030",0.25
"841111","3315",0.25
"841112","2811",0.25
"841112","2829",0.25
"841112","3030",0.25
"841112","3315",0.25
"841121","2811",0.25
"841121","2829",0.25
"841121","3030",0.25
"841121","3315",0.25
"841122","2811",0.25
"841122","2829",0.25
"841122","3030",0.25
"841122","3315",0.25
"841181","2811",0.333333333333333
"841181","3312",0.333333333333333
"841181","3320",0.333333333333333
"841182","2811",0.333333333333333
"841182","3312",0.333333333333333
"841182","3320",0.333333333333333
"841191","2811",0.25
"841191","2829",0.25
"841191","3030",0.25
"841191","3315",0.25
"841199","2811",0.333333333333333
"841199","3312",0.333333333333333
"841199","3320",0.333333333333333
"841210","2811",0.25
"841210","2829",0.25
"841210","3030",0.25
"841210","3315",0.25
"841221","2811",0.2
"841221","2812",0.2
"841221","2813",0.2
"841221","3312",0.2
"841221","3320",0.2
"841229","2811",0.2
"841229","2812",0.2
"841229","2813",0.2
"841229","3312",0.2
"841229","3320",0.2
"841231","2811",0.2
"841231","2812",0.2
"841231","2813",0.2
"841231","3312",0.2
"841231","3320",0.2
"841239","2811",0.2
"841239","2812",0.2
"841239","2813",0.2
"841239","3312",0.2
"841239","3320",0.2
"841280","2811",0.2
"841280","2812",0.2
"841280","2813",0.2
"841280","3312",0.2
"841280","3320",0.2
"841290","2811",0.2
"841290","2812",0.2
"841290","2813",0.2
"841290","3312",0.2
"841290","3320",0.2
"841311","2811",0.2
"841311","2812",0.2
"841311","2813",0.2
"841311","3312",0.2
"841311","3320",0.2
"841319","2811",0.2
"841319","2812",0.2
"841319","2813",0.2
"841319","3312",0.2
"841319","3320",0.2
"841320","2811",0.2
"841320","2812",0.2
"841320","2813",0.2
"841320","3312",0.2
"841320","3320",0.2
"841330","2811",0.2
"841330","2812",0.2
"841330","2813",0.2
"841330","3312",0.2
"841330","3320",0.2
"841340","2811",0.2
"841340","2812",0.2
"841340","2813",0.2
"841340","3312",0.2
"841340","3320",0.2
"841350","2811",0.2
"841350","2812",0.2
"841350","2813",0.2
"841350","3312",0.2
"841350","3320",0.2
"841360","2811",0.2
"841360","2812",0.2
"841360","2813",0.2
"841360","3312",0.2
"841360","3320",0.2
"841370","2811",0.2
"841370","2812",0.2
"841370","2813",0.2
"841370","3312",0.2
"841370","3320",0.2
"841381","2811",0.2
"841381","2812",0.2
"841381","2813",0.2
"841381","3312",0.2
"841381","3320",0.2
"841382","2811",0.2
"841382","2812",0.2
"841382","2813",0.2
"841382","3312",0.2
"841382","3320",0.2
"841391","2811",0.2
"841391","2812",0.2
"841391","2813",0.2
"841391","3312",0.2
"841391","3320",0.2
"841392","2811",0.2
"841392","2812",0.2
"841392","2813",0.2
"841392","3312",0.2
"841392","3320",0.2
"841410","2811",0.2
"841410","2812",0.2
"841410","2813",0.2
"841410","3312",0.2
"841410","3320",0.2
"841420","2811",0.2
"841420","2812",0.2
"841420","2813",0.2
"841420","3312",0.2
"841420","3320",0.2
"841430","2811",0.2
"841430","2812",0.2
"841430","2813",0.2
"841430","3312",0.2
"841430","3320",0.2
"841440","2811",0.2
"841440","2812",0.2
"841440","2813",0.2
"841440","3312",0.2
"841440","3320",0.2
"841451","2750",0.333333333333333
"841451","2815",0.333333333333333
"841451","2819",0.333333333333333
"841459","2819",0.25
"841459","3250",0.25
"841459","3312",0.25
"841459","3320",0.25
"841460","2750",0.333333333333333
"841460","2815",0.333333333333333
"841460","2819",0.333333333333333
"841470","2819",0.25
"841470","3250",0.25
"841470","3312",0.25
"841470","3320",0.25
"841480","2811",0.2
"841480","2812",0.2
"841480","2813",0.2
"841480","3312",0.2
"841480","3320",0.2
"841490","2811",0.2
"841490","2812",0.2
"841490","2813",0.2
"841490","3312",0.2
"841490","3320",0.2
"841510","2819",0.25
"841510","3250",0.25
"841510","3312",0.25
"841510","3320",0.25
"841520","2819",0.25
"841520","3250",0.25
"841520","3312",0.25
"841520","3320",0.25
"841581","2819",0.25
"841581","3250",0.25
"841581","3312",0.25
"841581","3320",0.25
"841582","2819",0.25
"841582","3250",0.25
"841582","3312",0.25
"841582","3320",0.25
"841583","2819",0.25
"841583","3250",0.25
"841583","3312",0.25
"841583","3320",0.25
"841590","2819",0.25
"841590","3250",0.25
"841590","3312",0.25
"841590","3320",0.25
"841610","2815",0.333333333333333
"841610","3312",0.333333333333333
"841610","3320",0.333333333333333
"841620","2815",0.333333333333333
"841620","3312",0.333333333333333
"841620","3320",0.333333333333333
"841630","2815",0.333333333333333
"841630","3312",0.333333333333333
"841630","3320",0.333333333333333
"841690","2815",0.333333333333333
"841690","3312",0.333333333333333
"841690","3320",0.333333333333333
"841710","2815",0.333333333333333
"841710","3312",0.333333333333333
"841710","3320",0.333333333333333
"841720","2825",0.333333333333333
"841720","3312",0.333333333333333
"841720","3320",0.333333333333333
"841780","2815",0.333333333333333
"841780","3312",0.333333333333333
"841780","3320",0.333333333333333
"841790","2815",0.333333333333333
"841790","3312",0.333333333333333
"841790","3320",0.333333333333333
"841810","2750",0.333333333333333
"841810","2815",0.333333333333333
"841810","2819",0.333333333333333
"841821","2750",0.333333333333333
"841821","2815",0.333333333333333
"841821","2819",0.333333333333333
"841829","2750",0.333333333333333
"841829","2815",0.333333333333333
"841829","2819",0.333333333333333
"841830","2750",0.333333333333333
"841830","2815",0.333333333333333
"841830","2819",0.333333333333333
"841840","2750",0.333333333333333
"841840","2815",0.333333333333333
"841840","2819",0.333333333333333
"841850","2819",0.25
"841850","3250",0.25
"841850","3312",0.25
"841850","3320",0.25
"841861","2819",0.25
"841861","3250",0.25
"841861","3312",0.25
"841861","3320",0.25
"841869","2819",0.25
"841869","3250",0.25
"841869","3312",0.25
"841869","3320",0.25
"841891","2819",0.25
"841891","3250",0.25
"841891","3312",0.25
"841891","3320",0.25
"841899","2819",0.25
"841899","3250",0.25
"841899","3312",0.25
"841899","3320",0.25
"841911","2750",0.333333333333333
"841911","2815",0.333333333333333
"841911","2819",0.333333333333333
"841912","2750",0.333333333333333
"841912","2815",0.333333333333333
"841912","2819",0.333333333333333
"841919","2750",0.333333333333333
"841919","2815",0.333333333333333
"841919","2819",0.333333333333333
"841920","2660",0.166666666666667
"841920","3250",0.166666666666667
"841920","3290",0.166666666666667
"841920","3313",0.166666666666667
"841920","3319",0.166666666666667
"841920","3320",0.166666666666667
"841933","2593",0.125
"841933","2790",0.125
"841933","2826",0.125
"841933","2829",0.125
"841933","3311",0.125
"841933","3312",0.125
"841933","3314",0.125
"841933","3320",0.125
"841934","2825",0.333333333333333
"841934","3312",0.333333333333333
"841934","3320",0.333333333333333
"841935","2593",0.125
"841935","2790",0.125
"841935","2826",0.125
"841935","2829",0.125
"841935","3311",0.125
"841935","3312",0.125
"841935","3314",0.125
"841935","3320",0.125
"841939","2593",0.125
"841939","2790",0.125
"841939","2826",0.125
"841939","2829",0.125
"841939","3311",0.125
"841939","3312",0.125
"841939","3314",0.125
"841939","3320",0.125
"841940","2819",0.25
"841940","3250",0.25
"841940","3312",0.25
"841940","3320",0.25
"841950","2819",0.25
"841950","3250",0.25
"841950","3312",0.25
"841950","3320",0.25
"841960","2819",0.25
"841960","3250",0.25
"841960","3312",0.25
"841960","3320",0.25
"841981","2825",0.333333333333333
"841981","3312",0.333333333333333
"841981","3320",0.333333333333333
"841989","2819",0.25
"841989","3250",0.25
"841989","3312",0.25
"841989","3320",0.25
"841990","2819",0.25
"841990","3250",0.25
"841990","3312",0.25
"841990","3320",0.25
"842010","2819",0.25
"842010","3250",0.25
"842010","3312",0.25
"842010","3320",0.25
"842091","2819",0.25
"842091","3250",0.25
"842091","3312",0.25
"842091","3320",0.25
"842099","2819",0.25
"842099","3250",0.25
"842099","3312",0.25
"842099","3320",0.25
"842111","2825",0.333333333333333
"842111","3312",0.333333333333333
"842111","3320",0.333333333333333
"842112","2593",0.125
"842112","2790",0.125
"842112","2826",0.125
"842112","2829",0.125
"842112","3311",0.125
"842112","3312",0.125
"842112","3314",0.125
"842112","3320",0.125
"842119","2819",0.25
"842119","3250",0.25
"842119","3312",0.25
"842119","3320",0.25
"842121","2819",0.25
"842121","3250",0.25
"842121","3312",0.25
"842121","3320",0.25
"842122","2819",0.25
"842122","3250",0.25
"842122","3312",0.25
"842122","3320",0.25
"842123","2819",0.25
"842123","3250",0.25
"842123","3312",0.25
"842123","3320",0.25
"842129","2819",0.25
"842129","3250",0.25
"842129","3312",0.25
"842129","3320",0.25
"842131","2819",0.25
"842131","3250",0.25
"842131","3312",0.25
"842131","3320",0.25
"842132","2819",0.25
"842132","3250",0.25
"842132","3312",0.25
"842132","3320",0.25
"842139","2819",0.25
"842139","3250",0.25
"842139","3312",0.25
"842139","3320",0.25
"842191","2819",0.25
"842191","3250",0.25
"842191","3312",0.25
"842191","3320",0.25
"842199","2819",0.25
"842199","3250",0.25
"842199","3312",0.25
"842199","3320",0.25
"842211","2750",0.333333333333333
"842211","2815",0.333333333333333
"842211","2819",0.333333333333333
"842219","2599",0.0909090909090909
"842219","2630",0.0909090909090909
"842219","2651",0.0909090909090909
"842219","2733",0.0909090909090909
"842219","2740",0.0909090909090909
"842219","2790",0.0909090909090909
"842219","2822",0.0909090909090909
"842219","2930",0.0909090909090909
"842219","3020",0.0909090909090909
"842219","3313",0.0909090909090909
"842219","3314",0.0909090909090909
"842220","2819",0.25
"842220","3250",0.25
"842220","3312",0.25
"842220","3320",0.25
"842230","2819",0.25
"842230","3250",0.25
"842230","3312",0.25
"842230","3320",0.25
"842240","2819",0.25
"842240","3250",0.25
"842240","3312",0.25
"842240","3320",0.25
"842290","2819",0.25
"842290","3250",0.25
"842290","3312",0.25
"842290","3320",0.25
"842310","2819",0.25
"842310","3250",0.25
"842310","3312",0.25
"842310","3320",0.25
"842320","2819",0.25
"842320","3250",0.25
"842320","3312",0.25
"842320","3320",0.25
"842330","2819",0.25
"842330","3250",0.25
"842330","3312",0.25
"842330","3320",0.25
"842381","2819",0.25
"842381","3250",0.25
"842381","3312",0.25
"842381","3320",0.25
"842382","2819",0.25
"842382","3250",0.25
"842382","3312",0.25
"842382","3320",0.25
"842389","2819",0.25
"842389","3250",0.25
"842389","3312",0.25
"842389","3320",0.25
"842390","2819",0.25
"842390","3250",0.25
"842390","3312",0.25
"842390","3320",0.25
"842410","2819",0.25
"842410","3250",0.25
"842410","3312",0.25
"842410","3320",0.25
"842420","2819",0.25
"842420","3250",0.25
"842420","3312",0.25
"842420","3320",0.25
"842430","2819",0.25
"842430","3250",0.25
"842430","3312",0.25
"842430","3320",0.25
"842441","2821",0.333333333333333
"842441","3312",0.333333333333333
"842441","3320",0.333333333333333
"842449","2821",0.333333333333333
"842449","3312",0.333333333333333
"842449","3320",0.333333333333333
"842482","2821",0.333333333333333
"842482","3312",0.333333333333333
"842482","3320",0.333333333333333
"842489","2819",0.25
"842489","3250",0.25
"842489","3312",0.25
"842489","3320",0.25
"842490","2819",0.25
"842490","3250",0.25
"842490","3312",0.25
"842490","3320",0.25
"842511","2816",0.333333333333333
"842511","3312",0.333333333333333
"842511","3320",0.333333333333333
"842519","2816",0.333333333333333
"842519","3312",0.333333333333333
"842519","3320",0.333333333333333
"842531","2816",0.333333333333333
"842531","3312",0.333333333333333
"842531","3320",0.333333333333333
"842539","2816",0.333333333333333
"842539","3312",0.333333333333333
"842539","3320",0.333333333333333
"842541","2816",0.333333333333333
"842541","3312",0.333333333333333
"842541","3320",0.333333333333333
"842542","2816",0.333333333333333
"842542","3312",0.333333333333333
"842542","3320",0.333333333333333
"842549","2816",0.333333333333333
"842549","3312",0.333333333333333
"842549","3320",0.333333333333333
"842611","2816",0.333333333333333
"842611","3312",0.333333333333333
"842611","3320",0.333333333333333
"842612","2816",0.333333333333333
"842612","3312",0.333333333333333
"842612","3320",0.333333333333333
"842619","2816",0.333333333333333
"842619","3312",0.333333333333333
"842619","3320",0.333333333333333
"842620","2816",0.333333333333333
"842620","3312",0.333333333333333
"842620","3320",0.333333333333333
"842630","2816",0.333333333333333
"842630","3312",0.333333333333333
"842630","3320",0.333333333333333
"842641","2816",0.333333333333333
"842641","3312",0.333333333333333
"842641","3320",0.333333333333333
"842649","2816",0.333333333333333
"842649","3312",0.333333333333333
"842649","3320",0.333333333333333
"842691","2816",0.333333333333333
"842691","3312",0.333333333333333
"842691","3320",0.333333333333333
"842699","2816",0.333333333333333
"842699","3312",0.333333333333333
"842699","3320",0.333333333333333
"842710","2816",0.333333333333333
"842710","3312",0.333333333333333
"842710","3320",0.333333333333333
"842720","2816",0.333333333333333
"842720","3312",0.333333333333333
"842720","3320",0.333333333333333
"842790","2816",0.333333333333333
"842790","3312",0.333333333333333
"842790","3320",0.333333333333333
"842810","2816",0.333333333333333
"842810","3312",0.333333333333333
"842810","3320",0.333333333333333
"842820","2816",0.333333333333333
"842820","3312",0.333333333333333
"842820","3320",0.333333333333333
"842831","2824",0.333333333333333
"842831","3312",0.333333333333333
"842831","3320",0.333333333333333
"842832","2816",0.333333333333333
"842832","3312",0.333333333333333
"842832","3320",0.333333333333333
"842833","2816",0.333333333333333
"842833","3312",0.333333333333333
"842833","3320",0.333333333333333
"842839","2816",0.333333333333333
"842839","3312",0.333333333333333
"842839","3320",0.333333333333333
"842840","2816",0.333333333333333
"842840","3312",0.333333333333333
"842840","3320",0.333333333333333
"842860","2816",0.333333333333333
"842860","3312",0.333333333333333
"842860","3320",0.333333333333333
"842870","2816",0.333333333333333
"842870","3312",0.333333333333333
"842870","3320",0.333333333333333
"842890","2816",0.333333333333333
"842890","3312",0.333333333333333
"842890","3320",0.333333333333333
"842911","2824",0.333333333333333
"842911","3312",0.333333333333333
"842911","3320",0.333333333333333
"842919","2824",0.333333333333333
"842919","3312",0.333333333333333
"842919","3320",0.333333333333333
"842920","2824",0.333333333333333
"842920","3312",0.333333333333333
"842920","3320",0.333333333333333
"842930","2824",0.333333333333333
"842930","3312",0.333333333333333
"842930","3320",0.333333333333333
"842940","2824",0.333333333333333
"842940","3312",0.333333333333333
"842940","3320",0.333333333333333
"842951","2824",0.333333333333333
"842951","3312",0.333333333333333
"842951","3320",0.333333333333333
"842952","2824",0.333333333333333
"842952","3312",0.333333333333333
"842952","3320",0.333333333333333
"842959","2824",0.333333333333333
"842959","3312",0.333333333333333
"842959","3320",0.333333333333333
"843010","2824",0.333333333333333
"843010","3312",0.333333333333333
"843010","3320",0.333333333333333
"843020","2824",0.333333333333333
"843020","3312",0.333333333333333
"843020","3320",0.333333333333333
"843031","2824",0.333333333333333
"843031","3312",0.333333333333333
"843031","3320",0.333333333333333
"843039","2824",0.333333333333333
"843039","3312",0.333333333333333
"843039","3320",0.333333333333333
"843041","2824",0.333333333333333
"843041","3312",0.333333333333333
"843041","3320",0.333333333333333
"843049","2824",0.333333333333333
"843049","3312",0.333333333333333
"843049","3320",0.333333333333333
"843050","2824",0.333333333333333
"843050","3312",0.333333333333333
"843050","3320",0.333333333333333
"843061","2824",0.333333333333333
"843061","3312",0.333333333333333
"843061","3320",0.333333333333333
"843069","2824",0.333333333333333
"843069","3312",0.333333333333333
"843069","3320",0.333333333333333
"843110","2816",0.333333333333333
"843110","3312",0.333333333333333
"843110","3320",0.333333333333333
"843120","2816",0.333333333333333
"843120","3312",0.333333333333333
"843120","3320",0.333333333333333
"843131","2816",0.333333333333333
"843131","3312",0.333333333333333
"843131","3320",0.333333333333333
"843139","2816",0.333333333333333
"843139","3312",0.333333333333333
"843139","3320",0.333333333333333
"843141","2816",0.333333333333333
"843141","3312",0.333333333333333
"843141","3320",0.333333333333333
"843142","2824",0.333333333333333
"843142","3312",0.333333333333333
"843142","3320",0.333333333333333
"843143","2824",0.333333333333333
"843143","3312",0.333333333333333
"843143","3320",0.333333333333333
"843149","2824",0.333333333333333
"843149","3312",0.333333333333333
"843149","3320",0.333333333333333
"843210","2821",0.333333333333333
"843210","3312",0.333333333333333
"843210","3320",0.333333333333333
"843221","2821",0.333333333333333
"843221","3312",0.333333333333333
"843221","3320",0.333333333333333
"843229","2821",0.333333333333333
"843229","3312",0.333333333333333
"843229","3320",0.333333333333333
"843231","2821",0.333333333333333
"843231","3312",0.333333333333333
"843231","3320",0.333333333333333
"843239","2821",0.333333333333333
"843239","3312",0.333333333333333
"843239","3320",0.333333333333333
"843241","2821",0.333333333333333
"843241","3312",0.333333333333333
"843241","3320",0.333333333333333
"843242","2821",0.333333333333333
"843242","3312",0.333333333333333
"843242","3320",0.333333333333333
"843280","2821",0.333333333333333
"843280","3312",0.333333333333333
"843280","3320",0.333333333333333
"843290","2821",0.333333333333333
"843290","3312",0.333333333333333
"843290","3320",0.333333333333333
"843311","2821",0.333333333333333
"843311","3312",0.333333333333333
"843311","3320",0.333333333333333
"843319","2821",0.333333333333333
"843319","3312",0.333333333333333
"843319","3320",0.333333333333333
"843320","2821",0.333333333333333
"843320","3312",0.333333333333333
"843320","3320",0.333333333333333
"843330","2821",0.333333333333333
"843330","3312",0.333333333333333
"843330","3320",0.333333333333333
"843340","2821",0.333333333333333
"843340","3312",0.333333333333333
"843340","3320",0.333333333333333
"843351","2821",0.333333333333333
"843351","3312",0.333333333333333
"843351","3320",0.333333333333333
"843352","2821",0.333333333333333
"843352","3312",0.333333333333333
"843352","3320",0.333333333333333
"843353","2821",0.333333333333333
"843353","3312",0.333333333333333
"843353","3320",0.333333333333333
"843359","2821",0.333333333333333
"843359","3312",0.333333333333333
"843359","3320",0.333333333333333
"843360","2821",0.333333333333333
"843360","3312",0.333333333333333
"843360","3320",0.333333333333333
"843390","2821",0.333333333333333
"843390","3312",0.333333333333333
"843390","3320",0.333333333333333
"843410","2821",0.333333333333333
"843410","3312",0.333333333333333
"843410","3320",0.333333333333333
"843420","2825",0.333333333333333
"843420","3312",0.333333333333333
"843420","3320",0.333333333333333
"843490","2825",0.333333333333333
"843490","3312",0.333333333333333
"843490","3320",0.333333333333333
"843510","2825",0.333333333333333
"843510","3312",0.333333333333333
"843510","3320",0.333333333333333
"843590","2825",0.333333333333333
"843590","3312",0.333333333333333
"843590","3320",0.333333333333333
"843610","2821",0.333333333333333
"843610","3312",0.333333333333333
"843610","3320",0.333333333333333
"843621","2821",0.333333333333333
"843621","3312",0.333333333333333
"843621","3320",0.333333333333333
"843629","2821",0.333333333333333
"843629","3312",0.333333333333333
"843629","3320",0.333333333333333
"843680","2821",0.333333333333333
"843680","3312",0.333333333333333
"843680","3320",0.333333333333333
"843691","2821",0.333333333333333
"843691","3312",0.333333333333333
"843691","3320",0.333333333333333
"843699","2821",0.333333333333333
"843699","3312",0.333333333333333
"843699","3320",0.333333333333333
"843710","2821",0.333333333333333
"843710","3312",0.333333333333333
"843710","3320",0.333333333333333
"843780","2825",0.333333333333333
"843780","3312",0.333333333333333
"843780","3320",0.333333333333333
"843790","2825",0.333333333333333
"843790","3312",0.333333333333333
"843790","3320",0.333333333333333
"843810","2825",0.333333333333333
"843810","3312",0.333333333333333
"843810","3320",0.333333333333333
"843820","2825",0.333333333333333
"843820","3312",0.333333333333333
"843820","3320",0.333333333333333
"843830","2825",0.333333333333333
"843830","3312",0.333333333333333
"843830","3320",0.333333333333333
"843840","2825",0.333333333333333
"843840","3312",0.333333333333333
"843840","3320",0.333333333333333
"843850","2825",0.333333333333333
"843850","3312",0.333333333333333
"843850","3320",0.333333333333333
"843860","2825",0.333333333333333
"843860","3312",0.333333333333333
"843860","3320",0.333333333333333
"843880","2825",0.333333333333333
"843880","3312",0.333333333333333
"843880","3320",0.333333333333333
"843890","2825",0.333333333333333
"843890","3312",0.333333333333333
"843890","3320",0.333333333333333
"843910","2593",0.125
"843910","2790",0.125
"843910","2826",0.125
"843910","2829",0.125
"843910","3311",0.125
"843910","3312",0.125
"843910","3314",0.125
"843910","3320",0.125
"843920","2593",0.125
"843920","2790",0.125
"843920","2826",0.125
"843920","2829",0.125
"843920","3311",0.125
"843920","3312",0.125
"843920","3314",0.125
"843920","3320",0.125
"843930","2593",0.125
"843930","2790",0.125
"843930","2826",0.125
"843930","2829",0.125
"843930","3311",0.125
"843930","3312",0.125
"843930","3314",0.125
"843930","3320",0.125
"843991","2593",0.125
"843991","2790",0.125
"843991","2826",0.125
"843991","2829",0.125
"843991","3311",0.125
"843991","3312",0.125
"843991","3314",0.125
"843991","3320",0.125
"843999","2593",0.125
"843999","2790",0.125
"843999","2826",0.125
"843999","2829",0.125
"843999","3311",0.125
"843999","3312",0.125
"843999","3314",0.125
"843999","3320",0.125
"844010","2593",0.125
"844010","2790",0.125
"844010","2826",0.125
"844010","2829",0.125
"844010","3311",0.125
"844010","3312",0.125
"844010","3314",0.125
"844010","3320",0.125
"844090","2593",0.125
"844090","2790",0.125
"844090","2826",0.125
"844090","2829",0.125
"844090","3311",0.125
"844090","3312",0.125
"844090","3314",0.125
"844090","3320",0.125
"844110","2593",0.125
"844110","2790",0.125
"844110","2826",0.125
"844110","2829",0.125
"844110","3311",0.125
"844110","3312",0.125
"844110","3314",0.125
"844110","3320",0.125
"844120","2593",0.125
"844120","2790",0.125
"844120","2826",0.125
"844120","2829",0.125
"844120","3311",0.125
"844120","3312",0.125
"844120","3314",0.125
"844120","3320",0.125
"844130","2593",0.125
"844130","2790",0.125
"844130","2826",0.125
"844130","2829",0.125
"844130","3311",0.125
"844130","3312",0.125
"844130","3314",0.125
"844130","3320",0.125
"844140","2593",0.125
"844140","2790",0.125
"844140","2826",0.125
"844140","2829",0.125
"844140","3311",0.125
"844140","3312",0.125
"844140","3314",0.125
"844140","3320",0.125
"844180","2593",0.125
"844180","2790",0.125
"844180","2826",0.125
"844180","2829",0.125
"844180","3311",0.125
"844180","3312",0.125
"844180","3314",0.125
"844180","3320",0.125
"844190","2593",0.125
"844190","2790",0.125
"844190","2826",0.125
"844190","2829",0.125
"844190","3311",0.125
"844190","3312",0.125
"844190","3314",0.125
"844190","3320",0.125
"844230","2593",0.125
"844230","2790",0.125
"844230","2826",0.125
"844230","2829",0.125
"844230","3311",0.125
"844230","3312",0.125
"844230","3314",0.125
"844230","3320",0.125
"844240","2593",0.125
"844240","2790",0.125
"844240","2826",0.125
"844240","2829",0.125
"844240","3311",0.125
"844240","3312",0.125
"844240","3314",0.125
"844240","3320",0.125
"844250","1812",1
"844311","2593",0.125
"844311","2790",0.125
"844311","2826",0.125
"844311","2829",0.125
"844311","3311",0.125
"844311","3312",0.125
"844311","3314",0.125
"844311","3320",0.125
"844312","2610",0.25
"844312","2620",0.25
"844312","2817",0.25
"844312","3320",0.25
"844313","2593",0.125
"844313","2790",0.125
"844313","2826",0.125
"844313","2829",0.125
"844313","3311",0.125
"844313","3312",0.125
"844313","3314",0.125
"844313","3320",0.125
"844314","2593",0.125
"844314","2790",0.125
"844314","2826",0.125
"844314","2829",0.125
"844314","3311",0.125
"844314","3312",0.125
"844314","3314",0.125
"844314","3320",0.125
"844315","2593",0.125
"844315","2790",0.125
"844315","2826",0.125
"844315","2829",0.125
"844315","3311",0.125
"844315","3312",0.125
"844315","3314",0.125
"844315","3320",0.125
"844316","2593",0.125
"844316","2790",0.125
"844316","2826",0.125
"844316","2829",0.125
"844316","3311",0.125
"844316","3312",0.125
"844316","3314",0.125
"844316","3320",0.125
"844317","2593",0.125
"844317","2790",0.125
"844317","2826",0.125
"844317","2829",0.125
"844317","3311",0.125
"844317","3312",0.125
"844317","3314",0.125
"844317","3320",0.125
"844319","2593",0.125
"844319","2790",0.125
"844319","2826",0.125
"844319","2829",0.125
"844319","3311",0.125
"844319","3312",0.125
"844319","3314",0.125
"844319","3320",0.125
"844331","2610",0.25
"844331","2620",0.25
"844331","2817",0.25
"844331","3320",0.25
"844332","2610",0.25
"844332","2620",0.25
"844332","2817",0.25
"844332","3320",0.25
"844339","2610",0.25
"844339","2620",0.25
"844339","2817",0.25
"844339","3320",0.25
"844391","2593",0.125
"844391","2790",0.125
"844391","2826",0.125
"844391","2829",0.125
"844391","3311",0.125
"844391","3312",0.125
"844391","3314",0.125
"844391","3320",0.125
"844399","2610",0.25
"844399","2620",0.25
"844399","2817",0.25
"844399","3320",0.25
"844400","2826",0.333333333333333
"844400","3312",0.333333333333333
"844400","3320",0.333333333333333
"844511","2826",0.333333333333333
"844511","3312",0.333333333333333
"844511","3320",0.333333333333333
"844512","2826",0.333333333333333
"844512","3312",0.333333333333333
"844512","3320",0.333333333333333
"844513","2826",0.333333333333333
"844513","3312",0.333333333333333
"844513","3320",0.333333333333333
"844519","2826",0.333333333333333
"844519","3312",0.333333333333333
"844519","3320",0.333333333333333
"844520","2826",0.333333333333333
"844520","3312",0.333333333333333
"844520","3320",0.333333333333333
"844530","2826",0.333333333333333
"844530","3312",0.333333333333333
"844530","3320",0.333333333333333
"844540","2826",0.333333333333333
"844540","3312",0.333333333333333
"844540","3320",0.333333333333333
"844590","2826",0.333333333333333
"844590","3312",0.333333333333333
"844590","3320",0.333333333333333
"844610","2826",0.333333333333333
"844610","3312",0.333333333333333
"844610","3320",0.333333333333333
"844621","2826",0.333333333333333
"844621","3312",0.333333333333333
"844621","3320",0.333333333333333
"844629","2826",0.333333333333333
"844629","3312",0.333333333333333
"844629","3320",0.333333333333333
"844630","2826",0.333333333333333
"844630","3312",0.333333333333333
"844630","3320",0.333333333333333
"844711","2826",0.333333333333333
"844711","3312",0.333333333333333
"844711","3320",0.333333333333333
"844712","2826",0.333333333333333
"844712","3312",0.333333333333333
"844712","3320",0.333333333333333
"844720","2826",0.333333333333333
"844720","3312",0.333333333333333
"844720","3320",0.333333333333333
"844790","2826",0.333333333333333
"844790","3312",0.333333333333333
"844790","3320",0.333333333333333
"844811","2826",0.333333333333333
"844811","3312",0.333333333333333
"844811","3320",0.333333333333333
"844819","2826",0.333333333333333
"844819","3312",0.333333333333333
"844819","3320",0.333333333333333
"844820","2826",0.333333333333333
"844820","3312",0.333333333333333
"844820","3320",0.333333333333333
"844831","2826",0.333333333333333
"844831","3312",0.333333333333333
"844831","3320",0.333333333333333
"844832","2826",0.333333333333333
"844832","3312",0.333333333333333
"844832","3320",0.333333333333333
"844833","2826",0.333333333333333
"844833","3312",0.333333333333333
"844833","3320",0.333333333333333
"844839","2826",0.333333333333333
"844839","3312",0.333333333333333
"844839","3320",0.333333333333333
"844842","2826",0.333333333333333
"844842","3312",0.333333333333333
"844842","3320",0.333333333333333
"844849","2826",0.333333333333333
"844849","3312",0.333333333333333
"844849","3320",0.333333333333333
"844851","2826",0.333333333333333
"844851","3312",0.333333333333333
"844851","3320",0.333333333333333
"844859","2826",0.333333333333333
"844859","3312",0.333333333333333
"844859","3320",0.333333333333333
"844900","2826",0.333333333333333
"844900","3312",0.333333333333333
"844900","3320",0.333333333333333
"845011","2750",0.333333333333333
"845011","2815",0.333333333333333
"845011","2819",0.333333333333333
"845012","2750",0.333333333333333
"845012","2815",0.333333333333333
"845012","2819",0.333333333333333
"845019","2750",0.333333333333333
"845019","2815",0.333333333333333
"845019","2819",0.333333333333333
"845020","2826",0.333333333333333
"845020","3312",0.333333333333333
"845020","3320",0.333333333333333
"845090","2826",0.333333333333333
"845090","3312",0.333333333333333
"845090","3320",0.333333333333333
"845110","2826",0.333333333333333
"845110","3312",0.333333333333333
"845110","3320",0.333333333333333
"845121","2750",0.333333333333333
"845121","2815",0.333333333333333
"845121","2819",0.333333333333333
"845129","2826",0.333333333333333
"845129","3312",0.333333333333333
"845129","3320",0.333333333333333
"845130","2826",0.333333333333333
"845130","3312",0.333333333333333
"845130","3320",0.333333333333333
"845140","2826",0.333333333333333
"845140","3312",0.333333333333333
"845140","3320",0.333333333333333
"845150","2826",0.333333333333333
"845150","3312",0.333333333333333
"845150","3320",0.333333333333333
"845180","2826",0.333333333333333
"845180","3312",0.333333333333333
"845180","3320",0.333333333333333
"845190","2826",0.333333333333333
"845190","3312",0.333333333333333
"845190","3320",0.333333333333333
"845210","2826",0.333333333333333
"845210","3312",0.333333333333333
"845210","3320",0.333333333333333
"845221","2826",0.333333333333333
"845221","3312",0.333333333333333
"845221","3320",0.333333333333333
"845229","2826",0.333333333333333
"845229","3312",0.333333333333333
"845229","3320",0.333333333333333
"845230","2826",0.333333333333333
"845230","3312",0.333333333333333
"845230","3320",0.333333333333333
"845290","2826",0.333333333333333
"845290","3312",0.333333333333333
"845290","3320",0.333333333333333
"845310","2826",0.333333333333333
"845310","3312",0.333333333333333
"845310","3320",0.333333333333333
"845320","2826",0.333333333333333
"845320","3312",0.333333333333333
"845320","3320",0.333333333333333
"845380","2826",0.333333333333333
"845380","3312",0.333333333333333
"845380","3320",0.333333333333333
"845390","2826",0.333333333333333
"845390","3312",0.333333333333333
"845390","3320",0.333333333333333
"845410","2823",0.333333333333333
"845410","3312",0.333333333333333
"845410","3320",0.333333333333333
"845420","2823",0.333333333333333
"845420","3312",0.333333333333333
"845420","3320",0.333333333333333
"845430","2823",0.333333333333333
"845430","3312",0.333333333333333
"845430","3320",0.333333333333333
"845490","2823",0.333333333333333
"845490","3312",0.333333333333333
"845490","3320",0.333333333333333
"845510","2823",0.333333333333333
"845510","3312",0.333333333333333
"845510","3320",0.333333333333333
"845521","2823",0.333333333333333
"845521","3312",0.333333333333333
"845521","3320",0.333333333333333
"845522","2823",0.333333333333333
"845522","3312",0.333333333333333
"845522","3320",0.333333333333333
"845530","2823",0.333333333333333
"845530","3312",0.333333333333333
"845530","3320",0.333333333333333
"845590","2823",0.333333333333333
"845590","3312",0.333333333333333
"845590","3320",0.333333333333333
"845611","2790",0.142857142857143
"845611","2818",0.142857142857143
"845611","2819",0.142857142857143
"845611","2822",0.142857142857143
"845611","3312",0.142857142857143
"845611","3314",0.142857142857143
"845611","3320",0.142857142857143
"845612","2790",0.142857142857143
"845612","2818",0.142857142857143
"845612","2819",0.142857142857143
"845612","2822",0.142857142857143
"845612","3312",0.142857142857143
"845612","3314",0.142857142857143
"845612","3320",0.142857142857143
"845620","2790",0.142857142857143
"845620","2818",0.142857142857143
"845620","2819",0.142857142857143
"845620","2822",0.142857142857143
"845620","3312",0.142857142857143
"845620","3314",0.142857142857143
"845620","3320",0.142857142857143
"845630","2790",0.142857142857143
"845630","2818",0.142857142857143
"845630","2819",0.142857142857143
"845630","2822",0.142857142857143
"845630","3312",0.142857142857143
"845630","3314",0.142857142857143
"845630","3320",0.142857142857143
"845640","2593",0.125
"845640","2790",0.125
"845640","2826",0.125
"845640","2829",0.125
"845640","3311",0.125
"845640","3312",0.125
"845640","3314",0.125
"845640","3320",0.125
"845650","2593",0.125
"845650","2790",0.125
"845650","2826",0.125
"845650","2829",0.125
"845650","3311",0.125
"845650","3312",0.125
"845650","3314",0.125
"845650","3320",0.125
"845690","2790",0.142857142857143
"845690","2818",0.142857142857143
"845690","2819",0.142857142857143
"845690","2822",0.142857142857143
"845690","3312",0.142857142857143
"845690","3314",0.142857142857143
"845690","3320",0.142857142857143
"845710","2790",0.142857142857143
"845710","2818",0.142857142857143
"845710","2819",0.142857142857143
"845710","2822",0.142857142857143
"845710","3312",0.142857142857143
"845710","3314",0.142857142857143
"845710","3320",0.142857142857143
"845720","2790",0.142857142857143
"845720","2818",0.142857142857143
"845720","2819",0.142857142857143
"845720","2822",0.142857142857143
"845720","3312",0.142857142857143
"845720","3314",0.142857142857143
"845720","3320",0.142857142857143
"845730","2790",0.142857142857143
"845730","2818",0.142857142857143
"845730","2819",0.142857142857143
"845730","2822",0.142857142857143
"845730","3312",0.142857142857143
"845730","3314",0.142857142857143
"845730","3320",0.142857142857143
"845811","2790",0.142857142857143
"845811","2818",0.142857142857143
"845811","2819",0.142857142857143
"845811","2822",0.142857142857143
"845811","3312",0.142857142857143
"845811","3314",0.142857142857143
"845811","3320",0.142857142857143
"845819","2790",0.142857142857143
"845819","2818",0.142857142857143
"845819","2819",0.142857142857143
"845819","2822",0.142857142857143
"845819","3312",0.142857142857143
"845819","3314",0.142857142857143
"845819","3320",0.142857142857143
"845891","2790",0.142857142857143
"845891","2818",0.142857142857143
"845891","2819",0.142857142857143
"845891","2822",0.142857142857143
"845891","3312",0.142857142857143
"845891","3314",0.142857142857143
"845891","3320",0.142857142857143
"845899","2790",0.142857142857143
"845899","2818",0.142857142857143
"845899","2819",0.142857142857143
"845899","2822",0.142857142857143
"845899","3312",0.142857142857143
"845899","3314",0.142857142857143
"845899","3320",0.142857142857143
"845910","2790",0.142857142857143
"845910","2818",0.142857142857143
"845910","2819",0.142857142857143
"845910","2822",0.142857142857143
"845910","3312",0.142857142857143
"845910","3314",0.142857142857143
"845910","3320",0.142857142857143
"845921","2790",0.142857142857143
"845921","2818",0.142857142857143
"845921","2819",0.142857142857143
"845921","2822",0.142857142857143
"845921","3312",0.142857142857143
"845921","3314",0.142857142857143
"845921","3320",0.142857142857143
"845929","2790",0.142857142857143
"845929","2818",0.142857142857143
"845929","2819",0.142857142857143
"845929","2822",0.142857142857143
"845929","3312",0.142857142857143
"845929","3314",0.142857142857143
"845929","3320",0.142857142857143
"845931","2790",0.142857142857143
"845931","2818",0.142857142857143
"845931","2819",0.142857142857143
"845931","2822",0.142857142857143
"845931","3312",0.142857142857143
"845931","3314",0.142857142857143
"845931","3320",0.142857142857143
"845939","2790",0.142857142857143
"845939","2818",0.142857142857143
"845939","2819",0.142857142857143
"845939","2822",0.142857142857143
"845939","3312",0.142857142857143
"845939","3314",0.142857142857143
"845939","3320",0.142857142857143
"845941","2790",0.142857142857143
"845941","2818",0.142857142857143
"845941","2819",0.142857142857143
"845941","2822",0.142857142857143
"845941","3312",0.142857142857143
"845941","3314",0.142857142857143
"845941","3320",0.142857142857143
"845949","2790",0.142857142857143
"845949","2818",0.142857142857143
"845949","2819",0.142857142857143
"845949","2822",0.142857142857143
"845949","3312",0.142857142857143
"845949","3314",0.142857142857143
"845949","3320",0.142857142857143
"845951","2790",0.142857142857143
"845951","2818",0.142857142857143
"845951","2819",0.142857142857143
"845951","2822",0.142857142857143
"845951","3312",0.142857142857143
"845951","3314",0.142857142857143
"845951","3320",0.142857142857143
"845959","2790",0.142857142857143
"845959","2818",0.142857142857143
"845959","2819",0.142857142857143
"845959","2822",0.142857142857143
"845959","3312",0.142857142857143
"845959","3314",0.142857142857143
"845959","3320",0.142857142857143
"845961","2790",0.142857142857143
"845961","2818",0.142857142857143
"845961","2819",0.142857142857143
"845961","2822",0.142857142857143
"845961","3312",0.142857142857143
"845961","3314",0.142857142857143
"845961","3320",0.142857142857143
"845969","2790",0.142857142857143
"845969","2818",0.142857142857143
"845969","2819",0.142857142857143
"845969","2822",0.142857142857143
"845969","3312",0.142857142857143
"845969","3314",0.142857142857143
"845969","3320",0.142857142857143
"845970","2790",0.142857142857143
"845970","2818",0.142857142857143
"845970","2819",0.142857142857143
"845970","2822",0.142857142857143
"845970","3312",0.142857142857143
"845970","3314",0.142857142857143
"845970","3320",0.142857142857143
"846012","2790",0.142857142857143
"846012","2818",0.142857142857143
"846012","2819",0.142857142857143
"846012","2822",0.142857142857143
"846012","3312",0.142857142857143
"846012","3314",0.142857142857143
"846012","3320",0.142857142857143
"846019","2790",0.142857142857143
"846019","2818",0.142857142857143
"846019","2819",0.142857142857143
"846019","2822",0.142857142857143
"846019","3312",0.142857142857143
"846019","3314",0.142857142857143
"846019","3320",0.142857142857143
"846022","2790",0.142857142857143
"846022","2818",0.142857142857143
"846022","2819",0.142857142857143
"846022","2822",0.142857142857143
"846022","3312",0.142857142857143
"846022","3314",0.142857142857143
"846022","3320",0.142857142857143
"846023","2790",0.142857142857143
"846023","2818",0.142857142857143
"846023","2819",0.142857142857143
"846023","2822",0.142857142857143
"846023","3312",0.142857142857143
"846023","3314",0.142857142857143
"846023","3320",0.142857142857143
"846024","2790",0.142857142857143
"846024","2818",0.142857142857143
"846024","2819",0.142857142857143
"846024","2822",0.142857142857143
"846024","3312",0.142857142857143
"846024","3314",0.142857142857143
"846024","3320",0.142857142857143
"846029","2790",0.142857142857143
"846029","2818",0.142857142857143
"846029","2819",0.142857142857143
"846029","2822",0.142857142857143
"846029","3312",0.142857142857143
"846029","3314",0.142857142857143
"846029","3320",0.142857142857143
"846031","2790",0.142857142857143
"846031","2818",0.142857142857143
"846031","2819",0.142857142857143
"846031","2822",0.142857142857143
"846031","3312",0.142857142857143
"846031","3314",0.142857142857143
"846031","3320",0.142857142857143
"846039","2790",0.142857142857143
"846039","2818",0.142857142857143
"846039","2819",0.142857142857143
"846039","2822",0.142857142857143
"846039","3312",0.142857142857143
"846039","3314",0.142857142857143
"846039","3320",0.142857142857143
"846040","2790",0.142857142857143
"846040","2818",0.142857142857143
"846040","2819",0.142857142857143
"846040","2822",0.142857142857143
"846040","3312",0.142857142857143
"846040","3314",0.142857142857143
"846040","3320",0.142857142857143
"846090","2790",0.142857142857143
"846090","2818",0.142857142857143
"846090","2819",0.142857142857143
"846090","2822",0.142857142857143
"846090","3312",0.142857142857143
"846090","3314",0.142857142857143
"846090","3320",0.142857142857143
"846120","2790",0.142857142857143
"846120","2818",0.142857142857143
"846120","2819",0.142857142857143
"846120","2822",0.142857142857143
"846120","3312",0.142857142857143
"846120","3314",0.142857142857143
"846120","3320",0.142857142857143
"846130","2790",0.142857142857143
"846130","2818",0.142857142857143
"846130","2819",0.142857142857143
"846130","2822",0.142857142857143
"846130","3312",0.142857142857143
"846130","3314",0.142857142857143
"846130","3320",0.142857142857143
"846140","2790",0.142857142857143
"846140","2818",0.142857142857143
"846140","2819",0.142857142857143
"846140","2822",0.142857142857143
"846140","3312",0.142857142857143
"846140","3314",0.142857142857143
"846140","3320",0.142857142857143
"846150","2790",0.142857142857143
"846150","2818",0.142857142857143
"846150","2819",0.142857142857143
"846150","2822",0.142857142857143
"846150","3312",0.142857142857143
"846150","3314",0.142857142857143
"846150","3320",0.142857142857143
"846190","2790",0.142857142857143
"846190","2818",0.142857142857143
"846190","2819",0.142857142857143
"846190","2822",0.142857142857143
"846190","3312",0.142857142857143
"846190","3314",0.142857142857143
"846190","3320",0.142857142857143
"846211","2790",0.142857142857143
"846211","2818",0.142857142857143
"846211","2819",0.142857142857143
"846211","2822",0.142857142857143
"846211","3312",0.142857142857143
"846211","3314",0.142857142857143
"846211","3320",0.142857142857143
"846219","2790",0.142857142857143
"846219","2818",0.142857142857143
"846219","2819",0.142857142857143
"846219","2822",0.142857142857143
"846219","3312",0.142857142857143
"846219","3314",0.142857142857143
"846219","3320",0.142857142857143
"846222","2790",0.142857142857143
"846222","2818",0.142857142857143
"846222","2819",0.142857142857143
"846222","2822",0.142857142857143
"846222","3312",0.142857142857143
"846222","3314",0.142857142857143
"846222","3320",0.142857142857143
"846223","2790",0.142857142857143
"846223","2818",0.142857142857143
"846223","2819",0.142857142857143
"846223","2822",0.142857142857143
"846223","3312",0.142857142857143
"846223","3314",0.142857142857143
"846223","3320",0.142857142857143
"846224","2790",0.142857142857143
"846224","2818",0.142857142857143
"846224","2819",0.142857142857143
"846224","2822",0.142857142857143
"846224","3312",0.142857142857143
"846224","3314",0.142857142857143
"846224","3320",0.142857142857143
"846225","2790",0.142857142857143
"846225","2818",0.142857142857143
"846225","2819",0.142857142857143
"846225","2822",0.142857142857143
"846225","3312",0.142857142857143
"846225","3314",0.142857142857143
"846225","3320",0.142857142857143
"846226","2790",0.142857142857143
"846226","2818",0.142857142857143
"846226","2819",0.142857142857143
"846226","2822",0.142857142857143
"846226","3312",0.142857142857143
"846226","3314",0.142857142857143
"846226","3320",0.142857142857143
"846229","2790",0.142857142857143
"846229","2818",0.142857142857143
"846229","2819",0.142857142857143
"846229","2822",0.142857142857143
"846229","3312",0.142857142857143
"846229","3314",0.142857142857143
"846229","3320",0.142857142857143
"846232","2790",0.142857142857143
"846232","2818",0.142857142857143
"846232","2819",0.142857142857143
"846232","2822",0.142857142857143
"846232","3312",0.142857142857143
"846232","3314",0.142857142857143
"846232","3320",0.142857142857143
"846233","2790",0.142857142857143
"846233","2818",0.142857142857143
"846233","2819",0.142857142857143
"846233","2822",0.142857142857143
"846233","3312",0.142857142857143
"846233","3314",0.142857142857143
"846233","3320",0.142857142857143
"846239","2790",0.142857142857143
"846239","2818",0.142857142857143
"846239","2819",0.142857142857143
"846239","2822",0.142857142857143
"846239","3312",0.142857142857143
"846239","3314",0.142857142857143
"846239","3320",0.142857142857143
"846242","2790",0.142857142857143
"846242","2818",0.142857142857143
"846242","2819",0.142857142857143
"846242","2822",0.142857142857143
"846242","3312",0.142857142857143
"846242","3314",0.142857142857143
"846242","3320",0.142857142857143
"846249","2790",0.142857142857143
"846249","2818",0.142857142857143
"846249","2819",0.142857142857143
"846249","2822",0.142857142857143
"846249","3312",0.142857142857143
"846249","3314",0.142857142857143
"846249","3320",0.142857142857143
"846251","2790",0.142857142857143
"846251","2818",0.142857142857143
"846251","2819",0.142857142857143
"846251","2822",0.142857142857143
"846251","3312",0.142857142857143
"846251","3314",0.142857142857143
"846251","3320",0.142857142857143
"846259","2790",0.142857142857143
"846259","2818",0.142857142857143
"846259","2819",0.142857142857143
"846259","2822",0.142857142857143
"846259","3312",0.142857142857143
"846259","3314",0.142857142857143
"846259","3320",0.142857142857143
"846261","2790",0.142857142857143
"846261","2818",0.142857142857143
"846261","2819",0.142857142857143
"846261","2822",0.142857142857143
"846261","3312",0.142857142857143
"846261","3314",0.142857142857143
"846261","3320",0.142857142857143
"846262","2790",0.142857142857143
"846262","2818",0.142857142857143
"846262","2819",0.142857142857143
"846262","2822",0.142857142857143
"846262","3312",0.142857142857143
"846262","3314",0.142857142857143
"846262","3320",0.142857142857143
"846263","2790",0.142857142857143
"846263","2818",0.142857142857143
"846263","2819",0.142857142857143
"846263","2822",0.142857142857143
"846263","3312",0.142857142857143
"846263","3314",0.142857142857143
"846263","3320",0.142857142857143
"846269","2790",0.142857142857143
"846269","2818",0.142857142857143
"846269","2819",0.142857142857143
"846269","2822",0.142857142857143
"846269","3312",0.142857142857143
"846269","3314",0.142857142857143
"846269","3320",0.142857142857143
"846290","2790",0.142857142857143
"846290","2818",0.142857142857143
"846290","2819",0.142857142857143
"846290","2822",0.142857142857143
"846290","3312",0.142857142857143
"846290","3314",0.142857142857143
"846290","3320",0.142857142857143
"846310","2790",0.142857142857143
"846310","2818",0.142857142857143
"846310","2819",0.142857142857143
"846310","2822",0.142857142857143
"846310","3312",0.142857142857143
"846310","3314",0.142857142857143
"846310","3320",0.142857142857143
"846320","2790",0.142857142857143
"846320","2818",0.142857142857143
"846320","2819",0.142857142857143
"846320","2822",0.142857142857143
"846320","3312",0.142857142857143
"846320","3314",0.142857142857143
"846320","3320",0.142857142857143
"846330","2790",0.142857142857143
"846330","2818",0.142857142857143
"846330","2819",0.142857142857143
"846330","2822",0.142857142857143
"846330","3312",0.142857142857143
"846330","3314",0.142857142857143
"846330","3320",0.142857142857143
"846390","2790",0.142857142857143
"846390","2818",0.142857142857143
"846390","2819",0.142857142857143
"846390","2822",0.142857142857143
"846390","3312",0.142857142857143
"846390","3314",0.142857142857143
"846390","3320",0.142857142857143
"846410","2790",0.142857142857143
"846410","2818",0.142857142857143
"846410","2819",0.142857142857143
"846410","2822",0.142857142857143
"846410","3312",0.142857142857143
"846410","3314",0.142857142857143
"846410","3320",0.142857142857143
"846420","2790",0.142857142857143
"846420","2818",0.142857142857143
"846420","2819",0.142857142857143
"846420","2822",0.142857142857143
"846420","3312",0.142857142857143
"846420","3314",0.142857142857143
"846420","3320",0.142857142857143
"846490","2790",0.142857142857143
"846490","2818",0.142857142857143
"846490","2819",0.142857142857143
"846490","2822",0.142857142857143
"846490","3312",0.142857142857143
"846490","3314",0.142857142857143
"846490","3320",0.142857142857143
"846510","2790",0.142857142857143
"846510","2818",0.142857142857143
"846510","2819",0.142857142857143
"846510","2822",0.142857142857143
"846510","3312",0.142857142857143
"846510","3314",0.142857142857143
"846510","3320",0.142857142857143
"846520","2790",0.142857142857143
"846520","2818",0.142857142857143
"846520","2819",0.142857142857143
"846520","2822",0.142857142857143
"846520","3312",0.142857142857143
"846520","3314",0.142857142857143
"846520","3320",0.142857142857143
"846591","2790",0.142857142857143
"846591","2818",0.142857142857143
"846591","2819",0.142857142857143
"846591","2822",0.142857142857143
"846591","3312",0.142857142857143
"846591","3314",0.142857142857143
"846591","3320",0.142857142857143
"846592","2790",0.142857142857143
"846592","2818",0.142857142857143
"846592","2819",0.142857142857143
"846592","2822",0.142857142857143
"846592","3312",0.142857142857143
"846592","3314",0.142857142857143
"846592","3320",0.142857142857143
"846593","2790",0.142857142857143
"846593","2818",0.142857142857143
"846593","2819",0.142857142857143
"846593","2822",0.142857142857143
"846593","3312",0.142857142857143
"846593","3314",0.142857142857143
"846593","3320",0.142857142857143
"846594","2790",0.142857142857143
"846594","2818",0.142857142857143
"846594","2819",0.142857142857143
"846594","2822",0.142857142857143
"846594","3312",0.142857142857143
"846594","3314",0.142857142857143
"846594","3320",0.142857142857143
"846595","2790",0.142857142857143
"846595","2818",0.142857142857143
"846595","2819",0.142857142857143
"846595","2822",0.142857142857143
"846595","3312",0.142857142857143
"846595","3314",0.142857142857143
"846595","3320",0.142857142857143
"846596","2790",0.142857142857143
"846596","2818",0.142857142857143
"846596","2819",0.142857142857143
"846596","2822",0.142857142857143
"846596","3312",0.142857142857143
"846596","3314",0.142857142857143
"846596","3320",0.142857142857143
"846599","2790",0.142857142857143
"846599","2818",0.142857142857143
"846599","2819",0.142857142857143
"846599","2822",0.142857142857143
"846599","3312",0.142857142857143
"846599","3314",0.142857142857143
"846599","3320",0.142857142857143
"846610","2790",0.142857142857143
"846610","2818",0.142857142857143
"846610","2819",0.142857142857143
"846610","2822",0.142857142857143
"846610","3312",0.142857142857143
"846610","3314",0.142857142857143
"846610","3320",0.142857142857143
"846620","2790",0.142857142857143
"846620","2818",0.142857142857143
"846620","2819",0.142857142857143
"846620","2822",0.142857142857143
"846620","3312",0.142857142857143
"846620","3314",0.142857142857143
"846620","3320",0.142857142857143
"846630","2790",0.142857142857143
"846630","2818",0.142857142857143
"846630","2819",0.142857142857143
"846630","2822",0.142857142857143
"846630","3312",0.142857142857143
"846630","3314",0.142857142857143
"846630","3320",0.142857142857143
"846691","2790",0.142857142857143
"846691","2818",0.142857142857143
"846691","2819",0.142857142857143
"846691","2822",0.142857142857143
"846691","3312",0.142857142857143
"846691","3314",0.142857142857143
"846691","3320",0.142857142857143
"846692","2790",0.142857142857143
"846692","2818",0.142857142857143
"846692","2819",0.142857142857143
"846692","2822",0.142857142857143
"846692","3312",0.142857142857143
"846692","3314",0.142857142857143
"846692","3320",0.142857142857143
"846693","2790",0.142857142857143
"846693","2818",0.142857142857143
"846693","2819",0.142857142857143
"846693","2822",0.142857142857143
"846693","3312",0.142857142857143
"846693","3314",0.142857142857143
"846693","3320",0.142857142857143
"846694","2790",0.142857142857143
"846694","2818",0.142857142857143
"846694","2819",0.142857142857143
"846694","2822",0.142857142857143
"846694","3312",0.142857142857143
"846694","3314",0.142857142857143
"846694","3320",0.142857142857143
"846711","2790",0.142857142857143
"846711","2818",0.142857142857143
"846711","2819",0.142857142857143
"846711","2822",0.142857142857143
"846711","3312",0.142857142857143
"846711","3314",0.142857142857143
"846711","3320",0.142857142857143
"846719","2790",0.142857142857143
"846719","2818",0.142857142857143
"846719","2819",0.142857142857143
"846719","2822",0.142857142857143
"846719","3312",0.142857142857143
"846719","3314",0.142857142857143
"846719","3320",0.142857142857143
"846721","2790",0.142857142857143
"846721","2818",0.142857142857143
"846721","2819",0.142857142857143
"846721","2822",0.142857142857143
"846721","3312",0.142857142857143
"846721","3314",0.142857142857143
"846721","3320",0.142857142857143
"846722","2790",0.142857142857143
"846722","2818",0.142857142857143
"846722","2819",0.142857142857143
"846722","2822",0.142857142857143
"846722","3312",0.142857142857143
"846722","3314",0.142857142857143
"846722","3320",0.142857142857143
"846729","2790",0.142857142857143
"846729","2818",0.142857142857143
"846729","2819",0.142857142857143
"846729","2822",0.142857142857143
"846729","3312",0.142857142857143
"846729","3314",0.142857142857143
"846729","3320",0.142857142857143
"846781","2790",0.142857142857143
"846781","2818",0.142857142857143
"846781","2819",0.142857142857143
"846781","2822",0.142857142857143
"846781","3312",0.142857142857143
"846781","3314",0.142857142857143
"846781","3320",0.142857142857143
"846789","2790",0.142857142857143
"846789","2818",0.142857142857143
"846789","2819",0.142857142857143
"846789","2822",0.142857142857143
"846789","3312",0.142857142857143
"846789","3314",0.142857142857143
"846789","3320",0.142857142857143
"846791","2790",0.142857142857143
"846791","2818",0.142857142857143
"846791","2819",0.142857142857143
"846791","2822",0.142857142857143
"846791","3312",0.142857142857143
"846791","3314",0.142857142857143
"846791","3320",0.142857142857143
"846792","2790",0.142857142857143
"846792","2818",0.142857142857143
"846792","2819",0.142857142857143
"846792","2822",0.142857142857143
"846792","3312",0.142857142857143
"846792","3314",0.142857142857143
"846792","3320",0.142857142857143
"846799","2790",0.142857142857143
"846799","2818",0.142857142857143
"846799","2819",0.142857142857143
"846799","2822",0.142857142857143
"846799","3312",0.142857142857143
"846799","3314",0.142857142857143
"846799","3320",0.142857142857143
"846810","2790",0.142857142857143
"846810","2818",0.142857142857143
"846810","2819",0.142857142857143
"846810","2822",0.142857142857143
"846810","3312",0.142857142857143
"846810","3314",0.142857142857143
"846810","3320",0.142857142857143
"846820","2790",0.142857142857143
"846820","2818",0.142857142857143
"846820","2819",0.142857142857143
"846820","2822",0.142857142857143
"846820","3312",0.142857142857143
"846820","3314",0.142857142857143
"846820","3320",0.142857142857143
"846880","2790",0.142857142857143
"846880","2818",0.142857142857143
"846880","2819",0.142857142857143
"846880","2822",0.142857142857143
"846880","3312",0.142857142857143
"846880","3314",0.142857142857143
"846880","3320",0.142857142857143
"846890","2790",0.142857142857143
"846890","2818",0.142857142857143
"846890","2819",0.142857142857143
"846890","2822",0.142857142857143
"846890","3312",0.142857142857143
"846890","3314",0.142857142857143
"846890","3320",0.142857142857143
"847010","2610",0.25
"847010","2620",0.25
"847010","2817",0.25
"847010","3320",0.25
"847021","2610",0.25
"847021","2620",0.25
"847021","2817",0.25
"847021","3320",0.25
"847029","2610",0.25
"847029","2620",0.25
"847029","2817",0.25
"847029","3320",0.25
"847030","2610",0.25
"847030","2620",0.25
"847030","2817",0.25
"847030","3320",0.25
"847050","2610",0.25
"847050","2620",0.25
"847050","2817",0.25
"847050","3320",0.25
"847090","2610",0.25
"847090","2620",0.25
"847090","2817",0.25
"847090","3320",0.25
"847130","2610",0.25
"847130","2620",0.25
"847130","2817",0.25
"847130","3320",0.25
"847141","2610",0.25
"847141","2620",0.25
"847141","2817",0.25
"847141","3320",0.25
"847149","2610",0.25
"847149","2620",0.25
"847149","2817",0.25
"847149","3320",0.25
"847150","2610",0.25
"847150","2620",0.25
"847150","2817",0.25
"847150","3320",0.25
"847160","2610",0.25
"847160","2620",0.25
"847160","2817",0.25
"847160","3320",0.25
"847170","2610",0.25
"847170","2620",0.25
"847170","2817",0.25
"847170","3320",0.25
"847180","2610",0.25
"847180","2620",0.25
"847180","2817",0.25
"847180","3320",0.25
"847190","2610",0.25
"847190","2620",0.25
"847190","2817",0.25
"847190","3320",0.25
"847210","2610",0.25
"847210","2620",0.25
"847210","2817",0.25
"847210","3320",0.25
"847230","2610",0.25
"847230","2620",0.25
"847230","2817",0.25
"847230","3320",0.25
"847290","2610",0.25
"847290","2620",0.25
"847290","2817",0.25
"847290","3320",0.25
"847321","2610",0.25
"847321","2620",0.25
"847321","2817",0.25
"847321","3320",0.25
"847329","2610",0.25
"847329","2620",0.25
"847329","2817",0.25
"847329","3320",0.25
"847330","2610",0.25
"847330","2620",0.25
"847330","2817",0.25
"847330","3320",0.25
"847340","2610",0.25
"847340","2620",0.25
"847340","2817",0.25
"847340","3320",0.25
"847350","2610",0.25
"847350","2620",0.25
"847350","2817",0.25
"847350","3320",0.25
"847410","2824",0.333333333333333
"847410","3312",0.333333333333333
"847410","3320",0.333333333333333
"847420","2824",0.333333333333333
"847420","3312",0.333333333333333
"847420","3320",0.333333333333333
"847431","2824",0.333333333333333
"847431","3312",0.333333333333333
"847431","3320",0.333333333333333
"847432","2824",0.333333333333333
"847432","3312",0.333333333333333
"847432","3320",0.333333333333333
"847439","2824",0.333333333333333
"847439","3312",0.333333333333333
"847439","3320",0.333333333333333
"847480","2824",0.333333333333333
"847480","3312",0.333333333333333
"847480","3320",0.333333333333333
"847490","2824",0.333333333333333
"847490","3312",0.333333333333333
"847490","3320",0.333333333333333
"847510","2593",0.125
"847510","2790",0.125
"847510","2826",0.125
"847510","2829",0.125
"847510","3311",0.125
"847510","3312",0.125
"847510","3314",0.125
"847510","3320",0.125
"847521","2593",0.125
"847521","2790",0.125
"847521","2826",0.125
"847521","2829",0.125
"847521","3311",0.125
"847521","3312",0.125
"847521","3314",0.125
"847521","3320",0.125
"847529","2593",0.125
"847529","2790",0.125
"847529","2826",0.125
"847529","2829",0.125
"847529","3311",0.125
"847529","3312",0.125
"847529","3314",0.125
"847529","3320",0.125
"847590","2593",0.125
"847590","2790",0.125
"847590","2826",0.125
"847590","2829",0.125
"847590","3311",0.125
"847590","3312",0.125
"847590","3314",0.125
"847590","3320",0.125
"847621","2819",0.25
"847621","3250",0.25
"847621","3312",0.25
"847621","3320",0.25
"847629","2819",0.25
"847629","3250",0.25
"847629","3312",0.25
"847629","3320",0.25
"847681","2819",0.25
"847681","3250",0.25
"847681","3312",0.25
"847681","3320",0.25
"847689","2819",0.25
"847689","3250",0.25
"847689","3312",0.25
"847689","3320",0.25
"847690","2819",0.25
"847690","3250",0.25
"847690","3312",0.25
"847690","3320",0.25
"847710","2593",0.125
"847710","2790",0.125
"847710","2826",0.125
"847710","2829",0.125
"847710","3311",0.125
"847710","3312",0.125
"847710","3314",0.125
"847710","3320",0.125
"847720","2593",0.125
"847720","2790",0.125
"847720","2826",0.125
"847720","2829",0.125
"847720","3311",0.125
"847720","3312",0.125
"847720","3314",0.125
"847720","3320",0.125
"847730","2593",0.125
"847730","2790",0.125
"847730","2826",0.125
"847730","2829",0.125
"847730","3311",0.125
"847730","3312",0.125
"847730","3314",0.125
"847730","3320",0.125
"847740","2593",0.125
"847740","2790",0.125
"847740","2826",0.125
"847740","2829",0.125
"847740","3311",0.125
"847740","3312",0.125
"847740","3314",0.125
"847740","3320",0.125
"847751","2593",0.125
"847751","2790",0.125
"847751","2826",0.125
"847751","2829",0.125
"847751","3311",0.125
"847751","3312",0.125
"847751","3314",0.125
"847751","3320",0.125
"847759","2593",0.125
"847759","2790",0.125
"847759","2826",0.125
"847759","2829",0.125
"847759","3311",0.125
"847759","3312",0.125
"847759","3314",0.125
"847759","3320",0.125
"847780","2593",0.125
"847780","2790",0.125
"847780","2826",0.125
"847780","2829",0.125
"847780","3311",0.125
"847780","3312",0.125
"847780","3314",0.125
"847780","3320",0.125
"847790","2593",0.125
"847790","2790",0.125
"847790","2826",0.125
"847790","2829",0.125
"847790","3311",0.125
"847790","3312",0.125
"847790","3314",0.125
"847790","3320",0.125
"847810","2825",0.333333333333333
"847810","3312",0.333333333333333
"847810","3320",0.333333333333333
"847890","2825",0.333333333333333
"847890","3312",0.333333333333333
"847890","3320",0.333333333333333
"847910","2824",0.333333333333333
"847910","3312",0.333333333333333
"847910","3320",0.333333333333333
"847920","2825",0.333333333333333
"847920","3312",0.333333333333333
"847920","3320",0.333333333333333
"847930","2790",0.142857142857143
"847930","2818",0.142857142857143
"847930","2819",0.142857142857143
"847930","2822",0.142857142857143
"847930","3312",0.142857142857143
"847930","3314",0.142857142857143
"847930","3320",0.142857142857143
"847940","2593",0.125
"847940","2790",0.125
"847940","2826",0.125
"847940","2829",0.125
"847940","3311",0.125
"847940","3312",0.125
"847940","3314",0.125
"847940","3320",0.125
"847950","2593",0.125
"847950","2790",0.125
"847950","2826",0.125
"847950","2829",0.125
"847950","3311",0.125
"847950","3312",0.125
"847950","3314",0.125
"847950","3320",0.125
"847960","2593",0.125
"847960","2790",0.125
"847960","2826",0.125
"847960","2829",0.125
"847960","3311",0.125
"847960","3312",0.125
"847960","3314",0.125
"847960","3320",0.125
"847971","2593",0.125
"847971","2790",0.125
"847971","2826",0.125
"847971","2829",0.125
"847971","3311",0.125
"847971","3312",0.125
"847971","3314",0.125
"847971","3320",0.125
"847979","2593",0.125
"847979","2790",0.125
"847979","2826",0.125
"847979","2829",0.125
"847979","3311",0.125
"847979","3312",0.125
"847979","3314",0.125
"847979","3320",0.125
"847981","2593",0.125
"847981","2790",0.125
"847981","2826",0.125
"847981","2829",0.125
"847981","3311",0.125
"847981","3312",0.125
"847981","3314",0.125
"847981","3320",0.125
"847982","2593",0.125
"847982","2790",0.125
"847982","2826",0.125
"847982","2829",0.125
"847982","3311",0.125
"847982","3312",0.125
"847982","3314",0.125
"847982","3320",0.125
"847983","2593",0.125
"847983","2790",0.125
"847983","2826",0.125
"847983","2829",0.125
"847983","3311",0.125
"847983","3312",0.125
"847983","3314",0.125
"847983","3320",0.125
"847989","2593",0.125
"847989","2790",0.125
"847989","2826",0.125
"847989","2829",0.125
"847989","3311",0.125
"847989","3312",0.125
"847989","3314",0.125
"847989","3320",0.125
"847990","2593",0.125
"847990","2790",0.125
"847990","2826",0.125
"847990","2829",0.125
"847990","3311",0.125
"847990","3312",0.125
"847990","3314",0.125
"847990","3320",0.125
"848010","2593",0.125
"848010","2790",0.125
"848010","2826",0.125
"848010","2829",0.125
"848010","3311",0.125
"848010","3312",0.125
"848010","3314",0.125
"848010","3320",0.125
"848020","2593",0.125
"848020","2790",0.125
"848020","2826",0.125
"848020","2829",0.125
"848020","3311",0.125
"848020","3312",0.125
"848020","3314",0.125
"848020","3320",0.125
"848030","2593",0.125
"848030","2790",0.125
"848030","2826",0.125
"848030","2829",0.125
"848030","3311",0.125
"848030","3312",0.125
"848030","3314",0.125
"848030","3320",0.125
"848041","2593",0.125
"848041","2790",0.125
"848041","2826",0.125
"848041","2829",0.125
"848041","3311",0.125
"848041","3312",0.125
"848041","3314",0.125
"848041","3320",0.125
"848049","2593",0.125
"848049","2790",0.125
"848049","2826",0.125
"848049","2829",0.125
"848049","3311",0.125
"848049","3312",0.125
"848049","3314",0.125
"848049","3320",0.125
"848050","2593",0.125
"848050","2790",0.125
"848050","2826",0.125
"848050","2829",0.125
"848050","3311",0.125
"848050","3312",0.125
"848050","3314",0.125
"848050","3320",0.125
"848060","2593",0.125
"848060","2790",0.125
"848060","2826",0.125
"848060","2829",0.125
"848060","3311",0.125
"848060","3312",0.125
"848060","3314",0.125
"848060","3320",0.125
"848071","2593",0.125
"848071","2790",0.125
"848071","2826",0.125
"848071","2829",0.125
"848071","3311",0.125
"848071","3312",0.125
"848071","3314",0.125
"848071","3320",0.125
"848079","2593",0.125
"848079","2790",0.125
"848079","2826",0.125
"848079","2829",0.125
"848079","3311",0.125
"848079","3312",0.125
"848079","3314",0.125
"848079","3320",0.125
"848110","2811",0.2
"848110","2812",0.2
"848110","2813",0.2
"848110","3312",0.2
"848110","3320",0.2
"848120","2811",0.2
"848120","2812",0.2
"848120","2813",0.2
"848120","3312",0.2
"848120","3320",0.2
"848130","2811",0.2
"848130","2812",0.2
"848130","2813",0.2
"848130","3312",0.2
"848130","3320",0.2
"848140","2811",0.2
"848140","2812",0.2
"848140","2813",0.2
"848140","3312",0.2
"848140","3320",0.2
"848180","2811",0.2
"848180","2812",0.2
"848180","2813",0.2
"848180","3312",0.2
"848180","3320",0.2
"848190","2811",0.2
"848190","2812",0.2
"848190","2813",0.2
"848190","3312",0.2
"848190","3320",0.2
"848210","2812",0.333333333333333
"848210","2814",0.333333333333333
"848210","3312",0.333333333333333
"848220","2812",0.333333333333333
"848220","2814",0.333333333333333
"848220","3312",0.333333333333333
"848230","2812",0.333333333333333
"848230","2814",0.333333333333333
"848230","3312",0.333333333333333
"848240","2812",0.333333333333333
"848240","2814",0.333333333333333
"848240","3312",0.333333333333333
"848250","2812",0.333333333333333
"848250","2814",0.333333333333333
"848250","3312",0.333333333333333
"848280","2812",0.333333333333333
"848280","2814",0.333333333333333
"848280","3312",0.333333333333333
"848291","2812",0.333333333333333
"848291","2814",0.333333333333333
"848291","3312",0.333333333333333
"848299","2812",0.333333333333333
"848299","2814",0.333333333333333
"848299","3312",0.333333333333333
"848310","2812",0.333333333333333
"848310","2814",0.333333333333333
"848310","3312",0.333333333333333
"848320","2812",0.333333333333333
"848320","2814",0.333333333333333
"848320","3312",0.333333333333333
"848330","2812",0.333333333333333
"848330","2814",0.333333333333333
"848330","3312",0.333333333333333
"848340","2812",0.333333333333333
"848340","2814",0.333333333333333
"848340","3312",0.333333333333333
"848350","2812",0.333333333333333
"848350","2814",0.333333333333333
"848350","3312",0.333333333333333
"848360","2812",0.333333333333333
"848360","2814",0.333333333333333
"848360","3312",0.333333333333333
"848390","2812",0.333333333333333
"848390","2814",0.333333333333333
"848390","3312",0.333333333333333
"848410","2819",0.25
"848410","3250",0.25
"848410","3312",0.25
"848410","3320",0.25
"848420","2819",0.25
"848420","3250",0.25
"848420","3312",0.25
"848420","3320",0.25
"848490","2819",0.25
"848490","3250",0.25
"848490","3312",0.25
"848490","3320",0.25
"848510","2790",0.142857142857143
"848510","2818",0.142857142857143
"848510","2819",0.142857142857143
"848510","2822",0.142857142857143
"848510","3312",0.142857142857143
"848510","3314",0.142857142857143
"848510","3320",0.142857142857143
"848520","2593",0.125
"848520","2790",0.125
"848520","2826",0.125
"848520","2829",0.125
"848520","3311",0.125
"848520","3312",0.125
"848520","3314",0.125
"848520","3320",0.125
"848530","2593",0.125
"848530","2790",0.125
"848530","2826",0.125
"848530","2829",0.125
"848530","3311",0.125
"848530","3312",0.125
"848530","3314",0.125
"848530","3320",0.125
"848580","2593",0.125
"848580","2790",0.125
"848580","2826",0.125
"848580","2829",0.125
"848580","3311",0.125
"848580","3312",0.125
"848580","3314",0.125
"848580","3320",0.125
"848590","2593",0.125
"848590","2790",0.125
"848590","2826",0.125
"848590","2829",0.125
"848590","3311",0.125
"848590","3312",0.125
"848590","3314",0.125
"848590","3320",0.125
"848610","2593",0.125
"848610","2790",0.125
"848610","2826",0.125
"848610","2829",0.125
"848610","3311",0.125
"848610","3312",0.125
"848610","3314",0.125
"848610","3320",0.125
"848620","2599",0.0909090909090909
"848620","2630",0.0909090909090909
"848620","2651",0.0909090909090909
"848620","2733",0.0909090909090909
"848620","2740",0.0909090909090909
"848620","2790",0.0909090909090909
"848620","2822",0.0909090909090909
"848620","2930",0.0909090909090909
"848620","3020",0.0909090909090909
"848620","3313",0.0909090909090909
"848620","3314",0.0909090909090909
"848630","2790",0.142857142857143
"848630","2818",0.142857142857143
"848630","2819",0.142857142857143
"848630","2822",0.142857142857143
"848630","3312",0.142857142857143
"848630","3314",0.142857142857143
"848630","3320",0.142857142857143
"848640","2593",0.125
"848640","2790",0.125
"848640","2826",0.125
"848640","2829",0.125
"848640","3311",0.125
"848640","3312",0.125
"848640","3314",0.125
"848640","3320",0.125
"848690","2593",0.125
"848690","2790",0.125
"848690","2826",0.125
"848690","2829",0.125
"848690","3311",0.125
"848690","3312",0.125
"848690","3314",0.125
"848690","3320",0.125
"848710","2599",0.25
"848710","2817",0.25
"848710","3290",0.25
"848710","3311",0.25
"848790","2819",0.25
"848790","3250",0.25
"848790","3312",0.25
"848790","3320",0.25
"850110","2610",0.142857142857143
"850110","2710",0.142857142857143
"850110","2790",0.142857142857143
"850110","2811",0.142857142857143
"850110","3312",0.142857142857143
"850110","3314",0.142857142857143
"850110","3320",0.142857142857143
"850120","2610",0.142857142857143
"850120","2710",0.142857142857143
"850120","2790",0.142857142857143
"850120","2811",0.142857142857143
"850120","3312",0.142857142857143
"850120","3314",0.142857142857143
"850120","3320",0.142857142857143
"850131","2610",0.142857142857143
"850131","2710",0.142857142857143
"850131","2790",0.142857142857143
"850131","2811",0.142857142857143
"850131","3312",0.142857142857143
"850131","3314",0.142857142857143
"850131","3320",0.142857142857143
"850132","2610",0.142857142857143
"850132","2710",0.142857142857143
"850132","2790",0.142857142857143
"850132","2811",0.142857142857143
"850132","3312",0.142857142857143
"850132","3314",0.142857142857143
"850132","3320",0.142857142857143
"850133","2610",0.142857142857143
"850133","2710",0.142857142857143
"850133","2790",0.142857142857143
"850133","2811",0.142857142857143
"850133","3312",0.142857142857143
"850133","3314",0.142857142857143
"850133","3320",0.142857142857143
"850134","2610",0.142857142857143
"850134","2710",0.142857142857143
"850134","2790",0.142857142857143
"850134","2811",0.142857142857143
"850134","3312",0.142857142857143
"850134","3314",0.142857142857143
"850134","3320",0.142857142857143
"850140","2610",0.142857142857143
"850140","2710",0.142857142857143
"850140","2790",0.142857142857143
"850140","2811",0.142857142857143
"850140","3312",0.142857142857143
"850140","3314",0.142857142857143
"850140","3320",0.142857142857143
"850151","2610",0.142857142857143
"850151","2710",0.142857142857143
"850151","2790",0.142857142857143
"850151","2811",0.142857142857143
"850151","3312",0.142857142857143
"850151","3314",0.142857142857143
"850151","3320",0.142857142857143
"850152","2610",0.142857142857143
"850152","2710",0.142857142857143
"850152","2790",0.142857142857143
"850152","2811",0.142857142857143
"850152","3312",0.142857142857143
"850152","3314",0.142857142857143
"850152","3320",0.142857142857143
"850153","2610",0.142857142857143
"850153","2710",0.142857142857143
"850153","2790",0.142857142857143
"850153","2811",0.142857142857143
"850153","3312",0.142857142857143
"850153","3314",0.142857142857143
"850153","3320",0.142857142857143
"850161","2610",0.142857142857143
"850161","2710",0.142857142857143
"850161","2790",0.142857142857143
"850161","2811",0.142857142857143
"850161","3312",0.142857142857143
"850161","3314",0.142857142857143
"850161","3320",0.142857142857143
"850162","2610",0.142857142857143
"850162","2710",0.142857142857143
"850162","2790",0.142857142857143
"850162","2811",0.142857142857143
"850162","3312",0.142857142857143
"850162","3314",0.142857142857143
"850162","3320",0.142857142857143
"850163","2610",0.142857142857143
"850163","2710",0.142857142857143
"850163","2790",0.142857142857143
"850163","2811",0.142857142857143
"850163","3312",0.142857142857143
"850163","3314",0.142857142857143
"850163","3320",0.142857142857143
"850164","2610",0.142857142857143
"850164","2710",0.142857142857143
"850164","2790",0.142857142857143
"850164","2811",0.142857142857143
"850164","3312",0.142857142857143
"850164","3314",0.142857142857143
"850164","3320",0.142857142857143
"850171","2610",0.142857142857143
"850171","2710",0.142857142857143
"850171","2790",0.142857142857143
"850171","2811",0.142857142857143
"850171","3312",0.142857142857143
"850171","3314",0.142857142857143
"850171","3320",0.142857142857143
"850172","2610",0.142857142857143
"850172","2710",0.142857142857143
"850172","2790",0.142857142857143
"850172","2811",0.142857142857143
"850172","3312",0.142857142857143
"850172","3314",0.142857142857143
"850172","3320",0.142857142857143
"850180","2610",0.142857142857143
"850180","2710",0.142857142857143
"850180","2790",0.142857142857143
"850180","2811",0.142857142857143
"850180","3312",0.142857142857143
"850180","3314",0.142857142857143
"850180","3320",0.142857142857143
"850211","2610",0.142857142857143
"850211","2710",0.142857142857143
"850211","2790",0.142857142857143
"850211","2811",0.142857142857143
"850211","3312",0.142857142857143
"850211","3314",0.142857142857143
"850211","3320",0.142857142857143
"850212","2610",0.142857142857143
"850212","2710",0.142857142857143
"850212","2790",0.142857142857143
"850212","2811",0.142857142857143
"850212","3312",0.142857142857143
"850212","3314",0.142857142857143
"850212","3320",0.142857142857143
"850213","2610",0.142857142857143
"850213","2710",0.142857142857143
"850213","2790",0.142857142857143
"850213","2811",0.142857142857143
"850213","3312",0.142857142857143
"850213","3314",0.142857142857143
"850213","3320",0.142857142857143
"850220","2610",0.142857142857143
"850220","2710",0.142857142857143
"850220","2790",0.142857142857143
"850220","2811",0.142857142857143
"850220","3312",0.142857142857143
"850220","3314",0.142857142857143
"850220","3320",0.142857142857143
"850231","2610",0.142857142857143
"850231","2710",0.142857142857143
"850231","2790",0.142857142857143
"850231","2811",0.142857142857143
"850231","3312",0.142857142857143
"850231","3314",0.142857142857143
"850231","3320",0.142857142857143
"850239","2610",0.142857142857143
"850239","2710",0.142857142857143
"850239","2790",0.142857142857143
"850239","2811",0.142857142857143
"850239","3312",0.142857142857143
"850239","3314",0.142857142857143
"850239","3320",0.142857142857143
"850240","2610",0.142857142857143
"850240","2710",0.142857142857143
"850240","2790",0.142857142857143
"850240","2811",0.142857142857143
"850240","3312",0.142857142857143
"850240","3314",0.142857142857143
"850240","3320",0.142857142857143
"850300","2610",0.142857142857143
"850300","2710",0.142857142857143
"850300","2790",0.142857142857143
"850300","2811",0.142857142857143
"850300","3312",0.142857142857143
"850300","3314",0.142857142857143
"850300","3320",0.142857142857143
"850410","2610",0.142857142857143
"850410","2710",0.142857142857143
"850410","2790",0.142857142857143
"850410","2811",0.142857142857143
"850410","3312",0.142857142857143
"850410","3314",0.142857142857143
"850410","3320",0.142857142857143
"850421","2610",0.142857142857143
"850421","2710",0.142857142857143
"850421","2790",0.142857142857143
"850421","2811",0.142857142857143
"850421","3312",0.142857142857143
"850421","3314",0.142857142857143
"850421","3320",0.142857142857143
"850422","2610",0.142857142857143
"850422","2710",0.142857142857143
"850422","2790",0.142857142857143
"850422","2811",0.142857142857143
"850422","3312",0.142857142857143
"850422","3314",0.142857142857143
"850422","3320",0.142857142857143
"850423","2610",0.142857142857143
"850423","2710",0.142857142857143
"850423","2790",0.142857142857143
"850423","2811",0.142857142857143
"850423","3312",0.142857142857143
"850423","3314",0.142857142857143
"850423","3320",0.142857142857143
"850431","2610",0.142857142857143
"850431","2710",0.142857142857143
"850431","2790",0.142857142857143
"850431","2811",0.142857142857143
"850431","3312",0.142857142857143
"850431","3314",0.142857142857143
"850431","3320",0.142857142857143
"850432","2610",0.142857142857143
"850432","2710",0.142857142857143
"850432","2790",0.142857142857143
"850432","2811",0.142857142857143
"850432","3312",0.142857142857143
"850432","3314",0.142857142857143
"850432","3320",0.142857142857143
"850433","2610",0.142857142857143
"850433","2710",0.142857142857143
"850433","2790",0.142857142857143
"850433","2811",0.142857142857143
"850433","3312",0.142857142857143
"850433","3314",0.142857142857143
"850433","3320",0.142857142857143
"850434","2610",0.142857142857143
"850434","2710",0.142857142857143
"850434","2790",0.142857142857143
"850434","2811",0.142857142857143
"850434","3312",0.142857142857143
"850434","3314",0.142857142857143
"850434","3320",0.142857142857143
"850440","2610",0.142857142857143
"850440","2710",0.142857142857143
"850440","2790",0.142857142857143
"850440","2811",0.142857142857143
"850440","3312",0.142857142857143
"850440","3314",0.142857142857143
"850440","3320",0.142857142857143
"850450","2610",0.142857142857143
"850450","2710",0.142857142857143
"850450","2790",0.142857142857143
"850450","2811",0.142857142857143
"850450","3312",0.142857142857143
"850450","3314",0.142857142857143
"850450","3320",0.142857142857143
"850490","2610",0.142857142857143
"850490","2710",0.142857142857143
"850490","2790",0.142857142857143
"850490","2811",0.142857142857143
"850490","3312",0.142857142857143
"850490","3314",0.142857142857143
"850490","3320",0.142857142857143
"850511","2599",0.0909090909090909
"850511","2630",0.0909090909090909
"850511","2651",0.0909090909090909
"850511","2733",0.0909090909090909
"850511","2740",0.0909090909090909
"850511","2790",0.0909090909090909
"850511","2822",0.0909090909090909
"850511","2930",0.0909090909090909
"850511","3020",0.0909090909090909
"850511","3313",0.0909090909090909
"850511","3314",0.0909090909090909
"850519","2599",0.0909090909090909
"850519","2630",0.0909090909090909
"850519","2651",0.0909090909090909
"850519","2733",0.0909090909090909
"850519","2740",0.0909090909090909
"850519","2790",0.0909090909090909
"850519","2822",0.0909090909090909
"850519","2930",0.0909090909090909
"850519","3020",0.0909090909090909
"850519","3313",0.0909090909090909
"850519","3314",0.0909090909090909
"850520","2599",0.0909090909090909
"850520","2630",0.0909090909090909
"850520","2651",0.0909090909090909
"850520","2733",0.0909090909090909
"850520","2740",0.0909090909090909
"850520","2790",0.0909090909090909
"850520","2822",0.0909090909090909
"850520","2930",0.0909090909090909
"850520","3020",0.0909090909090909
"850520","3313",0.0909090909090909
"850520","3314",0.0909090909090909
"850590","2599",0.0909090909090909
"850590","2630",0.0909090909090909
"850590","2651",0.0909090909090909
"850590","2733",0.0909090909090909
"850590","2740",0.0909090909090909
"850590","2790",0.0909090909090909
"850590","2822",0.0909090909090909
"850590","2930",0.0909090909090909
"850590","3020",0.0909090909090909
"850590","3313",0.0909090909090909
"850590","3314",0.0909090909090909
"850610","2720",0.5
"850610","3314",0.5
"850630","2720",0.5
"850630","3314",0.5
"850640","2720",0.5
"850640","3314",0.5
"850650","2720",0.5
"850650","3314",0.5
"850660","2720",0.5
"850660","3314",0.5
"850680","2720",0.5
"850680","3314",0.5
"850690","2720",0.5
"850690","3314",0.5
"850710","2720",0.5
"850710","3314",0.5
"850720","2720",0.5
"850720","3314",0.5
"850730","2720",0.5
"850730","3314",0.5
"850750","2720",0.5
"850750","3314",0.5
"850760","2720",0.5
"850760","3314",0.5
"850780","2720",0.5
"850780","3314",0.5
"850790","2720",0.5
"850790","3314",0.5
"850811","2750",0.333333333333333
"850811","2815",0.333333333333333
"850811","2819",0.333333333333333
"850819","2750",0.333333333333333
"850819","2815",0.333333333333333
"850819","2819",0.333333333333333
"850860","2593",0.125
"850860","2790",0.125
"850860","2826",0.125
"850860","2829",0.125
"850860","3311",0.125
"850860","3312",0.125
"850860","3314",0.125
"850860","3320",0.125
"850870","2750",0.333333333333333
"850870","2815",0.333333333333333
"850870","2819",0.333333333333333
"850940","2750",0.333333333333333
"850940","2815",0.333333333333333
"850940","2819",0.333333333333333
"850980","2750",0.333333333333333
"850980","2815",0.333333333333333
"850980","2819",0.333333333333333
"850990","2750",0.333333333333333
"850990","2815",0.333333333333333
"850990","2819",0.333333333333333
"851010","2750",0.333333333333333
"851010","2815",0.333333333333333
"851010","2819",0.333333333333333
"851020","2750",0.333333333333333
"851020","2815",0.333333333333333
"851020","2819",0.333333333333333
"851030","2750",0.333333333333333
"851030","2815",0.333333333333333
"851030","2819",0.333333333333333
"851090","2750",0.333333333333333
"851090","2815",0.333333333333333
"851090","2819",0.333333333333333
"851110","2599",0.0909090909090909
"851110","2630",0.0909090909090909
"851110","2651",0.0909090909090909
"851110","2733",0.0909090909090909
"851110","2740",0.0909090909090909
"851110","2790",0.0909090909090909
"851110","2822",0.0909090909090909
"851110","2930",0.0909090909090909
"851110","3020",0.0909090909090909
"851110","3313",0.0909090909090909
"851110","3314",0.0909090909090909
"851120","2599",0.0909090909090909
"851120","2630",0.0909090909090909
"851120","2651",0.0909090909090909
"851120","2733",0.0909090909090909
"851120","2740",0.0909090909090909
"851120","2790",0.0909090909090909
"851120","2822",0.0909090909090909
"851120","2930",0.0909090909090909
"851120","3020",0.0909090909090909
"851120","3313",0.0909090909090909
"851120","3314",0.0909090909090909
"851130","2599",0.0909090909090909
"851130","2630",0.0909090909090909
"851130","2651",0.0909090909090909
"851130","2733",0.0909090909090909
"851130","2740",0.0909090909090909
"851130","2790",0.0909090909090909
"851130","2822",0.0909090909090909
"851130","2930",0.0909090909090909
"851130","3020",0.0909090909090909
"851130","3313",0.0909090909090909
"851130","3314",0.0909090909090909
"851140","2599",0.0909090909090909
"851140","2630",0.0909090909090909
"851140","2651",0.0909090909090909
"851140","2733",0.0909090909090909
"851140","2740",0.0909090909090909
"851140","2790",0.0909090909090909
"851140","2822",0.0909090909090909
"851140","2930",0.0909090909090909
"851140","3020",0.0909090909090909
"851140","3313",0.0909090909090909
"851140","3314",0.0909090909090909
"851150","2599",0.0909090909090909
"851150","2630",0.0909090909090909
"851150","2651",0.0909090909090909
"851150","2733",0.0909090909090909
"851150","2740",0.0909090909090909
"851150","2790",0.0909090909090909
"851150","2822",0.0909090909090909
"851150","2930",0.0909090909090909
"851150","3020",0.0909090909090909
"851150","3313",0.0909090909090909
"851150","3314",0.0909090909090909
"851180","2599",0.0909090909090909
"851180","2630",0.0909090909090909
"851180","2651",0.0909090909090909
"851180","2733",0.0909090909090909
"851180","2740",0.0909090909090909
"851180","2790",0.0909090909090909
"851180","2822",0.0909090909090909
"851180","2930",0.0909090909090909
"851180","3020",0.0909090909090909
"851180","3313",0.0909090909090909
"851180","3314",0.0909090909090909
"851190","2599",0.0909090909090909
"851190","2630",0.0909090909090909
"851190","2651",0.0909090909090909
"851190","2733",0.0909090909090909
"851190","2740",0.0909090909090909
"851190","2790",0.0909090909090909
"851190","2822",0.0909090909090909
"851190","2930",0.0909090909090909
"851190","3020",0.0909090909090909
"851190","3313",0.0909090909090909
"851190","3314",0.0909090909090909
"851210","2599",0.0909090909090909
"851210","2630",0.0909090909090909
"851210","2651",0.0909090909090909
"851210","2733",0.0909090909090909
"851210","2740",0.0909090909090909
"851210","2790",0.0909090909090909
"851210","2822",0.0909090909090909
"851210","2930",0.0909090909090909
"851210","3020",0.0909090909090909
"851210","3313",0.0909090909090909
"851210","3314",0.0909090909090909
"851220","2599",0.0909090909090909
"851220","2630",0.0909090909090909
"851220","2651",0.0909090909090909
"851220","2733",0.0909090909090909
"851220","2740",0.0909090909090909
"851220","2790",0.0909090909090909
"851220","2822",0.0909090909090909
"851220","2930",0.0909090909090909
"851220","3020",0.0909090909090909
"851220","3313",0.0909090909090909
"851220","3314",0.0909090909090909
"851230","2599",0.0909090909090909
"851230","2630",0.0909090909090909
"851230","2651",0.0909090909090909
"851230","2733",0.0909090909090909
"851230","2740",0.0909090909090909
"851230","2790",0.0909090909090909
"851230","2822",0.0909090909090909
"851230","2930",0.0909090909090909
"851230","3020",0.0909090909090909
"851230","3313",0.0909090909090909
"851230","3314",0.0909090909090909
"851240","2599",0.0909090909090909
"851240","2630",0.0909090909090909
"851240","2651",0.0909090909090909
"851240","2733",0.0909090909090909
"851240","2740",0.0909090909090909
"851240","2790",0.0909090909090909
"851240","2822",0.0909090909090909
"851240","2930",0.0909090909090909
"851240","3020",0.0909090909090909
"851240","3313",0.0909090909090909
"851240","3314",0.0909090909090909
"851290","2599",0.0909090909090909
"851290","2630",0.0909090909090909
"851290","2651",0.0909090909090909
"851290","2733",0.0909090909090909
"851290","2740",0.0909090909090909
"851290","2790",0.0909090909090909
"851290","2822",0.0909090909090909
"851290","2930",0.0909090909090909
"851290","3020",0.0909090909090909
"851290","3313",0.0909090909090909
"851290","3314",0.0909090909090909
"851310","2740",0.333333333333333
"851310","2790",0.333333333333333
"851310","3314",0.333333333333333
"851390","2740",0.333333333333333
"851390","2790",0.333333333333333
"851390","3314",0.333333333333333
"851411","2815",0.333333333333333
"851411","3312",0.333333333333333
"851411","3320",0.333333333333333
"851419","2815",0.333333333333333
"851419","3312",0.333333333333333
"851419","3320",0.333333333333333
"851420","2815",0.333333333333333
"851420","3312",0.333333333333333
"851420","3320",0.333333333333333
"851431","2815",0.333333333333333
"851431","3312",0.333333333333333
"851431","3320",0.333333333333333
"851432","2815",0.333333333333333
"851432","3312",0.333333333333333
"851432","3320",0.333333333333333
"851439","2815",0.333333333333333
"851439","3312",0.333333333333333
"851439","3320",0.333333333333333
"851440","2815",0.333333333333333
"851440","3312",0.333333333333333
"851440","3320",0.333333333333333
"851490","2815",0.333333333333333
"851490","3312",0.333333333333333
"851490","3320",0.333333333333333
"851511","2790",0.142857142857143
"851511","2818",0.142857142857143
"851511","2819",0.142857142857143
"851511","2822",0.142857142857143
"851511","3312",0.142857142857143
"851511","3314",0.142857142857143
"851511","3320",0.142857142857143
"851519","2790",0.142857142857143
"851519","2818",0.142857142857143
"851519","2819",0.142857142857143
"851519","2822",0.142857142857143
"851519","3312",0.142857142857143
"851519","3314",0.142857142857143
"851519","3320",0.142857142857143
"851521","2790",0.142857142857143
"851521","2818",0.142857142857143
"851521","2819",0.142857142857143
"851521","2822",0.142857142857143
"851521","3312",0.142857142857143
"851521","3314",0.142857142857143
"851521","3320",0.142857142857143
"851529","2790",0.142857142857143
"851529","2818",0.142857142857143
"851529","2819",0.142857142857143
"851529","2822",0.142857142857143
"851529","3312",0.142857142857143
"851529","3314",0.142857142857143
"851529","3320",0.142857142857143
"851531","2790",0.142857142857143
"851531","2818",0.142857142857143
"851531","2819",0.142857142857143
"851531","2822",0.142857142857143
"851531","3312",0.142857142857143
"851531","3314",0.142857142857143
"851531","3320",0.142857142857143
"851539","2790",0.142857142857143
"851539","2818",0.142857142857143
"851539","2819",0.142857142857143
"851539","2822",0.142857142857143
"851539","3312",0.142857142857143
"851539","3314",0.142857142857143
"851539","3320",0.142857142857143
"851580","2790",0.142857142857143
"851580","2818",0.142857142857143
"851580","2819",0.142857142857143
"851580","2822",0.142857142857143
"851580","3312",0.142857142857143
"851580","3314",0.142857142857143
"851580","3320",0.142857142857143
"851590","2790",0.142857142857143
"851590","2818",0.142857142857143
"851590","2819",0.142857142857143
"851590","2822",0.142857142857143
"851590","3312",0.142857142857143
"851590","3314",0.142857142857143
"851590","3320",0.142857142857143
"851610","2750",0.333333333333333
"851610","2815",0.333333333333333
"851610","2819",0.333333333333333
"851621","2750",0.333333333333333
"851621","2815",0.333333333333333
"851621","2819",0.333333333333333
"851629","2750",0.333333333333333
"851629","2815",0.333333333333333
"851629","2819",0.333333333333333
"851631","2750",0.333333333333333
"851631","2815",0.333333333333333
"851631","2819",0.333333333333333
"851632","2750",0.333333333333333
"851632","2815",0.333333333333333
"851632","2819",0.333333333333333
"851633","2750",0.333333333333333
"851633","2815",0.333333333333333
"851633","2819",0.333333333333333
"851640","2750",0.333333333333333
"851640","2815",0.333333333333333
"851640","2819",0.333333333333333
"851650","2750",0.333333333333333
"851650","2815",0.333333333333333
"851650","2819",0.333333333333333
"851660","2750",0.333333333333333
"851660","2815",0.333333333333333
"851660","2819",0.333333333333333
"851671","2750",0.333333333333333
"851671","2815",0.333333333333333
"851671","2819",0.333333333333333
"851672","2750",0.333333333333333
"851672","2815",0.333333333333333
"851672","2819",0.333333333333333
"851679","2750",0.333333333333333
"851679","2815",0.333333333333333
"851679","2819",0.333333333333333
"851680","2750",0.333333333333333
"851680","2815",0.333333333333333
"851680","2819",0.333333333333333
"851690","2750",0.333333333333333
"851690","2815",0.333333333333333
"851690","2819",0.333333333333333
"851711","2630",0.2
"851711","2651",0.2
"851711","3313",0.2
"851711","3320",0.2
"851711","9512",0.2
"851713","2630",0.2
"851713","2651",0.2
"851713","3313",0.2
"851713","3320",0.2
"851713","9512",0.2
"851714","2630",0.2
"851714","2651",0.2
"851714","3313",0.2
"851714","3320",0.2
"851714","9512",0.2
"851718","2630",0.2
"851718","2651",0.2
"851718","3313",0.2
"851718","3320",0.2
"851718","9512",0.2
"851761","2630",0.2
"851761","2651",0.2
"851761","3313",0.2
"851761","3320",0.2
"851761","9512",0.2
"851762","2610",0.25
"851762","2620",0.25
"851762","2817",0.25
"851762","3320",0.25
"851769","2630",0.2
"851769","2651",0.2
"851769","3313",0.2
"851769","3320",0.2
"851769","9512",0.2
"851771","2815",0.333333333333333
"851771","3312",0.333333333333333
"851771","3320",0.333333333333333
"851779","2815",0.333333333333333
"851779","3312",0.333333333333333
"851779","3320",0.333333333333333
"851810","2610",0.125
"851810","2630",0.125
"851810","2640",0.125
"851810","2670",0.125
"851810","2817",0.125
"851810","3312",0.125
"851810","3313",0.125
"851810","9521",0.125
"851821","2610",0.125
"851821","2630",0.125
"851821","2640",0.125
"851821","2670",0.125
"851821","2817",0.125
"851821","3312",0.125
"851821","3313",0.125
"851821","9521",0.125
"851822","2610",0.125
"851822","2630",0.125
"851822","2640",0.125
"851822","2670",0.125
"851822","2817",0.125
"851822","3312",0.125
"851822","3313",0.125
"851822","9521",0.125
"851829","2610",0.125
"851829","2630",0.125
"851829","2640",0.125
"851829","2670",0.125
"851829","2817",0.125
"851829","3312",0.125
"851829","3313",0.125
"851829","9521",0.125
"851830","2610",0.125
"851830","2630",0.125
"851830","2640",0.125
"851830","2670",0.125
"851830","2817",0.125
"851830","3312",0.125
"851830","3313",0.125
"851830","9521",0.125
"851840","2610",0.125
"851840","2630",0.125
"851840","2640",0.125
"851840","2670",0.125
"851840","2817",0.125
"851840","3312",0.125
"851840","3313",0.125
"851840","9521",0.125
"851850","2610",0.125
"851850","2630",0.125
"851850","2640",0.125
"851850","2670",0.125
"851850","2817",0.125
"851850","3312",0.125
"851850","3313",0.125
"851850","9521",0.125
"851890","2610",0.125
"851890","2630",0.125
"851890","2640",0.125
"851890","2670",0.125
"851890","2817",0.125
"851890","3312",0.125
"851890","3313",0.125
"851890","9521",0.125
"851920","2610",0.125
"851920","2630",0.125
"851920","2640",0.125
"851920","2670",0.125
"851920","2817",0.125
"851920","3312",0.125
"851920","3313",0.125
"851920","9521",0.125
"851930","2610",0.125
"851930","2630",0.125
"851930","2640",0.125
"851930","2670",0.125
"851930","2817",0.125
"851930","3312",0.125
"851930","3313",0.125
"851930","9521",0.125
"851981","2610",0.125
"851981","2630",0.125
"851981","2640",0.125
"851981","2670",0.125
"851981","2817",0.125
"851981","3312",0.125
"851981","3313",0.125
"851981","9521",0.125
"851989","2610",0.125
"851989","2630",0.125
"851989","2640",0.125
"851989","2670",0.125
"851989","2817",0.125
"851989","3312",0.125
"851989","3313",0.125
"851989","9521",0.125
"852110","2610",0.125
"852110","2630",0.125
"852110","2640",0.125
"852110","2670",0.125
"852110","2817",0.125
"852110","3312",0.125
"852110","3313",0.125
"852110","9521",0.125
"852190","2610",0.125
"852190","2630",0.125
"852190","2640",0.125
"852190","2670",0.125
"852190","2817",0.125
"852190","3312",0.125
"852190","3313",0.125
"852190","9521",0.125
"852210","2610",0.125
"852210","2630",0.125
"852210","2640",0.125
"852210","2670",0.125
"852210","2817",0.125
"852210","3312",0.125
"852210","3313",0.125
"852210","9521",0.125
"852290","2610",0.125
"852290","2630",0.125
"852290","2640",0.125
"852290","2670",0.125
"852290","2817",0.125
"852290","3312",0.125
"852290","3313",0.125
"852290","9521",0.125
"852321","1079",0.166666666666667
"852321","2011",0.166666666666667
"852321","2029",0.166666666666667
"852321","2610",0.166666666666667
"852321","2680",0.166666666666667
"852321","2817",0.166666666666667
"852329","1079",0.166666666666667
"852329","2011",0.166666666666667
"852329","2029",0.166666666666667
"852329","2610",0.166666666666667
"852329","2680",0.166666666666667
"852329","2817",0.166666666666667
"852341","1079",0.166666666666667
"852341","2011",0.166666666666667
"852341","2029",0.166666666666667
"852341","2610",0.166666666666667
"852341","2680",0.166666666666667
"852341","2817",0.166666666666667
"852349","1079",0.166666666666667
"852349","2011",0.166666666666667
"852349","2029",0.166666666666667
"852349","2610",0.166666666666667
"852349","2680",0.166666666666667
"852349","2817",0.166666666666667
"852351","5920",1
"852352","2610",0.333333333333333
"852352","2790",0.333333333333333
"852352","3314",0.333333333333333
"852359","5920",1
"852380","5920",1
"852411","2630",0.2
"852411","2651",0.2
"852411","3313",0.2
"852411","3320",0.2
"852411","9512",0.2
"852412","2630",0.2
"852412","2651",0.2
"852412","3313",0.2
"852412","3320",0.2
"852412","9512",0.2
"852419","2630",0.2
"852419","2651",0.2
"852419","3313",0.2
"852419","3320",0.2
"852419","9512",0.2
"852491","2630",0.2
"852491","2651",0.2
"852491","3313",0.2
"852491","3320",0.2
"852491","9512",0.2
"852492","2630",0.2
"852492","2651",0.2
"852492","3313",0.2
"852492","3320",0.2
"852492","9512",0.2
"852499","2630",0.2
"852499","2651",0.2
"852499","3313",0.2
"852499","3320",0.2
"852499","9512",0.2
"852550","2630",0.2
"852550","2651",0.2
"852550","3313",0.2
"852550","3320",0.2
"852550","9512",0.2
"852560","2630",0.2
"852560","2651",0.2
"852560","3313",0.2
"852560","3320",0.2
"852560","9512",0.2
"852581","2610",0.125
"852581","2630",0.125
"852581","2640",0.125
"852581","2670",0.125
"852581","2817",0.125
"852581","3312",0.125
"852581","3313",0.125
"852581","9521",0.125
"852582","2610",0.125
"852582","2630",0.125
"852582","2640",0.125
"852582","2670",0.125
"852582","2817",0.125
"852582","3312",0.125
"852582","3313",0.125
"852582","9521",0.125
"852583","2610",0.125
"852583","2630",0.125
"852583","2640",0.125
"852583","2670",0.125
"852583","2817",0.125
"852583","3312",0.125
"852583","3313",0.125
"852583","9521",0.125
"852589","2610",0.125
"852589","2630",0.125
"852589","2640",0.125
"852589","2670",0.125
"852589","2817",0.125
"852589","3312",0.125
"852589","3313",0.125
"852589","9521",0.125
"852610","2651",0.142857142857143
"852610","2670",0.142857142857143
"852610","2819",0.142857142857143
"852610","2829",0.142857142857143
"852610","3250",0.142857142857143
"852610","3313",0.142857142857143
"852610","3319",0.142857142857143
"852691","2651",0.142857142857143
"852691","2670",0.142857142857143
"852691","2819",0.142857142857143
"852691","2829",0.142857142857143
"852691","3250",0.142857142857143
"852691","3313",0.142857142857143
"852691","3319",0.142857142857143
"852692","2651",0.142857142857143
"852692","2670",0.142857142857143
"852692","2819",0.142857142857143
"852692","2829",0.142857142857143
"852692","3250",0.142857142857143
"852692","3313",0.142857142857143
"852692","3319",0.142857142857143
"852712","2610",0.125
"852712","2630",0.125
"852712","2640",0.125
"852712","2670",0.125
"852712","2817",0.125
"852712","3312",0.125
"852712","3313",0.125
"852712","9521",0.125
"852713","2610",0.125
"852713","2630",0.125
"852713","2640",0.125
"852713","2670",0.125
"852713","2817",0.125
"852713","3312",0.125
"852713","3313",0.125
"852713","9521",0.125
"852719","2610",0.125
"852719","2630",0.125
"852719","2640",0.125
"852719","2670",0.125
"852719","2817",0.125
"852719","3312",0.125
"852719","3313",0.125
"852719","9521",0.125
"852721","2610",0.125
"852721","2630",0.125
"852721","2640",0.125
"852721","2670",0.125
"852721","2817",0.125
"852721","3312",0.125
"852721","3313",0.125
"852721","9521",0.125
"852729","2610",0.125
"852729","2630",0.125
"852729","2640",0.125
"852729","2670",0.125
"852729","2817",0.125
"852729","3312",0.125
"852729","3313",0.125
"852729","9521",0.125
"852791","2610",0.125
"852791","2630",0.125
"852791","2640",0.125
"852791","2670",0.125
"852791","2817",0.125
"852791","3312",0.125
"852791","3313",0.125
"852791","9521",0.125
"852792","2610",0.125
"852792","2630",0.125
"852792","2640",0.125
"852792","2670",0.125
"852792","2817",0.125
"852792","3312",0.125
"852792","3313",0.125
"852792","9521",0.125
"852799","2610",0.125
"852799","2630",0.125
"852799","2640",0.125
"852799","2670",0.125
"852799","2817",0.125
"852799","3312",0.125
"852799","3313",0.125
"852799","9521",0.125
"852842","2610",0.125
"852842","2630",0.125
"852842","2640",0.125
"852842","2670",0.125
"852842","2817",0.125
"852842","3312",0.125
"852842","3313",0.125
"852842","9521",0.125
"852849","2610",0.125
"852849","2630",0.125
"852849","2640",0.125
"852849","2670",0.125
"852849","2817",0.125
"852849","3312",0.125
"852849","3313",0.125
"852849","9521",0.125
"852852","2610",0.125
"852852","2630",0.125
"852852","2640",0.125
"852852","2670",0.125
"852852","2817",0.125
"852852","3312",0.125
"852852","3313",0.125
"852852","9521",0.125
"852859","2610",0.125
"852859","2630",0.125
"852859","2640",0.125
"852859","2670",0.125
"852859","2817",0.125
"852859","3312",0.125
"852859","3313",0.125
"852859","9521",0.125
"852862","2610",0.125
"852862","2630",0.125
"852862","2640",0.125
"852862","2670",0.125
"852862","2817",0.125
"852862","3312",0.125
"852862","3313",0.125
"852862","9521",0.125
"852869","2610",0.125
"852869","2630",0.125
"852869","2640",0.125
"852869","2670",0.125
"852869","2817",0.125
"852869","3312",0.125
"852869","3313",0.125
"852869","9521",0.125
"852871","2610",0.125
"852871","2630",0.125
"852871","2640",0.125
"852871","2670",0.125
"852871","2817",0.125
"852871","3312",0.125
"852871","3313",0.125
"852871","9521",0.125
"852872","2610",0.125
"852872","2630",0.125
"852872","2640",0.125
"852872","2670",0.125
"852872","2817",0.125
"852872","3312",0.125
"852872","3313",0.125
"852872","9521",0.125
"852873","2610",0.125
"852873","2630",0.125
"852873","2640",0.125
"852873","2670",0.125
"852873","2817",0.125
"852873","3312",0.125
"852873","3313",0.125
"852873","9521",0.125
"852910","2610",0.125
"852910","2630",0.125
"852910","2640",0.125
"852910","2670",0.125
"852910","2817",0.125
"852910","3312",0.125
"852910","3313",0.125
"852910","9521",0.125
"852990","2610",0.125
"852990","2630",0.125
"852990","2640",0.125
"852990","2670",0.125
"852990","2817",0.125
"852990","3312",0.125
"852990","3313",0.125
"852990","9521",0.125
"853010","2599",0.0909090909090909
"853010","2630",0.0909090909090909
"853010","2651",0.0909090909090909
"853010","2733",0.0909090909090909
"853010","2740",0.0909090909090909
"853010","2790",0.0909090909090909
"853010","2822",0.0909090909090909
"853010","2930",0.0909090909090909
"853010","3020",0.0909090909090909
"853010","3313",0.0909090909090909
"853010","3314",0.0909090909090909
"853080","2599",0.0909090909090909
"853080","2630",0.0909090909090909
"853080","2651",0.0909090909090909
"853080","2733",0.0909090909090909
"853080","2740",0.0909090909090909
"853080","2790",0.0909090909090909
"853080","2822",0.0909090909090909
"853080","2930",0.0909090909090909
"853080","3020",0.0909090909090909
"853080","3313",0.0909090909090909
"853080","3314",0.0909090909090909
"853090","2599",0.0909090909090909
"853090","2630",0.0909090909090909
"853090","2651",0.0909090909090909
"853090","2733",0.0909090909090909
"853090","2740",0.0909090909090909
"853090","2790",0.0909090909090909
"853090","2822",0.0909090909090909
"853090","2930",0.0909090909090909
"853090","3020",0.0909090909090909
"853090","3313",0.0909090909090909
"853090","3314",0.0909090909090909
"853110","2599",0.0909090909090909
"853110","2630",0.0909090909090909
"853110","2651",0.0909090909090909
"853110","2733",0.0909090909090909
"853110","2740",0.0909090909090909
"853110","2790",0.0909090909090909
"853110","2822",0.0909090909090909
"853110","2930",0.0909090909090909
"853110","3020",0.0909090909090909
"853110","3313",0.0909090909090909
"853110","3314",0.0909090909090909
"853120","2599",0.0909090909090909
"853120","2630",0.0909090909090909
"853120","2651",0.0909090909090909
"853120","2733",0.0909090909090909
"853120","2740",0.0909090909090909
"853120","2790",0.0909090909090909
"853120","2822",0.0909090909090909
"853120","2930",0.0909090909090909
"853120","3020",0.0909090909090909
"853120","3313",0.0909090909090909
"853120","3314",0.0909090909090909
"853180","2599",0.0909090909090909
"853180","2630",0.0909090909090909
"853180","2651",0.0909090909090909
"853180","2733",0.0909090909090909
"853180","2740",0.0909090909090909
"853180","2790",0.0909090909090909
"853180","2822",0.0909090909090909
"853180","2930",0.0909090909090909
"853180","3020",0.0909090909090909
"853180","3313",0.0909090909090909
"853180","3314",0.0909090909090909
"853190","2599",0.0909090909090909
"853190","2630",0.0909090909090909
"853190","2651",0.0909090909090909
"853190","2733",0.0909090909090909
"853190","2740",0.0909090909090909
"853190","2790",0.0909090909090909
"853190","2822",0.0909090909090909
"853190","2930",0.0909090909090909
"853190","3020",0.0909090909090909
"853190","3313",0.0909090909090909
"853190","3314",0.0909090909090909
"853210","2610",0.333333333333333
"853210","2790",0.333333333333333
"853210","3314",0.333333333333333
"853221","2610",0.333333333333333
"853221","2790",0.333333333333333
"853221","3314",0.333333333333333
"853222","2610",0.333333333333333
"853222","2790",0.333333333333333
"853222","3314",0.333333333333333
"853223","2610",0.333333333333333
"853223","2790",0.333333333333333
"853223","3314",0.333333333333333
"853224","2610",0.333333333333333
"853224","2790",0.333333333333333
"853224","3314",0.333333333333333
"853225","2610",0.333333333333333
"853225","2790",0.333333333333333
"853225","3314",0.333333333333333
"853229","2610",0.333333333333333
"853229","2790",0.333333333333333
"853229","3314",0.333333333333333
"853230","2610",0.333333333333333
"853230","2790",0.333333333333333
"853230","3314",0.333333333333333
"853290","2610",0.333333333333333
"853290","2790",0.333333333333333
"853290","3314",0.333333333333333
"853310","2610",0.333333333333333
"853310","2790",0.333333333333333
"853310","3314",0.333333333333333
"853321","2610",0.333333333333333
"853321","2790",0.333333333333333
"853321","3314",0.333333333333333
"853329","2610",0.333333333333333
"853329","2790",0.333333333333333
"853329","3314",0.333333333333333
"853331","2610",0.333333333333333
"853331","2790",0.333333333333333
"853331","3314",0.333333333333333
"853339","2610",0.333333333333333
"853339","2790",0.333333333333333
"853339","3314",0.333333333333333
"853340","2610",0.333333333333333
"853340","2790",0.333333333333333
"853340","3314",0.333333333333333
"853390","2610",0.333333333333333
"853390","2790",0.333333333333333
"853390","3314",0.333333333333333
"853400","2610",0.333333333333333
"853400","2790",0.333333333333333
"853400","3314",0.333333333333333
"853510","2610",0.2
"853510","2710",0.2
"853510","2733",0.2
"853510","2790",0.2
"853510","3314",0.2
"853521","2610",0.2
"853521","2710",0.2
"853521","2733",0.2
"853521","2790",0.2
"853521","3314",0.2
"853529","2610",0.2
"853529","2710",0.2
"853529","2733",0.2
"853529","2790",0.2
"853529","3314",0.2
"853530","2610",0.2
"853530","2710",0.2
"853530","2733",0.2
"853530","2790",0.2
"853530","3314",0.2
"853540","2610",0.2
"853540","2710",0.2
"853540","2733",0.2
"853540","2790",0.2
"853540","3314",0.2
"853590","2610",0.2
"853590","2710",0.2
"853590","2733",0.2
"853590","2790",0.2
"853590","3314",0.2
"853610","2610",0.2
"853610","2710",0.2
"853610","2733",0.2
"853610","2790",0.2
"853610","3314",0.2
"853620","2610",0.2
"853620","2710",0.2
"853620","2733",0.2
"853620","2790",0.2
"853620","3314",0.2
"853630","2610",0.2
"853630","2710",0.2
"853630","2733",0.2
"853630","2790",0.2
"853630","3314",0.2
"853641","2610",0.2
"853641","2710",0.2
"853641","2733",0.2
"853641","2790",0.2
"853641","3314",0.2
"853649","2610",0.2
"853649","2710",0.2
"853649","2733",0.2
"853649","2790",0.2
"853649","3314",0.2
"853650","2610",0.2
"853650","2710",0.2
"853650","2733",0.2
"853650","2790",0.2
"853650","3314",0.2
"853661","2610",0.2
"853661","2710",0.2
"853661","2733",0.2
"853661","2790",0.2
"853661","3314",0.2
"853669","2610",0.2
"853669","2710",0.2
"853669","2733",0.2
"853669","2790",0.2
"853669","3314",0.2
"853670","2220",0.166666666666667
"853670","2610",0.166666666666667
"853670","2733",0.166666666666667
"853670","3290",0.166666666666667
"853670","3314",0.166666666666667
"853670","3319",0.166666666666667
"853690","2610",0.2
"853690","2710",0.2
"853690","2733",0.2
"853690","2790",0.2
"853690","3314",0.2
"853710","2610",0.2
"853710","2710",0.2
"853710","2733",0.2
"853710","2790",0.2
"853710","3314",0.2
"853720","2610",0.2
"853720","2710",0.2
"853720","2733",0.2
"853720","2790",0.2
"853720","3314",0.2
"853810","2610",0.2
"853810","2710",0.2
"853810","2733",0.2
"853810","2790",0.2
"853810","3314",0.2
"853890","2610",0.2
"853890","2710",0.2
"853890","2733",0.2
"853890","2790",0.2
"853890","3314",0.2
"853910","2740",0.333333333333333
"853910","2790",0.333333333333333
"853910","3314",0.333333333333333
"853921","2740",0.333333333333333
"853921","2790",0.333333333333333
"853921","3314",0.333333333333333
"853922","2740",0.333333333333333
"853922","2790",0.333333333333333
"853922","3314",0.333333333333333
"853929","2740",0.333333333333333
"853929","2790",0.333333333333333
"853929","3314",0.333333333333333
"853931","2740",0.333333333333333
"853931","2790",0.333333333333333
"853931","3314",0.333333333333333
"853932","2740",0.333333333333333
"853932","2790",0.333333333333333
"853932","3314",0.333333333333333
"853939","2740",0.333333333333333
"853939","2790",0.333333333333333
"853939","3314",0.333333333333333
"853941","2740",0.333333333333333
"853941","2790",0.333333333333333
"853941","3314",0.333333333333333
"853949","2740",0.333333333333333
"853949","2790",0.333333333333333
"853949","3314",0.333333333333333
"853951","2740",0.333333333333333
"853951","2790",0.333333333333333
"853951","3314",0.333333333333333
"853952","2599",0.0909090909090909
"853952","2630",0.0909090909090909
"853952","2651",0.0909090909090909
"853952","2733",0.0909090909090909
"853952","2740",0.0909090909090909
"853952","2790",0.0909090909090909
"853952","2822",0.0909090909090909
"853952","2930",0.0909090909090909
"853952","3020",0.0909090909090909
"853952","3313",0.0909090909090909
"853952","3314",0.0909090909090909
"853990","2740",0.333333333333333
"853990","2790",0.333333333333333
"853990","3314",0.333333333333333
"854011","2610",0.333333333333333
"854011","2790",0.333333333333333
"854011","3314",0.333333333333333
"854012","2610",0.333333333333333
"854012","2790",0.333333333333333
"854012","3314",0.333333333333333
"854020","2610",0.333333333333333
"854020","2790",0.333333333333333
"854020","3314",0.333333333333333
"854040","2610",0.333333333333333
"854040","2790",0.333333333333333
"854040","3314",0.333333333333333
"854060","2610",0.333333333333333
"854060","2790",0.333333333333333
"854060","3314",0.333333333333333
"854071","2610",0.333333333333333
"854071","2790",0.333333333333333
"854071","3314",0.333333333333333
"854079","2610",0.333333333333333
"854079","2790",0.333333333333333
"854079","3314",0.333333333333333
"854081","2610",0.333333333333333
"854081","2790",0.333333333333333
"854081","3314",0.333333333333333
"854089","2610",0.333333333333333
"854089","2790",0.333333333333333
"854089","3314",0.333333333333333
"854091","2610",0.333333333333333
"854091","2790",0.333333333333333
"854091","3314",0.333333333333333
"854099","2610",0.333333333333333
"854099","2790",0.333333333333333
"854099","3314",0.333333333333333
"854110","2610",0.333333333333333
"854110","2790",0.333333333333333
"854110","3314",0.333333333333333
"854121","2610",0.333333333333333
"854121","2790",0.333333333333333
"854121","3314",0.333333333333333
"854129","2610",0.333333333333333
"854129","2790",0.333333333333333
"854129","3314",0.333333333333333
"854130","2610",0.333333333333333
"854130","2790",0.333333333333333
"854130","3314",0.333333333333333
"854141","2610",0.333333333333333
"854141","2790",0.333333333333333
"854141","3314",0.333333333333333
"854142","2610",0.333333333333333
"854142","2790",0.333333333333333
"854142","3314",0.333333333333333
"854143","2610",0.333333333333333
"854143","2790",0.333333333333333
"854143","3314",0.333333333333333
"854149","2610",0.333333333333333
"854149","2790",0.333333333333333
"854149","3314",0.333333333333333
"854151","2630",0.2
"854151","2651",0.2
"854151","3313",0.2
"854151","3320",0.2
"854151","9512",0.2
"854159","2630",0.2
"854159","2651",0.2
"854159","3313",0.2
"854159","3320",0.2
"854159","9512",0.2
"854160","2610",0.333333333333333
"854160","2790",0.333333333333333
"854160","3314",0.333333333333333
"854190","2610",0.333333333333333
"854190","2790",0.333333333333333
"854190","3314",0.333333333333333
"854231","2610",0.333333333333333
"854231","2790",0.333333333333333
"854231","3314",0.333333333333333
"854232","2610",0.333333333333333
"854232","2790",0.333333333333333
"854232","3314",0.333333333333333
"854233","2610",0.333333333333333
"854233","2790",0.333333333333333
"854233","3314",0.333333333333333
"854239","2599",0.0909090909090909
"854239","2630",0.0909090909090909
"854239","2651",0.0909090909090909
"854239","2733",0.0909090909090909
"854239","2740",0.0909090909090909
"854239","2790",0.0909090909090909
"854239","2822",0.0909090909090909
"854239","2930",0.0909090909090909
"854239","3020",0.0909090909090909
"854239","3313",0.0909090909090909
"854239","3314",0.0909090909090909
"854290","2610",0.333333333333333
"854290","2790",0.333333333333333
"854290","3314",0.333333333333333
"854310","2599",0.0909090909090909
"854310","2630",0.0909090909090909
"854310","2651",0.0909090909090909
"854310","2733",0.0909090909090909
"854310","2740",0.0909090909090909
"854310","2790",0.0909090909090909
"854310","2822",0.0909090909090909
"854310","2930",0.0909090909090909
"854310","3020",0.0909090909090909
"854310","3313",0.0909090909090909
"854310","3314",0.0909090909090909
"854320","2599",0.0909090909090909
"854320","2630",0.0909090909090909
"854320","2651",0.0909090909090909
"854320","2733",0.0909090909090909
"854320","2740",0.0909090909090909
"854320","2790",0.0909090909090909
"854320","2822",0.0909090909090909
"854320","2930",0.0909090909090909
"854320","3020",0.0909090909090909
"854320","3313",0.0909090909090909
"854320","3314",0.0909090909090909
"854330","2599",0.0909090909090909
"854330","2630",0.0909090909090909
"854330","2651",0.0909090909090909
"854330","2733",0.0909090909090909
"854330","2740",0.0909090909090909
"854330","2790",0.0909090909090909
"854330","2822",0.0909090909090909
"854330","2930",0.0909090909090909
"854330","3020",0.0909090909090909
"854330","3313",0.0909090909090909
"854330","3314",0.0909090909090909
"854340","2599",0.0909090909090909
"854340","2630",0.0909090909090909
"854340","2651",0.0909090909090909
"854340","2733",0.0909090909090909
"854340","2740",0.0909090909090909
"854340","2790",0.0909090909090909
"854340","2822",0.0909090909090909
"854340","2930",0.0909090909090909
"854340","3020",0.0909090909090909
"854340","3313",0.0909090909090909
"854340","3314",0.0909090909090909
"854370","2599",0.0909090909090909
"854370","2630",0.0909090909090909
"854370","2651",0.0909090909090909
"854370","2733",0.0909090909090909
"854370","2740",0.0909090909090909
"854370","2790",0.0909090909090909
"854370","2822",0.0909090909090909
"854370","2930",0.0909090909090909
"854370","3020",0.0909090909090909
"854370","3313",0.0909090909090909
"854370","3314",0.0909090909090909
"854390","2599",0.0909090909090909
"854390","2630",0.0909090909090909
"854390","2651",0.0909090909090909
"854390","2733",0.0909090909090909
"854390","2740",0.0909090909090909
"854390","2790",0.0909090909090909
"854390","2822",0.0909090909090909
"854390","2930",0.0909090909090909
"854390","3020",0.0909090909090909
"854390","3313",0.0909090909090909
"854390","3314",0.0909090909090909
"854411","2610",0.2
"854411","2731",0.2
"854411","2732",0.2
"854411","2790",0.2
"854411","3314",0.2
"854419","2610",0.2
"854419","2731",0.2
"854419","2732",0.2
"854419","2790",0.2
"854419","3314",0.2
"854420","2610",0.2
"854420","2731",0.2
"854420","2732",0.2
"854420","2790",0.2
"854420","3314",0.2
"854430","2599",0.0909090909090909
"854430","2630",0.0909090909090909
"854430","2651",0.0909090909090909
"854430","2733",0.0909090909090909
"854430","2740",0.0909090909090909
"854430","2790",0.0909090909090909
"854430","2822",0.0909090909090909
"854430","2930",0.0909090909090909
"854430","3020",0.0909090909090909
"854430","3313",0.0909090909090909
"854430","3314",0.0909090909090909
"854442","2610",0.2
"854442","2731",0.2
"854442","2732",0.2
"854442","2790",0.2
"854442","3314",0.2
"854449","2610",0.2
"854449","2731",0.2
"854449","2732",0.2
"854449","2790",0.2
"854449","3314",0.2
"854460","2610",0.2
"854460","2731",0.2
"854460","2732",0.2
"854460","2790",0.2
"854460","3314",0.2
"854470","2610",0.2
"854470","2731",0.2
"854470","2732",0.2
"854470","2790",0.2
"854470","3314",0.2
"854511","2599",0.0909090909090909
"854511","2630",0.0909090909090909
"854511","2651",0.0909090909090909
"854511","2733",0.0909090909090909
"854511","2740",0.0909090909090909
"854511","2790",0.0909090909090909
"854511","2822",0.0909090909090909
"854511","2930",0.0909090909090909
"854511","3020",0.0909090909090909
"854511","3313",0.0909090909090909
"854511","3314",0.0909090909090909
"854519","2599",0.0909090909090909
"854519","2630",0.0909090909090909
"854519","2651",0.0909090909090909
"854519","2733",0.0909090909090909
"854519","2740",0.0909090909090909
"854519","2790",0.0909090909090909
"854519","2822",0.0909090909090909
"854519","2930",0.0909090909090909
"854519","3020",0.0909090909090909
"854519","3313",0.0909090909090909
"854519","3314",0.0909090909090909
"854520","2599",0.0909090909090909
"854520","2630",0.0909090909090909
"854520","2651",0.0909090909090909
"854520","2733",0.0909090909090909
"854520","2740",0.0909090909090909
"854520","2790",0.0909090909090909
"854520","2822",0.0909090909090909
"854520","2930",0.0909090909090909
"854520","3020",0.0909090909090909
"854520","3313",0.0909090909090909
"854520","3314",0.0909090909090909
"854590","2599",0.0909090909090909
"854590","2630",0.0909090909090909
"854590","2651",0.0909090909090909
"854590","2733",0.0909090909090909
"854590","2740",0.0909090909090909
"854590","2790",0.0909090909090909
"854590","2822",0.0909090909090909
"854590","2930",0.0909090909090909
"854590","3020",0.0909090909090909
"854590","3313",0.0909090909090909
"854590","3314",0.0909090909090909
"854610","2310",0.5
"854610","3319",0.5
"854620","2392",0.5
"854620","2393",0.5
"854690","2599",0.0909090909090909
"854690","2630",0.0909090909090909
"854690","2651",0.0909090909090909
"854690","2733",0.0909090909090909
"854690","2740",0.0909090909090909
"854690","2790",0.0909090909090909
"854690","2822",0.0909090909090909
"854690","2930",0.0909090909090909
"854690","3020",0.0909090909090909
"854690","3313",0.0909090909090909
"854690","3314",0.0909090909090909
"854710","2392",0.5
"854710","2393",0.5
"854720","2220",0.166666666666667
"854720","2610",0.166666666666667
"854720","2733",0.166666666666667
"854720","3290",0.166666666666667
"854720","3314",0.166666666666667
"854720","3319",0.166666666666667
"854790","2599",0.0909090909090909
"854790","2630",0.0909090909090909
"854790","2651",0.0909090909090909
"854790","2733",0.0909090909090909
"854790","2740",0.0909090909090909
"854790","2790",0.0909090909090909
"854790","2822",0.0909090909090909
"854790","2930",0.0909090909090909
"854790","3020",0.0909090909090909
"854790","3313",0.0909090909090909
"854790","3314",0.0909090909090909
"854800","2599",0.0909090909090909
"854800","2630",0.0909090909090909
"854800","2651",0.0909090909090909
"854800","2733",0.0909090909090909
"854800","2740",0.0909090909090909
"854800","2790",0.0909090909090909
"854800","2822",0.0909090909090909
"854800","2930",0.0909090909090909
"854800","3020",0.0909090909090909
"854800","3313",0.0909090909090909
"854800","3314",0.0909090909090909
"854911","2720",0.5
"854911","3314",0.5
"854912","2720",0.5
"854912","3314",0.5
"854913","2720",0.5
"854913","3314",0.5
"854914","2720",0.5
"854914","3314",0.5
"854919","2720",0.5
"854919","3314",0.5
"854921","2610",0.333333333333333
"854921","2790",0.333333333333333
"854921","3314",0.333333333333333
"854929","2610",0.333333333333333
"854929","2790",0.333333333333333
"854929","3314",0.333333333333333
"854931","2610",0.333333333333333
"854931","2790",0.333333333333333
"854931","3314",0.333333333333333
"854939","2610",0.333333333333333
"854939","2790",0.333333333333333
"854939","3314",0.333333333333333
"854991","2610",0.333333333333333
"854991","2790",0.333333333333333
"854991","3314",0.333333333333333
"854999","2610",0.333333333333333
"854999","2790",0.333333333333333
"854999","3314",0.333333333333333
"860110","3020",0.5
"860110","3315",0.5
"860120","3020",0.5
"860120","3315",0.5
"860210","3020",0.5
"860210","3315",0.5
"860290","3020",0.5
"860290","3315",0.5
"860310","3020",0.5
"860310","3315",0.5
"860390","3020",0.5
"860390","3315",0.5
"860400","3020",0.5
"860400","3315",0.5
"860500","3020",0.5
"860500","3315",0.5
"860610","3020",0.5
"860610","3315",0.5
"860630","3020",0.5
"860630","3315",0.5
"860691","3020",0.5
"860691","3315",0.5
"860692","3020",0.5
"860692","3315",0.5
"860699","3020",0.5
"860699","3315",0.5
"860711","3020",0.5
"860711","3315",0.5
"860712","3020",0.5
"860712","3315",0.5
"860719","3020",0.5
"860719","3315",0.5
"860721","3020",0.5
"860721","3315",0.5
"860729","3020",0.5
"860729","3315",0.5
"860730","3020",0.5
"860730","3315",0.5
"860791","3020",0.5
"860791","3315",0.5
"860799","3020",0.5
"860799","3315",0.5
"860800","3020",0.5
"860800","3315",0.5
"860900","2920",0.5
"860900","3311",0.5
"870110","2821",0.333333333333333
"870110","3312",0.333333333333333
"870110","3320",0.333333333333333
"870121","2910",1
"870122","2910",1
"870123","2910",1
"870124","2910",1
"870129","2910",1
"870130","2824",0.333333333333333
"870130","3312",0.333333333333333
"870130","3320",0.333333333333333
"870191","2821",0.333333333333333
"870191","3312",0.333333333333333
"870191","3320",0.333333333333333
"870192","2821",0.333333333333333
"870192","3312",0.333333333333333
"870192","3320",0.333333333333333
"870193","2821",0.333333333333333
"870193","3312",0.333333333333333
"870193","3320",0.333333333333333
"870194","2821",0.333333333333333
"870194","3312",0.333333333333333
"870194","3320",0.333333333333333
"870195","2821",0.333333333333333
"870195","3312",0.333333333333333
"870195","3320",0.333333333333333
"870210","2910",1
"870220","2910",1
"870230","2910",1
"870240","2910",1
"870290","2910",1
"870310","2910",1
"870321","2910",1
"870322","2910",1
"870323","2910",1
"870324","2910",1
"870331","2910",1
"870332","2910",1
"870333","2910",1
"870340","2910",1
"870350","2910",1
"870360","2910",1
"870370","2910",1
"870380","2910",1
"870390","2910",1
"870410","2910",1
"870421","2910",1
"870422","2910",1
"870423","2910",1
"870431","2910",1
"870432","2910",1
"870441","2910",1
"870442","2910",1
"870443","2910",1
"870451","2910",1
"870452","2910",1
"870460","2910",1
"870490","2910",1
"870510","2910",1
"870520","2910",1
"870530","2910",1
"870540","2910",1
"870590","2910",1
"870600","2910",1
"870710","2920",0.5
"870710","3311",0.5
"870790","2920",0.5
"870790","3311",0.5
"870810","1392",0.333333333333333
"870810","2811",0.333333333333333
"870810","2930",0.333333333333333
"870821","1392",0.333333333333333
"870821","2811",0.333333333333333
"870821","2930",0.333333333333333
"870822","1392",0.333333333333333
"870822","2811",0.333333333333333
"870822","2930",0.333333333333333
"870829","1392",0.333333333333333
"870829","2811",0.333333333333333
"870829","2930",0.333333333333333
"870830","1392",0.333333333333333
"870830","2811",0.333333333333333
"870830","2930",0.333333333333333
"870840","1392",0.333333333333333
"870840","2811",0.333333333333333
"870840","2930",0.333333333333333
"870850","1392",0.333333333333333
"870850","2811",0.333333333333333
"870850","2930",0.333333333333333
"870870","1392",0.333333333333333
"870870","2811",0.333333333333333
"870870","2930",0.333333333333333
"870880","1392",0.333333333333333
"870880","2811",0.333333333333333
"870880","2930",0.333333333333333
"870891","1392",0.333333333333333
"870891","2811",0.333333333333333
"870891","2930",0.333333333333333
"870892","1392",0.333333333333333
"870892","2811",0.333333333333333
"870892","2930",0.333333333333333
"870893","1392",0.333333333333333
"870893","2811",0.333333333333333
"870893","2930",0.333333333333333
"870894","1392",0.333333333333333
"870894","2811",0.333333333333333
"870894","2930",0.333333333333333
"870895","1392",0.333333333333333
"870895","2811",0.333333333333333
"870895","2930",0.333333333333333
"870899","1392",0.333333333333333
"870899","2811",0.333333333333333
"870899","2930",0.333333333333333
"870911","2816",0.333333333333333
"870911","3312",0.333333333333333
"870911","3320",0.333333333333333
"870919","2816",0.333333333333333
"870919","3312",0.333333333333333
"870919","3320",0.333333333333333
"870990","2816",0.333333333333333
"870990","3312",0.333333333333333
"870990","3320",0.333333333333333
"871000","2520",0.25
"871000","3030",0.25
"871000","3040",0.25
"871000","3311",0.25
"871110","2811",0.5
"871110","3091",0.5
"871120","2811",0.5
"871120","3091",0.5
"871130","2811",0.5
"871130","3091",0.5
"871140","2811",0.5
"871140","3091",0.5
"871150","2811",0.5
"871150","3091",0.5
"871160","2811",0.5
"871160","3091",0.5
"871190","2811",0.5
"871190","3091",0.5
"871200","3092",1
"871310","3092",1
"871390","3092",1
"871410","2811",0.5
"871410","3091",0.5
"871420","3092",1
"871491","3092",1
"871492","3092",1
"871493","3092",1
"871494","3092",1
"871495","3092",1
"871496","3092",1
"871499","3092",1
"871500","1399",0.0769230769230769
"871500","1512",0.0769230769230769
"871500","1629",0.0769230769230769
"871500","1709",0.0769230769230769
"871500","2029",0.0769230769230769
"871500","2219",0.0769230769230769
"871500","2220",0.0769230769230769
"871500","2599",0.0769230769230769
"871500","2829",0.0769230769230769
"871500","3092",0.0769230769230769
"871500","3212",0.0769230769230769
"871500","3290",0.0769230769230769
"871500","3312",0.0769230769230769
"871610","2920",0.5
"871610","3311",0.5
"871620","2821",0.333333333333333
"871620","3312",0.333333333333333
"871620","3320",0.333333333333333
"871631","2920",0.5
"871631","3311",0.5
"871639","2920",0.5
"871639","3311",0.5
"871640","2920",0.5
"871640","3311",0.5
"871680","2816",0.2
"871680","3099",0.2
"871680","3100",0.2
"871680","3312",0.2
"871680","3315",0.2
"871690","2920",0.5
"871690","3311",0.5
"880100","2811",0.25
"880100","2829",0.25
"880100","3030",0.25
"880100","3315",0.25
"880211","2811",0.25
"880211","2829",0.25
"880211","3030",0.25
"880211","3315",0.25
"880212","2811",0.25
"880212","2829",0.25
"880212","3030",0.25
"880212","3315",0.25
"880220","2811",0.25
"880220","2829",0.25
"880220","3030",0.25
"880220","3315",0.25
"880230","2811",0.25
"880230","2829",0.25
"880230","3030",0.25
"880230","3315",0.25
"880240","2811",0.25
"880240","2829",0.25
"880240","3030",0.25
"880240","3315",0.25
"880260","2811",0.25
"880260","2829",0.25
"880260","3030",0.25
"880260","3315",0.25
"880400","1392",0.333333333333333
"880400","3250",0.333333333333333
"880400","3319",0.333333333333333
"880510","2811",0.25
"880510","2829",0.25
"880510","3030",0.25
"880510","3315",0.25
"880521","2811",0.25
"880521","2829",0.25
"880521","3030",0.25
"880521","3315",0.25
"880529","2811",0.25
"880529","2829",0.25
"880529","3030",0.25
"880529","3315",0.25
"880610","2811",0.25
"880610","2829",0.25
"880610","3030",0.25
"880610","3315",0.25
"880621","2610",0.125
"880621","2630",0.125
"880621","2640",0.125
"880621","2670",0.125
"880621","2817",0.125
"880621","3312",0.125
"880621","3313",0.125
"880621","9521",0.125
"880622","2610",0.125
"880622","2630",0.125
"880622","2640",0.125
"880622","2670",0.125
"880622","2817",0.125
"880622","3312",0.125
"880622","3313",0.125
"880622","9521",0.125
"880623","2610",0.125
"880623","2630",0.125
"880623","2640",0.125
"880623","2670",0.125
"880623","2817",0.125
"880623","3312",0.125
"880623","3313",0.125
"880623","9521",0.125
"880624","2610",0.125
"880624","2630",0.125
"880624","2640",0.125
"880624","2670",0.125
"880624","2817",0.125
"880624","3312",0.125
"880624","3313",0.125
"880624","9521",0.125
"880629","2811",0.25
"880629","2829",0.25
"880629","3030",0.25
"880629","3315",0.25
"880691","2610",0.125
"880691","2630",0.125
"880691","2640",0.125
"880691","2670",0.125
"880691","2817",0.125
"880691","3312",0.125
"880691","3313",0.125
"880691","9521",0.125
"880692","2610",0.125
"880692","2630",0.125
"880692","2640",0.125
"880692","2670",0.125
"880692","2817",0.125
"880692","3312",0.125
"880692","3313",0.125
"880692","9521",0.125
"880693","2610",0.125
"880693","2630",0.125
"880693","2640",0.125
"880693","2670",0.125
"880693","2817",0.125
"880693","3312",0.125
"880693","3313",0.125
"880693","9521",0.125
"880694","2610",0.125
"880694","2630",0.125
"880694","2640",0.125
"880694","2670",0.125
"880694","2817",0.125
"880694","3312",0.125
"880694","3313",0.125
"880694","9521",0.125
"880699","2811",0.25
"880699","2829",0.25
"880699","3030",0.25
"880699","3315",0.25
"880710","2811",0.25
"880710","2829",0.25
"880710","3030",0.25
"880710","3315",0.25
"880720","2811",0.25
"880720","2829",0.25
"880720","3030",0.25
"880720","3315",0.25
"880730","2811",0.25
"880730","2829",0.25
"880730","3030",0.25
"880730","3315",0.25
"880790","2811",0.25
"880790","2829",0.25
"880790","3030",0.25
"880790","3315",0.25
"890110","3011",0.5
"890110","3315",0.5
"890120","3011",0.5
"890120","3315",0.5
"890130","3011",0.5
"890130","3315",0.5
"890190","3011",0.5
"890190","3315",0.5
"890200","3011",0.5
"890200","3315",0.5
"890311","3012",0.5
"890311","3315",0.5
"890312","3012",0.5
"890312","3315",0.5
"890319","3012",0.5
"890319","3315",0.5
"890321","3012",0.5
"890321","3315",0.5
"890322","3012",0.5
"890322","3315",0.5
"890323","3012",0.5
"890323","3315",0.5
"890331","3012",0.5
"890331","3315",0.5
"890332","3012",0.5
"890332","3315",0.5
"890333","3012",0.5
"890333","3315",0.5
"890393","3012",0.5
"890393","3315",0.5
"890399","3012",0.5
"890399","3315",0.5
"890400","3011",0.5
"890400","3315",0.5
"890510","3011",0.5
"890510","3315",0.5
"890520","3011",0.5
"890520","3315",0.5
"890590","3011",0.5
"890590","3315",0.5
"890610","3011",0.5
"890610","3315",0.5
"890690","3011",0.5
"890690","3315",0.5
"890710","3011",0.5
"890710","3315",0.5
"890790","3011",0.5
"890790","3315",0.5
"900110","2670",0.2
"900110","2731",0.2
"900110","2829",0.2
"900110","3250",0.2
"900110","3313",0.2
"900120","2670",0.2
"900120","2731",0.2
"900120","2829",0.2
"900120","3250",0.2
"900120","3313",0.2
"900130","2670",0.2
"900130","2731",0.2
"900130","2829",0.2
"900130","3250",0.2
"900130","3313",0.2
"900140","2670",0.2
"900140","2731",0.2
"900140","2829",0.2
"900140","3250",0.2
"900140","3313",0.2
"900150","2670",0.2
"900150","2731",0.2
"900150","2829",0.2
"900150","3250",0.2
"900150","3313",0.2
"900190","2670",0.2
"900190","2731",0.2
"900190","2829",0.2
"900190","3250",0.2
"900190","3313",0.2
"900211","2670",0.2
"900211","2731",0.2
"900211","2829",0.2
"900211","3250",0.2
"900211","3313",0.2
"900219","2670",0.2
"900219","2731",0.2
"900219","2829",0.2
"900219","3250",0.2
"900219","3313",0.2
"900220","2670",0.2
"900220","2731",0.2
"900220","2829",0.2
"900220","3250",0.2
"900220","3313",0.2
"900290","2670",0.2
"900290","2731",0.2
"900290","2829",0.2
"900290","3250",0.2
"900290","3313",0.2
"900311","2670",0.2
"900311","2731",0.2
"900311","2829",0.2
"900311","3250",0.2
"900311","3313",0.2
"900319","2670",0.2
"900319","2731",0.2
"900319","2829",0.2
"900319","3250",0.2
"900319","3313",0.2
"900390","2670",0.2
"900390","2731",0.2
"900390","2829",0.2
"900390","3250",0.2
"900390","3313",0.2
"900410","2670",0.2
"900410","2731",0.2
"900410","2829",0.2
"900410","3250",0.2
"900410","3313",0.2
"900490","2670",0.2
"900490","2731",0.2
"900490","2829",0.2
"900490","3250",0.2
"900490","3313",0.2
"900510","2670",0.2
"900510","2731",0.2
"900510","2829",0.2
"900510","3250",0.2
"900510","3313",0.2
"900580","2670",0.2
"900580","2731",0.2
"900580","2829",0.2
"900580","3250",0.2
"900580","3313",0.2
"900590","2670",0.2
"900590","2731",0.2
"900590","2829",0.2
"900590","3250",0.2
"900590","3313",0.2
"900630","2670",0.2
"900630","2731",0.2
"900630","2829",0.2
"900630","3250",0.2
"900630","3313",0.2
"900640","2670",0.2
"900640","2731",0.2
"900640","2829",0.2
"900640","3250",0.2
"900640","3313",0.2
"900653","2670",0.2
"900653","2731",0.2
"900653","2829",0.2
"900653","3250",0.2
"900653","3313",0.2
"900659","2670",0.2
"900659","2731",0.2
"900659","2829",0.2
"900659","3250",0.2
"900659","3313",0.2
"900661","2670",0.2
"900661","2731",0.2
"900661","2829",0.2
"900661","3250",0.2
"900661","3313",0.2
"900669","2670",0.2
"900669","2731",0.2
"900669","2829",0.2
"900669","3250",0.2
"900669","3313",0.2
"900691","2670",0.2
"900691","2731",0.2
"900691","2829",0.2
"900691","3250",0.2
"900691","3313",0.2
"900699","2670",0.2
"900699","2731",0.2
"900699","2829",0.2
"900699","3250",0.2
"900699","3313",0.2
"900710","2670",0.2
"900710","2731",0.2
"900710","2829",0.2
"900710","3250",0.2
"900710","3313",0.2
"900720","2670",0.2
"900720","2731",0.2
"900720","2829",0.2
"900720","3250",0.2
"900720","3313",0.2
"900791","2670",0.2
"900791","2731",0.2
"900791","2829",0.2
"900791","3250",0.2
"900791","3313",0.2
"900792","2670",0.2
"900792","2731",0.2
"900792","2829",0.2
"900792","3250",0.2
"900792","3313",0.2
"900850","2670",0.2
"900850","2731",0.2
"900850","2829",0.2
"900850","3250",0.2
"900850","3313",0.2
"900890","2670",0.2
"900890","2731",0.2
"900890","2829",0.2
"900890","3250",0.2
"900890","3313",0.2
"901010","2670",0.2
"901010","2731",0.2
"901010","2829",0.2
"901010","3250",0.2
"901010","3313",0.2
"901050","2670",0.2
"901050","2731",0.2
"901050","2829",0.2
"901050","3250",0.2
"901050","3313",0.2
"901060","2670",0.2
"901060","2731",0.2
"901060","2829",0.2
"901060","3250",0.2
"901060","3313",0.2
"901090","2670",0.2
"901090","2731",0.2
"901090","2829",0.2
"901090","3250",0.2
"901090","3313",0.2
"901110","2670",0.2
"901110","2731",0.2
"901110","2829",0.2
"901110","3250",0.2
"901110","3313",0.2
"901120","2670",0.2
"901120","2731",0.2
"901120","2829",0.2
"901120","3250",0.2
"901120","3313",0.2
"901180","2670",0.2
"901180","2731",0.2
"901180","2829",0.2
"901180","3250",0.2
"901180","3313",0.2
"901190","2670",0.2
"901190","2731",0.2
"901190","2829",0.2
"901190","3250",0.2
"901190","3313",0.2
"901210","2651",0.142857142857143
"901210","2670",0.142857142857143
"901210","2819",0.142857142857143
"901210","2829",0.142857142857143
"901210","3250",0.142857142857143
"901210","3313",0.142857142857143
"901210","3319",0.142857142857143
"901290","2651",0.142857142857143
"901290","2670",0.142857142857143
"901290","2819",0.142857142857143
"901290","2829",0.142857142857143
"901290","3250",0.142857142857143
"901290","3313",0.142857142857143
"901290","3319",0.142857142857143
"901310","2670",0.2
"901310","2731",0.2
"901310","2829",0.2
"901310","3250",0.2
"901310","3313",0.2
"901320","2670",0.2
"901320","2731",0.2
"901320","2829",0.2
"901320","3250",0.2
"901320","3313",0.2
"901380","2670",0.2
"901380","2731",0.2
"901380","2829",0.2
"901380","3250",0.2
"901380","3313",0.2
"901390","2670",0.2
"901390","2731",0.2
"901390","2829",0.2
"901390","3250",0.2
"901390","3313",0.2
"901410","2651",0.142857142857143
"901410","2670",0.142857142857143
"901410","2819",0.142857142857143
"901410","2829",0.142857142857143
"901410","3250",0.142857142857143
"901410","3313",0.142857142857143
"901410","3319",0.142857142857143
"901420","2651",0.142857142857143
"901420","2670",0.142857142857143
"901420","2819",0.142857142857143
"901420","2829",0.142857142857143
"901420","3250",0.142857142857143
"901420","3313",0.142857142857143
"901420","3319",0.142857142857143
"901480","2651",0.142857142857143
"901480","2670",0.142857142857143
"901480","2819",0.142857142857143
"901480","2829",0.142857142857143
"901480","3250",0.142857142857143
"901480","3313",0.142857142857143
"901480","3319",0.142857142857143
"901490","2651",0.142857142857143
"901490","2670",0.142857142857143
"901490","2819",0.142857142857143
"901490","2829",0.142857142857143
"901490","3250",0.142857142857143
"901490","3313",0.142857142857143
"901490","3319",0.142857142857143
"901510","2651",0.142857142857143
"901510","2670",0.142857142857143
"901510","2819",0.142857142857143
"901510","2829",0.142857142857143
"901510","3250",0.142857142857143
"901510","3313",0.142857142857143
"901510","3319",0.142857142857143
"901520","2651",0.142857142857143
"901520","2670",0.142857142857143
"901520","2819",0.142857142857143
"901520","2829",0.142857142857143
"901520","3250",0.142857142857143
"901520","3313",0.142857142857143
"901520","3319",0.142857142857143
"901530","2651",0.142857142857143
"901530","2670",0.142857142857143
"901530","2819",0.142857142857143
"901530","2829",0.142857142857143
"901530","3250",0.142857142857143
"901530","3313",0.142857142857143
"901530","3319",0.142857142857143
"901540","2651",0.142857142857143
"901540","2670",0.142857142857143
"901540","2819",0.142857142857143
"901540","2829",0.142857142857143
"901540","3250",0.142857142857143
"901540","3313",0.142857142857143
"901540","3319",0.142857142857143
"901580","2651",0.142857142857143
"901580","2670",0.142857142857143
"901580","2819",0.142857142857143
"901580","2829",0.142857142857143
"901580","3250",0.142857142857143
"901580","3313",0.142857142857143
"901580","3319",0.142857142857143
"901590","2651",0.142857142857143
"901590","2670",0.142857142857143
"901590","2819",0.142857142857143
"901590","2829",0.142857142857143
"901590","3250",0.142857142857143
"901590","3313",0.142857142857143
"901590","3319",0.142857142857143
"901600","2651",0.142857142857143
"901600","2670",0.142857142857143
"901600","2819",0.142857142857143
"901600","2829",0.142857142857143
"901600","3250",0.142857142857143
"901600","3313",0.142857142857143
"901600","3319",0.142857142857143
"901710","2651",0.142857142857143
"901710","2670",0.142857142857143
"901710","2819",0.142857142857143
"901710","2829",0.142857142857143
"901710","3250",0.142857142857143
"901710","3313",0.142857142857143
"901710","3319",0.142857142857143
"901720","2651",0.142857142857143
"901720","2670",0.142857142857143
"901720","2819",0.142857142857143
"901720","2829",0.142857142857143
"901720","3250",0.142857142857143
"901720","3313",0.142857142857143
"901720","3319",0.142857142857143
"901730","2651",0.142857142857143
"901730","2670",0.142857142857143
"901730","2819",0.142857142857143
"901730","2829",0.142857142857143
"901730","3250",0.142857142857143
"901730","3313",0.142857142857143
"901730","3319",0.142857142857143
"901780","2651",0.142857142857143
"901780","2670",0.142857142857143
"901780","2819",0.142857142857143
"901780","2829",0.142857142857143
"901780","3250",0.142857142857143
"901780","3313",0.142857142857143
"901780","3319",0.142857142857143
"901790","2651",0.142857142857143
"901790","2670",0.142857142857143
"901790","2819",0.142857142857143
"901790","2829",0.142857142857143
"901790","3250",0.142857142857143
"901790","3313",0.142857142857143
"901790","3319",0.142857142857143
"901811","2660",0.166666666666667
"901811","3250",0.166666666666667
"901811","3290",0.166666666666667
"901811","3313",0.166666666666667
"901811","3319",0.166666666666667
"901811","3320",0.166666666666667
"901812","2660",0.166666666666667
"901812","3250",0.166666666666667
"901812","3290",0.166666666666667
"901812","3313",0.166666666666667
"901812","3319",0.166666666666667
"901812","3320",0.166666666666667
"901813","2660",0.166666666666667
"901813","3250",0.166666666666667
"901813","3290",0.166666666666667
"901813","3313",0.166666666666667
"901813","3319",0.166666666666667
"901813","3320",0.166666666666667
"901814","2660",0.166666666666667
"901814","3250",0.166666666666667
"901814","3290",0.166666666666667
"901814","3313",0.166666666666667
"901814","3319",0.166666666666667
"901814","3320",0.166666666666667
"901819","2660",0.166666666666667
"901819","3250",0.166666666666667
"901819","3290",0.166666666666667
"901819","3313",0.166666666666667
"901819","3319",0.166666666666667
"901819","3320",0.166666666666667
"901820","2660",0.166666666666667
"901820","3250",0.166666666666667
"901820","3290",0.166666666666667
"901820","3313",0.166666666666667
"901820","3319",0.166666666666667
"901820","3320",0.166666666666667
"901831","2660",0.166666666666667
"901831","3250",0.166666666666667
"901831","3290",0.166666666666667
"901831","3313",0.166666666666667
"901831","3319",0.166666666666667
"901831","3320",0.166666666666667
"901832","2660",0.166666666666667
"901832","3250",0.166666666666667
"901832","3290",0.166666666666667
"901832","3313",0.166666666666667
"901832","3319",0.166666666666667
"901832","3320",0.166666666666667
"901839","2660",0.166666666666667
"901839","3250",0.166666666666667
"901839","3290",0.166666666666667
"901839","3313",0.166666666666667
"901839","3319",0.166666666666667
"901839","3320",0.166666666666667
"901841","2660",0.166666666666667
"901841","3250",0.166666666666667
"901841","3290",0.166666666666667
"901841","3313",0.166666666666667
"901841","3319",0.166666666666667
"901841","3320",0.166666666666667
"901849","2660",0.166666666666667
"901849","3250",0.166666666666667
"901849","3290",0.166666666666667
"901849","3313",0.166666666666667
"901849","3319",0.166666666666667
"901849","3320",0.166666666666667
"901850","2660",0.166666666666667
"901850","3250",0.166666666666667
"901850","3290",0.166666666666667
"901850","3313",0.166666666666667
"901850","3319",0.166666666666667
"901850","3320",0.166666666666667
"901890","2660",0.166666666666667
"901890","3250",0.166666666666667
"901890","3290",0.166666666666667
"901890","3313",0.166666666666667
"901890","3319",0.166666666666667
"901890","3320",0.166666666666667
"901910","2660",0.166666666666667
"901910","3250",0.166666666666667
"901910","3290",0.166666666666667
"901910","3313",0.166666666666667
"901910","3319",0.166666666666667
"901910","3320",0.166666666666667
"901920","2660",0.166666666666667
"901920","3250",0.166666666666667
"901920","3290",0.166666666666667
"901920","3313",0.166666666666667
"901920","3319",0.166666666666667
"901920","3320",0.166666666666667
"902000","2660",0.166666666666667
"902000","3250",0.166666666666667
"902000","3290",0.166666666666667
"902000","3313",0.166666666666667
"902000","3319",0.166666666666667
"902000","3320",0.166666666666667
"902110","2660",0.166666666666667
"902110","3250",0.166666666666667
"902110","3290",0.166666666666667
"902110","3313",0.166666666666667
"902110","3319",0.166666666666667
"902110","3320",0.166666666666667
"902121","2660",0.166666666666667
"902121","3250",0.166666666666667
"902121","3290",0.166666666666667
"902121","3313",0.166666666666667
"902121","3319",0.166666666666667
"902121","3320",0.166666666666667
"902129","2660",0.166666666666667
"902129","3250",0.166666666666667
"902129","3290",0.166666666666667
"902129","3313",0.166666666666667
"902129","3319",0.166666666666667
"902129","3320",0.166666666666667
"902131","2660",0.166666666666667
"902131","3250",0.166666666666667
"902131","3290",0.166666666666667
"902131","3313",0.166666666666667
"902131","3319",0.166666666666667
"902131","3320",0.166666666666667
"902139","2660",0.166666666666667
"902139","3250",0.166666666666667
"902139","3290",0.166666666666667
"902139","3313",0.166666666666667
"902139","3319",0.166666666666667
"902139","3320",0.166666666666667
"902140","2660",0.166666666666667
"902140","3250",0.166666666666667
"902140","3290",0.166666666666667
"902140","3313",0.166666666666667
"902140","3319",0.166666666666667
"902140","3320",0.166666666666667
"902150","2660",0.166666666666667
"902150","3250",0.166666666666667
"902150","3290",0.166666666666667
"902150","3313",0.166666666666667
"902150","3319",0.166666666666667
"902150","3320",0.166666666666667
"902190","2660",0.166666666666667
"902190","3250",0.166666666666667
"902190","3290",0.166666666666667
"902190","3313",0.166666666666667
"902190","3319",0.166666666666667
"902190","3320",0.166666666666667
"902212","2660",0.166666666666667
"902212","3250",0.166666666666667
"902212","3290",0.166666666666667
"902212","3313",0.166666666666667
"902212","3319",0.166666666666667
"902212","3320",0.166666666666667
"902213","2660",0.166666666666667
"902213","3250",0.166666666666667
"902213","3290",0.166666666666667
"902213","3313",0.166666666666667
"902213","3319",0.166666666666667
"902213","3320",0.166666666666667
"902214","2660",0.166666666666667
"902214","3250",0.166666666666667
"902214","3290",0.166666666666667
"902214","3313",0.166666666666667
"902214","3319",0.166666666666667
"902214","3320",0.166666666666667
"902219","2660",0.166666666666667
"902219","3250",0.166666666666667
"902219","3290",0.166666666666667
"902219","3313",0.166666666666667
"902219","3319",0.166666666666667
"902219","3320",0.166666666666667
"902221","2660",0.166666666666667
"902221","3250",0.166666666666667
"902221","3290",0.166666666666667
"902221","3313",0.166666666666667
"902221","3319",0.166666666666667
"902221","3320",0.166666666666667
"902229","2660",0.166666666666667
"902229","3250",0.166666666666667
"902229","3290",0.166666666666667
"902229","3313",0.166666666666667
"902229","3319",0.166666666666667
"902229","3320",0.166666666666667
"902230","2660",0.166666666666667
"902230","3250",0.166666666666667
"902230","3290",0.166666666666667
"902230","3313",0.166666666666667
"902230","3319",0.166666666666667
"902230","3320",0.166666666666667
"902290","2660",0.166666666666667
"902290","3250",0.166666666666667
"902290","3290",0.166666666666667
"902290","3313",0.166666666666667
"902290","3319",0.166666666666667
"902290","3320",0.166666666666667
"902300","1399",0.0769230769230769
"902300","1512",0.0769230769230769
"902300","1629",0.0769230769230769
"902300","1709",0.0769230769230769
"902300","2029",0.0769230769230769
"902300","2219",0.0769230769230769
"902300","2220",0.0769230769230769
"902300","2599",0.0769230769230769
"902300","2829",0.0769230769230769
"902300","3092",0.0769230769230769
"902300","3212",0.0769230769230769
"902300","3290",0.0769230769230769
"902300","3312",0.0769230769230769
"902410","2651",0.142857142857143
"902410","2670",0.142857142857143
"902410","2819",0.142857142857143
"902410","2829",0.142857142857143
"902410","3250",0.142857142857143
"902410","3313",0.142857142857143
"902410","3319",0.142857142857143
"902480","2651",0.142857142857143
"902480","2670",0.142857142857143
"902480","2819",0.142857142857143
"902480","2829",0.142857142857143
"902480","3250",0.142857142857143
"902480","3313",0.142857142857143
"902480","3319",0.142857142857143
"902490","2651",0.142857142857143
"902490","2670",0.142857142857143
"902490","2819",0.142857142857143
"902490","2829",0.142857142857143
"902490","3250",0.142857142857143
"902490","3313",0.142857142857143
"902490","3319",0.142857142857143
"902511","2651",0.142857142857143
"902511","2670",0.142857142857143
"902511","2819",0.142857142857143
"902511","2829",0.142857142857143
"902511","3250",0.142857142857143
"902511","3313",0.142857142857143
"902511","3319",0.142857142857143
"902519","2651",0.142857142857143
"902519","2670",0.142857142857143
"902519","2819",0.142857142857143
"902519","2829",0.142857142857143
"902519","3250",0.142857142857143
"902519","3313",0.142857142857143
"902519","3319",0.142857142857143
"902580","2651",0.142857142857143
"902580","2670",0.142857142857143
"902580","2819",0.142857142857143
"902580","2829",0.142857142857143
"902580","3250",0.142857142857143
"902580","3313",0.142857142857143
"902580","3319",0.142857142857143
"902590","2651",0.142857142857143
"902590","2670",0.142857142857143
"902590","2819",0.142857142857143
"902590","2829",0.142857142857143
"902590","3250",0.142857142857143
"902590","3313",0.142857142857143
"902590","3319",0.142857142857143
"902610","2651",0.142857142857143
"902610","2670",0.142857142857143
"902610","2819",0.142857142857143
"902610","2829",0.142857142857143
"902610","3250",0.142857142857143
"902610","3313",0.142857142857143
"902610","3319",0.142857142857143
"902620","2651",0.142857142857143
"902620","2670",0.142857142857143
"902620","2819",0.142857142857143
"902620","2829",0.142857142857143
"902620","3250",0.142857142857143
"902620","3313",0.142857142857143
"902620","3319",0.142857142857143
"902680","2651",0.142857142857143
"902680","2670",0.142857142857143
"902680","2819",0.142857142857143
"902680","2829",0.142857142857143
"902680","3250",0.142857142857143
"902680","3313",0.142857142857143
"902680","3319",0.142857142857143
"902690","2651",0.142857142857143
"902690","2670",0.142857142857143
"902690","2819",0.142857142857143
"902690","2829",0.142857142857143
"902690","3250",0.142857142857143
"902690","3313",0.142857142857143
"902690","3319",0.142857142857143
"902710","2651",0.142857142857143
"902710","2670",0.142857142857143
"902710","2819",0.142857142857143
"902710","2829",0.142857142857143
"902710","3250",0.142857142857143
"902710","3313",0.142857142857143
"902710","3319",0.142857142857143
"902720","2651",0.142857142857143
"902720","2670",0.142857142857143
"902720","2819",0.142857142857143
"902720","2829",0.142857142857143
"902720","3250",0.142857142857143
"902720","3313",0.142857142857143
"902720","3319",0.142857142857143
"902730","2651",0.142857142857143
"902730","2670",0.142857142857143
"902730","2819",0.142857142857143
"902730","2829",0.142857142857143
"902730","3250",0.142857142857143
"902730","3313",0.142857142857143
"902730","3319",0.142857142857143
"902750","2651",0.142857142857143
"902750","2670",0.142857142857143
"902750","2819",0.142857142857143
"902750","2829",0.142857142857143
"902750","3250",0.142857142857143
"902750","3313",0.142857142857143
"902750","3319",0.142857142857143
"902781","2651",0.142857142857143
"902781","2670",0.142857142857143
"902781","2819",0.142857142857143
"902781","2829",0.142857142857143
"902781","3250",0.142857142857143
"902781","3313",0.142857142857143
"902781","3319",0.142857142857143
"902789","2651",0.142857142857143
"902789","2670",0.142857142857143
"902789","2819",0.142857142857143
"902789","2829",0.142857142857143
"902789","3250",0.142857142857143
"902789","3313",0.142857142857143
"902789","3319",0.142857142857143
"902790","2651",0.142857142857143
"902790","2670",0.142857142857143
"902790","2819",0.142857142857143
"902790","2829",0.142857142857143
"902790","3250",0.142857142857143
"902790","3313",0.142857142857143
"902790","3319",0.142857142857143
"902810","2651",0.142857142857143
"902810","2670",0.142857142857143
"902810","2819",0.142857142857143
"902810","2829",0.142857142857143
"902810","3250",0.142857142857143
"902810","3313",0.142857142857143
"902810","3319",0.142857142857143
"902820","2651",0.142857142857143
"902820","2670",0.142857142857143
"902820","2819",0.142857142857143
"902820","2829",0.142857142857143
"902820","3250",0.142857142857143
"902820","3313",0.142857142857143
"902820","3319",0.142857142857143
"902830","2651",0.142857142857143
"902830","2670",0.142857142857143
"902830","2819",0.142857142857143
"902830","2829",0.142857142857143
"902830","3250",0.142857142857143
"902830","3313",0.142857142857143
"902830","3319",0.142857142857143
"902890","2651",0.142857142857143
"902890","2670",0.142857142857143
"902890","2819",0.142857142857143
"902890","2829",0.142857142857143
"902890","3250",0.142857142857143
"902890","3313",0.142857142857143
"902890","3319",0.142857142857143
"902910","2651",0.142857142857143
"902910","2670",0.142857142857143
"902910","2819",0.142857142857143
"902910","2829",0.142857142857143
"902910","3250",0.142857142857143
"902910","3313",0.142857142857143
"902910","3319",0.142857142857143
"902920","2651",0.142857142857143
"902920","2670",0.142857142857143
"902920","2819",0.142857142857143
"902920","2829",0.142857142857143
"902920","3250",0.142857142857143
"902920","3313",0.142857142857143
"902920","3319",0.142857142857143
"902990","2651",0.142857142857143
"902990","2670",0.142857142857143
"902990","2819",0.142857142857143
"902990","2829",0.142857142857143
"902990","3250",0.142857142857143
"902990","3313",0.142857142857143
"902990","3319",0.142857142857143
"903010","2651",0.142857142857143
"903010","2670",0.142857142857143
"903010","2819",0.142857142857143
"903010","2829",0.142857142857143
"903010","3250",0.142857142857143
"903010","3313",0.142857142857143
"903010","3319",0.142857142857143
"903020","2651",0.142857142857143
"903020","2670",0.142857142857143
"903020","2819",0.142857142857143
"903020","2829",0.142857142857143
"903020","3250",0.142857142857143
"903020","3313",0.142857142857143
"903020","3319",0.142857142857143
"903031","2651",0.142857142857143
"903031","2670",0.142857142857143
"903031","2819",0.142857142857143
"903031","2829",0.142857142857143
"903031","3250",0.142857142857143
"903031","3313",0.142857142857143
"903031","3319",0.142857142857143
"903032","2651",0.142857142857143
"903032","2670",0.142857142857143
"903032","2819",0.142857142857143
"903032","2829",0.142857142857143
"903032","3250",0.142857142857143
"903032","3313",0.142857142857143
"903032","3319",0.142857142857143
"903033","2651",0.142857142857143
"903033","2670",0.142857142857143
"903033","2819",0.142857142857143
"903033","2829",0.142857142857143
"903033","3250",0.142857142857143
"903033","3313",0.142857142857143
"903033","3319",0.142857142857143
"903039","2651",0.142857142857143
"903039","2670",0.142857142857143
"903039","2819",0.142857142857143
"903039","2829",0.142857142857143
"903039","3250",0.142857142857143
"903039","3313",0.142857142857143
"903039","3319",0.142857142857143
"903040","2651",0.142857142857143
"903040","2670",0.142857142857143
"903040","2819",0.142857142857143
"903040","2829",0.142857142857143
"903040","3250",0.142857142857143
"903040","3313",0.142857142857143
"903040","3319",0.142857142857143
"903082","2651",0.142857142857143
"903082","2670",0.142857142857143
"903082","2819",0.142857142857143
"903082","2829",0.142857142857143
"903082","3250",0.142857142857143
"903082","3313",0.142857142857143
"903082","3319",0.142857142857143
"903084","2651",0.142857142857143
"903084","2670",0.142857142857143
"903084","2819",0.142857142857143
"903084","2829",0.142857142857143
"903084","3250",0.142857142857143
"903084","3313",0.142857142857143
"903084","3319",0.142857142857143
"903089","2651",0.142857142857143
"903089","2670",0.142857142857143
"903089","2819",0.142857142857143
"903089","2829",0.142857142857143
"903089","3250",0.142857142857143
"903089","3313",0.142857142857143
"903089","3319",0.142857142857143
"903090","2651",0.142857142857143
"903090","2670",0.142857142857143
"903090","2819",0.142857142857143
"903090","2829",0.142857142857143
"903090","3250",0.142857142857143
"903090","3313",0.142857142857143
"903090","3319",0.142857142857143
"903110","2651",0.142857142857143
"903110","2670",0.142857142857143
"903110","2819",0.142857142857143
"903110","2829",0.142857142857143
"903110","3250",0.142857142857143
"903110","3313",0.142857142857143
"903110","3319",0.142857142857143
"903120","2651",0.142857142857143
"903120","2670",0.142857142857143
"903120","2819",0.142857142857143
"903120","2829",0.142857142857143
"903120","3250",0.142857142857143
"903120","3313",0.142857142857143
"903120","3319",0.142857142857143
"903141","2651",0.142857142857143
"903141","2670",0.142857142857143
"903141","2819",0.142857142857143
"903141","2829",0.142857142857143
"903141","3250",0.142857142857143
"903141","3313",0.142857142857143
"903141","3319",0.142857142857143
"903149","2651",0.142857142857143
"903149","2670",0.142857142857143
"903149","2819",0.142857142857143
"903149","2829",0.142857142857143
"903149","3250",0.142857142857143
"903149","3313",0.142857142857143
"903149","3319",0.142857142857143
"903180","2651",0.142857142857143
"903180","2670",0.142857142857143
"903180","2819",0.142857142857143
"903180","2829",0.142857142857143
"903180","3250",0.142857142857143
"903180","3313",0.142857142857143
"903180","3319",0.142857142857143
"903190","2651",0.142857142857143
"903190","2670",0.142857142857143
"903190","2819",0.142857142857143
"903190","2829",0.142857142857143
"903190","3250",0.142857142857143
"903190","3313",0.142857142857143
"903190","3319",0.142857142857143
"903210","2651",0.333333333333333
"903210","3313",0.333333333333333
"903210","3320",0.333333333333333
"903220","2651",0.333333333333333
"903220","3313",0.333333333333333
"903220","3320",0.333333333333333
"903281","2651",0.333333333333333
"903281","3313",0.333333333333333
"903281","3320",0.333333333333333
"903289","2651",0.333333333333333
"903289","3313",0.333333333333333
"903289","3320",0.333333333333333
"903290","2651",0.333333333333333
"903290","3313",0.333333333333333
"903290","3320",0.333333333333333
"903300","2651",0.142857142857143
"903300","2670",0.142857142857143
"903300","2819",0.142857142857143
"903300","2829",0.142857142857143
"903300","3250",0.142857142857143
"903300","3313",0.142857142857143
"903300","3319",0.142857142857143
"910111","2652",0.25
"910111","3211",0.25
"910111","3212",0.25
"910111","3319",0.25
"910119","2652",0.25
"910119","3211",0.25
"910119","3212",0.25
"910119","3319",0.25
"910121","2652",0.25
"910121","3211",0.25
"910121","3212",0.25
"910121","3319",0.25
"910129","2652",0.25
"910129","3211",0.25
"910129","3212",0.25
"910129","3319",0.25
"910191","2652",0.25
"910191","3211",0.25
"910191","3212",0.25
"910191","3319",0.25
"910199","2652",0.25
"910199","3211",0.25
"910199","3212",0.25
"910199","3319",0.25
"910211","2652",0.25
"910211","3211",0.25
"910211","3212",0.25
"910211","3319",0.25
"910212","2652",0.25
"910212","3211",0.25
"910212","3212",0.25
"910212","3319",0.25
"910219","2652",0.25
"910219","3211",0.25
"910219","3212",0.25
"910219","3319",0.25
"910221","2652",0.25
"910221","3211",0.25
"910221","3212",0.25
"910221","3319",0.25
"910229","2652",0.25
"910229","3211",0.25
"910229","3212",0.25
"910229","3319",0.25
"910291","2652",0.25
"910291","3211",0.25
"910291","3212",0.25
"910291","3319",0.25
"910299","2652",0.25
"910299","3211",0.25
"910299","3212",0.25
"910299","3319",0.25
"910310","2652",0.25
"910310","3211",0.25
"910310","3212",0.25
"910310","3319",0.25
"910390","2652",0.25
"910390","3211",0.25
"910390","3212",0.25
"910390","3319",0.25
"910400","2652",0.25
"910400","3211",0.25
"910400","3212",0.25
"910400","3319",0.25
"910511","2652",0.25
"910511","3211",0.25
"910511","3212",0.25
"910511","3319",0.25
"910519","2652",0.25
"910519","3211",0.25
"910519","3212",0.25
"910519","3319",0.25
"910521","2652",0.25
"910521","3211",0.25
"910521","3212",0.25
"910521","3319",0.25
"910529","2652",0.25
"910529","3211",0.25
"910529","3212",0.25
"910529","3319",0.25
"910591","2652",0.25
"910591","3211",0.25
"910591","3212",0.25
"910591","3319",0.25
"910599","2652",0.25
"910599","3211",0.25
"910599","3212",0.25
"910599","3319",0.25
"910610","2652",0.25
"910610","3211",0.25
"910610","3212",0.25
"910610","3319",0.25
"910690","2652",0.25
"910690","3211",0.25
"910690","3212",0.25
"910690","3319",0.25
"910700","2652",0.25
"910700","3211",0.25
"910700","3212",0.25
"910700","3319",0.25
"910811","2652",0.25
"910811","3211",0.25
"910811","3212",0.25
"910811","3319",0.25
"910812","2652",0.25
"910812","3211",0.25
"910812","3212",0.25
"910812","3319",0.25
"910819","2652",0.25
"910819","3211",0.25
"910819","3212",0.25
"910819","3319",0.25
"910820","2652",0.25
"910820","3211",0.25
"910820","3212",0.25
"910820","3319",0.25
"910890","2652",0.25
"910890","3211",0.25
"910890","3212",0.25
"910890","3319",0.25
"910910","2652",0.25
"910910","3211",0.25
"910910","3212",0.25
"910910","3319",0.25
"910990","2652",0.25
"910990","3211",0.25
"910990","3212",0.25
"910990","3319",0.25
"911011","2652",0.25
"911011","3211",0.25
"911011","3212",0.25
"911011","3319",0.25
"911012","2652",0.25
"911012","3211",0.25
"911012","3212",0.25
"911012","3319",0.25
"911019","2652",0.25
"911019","3211",0.25
"911019","3212",0.25
"911019","3319",0.25
"911090","2652",0.25
"911090","3211",0.25
"911090","3212",0.25
"911090","3319",0.25
"911110","2652",0.25
"911110","3211",0.25
"911110","3212",0.25
"911110","3319",0.25
"911120","2652",0.25
"911120","3211",0.25
"911120","3212",0.25
"911120","3319",0.25
"911180","2652",0.25
"911180","3211",0.25
"911180","3212",0.25
"911180","3319",0.25
"911190","2652",0.25
"911190","3211",0.25
"911190","3212",0.25
"911190","3319",0.25
"911220","2652",0.25
"911220","3211",0.25
"911220","3212",0.25
"911220","3319",0.25
"911290","2652",0.25
"911290","3211",0.25
"911290","3212",0.25
"911290","3319",0.25
"911310","2652",0.25
"911310","3211",0.25
"911310","3212",0.25
"911310","3319",0.25
"911320","2652",0.25
"911320","3211",0.25
"911320","3212",0.25
"911320","3319",0.25
"911390","1512",0.5
"911390","3290",0.5
"911430","2652",0.25
"911430","3211",0.25
"911430","3212",0.25
"911430","3319",0.25
"911440","2652",0.25
"911440","3211",0.25
"911440","3212",0.25
"911440","3319",0.25
"911490","2652",0.25
"911490","3211",0.25
"911490","3212",0.25
"911490","3319",0.25
"920110","3220",0.5
"920110","3319",0.5
"920120","3220",0.5
"920120","3319",0.5
"920190","3220",0.5
"920190","3319",0.5
"920210","3220",0.5
"920210","3319",0.5
"920290","3220",0.5
"920290","3319",0.5
"920510","3220",0.5
"920510","3319",0.5
"920590","3220",0.5
"920590","3319",0.5
"920600","3220",0.5
"920600","3319",0.5
"920710","3220",0.5
"920710","3319",0.5
"920790","3220",0.5
"920790","3319",0.5
"920810","3220",0.5
"920810","3319",0.5
"920890","3220",0.5
"920890","3319",0.5
"920930","3220",0.5
"920930","3319",0.5
"920991","3220",0.5
"920991","3319",0.5
"920992","3220",0.5
"920992","3319",0.5
"920994","3220",0.5
"920994","3319",0.5
"920999","3220",0.5
"920999","3319",0.5
"930110","2520",0.25
"930110","3030",0.25
"930110","3040",0.25
"930110","3311",0.25
"930120","2520",0.25
"930120","3030",0.25
"930120","3040",0.25
"930120","3311",0.25
"930190","2520",0.25
"930190","3030",0.25
"930190","3040",0.25
"930190","3311",0.25
"930200","2520",0.25
"930200","3030",0.25
"930200","3040",0.25
"930200","3311",0.25
"930310","2520",0.25
"930310","3030",0.25
"930310","3040",0.25
"930310","3311",0.25
"930320","2520",0.25
"930320","3030",0.25
"930320","3040",0.25
"930320","3311",0.25
"930330","2520",0.25
"930330","3030",0.25
"930330","3040",0.25
"930330","3311",0.25
"930390","2520",0.25
"930390","3030",0.25
"930390","3040",0.25
"930390","3311",0.25
"930400","2520",0.25
"930400","3030",0.25
"930400","3040",0.25
"930400","3311",0.25
"930510","2520",0.25
"930510","3030",0.25
"930510","3040",0.25
"930510","3311",0.25
"930520","2520",0.25
"930520","3030",0.25
"930520","3040",0.25
"930520","3311",0.25
"930591","2520",0.25
"930591","3030",0.25
"930591","3040",0.25
"930591","3311",0.25
"930599","2520",0.25
"930599","3030",0.25
"930599","3040",0.25
"930599","3311",0.25
"930621","2520",0.25
"930621","3030",0.25
"930621","3040",0.25
"930621","3311",0.25
"930629","2520",0.25
"930629","3030",0.25
"930629","3040",0.25
"930629","3311",0.25
"930630","2520",0.25
"930630","3030",0.25
"930630","3040",0.25
"930630","3311",0.25
"930690","2520",0.25
"930690","3030",0.25
"930690","3040",0.25
"930690","3311",0.25
"930700","2599",0.25
"930700","2817",0.25
"930700","3290",0.25
"930700","3311",0.25
"940110","2219",0.111111111111111
"940110","2220",0.111111111111111
"940110","2817",0.111111111111111
"940110","2930",0.111111111111111
"940110","3011",0.111111111111111
"940110","3020",0.111111111111111
"940110","3030",0.111111111111111
"940110","3100",0.111111111111111
"940110","9524",0.111111111111111
"940120","2219",0.111111111111111
"940120","2220",0.111111111111111
"940120","2817",0.111111111111111
"940120","2930",0.111111111111111
"940120","3011",0.111111111111111
"940120","3020",0.111111111111111
"940120","3030",0.111111111111111
"940120","3100",0.111111111111111
"940120","9524",0.111111111111111
"940131","2219",0.111111111111111
"940131","2220",0.111111111111111
"940131","2817",0.111111111111111
"940131","2930",0.111111111111111
"940131","3011",0.111111111111111
"940131","3020",0.111111111111111
"940131","3030",0.111111111111111
"940131","3100",0.111111111111111
"940131","9524",0.111111111111111
"940139","2219",0.111111111111111
"940139","2220",0.111111111111111
"940139","2817",0.111111111111111
"940139","2930",0.111111111111111
"940139","3011",0.111111111111111
"940139","3020",0.111111111111111
"940139","3030",0.111111111111111
"940139","3100",0.111111111111111
"940139","9524",0.111111111111111
"940141","2219",0.111111111111111
"940141","2220",0.111111111111111
"940141","2817",0.111111111111111
"940141","2930",0.111111111111111
"940141","3011",0.111111111111111
"940141","3020",0.111111111111111
"940141","3030",0.111111111111111
"940141","3100",0.111111111111111
"940141","9524",0.111111111111111
"940149","2219",0.111111111111111
"940149","2220",0.111111111111111
"940149","2817",0.111111111111111
"940149","2930",0.111111111111111
"940149","3011",0.111111111111111
"940149","3020",0.111111111111111
"940149","3030",0.111111111111111
"940149","3100",0.111111111111111
"940149","9524",0.111111111111111
"940152","2219",0.111111111111111
"940152","2220",0.111111111111111
"940152","2817",0.111111111111111
"940152","2930",0.111111111111111
"940152","3011",0.111111111111111
"940152","3020",0.111111111111111
"940152","3030",0.111111111111111
"940152","3100",0.111111111111111
"940152","9524",0.111111111111111
"940153","2219",0.111111111111111
"940153","2220",0.111111111111111
"940153","2817",0.111111111111111
"940153","2930",0.111111111111111
"940153","3011",0.111111111111111
"940153","3020",0.111111111111111
"940153","3030",0.111111111111111
"940153","3100",0.111111111111111
"940153","9524",0.111111111111111
"940159","2219",0.111111111111111
"940159","2220",0.111111111111111
"940159","2817",0.111111111111111
"940159","2930",0.111111111111111
"940159","3011",0.111111111111111
"940159","3020",0.111111111111111
"940159","3030",0.111111111111111
"940159","3100",0.111111111111111
"940159","9524",0.111111111111111
"940161","2219",0.111111111111111
"940161","2220",0.111111111111111
"940161","2817",0.111111111111111
"940161","2930",0.111111111111111
"940161","3011",0.111111111111111
"940161","3020",0.111111111111111
"940161","3030",0.111111111111111
"940161","3100",0.111111111111111
"940161","9524",0.111111111111111
"940169","2219",0.111111111111111
"940169","2220",0.111111111111111
"940169","2817",0.111111111111111
"940169","2930",0.111111111111111
"940169","3011",0.111111111111111
"940169","3020",0.111111111111111
"940169","3030",0.111111111111111
"940169","3100",0.111111111111111
"940169","9524",0.111111111111111
"940171","2219",0.111111111111111
"940171","2220",0.111111111111111
"940171","2817",0.111111111111111
"940171","2930",0.111111111111111
"940171","3011",0.111111111111111
"940171","3020",0.111111111111111
"940171","3030",0.111111111111111
"940171","3100",0.111111111111111
"940171","9524",0.111111111111111
"940179","2219",0.111111111111111
"940179","2220",0.111111111111111
"940179","2817",0.111111111111111
"940179","2930",0.111111111111111
"940179","3011",0.111111111111111
"940179","3020",0.111111111111111
"940179","3030",0.111111111111111
"940179","3100",0.111111111111111
"940179","9524",0.111111111111111
"940180","2219",0.111111111111111
"940180","2220",0.111111111111111
"940180","2817",0.111111111111111
"940180","2930",0.111111111111111
"940180","3011",0.111111111111111
"940180","3020",0.111111111111111
"940180","3030",0.111111111111111
"940180","3100",0.111111111111111
"940180","9524",0.111111111111111
"940191","2219",0.111111111111111
"940191","2220",0.111111111111111
"940191","2817",0.111111111111111
"940191","2930",0.111111111111111
"940191","3011",0.111111111111111
"940191","3020",0.111111111111111
"940191","3030",0.111111111111111
"940191","3100",0.111111111111111
"940191","9524",0.111111111111111
"940199","2219",0.111111111111111
"940199","2220",0.111111111111111
"940199","2817",0.111111111111111
"940199","2930",0.111111111111111
"940199","3011",0.111111111111111
"940199","3020",0.111111111111111
"940199","3030",0.111111111111111
"940199","3100",0.111111111111111
"940199","9524",0.111111111111111
"940210","2660",0.166666666666667
"940210","3250",0.166666666666667
"940210","3290",0.166666666666667
"940210","3313",0.166666666666667
"940210","3319",0.166666666666667
"940210","3320",0.166666666666667
"940290","2660",0.166666666666667
"940290","3250",0.166666666666667
"940290","3290",0.166666666666667
"940290","3313",0.166666666666667
"940290","3319",0.166666666666667
"940290","3320",0.166666666666667
"940310","2219",0.111111111111111
"940310","2220",0.111111111111111
"940310","2817",0.111111111111111
"940310","2930",0.111111111111111
"940310","3011",0.111111111111111
"940310","3020",0.111111111111111
"940310","3030",0.111111111111111
"940310","3100",0.111111111111111
"940310","9524",0.111111111111111
"940320","2219",0.111111111111111
"940320","2220",0.111111111111111
"940320","2817",0.111111111111111
"940320","2930",0.111111111111111
"940320","3011",0.111111111111111
"940320","3020",0.111111111111111
"940320","3030",0.111111111111111
"940320","3100",0.111111111111111
"940320","9524",0.111111111111111
"940330","2219",0.111111111111111
"940330","2220",0.111111111111111
"940330","2817",0.111111111111111
"940330","2930",0.111111111111111
"940330","3011",0.111111111111111
"940330","3020",0.111111111111111
"940330","3030",0.111111111111111
"940330","3100",0.111111111111111
"940330","9524",0.111111111111111
"940340","2219",0.111111111111111
"940340","2220",0.111111111111111
"940340","2817",0.111111111111111
"940340","2930",0.111111111111111
"940340","3011",0.111111111111111
"940340","3020",0.111111111111111
"940340","3030",0.111111111111111
"940340","3100",0.111111111111111
"940340","9524",0.111111111111111
"940350","2219",0.111111111111111
"940350","2220",0.111111111111111
"940350","2817",0.111111111111111
"940350","2930",0.111111111111111
"940350","3011",0.111111111111111
"940350","3020",0.111111111111111
"940350","3030",0.111111111111111
"940350","3100",0.111111111111111
"940350","9524",0.111111111111111
"940360","2219",0.111111111111111
"940360","2220",0.111111111111111
"940360","2817",0.111111111111111
"940360","2930",0.111111111111111
"940360","3011",0.111111111111111
"940360","3020",0.111111111111111
"940360","3030",0.111111111111111
"940360","3100",0.111111111111111
"940360","9524",0.111111111111111
"940370","2219",0.111111111111111
"940370","2220",0.111111111111111
"940370","2817",0.111111111111111
"940370","2930",0.111111111111111
"940370","3011",0.111111111111111
"940370","3020",0.111111111111111
"940370","3030",0.111111111111111
"940370","3100",0.111111111111111
"940370","9524",0.111111111111111
"940382","2219",0.111111111111111
"940382","2220",0.111111111111111
"940382","2817",0.111111111111111
"940382","2930",0.111111111111111
"940382","3011",0.111111111111111
"940382","3020",0.111111111111111
"940382","3030",0.111111111111111
"940382","3100",0.111111111111111
"940382","9524",0.111111111111111
"940383","2219",0.111111111111111
"940383","2220",0.111111111111111
"940383","2817",0.111111111111111
"940383","2930",0.111111111111111
"940383","3011",0.111111111111111
"940383","3020",0.111111111111111
"940383","3030",0.111111111111111
"940383","3100",0.111111111111111
"940383","9524",0.111111111111111
"940389","2219",0.111111111111111
"940389","2220",0.111111111111111
"940389","2817",0.111111111111111
"940389","2930",0.111111111111111
"940389","3011",0.111111111111111
"940389","3020",0.111111111111111
"940389","3030",0.111111111111111
"940389","3100",0.111111111111111
"940389","9524",0.111111111111111
"940391","2219",0.111111111111111
"940391","2220",0.111111111111111
"940391","2817",0.111111111111111
"940391","2930",0.111111111111111
"940391","3011",0.111111111111111
"940391","3020",0.111111111111111
"940391","3030",0.111111111111111
"940391","3100",0.111111111111111
"940391","9524",0.111111111111111
"940399","2219",0.111111111111111
"940399","2220",0.111111111111111
"940399","2817",0.111111111111111
"940399","2930",0.111111111111111
"940399","3011",0.111111111111111
"940399","3020",0.111111111111111
"940399","3030",0.111111111111111
"940399","3100",0.111111111111111
"940399","9524",0.111111111111111
"940410","2219",0.111111111111111
"940410","2220",0.111111111111111
"940410","2817",0.111111111111111
"940410","2930",0.111111111111111
"940410","3011",0.111111111111111
"940410","3020",0.111111111111111
"940410","3030",0.111111111111111
"940410","3100",0.111111111111111
"940410","9524",0.111111111111111
"940421","2219",0.111111111111111
"940421","2220",0.111111111111111
"940421","2817",0.111111111111111
"940421","2930",0.111111111111111
"940421","3011",0.111111111111111
"940421","3020",0.111111111111111
"940421","3030",0.111111111111111
"940421","3100",0.111111111111111
"940421","9524",0.111111111111111
"940429","2219",0.111111111111111
"940429","2220",0.111111111111111
"940429","2817",0.111111111111111
"940429","2930",0.111111111111111
"940429","3011",0.111111111111111
"940429","3020",0.111111111111111
"940429","3030",0.111111111111111
"940429","3100",0.111111111111111
"940429","9524",0.111111111111111
"940430","1392",0.333333333333333
"940430","3250",0.333333333333333
"940430","3319",0.333333333333333
"940440","1392",0.333333333333333
"940440","3250",0.333333333333333
"940440","3319",0.333333333333333
"940490","1392",0.333333333333333
"940490","3250",0.333333333333333
"940490","3319",0.333333333333333
"940511","2740",0.333333333333333
"940511","2790",0.333333333333333
"940511","3314",0.333333333333333
"940519","2740",0.333333333333333
"940519","2790",0.333333333333333
"940519","3314",0.333333333333333
"940521","2740",0.333333333333333
"940521","2790",0.333333333333333
"940521","3314",0.333333333333333
"940529","2740",0.333333333333333
"940529","2790",0.333333333333333
"940529","3314",0.333333333333333
"940531","2740",0.333333333333333
"940531","2790",0.333333333333333
"940531","3314",0.333333333333333
"940539","2740",0.333333333333333
"940539","2790",0.333333333333333
"940539","3314",0.333333333333333
"940541","2740",0.333333333333333
"940541","2790",0.333333333333333
"940541","3314",0.333333333333333
"940542","2740",0.333333333333333
"940542","2790",0.333333333333333
"940542","3314",0.333333333333333
"940549","2740",0.333333333333333
"940549","2790",0.333333333333333
"940549","3314",0.333333333333333
"940550","2740",0.333333333333333
"940550","2790",0.333333333333333
"940550","3314",0.333333333333333
"940561","2740",0.333333333333333
"940561","2790",0.333333333333333
"940561","3314",0.333333333333333
"940569","2740",0.333333333333333
"940569","2790",0.333333333333333
"940569","3314",0.333333333333333
"940591","2310",0.5
"940591","3319",0.5
"940592","2220",0.166666666666667
"940592","2610",0.166666666666667
"940592","2733",0.166666666666667
"940592","3290",0.166666666666667
"940592","3314",0.166666666666667
"940592","3319",0.166666666666667
"940599","2740",0.333333333333333
"940599","2790",0.333333333333333
"940599","3314",0.333333333333333
"940610","2511",0.5
"940610","3311",0.5
"940620","2511",0.5
"940620","3311",0.5
"940690","2511",0.5
"940690","3311",0.5
"950300","2640",0.2
"950300","2829",0.2
"950300","3240",0.2
"950300","3312",0.2
"950300","3319",0.2
"950420","2640",0.2
"950420","2829",0.2
"950420","3240",0.2
"950420","3312",0.2
"950420","3319",0.2
"950430","2640",0.2
"950430","2829",0.2
"950430","3240",0.2
"950430","3312",0.2
"950430","3319",0.2
"950440","2640",0.2
"950440","2829",0.2
"950440","3240",0.2
"950440","3312",0.2
"950440","3319",0.2
"950450","2640",0.2
"950450","2829",0.2
"950450","3240",0.2
"950450","3312",0.2
"950450","3319",0.2
"950490","2640",0.2
"950490","2829",0.2
"950490","3240",0.2
"950490","3312",0.2
"950490","3319",0.2
"950510","1399",0.0769230769230769
"950510","1512",0.0769230769230769
"950510","1629",0.0769230769230769
"950510","1709",0.0769230769230769
"950510","2029",0.0769230769230769
"950510","2219",0.0769230769230769
"950510","2220",0.0769230769230769
"950510","2599",0.0769230769230769
"950510","2829",0.0769230769230769
"950510","3092",0.0769230769230769
"950510","3212",0.0769230769230769
"950510","3290",0.0769230769230769
"950510","3312",0.0769230769230769
"950590","1399",0.0769230769230769
"950590","1512",0.0769230769230769
"950590","1629",0.0769230769230769
"950590","1709",0.0769230769230769
"950590","2029",0.0769230769230769
"950590","2219",0.0769230769230769
"950590","2220",0.0769230769230769
"950590","2599",0.0769230769230769
"950590","2829",0.0769230769230769
"950590","3092",0.0769230769230769
"950590","3212",0.0769230769230769
"950590","3290",0.0769230769230769
"950590","3312",0.0769230769230769
"950611","3230",0.5
"950611","3290",0.5
"950612","3230",0.5
"950612","3290",0.5
"950619","3230",0.5
"950619","3290",0.5
"950621","3230",0.5
"950621","3290",0.5
"950629","3230",0.5
"950629","3290",0.5
"950631","3230",0.5
"950631","3290",0.5
"950632","3230",0.5
"950632","3290",0.5
"950639","3230",0.5
"950639","3290",0.5
"950640","3230",0.5
"950640","3290",0.5
"950651","3230",0.5
"950651","3290",0.5
"950659","3230",0.5
"950659","3290",0.5
"950661","3230",0.5
"950661","3290",0.5
"950662","3230",0.5
"950662","3290",0.5
"950669","3230",0.5
"950669","3290",0.5
"950670","3230",0.5
"950670","3290",0.5
"950691","3230",0.5
"950691","3290",0.5
"950699","3230",0.5
"950699","3290",0.5
"950710","3230",0.5
"950710","3290",0.5
"950720","3230",0.5
"950720","3290",0.5
"950730","3230",0.5
"950730","3290",0.5
"950790","3230",0.5
"950790","3290",0.5
"950810","1399",0.0769230769230769
"950810","1512",0.0769230769230769
"950810","1629",0.0769230769230769
"950810","1709",0.0769230769230769
"950810","2029",0.0769230769230769
"950810","2219",0.0769230769230769
"950810","2220",0.0769230769230769
"950810","2599",0.0769230769230769
"950810","2829",0.0769230769230769
"950810","3092",0.0769230769230769
"950810","3212",0.0769230769230769
"950810","3290",0.0769230769230769
"950810","3312",0.0769230769230769
"950821","1399",0.0769230769230769
"950821","1512",0.0769230769230769
"950821","1629",0.0769230769230769
"950821","1709",0.0769230769230769
"950821","2029",0.0769230769230769
"950821","2219",0.0769230769230769
"950821","2220",0.0769230769230769
"950821","2599",0.0769230769230769
"950821","2829",0.0769230769230769
"950821","3092",0.0769230769230769
"950821","3212",0.0769230769230769
"950821","3290",0.0769230769230769
"950821","3312",0.0769230769230769
"950822","1399",0.0769230769230769
"950822","1512",0.0769230769230769
"950822","1629",0.0769230769230769
"950822","1709",0.0769230769230769
"950822","2029",0.0769230769230769
"950822","2219",0.0769230769230769
"950822","2220",0.0769230769230769
"950822","2599",0.0769230769230769
"950822","2829",0.0769230769230769
"950822","3092",0.0769230769230769
"950822","3212",0.0769230769230769
"950822","3290",0.0769230769230769
"950822","3312",0.0769230769230769
"950823","1399",0.0769230769230769
"950823","1512",0.0769230769230769
"950823","1629",0.0769230769230769
"950823","1709",0.0769230769230769
"950823","2029",0.0769230769230769
"950823","2219",0.0769230769230769
"950823","2220",0.0769230769230769
"950823","2599",0.0769230769230769
"950823","2829",0.0769230769230769
"950823","3092",0.0769230769230769
"950823","3212",0.0769230769230769
"950823","3290",0.0769230769230769
"950823","3312",0.0769230769230769
"950824","1399",0.0769230769230769
"950824","1512",0.0769230769230769
"950824","1629",0.0769230769230769
"950824","1709",0.0769230769230769
"950824","2029",0.0769230769230769
"950824","2219",0.0769230769230769
"950824","2220",0.0769230769230769
"950824","2599",0.0769230769230769
"950824","2829",0.0769230769230769
"950824","3092",0.0769230769230769
"950824","3212",0.0769230769230769
"950824","3290",0.0769230769230769
"950824","3312",0.0769230769230769
"950825","1399",0.0769230769230769
"950825","1512",0.0769230769230769
"950825","1629",0.0769230769230769
"950825","1709",0.0769230769230769
"950825","2029",0.0769230769230769
"950825","2219",0.0769230769230769
"950825","2220",0.0769230769230769
"950825","2599",0.0769230769230769
"950825","2829",0.0769230769230769
"950825","3092",0.0769230769230769
"950825","3212",0.0769230769230769
"950825","3290",0.0769230769230769
"950825","3312",0.0769230769230769
"950826","1399",0.0769230769230769
"950826","1512",0.0769230769230769
"950826","1629",0.0769230769230769
"950826","1709",0.0769230769230769
"950826","2029",0.0769230769230769
"950826","2219",0.0769230769230769
"950826","2220",0.0769230769230769
"950826","2599",0.0769230769230769
"950826","2829",0.0769230769230769
"950826","3092",0.0769230769230769
"950826","3212",0.0769230769230769
"950826","3290",0.0769230769230769
"950826","3312",0.0769230769230769
"950829","1399",0.0769230769230769
"950829","1512",0.0769230769230769
"950829","1629",0.0769230769230769
"950829","1709",0.0769230769230769
"950829","2029",0.0769230769230769
"950829","2219",0.0769230769230769
"950829","2220",0.0769230769230769
"950829","2599",0.0769230769230769
"950829","2829",0.0769230769230769
"950829","3092",0.0769230769230769
"950829","3212",0.0769230769230769
"950829","3290",0.0769230769230769
"950829","3312",0.0769230769230769
"950830","1399",0.0769230769230769
"950830","1512",0.0769230769230769
"950830","1629",0.0769230769230769
"950830","1709",0.0769230769230769
"950830","2029",0.0769230769230769
"950830","2219",0.0769230769230769
"950830","2220",0.0769230769230769
"950830","2599",0.0769230769230769
"950830","2829",0.0769230769230769
"950830","3092",0.0769230769230769
"950830","3212",0.0769230769230769
"950830","3290",0.0769230769230769
"950830","3312",0.0769230769230769
"950840","1399",0.0769230769230769
"950840","1512",0.0769230769230769
"950840","1629",0.0769230769230769
"950840","1709",0.0769230769230769
"950840","2029",0.0769230769230769
"950840","2219",0.0769230769230769
"950840","2220",0.0769230769230769
"950840","2599",0.0769230769230769
"950840","2829",0.0769230769230769
"950840","3092",0.0769230769230769
"950840","3212",0.0769230769230769
"950840","3290",0.0769230769230769
"950840","3312",0.0769230769230769
"960110","1399",0.0769230769230769
"960110","1512",0.0769230769230769
"960110","1629",0.0769230769230769
"960110","1709",0.0769230769230769
"960110","2029",0.0769230769230769
"960110","2219",0.0769230769230769
"960110","2220",0.0769230769230769
"960110","2599",0.0769230769230769
"960110","2829",0.0769230769230769
"960110","3092",0.0769230769230769
"960110","3212",0.0769230769230769
"960110","3290",0.0769230769230769
"960110","3312",0.0769230769230769
"960190","1399",0.0769230769230769
"960190","1512",0.0769230769230769
"960190","1629",0.0769230769230769
"960190","1709",0.0769230769230769
"960190","2029",0.0769230769230769
"960190","2219",0.0769230769230769
"960190","2220",0.0769230769230769
"960190","2599",0.0769230769230769
"960190","2829",0.0769230769230769
"960190","3092",0.0769230769230769
"960190","3212",0.0769230769230769
"960190","3290",0.0769230769230769
"960190","3312",0.0769230769230769
"960200","1399",0.0769230769230769
"960200","1512",0.0769230769230769
"960200","1629",0.0769230769230769
"960200","1709",0.0769230769230769
"960200","2029",0.0769230769230769
"960200","2219",0.0769230769230769
"960200","2220",0.0769230769230769
"960200","2599",0.0769230769230769
"960200","2829",0.0769230769230769
"960200","3092",0.0769230769230769
"960200","3212",0.0769230769230769
"960200","3290",0.0769230769230769
"960200","3312",0.0769230769230769
"960310","1399",0.0769230769230769
"960310","1512",0.0769230769230769
"960310","1629",0.0769230769230769
"960310","1709",0.0769230769230769
"960310","2029",0.0769230769230769
"960310","2219",0.0769230769230769
"960310","2220",0.0769230769230769
"960310","2599",0.0769230769230769
"960310","2829",0.0769230769230769
"960310","3092",0.0769230769230769
"960310","3212",0.0769230769230769
"960310","3290",0.0769230769230769
"960310","3312",0.0769230769230769
"960321","1399",0.0769230769230769
"960321","1512",0.0769230769230769
"960321","1629",0.0769230769230769
"960321","1709",0.0769230769230769
"960321","2029",0.0769230769230769
"960321","2219",0.0769230769230769
"960321","2220",0.0769230769230769
"960321","2599",0.0769230769230769
"960321","2829",0.0769230769230769
"960321","3092",0.0769230769230769
"960321","3212",0.0769230769230769
"960321","3290",0.0769230769230769
"960321","3312",0.0769230769230769
"960329","1399",0.0769230769230769
"960329","1512",0.0769230769230769
"960329","1629",0.0769230769230769
"960329","1709",0.0769230769230769
"960329","2029",0.0769230769230769
"960329","2219",0.0769230769230769
"960329","2220",0.0769230769230769
"960329","2599",0.0769230769230769
"960329","2829",0.0769230769230769
"960329","3092",0.0769230769230769
"960329","3212",0.0769230769230769
"960329","3290",0.0769230769230769
"960329","3312",0.0769230769230769
"960330","1399",0.0769230769230769
"960330","1512",0.0769230769230769
"960330","1629",0.0769230769230769
"960330","1709",0.0769230769230769
"960330","2029",0.0769230769230769
"960330","2219",0.0769230769230769
"960330","2220",0.0769230769230769
"960330","2599",0.0769230769230769
"960330","2829",0.0769230769230769
"960330","3092",0.0769230769230769
"960330","3212",0.0769230769230769
"960330","3290",0.0769230769230769
"960330","3312",0.0769230769230769
"960340","1399",0.0769230769230769
"960340","1512",0.0769230769230769
"960340","1629",0.0769230769230769
"960340","1709",0.0769230769230769
"960340","2029",0.0769230769230769
"960340","2219",0.0769230769230769
"960340","2220",0.0769230769230769
"960340","2599",0.0769230769230769
"960340","2829",0.0769230769230769
"960340","3092",0.0769230769230769
"960340","3212",0.0769230769230769
"960340","3290",0.0769230769230769
"960340","3312",0.0769230769230769
"960350","1399",0.0769230769230769
"960350","1512",0.0769230769230769
"960350","1629",0.0769230769230769
"960350","1709",0.0769230769230769
"960350","2029",0.0769230769230769
"960350","2219",0.0769230769230769
"960350","2220",0.0769230769230769
"960350","2599",0.0769230769230769
"960350","2829",0.0769230769230769
"960350","3092",0.0769230769230769
"960350","3212",0.0769230769230769
"960350","3290",0.0769230769230769
"960350","3312",0.0769230769230769
"960390","1399",0.0769230769230769
"960390","1512",0.0769230769230769
"960390","1629",0.0769230769230769
"960390","1709",0.0769230769230769
"960390","2029",0.0769230769230769
"960390","2219",0.0769230769230769
"960390","2220",0.0769230769230769
"960390","2599",0.0769230769230769
"960390","2829",0.0769230769230769
"960390","3092",0.0769230769230769
"960390","3212",0.0769230769230769
"960390","3290",0.0769230769230769
"960390","3312",0.0769230769230769
"960400","1399",0.0769230769230769
"960400","1512",0.0769230769230769
"960400","1629",0.0769230769230769
"960400","1709",0.0769230769230769
"960400","2029",0.0769230769230769
"960400","2219",0.0769230769230769
"960400","2220",0.0769230769230769
"960400","2599",0.0769230769230769
"960400","2829",0.0769230769230769
"960400","3092",0.0769230769230769
"960400","3212",0.0769230769230769
"960400","3290",0.0769230769230769
"960400","3312",0.0769230769230769
"960500","1512",0.5
"960500","3290",0.5
"960610","1399",0.0769230769230769
"960610","1512",0.0769230769230769
"960610","1629",0.0769230769230769
"960610","1709",0.0769230769230769
"960610","2029",0.0769230769230769
"960610","2219",0.0769230769230769
"960610","2220",0.0769230769230769
"960610","2599",0.0769230769230769
"960610","2829",0.0769230769230769
"960610","3092",0.0769230769230769
"960610","3212",0.0769230769230769
"960610","3290",0.0769230769230769
"960610","3312",0.0769230769230769
"960621","1399",0.0769230769230769
"960621","1512",0.0769230769230769
"960621","1629",0.0769230769230769
"960621","1709",0.0769230769230769
"960621","2029",0.0769230769230769
"960621","2219",0.0769230769230769
"960621","2220",0.0769230769230769
"960621","2599",0.0769230769230769
"960621","2829",0.0769230769230769
"960621","3092",0.0769230769230769
"960621","3212",0.0769230769230769
"960621","3290",0.0769230769230769
"960621","3312",0.0769230769230769
"960622","1399",0.0769230769230769
"960622","1512",0.0769230769230769
"960622","1629",0.0769230769230769
"960622","1709",0.0769230769230769
"960622","2029",0.0769230769230769
"960622","2219",0.0769230769230769
"960622","2220",0.0769230769230769
"960622","2599",0.0769230769230769
"960622","2829",0.0769230769230769
"960622","3092",0.0769230769230769
"960622","3212",0.0769230769230769
"960622","3290",0.0769230769230769
"960622","3312",0.0769230769230769
"960629","1399",0.0769230769230769
"960629","1512",0.0769230769230769
"960629","1629",0.0769230769230769
"960629","1709",0.0769230769230769
"960629","2029",0.0769230769230769
"960629","2219",0.0769230769230769
"960629","2220",0.0769230769230769
"960629","2599",0.0769230769230769
"960629","2829",0.0769230769230769
"960629","3092",0.0769230769230769
"960629","3212",0.0769230769230769
"960629","3290",0.0769230769230769
"960629","3312",0.0769230769230769
"960630","1399",0.0769230769230769
"960630","1512",0.0769230769230769
"960630","1629",0.0769230769230769
"960630","1709",0.0769230769230769
"960630","2029",0.0769230769230769
"960630","2219",0.0769230769230769
"960630","2220",0.0769230769230769
"960630","2599",0.0769230769230769
"960630","2829",0.0769230769230769
"960630","3092",0.0769230769230769
"960630","3212",0.0769230769230769
"960630","3290",0.0769230769230769
"960630","3312",0.0769230769230769
"960711","1399",0.0769230769230769
"960711","1512",0.0769230769230769
"960711","1629",0.0769230769230769
"960711","1709",0.0769230769230769
"960711","2029",0.0769230769230769
"960711","2219",0.0769230769230769
"960711","2220",0.0769230769230769
"960711","2599",0.0769230769230769
"960711","2829",0.0769230769230769
"960711","3092",0.0769230769230769
"960711","3212",0.0769230769230769
"960711","3290",0.0769230769230769
"960711","3312",0.0769230769230769
"960719","1399",0.0769230769230769
"960719","1512",0.0769230769230769
"960719","1629",0.0769230769230769
"960719","1709",0.0769230769230769
"960719","2029",0.0769230769230769
"960719","2219",0.0769230769230769
"960719","2220",0.0769230769230769
"960719","2599",0.0769230769230769
"960719","2829",0.0769230769230769
"960719","3092",0.0769230769230769
"960719","3212",0.0769230769230769
"960719","3290",0.0769230769230769
"960719","3312",0.0769230769230769
"960720","1399",0.0769230769230769
"960720","1512",0.0769230769230769
"960720","1629",0.0769230769230769
"960720","1709",0.0769230769230769
"960720","2029",0.0769230769230769
"960720","2219",0.0769230769230769
"960720","2220",0.0769230769230769
"960720","2599",0.0769230769230769
"960720","2829",0.0769230769230769
"960720","3092",0.0769230769230769
"960720","3212",0.0769230769230769
"960720","3290",0.0769230769230769
"960720","3312",0.0769230769230769
"960810","1399",0.0769230769230769
"960810","1512",0.0769230769230769
"960810","1629",0.0769230769230769
"960810","1709",0.0769230769230769
"960810","2029",0.0769230769230769
"960810","2219",0.0769230769230769
"960810","2220",0.0769230769230769
"960810","2599",0.0769230769230769
"960810","2829",0.0769230769230769
"960810","3092",0.0769230769230769
"960810","3212",0.0769230769230769
"960810","3290",0.0769230769230769
"960810","3312",0.0769230769230769
"960820","1399",0.0769230769230769
"960820","1512",0.0769230769230769
"960820","1629",0.0769230769230769
"960820","1709",0.0769230769230769
"960820","2029",0.0769230769230769
"960820","2219",0.0769230769230769
"960820","2220",0.0769230769230769
"960820","2599",0.0769230769230769
"960820","2829",0.0769230769230769
"960820","3092",0.0769230769230769
"960820","3212",0.0769230769230769
"960820","3290",0.0769230769230769
"960820","3312",0.0769230769230769
"960830","1399",0.0769230769230769
"960830","1512",0.0769230769230769
"960830","1629",0.0769230769230769
"960830","1709",0.0769230769230769
"960830","2029",0.0769230769230769
"960830","2219",0.0769230769230769
"960830","2220",0.0769230769230769
"960830","2599",0.0769230769230769
"960830","2829",0.0769230769230769
"960830","3092",0.0769230769230769
"960830","3212",0.0769230769230769
"960830","3290",0.0769230769230769
"960830","3312",0.0769230769230769
"960840","1399",0.0769230769230769
"960840","1512",0.0769230769230769
"960840","1629",0.0769230769230769
"960840","1709",0.0769230769230769
"960840","2029",0.0769230769230769
"960840","2219",0.0769230769230769
"960840","2220",0.0769230769230769
"960840","2599",0.0769230769230769
"960840","2829",0.0769230769230769
"960840","3092",0.0769230769230769
"960840","3212",0.0769230769230769
"960840","3290",0.0769230769230769
"960840","3312",0.0769230769230769
"960850","1399",0.0769230769230769
"960850","1512",0.0769230769230769
"960850","1629",0.0769230769230769
"960850","1709",0.0769230769230769
"960850","2029",0.0769230769230769
"960850","2219",0.0769230769230769
"960850","2220",0.0769230769230769
"960850","2599",0.0769230769230769
"960850","2829",0.0769230769230769
"960850","3092",0.0769230769230769
"960850","3212",0.0769230769230769
"960850","3290",0.0769230769230769
"960850","3312",0.0769230769230769
"960860","1399",0.0769230769230769
"960860","1512",0.0769230769230769
"960860","1629",0.0769230769230769
"960860","1709",0.0769230769230769
"960860","2029",0.0769230769230769
"960860","2219",0.0769230769230769
"960860","2220",0.0769230769230769
"960860","2599",0.0769230769230769
"960860","2829",0.0769230769230769
"960860","3092",0.0769230769230769
"960860","3212",0.0769230769230769
"960860","3290",0.0769230769230769
"960860","3312",0.0769230769230769
"960891","1399",0.0769230769230769
"960891","1512",0.0769230769230769
"960891","1629",0.0769230769230769
"960891","1709",0.0769230769230769
"960891","2029",0.0769230769230769
"960891","2219",0.0769230769230769
"960891","2220",0.0769230769230769
"960891","2599",0.0769230769230769
"960891","2829",0.0769230769230769
"960891","3092",0.0769230769230769
"960891","3212",0.0769230769230769
"960891","3290",0.0769230769230769
"960891","3312",0.0769230769230769
"960899","1399",0.0769230769230769
"960899","1512",0.0769230769230769
"960899","1629",0.0769230769230769
"960899","1709",0.0769230769230769
"960899","2029",0.0769230769230769
"960899","2219",0.0769230769230769
"960899","2220",0.0769230769230769
"960899","2599",0.0769230769230769
"960899","2829",0.0769230769230769
"960899","3092",0.0769230769230769
"960899","3212",0.0769230769230769
"960899","3290",0.0769230769230769
"960899","3312",0.0769230769230769
"960910","1399",0.0769230769230769
"960910","1512",0.0769230769230769
"960910","1629",0.0769230769230769
"960910","1709",0.0769230769230769
"960910","2029",0.0769230769230769
"960910","2219",0.0769230769230769
"960910","2220",0.0769230769230769
"960910","2599",0.0769230769230769
"960910","2829",0.0769230769230769
"960910","3092",0.0769230769230769
"960910","3212",0.0769230769230769
"960910","3290",0.0769230769230769
"960910","3312",0.0769230769230769
"960920","1399",0.0769230769230769
"960920","1512",0.0769230769230769
"960920","1629",0.0769230769230769
"960920","1709",0.0769230769230769
"960920","2029",0.0769230769230769
"960920","2219",0.0769230769230769
"960920","2220",0.0769230769230769
"960920","2599",0.0769230769230769
"960920","2829",0.0769230769230769
"960920","3092",0.0769230769230769
"960920","3212",0.0769230769230769
"960920","3290",0.0769230769230769
"960920","3312",0.0769230769230769
"960990","1399",0.0769230769230769
"960990","1512",0.0769230769230769
"960990","1629",0.0769230769230769
"960990","1709",0.0769230769230769
"960990","2029",0.0769230769230769
"960990","2219",0.0769230769230769
"960990","2220",0.0769230769230769
"960990","2599",0.0769230769230769
"960990","2829",0.0769230769230769
"960990","3092",0.0769230769230769
"960990","3212",0.0769230769230769
"960990","3290",0.0769230769230769
"960990","3312",0.0769230769230769
"961000","1399",0.0769230769230769
"961000","1512",0.0769230769230769
"961000","1629",0.0769230769230769
"961000","1709",0.0769230769230769
"961000","2029",0.0769230769230769
"961000","2219",0.0769230769230769
"961000","2220",0.0769230769230769
"961000","2599",0.0769230769230769
"961000","2829",0.0769230769230769
"961000","3092",0.0769230769230769
"961000","3212",0.0769230769230769
"961000","3290",0.0769230769230769
"961000","3312",0.0769230769230769
"961100","1399",0.0769230769230769
"961100","1512",0.0769230769230769
"961100","1629",0.0769230769230769
"961100","1709",0.0769230769230769
"961100","2029",0.0769230769230769
"961100","2219",0.0769230769230769
"961100","2220",0.0769230769230769
"961100","2599",0.0769230769230769
"961100","2829",0.0769230769230769
"961100","3092",0.0769230769230769
"961100","3212",0.0769230769230769
"961100","3290",0.0769230769230769
"961100","3312",0.0769230769230769
"961210","1399",0.0769230769230769
"961210","1512",0.0769230769230769
"961210","1629",0.0769230769230769
"961210","1709",0.0769230769230769
"961210","2029",0.0769230769230769
"961210","2219",0.0769230769230769
"961210","2220",0.0769230769230769
"961210","2599",0.0769230769230769
"961210","2829",0.0769230769230769
"961210","3092",0.0769230769230769
"961210","3212",0.0769230769230769
"961210","3290",0.0769230769230769
"961210","3312",0.0769230769230769
"961220","1399",0.0769230769230769
"961220","1512",0.0769230769230769
"961220","1629",0.0769230769230769
"961220","1709",0.0769230769230769
"961220","2029",0.0769230769230769
"961220","2219",0.0769230769230769
"961220","2220",0.0769230769230769
"961220","2599",0.0769230769230769
"961220","2829",0.0769230769230769
"961220","3092",0.0769230769230769
"961220","3212",0.0769230769230769
"961220","3290",0.0769230769230769
"961220","3312",0.0769230769230769
"961310","1399",0.0769230769230769
"961310","1512",0.0769230769230769
"961310","1629",0.0769230769230769
"961310","1709",0.0769230769230769
"961310","2029",0.0769230769230769
"961310","2219",0.0769230769230769
"961310","2220",0.0769230769230769
"961310","2599",0.0769230769230769
"961310","2829",0.0769230769230769
"961310","3092",0.0769230769230769
"961310","3212",0.0769230769230769
"961310","3290",0.0769230769230769
"961310","3312",0.0769230769230769
"961320","1399",0.0769230769230769
"961320","1512",0.0769230769230769
"961320","1629",0.0769230769230769
"961320","1709",0.0769230769230769
"961320","2029",0.0769230769230769
"961320","2219",0.0769230769230769
"961320","2220",0.0769230769230769
"961320","2599",0.0769230769230769
"961320","2829",0.0769230769230769
"961320","3092",0.0769230769230769
"961320","3212",0.0769230769230769
"961320","3290",0.0769230769230769
"961320","3312",0.0769230769230769
"961380","1399",0.0769230769230769
"961380","1512",0.0769230769230769
"961380","1629",0.0769230769230769
"961380","1709",0.0769230769230769
"961380","2029",0.0769230769230769
"961380","2219",0.0769230769230769
"961380","2220",0.0769230769230769
"961380","2599",0.0769230769230769
"961380","2829",0.0769230769230769
"961380","3092",0.0769230769230769
"961380","3212",0.0769230769230769
"961380","3290",0.0769230769230769
"961380","3312",0.0769230769230769
"961390","1399",0.0769230769230769
"961390","1512",0.0769230769230769
"961390","1629",0.0769230769230769
"961390","1709",0.0769230769230769
"961390","2029",0.0769230769230769
"961390","2219",0.0769230769230769
"961390","2220",0.0769230769230769
"961390","2599",0.0769230769230769
"961390","2829",0.0769230769230769
"961390","3092",0.0769230769230769
"961390","3212",0.0769230769230769
"961390","3290",0.0769230769230769
"961390","3312",0.0769230769230769
"961400","1399",0.0769230769230769
"961400","1512",0.0769230769230769
"961400","1629",0.0769230769230769
"961400","1709",0.0769230769230769
"961400","2029",0.0769230769230769
"961400","2219",0.0769230769230769
"961400","2220",0.0769230769230769
"961400","2599",0.0769230769230769
"961400","2829",0.0769230769230769
"961400","3092",0.0769230769230769
"961400","3212",0.0769230769230769
"961400","3290",0.0769230769230769
"961400","3312",0.0769230769230769
"961511","1399",0.0769230769230769
"961511","1512",0.0769230769230769
"961511","1629",0.0769230769230769
"961511","1709",0.0769230769230769
"961511","2029",0.0769230769230769
"961511","2219",0.0769230769230769
"961511","2220",0.0769230769230769
"961511","2599",0.0769230769230769
"961511","2829",0.0769230769230769
"961511","3092",0.0769230769230769
"961511","3212",0.0769230769230769
"961511","3290",0.0769230769230769
"961511","3312",0.0769230769230769
"961519","1399",0.0769230769230769
"961519","1512",0.0769230769230769
"961519","1629",0.0769230769230769
"961519","1709",0.0769230769230769
"961519","2029",0.0769230769230769
"961519","2219",0.0769230769230769
"961519","2220",0.0769230769230769
"961519","2599",0.0769230769230769
"961519","2829",0.0769230769230769
"961519","3092",0.0769230769230769
"961519","3212",0.0769230769230769
"961519","3290",0.0769230769230769
"961519","3312",0.0769230769230769
"961590","1399",0.0769230769230769
"961590","1512",0.0769230769230769
"961590","1629",0.0769230769230769
"961590","1709",0.0769230769230769
"961590","2029",0.0769230769230769
"961590","2219",0.0769230769230769
"961590","2220",0.0769230769230769
"961590","2599",0.0769230769230769
"961590","2829",0.0769230769230769
"961590","3092",0.0769230769230769
"961590","3212",0.0769230769230769
"961590","3290",0.0769230769230769
"961590","3312",0.0769230769230769
"961610","1399",0.0769230769230769
"961610","1512",0.0769230769230769
"961610","1629",0.0769230769230769
"961610","1709",0.0769230769230769
"961610","2029",0.0769230769230769
"961610","2219",0.0769230769230769
"961610","2220",0.0769230769230769
"961610","2599",0.0769230769230769
"961610","2829",0.0769230769230769
"961610","3092",0.0769230769230769
"961610","3212",0.0769230769230769
"961610","3290",0.0769230769230769
"961610","3312",0.0769230769230769
"961620","1399",0.0769230769230769
"961620","1512",0.0769230769230769
"961620","1629",0.0769230769230769
"961620","1709",0.0769230769230769
"961620","2029",0.0769230769230769
"961620","2219",0.0769230769230769
"961620","2220",0.0769230769230769
"961620","2599",0.0769230769230769
"961620","2829",0.0769230769230769
"961620","3092",0.0769230769230769
"961620","3212",0.0769230769230769
"961620","3290",0.0769230769230769
"961620","3312",0.0769230769230769
"961700","1399",0.0769230769230769
"961700","1512",0.0769230769230769
"961700","1629",0.0769230769230769
"961700","1709",0.0769230769230769
"961700","2029",0.0769230769230769
"961700","2219",0.0769230769230769
"961700","2220",0.0769230769230769
"961700","2599",0.0769230769230769
"961700","2829",0.0769230769230769
"961700","3092",0.0769230769230769
"961700","3212",0.0769230769230769
"961700","3290",0.0769230769230769
"961700","3312",0.0769230769230769
"961800","1399",0.0769230769230769
"961800","1512",0.0769230769230769
"961800","1629",0.0769230769230769
"961800","1709",0.0769230769230769
"961800","2029",0.0769230769230769
"961800","2219",0.0769230769230769
"961800","2220",0.0769230769230769
"961800","2599",0.0769230769230769
"961800","2829",0.0769230769230769
"961800","3092",0.0769230769230769
"961800","3212",0.0769230769230769
"961800","3290",0.0769230769230769
"961800","3312",0.0769230769230769
"961900","1709",0.333333333333333
"961900","1811",0.333333333333333
"961900","2220",0.333333333333333
"962000","2610",0.25
"962000","2620",0.25
"962000","2817",0.25
"962000","3320",0.25
"970121","7990",0.5
"970121","9000",0.5
"970122","7990",0.5
"970122","9000",0.5
"970129","7990",0.5
"970129","9000",0.5
"970191","7990",0.5
"970191","9000",0.5
"970192","7990",0.5
"970192","9000",0.5
"970199","7990",0.5
"970199","9000",0.5
"970210","7990",0.5
"970210","9000",0.5
"970290","7990",0.5
"970290","9000",0.5
"970310","7990",0.5
"970310","9000",0.5
"970390","7990",0.5
"970390","9000",0.5
"970400","7990",0.5
"970400","9000",0.5
"970510","7990",0.5
"970510","9000",0.5
"970521","7990",0.5
"970521","9000",0.5
"970522","7990",0.5
"970522","9000",0.5
"970529","7990",0.5
"970529","9000",0.5
"970531","7990",0.5
"970531","9000",0.5
"970539","7990",0.5
"970539","9000",0.5
"970610","7990",0.5
"970610","9000",0.5
"970690","7990",0.5
"970690","9000",0.5
"999999","9810",0.5
"999999","9820",0.5
