"hs_code","isic4_code","match_weight"
"010111","0141",0.333333333333333
"010111","0142",0.333333333333333
"010111","0144",0.333333333333333
"010119","0141",0.333333333333333
"010119","0142",0.333333333333333
"010119","0144",0.333333333333333
"010120","0141",0.333333333333333
"010120","0142",0.333333333333333
"010120","0144",0.333333333333333
"010210","0141",0.333333333333333
"010210","0142",0.333333333333333
"010210","0144",0.333333333333333
"010290","0141",0.333333333333333
"010290","0142",0.333333333333333
"010290","0144",0.333333333333333
"010310","0143",0.166666666666667
"010310","0145",0.166666666666667
"010310","0146",0.166666666666667
"010310","0149",0.166666666666667
"010310","0321",0.166666666666667
"010310","0322",0.166666666666667
"010391","0143",0.166666666666667
"010391","0145",0.166666666666667
"010391","0146",0.166666666666667
"010391","0149",0.166666666666667
"010391","0321",0.166666666666667
"010391","0322",0.166666666666667
"010392","0143",0.166666666666667
"010392","0145",0.166666666666667
"010392","0146",0.166666666666667
"010392","0149",0.166666666666667
"010392","0321",0.166666666666667
"010392","0322",0.166666666666667
"010410","0141",0.333333333333333
"010410","0142",0.333333333333333
"010410","0144",0.333333333333333
"010420","0141",0.333333333333333
"010420","0142",0.333333333333333
"010420","0144",0.333333333333333
"010511","0143",0.166666666666667
"010511","0145",0.166666666666667
"010511","0146",0.166666666666667
"010511","0149",0.166666666666667
"010511","0321",0.166666666666667
"010511","0322",0.166666666666667
"010519","0143",0.166666666666667
"010519","0145",0.166666666666667
"010519","0146",0.166666666666667
"010519","0149",0.166666666666667
"010519","0321",0.166666666666667
"010519","0322",0.166666666666667
"010591","0143",0.166666666666667
"010591","0145",0.166666666666667
"010591","0146",0.166666666666667
"010591","0149",0.166666666666667
"010591","0321",0.166666666666667
"010591","0322",0.166666666666667
"010599","0143",0.166666666666667
"010599","0145",0.166666666666667
"010599","0146",0.166666666666667
"010599","0149",0.166666666666667
"010599","0321",0.166666666666667
"010599","0322",0.166666666666667
"010600","0143",0.166666666666667
"010600","0145",0.166666666666667
"010600","0146",0.166666666666667
"010600","0149",0.166666666666667
"010600","0321",0.166666666666667
"010600","0322",0.166666666666667
"020110","1010",1
"020120","1010",1
"020130","1010",1
"020210","1010",1
"020220","1010",1
"020230","1010",1
"020311","1010",1
"020312","1010",1
"020319","1010",1
"020321","1010",1
"020322","1010",1
"020329","1010",1
"020410","1010",1
"020421","1010",1
"020422","1010",1
"020423","1010",1
"020430","1010",1
"020441","1010",1
"020442","1010",1
"020443","1010",1
"020450","1010",1
"020500","1010",1
"020610","1010",1
"020621","1010",1
"020622","1010",1
"020629","1010",1
"020630","1010",1
"020641","1010",1
"020649","1010",1
"020680","1010",1
"020690","1010",1
"020710","1010",1
"020721","1010",1
"020722","1010",1
"020723","1010",1
"020731","1010",1
"020739","1010",1
"020741","1010",1
"020742","1010",1
"020743","1010",1
"020750","1010",1
"020810","1010",1
"020820","0143",0.166666666666667
"020820","0145",0.166666666666667
"020820","0146",0.166666666666667
"020820","0149",0.166666666666667
"020820","0321",0.166666666666667
"020820","0322",0.166666666666667
"020890","1010",1
"020900","1010",1
"021011","1010",1
"021012","1010",1
"021019","1010",1
"021020","1010",1
"021090","1010",1
"030110","0311",0.25
"030110","0312",0.25
"030110","0321",0.25
"030110","0322",0.25
"030191","0311",0.25
"030191","0312",0.25
"030191","0321",0.25
"030191","0322",0.25
"030192","0311",0.25
"030192","0312",0.25
"030192","0321",0.25
"030192","0322",0.25
"030193","0311",0.25
"030193","0312",0.25
"030193","0321",0.25
"030193","0322",0.25
"030199","0311",0.25
"030199","0312",0.25
"030199","0321",0.25
"030199","0322",0.25
"030211","0311",0.25
"030211","0312",0.25
"030211","0321",0.25
"030211","0322",0.25
"030212","0311",0.25
"030212","0312",0.25
"030212","0321",0.25
"030212","0322",0.25
"030219","0311",0.25
"030219","0312",0.25
"030219","0321",0.25
"030219","0322",0.25
"030221","0311",0.25
"030221","0312",0.25
"030221","0321",0.25
"030221","0322",0.25
"030222","0311",0.25
"030222","0312",0.25
"030222","0321",0.25
"030222","0322",0.25
"030223","0311",0.25
"030223","0312",0.25
"030223","0321",0.25
"030223","0322",0.25
"030229","0311",0.25
"030229","0312",0.25
"030229","0321",0.25
"030229","0322",0.25
"030231","0311",0.25
"030231","0312",0.25
"030231","0321",0.25
"030231","0322",0.25
"030232","0311",0.25
"030232","0312",0.25
"030232","0321",0.25
"030232","0322",0.25
"030233","0311",0.25
"030233","0312",0.25
"030233","0321",0.25
"030233","0322",0.25
"030239","0311",0.25
"030239","0312",0.25
"030239","0321",0.25
"030239","0322",0.25
"030240","0311",0.25
"030240","0312",0.25
"030240","0321",0.25
"030240","0322",0.25
"030250","0311",0.25
"030250","0312",0.25
"030250","0321",0.25
"030250","0322",0.25
"030261","0311",0.25
"030261","0312",0.25
"030261","0321",0.25
"030261","0322",0.25
"030262","0311",0.25
"030262","0312",0.25
"030262","0321",0.25
"030262","0322",0.25
"030263","0311",0.25
"030263","0312",0.25
"030263","0321",0.25
"030263","0322",0.25
"030264","0311",0.25
"030264","0312",0.25
"030264","0321",0.25
"030264","0322",0.25
"030265","0311",0.25
"030265","0312",0.25
"030265","0321",0.25
"030265","0322",0.25
"030266","0311",0.25
"030266","0312",0.25
"030266","0321",0.25
"030266","0322",0.25
"030269","0311",0.25
"030269","0312",0.25
"030269","0321",0.25
"030269","0322",0.25
"030270","1020",0.5
"030270","1075",0.5
"030310","1020",0.5
"030310","1075",0.5
"030321","1020",0.5
"030321","1075",0.5
"030322","1020",0.5
"030322","1075",0.5
"030329","1020",0.5
"030329","1075",0.5
"030331","1020",0.5
"030331","1075",0.5
"030332","1020",0.5
"030332","1075",0.5
"030333","1020",0.5
"030333","1075",0.5
"030339","1020",0.5
"030339","1075",0.5
"030341","1020",0.5
"030341","1075",0.5
"030342","1020",0.5
"030342","1075",0.5
"030343","1020",0.5
"030343","1075",0.5
"030349","1020",0.5
"030349","1075",0.5
"030350","1020",0.5
"030350","1075",0.5
"030360","1020",0.5
"030360","1075",0.5
"030371","1020",0.5
"030371","1075",0.5
"030372","1020",0.5
"030372","1075",0.5
"030373","1020",0.5
"030373","1075",0.5
"030374","1020",0.5
"030374","1075",0.5
"030375","1020",0.5
"030375","1075",0.5
"030376","1020",0.5
"030376","1075",0.5
"030377","1020",0.5
"030377","1075",0.5
"030378","1020",0.5
"030378","1075",0.5
"030379","1020",0.5
"030379","1075",0.5
"030380","1020",0.5
"030380","1075",0.5
"030410","1020",0.5
"030410","1075",0.5
"030420","1020",0.5
"030420","1075",0.5
"030490","1020",0.5
"030490","1075",0.5
"030510","1020",0.5
"030510","1075",0.5
"030520","1020",0.5
"030520","1075",0.5
"030530","1020",0.5
"030530","1075",0.5
"030541","1020",0.5
"030541","1075",0.5
"030542","1020",0.5
"030542","1075",0.5
"030549","1020",0.5
"030549","1075",0.5
"030551","1020",0.5
"030551","1075",0.5
"030559","1020",0.5
"030559","1075",0.5
"030561","1020",0.5
"030561","1075",0.5
"030562","1020",0.5
"030562","1075",0.5
"030563","1020",0.5
"030563","1075",0.5
"030569","1020",0.5
"030569","1075",0.5
"030611","1020",0.5
"030611","1075",0.5
"030612","1020",0.5
"030612","1075",0.5
"030613","1020",0.5
"030613","1075",0.5
"030614","1020",0.5
"030614","1075",0.5
"030619","1020",0.5
"030619","1075",0.5
"030621","0311",0.25
"030621","0312",0.25
"030621","0321",0.25
"030621","0322",0.25
"030622","0311",0.25
"030622","0312",0.25
"030622","0321",0.25
"030622","0322",0.25
"030623","0311",0.25
"030623","0312",0.25
"030623","0321",0.25
"030623","0322",0.25
"030624","0311",0.25
"030624","0312",0.25
"030624","0321",0.25
"030624","0322",0.25
"030629","0311",0.25
"030629","0312",0.25
"030629","0321",0.25
"030629","0322",0.25
"030710","0311",0.25
"030710","0312",0.25
"030710","0321",0.25
"030710","0322",0.25
"030721","0311",0.25
"030721","0312",0.25
"030721","0321",0.25
"030721","0322",0.25
"030729","1020",0.5
"030729","1075",0.5
"030731","0311",0.25
"030731","0312",0.25
"030731","0321",0.25
"030731","0322",0.25
"030739","1020",0.5
"030739","1075",0.5
"030741","0311",0.25
"030741","0312",0.25
"030741","0321",0.25
"030741","0322",0.25
"030749","1020",0.5
"030749","1075",0.5
"030751","0311",0.25
"030751","0312",0.25
"030751","0321",0.25
"030751","0322",0.25
"030759","1020",0.5
"030759","1075",0.5
"030760","0143",0.166666666666667
"030760","0145",0.166666666666667
"030760","0146",0.166666666666667
"030760","0149",0.166666666666667
"030760","0321",0.166666666666667
"030760","0322",0.166666666666667
"030791","0311",0.25
"030791","0312",0.25
"030791","0321",0.25
"030791","0322",0.25
"030799","1020",0.5
"030799","1075",0.5
"040110","1050",1
"040120","1050",1
"040130","1050",1
"040210","1050",1
"040221","1050",1
"040229","1050",1
"040291","1050",1
"040299","1050",1
"040310","1050",1
"040390","1050",1
"040410","1050",1
"040490","1050",1
"040500","1050",1
"040610","1050",1
"040620","1050",1
"040630","1050",1
"040640","1050",1
"040690","1050",1
"040700","0143",0.166666666666667
"040700","0145",0.166666666666667
"040700","0146",0.166666666666667
"040700","0149",0.166666666666667
"040700","0321",0.166666666666667
"040700","0322",0.166666666666667
"040811","1030",0.2
"040811","1071",0.2
"040811","1075",0.2
"040811","1079",0.2
"040811","3530",0.2
"040819","1030",0.2
"040819","1071",0.2
"040819","1075",0.2
"040819","1079",0.2
"040819","3530",0.2
"040891","1030",0.2
"040891","1071",0.2
"040891","1075",0.2
"040891","1079",0.2
"040891","3530",0.2
"040899","1030",0.2
"040899","1071",0.2
"040899","1075",0.2
"040899","1079",0.2
"040899","3530",0.2
"040900","0143",0.166666666666667
"040900","0145",0.166666666666667
"040900","0146",0.166666666666667
"040900","0149",0.166666666666667
"040900","0321",0.166666666666667
"040900","0322",0.166666666666667
"041000","0143",0.166666666666667
"041000","0145",0.166666666666667
"041000","0146",0.166666666666667
"041000","0149",0.166666666666667
"041000","0321",0.166666666666667
"041000","0322",0.166666666666667
"050100","9602",1
"050300","0143",0.166666666666667
"050300","0145",0.166666666666667
"050300","0146",0.166666666666667
"050300","0149",0.166666666666667
"050300","0321",0.166666666666667
"050300","0322",0.166666666666667
"050800","0311",0.25
"050800","0312",0.25
"050800","0321",0.25
"050800","0322",0.25
"050900","0311",0.25
"050900","0312",0.25
"050900","0321",0.25
"050900","0322",0.25
"051110","0141",0.333333333333333
"051110","0142",0.333333333333333
"051110","0144",0.333333333333333
"051191","1020",0.5
"051191","1075",0.5
"060110","0113",0.0714285714285714
"060110","0119",0.0714285714285714
"060110","0121",0.0714285714285714
"060110","0122",0.0714285714285714
"060110","0123",0.0714285714285714
"060110","0124",0.0714285714285714
"060110","0125",0.0714285714285714
"060110","0126",0.0714285714285714
"060110","0127",0.0714285714285714
"060110","0128",0.0714285714285714
"060110","0129",0.0714285714285714
"060110","0130",0.0714285714285714
"060110","0230",0.0714285714285714
"060110","1102",0.0714285714285714
"060120","0113",0.0714285714285714
"060120","0119",0.0714285714285714
"060120","0121",0.0714285714285714
"060120","0122",0.0714285714285714
"060120","0123",0.0714285714285714
"060120","0124",0.0714285714285714
"060120","0125",0.0714285714285714
"060120","0126",0.0714285714285714
"060120","0127",0.0714285714285714
"060120","0128",0.0714285714285714
"060120","0129",0.0714285714285714
"060120","0130",0.0714285714285714
"060120","0230",0.0714285714285714
"060120","1102",0.0714285714285714
"060210","0113",0.0714285714285714
"060210","0119",0.0714285714285714
"060210","0121",0.0714285714285714
"060210","0122",0.0714285714285714
"060210","0123",0.0714285714285714
"060210","0124",0.0714285714285714
"060210","0125",0.0714285714285714
"060210","0126",0.0714285714285714
"060210","0127",0.0714285714285714
"060210","0128",0.0714285714285714
"060210","0129",0.0714285714285714
"060210","0130",0.0714285714285714
"060210","0230",0.0714285714285714
"060210","1102",0.0714285714285714
"060220","0113",0.0714285714285714
"060220","0119",0.0714285714285714
"060220","0121",0.0714285714285714
"060220","0122",0.0714285714285714
"060220","0123",0.0714285714285714
"060220","0124",0.0714285714285714
"060220","0125",0.0714285714285714
"060220","0126",0.0714285714285714
"060220","0127",0.0714285714285714
"060220","0128",0.0714285714285714
"060220","0129",0.0714285714285714
"060220","0130",0.0714285714285714
"060220","0230",0.0714285714285714
"060220","1102",0.0714285714285714
"060230","0113",0.0714285714285714
"060230","0119",0.0714285714285714
"060230","0121",0.0714285714285714
"060230","0122",0.0714285714285714
"060230","0123",0.0714285714285714
"060230","0124",0.0714285714285714
"060230","0125",0.0714285714285714
"060230","0126",0.0714285714285714
"060230","0127",0.0714285714285714
"060230","0128",0.0714285714285714
"060230","0129",0.0714285714285714
"060230","0130",0.0714285714285714
"060230","0230",0.0714285714285714
"060230","1102",0.0714285714285714
"060240","0113",0.0714285714285714
"060240","0119",0.0714285714285714
"060240","0121",0.0714285714285714
"060240","0122",0.0714285714285714
"060240","0123",0.0714285714285714
"060240","0124",0.0714285714285714
"060240","0125",0.0714285714285714
"060240","0126",0.0714285714285714
"060240","0127",0.0714285714285714
"060240","0128",0.0714285714285714
"060240","0129",0.0714285714285714
"060240","0130",0.0714285714285714
"060240","0230",0.0714285714285714
"060240","1102",0.0714285714285714
"060291","0113",0.0714285714285714
"060291","0119",0.0714285714285714
"060291","0121",0.0714285714285714
"060291","0122",0.0714285714285714
"060291","0123",0.0714285714285714
"060291","0124",0.0714285714285714
"060291","0125",0.0714285714285714
"060291","0126",0.0714285714285714
"060291","0127",0.0714285714285714
"060291","0128",0.0714285714285714
"060291","0129",0.0714285714285714
"060291","0130",0.0714285714285714
"060291","0230",0.0714285714285714
"060291","1102",0.0714285714285714
"060299","0113",0.0714285714285714
"060299","0119",0.0714285714285714
"060299","0121",0.0714285714285714
"060299","0122",0.0714285714285714
"060299","0123",0.0714285714285714
"060299","0124",0.0714285714285714
"060299","0125",0.0714285714285714
"060299","0126",0.0714285714285714
"060299","0127",0.0714285714285714
"060299","0128",0.0714285714285714
"060299","0129",0.0714285714285714
"060299","0130",0.0714285714285714
"060299","0230",0.0714285714285714
"060299","1102",0.0714285714285714
"060310","0113",0.0714285714285714
"060310","0119",0.0714285714285714
"060310","0121",0.0714285714285714
"060310","0122",0.0714285714285714
"060310","0123",0.0714285714285714
"060310","0124",0.0714285714285714
"060310","0125",0.0714285714285714
"060310","0126",0.0714285714285714
"060310","0127",0.0714285714285714
"060310","0128",0.0714285714285714
"060310","0129",0.0714285714285714
"060310","0130",0.0714285714285714
"060310","0230",0.0714285714285714
"060310","1102",0.0714285714285714
"060390","0113",0.0714285714285714
"060390","0119",0.0714285714285714
"060390","0121",0.0714285714285714
"060390","0122",0.0714285714285714
"060390","0123",0.0714285714285714
"060390","0124",0.0714285714285714
"060390","0125",0.0714285714285714
"060390","0126",0.0714285714285714
"060390","0127",0.0714285714285714
"060390","0128",0.0714285714285714
"060390","0129",0.0714285714285714
"060390","0130",0.0714285714285714
"060390","0230",0.0714285714285714
"060390","1102",0.0714285714285714
"060410","0121",0.0666666666666667
"060410","0122",0.0666666666666667
"060410","0123",0.0666666666666667
"060410","0124",0.0666666666666667
"060410","0125",0.0666666666666667
"060410","0126",0.0666666666666667
"060410","0127",0.0666666666666667
"060410","0128",0.0666666666666667
"060410","0129",0.0666666666666667
"060410","0130",0.0666666666666667
"060410","0210",0.0666666666666667
"060410","0220",0.0666666666666667
"060410","0230",0.0666666666666667
"060410","0240",0.0666666666666667
"060410","1102",0.0666666666666667
"060491","0121",0.0666666666666667
"060491","0122",0.0666666666666667
"060491","0123",0.0666666666666667
"060491","0124",0.0666666666666667
"060491","0125",0.0666666666666667
"060491","0126",0.0666666666666667
"060491","0127",0.0666666666666667
"060491","0128",0.0666666666666667
"060491","0129",0.0666666666666667
"060491","0130",0.0666666666666667
"060491","0210",0.0666666666666667
"060491","0220",0.0666666666666667
"060491","0230",0.0666666666666667
"060491","0240",0.0666666666666667
"060491","1102",0.0666666666666667
"060499","0121",0.0666666666666667
"060499","0122",0.0666666666666667
"060499","0123",0.0666666666666667
"060499","0124",0.0666666666666667
"060499","0125",0.0666666666666667
"060499","0126",0.0666666666666667
"060499","0127",0.0666666666666667
"060499","0128",0.0666666666666667
"060499","0129",0.0666666666666667
"060499","0130",0.0666666666666667
"060499","0210",0.0666666666666667
"060499","0220",0.0666666666666667
"060499","0230",0.0666666666666667
"060499","0240",0.0666666666666667
"060499","1102",0.0666666666666667
"070110","0111",0.0909090909090909
"070110","0112",0.0909090909090909
"070110","0113",0.0909090909090909
"070110","0114",0.0909090909090909
"070110","0115",0.0909090909090909
"070110","0116",0.0909090909090909
"070110","0119",0.0909090909090909
"070110","0126",0.0909090909090909
"070110","0128",0.0909090909090909
"070110","0129",0.0909090909090909
"070110","0163",0.0909090909090909
"070190","0111",0.0909090909090909
"070190","0112",0.0909090909090909
"070190","0113",0.0909090909090909
"070190","0114",0.0909090909090909
"070190","0115",0.0909090909090909
"070190","0116",0.0909090909090909
"070190","0119",0.0909090909090909
"070190","0126",0.0909090909090909
"070190","0128",0.0909090909090909
"070190","0129",0.0909090909090909
"070190","0163",0.0909090909090909
"070200","0113",0.0714285714285714
"070200","0119",0.0714285714285714
"070200","0121",0.0714285714285714
"070200","0122",0.0714285714285714
"070200","0123",0.0714285714285714
"070200","0124",0.0714285714285714
"070200","0125",0.0714285714285714
"070200","0126",0.0714285714285714
"070200","0127",0.0714285714285714
"070200","0128",0.0714285714285714
"070200","0129",0.0714285714285714
"070200","0130",0.0714285714285714
"070200","0230",0.0714285714285714
"070200","1102",0.0714285714285714
"070310","0113",0.0714285714285714
"070310","0119",0.0714285714285714
"070310","0121",0.0714285714285714
"070310","0122",0.0714285714285714
"070310","0123",0.0714285714285714
"070310","0124",0.0714285714285714
"070310","0125",0.0714285714285714
"070310","0126",0.0714285714285714
"070310","0127",0.0714285714285714
"070310","0128",0.0714285714285714
"070310","0129",0.0714285714285714
"070310","0130",0.0714285714285714
"070310","0230",0.0714285714285714
"070310","1102",0.0714285714285714
"070320","0113",0.0714285714285714
"070320","0119",0.0714285714285714
"070320","0121",0.0714285714285714
"070320","0122",0.0714285714285714
"070320","0123",0.0714285714285714
"070320","0124",0.0714285714285714
"070320","0125",0.0714285714285714
"070320","0126",0.0714285714285714
"070320","0127",0.0714285714285714
"070320","0128",0.0714285714285714
"070320","0129",0.0714285714285714
"070320","0130",0.0714285714285714
"070320","0230",0.0714285714285714
"070320","1102",0.0714285714285714
"070390","0113",0.0714285714285714
"070390","0119",0.0714285714285714
"070390","0121",0.0714285714285714
"070390","0122",0.0714285714285714
"070390","0123",0.0714285714285714
"070390","0124",0.0714285714285714
"070390","0125",0.0714285714285714
"070390","0126",0.0714285714285714
"070390","0127",0.0714285714285714
"070390","0128",0.0714285714285714
"070390","0129",0.0714285714285714
"070390","0130",0.0714285714285714
"070390","0230",0.0714285714285714
"070390","1102",0.0714285714285714
"070410","0113",0.0714285714285714
"070410","0119",0.0714285714285714
"070410","0121",0.0714285714285714
"070410","0122",0.0714285714285714
"070410","0123",0.0714285714285714
"070410","0124",0.0714285714285714
"070410","0125",0.0714285714285714
"070410","0126",0.0714285714285714
"070410","0127",0.0714285714285714
"070410","0128",0.0714285714285714
"070410","0129",0.0714285714285714
"070410","0130",0.0714285714285714
"070410","0230",0.0714285714285714
"070410","1102",0.0714285714285714
"070420","0113",0.0714285714285714
"070420","0119",0.0714285714285714
"070420","0121",0.0714285714285714
"070420","0122",0.0714285714285714
"070420","0123",0.0714285714285714
"070420","0124",0.0714285714285714
"070420","0125",0.0714285714285714
"070420","0126",0.0714285714285714
"070420","0127",0.0714285714285714
"070420","0128",0.0714285714285714
"070420","0129",0.0714285714285714
"070420","0130",0.0714285714285714
"070420","0230",0.0714285714285714
"070420","1102",0.0714285714285714
"070490","0113",0.0714285714285714
"070490","0119",0.0714285714285714
"070490","0121",0.0714285714285714
"070490","0122",0.0714285714285714
"070490","0123",0.0714285714285714
"070490","0124",0.0714285714285714
"070490","0125",0.0714285714285714
"070490","0126",0.0714285714285714
"070490","0127",0.0714285714285714
"070490","0128",0.0714285714285714
"070490","0129",0.0714285714285714
"070490","0130",0.0714285714285714
"070490","0230",0.0714285714285714
"070490","1102",0.0714285714285714
"070511","0113",0.0714285714285714
"070511","0119",0.0714285714285714
"070511","0121",0.0714285714285714
"070511","0122",0.0714285714285714
"070511","0123",0.0714285714285714
"070511","0124",0.0714285714285714
"070511","0125",0.0714285714285714
"070511","0126",0.0714285714285714
"070511","0127",0.0714285714285714
"070511","0128",0.0714285714285714
"070511","0129",0.0714285714285714
"070511","0130",0.0714285714285714
"070511","0230",0.0714285714285714
"070511","1102",0.0714285714285714
"070519","0113",0.0714285714285714
"070519","0119",0.0714285714285714
"070519","0121",0.0714285714285714
"070519","0122",0.0714285714285714
"070519","0123",0.0714285714285714
"070519","0124",0.0714285714285714
"070519","0125",0.0714285714285714
"070519","0126",0.0714285714285714
"070519","0127",0.0714285714285714
"070519","0128",0.0714285714285714
"070519","0129",0.0714285714285714
"070519","0130",0.0714285714285714
"070519","0230",0.0714285714285714
"070519","1102",0.0714285714285714
"070521","0113",0.0714285714285714
"070521","0119",0.0714285714285714
"070521","0121",0.0714285714285714
"070521","0122",0.0714285714285714
"070521","0123",0.0714285714285714
"070521","0124",0.0714285714285714
"070521","0125",0.0714285714285714
"070521","0126",0.0714285714285714
"070521","0127",0.0714285714285714
"070521","0128",0.0714285714285714
"070521","0129",0.0714285714285714
"070521","0130",0.0714285714285714
"070521","0230",0.0714285714285714
"070521","1102",0.0714285714285714
"070529","0113",0.0714285714285714
"070529","0119",0.0714285714285714
"070529","0121",0.0714285714285714
"070529","0122",0.0714285714285714
"070529","0123",0.0714285714285714
"070529","0124",0.0714285714285714
"070529","0125",0.0714285714285714
"070529","0126",0.0714285714285714
"070529","0127",0.0714285714285714
"070529","0128",0.0714285714285714
"070529","0129",0.0714285714285714
"070529","0130",0.0714285714285714
"070529","0230",0.0714285714285714
"070529","1102",0.0714285714285714
"070610","0113",0.0714285714285714
"070610","0119",0.0714285714285714
"070610","0121",0.0714285714285714
"070610","0122",0.0714285714285714
"070610","0123",0.0714285714285714
"070610","0124",0.0714285714285714
"070610","0125",0.0714285714285714
"070610","0126",0.0714285714285714
"070610","0127",0.0714285714285714
"070610","0128",0.0714285714285714
"070610","0129",0.0714285714285714
"070610","0130",0.0714285714285714
"070610","0230",0.0714285714285714
"070610","1102",0.0714285714285714
"070690","0113",0.0714285714285714
"070690","0119",0.0714285714285714
"070690","0121",0.0714285714285714
"070690","0122",0.0714285714285714
"070690","0123",0.0714285714285714
"070690","0124",0.0714285714285714
"070690","0125",0.0714285714285714
"070690","0126",0.0714285714285714
"070690","0127",0.0714285714285714
"070690","0128",0.0714285714285714
"070690","0129",0.0714285714285714
"070690","0130",0.0714285714285714
"070690","0230",0.0714285714285714
"070690","1102",0.0714285714285714
"070700","0113",0.0714285714285714
"070700","0119",0.0714285714285714
"070700","0121",0.0714285714285714
"070700","0122",0.0714285714285714
"070700","0123",0.0714285714285714
"070700","0124",0.0714285714285714
"070700","0125",0.0714285714285714
"070700","0126",0.0714285714285714
"070700","0127",0.0714285714285714
"070700","0128",0.0714285714285714
"070700","0129",0.0714285714285714
"070700","0130",0.0714285714285714
"070700","0230",0.0714285714285714
"070700","1102",0.0714285714285714
"070810","0113",0.0714285714285714
"070810","0119",0.0714285714285714
"070810","0121",0.0714285714285714
"070810","0122",0.0714285714285714
"070810","0123",0.0714285714285714
"070810","0124",0.0714285714285714
"070810","0125",0.0714285714285714
"070810","0126",0.0714285714285714
"070810","0127",0.0714285714285714
"070810","0128",0.0714285714285714
"070810","0129",0.0714285714285714
"070810","0130",0.0714285714285714
"070810","0230",0.0714285714285714
"070810","1102",0.0714285714285714
"070820","0113",0.0714285714285714
"070820","0119",0.0714285714285714
"070820","0121",0.0714285714285714
"070820","0122",0.0714285714285714
"070820","0123",0.0714285714285714
"070820","0124",0.0714285714285714
"070820","0125",0.0714285714285714
"070820","0126",0.0714285714285714
"070820","0127",0.0714285714285714
"070820","0128",0.0714285714285714
"070820","0129",0.0714285714285714
"070820","0130",0.0714285714285714
"070820","0230",0.0714285714285714
"070820","1102",0.0714285714285714
"070890","0113",0.0714285714285714
"070890","0119",0.0714285714285714
"070890","0121",0.0714285714285714
"070890","0122",0.0714285714285714
"070890","0123",0.0714285714285714
"070890","0124",0.0714285714285714
"070890","0125",0.0714285714285714
"070890","0126",0.0714285714285714
"070890","0127",0.0714285714285714
"070890","0128",0.0714285714285714
"070890","0129",0.0714285714285714
"070890","0130",0.0714285714285714
"070890","0230",0.0714285714285714
"070890","1102",0.0714285714285714
"070910","0113",0.0714285714285714
"070910","0119",0.0714285714285714
"070910","0121",0.0714285714285714
"070910","0122",0.0714285714285714
"070910","0123",0.0714285714285714
"070910","0124",0.0714285714285714
"070910","0125",0.0714285714285714
"070910","0126",0.0714285714285714
"070910","0127",0.0714285714285714
"070910","0128",0.0714285714285714
"070910","0129",0.0714285714285714
"070910","0130",0.0714285714285714
"070910","0230",0.0714285714285714
"070910","1102",0.0714285714285714
"070920","0113",0.0714285714285714
"070920","0119",0.0714285714285714
"070920","0121",0.0714285714285714
"070920","0122",0.0714285714285714
"070920","0123",0.0714285714285714
"070920","0124",0.0714285714285714
"070920","0125",0.0714285714285714
"070920","0126",0.0714285714285714
"070920","0127",0.0714285714285714
"070920","0128",0.0714285714285714
"070920","0129",0.0714285714285714
"070920","0130",0.0714285714285714
"070920","0230",0.0714285714285714
"070920","1102",0.0714285714285714
"070930","0113",0.0714285714285714
"070930","0119",0.0714285714285714
"070930","0121",0.0714285714285714
"070930","0122",0.0714285714285714
"070930","0123",0.0714285714285714
"070930","0124",0.0714285714285714
"070930","0125",0.0714285714285714
"070930","0126",0.0714285714285714
"070930","0127",0.0714285714285714
"070930","0128",0.0714285714285714
"070930","0129",0.0714285714285714
"070930","0130",0.0714285714285714
"070930","0230",0.0714285714285714
"070930","1102",0.0714285714285714
"070940","0113",0.0714285714285714
"070940","0119",0.0714285714285714
"070940","0121",0.0714285714285714
"070940","0122",0.0714285714285714
"070940","0123",0.0714285714285714
"070940","0124",0.0714285714285714
"070940","0125",0.0714285714285714
"070940","0126",0.0714285714285714
"070940","0127",0.0714285714285714
"070940","0128",0.0714285714285714
"070940","0129",0.0714285714285714
"070940","0130",0.0714285714285714
"070940","0230",0.0714285714285714
"070940","1102",0.0714285714285714
"070951","0113",0.0714285714285714
"070951","0119",0.0714285714285714
"070951","0121",0.0714285714285714
"070951","0122",0.0714285714285714
"070951","0123",0.0714285714285714
"070951","0124",0.0714285714285714
"070951","0125",0.0714285714285714
"070951","0126",0.0714285714285714
"070951","0127",0.0714285714285714
"070951","0128",0.0714285714285714
"070951","0129",0.0714285714285714
"070951","0130",0.0714285714285714
"070951","0230",0.0714285714285714
"070951","1102",0.0714285714285714
"070952","0113",0.0714285714285714
"070952","0119",0.0714285714285714
"070952","0121",0.0714285714285714
"070952","0122",0.0714285714285714
"070952","0123",0.0714285714285714
"070952","0124",0.0714285714285714
"070952","0125",0.0714285714285714
"070952","0126",0.0714285714285714
"070952","0127",0.0714285714285714
"070952","0128",0.0714285714285714
"070952","0129",0.0714285714285714
"070952","0130",0.0714285714285714
"070952","0230",0.0714285714285714
"070952","1102",0.0714285714285714
"070960","0113",0.0714285714285714
"070960","0119",0.0714285714285714
"070960","0121",0.0714285714285714
"070960","0122",0.0714285714285714
"070960","0123",0.0714285714285714
"070960","0124",0.0714285714285714
"070960","0125",0.0714285714285714
"070960","0126",0.0714285714285714
"070960","0127",0.0714285714285714
"070960","0128",0.0714285714285714
"070960","0129",0.0714285714285714
"070960","0130",0.0714285714285714
"070960","0230",0.0714285714285714
"070960","1102",0.0714285714285714
"070970","0113",0.0714285714285714
"070970","0119",0.0714285714285714
"070970","0121",0.0714285714285714
"070970","0122",0.0714285714285714
"070970","0123",0.0714285714285714
"070970","0124",0.0714285714285714
"070970","0125",0.0714285714285714
"070970","0126",0.0714285714285714
"070970","0127",0.0714285714285714
"070970","0128",0.0714285714285714
"070970","0129",0.0714285714285714
"070970","0130",0.0714285714285714
"070970","0230",0.0714285714285714
"070970","1102",0.0714285714285714
"070990","0113",0.0714285714285714
"070990","0119",0.0714285714285714
"070990","0121",0.0714285714285714
"070990","0122",0.0714285714285714
"070990","0123",0.0714285714285714
"070990","0124",0.0714285714285714
"070990","0125",0.0714285714285714
"070990","0126",0.0714285714285714
"070990","0127",0.0714285714285714
"070990","0128",0.0714285714285714
"070990","0129",0.0714285714285714
"070990","0130",0.0714285714285714
"070990","0230",0.0714285714285714
"070990","1102",0.0714285714285714
"071010","1030",0.5
"071010","1075",0.5
"071021","1030",0.5
"071021","1075",0.5
"071022","1030",0.5
"071022","1075",0.5
"071029","1030",0.5
"071029","1075",0.5
"071030","1030",0.5
"071030","1075",0.5
"071040","1030",0.5
"071040","1075",0.5
"071080","1030",0.5
"071080","1075",0.5
"071090","1030",0.5
"071090","1075",0.5
"071110","1030",0.5
"071110","1075",0.5
"071120","1030",0.5
"071120","1075",0.5
"071130","1030",0.5
"071130","1075",0.5
"071140","1030",0.5
"071140","1075",0.5
"071190","1030",0.5
"071190","1075",0.5
"071210","1030",0.5
"071210","1075",0.5
"071220","1030",0.5
"071220","1075",0.5
"071230","1030",0.5
"071230","1075",0.5
"071290","1030",0.5
"071290","1075",0.5
"071310","0111",0.0909090909090909
"071310","0112",0.0909090909090909
"071310","0113",0.0909090909090909
"071310","0114",0.0909090909090909
"071310","0115",0.0909090909090909
"071310","0116",0.0909090909090909
"071310","0119",0.0909090909090909
"071310","0126",0.0909090909090909
"071310","0128",0.0909090909090909
"071310","0129",0.0909090909090909
"071310","0163",0.0909090909090909
"071320","0111",0.0909090909090909
"071320","0112",0.0909090909090909
"071320","0113",0.0909090909090909
"071320","0114",0.0909090909090909
"071320","0115",0.0909090909090909
"071320","0116",0.0909090909090909
"071320","0119",0.0909090909090909
"071320","0126",0.0909090909090909
"071320","0128",0.0909090909090909
"071320","0129",0.0909090909090909
"071320","0163",0.0909090909090909
"071331","0111",0.0909090909090909
"071331","0112",0.0909090909090909
"071331","0113",0.0909090909090909
"071331","0114",0.0909090909090909
"071331","0115",0.0909090909090909
"071331","0116",0.0909090909090909
"071331","0119",0.0909090909090909
"071331","0126",0.0909090909090909
"071331","0128",0.0909090909090909
"071331","0129",0.0909090909090909
"071331","0163",0.0909090909090909
"071332","0111",0.0909090909090909
"071332","0112",0.0909090909090909
"071332","0113",0.0909090909090909
"071332","0114",0.0909090909090909
"071332","0115",0.0909090909090909
"071332","0116",0.0909090909090909
"071332","0119",0.0909090909090909
"071332","0126",0.0909090909090909
"071332","0128",0.0909090909090909
"071332","0129",0.0909090909090909
"071332","0163",0.0909090909090909
"071333","0111",0.0909090909090909
"071333","0112",0.0909090909090909
"071333","0113",0.0909090909090909
"071333","0114",0.0909090909090909
"071333","0115",0.0909090909090909
"071333","0116",0.0909090909090909
"071333","0119",0.0909090909090909
"071333","0126",0.0909090909090909
"071333","0128",0.0909090909090909
"071333","0129",0.0909090909090909
"071333","0163",0.0909090909090909
"071339","0111",0.0909090909090909
"071339","0112",0.0909090909090909
"071339","0113",0.0909090909090909
"071339","0114",0.0909090909090909
"071339","0115",0.0909090909090909
"071339","0116",0.0909090909090909
"071339","0119",0.0909090909090909
"071339","0126",0.0909090909090909
"071339","0128",0.0909090909090909
"071339","0129",0.0909090909090909
"071339","0163",0.0909090909090909
"071340","0111",0.0909090909090909
"071340","0112",0.0909090909090909
"071340","0113",0.0909090909090909
"071340","0114",0.0909090909090909
"071340","0115",0.0909090909090909
"071340","0116",0.0909090909090909
"071340","0119",0.0909090909090909
"071340","0126",0.0909090909090909
"071340","0128",0.0909090909090909
"071340","0129",0.0909090909090909
"071340","0163",0.0909090909090909
"071350","0111",0.0909090909090909
"071350","0112",0.0909090909090909
"071350","0113",0.0909090909090909
"071350","0114",0.0909090909090909
"071350","0115",0.0909090909090909
"071350","0116",0.0909090909090909
"071350","0119",0.0909090909090909
"071350","0126",0.0909090909090909
"071350","0128",0.0909090909090909
"071350","0129",0.0909090909090909
"071350","0163",0.0909090909090909
"071390","0111",0.0909090909090909
"071390","0112",0.0909090909090909
"071390","0113",0.0909090909090909
"071390","0114",0.0909090909090909
"071390","0115",0.0909090909090909
"071390","0116",0.0909090909090909
"071390","0119",0.0909090909090909
"071390","0126",0.0909090909090909
"071390","0128",0.0909090909090909
"071390","0129",0.0909090909090909
"071390","0163",0.0909090909090909
"071410","0111",0.0909090909090909
"071410","0112",0.0909090909090909
"071410","0113",0.0909090909090909
"071410","0114",0.0909090909090909
"071410","0115",0.0909090909090909
"071410","0116",0.0909090909090909
"071410","0119",0.0909090909090909
"071410","0126",0.0909090909090909
"071410","0128",0.0909090909090909
"071410","0129",0.0909090909090909
"071410","0163",0.0909090909090909
"071420","0111",0.0909090909090909
"071420","0112",0.0909090909090909
"071420","0113",0.0909090909090909
"071420","0114",0.0909090909090909
"071420","0115",0.0909090909090909
"071420","0116",0.0909090909090909
"071420","0119",0.0909090909090909
"071420","0126",0.0909090909090909
"071420","0128",0.0909090909090909
"071420","0129",0.0909090909090909
"071420","0163",0.0909090909090909
"071490","0111",0.0909090909090909
"071490","0112",0.0909090909090909
"071490","0113",0.0909090909090909
"071490","0114",0.0909090909090909
"071490","0115",0.0909090909090909
"071490","0116",0.0909090909090909
"071490","0119",0.0909090909090909
"071490","0126",0.0909090909090909
"071490","0128",0.0909090909090909
"071490","0129",0.0909090909090909
"071490","0163",0.0909090909090909
"080110","0121",0.1
"080110","0122",0.1
"080110","0123",0.1
"080110","0124",0.1
"080110","0125",0.1
"080110","0126",0.1
"080110","0127",0.1
"080110","0128",0.1
"080110","0230",0.1
"080110","1102",0.1
"080120","0121",0.1
"080120","0122",0.1
"080120","0123",0.1
"080120","0124",0.1
"080120","0125",0.1
"080120","0126",0.1
"080120","0127",0.1
"080120","0128",0.1
"080120","0230",0.1
"080120","1102",0.1
"080130","0121",0.1
"080130","0122",0.1
"080130","0123",0.1
"080130","0124",0.1
"080130","0125",0.1
"080130","0126",0.1
"080130","0127",0.1
"080130","0128",0.1
"080130","0230",0.1
"080130","1102",0.1
"080211","0121",0.1
"080211","0122",0.1
"080211","0123",0.1
"080211","0124",0.1
"080211","0125",0.1
"080211","0126",0.1
"080211","0127",0.1
"080211","0128",0.1
"080211","0230",0.1
"080211","1102",0.1
"080212","0121",0.1
"080212","0122",0.1
"080212","0123",0.1
"080212","0124",0.1
"080212","0125",0.1
"080212","0126",0.1
"080212","0127",0.1
"080212","0128",0.1
"080212","0230",0.1
"080212","1102",0.1
"080221","0121",0.1
"080221","0122",0.1
"080221","0123",0.1
"080221","0124",0.1
"080221","0125",0.1
"080221","0126",0.1
"080221","0127",0.1
"080221","0128",0.1
"080221","0230",0.1
"080221","1102",0.1
"080222","0121",0.1
"080222","0122",0.1
"080222","0123",0.1
"080222","0124",0.1
"080222","0125",0.1
"080222","0126",0.1
"080222","0127",0.1
"080222","0128",0.1
"080222","0230",0.1
"080222","1102",0.1
"080231","0121",0.1
"080231","0122",0.1
"080231","0123",0.1
"080231","0124",0.1
"080231","0125",0.1
"080231","0126",0.1
"080231","0127",0.1
"080231","0128",0.1
"080231","0230",0.1
"080231","1102",0.1
"080232","0121",0.1
"080232","0122",0.1
"080232","0123",0.1
"080232","0124",0.1
"080232","0125",0.1
"080232","0126",0.1
"080232","0127",0.1
"080232","0128",0.1
"080232","0230",0.1
"080232","1102",0.1
"080240","0121",0.1
"080240","0122",0.1
"080240","0123",0.1
"080240","0124",0.1
"080240","0125",0.1
"080240","0126",0.1
"080240","0127",0.1
"080240","0128",0.1
"080240","0230",0.1
"080240","1102",0.1
"080250","0121",0.1
"080250","0122",0.1
"080250","0123",0.1
"080250","0124",0.1
"080250","0125",0.1
"080250","0126",0.1
"080250","0127",0.1
"080250","0128",0.1
"080250","0230",0.1
"080250","1102",0.1
"080290","0121",0.1
"080290","0122",0.1
"080290","0123",0.1
"080290","0124",0.1
"080290","0125",0.1
"080290","0126",0.1
"080290","0127",0.1
"080290","0128",0.1
"080290","0230",0.1
"080290","1102",0.1
"080300","0121",0.1
"080300","0122",0.1
"080300","0123",0.1
"080300","0124",0.1
"080300","0125",0.1
"080300","0126",0.1
"080300","0127",0.1
"080300","0128",0.1
"080300","0230",0.1
"080300","1102",0.1
"080410","0121",0.1
"080410","0122",0.1
"080410","0123",0.1
"080410","0124",0.1
"080410","0125",0.1
"080410","0126",0.1
"080410","0127",0.1
"080410","0128",0.1
"080410","0230",0.1
"080410","1102",0.1
"080420","0121",0.1
"080420","0122",0.1
"080420","0123",0.1
"080420","0124",0.1
"080420","0125",0.1
"080420","0126",0.1
"080420","0127",0.1
"080420","0128",0.1
"080420","0230",0.1
"080420","1102",0.1
"080430","0121",0.1
"080430","0122",0.1
"080430","0123",0.1
"080430","0124",0.1
"080430","0125",0.1
"080430","0126",0.1
"080430","0127",0.1
"080430","0128",0.1
"080430","0230",0.1
"080430","1102",0.1
"080440","0121",0.1
"080440","0122",0.1
"080440","0123",0.1
"080440","0124",0.1
"080440","0125",0.1
"080440","0126",0.1
"080440","0127",0.1
"080440","0128",0.1
"080440","0230",0.1
"080440","1102",0.1
"080450","0121",0.1
"080450","0122",0.1
"080450","0123",0.1
"080450","0124",0.1
"080450","0125",0.1
"080450","0126",0.1
"080450","0127",0.1
"080450","0128",0.1
"080450","0230",0.1
"080450","1102",0.1
"080510","0121",0.1
"080510","0122",0.1
"080510","0123",0.1
"080510","0124",0.1
"080510","0125",0.1
"080510","0126",0.1
"080510","0127",0.1
"080510","0128",0.1
"080510","0230",0.1
"080510","1102",0.1
"080520","0121",0.1
"080520","0122",0.1
"080520","0123",0.1
"080520","0124",0.1
"080520","0125",0.1
"080520","0126",0.1
"080520","0127",0.1
"080520","0128",0.1
"080520","0230",0.1
"080520","1102",0.1
"080530","0121",0.1
"080530","0122",0.1
"080530","0123",0.1
"080530","0124",0.1
"080530","0125",0.1
"080530","0126",0.1
"080530","0127",0.1
"080530","0128",0.1
"080530","0230",0.1
"080530","1102",0.1
"080540","0121",0.1
"080540","0122",0.1
"080540","0123",0.1
"080540","0124",0.1
"080540","0125",0.1
"080540","0126",0.1
"080540","0127",0.1
"080540","0128",0.1
"080540","0230",0.1
"080540","1102",0.1
"080590","0121",0.1
"080590","0122",0.1
"080590","0123",0.1
"080590","0124",0.1
"080590","0125",0.1
"080590","0126",0.1
"080590","0127",0.1
"080590","0128",0.1
"080590","0230",0.1
"080590","1102",0.1
"080610","0121",0.1
"080610","0122",0.1
"080610","0123",0.1
"080610","0124",0.1
"080610","0125",0.1
"080610","0126",0.1
"080610","0127",0.1
"080610","0128",0.1
"080610","0230",0.1
"080610","1102",0.1
"080620","0121",0.1
"080620","0122",0.1
"080620","0123",0.1
"080620","0124",0.1
"080620","0125",0.1
"080620","0126",0.1
"080620","0127",0.1
"080620","0128",0.1
"080620","0230",0.1
"080620","1102",0.1
"080710","0121",0.1
"080710","0122",0.1
"080710","0123",0.1
"080710","0124",0.1
"080710","0125",0.1
"080710","0126",0.1
"080710","0127",0.1
"080710","0128",0.1
"080710","0230",0.1
"080710","1102",0.1
"080720","0121",0.1
"080720","0122",0.1
"080720","0123",0.1
"080720","0124",0.1
"080720","0125",0.1
"080720","0126",0.1
"080720","0127",0.1
"080720","0128",0.1
"080720","0230",0.1
"080720","1102",0.1
"080810","0121",0.1
"080810","0122",0.1
"080810","0123",0.1
"080810","0124",0.1
"080810","0125",0.1
"080810","0126",0.1
"080810","0127",0.1
"080810","0128",0.1
"080810","0230",0.1
"080810","1102",0.1
"080820","0121",0.1
"080820","0122",0.1
"080820","0123",0.1
"080820","0124",0.1
"080820","0125",0.1
"080820","0126",0.1
"080820","0127",0.1
"080820","0128",0.1
"080820","0230",0.1
"080820","1102",0.1
"080910","0121",0.1
"080910","0122",0.1
"080910","0123",0.1
"080910","0124",0.1
"080910","0125",0.1
"080910","0126",0.1
"080910","0127",0.1
"080910","0128",0.1
"080910","0230",0.1
"080910","1102",0.1
"080920","0121",0.1
"080920","0122",0.1
"080920","0123",0.1
"080920","0124",0.1
"080920","0125",0.1
"080920","0126",0.1
"080920","0127",0.1
"080920","0128",0.1
"080920","0230",0.1
"080920","1102",0.1
"080930","0121",0.1
"080930","0122",0.1
"080930","0123",0.1
"080930","0124",0.1
"080930","0125",0.1
"080930","0126",0.1
"080930","0127",0.1
"080930","0128",0.1
"080930","0230",0.1
"080930","1102",0.1
"080940","0121",0.1
"080940","0122",0.1
"080940","0123",0.1
"080940","0124",0.1
"080940","0125",0.1
"080940","0126",0.1
"080940","0127",0.1
"080940","0128",0.1
"080940","0230",0.1
"080940","1102",0.1
"081010","0121",0.1
"081010","0122",0.1
"081010","0123",0.1
"081010","0124",0.1
"081010","0125",0.1
"081010","0126",0.1
"081010","0127",0.1
"081010","0128",0.1
"081010","0230",0.1
"081010","1102",0.1
"081020","0121",0.1
"081020","0122",0.1
"081020","0123",0.1
"081020","0124",0.1
"081020","0125",0.1
"081020","0126",0.1
"081020","0127",0.1
"081020","0128",0.1
"081020","0230",0.1
"081020","1102",0.1
"081030","0121",0.1
"081030","0122",0.1
"081030","0123",0.1
"081030","0124",0.1
"081030","0125",0.1
"081030","0126",0.1
"081030","0127",0.1
"081030","0128",0.1
"081030","0230",0.1
"081030","1102",0.1
"081040","0121",0.1
"081040","0122",0.1
"081040","0123",0.1
"081040","0124",0.1
"081040","0125",0.1
"081040","0126",0.1
"081040","0127",0.1
"081040","0128",0.1
"081040","0230",0.1
"081040","1102",0.1
"081090","0121",0.1
"081090","0122",0.1
"081090","0123",0.1
"081090","0124",0.1
"081090","0125",0.1
"081090","0126",0.1
"081090","0127",0.1
"081090","0128",0.1
"081090","0230",0.1
"081090","1102",0.1
"081110","1030",0.5
"081110","1075",0.5
"081120","1030",0.5
"081120","1075",0.5
"081190","1030",0.5
"081190","1075",0.5
"081210","1030",0.5
"081210","1075",0.5
"081220","1030",0.5
"081220","1075",0.5
"081290","1030",0.5
"081290","1075",0.5
"081310","0121",0.1
"081310","0122",0.1
"081310","0123",0.1
"081310","0124",0.1
"081310","0125",0.1
"081310","0126",0.1
"081310","0127",0.1
"081310","0128",0.1
"081310","0230",0.1
"081310","1102",0.1
"081320","0121",0.1
"081320","0122",0.1
"081320","0123",0.1
"081320","0124",0.1
"081320","0125",0.1
"081320","0126",0.1
"081320","0127",0.1
"081320","0128",0.1
"081320","0230",0.1
"081320","1102",0.1
"081330","0121",0.1
"081330","0122",0.1
"081330","0123",0.1
"081330","0124",0.1
"081330","0125",0.1
"081330","0126",0.1
"081330","0127",0.1
"081330","0128",0.1
"081330","0230",0.1
"081330","1102",0.1
"081340","0121",0.1
"081340","0122",0.1
"081340","0123",0.1
"081340","0124",0.1
"081340","0125",0.1
"081340","0126",0.1
"081340","0127",0.1
"081340","0128",0.1
"081340","0230",0.1
"081340","1102",0.1
"081350","0121",0.1
"081350","0122",0.1
"081350","0123",0.1
"081350","0124",0.1
"081350","0125",0.1
"081350","0126",0.1
"081350","0127",0.1
"081350","0128",0.1
"081350","0230",0.1
"081350","1102",0.1
"081400","1030",0.5
"081400","1075",0.5
"090111","0121",0.1
"090111","0122",0.1
"090111","0123",0.1
"090111","0124",0.1
"090111","0125",0.1
"090111","0126",0.1
"090111","0127",0.1
"090111","0128",0.1
"090111","0230",0.1
"090111","1102",0.1
"090112","1030",0.2
"090112","1071",0.2
"090112","1075",0.2
"090112","1079",0.2
"090112","3530",0.2
"090121","1030",0.2
"090121","1071",0.2
"090121","1075",0.2
"090121","1079",0.2
"090121","3530",0.2
"090122","1030",0.2
"090122","1071",0.2
"090122","1075",0.2
"090122","1079",0.2
"090122","3530",0.2
"090140","1030",0.2
"090140","1071",0.2
"090140","1075",0.2
"090140","1079",0.2
"090140","3530",0.2
"090210","1030",0.2
"090210","1071",0.2
"090210","1075",0.2
"090210","1079",0.2
"090210","3530",0.2
"090220","0121",0.1
"090220","0122",0.1
"090220","0123",0.1
"090220","0124",0.1
"090220","0125",0.1
"090220","0126",0.1
"090220","0127",0.1
"090220","0128",0.1
"090220","0230",0.1
"090220","1102",0.1
"090230","1030",0.2
"090230","1071",0.2
"090230","1075",0.2
"090230","1079",0.2
"090230","3530",0.2
"090240","0121",0.1
"090240","0122",0.1
"090240","0123",0.1
"090240","0124",0.1
"090240","0125",0.1
"090240","0126",0.1
"090240","0127",0.1
"090240","0128",0.1
"090240","0230",0.1
"090240","1102",0.1
"090300","0121",0.1
"090300","0122",0.1
"090300","0123",0.1
"090300","0124",0.1
"090300","0125",0.1
"090300","0126",0.1
"090300","0127",0.1
"090300","0128",0.1
"090300","0230",0.1
"090300","1102",0.1
"090411","0121",0.1
"090411","0122",0.1
"090411","0123",0.1
"090411","0124",0.1
"090411","0125",0.1
"090411","0126",0.1
"090411","0127",0.1
"090411","0128",0.1
"090411","0230",0.1
"090411","1102",0.1
"090412","0121",0.1
"090412","0122",0.1
"090412","0123",0.1
"090412","0124",0.1
"090412","0125",0.1
"090412","0126",0.1
"090412","0127",0.1
"090412","0128",0.1
"090412","0230",0.1
"090412","1102",0.1
"090420","0121",0.1
"090420","0122",0.1
"090420","0123",0.1
"090420","0124",0.1
"090420","0125",0.1
"090420","0126",0.1
"090420","0127",0.1
"090420","0128",0.1
"090420","0230",0.1
"090420","1102",0.1
"090500","0121",0.1
"090500","0122",0.1
"090500","0123",0.1
"090500","0124",0.1
"090500","0125",0.1
"090500","0126",0.1
"090500","0127",0.1
"090500","0128",0.1
"090500","0230",0.1
"090500","1102",0.1
"090610","0121",0.1
"090610","0122",0.1
"090610","0123",0.1
"090610","0124",0.1
"090610","0125",0.1
"090610","0126",0.1
"090610","0127",0.1
"090610","0128",0.1
"090610","0230",0.1
"090610","1102",0.1
"090620","0121",0.1
"090620","0122",0.1
"090620","0123",0.1
"090620","0124",0.1
"090620","0125",0.1
"090620","0126",0.1
"090620","0127",0.1
"090620","0128",0.1
"090620","0230",0.1
"090620","1102",0.1
"090700","0121",0.1
"090700","0122",0.1
"090700","0123",0.1
"090700","0124",0.1
"090700","0125",0.1
"090700","0126",0.1
"090700","0127",0.1
"090700","0128",0.1
"090700","0230",0.1
"090700","1102",0.1
"090810","0121",0.1
"090810","0122",0.1
"090810","0123",0.1
"090810","0124",0.1
"090810","0125",0.1
"090810","0126",0.1
"090810","0127",0.1
"090810","0128",0.1
"090810","0230",0.1
"090810","1102",0.1
"090820","0121",0.1
"090820","0122",0.1
"090820","0123",0.1
"090820","0124",0.1
"090820","0125",0.1
"090820","0126",0.1
"090820","0127",0.1
"090820","0128",0.1
"090820","0230",0.1
"090820","1102",0.1
"090830","0121",0.1
"090830","0122",0.1
"090830","0123",0.1
"090830","0124",0.1
"090830","0125",0.1
"090830","0126",0.1
"090830","0127",0.1
"090830","0128",0.1
"090830","0230",0.1
"090830","1102",0.1
"090910","0121",0.1
"090910","0122",0.1
"090910","0123",0.1
"090910","0124",0.1
"090910","0125",0.1
"090910","0126",0.1
"090910","0127",0.1
"090910","0128",0.1
"090910","0230",0.1
"090910","1102",0.1
"090920","0121",0.1
"090920","0122",0.1
"090920","0123",0.1
"090920","0124",0.1
"090920","0125",0.1
"090920","0126",0.1
"090920","0127",0.1
"090920","0128",0.1
"090920","0230",0.1
"090920","1102",0.1
"090930","0121",0.1
"090930","0122",0.1
"090930","0123",0.1
"090930","0124",0.1
"090930","0125",0.1
"090930","0126",0.1
"090930","0127",0.1
"090930","0128",0.1
"090930","0230",0.1
"090930","1102",0.1
"090940","0121",0.1
"090940","0122",0.1
"090940","0123",0.1
"090940","0124",0.1
"090940","0125",0.1
"090940","0126",0.1
"090940","0127",0.1
"090940","0128",0.1
"090940","0230",0.1
"090940","1102",0.1
"090950","0121",0.1
"090950","0122",0.1
"090950","0123",0.1
"090950","0124",0.1
"090950","0125",0.1
"090950","0126",0.1
"090950","0127",0.1
"090950","0128",0.1
"090950","0230",0.1
"090950","1102",0.1
"091010","0121",0.1
"091010","0122",0.1
"091010","0123",0.1
"091010","0124",0.1
"091010","0125",0.1
"091010","0126",0.1
"091010","0127",0.1
"091010","0128",0.1
"091010","0230",0.1
"091010","1102",0.1
"091020","0121",0.1
"091020","0122",0.1
"091020","0123",0.1
"091020","0124",0.1
"091020","0125",0.1
"091020","0126",0.1
"091020","0127",0.1
"091020","0128",0.1
"091020","0230",0.1
"091020","1102",0.1
"091030","0121",0.1
"091030","0122",0.1
"091030","0123",0.1
"091030","0124",0.1
"091030","0125",0.1
"091030","0126",0.1
"091030","0127",0.1
"091030","0128",0.1
"091030","0230",0.1
"091030","1102",0.1
"091040","0121",0.1
"091040","0122",0.1
"091040","0123",0.1
"091040","0124",0.1
"091040","0125",0.1
"091040","0126",0.1
"091040","0127",0.1
"091040","0128",0.1
"091040","0230",0.1
"091040","1102",0.1
"091050","0121",0.1
"091050","0122",0.1
"091050","0123",0.1
"091050","0124",0.1
"091050","0125",0.1
"091050","0126",0.1
"091050","0127",0.1
"091050","0128",0.1
"091050","0230",0.1
"091050","1102",0.1
"091091","0121",0.1
"091091","0122",0.1
"091091","0123",0.1
"091091","0124",0.1
"091091","0125",0.1
"091091","0126",0.1
"091091","0127",0.1
"091091","0128",0.1
"091091","0230",0.1
"091091","1102",0.1
"091099","0121",0.1
"091099","0122",0.1
"091099","0123",0.1
"091099","0124",0.1
"091099","0125",0.1
"091099","0126",0.1
"091099","0127",0.1
"091099","0128",0.1
"091099","0230",0.1
"091099","1102",0.1
"100110","0111",0.0909090909090909
"100110","0112",0.0909090909090909
"100110","0113",0.0909090909090909
"100110","0114",0.0909090909090909
"100110","0115",0.0909090909090909
"100110","0116",0.0909090909090909
"100110","0119",0.0909090909090909
"100110","0126",0.0909090909090909
"100110","0128",0.0909090909090909
"100110","0129",0.0909090909090909
"100110","0163",0.0909090909090909
"100190","0111",0.0909090909090909
"100190","0112",0.0909090909090909
"100190","0113",0.0909090909090909
"100190","0114",0.0909090909090909
"100190","0115",0.0909090909090909
"100190","0116",0.0909090909090909
"100190","0119",0.0909090909090909
"100190","0126",0.0909090909090909
"100190","0128",0.0909090909090909
"100190","0129",0.0909090909090909
"100190","0163",0.0909090909090909
"100200","0111",0.0909090909090909
"100200","0112",0.0909090909090909
"100200","0113",0.0909090909090909
"100200","0114",0.0909090909090909
"100200","0115",0.0909090909090909
"100200","0116",0.0909090909090909
"100200","0119",0.0909090909090909
"100200","0126",0.0909090909090909
"100200","0128",0.0909090909090909
"100200","0129",0.0909090909090909
"100200","0163",0.0909090909090909
"100300","0111",0.0909090909090909
"100300","0112",0.0909090909090909
"100300","0113",0.0909090909090909
"100300","0114",0.0909090909090909
"100300","0115",0.0909090909090909
"100300","0116",0.0909090909090909
"100300","0119",0.0909090909090909
"100300","0126",0.0909090909090909
"100300","0128",0.0909090909090909
"100300","0129",0.0909090909090909
"100300","0163",0.0909090909090909
"100400","0111",0.0909090909090909
"100400","0112",0.0909090909090909
"100400","0113",0.0909090909090909
"100400","0114",0.0909090909090909
"100400","0115",0.0909090909090909
"100400","0116",0.0909090909090909
"100400","0119",0.0909090909090909
"100400","0126",0.0909090909090909
"100400","0128",0.0909090909090909
"100400","0129",0.0909090909090909
"100400","0163",0.0909090909090909
"100510","0111",0.0909090909090909
"100510","0112",0.0909090909090909
"100510","0113",0.0909090909090909
"100510","0114",0.0909090909090909
"100510","0115",0.0909090909090909
"100510","0116",0.0909090909090909
"100510","0119",0.0909090909090909
"100510","0126",0.0909090909090909
"100510","0128",0.0909090909090909
"100510","0129",0.0909090909090909
"100510","0163",0.0909090909090909
"100590","0111",0.0909090909090909
"100590","0112",0.0909090909090909
"100590","0113",0.0909090909090909
"100590","0114",0.0909090909090909
"100590","0115",0.0909090909090909
"100590","0116",0.0909090909090909
"100590","0119",0.0909090909090909
"100590","0126",0.0909090909090909
"100590","0128",0.0909090909090909
"100590","0129",0.0909090909090909
"100590","0163",0.0909090909090909
"100610","0111",0.0909090909090909
"100610","0112",0.0909090909090909
"100610","0113",0.0909090909090909
"100610","0114",0.0909090909090909
"100610","0115",0.0909090909090909
"100610","0116",0.0909090909090909
"100610","0119",0.0909090909090909
"100610","0126",0.0909090909090909
"100610","0128",0.0909090909090909
"100610","0129",0.0909090909090909
"100610","0163",0.0909090909090909
"100620","1061",1
"100630","1061",1
"100640","1061",1
"100700","0111",0.0909090909090909
"100700","0112",0.0909090909090909
"100700","0113",0.0909090909090909
"100700","0114",0.0909090909090909
"100700","0115",0.0909090909090909
"100700","0116",0.0909090909090909
"100700","0119",0.0909090909090909
"100700","0126",0.0909090909090909
"100700","0128",0.0909090909090909
"100700","0129",0.0909090909090909
"100700","0163",0.0909090909090909
"100810","0111",0.0909090909090909
"100810","0112",0.0909090909090909
"100810","0113",0.0909090909090909
"100810","0114",0.0909090909090909
"100810","0115",0.0909090909090909
"100810","0116",0.0909090909090909
"100810","0119",0.0909090909090909
"100810","0126",0.0909090909090909
"100810","0128",0.0909090909090909
"100810","0129",0.0909090909090909
"100810","0163",0.0909090909090909
"100820","0111",0.0909090909090909
"100820","0112",0.0909090909090909
"100820","0113",0.0909090909090909
"100820","0114",0.0909090909090909
"100820","0115",0.0909090909090909
"100820","0116",0.0909090909090909
"100820","0119",0.0909090909090909
"100820","0126",0.0909090909090909
"100820","0128",0.0909090909090909
"100820","0129",0.0909090909090909
"100820","0163",0.0909090909090909
"100830","0111",0.0909090909090909
"100830","0112",0.0909090909090909
"100830","0113",0.0909090909090909
"100830","0114",0.0909090909090909
"100830","0115",0.0909090909090909
"100830","0116",0.0909090909090909
"100830","0119",0.0909090909090909
"100830","0126",0.0909090909090909
"100830","0128",0.0909090909090909
"100830","0129",0.0909090909090909
"100830","0163",0.0909090909090909
"100890","0111",0.0909090909090909
"100890","0112",0.0909090909090909
"100890","0113",0.0909090909090909
"100890","0114",0.0909090909090909
"100890","0115",0.0909090909090909
"100890","0116",0.0909090909090909
"100890","0119",0.0909090909090909
"100890","0126",0.0909090909090909
"100890","0128",0.0909090909090909
"100890","0129",0.0909090909090909
"100890","0163",0.0909090909090909
"110100","1061",1
"110210","1061",1
"110220","1061",1
"110230","1061",1
"110290","1061",1
"110311","1061",1
"110312","1061",1
"110313","1061",1
"110314","1061",1
"110319","1061",1
"110321","1061",1
"110329","1061",1
"110411","1061",1
"110412","1061",1
"110419","1061",1
"110421","1061",1
"110422","1061",1
"110423","1061",1
"110429","1061",1
"110430","1061",1
"110510","1030",0.5
"110510","1075",0.5
"110520","1030",0.5
"110520","1075",0.5
"110610","1061",1
"110620","1061",1
"110630","1061",1
"110710","1103",1
"110720","1103",1
"110811","1062",1
"110812","1062",1
"110813","1062",1
"110814","1062",1
"110819","1062",1
"110820","1062",1
"110900","1062",1
"120100","0111",0.0909090909090909
"120100","0112",0.0909090909090909
"120100","0113",0.0909090909090909
"120100","0114",0.0909090909090909
"120100","0115",0.0909090909090909
"120100","0116",0.0909090909090909
"120100","0119",0.0909090909090909
"120100","0126",0.0909090909090909
"120100","0128",0.0909090909090909
"120100","0129",0.0909090909090909
"120100","0163",0.0909090909090909
"120210","0111",0.0909090909090909
"120210","0112",0.0909090909090909
"120210","0113",0.0909090909090909
"120210","0114",0.0909090909090909
"120210","0115",0.0909090909090909
"120210","0116",0.0909090909090909
"120210","0119",0.0909090909090909
"120210","0126",0.0909090909090909
"120210","0128",0.0909090909090909
"120210","0129",0.0909090909090909
"120210","0163",0.0909090909090909
"120220","0111",0.0909090909090909
"120220","0112",0.0909090909090909
"120220","0113",0.0909090909090909
"120220","0114",0.0909090909090909
"120220","0115",0.0909090909090909
"120220","0116",0.0909090909090909
"120220","0119",0.0909090909090909
"120220","0126",0.0909090909090909
"120220","0128",0.0909090909090909
"120220","0129",0.0909090909090909
"120220","0163",0.0909090909090909
"120300","0111",0.0909090909090909
"120300","0112",0.0909090909090909
"120300","0113",0.0909090909090909
"120300","0114",0.0909090909090909
"120300","0115",0.0909090909090909
"120300","0116",0.0909090909090909
"120300","0119",0.0909090909090909
"120300","0126",0.0909090909090909
"120300","0128",0.0909090909090909
"120300","0129",0.0909090909090909
"120300","0163",0.0909090909090909
"120400","0111",0.0909090909090909
"120400","0112",0.0909090909090909
"120400","0113",0.0909090909090909
"120400","0114",0.0909090909090909
"120400","0115",0.0909090909090909
"120400","0116",0.0909090909090909
"120400","0119",0.0909090909090909
"120400","0126",0.0909090909090909
"120400","0128",0.0909090909090909
"120400","0129",0.0909090909090909
"120400","0163",0.0909090909090909
"120500","0111",0.0909090909090909
"120500","0112",0.0909090909090909
"120500","0113",0.0909090909090909
"120500","0114",0.0909090909090909
"120500","0115",0.0909090909090909
"120500","0116",0.0909090909090909
"120500","0119",0.0909090909090909
"120500","0126",0.0909090909090909
"120500","0128",0.0909090909090909
"120500","0129",0.0909090909090909
"120500","0163",0.0909090909090909
"120600","0111",0.0909090909090909
"120600","0112",0.0909090909090909
"120600","0113",0.0909090909090909
"120600","0114",0.0909090909090909
"120600","0115",0.0909090909090909
"120600","0116",0.0909090909090909
"120600","0119",0.0909090909090909
"120600","0126",0.0909090909090909
"120600","0128",0.0909090909090909
"120600","0129",0.0909090909090909
"120600","0163",0.0909090909090909
"120710","0111",0.0909090909090909
"120710","0112",0.0909090909090909
"120710","0113",0.0909090909090909
"120710","0114",0.0909090909090909
"120710","0115",0.0909090909090909
"120710","0116",0.0909090909090909
"120710","0119",0.0909090909090909
"120710","0126",0.0909090909090909
"120710","0128",0.0909090909090909
"120710","0129",0.0909090909090909
"120710","0163",0.0909090909090909
"120720","0111",0.0909090909090909
"120720","0112",0.0909090909090909
"120720","0113",0.0909090909090909
"120720","0114",0.0909090909090909
"120720","0115",0.0909090909090909
"120720","0116",0.0909090909090909
"120720","0119",0.0909090909090909
"120720","0126",0.0909090909090909
"120720","0128",0.0909090909090909
"120720","0129",0.0909090909090909
"120720","0163",0.0909090909090909
"120730","0111",0.0909090909090909
"120730","0112",0.0909090909090909
"120730","0113",0.0909090909090909
"120730","0114",0.0909090909090909
"120730","0115",0.0909090909090909
"120730","0116",0.0909090909090909
"120730","0119",0.0909090909090909
"120730","0126",0.0909090909090909
"120730","0128",0.0909090909090909
"120730","0129",0.0909090909090909
"120730","0163",0.0909090909090909
"120740","0111",0.0909090909090909
"120740","0112",0.0909090909090909
"120740","0113",0.0909090909090909
"120740","0114",0.0909090909090909
"120740","0115",0.0909090909090909
"120740","0116",0.0909090909090909
"120740","0119",0.0909090909090909
"120740","0126",0.0909090909090909
"120740","0128",0.0909090909090909
"120740","0129",0.0909090909090909
"120740","0163",0.0909090909090909
"120750","0111",0.0909090909090909
"120750","0112",0.0909090909090909
"120750","0113",0.0909090909090909
"120750","0114",0.0909090909090909
"120750","0115",0.0909090909090909
"120750","0116",0.0909090909090909
"120750","0119",0.0909090909090909
"120750","0126",0.0909090909090909
"120750","0128",0.0909090909090909
"120750","0129",0.0909090909090909
"120750","0163",0.0909090909090909
"120760","0111",0.0909090909090909
"120760","0112",0.0909090909090909
"120760","0113",0.0909090909090909
"120760","0114",0.0909090909090909
"120760","0115",0.0909090909090909
"120760","0116",0.0909090909090909
"120760","0119",0.0909090909090909
"120760","0126",0.0909090909090909
"120760","0128",0.0909090909090909
"120760","0129",0.0909090909090909
"120760","0163",0.0909090909090909
"120791","0111",0.0909090909090909
"120791","0112",0.0909090909090909
"120791","0113",0.0909090909090909
"120791","0114",0.0909090909090909
"120791","0115",0.0909090909090909
"120791","0116",0.0909090909090909
"120791","0119",0.0909090909090909
"120791","0126",0.0909090909090909
"120791","0128",0.0909090909090909
"120791","0129",0.0909090909090909
"120791","0163",0.0909090909090909
"120792","0111",0.0909090909090909
"120792","0112",0.0909090909090909
"120792","0113",0.0909090909090909
"120792","0114",0.0909090909090909
"120792","0115",0.0909090909090909
"120792","0116",0.0909090909090909
"120792","0119",0.0909090909090909
"120792","0126",0.0909090909090909
"120792","0128",0.0909090909090909
"120792","0129",0.0909090909090909
"120792","0163",0.0909090909090909
"120799","0111",0.0909090909090909
"120799","0112",0.0909090909090909
"120799","0113",0.0909090909090909
"120799","0114",0.0909090909090909
"120799","0115",0.0909090909090909
"120799","0116",0.0909090909090909
"120799","0119",0.0909090909090909
"120799","0126",0.0909090909090909
"120799","0128",0.0909090909090909
"120799","0129",0.0909090909090909
"120799","0163",0.0909090909090909
"120810","1040",1
"120890","1040",1
"120911","0111",0.0909090909090909
"120911","0112",0.0909090909090909
"120911","0113",0.0909090909090909
"120911","0114",0.0909090909090909
"120911","0115",0.0909090909090909
"120911","0116",0.0909090909090909
"120911","0119",0.0909090909090909
"120911","0126",0.0909090909090909
"120911","0128",0.0909090909090909
"120911","0129",0.0909090909090909
"120911","0163",0.0909090909090909
"120919","0113",0.0714285714285714
"120919","0119",0.0714285714285714
"120919","0121",0.0714285714285714
"120919","0122",0.0714285714285714
"120919","0123",0.0714285714285714
"120919","0124",0.0714285714285714
"120919","0125",0.0714285714285714
"120919","0126",0.0714285714285714
"120919","0127",0.0714285714285714
"120919","0128",0.0714285714285714
"120919","0129",0.0714285714285714
"120919","0130",0.0714285714285714
"120919","0230",0.0714285714285714
"120919","1102",0.0714285714285714
"120921","0111",0.0909090909090909
"120921","0112",0.0909090909090909
"120921","0113",0.0909090909090909
"120921","0114",0.0909090909090909
"120921","0115",0.0909090909090909
"120921","0116",0.0909090909090909
"120921","0119",0.0909090909090909
"120921","0126",0.0909090909090909
"120921","0128",0.0909090909090909
"120921","0129",0.0909090909090909
"120921","0163",0.0909090909090909
"120922","0111",0.0909090909090909
"120922","0112",0.0909090909090909
"120922","0113",0.0909090909090909
"120922","0114",0.0909090909090909
"120922","0115",0.0909090909090909
"120922","0116",0.0909090909090909
"120922","0119",0.0909090909090909
"120922","0126",0.0909090909090909
"120922","0128",0.0909090909090909
"120922","0129",0.0909090909090909
"120922","0163",0.0909090909090909
"120923","0111",0.0909090909090909
"120923","0112",0.0909090909090909
"120923","0113",0.0909090909090909
"120923","0114",0.0909090909090909
"120923","0115",0.0909090909090909
"120923","0116",0.0909090909090909
"120923","0119",0.0909090909090909
"120923","0126",0.0909090909090909
"120923","0128",0.0909090909090909
"120923","0129",0.0909090909090909
"120923","0163",0.0909090909090909
"120924","0111",0.0909090909090909
"120924","0112",0.0909090909090909
"120924","0113",0.0909090909090909
"120924","0114",0.0909090909090909
"120924","0115",0.0909090909090909
"120924","0116",0.0909090909090909
"120924","0119",0.0909090909090909
"120924","0126",0.0909090909090909
"120924","0128",0.0909090909090909
"120924","0129",0.0909090909090909
"120924","0163",0.0909090909090909
"120925","0111",0.0909090909090909
"120925","0112",0.0909090909090909
"120925","0113",0.0909090909090909
"120925","0114",0.0909090909090909
"120925","0115",0.0909090909090909
"120925","0116",0.0909090909090909
"120925","0119",0.0909090909090909
"120925","0126",0.0909090909090909
"120925","0128",0.0909090909090909
"120925","0129",0.0909090909090909
"120925","0163",0.0909090909090909
"120926","0111",0.0909090909090909
"120926","0112",0.0909090909090909
"120926","0113",0.0909090909090909
"120926","0114",0.0909090909090909
"120926","0115",0.0909090909090909
"120926","0116",0.0909090909090909
"120926","0119",0.0909090909090909
"120926","0126",0.0909090909090909
"120926","0128",0.0909090909090909
"120926","0129",0.0909090909090909
"120926","0163",0.0909090909090909
"120929","0111",0.0909090909090909
"120929","0112",0.0909090909090909
"120929","0113",0.0909090909090909
"120929","0114",0.0909090909090909
"120929","0115",0.0909090909090909
"120929","0116",0.0909090909090909
"120929","0119",0.0909090909090909
"120929","0126",0.0909090909090909
"120929","0128",0.0909090909090909
"120929","0129",0.0909090909090909
"120929","0163",0.0909090909090909
"120930","0113",0.0714285714285714
"120930","0119",0.0714285714285714
"120930","0121",0.0714285714285714
"120930","0122",0.0714285714285714
"120930","0123",0.0714285714285714
"120930","0124",0.0714285714285714
"120930","0125",0.0714285714285714
"120930","0126",0.0714285714285714
"120930","0127",0.0714285714285714
"120930","0128",0.0714285714285714
"120930","0129",0.0714285714285714
"120930","0130",0.0714285714285714
"120930","0230",0.0714285714285714
"120930","1102",0.0714285714285714
"120991","0113",0.0714285714285714
"120991","0119",0.0714285714285714
"120991","0121",0.0714285714285714
"120991","0122",0.0714285714285714
"120991","0123",0.0714285714285714
"120991","0124",0.0714285714285714
"120991","0125",0.0714285714285714
"120991","0126",0.0714285714285714
"120991","0127",0.0714285714285714
"120991","0128",0.0714285714285714
"120991","0129",0.0714285714285714
"120991","0130",0.0714285714285714
"120991","0230",0.0714285714285714
"120991","1102",0.0714285714285714
"120999","0113",0.0714285714285714
"120999","0119",0.0714285714285714
"120999","0121",0.0714285714285714
"120999","0122",0.0714285714285714
"120999","0123",0.0714285714285714
"120999","0124",0.0714285714285714
"120999","0125",0.0714285714285714
"120999","0126",0.0714285714285714
"120999","0127",0.0714285714285714
"120999","0128",0.0714285714285714
"120999","0129",0.0714285714285714
"120999","0130",0.0714285714285714
"120999","0230",0.0714285714285714
"120999","1102",0.0714285714285714
"121010","0111",0.0909090909090909
"121010","0112",0.0909090909090909
"121010","0113",0.0909090909090909
"121010","0114",0.0909090909090909
"121010","0115",0.0909090909090909
"121010","0116",0.0909090909090909
"121010","0119",0.0909090909090909
"121010","0126",0.0909090909090909
"121010","0128",0.0909090909090909
"121010","0129",0.0909090909090909
"121010","0163",0.0909090909090909
"121020","0111",0.0909090909090909
"121020","0112",0.0909090909090909
"121020","0113",0.0909090909090909
"121020","0114",0.0909090909090909
"121020","0115",0.0909090909090909
"121020","0116",0.0909090909090909
"121020","0119",0.0909090909090909
"121020","0126",0.0909090909090909
"121020","0128",0.0909090909090909
"121020","0129",0.0909090909090909
"121020","0163",0.0909090909090909
"121110","0111",0.0909090909090909
"121110","0112",0.0909090909090909
"121110","0113",0.0909090909090909
"121110","0114",0.0909090909090909
"121110","0115",0.0909090909090909
"121110","0116",0.0909090909090909
"121110","0119",0.0909090909090909
"121110","0126",0.0909090909090909
"121110","0128",0.0909090909090909
"121110","0129",0.0909090909090909
"121110","0163",0.0909090909090909
"121120","0111",0.0909090909090909
"121120","0112",0.0909090909090909
"121120","0113",0.0909090909090909
"121120","0114",0.0909090909090909
"121120","0115",0.0909090909090909
"121120","0116",0.0909090909090909
"121120","0119",0.0909090909090909
"121120","0126",0.0909090909090909
"121120","0128",0.0909090909090909
"121120","0129",0.0909090909090909
"121120","0163",0.0909090909090909
"121190","0111",0.0909090909090909
"121190","0112",0.0909090909090909
"121190","0113",0.0909090909090909
"121190","0114",0.0909090909090909
"121190","0115",0.0909090909090909
"121190","0116",0.0909090909090909
"121190","0119",0.0909090909090909
"121190","0126",0.0909090909090909
"121190","0128",0.0909090909090909
"121190","0129",0.0909090909090909
"121190","0163",0.0909090909090909
"121210","0111",0.0909090909090909
"121210","0112",0.0909090909090909
"121210","0113",0.0909090909090909
"121210","0114",0.0909090909090909
"121210","0115",0.0909090909090909
"121210","0116",0.0909090909090909
"121210","0119",0.0909090909090909
"121210","0126",0.0909090909090909
"121210","0128",0.0909090909090909
"121210","0129",0.0909090909090909
"121210","0163",0.0909090909090909
"121220","0311",0.25
"121220","0312",0.25
"121220","0321",0.25
"121220","0322",0.25
"121230","1030",0.5
"121230","1075",0.5
"121291","0111",0.0909090909090909
"121291","0112",0.0909090909090909
"121291","0113",0.0909090909090909
"121291","0114",0.0909090909090909
"121291","0115",0.0909090909090909
"121291","0116",0.0909090909090909
"121291","0119",0.0909090909090909
"121291","0126",0.0909090909090909
"121291","0128",0.0909090909090909
"121291","0129",0.0909090909090909
"121291","0163",0.0909090909090909
"121292","0111",0.0909090909090909
"121292","0112",0.0909090909090909
"121292","0113",0.0909090909090909
"121292","0114",0.0909090909090909
"121292","0115",0.0909090909090909
"121292","0116",0.0909090909090909
"121292","0119",0.0909090909090909
"121292","0126",0.0909090909090909
"121292","0128",0.0909090909090909
"121292","0129",0.0909090909090909
"121292","0163",0.0909090909090909
"121299","0111",0.0909090909090909
"121299","0112",0.0909090909090909
"121299","0113",0.0909090909090909
"121299","0114",0.0909090909090909
"121299","0115",0.0909090909090909
"121299","0116",0.0909090909090909
"121299","0119",0.0909090909090909
"121299","0126",0.0909090909090909
"121299","0128",0.0909090909090909
"121299","0129",0.0909090909090909
"121299","0163",0.0909090909090909
"121300","0111",0.0909090909090909
"121300","0112",0.0909090909090909
"121300","0113",0.0909090909090909
"121300","0114",0.0909090909090909
"121300","0115",0.0909090909090909
"121300","0116",0.0909090909090909
"121300","0119",0.0909090909090909
"121300","0126",0.0909090909090909
"121300","0128",0.0909090909090909
"121300","0129",0.0909090909090909
"121300","0163",0.0909090909090909
"121410","0111",0.0909090909090909
"121410","0112",0.0909090909090909
"121410","0113",0.0909090909090909
"121410","0114",0.0909090909090909
"121410","0115",0.0909090909090909
"121410","0116",0.0909090909090909
"121410","0119",0.0909090909090909
"121410","0126",0.0909090909090909
"121410","0128",0.0909090909090909
"121410","0129",0.0909090909090909
"121410","0163",0.0909090909090909
"121490","0111",0.0909090909090909
"121490","0112",0.0909090909090909
"121490","0113",0.0909090909090909
"121490","0114",0.0909090909090909
"121490","0115",0.0909090909090909
"121490","0116",0.0909090909090909
"121490","0119",0.0909090909090909
"121490","0126",0.0909090909090909
"121490","0128",0.0909090909090909
"121490","0129",0.0909090909090909
"121490","0163",0.0909090909090909
"130110","0121",0.0666666666666667
"130110","0122",0.0666666666666667
"130110","0123",0.0666666666666667
"130110","0124",0.0666666666666667
"130110","0125",0.0666666666666667
"130110","0126",0.0666666666666667
"130110","0127",0.0666666666666667
"130110","0128",0.0666666666666667
"130110","0129",0.0666666666666667
"130110","0130",0.0666666666666667
"130110","0210",0.0666666666666667
"130110","0220",0.0666666666666667
"130110","0230",0.0666666666666667
"130110","0240",0.0666666666666667
"130110","1102",0.0666666666666667
"130120","0121",0.0666666666666667
"130120","0122",0.0666666666666667
"130120","0123",0.0666666666666667
"130120","0124",0.0666666666666667
"130120","0125",0.0666666666666667
"130120","0126",0.0666666666666667
"130120","0127",0.0666666666666667
"130120","0128",0.0666666666666667
"130120","0129",0.0666666666666667
"130120","0130",0.0666666666666667
"130120","0210",0.0666666666666667
"130120","0220",0.0666666666666667
"130120","0230",0.0666666666666667
"130120","0240",0.0666666666666667
"130120","1102",0.0666666666666667
"130190","0121",0.0666666666666667
"130190","0122",0.0666666666666667
"130190","0123",0.0666666666666667
"130190","0124",0.0666666666666667
"130190","0125",0.0666666666666667
"130190","0126",0.0666666666666667
"130190","0127",0.0666666666666667
"130190","0128",0.0666666666666667
"130190","0129",0.0666666666666667
"130190","0130",0.0666666666666667
"130190","0210",0.0666666666666667
"130190","0220",0.0666666666666667
"130190","0230",0.0666666666666667
"130190","0240",0.0666666666666667
"130190","1102",0.0666666666666667
"130211","0121",0.0666666666666667
"130211","0122",0.0666666666666667
"130211","0123",0.0666666666666667
"130211","0124",0.0666666666666667
"130211","0125",0.0666666666666667
"130211","0126",0.0666666666666667
"130211","0127",0.0666666666666667
"130211","0128",0.0666666666666667
"130211","0129",0.0666666666666667
"130211","0130",0.0666666666666667
"130211","0210",0.0666666666666667
"130211","0220",0.0666666666666667
"130211","0230",0.0666666666666667
"130211","0240",0.0666666666666667
"130211","1102",0.0666666666666667
"130212","0121",0.0666666666666667
"130212","0122",0.0666666666666667
"130212","0123",0.0666666666666667
"130212","0124",0.0666666666666667
"130212","0125",0.0666666666666667
"130212","0126",0.0666666666666667
"130212","0127",0.0666666666666667
"130212","0128",0.0666666666666667
"130212","0129",0.0666666666666667
"130212","0130",0.0666666666666667
"130212","0210",0.0666666666666667
"130212","0220",0.0666666666666667
"130212","0230",0.0666666666666667
"130212","0240",0.0666666666666667
"130212","1102",0.0666666666666667
"130213","0121",0.0666666666666667
"130213","0122",0.0666666666666667
"130213","0123",0.0666666666666667
"130213","0124",0.0666666666666667
"130213","0125",0.0666666666666667
"130213","0126",0.0666666666666667
"130213","0127",0.0666666666666667
"130213","0128",0.0666666666666667
"130213","0129",0.0666666666666667
"130213","0130",0.0666666666666667
"130213","0210",0.0666666666666667
"130213","0220",0.0666666666666667
"130213","0230",0.0666666666666667
"130213","0240",0.0666666666666667
"130213","1102",0.0666666666666667
"130214","0121",0.0666666666666667
"130214","0122",0.0666666666666667
"130214","0123",0.0666666666666667
"130214","0124",0.0666666666666667
"130214","0125",0.0666666666666667
"130214","0126",0.0666666666666667
"130214","0127",0.0666666666666667
"130214","0128",0.0666666666666667
"130214","0129",0.0666666666666667
"130214","0130",0.0666666666666667
"130214","0210",0.0666666666666667
"130214","0220",0.0666666666666667
"130214","0230",0.0666666666666667
"130214","0240",0.0666666666666667
"130214","1102",0.0666666666666667
"130219","0121",0.0666666666666667
"130219","0122",0.0666666666666667
"130219","0123",0.0666666666666667
"130219","0124",0.0666666666666667
"130219","0125",0.0666666666666667
"130219","0126",0.0666666666666667
"130219","0127",0.0666666666666667
"130219","0128",0.0666666666666667
"130219","0129",0.0666666666666667
"130219","0130",0.0666666666666667
"130219","0210",0.0666666666666667
"130219","0220",0.0666666666666667
"130219","0230",0.0666666666666667
"130219","0240",0.0666666666666667
"130219","1102",0.0666666666666667
"130220","0121",0.0666666666666667
"130220","0122",0.0666666666666667
"130220","0123",0.0666666666666667
"130220","0124",0.0666666666666667
"130220","0125",0.0666666666666667
"130220","0126",0.0666666666666667
"130220","0127",0.0666666666666667
"130220","0128",0.0666666666666667
"130220","0129",0.0666666666666667
"130220","0130",0.0666666666666667
"130220","0210",0.0666666666666667
"130220","0220",0.0666666666666667
"130220","0230",0.0666666666666667
"130220","0240",0.0666666666666667
"130220","1102",0.0666666666666667
"130231","0121",0.0666666666666667
"130231","0122",0.0666666666666667
"130231","0123",0.0666666666666667
"130231","0124",0.0666666666666667
"130231","0125",0.0666666666666667
"130231","0126",0.0666666666666667
"130231","0127",0.0666666666666667
"130231","0128",0.0666666666666667
"130231","0129",0.0666666666666667
"130231","0130",0.0666666666666667
"130231","0210",0.0666666666666667
"130231","0220",0.0666666666666667
"130231","0230",0.0666666666666667
"130231","0240",0.0666666666666667
"130231","1102",0.0666666666666667
"130232","0121",0.0666666666666667
"130232","0122",0.0666666666666667
"130232","0123",0.0666666666666667
"130232","0124",0.0666666666666667
"130232","0125",0.0666666666666667
"130232","0126",0.0666666666666667
"130232","0127",0.0666666666666667
"130232","0128",0.0666666666666667
"130232","0129",0.0666666666666667
"130232","0130",0.0666666666666667
"130232","0210",0.0666666666666667
"130232","0220",0.0666666666666667
"130232","0230",0.0666666666666667
"130232","0240",0.0666666666666667
"130232","1102",0.0666666666666667
"130239","0121",0.0666666666666667
"130239","0122",0.0666666666666667
"130239","0123",0.0666666666666667
"130239","0124",0.0666666666666667
"130239","0125",0.0666666666666667
"130239","0126",0.0666666666666667
"130239","0127",0.0666666666666667
"130239","0128",0.0666666666666667
"130239","0129",0.0666666666666667
"130239","0130",0.0666666666666667
"130239","0210",0.0666666666666667
"130239","0220",0.0666666666666667
"130239","0230",0.0666666666666667
"130239","0240",0.0666666666666667
"130239","1102",0.0666666666666667
"140110","0121",0.0666666666666667
"140110","0122",0.0666666666666667
"140110","0123",0.0666666666666667
"140110","0124",0.0666666666666667
"140110","0125",0.0666666666666667
"140110","0126",0.0666666666666667
"140110","0127",0.0666666666666667
"140110","0128",0.0666666666666667
"140110","0129",0.0666666666666667
"140110","0130",0.0666666666666667
"140110","0210",0.0666666666666667
"140110","0220",0.0666666666666667
"140110","0230",0.0666666666666667
"140110","0240",0.0666666666666667
"140110","1102",0.0666666666666667
"140120","0121",0.0666666666666667
"140120","0122",0.0666666666666667
"140120","0123",0.0666666666666667
"140120","0124",0.0666666666666667
"140120","0125",0.0666666666666667
"140120","0126",0.0666666666666667
"140120","0127",0.0666666666666667
"140120","0128",0.0666666666666667
"140120","0129",0.0666666666666667
"140120","0130",0.0666666666666667
"140120","0210",0.0666666666666667
"140120","0220",0.0666666666666667
"140120","0230",0.0666666666666667
"140120","0240",0.0666666666666667
"140120","1102",0.0666666666666667
"140190","0121",0.0666666666666667
"140190","0122",0.0666666666666667
"140190","0123",0.0666666666666667
"140190","0124",0.0666666666666667
"140190","0125",0.0666666666666667
"140190","0126",0.0666666666666667
"140190","0127",0.0666666666666667
"140190","0128",0.0666666666666667
"140190","0129",0.0666666666666667
"140190","0130",0.0666666666666667
"140190","0210",0.0666666666666667
"140190","0220",0.0666666666666667
"140190","0230",0.0666666666666667
"140190","0240",0.0666666666666667
"140190","1102",0.0666666666666667
"140210","0121",0.0666666666666667
"140210","0122",0.0666666666666667
"140210","0123",0.0666666666666667
"140210","0124",0.0666666666666667
"140210","0125",0.0666666666666667
"140210","0126",0.0666666666666667
"140210","0127",0.0666666666666667
"140210","0128",0.0666666666666667
"140210","0129",0.0666666666666667
"140210","0130",0.0666666666666667
"140210","0210",0.0666666666666667
"140210","0220",0.0666666666666667
"140210","0230",0.0666666666666667
"140210","0240",0.0666666666666667
"140210","1102",0.0666666666666667
"140291","0121",0.0666666666666667
"140291","0122",0.0666666666666667
"140291","0123",0.0666666666666667
"140291","0124",0.0666666666666667
"140291","0125",0.0666666666666667
"140291","0126",0.0666666666666667
"140291","0127",0.0666666666666667
"140291","0128",0.0666666666666667
"140291","0129",0.0666666666666667
"140291","0130",0.0666666666666667
"140291","0210",0.0666666666666667
"140291","0220",0.0666666666666667
"140291","0230",0.0666666666666667
"140291","0240",0.0666666666666667
"140291","1102",0.0666666666666667
"140299","0121",0.0666666666666667
"140299","0122",0.0666666666666667
"140299","0123",0.0666666666666667
"140299","0124",0.0666666666666667
"140299","0125",0.0666666666666667
"140299","0126",0.0666666666666667
"140299","0127",0.0666666666666667
"140299","0128",0.0666666666666667
"140299","0129",0.0666666666666667
"140299","0130",0.0666666666666667
"140299","0210",0.0666666666666667
"140299","0220",0.0666666666666667
"140299","0230",0.0666666666666667
"140299","0240",0.0666666666666667
"140299","1102",0.0666666666666667
"140310","0121",0.0666666666666667
"140310","0122",0.0666666666666667
"140310","0123",0.0666666666666667
"140310","0124",0.0666666666666667
"140310","0125",0.0666666666666667
"140310","0126",0.0666666666666667
"140310","0127",0.0666666666666667
"140310","0128",0.0666666666666667
"140310","0129",0.0666666666666667
"140310","0130",0.0666666666666667
"140310","0210",0.0666666666666667
"140310","0220",0.0666666666666667
"140310","0230",0.0666666666666667
"140310","0240",0.0666666666666667
"140310","1102",0.0666666666666667
"140390","0121",0.0666666666666667
"140390","0122",0.0666666666666667
"140390","0123",0.0666666666666667
"140390","0124",0.0666666666666667
"140390","0125",0.0666666666666667
"140390","0126",0.0666666666666667
"140390","0127",0.0666666666666667
"140390","0128",0.0666666666666667
"140390","0129",0.0666666666666667
"140390","0130",0.0666666666666667
"140390","0210",0.0666666666666667
"140390","0220",0.0666666666666667
"140390","0230",0.0666666666666667
"140390","0240",0.0666666666666667
"140390","1102",0.0666666666666667
"140410","0121",0.0666666666666667
"140410","0122",0.0666666666666667
"140410","0123",0.0666666666666667
"140410","0124",0.0666666666666667
"140410","0125",0.0666666666666667
"140410","0126",0.0666666666666667
"140410","0127",0.0666666666666667
"140410","0128",0.0666666666666667
"140410","0129",0.0666666666666667
"140410","0130",0.0666666666666667
"140410","0210",0.0666666666666667
"140410","0220",0.0666666666666667
"140410","0230",0.0666666666666667
"140410","0240",0.0666666666666667
"140410","1102",0.0666666666666667
"140420","1040",1
"140490","0121",0.0666666666666667
"140490","0122",0.0666666666666667
"140490","0123",0.0666666666666667
"140490","0124",0.0666666666666667
"140490","0125",0.0666666666666667
"140490","0126",0.0666666666666667
"140490","0127",0.0666666666666667
"140490","0128",0.0666666666666667
"140490","0129",0.0666666666666667
"140490","0130",0.0666666666666667
"140490","0210",0.0666666666666667
"140490","0220",0.0666666666666667
"140490","0230",0.0666666666666667
"140490","0240",0.0666666666666667
"140490","1102",0.0666666666666667
"150100","1010",1
"150200","1010",1
"150300","1040",1
"150410","1040",1
"150420","1040",1
"150430","1040",1
"150510","1311",0.5
"150510","1312",0.5
"150590","1311",0.5
"150590","1312",0.5
"150600","1040",1
"150710","1040",1
"150790","1040",1
"150810","1040",1
"150890","1040",1
"150910","1040",1
"150990","1040",1
"151000","1040",1
"151110","1040",1
"151190","1040",1
"151211","1040",1
"151219","1040",1
"151221","1040",1
"151229","1040",1
"151311","1040",1
"151319","1040",1
"151321","1040",1
"151329","1040",1
"151410","1040",1
"151490","1040",1
"151511","1040",1
"151519","1040",1
"151521","1062",1
"151529","1062",1
"151530","1040",1
"151540","1040",1
"151550","1040",1
"151560","1040",1
"151590","1040",1
"151610","1040",1
"151620","1040",1
"151710","1040",1
"151790","1040",1
"151800","1079",0.166666666666667
"151800","2011",0.166666666666667
"151800","2029",0.166666666666667
"151800","2610",0.166666666666667
"151800","2680",0.166666666666667
"151800","2817",0.166666666666667
"151911","1910",0.5
"151911","2011",0.5
"151912","1910",0.5
"151912","2011",0.5
"151913","1910",0.5
"151913","2011",0.5
"151919","1910",0.5
"151919","2011",0.5
"151920","1910",0.5
"151920","2011",0.5
"152010","2023",1
"152090","2023",1
"152110","1040",1
"152190","0143",0.166666666666667
"152190","0145",0.166666666666667
"152190","0146",0.166666666666667
"152190","0149",0.166666666666667
"152190","0321",0.166666666666667
"152190","0322",0.166666666666667
"152200","1040",1
"160100","1010",1
"160210","1030",0.2
"160210","1071",0.2
"160210","1075",0.2
"160210","1079",0.2
"160210","3530",0.2
"160220","1010",1
"160231","1010",1
"160239","1010",1
"160241","1010",1
"160242","1010",1
"160249","1010",1
"160250","1010",1
"160290","1010",1
"160300","1010",1
"160411","1020",0.5
"160411","1075",0.5
"160412","1020",0.5
"160412","1075",0.5
"160413","1020",0.5
"160413","1075",0.5
"160414","1020",0.5
"160414","1075",0.5
"160415","1020",0.5
"160415","1075",0.5
"160416","1020",0.5
"160416","1075",0.5
"160419","1020",0.5
"160419","1075",0.5
"160420","1020",0.5
"160420","1075",0.5
"160430","1020",0.5
"160430","1075",0.5
"160510","1020",0.5
"160510","1075",0.5
"160520","1020",0.5
"160520","1075",0.5
"160530","1020",0.5
"160530","1075",0.5
"160540","1020",0.5
"160540","1075",0.5
"160590","1020",0.5
"160590","1075",0.5
"170111","1072",1
"170112","1072",1
"170191","1072",1
"170199","1072",1
"170210","1050",1
"170220","1072",1
"170230","1062",1
"170240","1062",1
"170250","1062",1
"170260","1062",1
"170290","1062",1
"170310","1072",1
"170390","1072",1
"170410","1073",1
"170490","1073",1
"180100","0121",0.1
"180100","0122",0.1
"180100","0123",0.1
"180100","0124",0.1
"180100","0125",0.1
"180100","0126",0.1
"180100","0127",0.1
"180100","0128",0.1
"180100","0230",0.1
"180100","1102",0.1
"180310","1073",1
"180320","1073",1
"180400","1073",1
"180500","1073",1
"180610","1073",1
"180620","1073",1
"180631","1073",1
"180632","1073",1
"180690","1073",1
"190110","1030",0.2
"190110","1071",0.2
"190110","1075",0.2
"190110","1079",0.2
"190110","3530",0.2
"190120","1061",1
"190190","1030",0.2
"190190","1071",0.2
"190190","1075",0.2
"190190","1079",0.2
"190190","3530",0.2
"190211","1074",0.5
"190211","1075",0.5
"190219","1074",0.5
"190219","1075",0.5
"190220","1074",0.5
"190220","1075",0.5
"190230","1074",0.5
"190230","1075",0.5
"190240","1074",0.5
"190240","1075",0.5
"190300","1062",1
"190410","1061",1
"190490","1061",1
"190510","1071",1
"190520","1071",1
"190530","1071",1
"190540","1071",1
"190590","1071",1
"200110","1030",0.5
"200110","1075",0.5
"200120","1030",0.5
"200120","1075",0.5
"200190","1030",0.5
"200190","1075",0.5
"200210","1030",0.5
"200210","1075",0.5
"200290","1030",0.5
"200290","1075",0.5
"200310","1030",0.5
"200310","1075",0.5
"200320","1030",0.5
"200320","1075",0.5
"200410","1030",0.5
"200410","1075",0.5
"200490","1030",0.5
"200490","1075",0.5
"200510","1030",0.2
"200510","1071",0.2
"200510","1075",0.2
"200510","1079",0.2
"200510","3530",0.2
"200520","1030",0.5
"200520","1075",0.5
"200530","1030",0.5
"200530","1075",0.5
"200540","1030",0.5
"200540","1075",0.5
"200551","1030",0.5
"200551","1075",0.5
"200559","1030",0.5
"200559","1075",0.5
"200560","1030",0.5
"200560","1075",0.5
"200570","1030",0.5
"200570","1075",0.5
"200580","1030",0.5
"200580","1075",0.5
"200590","1030",0.5
"200590","1075",0.5
"200600","1073",1
"200710","1030",0.2
"200710","1071",0.2
"200710","1075",0.2
"200710","1079",0.2
"200710","3530",0.2
"200791","1030",0.5
"200791","1075",0.5
"200799","1030",0.5
"200799","1075",0.5
"200811","1030",0.5
"200811","1075",0.5
"200819","1030",0.5
"200819","1075",0.5
"200820","1030",0.5
"200820","1075",0.5
"200830","1030",0.5
"200830","1075",0.5
"200840","1030",0.5
"200840","1075",0.5
"200850","1030",0.5
"200850","1075",0.5
"200860","1030",0.5
"200860","1075",0.5
"200870","1030",0.5
"200870","1075",0.5
"200880","1030",0.5
"200880","1075",0.5
"200891","1030",0.5
"200891","1075",0.5
"200892","1030",0.5
"200892","1075",0.5
"200899","1030",0.5
"200899","1075",0.5
"200911","1030",0.5
"200911","1075",0.5
"200919","1030",0.5
"200919","1075",0.5
"200920","1030",0.5
"200920","1075",0.5
"200930","1030",0.5
"200930","1075",0.5
"200940","1030",0.5
"200940","1075",0.5
"200950","1030",0.5
"200950","1075",0.5
"200960","1030",0.5
"200960","1075",0.5
"200970","1030",0.5
"200970","1075",0.5
"200980","1030",0.5
"200980","1075",0.5
"200990","1030",0.5
"200990","1075",0.5
"210110","1030",0.2
"210110","1071",0.2
"210110","1075",0.2
"210110","1079",0.2
"210110","3530",0.2
"210120","1030",0.2
"210120","1071",0.2
"210120","1075",0.2
"210120","1079",0.2
"210120","3530",0.2
"210130","1030",0.2
"210130","1071",0.2
"210130","1075",0.2
"210130","1079",0.2
"210130","3530",0.2
"210210","1030",0.2
"210210","1071",0.2
"210210","1075",0.2
"210210","1079",0.2
"210210","3530",0.2
"210220","1030",0.2
"210220","1071",0.2
"210220","1075",0.2
"210220","1079",0.2
"210220","3530",0.2
"210230","1030",0.2
"210230","1071",0.2
"210230","1075",0.2
"210230","1079",0.2
"210230","3530",0.2
"210310","1030",0.2
"210310","1071",0.2
"210310","1075",0.2
"210310","1079",0.2
"210310","3530",0.2
"210320","1030",0.2
"210320","1071",0.2
"210320","1075",0.2
"210320","1079",0.2
"210320","3530",0.2
"210330","1030",0.2
"210330","1071",0.2
"210330","1075",0.2
"210330","1079",0.2
"210330","3530",0.2
"210390","1030",0.2
"210390","1071",0.2
"210390","1075",0.2
"210390","1079",0.2
"210390","3530",0.2
"210410","1030",0.2
"210410","1071",0.2
"210410","1075",0.2
"210410","1079",0.2
"210410","3530",0.2
"210420","1030",0.2
"210420","1071",0.2
"210420","1075",0.2
"210420","1079",0.2
"210420","3530",0.2
"210500","1050",1
"210610","1030",0.2
"210610","1071",0.2
"210610","1075",0.2
"210610","1079",0.2
"210610","3530",0.2
"210690","1030",0.2
"210690","1071",0.2
"210690","1075",0.2
"210690","1079",0.2
"210690","3530",0.2
"220110","1104",1
"220190","1104",1
"220210","1104",1
"220290","1104",1
"220300","1103",1
"220410","1102",1
"220421","1102",1
"220429","1102",1
"220430","1102",1
"220510","1102",1
"220590","1102",1
"220600","1102",1
"220710","1101",0.5
"220710","2011",0.5
"220720","1101",0.5
"220720","2011",0.5
"220810","1101",0.5
"220810","2011",0.5
"220820","1101",0.5
"220820","2011",0.5
"220830","1101",0.5
"220830","2011",0.5
"220840","1101",0.5
"220840","2011",0.5
"220850","1101",0.5
"220850","2011",0.5
"220890","1101",0.5
"220890","2011",0.5
"220900","1030",0.2
"220900","1071",0.2
"220900","1075",0.2
"220900","1079",0.2
"220900","3530",0.2
"230110","1010",1
"230120","1020",0.5
"230120","1075",0.5
"230400","1040",1
"230500","1040",1
"230610","1040",1
"230620","1040",1
"230630","1040",1
"230640","1040",1
"230650","1040",1
"230660","1040",1
"230690","1040",1
"230910","1080",1
"230990","1080",1
"240110","0111",0.0909090909090909
"240110","0112",0.0909090909090909
"240110","0113",0.0909090909090909
"240110","0114",0.0909090909090909
"240110","0115",0.0909090909090909
"240110","0116",0.0909090909090909
"240110","0119",0.0909090909090909
"240110","0126",0.0909090909090909
"240110","0128",0.0909090909090909
"240110","0129",0.0909090909090909
"240110","0163",0.0909090909090909
"240120","0111",0.0909090909090909
"240120","0112",0.0909090909090909
"240120","0113",0.0909090909090909
"240120","0114",0.0909090909090909
"240120","0115",0.0909090909090909
"240120","0116",0.0909090909090909
"240120","0119",0.0909090909090909
"240120","0126",0.0909090909090909
"240120","0128",0.0909090909090909
"240120","0129",0.0909090909090909
"240120","0163",0.0909090909090909
"240210","1200",1
"240220","1200",1
"240290","1200",1
"240310","1200",1
"240391","1200",1
"240399","1200",1
"250100","0893",0.5
"250100","0990",0.5
"250200","0891",0.5
"250200","0990",0.5
"250310","0891",0.5
"250310","0990",0.5
"250390","1910",0.5
"250390","2011",0.5
"250410","0810",0.333333333333333
"250410","0899",0.333333333333333
"250410","0990",0.333333333333333
"250490","0810",0.333333333333333
"250490","0899",0.333333333333333
"250490","0990",0.333333333333333
"250510","0810",0.5
"250510","0990",0.5
"250590","0810",0.5
"250590","0990",0.5
"250610","0810",0.333333333333333
"250610","0899",0.333333333333333
"250610","0990",0.333333333333333
"250621","0810",0.333333333333333
"250621","0899",0.333333333333333
"250621","0990",0.333333333333333
"250629","0810",0.333333333333333
"250629","0899",0.333333333333333
"250629","0990",0.333333333333333
"250700","0810",0.5
"250700","0990",0.5
"250810","0810",0.5
"250810","0990",0.5
"250820","0810",0.5
"250820","0990",0.5
"250830","0810",0.5
"250830","0990",0.5
"250840","0810",0.5
"250840","0990",0.5
"250850","0810",0.5
"250850","0990",0.5
"250860","0810",0.5
"250860","0990",0.5
"250870","0810",0.5
"250870","0990",0.5
"250900","0810",0.5
"250900","0990",0.5
"251010","0891",0.5
"251010","0990",0.5
"251020","0891",0.5
"251020","0990",0.5
"251110","0891",0.5
"251110","0990",0.5
"251120","0891",0.5
"251120","0990",0.5
"251200","0810",0.333333333333333
"251200","0899",0.333333333333333
"251200","0990",0.333333333333333
"251311","0810",0.333333333333333
"251311","0899",0.333333333333333
"251311","0990",0.333333333333333
"251319","0810",0.333333333333333
"251319","0899",0.333333333333333
"251319","0990",0.333333333333333
"251321","0810",0.333333333333333
"251321","0899",0.333333333333333
"251321","0990",0.333333333333333
"251329","0810",0.333333333333333
"251329","0899",0.333333333333333
"251329","0990",0.333333333333333
"251400","0810",0.5
"251400","0990",0.5
"251511","0810",0.5
"251511","0990",0.5
"251512","0810",0.5
"251512","0990",0.5
"251520","0810",0.5
"251520","0990",0.5
"251611","0810",0.5
"251611","0990",0.5
"251612","0810",0.5
"251612","0990",0.5
"251621","0810",0.5
"251621","0990",0.5
"251622","0810",0.5
"251622","0990",0.5
"251690","0810",0.5
"251690","0990",0.5
"251710","0810",0.5
"251710","0990",0.5
"251720","0810",0.5
"251720","0990",0.5
"251730","0810",0.5
"251730","0990",0.5
"251741","0810",0.5
"251741","0990",0.5
"251749","0810",0.5
"251749","0990",0.5
"251810","0810",0.5
"251810","0990",0.5
"251820","0810",0.5
"251820","0990",0.5
"251830","0810",0.5
"251830","0990",0.5
"251910","0810",0.333333333333333
"251910","0899",0.333333333333333
"251910","0990",0.333333333333333
"251990","0810",0.333333333333333
"251990","0899",0.333333333333333
"251990","0990",0.333333333333333
"252010","0810",0.5
"252010","0990",0.5
"252020","2394",1
"252100","0810",0.5
"252100","0990",0.5
"252210","2394",1
"252220","2394",1
"252230","2394",1
"252310","2394",1
"252321","2394",1
"252329","2394",1
"252330","2394",1
"252390","2394",1
"252400","0810",0.333333333333333
"252400","0899",0.333333333333333
"252400","0990",0.333333333333333
"252510","0810",0.333333333333333
"252510","0899",0.333333333333333
"252510","0990",0.333333333333333
"252520","0810",0.333333333333333
"252520","0899",0.333333333333333
"252520","0990",0.333333333333333
"252530","0810",0.333333333333333
"252530","0899",0.333333333333333
"252530","0990",0.333333333333333
"252610","0810",0.333333333333333
"252610","0899",0.333333333333333
"252610","0990",0.333333333333333
"252620","0810",0.333333333333333
"252620","0899",0.333333333333333
"252620","0990",0.333333333333333
"252700","0891",0.5
"252700","0990",0.5
"252810","0891",0.5
"252810","0990",0.5
"252890","0891",0.5
"252890","0990",0.5
"252910","0810",0.333333333333333
"252910","0899",0.333333333333333
"252910","0990",0.333333333333333
"252921","0891",0.5
"252921","0990",0.5
"252922","0891",0.5
"252922","0990",0.5
"252930","0810",0.333333333333333
"252930","0899",0.333333333333333
"252930","0990",0.333333333333333
"253010","0810",0.333333333333333
"253010","0899",0.333333333333333
"253010","0990",0.333333333333333
"253020","0891",0.5
"253020","0990",0.5
"253030","0891",0.5
"253030","0990",0.5
"253040","0891",0.5
"253040","0990",0.5
"253090","0891",0.5
"253090","0990",0.5
"260111","0710",0.5
"260111","0990",0.5
"260112","0710",0.5
"260112","0990",0.5
"260120","1910",0.5
"260120","2011",0.5
"260200","0729",0.5
"260200","0990",0.5
"260300","0729",0.5
"260300","0990",0.5
"260400","0729",0.5
"260400","0990",0.5
"260500","0729",0.5
"260500","0990",0.5
"260600","0729",0.5
"260600","0990",0.5
"260700","0729",0.5
"260700","0990",0.5
"260800","0729",0.5
"260800","0990",0.5
"260900","0729",0.5
"260900","0990",0.5
"261000","0729",0.5
"261000","0990",0.5
"261100","0729",0.5
"261100","0990",0.5
"261210","0721",0.5
"261210","0990",0.5
"261220","0721",0.5
"261220","0990",0.5
"261310","0729",0.5
"261310","0990",0.5
"261390","0729",0.5
"261390","0990",0.5
"261400","0729",0.5
"261400","0990",0.5
"261510","0729",0.5
"261510","0990",0.5
"261590","0729",0.5
"261590","0990",0.5
"261610","0729",0.5
"261610","0990",0.5
"261690","0729",0.5
"261690","0990",0.5
"261710","0729",0.5
"261710","0990",0.5
"261790","0729",0.5
"261790","0990",0.5
"262100","0810",0.333333333333333
"262100","0899",0.333333333333333
"262100","0990",0.333333333333333
"270111","0510",0.333333333333333
"270111","0990",0.333333333333333
"270111","1920",0.333333333333333
"270112","0510",0.333333333333333
"270112","0990",0.333333333333333
"270112","1920",0.333333333333333
"270119","0510",0.333333333333333
"270119","0990",0.333333333333333
"270119","1920",0.333333333333333
"270120","0510",0.333333333333333
"270120","0990",0.333333333333333
"270120","1920",0.333333333333333
"270210","0520",0.333333333333333
"270210","0990",0.333333333333333
"270210","1920",0.333333333333333
"270220","0520",0.333333333333333
"270220","0990",0.333333333333333
"270220","1920",0.333333333333333
"270300","0892",0.5
"270300","0990",0.5
"270400","1910",1
"270500","3520",1
"270600","1910",1
"270710","1910",0.5
"270710","2011",0.5
"270720","1910",0.5
"270720","2011",0.5
"270730","1910",0.5
"270730","2011",0.5
"270740","1910",0.5
"270740","2011",0.5
"270750","1910",0.5
"270750","2011",0.5
"270760","1910",0.5
"270760","2011",0.5
"270791","1910",0.5
"270791","2011",0.5
"270799","1910",0.5
"270799","2011",0.5
"270810","1910",0.5
"270810","2011",0.5
"270820","1910",0.5
"270820","2011",0.5
"270900","0610",0.333333333333333
"270900","0620",0.333333333333333
"270900","0910",0.333333333333333
"271000","1920",1
"271111","0610",0.333333333333333
"271111","0620",0.333333333333333
"271111","0910",0.333333333333333
"271112","1920",1
"271113","1920",1
"271114","1920",1
"271119","1920",1
"271121","0610",0.333333333333333
"271121","0620",0.333333333333333
"271121","0910",0.333333333333333
"271129","1920",1
"271210","1920",1
"271220","1920",1
"271290","1920",1
"271311","1920",1
"271312","1920",1
"271320","1920",1
"271390","1920",1
"271410","0610",0.333333333333333
"271410","0620",0.333333333333333
"271410","0910",0.333333333333333
"271490","0810",0.333333333333333
"271490","0899",0.333333333333333
"271490","0990",0.333333333333333
"271500","1312",0.25
"271500","2399",0.25
"271500","3290",0.25
"271500","3319",0.25
"271600","3510",1
"280110","1910",0.5
"280110","2011",0.5
"280120","1910",0.5
"280120","2011",0.5
"280130","1910",0.5
"280130","2011",0.5
"280200","1910",0.5
"280200","2011",0.5
"280300","1910",0.5
"280300","2011",0.5
"280410","1910",0.5
"280410","2011",0.5
"280421","1910",0.5
"280421","2011",0.5
"280429","1910",0.5
"280429","2011",0.5
"280430","1910",0.5
"280430","2011",0.5
"280440","1910",0.5
"280440","2011",0.5
"280450","1910",0.5
"280450","2011",0.5
"280461","1910",0.5
"280461","2011",0.5
"280469","1910",0.5
"280469","2011",0.5
"280470","1910",0.5
"280470","2011",0.5
"280480","1910",0.5
"280480","2011",0.5
"280490","1910",0.5
"280490","2011",0.5
"280511","1910",0.5
"280511","2011",0.5
"280519","1910",0.5
"280519","2011",0.5
"280521","1910",0.5
"280521","2011",0.5
"280522","1910",0.5
"280522","2011",0.5
"280530","1910",0.5
"280530","2011",0.5
"280540","1910",0.5
"280540","2011",0.5
"280610","1910",0.5
"280610","2011",0.5
"280620","1910",0.5
"280620","2011",0.5
"280700","1910",0.5
"280700","2011",0.5
"280800","2012",0.5
"280800","3821",0.5
"280910","1910",0.5
"280910","2011",0.5
"280920","1910",0.5
"280920","2011",0.5
"281000","1910",0.5
"281000","2011",0.5
"281111","1910",0.5
"281111","2011",0.5
"281119","1910",0.5
"281119","2011",0.5
"281121","1910",0.5
"281121","2011",0.5
"281122","1910",0.5
"281122","2011",0.5
"281123","1910",0.5
"281123","2011",0.5
"281129","1910",0.5
"281129","2011",0.5
"281210","1910",0.5
"281210","2011",0.5
"281290","1910",0.5
"281290","2011",0.5
"281310","1910",0.5
"281310","2011",0.5
"281390","1910",0.5
"281390","2011",0.5
"281410","2012",0.5
"281410","3821",0.5
"281420","2012",0.5
"281420","3821",0.5
"281511","1910",0.5
"281511","2011",0.5
"281512","1910",0.5
"281512","2011",0.5
"281520","1910",0.5
"281520","2011",0.5
"281530","1910",0.5
"281530","2011",0.5
"281610","1910",0.5
"281610","2011",0.5
"281620","1910",0.5
"281620","2011",0.5
"281630","1910",0.5
"281630","2011",0.5
"281700","1910",0.5
"281700","2011",0.5
"281810","1312",0.25
"281810","2399",0.25
"281810","3290",0.25
"281810","3319",0.25
"281820","2420",1
"281830","1910",0.5
"281830","2011",0.5
"281910","1910",0.5
"281910","2011",0.5
"281990","1910",0.5
"281990","2011",0.5
"282010","1910",0.5
"282010","2011",0.5
"282090","1910",0.5
"282090","2011",0.5
"282110","1910",0.5
"282110","2011",0.5
"282120","1910",0.5
"282120","2011",0.5
"282200","1910",0.5
"282200","2011",0.5
"282300","1910",0.5
"282300","2011",0.5
"282410","1910",0.5
"282410","2011",0.5
"282420","1910",0.5
"282420","2011",0.5
"282490","1910",0.5
"282490","2011",0.5
"282510","1910",0.5
"282510","2011",0.5
"282520","1910",0.5
"282520","2011",0.5
"282530","1910",0.5
"282530","2011",0.5
"282540","1910",0.5
"282540","2011",0.5
"282550","1910",0.5
"282550","2011",0.5
"282560","1910",0.5
"282560","2011",0.5
"282570","1910",0.5
"282570","2011",0.5
"282580","1910",0.5
"282580","2011",0.5
"282590","1910",0.5
"282590","2011",0.5
"282611","1910",0.5
"282611","2011",0.5
"282612","1910",0.5
"282612","2011",0.5
"282619","1910",0.5
"282619","2011",0.5
"282620","1910",0.5
"282620","2011",0.5
"282630","1910",0.5
"282630","2011",0.5
"282690","1910",0.5
"282690","2011",0.5
"282710","2012",0.5
"282710","3821",0.5
"282720","1910",0.5
"282720","2011",0.5
"282731","1910",0.5
"282731","2011",0.5
"282732","1910",0.5
"282732","2011",0.5
"282733","1910",0.5
"282733","2011",0.5
"282734","1910",0.5
"282734","2011",0.5
"282735","1910",0.5
"282735","2011",0.5
"282736","1910",0.5
"282736","2011",0.5
"282737","1910",0.5
"282737","2011",0.5
"282738","1910",0.5
"282738","2011",0.5
"282739","1910",0.5
"282739","2011",0.5
"282741","1910",0.5
"282741","2011",0.5
"282749","1910",0.5
"282749","2011",0.5
"282751","1910",0.5
"282751","2011",0.5
"282759","1910",0.5
"282759","2011",0.5
"282760","1910",0.5
"282760","2011",0.5
"282810","1910",0.5
"282810","2011",0.5
"282890","1910",0.5
"282890","2011",0.5
"282911","1910",0.5
"282911","2011",0.5
"282919","1910",0.5
"282919","2011",0.5
"282990","1910",0.5
"282990","2011",0.5
"283010","1910",0.5
"283010","2011",0.5
"283020","1910",0.5
"283020","2011",0.5
"283030","1910",0.5
"283030","2011",0.5
"283090","1910",0.5
"283090","2011",0.5
"283110","1910",0.5
"283110","2011",0.5
"283190","1910",0.5
"283190","2011",0.5
"283210","1910",0.5
"283210","2011",0.5
"283220","1910",0.5
"283220","2011",0.5
"283230","1910",0.5
"283230","2011",0.5
"283311","1910",0.5
"283311","2011",0.5
"283319","1910",0.5
"283319","2011",0.5
"283321","1910",0.5
"283321","2011",0.5
"283322","1910",0.5
"283322","2011",0.5
"283323","1910",0.5
"283323","2011",0.5
"283324","1910",0.5
"283324","2011",0.5
"283325","1910",0.5
"283325","2011",0.5
"283326","1910",0.5
"283326","2011",0.5
"283327","1910",0.5
"283327","2011",0.5
"283329","1910",0.5
"283329","2011",0.5
"283330","1910",0.5
"283330","2011",0.5
"283340","1910",0.5
"283340","2011",0.5
"283410","2012",0.5
"283410","3821",0.5
"283421","2012",0.5
"283421","3821",0.5
"283422","1910",0.5
"283422","2011",0.5
"283429","1910",0.5
"283429","2011",0.5
"283510","1910",0.5
"283510","2011",0.5
"283521","2012",0.5
"283521","3821",0.5
"283522","1910",0.5
"283522","2011",0.5
"283523","1910",0.5
"283523","2011",0.5
"283524","1910",0.5
"283524","2011",0.5
"283525","1910",0.5
"283525","2011",0.5
"283526","1910",0.5
"283526","2011",0.5
"283529","1910",0.5
"283529","2011",0.5
"283531","1910",0.5
"283531","2011",0.5
"283539","1910",0.5
"283539","2011",0.5
"283610","2012",0.5
"283610","3821",0.5
"283620","1910",0.5
"283620","2011",0.5
"283630","1910",0.5
"283630","2011",0.5
"283640","1910",0.5
"283640","2011",0.5
"283650","1910",0.5
"283650","2011",0.5
"283660","1910",0.5
"283660","2011",0.5
"283670","1910",0.5
"283670","2011",0.5
"283691","1910",0.5
"283691","2011",0.5
"283692","1910",0.5
"283692","2011",0.5
"283693","1910",0.5
"283693","2011",0.5
"283699","1910",0.5
"283699","2011",0.5
"283711","1910",0.5
"283711","2011",0.5
"283719","1910",0.5
"283719","2011",0.5
"283720","1910",0.5
"283720","2011",0.5
"283800","1910",0.5
"283800","2011",0.5
"283911","1910",0.5
"283911","2011",0.5
"283919","1910",0.5
"283919","2011",0.5
"283920","1910",0.5
"283920","2011",0.5
"283990","1910",0.5
"283990","2011",0.5
"284011","1910",0.5
"284011","2011",0.5
"284019","1910",0.5
"284019","2011",0.5
"284020","1910",0.5
"284020","2011",0.5
"284030","1910",0.5
"284030","2011",0.5
"284110","1910",0.5
"284110","2011",0.5
"284120","1910",0.5
"284120","2011",0.5
"284130","1910",0.5
"284130","2011",0.5
"284140","1910",0.5
"284140","2011",0.5
"284150","1910",0.5
"284150","2011",0.5
"284160","1910",0.5
"284160","2011",0.5
"284170","1910",0.5
"284170","2011",0.5
"284180","1910",0.5
"284180","2011",0.5
"284190","1910",0.5
"284190","2011",0.5
"284210","1910",0.5
"284210","2011",0.5
"284290","1910",0.5
"284290","2011",0.5
"284310","1910",0.5
"284310","2011",0.5
"284321","1910",0.5
"284321","2011",0.5
"284329","1910",0.5
"284329","2011",0.5
"284330","1910",0.5
"284330","2011",0.5
"284390","1910",0.5
"284390","2011",0.5
"284410","2011",0.2
"284410","2100",0.2
"284410","2420",0.2
"284410","3812",0.2
"284410","3822",0.2
"284420","2011",0.2
"284420","2100",0.2
"284420","2420",0.2
"284420","3812",0.2
"284420","3822",0.2
"284430","2011",0.2
"284430","2100",0.2
"284430","2420",0.2
"284430","3812",0.2
"284430","3822",0.2
"284440","2011",0.2
"284440","2100",0.2
"284440","2420",0.2
"284440","3812",0.2
"284440","3822",0.2
"284450","3510",1
"284510","1910",0.5
"284510","2011",0.5
"284590","1910",0.5
"284590","2011",0.5
"284610","1910",0.5
"284610","2011",0.5
"284690","1910",0.5
"284690","2011",0.5
"284700","1910",0.5
"284700","2011",0.5
"284810","1910",0.5
"284810","2011",0.5
"284890","1910",0.5
"284890","2011",0.5
"284910","1910",0.5
"284910","2011",0.5
"284920","1910",0.5
"284920","2011",0.5
"284990","1910",0.5
"284990","2011",0.5
"285000","1910",0.5
"285000","2011",0.5
"285100","1910",0.5
"285100","2011",0.5
"290110","1910",0.5
"290110","2011",0.5
"290121","1910",0.5
"290121","2011",0.5
"290122","1910",0.5
"290122","2011",0.5
"290123","1910",0.5
"290123","2011",0.5
"290124","1910",0.5
"290124","2011",0.5
"290129","1910",0.5
"290129","2011",0.5
"290211","1910",0.5
"290211","2011",0.5
"290219","1910",0.5
"290219","2011",0.5
"290220","1910",0.5
"290220","2011",0.5
"290230","1910",0.5
"290230","2011",0.5
"290241","1910",0.5
"290241","2011",0.5
"290242","1910",0.5
"290242","2011",0.5
"290243","1910",0.5
"290243","2011",0.5
"290244","1910",0.5
"290244","2011",0.5
"290250","1910",0.5
"290250","2011",0.5
"290260","1910",0.5
"290260","2011",0.5
"290270","1910",0.5
"290270","2011",0.5
"290290","1910",0.5
"290290","2011",0.5
"290311","1910",0.5
"290311","2011",0.5
"290312","1910",0.5
"290312","2011",0.5
"290313","1910",0.5
"290313","2011",0.5
"290314","1910",0.5
"290314","2011",0.5
"290315","1910",0.5
"290315","2011",0.5
"290316","1910",0.5
"290316","2011",0.5
"290319","1910",0.5
"290319","2011",0.5
"290321","1910",0.5
"290321","2011",0.5
"290322","1910",0.5
"290322","2011",0.5
"290323","1910",0.5
"290323","2011",0.5
"290329","1910",0.5
"290329","2011",0.5
"290330","1910",0.5
"290330","2011",0.5
"290340","1910",0.5
"290340","2011",0.5
"290351","1910",0.5
"290351","2011",0.5
"290359","1910",0.5
"290359","2011",0.5
"290361","1910",0.5
"290361","2011",0.5
"290362","1910",0.5
"290362","2011",0.5
"290369","1910",0.5
"290369","2011",0.5
"290410","1910",0.5
"290410","2011",0.5
"290420","1910",0.5
"290420","2011",0.5
"290490","1910",0.5
"290490","2011",0.5
"290511","1910",0.5
"290511","2011",0.5
"290512","1910",0.5
"290512","2011",0.5
"290513","1910",0.5
"290513","2011",0.5
"290514","1910",0.5
"290514","2011",0.5
"290515","1910",0.5
"290515","2011",0.5
"290516","1910",0.5
"290516","2011",0.5
"290517","1910",0.5
"290517","2011",0.5
"290519","1910",0.5
"290519","2011",0.5
"290521","1910",0.5
"290521","2011",0.5
"290522","1910",0.5
"290522","2011",0.5
"290529","1910",0.5
"290529","2011",0.5
"290531","1910",0.5
"290531","2011",0.5
"290532","1910",0.5
"290532","2011",0.5
"290539","1910",0.5
"290539","2011",0.5
"290541","1910",0.5
"290541","2011",0.5
"290542","1910",0.5
"290542","2011",0.5
"290543","1910",0.5
"290543","2011",0.5
"290544","1910",0.5
"290544","2011",0.5
"290549","1910",0.5
"290549","2011",0.5
"290550","1910",0.5
"290550","2011",0.5
"290611","1910",0.5
"290611","2011",0.5
"290612","1910",0.5
"290612","2011",0.5
"290613","1910",0.5
"290613","2011",0.5
"290614","1910",0.5
"290614","2011",0.5
"290619","1910",0.5
"290619","2011",0.5
"290621","1910",0.5
"290621","2011",0.5
"290629","1910",0.5
"290629","2011",0.5
"290711","1910",0.5
"290711","2011",0.5
"290712","1910",0.5
"290712","2011",0.5
"290713","1910",0.5
"290713","2011",0.5
"290714","1910",0.5
"290714","2011",0.5
"290715","1910",0.5
"290715","2011",0.5
"290719","1910",0.5
"290719","2011",0.5
"290721","1910",0.5
"290721","2011",0.5
"290722","1910",0.5
"290722","2011",0.5
"290723","1910",0.5
"290723","2011",0.5
"290729","1910",0.5
"290729","2011",0.5
"290730","1910",0.5
"290730","2011",0.5
"290810","1910",0.5
"290810","2011",0.5
"290820","1910",0.5
"290820","2011",0.5
"290890","1910",0.5
"290890","2011",0.5
"290911","1910",0.5
"290911","2011",0.5
"290919","1910",0.5
"290919","2011",0.5
"290920","1910",0.5
"290920","2011",0.5
"290930","1910",0.5
"290930","2011",0.5
"290941","1910",0.5
"290941","2011",0.5
"290942","1910",0.5
"290942","2011",0.5
"290943","1910",0.5
"290943","2011",0.5
"290944","1910",0.5
"290944","2011",0.5
"290949","1910",0.5
"290949","2011",0.5
"290950","1910",0.5
"290950","2011",0.5
"290960","1910",0.5
"290960","2011",0.5
"291010","1910",0.5
"291010","2011",0.5
"291020","1910",0.5
"291020","2011",0.5
"291030","1910",0.5
"291030","2011",0.5
"291090","1910",0.5
"291090","2011",0.5
"291100","1910",0.5
"291100","2011",0.5
"291211","1910",0.5
"291211","2011",0.5
"291212","1910",0.5
"291212","2011",0.5
"291213","1910",0.5
"291213","2011",0.5
"291219","1910",0.5
"291219","2011",0.5
"291221","1910",0.5
"291221","2011",0.5
"291229","1910",0.5
"291229","2011",0.5
"291230","1910",0.5
"291230","2011",0.5
"291241","1910",0.5
"291241","2011",0.5
"291242","1910",0.5
"291242","2011",0.5
"291249","1910",0.5
"291249","2011",0.5
"291250","1910",0.5
"291250","2011",0.5
"291260","1910",0.5
"291260","2011",0.5
"291300","1910",0.5
"291300","2011",0.5
"291411","1910",0.5
"291411","2011",0.5
"291412","1910",0.5
"291412","2011",0.5
"291413","1910",0.5
"291413","2011",0.5
"291419","1910",0.5
"291419","2011",0.5
"291421","1910",0.5
"291421","2011",0.5
"291422","1910",0.5
"291422","2011",0.5
"291423","1910",0.5
"291423","2011",0.5
"291429","1910",0.5
"291429","2011",0.5
"291430","1910",0.5
"291430","2011",0.5
"291441","1910",0.5
"291441","2011",0.5
"291449","1910",0.5
"291449","2011",0.5
"291450","1910",0.5
"291450","2011",0.5
"291461","1910",0.5
"291461","2011",0.5
"291469","1910",0.5
"291469","2011",0.5
"291470","1910",0.5
"291470","2011",0.5
"291511","1910",0.5
"291511","2011",0.5
"291512","1910",0.5
"291512","2011",0.5
"291513","1910",0.5
"291513","2011",0.5
"291521","1910",0.5
"291521","2011",0.5
"291522","1910",0.5
"291522","2011",0.5
"291523","1910",0.5
"291523","2011",0.5
"291524","1910",0.5
"291524","2011",0.5
"291529","1910",0.5
"291529","2011",0.5
"291531","1910",0.5
"291531","2011",0.5
"291532","1910",0.5
"291532","2011",0.5
"291533","1910",0.5
"291533","2011",0.5
"291534","1910",0.5
"291534","2011",0.5
"291535","1910",0.5
"291535","2011",0.5
"291539","1910",0.5
"291539","2011",0.5
"291540","1910",0.5
"291540","2011",0.5
"291550","1910",0.5
"291550","2011",0.5
"291560","1910",0.5
"291560","2011",0.5
"291570","1910",0.5
"291570","2011",0.5
"291590","1910",0.5
"291590","2011",0.5
"291611","1910",0.5
"291611","2011",0.5
"291612","1910",0.5
"291612","2011",0.5
"291613","1910",0.5
"291613","2011",0.5
"291614","1910",0.5
"291614","2011",0.5
"291615","1910",0.5
"291615","2011",0.5
"291619","1910",0.5
"291619","2011",0.5
"291620","1910",0.5
"291620","2011",0.5
"291631","1910",0.5
"291631","2011",0.5
"291632","1910",0.5
"291632","2011",0.5
"291633","1910",0.5
"291633","2011",0.5
"291639","1910",0.5
"291639","2011",0.5
"291711","1910",0.5
"291711","2011",0.5
"291712","1910",0.5
"291712","2011",0.5
"291713","1910",0.5
"291713","2011",0.5
"291714","1910",0.5
"291714","2011",0.5
"291719","1910",0.5
"291719","2011",0.5
"291720","1910",0.5
"291720","2011",0.5
"291731","1910",0.5
"291731","2011",0.5
"291732","1910",0.5
"291732","2011",0.5
"291733","1910",0.5
"291733","2011",0.5
"291734","1910",0.5
"291734","2011",0.5
"291735","1910",0.5
"291735","2011",0.5
"291736","1910",0.5
"291736","2011",0.5
"291737","1910",0.5
"291737","2011",0.5
"291739","1910",0.5
"291739","2011",0.5
"291811","1910",0.5
"291811","2011",0.5
"291812","1910",0.5
"291812","2011",0.5
"291813","1910",0.5
"291813","2011",0.5
"291814","1910",0.5
"291814","2011",0.5
"291815","1910",0.5
"291815","2011",0.5
"291816","1910",0.5
"291816","2011",0.5
"291817","1910",0.5
"291817","2011",0.5
"291819","1910",0.5
"291819","2011",0.5
"291821","2100",0.5
"291821","3250",0.5
"291822","2100",0.5
"291822","3250",0.5
"291823","2100",0.5
"291823","3250",0.5
"291829","1910",0.5
"291829","2011",0.5
"291830","1910",0.5
"291830","2011",0.5
"291890","1910",0.5
"291890","2011",0.5
"291900","1910",0.5
"291900","2011",0.5
"292010","1910",0.5
"292010","2011",0.5
"292090","1910",0.5
"292090","2011",0.5
"292111","1910",0.5
"292111","2011",0.5
"292112","1910",0.5
"292112","2011",0.5
"292119","1910",0.5
"292119","2011",0.5
"292121","1910",0.5
"292121","2011",0.5
"292122","1910",0.5
"292122","2011",0.5
"292129","1910",0.5
"292129","2011",0.5
"292130","1910",0.5
"292130","2011",0.5
"292141","1910",0.5
"292141","2011",0.5
"292142","1910",0.5
"292142","2011",0.5
"292143","1910",0.5
"292143","2011",0.5
"292144","1910",0.5
"292144","2011",0.5
"292145","1910",0.5
"292145","2011",0.5
"292149","1910",0.5
"292149","2011",0.5
"292151","1910",0.5
"292151","2011",0.5
"292159","1910",0.5
"292159","2011",0.5
"292211","1910",0.5
"292211","2011",0.5
"292212","1910",0.5
"292212","2011",0.5
"292213","1910",0.5
"292213","2011",0.5
"292219","1910",0.5
"292219","2011",0.5
"292221","1910",0.5
"292221","2011",0.5
"292222","1910",0.5
"292222","2011",0.5
"292229","1910",0.5
"292229","2011",0.5
"292230","1910",0.5
"292230","2011",0.5
"292241","2100",0.5
"292241","3250",0.5
"292242","2100",0.5
"292242","3250",0.5
"292249","1910",0.5
"292249","2011",0.5
"292250","1910",0.5
"292250","2011",0.5
"292310","2100",0.5
"292310","3250",0.5
"292320","2100",0.5
"292320","3250",0.5
"292390","2100",0.5
"292390","3250",0.5
"292410","2100",0.5
"292410","3250",0.5
"292421","1910",0.5
"292421","2011",0.5
"292429","2100",0.5
"292429","3250",0.5
"292511","1910",0.5
"292511","2011",0.5
"292519","1910",0.5
"292519","2011",0.5
"292520","1910",0.5
"292520","2011",0.5
"292610","1910",0.5
"292610","2011",0.5
"292620","1910",0.5
"292620","2011",0.5
"292690","1910",0.5
"292690","2011",0.5
"292700","1910",0.5
"292700","2011",0.5
"292800","1910",0.5
"292800","2011",0.5
"292910","1910",0.5
"292910","2011",0.5
"292990","1910",0.5
"292990","2011",0.5
"293010","1910",0.5
"293010","2011",0.5
"293020","1910",0.5
"293020","2011",0.5
"293030","1910",0.5
"293030","2011",0.5
"293040","1910",0.5
"293040","2011",0.5
"293090","1910",0.5
"293090","2011",0.5
"293100","1910",0.5
"293100","2011",0.5
"293211","1910",0.5
"293211","2011",0.5
"293212","1910",0.5
"293212","2011",0.5
"293213","1910",0.5
"293213","2011",0.5
"293219","1910",0.5
"293219","2011",0.5
"293221","1910",0.5
"293221","2011",0.5
"293229","2100",0.5
"293229","3250",0.5
"293290","1910",0.5
"293290","2011",0.5
"293311","2100",0.5
"293311","3250",0.5
"293319","2100",0.5
"293319","3250",0.5
"293321","2100",0.5
"293321","3250",0.5
"293329","1910",0.5
"293329","2011",0.5
"293331","1910",0.5
"293331","2011",0.5
"293339","1910",0.5
"293339","2011",0.5
"293340","1910",0.5
"293340","2011",0.5
"293351","2100",0.5
"293351","3250",0.5
"293359","2100",0.5
"293359","3250",0.5
"293361","2100",0.5
"293361","3250",0.5
"293369","2100",0.5
"293369","3250",0.5
"293371","1910",0.5
"293371","2011",0.5
"293379","1910",0.5
"293379","2011",0.5
"293390","1910",0.5
"293390","2011",0.5
"293410","1910",0.5
"293410","2011",0.5
"293420","1910",0.5
"293420","2011",0.5
"293430","2100",0.5
"293430","3250",0.5
"293490","1910",0.5
"293490","2011",0.5
"293500","2100",0.5
"293500","3250",0.5
"293610","2100",0.5
"293610","3250",0.5
"293621","2100",0.5
"293621","3250",0.5
"293622","2100",0.5
"293622","3250",0.5
"293623","2100",0.5
"293623","3250",0.5
"293624","2100",0.5
"293624","3250",0.5
"293625","2100",0.5
"293625","3250",0.5
"293626","2100",0.5
"293626","3250",0.5
"293627","2100",0.5
"293627","3250",0.5
"293628","2100",0.5
"293628","3250",0.5
"293629","2100",0.5
"293629","3250",0.5
"293690","2100",0.5
"293690","3250",0.5
"293710","2100",0.5
"293710","3250",0.5
"293721","2100",0.5
"293721","3250",0.5
"293722","2100",0.5
"293722","3250",0.5
"293729","2100",0.5
"293729","3250",0.5
"293791","2100",0.5
"293791","3250",0.5
"293792","2100",0.5
"293792","3250",0.5
"293799","2100",0.5
"293799","3250",0.5
"293810","2100",0.5
"293810","3250",0.5
"293890","2100",0.5
"293890","3250",0.5
"293910","2100",0.5
"293910","3250",0.5
"293921","2100",0.5
"293921","3250",0.5
"293929","2100",0.5
"293929","3250",0.5
"293930","2100",0.5
"293930","3250",0.5
"293940","2100",0.5
"293940","3250",0.5
"293950","2100",0.5
"293950","3250",0.5
"293960","2100",0.5
"293960","3250",0.5
"293970","2100",0.5
"293970","3250",0.5
"293990","2100",0.5
"293990","3250",0.5
"294000","2100",0.5
"294000","3250",0.5
"294110","2100",0.5
"294110","3250",0.5
"294120","2100",0.5
"294120","3250",0.5
"294130","2100",0.5
"294130","3250",0.5
"294140","2100",0.5
"294140","3250",0.5
"294150","2100",0.5
"294150","3250",0.5
"294190","2100",0.5
"294190","3250",0.5
"294200","1910",0.5
"294200","2011",0.5
"300110","2100",0.5
"300110","3250",0.5
"300120","2100",0.5
"300120","3250",0.5
"300190","2100",0.5
"300190","3250",0.5
"300210","2100",0.5
"300210","3250",0.5
"300220","2100",0.5
"300220","3250",0.5
"300231","2100",0.5
"300231","3250",0.5
"300239","2100",0.5
"300239","3250",0.5
"300290","2100",0.5
"300290","3250",0.5
"300310","2100",0.5
"300310","3250",0.5
"300320","2100",0.5
"300320","3250",0.5
"300331","2100",0.5
"300331","3250",0.5
"300339","2100",0.5
"300339","3250",0.5
"300340","2100",0.5
"300340","3250",0.5
"300390","2100",0.5
"300390","3250",0.5
"300410","2100",0.5
"300410","3250",0.5
"300420","2100",0.5
"300420","3250",0.5
"300431","2100",0.5
"300431","3250",0.5
"300432","2100",0.5
"300432","3250",0.5
"300439","2100",0.5
"300439","3250",0.5
"300440","2100",0.5
"300440","3250",0.5
"300450","2100",0.5
"300450","3250",0.5
"300490","2100",0.5
"300490","3250",0.5
"300510","2100",0.5
"300510","3250",0.5
"300590","2100",0.5
"300590","3250",0.5
"300610","2100",0.5
"300610","3250",0.5
"300620","2100",0.5
"300620","3250",0.5
"300630","2100",0.5
"300630","3250",0.5
"300640","2100",0.5
"300640","3250",0.5
"300650","2100",0.5
"300650","3250",0.5
"300660","2100",0.5
"300660","3250",0.5
"310100","2012",0.5
"310100","3821",0.5
"310210","2012",0.5
"310210","3821",0.5
"310221","2012",0.5
"310221","3821",0.5
"310229","2012",0.5
"310229","3821",0.5
"310230","2012",0.5
"310230","3821",0.5
"310240","2012",0.5
"310240","3821",0.5
"310250","2012",0.5
"310250","3821",0.5
"310260","2012",0.5
"310260","3821",0.5
"310270","2012",0.5
"310270","3821",0.5
"310280","2012",0.5
"310280","3821",0.5
"310290","2012",0.5
"310290","3821",0.5
"310310","2012",0.5
"310310","3821",0.5
"310320","2012",0.5
"310320","3821",0.5
"310390","2012",0.5
"310390","3821",0.5
"310410","0891",0.5
"310410","0990",0.5
"310420","2012",0.5
"310420","3821",0.5
"310430","2012",0.5
"310430","3821",0.5
"310490","2012",0.5
"310490","3821",0.5
"310510","2012",0.5
"310510","3821",0.5
"310520","2012",0.5
"310520","3821",0.5
"310530","2012",0.5
"310530","3821",0.5
"310540","2012",0.5
"310540","3821",0.5
"310551","2012",0.5
"310551","3821",0.5
"310559","2012",0.5
"310559","3821",0.5
"310560","2012",0.5
"310560","3821",0.5
"310590","2012",0.5
"310590","3821",0.5
"320110","1910",0.5
"320110","2011",0.5
"320120","1910",0.5
"320120","2011",0.5
"320130","1910",0.5
"320130","2011",0.5
"320190","1910",0.5
"320190","2011",0.5
"320210","1910",0.5
"320210","2011",0.5
"320290","1910",0.5
"320290","2011",0.5
"320300","1910",0.5
"320300","2011",0.5
"320411","1910",0.5
"320411","2011",0.5
"320412","1910",0.5
"320412","2011",0.5
"320413","1910",0.5
"320413","2011",0.5
"320414","1910",0.5
"320414","2011",0.5
"320415","1910",0.5
"320415","2011",0.5
"320416","1910",0.5
"320416","2011",0.5
"320417","1910",0.5
"320417","2011",0.5
"320419","1910",0.5
"320419","2011",0.5
"320420","1910",0.5
"320420","2011",0.5
"320490","1910",0.5
"320490","2011",0.5
"320500","1910",0.5
"320500","2011",0.5
"320610","1910",0.5
"320610","2011",0.5
"320620","1910",0.5
"320620","2011",0.5
"320630","1910",0.5
"320630","2011",0.5
"320641","1910",0.5
"320641","2011",0.5
"320642","1910",0.5
"320642","2011",0.5
"320643","1910",0.5
"320643","2011",0.5
"320649","1910",0.5
"320649","2011",0.5
"320650","1910",0.5
"320650","2011",0.5
"320710","2022",1
"320720","2022",1
"320730","2022",1
"320740","2022",1
"320810","2022",1
"320820","2022",1
"320890","2022",1
"320910","2022",1
"320990","2022",1
"321000","2022",1
"321100","2022",1
"321210","2022",1
"321290","2022",1
"321310","2022",1
"321390","2022",1
"321410","2022",1
"321490","2022",1
"321511","2022",1
"321519","2022",1
"321590","1079",0.166666666666667
"321590","2011",0.166666666666667
"321590","2029",0.166666666666667
"321590","2610",0.166666666666667
"321590","2680",0.166666666666667
"321590","2817",0.166666666666667
"330111","1079",0.166666666666667
"330111","2011",0.166666666666667
"330111","2029",0.166666666666667
"330111","2610",0.166666666666667
"330111","2680",0.166666666666667
"330111","2817",0.166666666666667
"330112","1079",0.166666666666667
"330112","2011",0.166666666666667
"330112","2029",0.166666666666667
"330112","2610",0.166666666666667
"330112","2680",0.166666666666667
"330112","2817",0.166666666666667
"330113","1079",0.166666666666667
"330113","2011",0.166666666666667
"330113","2029",0.166666666666667
"330113","2610",0.166666666666667
"330113","2680",0.166666666666667
"330113","2817",0.166666666666667
"330114","1079",0.166666666666667
"330114","2011",0.166666666666667
"330114","2029",0.166666666666667
"330114","2610",0.166666666666667
"330114","2680",0.166666666666667
"330114","2817",0.166666666666667
"330119","1079",0.166666666666667
"330119","2011",0.166666666666667
"330119","2029",0.166666666666667
"330119","2610",0.166666666666667
"330119","2680",0.166666666666667
"330119","2817",0.166666666666667
"330121","1079",0.166666666666667
"330121","2011",0.166666666666667
"330121","2029",0.166666666666667
"330121","2610",0.166666666666667
"330121","2680",0.166666666666667
"330121","2817",0.166666666666667
"330122","1079",0.166666666666667
"330122","2011",0.166666666666667
"330122","2029",0.166666666666667
"330122","2610",0.166666666666667
"330122","2680",0.166666666666667
"330122","2817",0.166666666666667
"330123","1079",0.166666666666667
"330123","2011",0.166666666666667
"330123","2029",0.166666666666667
"330123","2610",0.166666666666667
"330123","2680",0.166666666666667
"330123","2817",0.166666666666667
"330124","1079",0.166666666666667
"330124","2011",0.166666666666667
"330124","2029",0.166666666666667
"330124","2610",0.166666666666667
"330124","2680",0.166666666666667
"330124","2817",0.166666666666667
"330125","1079",0.166666666666667
"330125","2011",0.166666666666667
"330125","2029",0.166666666666667
"330125","2610",0.166666666666667
"330125","2680",0.166666666666667
"330125","2817",0.166666666666667
"330126","1079",0.166666666666667
"330126","2011",0.166666666666667
"330126","2029",0.166666666666667
"330126","2610",0.166666666666667
"330126","2680",0.166666666666667
"330126","2817",0.166666666666667
"330129","1079",0.166666666666667
"330129","2011",0.166666666666667
"330129","2029",0.166666666666667
"330129","2610",0.166666666666667
"330129","2680",0.166666666666667
"330129","2817",0.166666666666667
"330130","1079",0.166666666666667
"330130","2011",0.166666666666667
"330130","2029",0.166666666666667
"330130","2610",0.166666666666667
"330130","2680",0.166666666666667
"330130","2817",0.166666666666667
"330190","1079",0.166666666666667
"330190","2011",0.166666666666667
"330190","2029",0.166666666666667
"330190","2610",0.166666666666667
"330190","2680",0.166666666666667
"330190","2817",0.166666666666667
"330210","1079",0.166666666666667
"330210","2011",0.166666666666667
"330210","2029",0.166666666666667
"330210","2610",0.166666666666667
"330210","2680",0.166666666666667
"330210","2817",0.166666666666667
"330290","1079",0.166666666666667
"330290","2011",0.166666666666667
"330290","2029",0.166666666666667
"330290","2610",0.166666666666667
"330290","2680",0.166666666666667
"330290","2817",0.166666666666667
"330300","2023",1
"330410","2023",1
"330420","2023",1
"330430","2023",1
"330491","2023",1
"330499","2023",1
"330510","2023",1
"330520","2023",1
"330530","2023",1
"330590","2023",1
"330610","2023",1
"330690","2023",1
"330710","2023",1
"330720","2023",1
"330730","2023",1
"330741","2023",1
"330749","2023",1
"330790","2023",1
"340111","2023",1
"340119","2023",1
"340120","2023",1
"340211","2023",1
"340212","2023",1
"340213","2023",1
"340219","2023",1
"340220","2023",1
"340290","2023",1
"340311","1079",0.166666666666667
"340311","2011",0.166666666666667
"340311","2029",0.166666666666667
"340311","2610",0.166666666666667
"340311","2680",0.166666666666667
"340311","2817",0.166666666666667
"340319","1079",0.166666666666667
"340319","2011",0.166666666666667
"340319","2029",0.166666666666667
"340319","2610",0.166666666666667
"340319","2680",0.166666666666667
"340319","2817",0.166666666666667
"340391","1079",0.166666666666667
"340391","2011",0.166666666666667
"340391","2029",0.166666666666667
"340391","2610",0.166666666666667
"340391","2680",0.166666666666667
"340391","2817",0.166666666666667
"340399","1079",0.166666666666667
"340399","2011",0.166666666666667
"340399","2029",0.166666666666667
"340399","2610",0.166666666666667
"340399","2680",0.166666666666667
"340399","2817",0.166666666666667
"340410","2023",1
"340420","2023",1
"340490","2023",1
"340510","2023",1
"340520","2023",1
"340530","2023",1
"340540","2023",1
"340590","2023",1
"340600","1399",0.0769230769230769
"340600","1512",0.0769230769230769
"340600","1629",0.0769230769230769
"340600","1709",0.0769230769230769
"340600","2029",0.0769230769230769
"340600","2219",0.0769230769230769
"340600","2220",0.0769230769230769
"340600","2599",0.0769230769230769
"340600","2829",0.0769230769230769
"340600","3092",0.0769230769230769
"340600","3212",0.0769230769230769
"340600","3290",0.0769230769230769
"340600","3312",0.0769230769230769
"340700","1079",0.166666666666667
"340700","2011",0.166666666666667
"340700","2029",0.166666666666667
"340700","2610",0.166666666666667
"340700","2680",0.166666666666667
"340700","2817",0.166666666666667
"350110","1050",1
"350190","1079",0.166666666666667
"350190","2011",0.166666666666667
"350190","2029",0.166666666666667
"350190","2610",0.166666666666667
"350190","2680",0.166666666666667
"350190","2817",0.166666666666667
"350210","1030",0.2
"350210","1071",0.2
"350210","1075",0.2
"350210","1079",0.2
"350210","3530",0.2
"350290","1079",0.166666666666667
"350290","2011",0.166666666666667
"350290","2029",0.166666666666667
"350290","2610",0.166666666666667
"350290","2680",0.166666666666667
"350290","2817",0.166666666666667
"350300","1079",0.166666666666667
"350300","2011",0.166666666666667
"350300","2029",0.166666666666667
"350300","2610",0.166666666666667
"350300","2680",0.166666666666667
"350300","2817",0.166666666666667
"350400","1079",0.166666666666667
"350400","2011",0.166666666666667
"350400","2029",0.166666666666667
"350400","2610",0.166666666666667
"350400","2680",0.166666666666667
"350400","2817",0.166666666666667
"350510","1062",1
"350520","1079",0.166666666666667
"350520","2011",0.166666666666667
"350520","2029",0.166666666666667
"350520","2610",0.166666666666667
"350520","2680",0.166666666666667
"350520","2817",0.166666666666667
"350610","1079",0.166666666666667
"350610","2011",0.166666666666667
"350610","2029",0.166666666666667
"350610","2610",0.166666666666667
"350610","2680",0.166666666666667
"350610","2817",0.166666666666667
"350691","1079",0.166666666666667
"350691","2011",0.166666666666667
"350691","2029",0.166666666666667
"350691","2610",0.166666666666667
"350691","2680",0.166666666666667
"350691","2817",0.166666666666667
"350699","1079",0.166666666666667
"350699","2011",0.166666666666667
"350699","2029",0.166666666666667
"350699","2610",0.166666666666667
"350699","2680",0.166666666666667
"350699","2817",0.166666666666667
"350710","1910",0.5
"350710","2011",0.5
"350790","1910",0.5
"350790","2011",0.5
"360100","1079",0.166666666666667
"360100","2011",0.166666666666667
"360100","2029",0.166666666666667
"360100","2610",0.166666666666667
"360100","2680",0.166666666666667
"360100","2817",0.166666666666667
"360200","1079",0.166666666666667
"360200","2011",0.166666666666667
"360200","2029",0.166666666666667
"360200","2610",0.166666666666667
"360200","2680",0.166666666666667
"360200","2817",0.166666666666667
"360300","1079",0.166666666666667
"360300","2011",0.166666666666667
"360300","2029",0.166666666666667
"360300","2610",0.166666666666667
"360300","2680",0.166666666666667
"360300","2817",0.166666666666667
"360410","1079",0.166666666666667
"360410","2011",0.166666666666667
"360410","2029",0.166666666666667
"360410","2610",0.166666666666667
"360410","2680",0.166666666666667
"360410","2817",0.166666666666667
"360490","1079",0.166666666666667
"360490","2011",0.166666666666667
"360490","2029",0.166666666666667
"360490","2610",0.166666666666667
"360490","2680",0.166666666666667
"360490","2817",0.166666666666667
"360500","1399",0.0769230769230769
"360500","1512",0.0769230769230769
"360500","1629",0.0769230769230769
"360500","1709",0.0769230769230769
"360500","2029",0.0769230769230769
"360500","2219",0.0769230769230769
"360500","2220",0.0769230769230769
"360500","2599",0.0769230769230769
"360500","2829",0.0769230769230769
"360500","3092",0.0769230769230769
"360500","3212",0.0769230769230769
"360500","3290",0.0769230769230769
"360500","3312",0.0769230769230769
"360610","1399",0.0769230769230769
"360610","1512",0.0769230769230769
"360610","1629",0.0769230769230769
"360610","1709",0.0769230769230769
"360610","2029",0.0769230769230769
"360610","2219",0.0769230769230769
"360610","2220",0.0769230769230769
"360610","2599",0.0769230769230769
"360610","2829",0.0769230769230769
"360610","3092",0.0769230769230769
"360610","3212",0.0769230769230769
"360610","3290",0.0769230769230769
"360610","3312",0.0769230769230769
"360690","1399",0.0769230769230769
"360690","1512",0.0769230769230769
"360690","1629",0.0769230769230769
"360690","1709",0.0769230769230769
"360690","2029",0.0769230769230769
"360690","2219",0.0769230769230769
"360690","2220",0.0769230769230769
"360690","2599",0.0769230769230769
"360690","2829",0.0769230769230769
"360690","3092",0.0769230769230769
"360690","3212",0.0769230769230769
"360690","3290",0.0769230769230769
"360690","3312",0.0769230769230769
"370110","1079",0.166666666666667
"370110","2011",0.166666666666667
"370110","2029",0.166666666666667
"370110","2610",0.166666666666667
"370110","2680",0.166666666666667
"370110","2817",0.166666666666667
"370120","1079",0.166666666666667
"370120","2011",0.166666666666667
"370120","2029",0.166666666666667
"370120","2610",0.166666666666667
"370120","2680",0.166666666666667
"370120","2817",0.166666666666667
"370130","1079",0.166666666666667
"370130","2011",0.166666666666667
"370130","2029",0.166666666666667
"370130","2610",0.166666666666667
"370130","2680",0.166666666666667
"370130","2817",0.166666666666667
"370191","1079",0.166666666666667
"370191","2011",0.166666666666667
"370191","2029",0.166666666666667
"370191","2610",0.166666666666667
"370191","2680",0.166666666666667
"370191","2817",0.166666666666667
"370199","1079",0.166666666666667
"370199","2011",0.166666666666667
"370199","2029",0.166666666666667
"370199","2610",0.166666666666667
"370199","2680",0.166666666666667
"370199","2817",0.166666666666667
"370210","1079",0.166666666666667
"370210","2011",0.166666666666667
"370210","2029",0.166666666666667
"370210","2610",0.166666666666667
"370210","2680",0.166666666666667
"370210","2817",0.166666666666667
"370220","1079",0.166666666666667
"370220","2011",0.166666666666667
"370220","2029",0.166666666666667
"370220","2610",0.166666666666667
"370220","2680",0.166666666666667
"370220","2817",0.166666666666667
"370231","1079",0.166666666666667
"370231","2011",0.166666666666667
"370231","2029",0.166666666666667
"370231","2610",0.166666666666667
"370231","2680",0.166666666666667
"370231","2817",0.166666666666667
"370232","1079",0.166666666666667
"370232","2011",0.166666666666667
"370232","2029",0.166666666666667
"370232","2610",0.166666666666667
"370232","2680",0.166666666666667
"370232","2817",0.166666666666667
"370239","1079",0.166666666666667
"370239","2011",0.166666666666667
"370239","2029",0.166666666666667
"370239","2610",0.166666666666667
"370239","2680",0.166666666666667
"370239","2817",0.166666666666667
"370241","1079",0.166666666666667
"370241","2011",0.166666666666667
"370241","2029",0.166666666666667
"370241","2610",0.166666666666667
"370241","2680",0.166666666666667
"370241","2817",0.166666666666667
"370242","1079",0.166666666666667
"370242","2011",0.166666666666667
"370242","2029",0.166666666666667
"370242","2610",0.166666666666667
"370242","2680",0.166666666666667
"370242","2817",0.166666666666667
"370243","1079",0.166666666666667
"370243","2011",0.166666666666667
"370243","2029",0.166666666666667
"370243","2610",0.166666666666667
"370243","2680",0.166666666666667
"370243","2817",0.166666666666667
"370244","1079",0.166666666666667
"370244","2011",0.166666666666667
"370244","2029",0.166666666666667
"370244","2610",0.166666666666667
"370244","2680",0.166666666666667
"370244","2817",0.166666666666667
"370251","1079",0.166666666666667
"370251","2011",0.166666666666667
"370251","2029",0.166666666666667
"370251","2610",0.166666666666667
"370251","2680",0.166666666666667
"370251","2817",0.166666666666667
"370252","1079",0.166666666666667
"370252","2011",0.166666666666667
"370252","2029",0.166666666666667
"370252","2610",0.166666666666667
"370252","2680",0.166666666666667
"370252","2817",0.166666666666667
"370253","1079",0.166666666666667
"370253","2011",0.166666666666667
"370253","2029",0.166666666666667
"370253","2610",0.166666666666667
"370253","2680",0.166666666666667
"370253","2817",0.166666666666667
"370254","1079",0.166666666666667
"370254","2011",0.166666666666667
"370254","2029",0.166666666666667
"370254","2610",0.166666666666667
"370254","2680",0.166666666666667
"370254","2817",0.166666666666667
"370255","1079",0.166666666666667
"370255","2011",0.166666666666667
"370255","2029",0.166666666666667
"370255","2610",0.166666666666667
"370255","2680",0.166666666666667
"370255","2817",0.166666666666667
"370256","1079",0.166666666666667
"370256","2011",0.166666666666667
"370256","2029",0.166666666666667
"370256","2610",0.166666666666667
"370256","2680",0.166666666666667
"370256","2817",0.166666666666667
"370291","1079",0.166666666666667
"370291","2011",0.166666666666667
"370291","2029",0.166666666666667
"370291","2610",0.166666666666667
"370291","2680",0.166666666666667
"370291","2817",0.166666666666667
"370292","1079",0.166666666666667
"370292","2011",0.166666666666667
"370292","2029",0.166666666666667
"370292","2610",0.166666666666667
"370292","2680",0.166666666666667
"370292","2817",0.166666666666667
"370293","1079",0.166666666666667
"370293","2011",0.166666666666667
"370293","2029",0.166666666666667
"370293","2610",0.166666666666667
"370293","2680",0.166666666666667
"370293","2817",0.166666666666667
"370294","1079",0.166666666666667
"370294","2011",0.166666666666667
"370294","2029",0.166666666666667
"370294","2610",0.166666666666667
"370294","2680",0.166666666666667
"370294","2817",0.166666666666667
"370295","1079",0.166666666666667
"370295","2011",0.166666666666667
"370295","2029",0.166666666666667
"370295","2610",0.166666666666667
"370295","2680",0.166666666666667
"370295","2817",0.166666666666667
"370310","1079",0.166666666666667
"370310","2011",0.166666666666667
"370310","2029",0.166666666666667
"370310","2610",0.166666666666667
"370310","2680",0.166666666666667
"370310","2817",0.166666666666667
"370320","1079",0.166666666666667
"370320","2011",0.166666666666667
"370320","2029",0.166666666666667
"370320","2610",0.166666666666667
"370320","2680",0.166666666666667
"370320","2817",0.166666666666667
"370390","1079",0.166666666666667
"370390","2011",0.166666666666667
"370390","2029",0.166666666666667
"370390","2610",0.166666666666667
"370390","2680",0.166666666666667
"370390","2817",0.166666666666667
"370400","7420",0.333333333333333
"370400","8541",0.333333333333333
"370400","9609",0.333333333333333
"370510","7420",0.333333333333333
"370510","8541",0.333333333333333
"370510","9609",0.333333333333333
"370520","7420",0.333333333333333
"370520","8541",0.333333333333333
"370520","9609",0.333333333333333
"370590","7420",0.333333333333333
"370590","8541",0.333333333333333
"370590","9609",0.333333333333333
"370610","5911",0.25
"370610","5912",0.25
"370610","5913",0.25
"370610","5920",0.25
"370690","5911",0.25
"370690","5912",0.25
"370690","5913",0.25
"370690","5920",0.25
"370710","1079",0.166666666666667
"370710","2011",0.166666666666667
"370710","2029",0.166666666666667
"370710","2610",0.166666666666667
"370710","2680",0.166666666666667
"370710","2817",0.166666666666667
"370790","1079",0.166666666666667
"370790","2011",0.166666666666667
"370790","2029",0.166666666666667
"370790","2610",0.166666666666667
"370790","2680",0.166666666666667
"370790","2817",0.166666666666667
"380110","1312",0.25
"380110","2399",0.25
"380110","3290",0.25
"380110","3319",0.25
"380120","1312",0.25
"380120","2399",0.25
"380120","3290",0.25
"380120","3319",0.25
"380130","1312",0.25
"380130","2399",0.25
"380130","3290",0.25
"380130","3319",0.25
"380190","1312",0.25
"380190","2399",0.25
"380190","3290",0.25
"380190","3319",0.25
"380210","1079",0.166666666666667
"380210","2011",0.166666666666667
"380210","2029",0.166666666666667
"380210","2610",0.166666666666667
"380210","2680",0.166666666666667
"380210","2817",0.166666666666667
"380290","1910",0.5
"380290","2011",0.5
"380300","1910",0.5
"380300","2011",0.5
"380510","1910",0.5
"380510","2011",0.5
"380520","1910",0.5
"380520","2011",0.5
"380590","1910",0.5
"380590","2011",0.5
"380610","1910",0.5
"380610","2011",0.5
"380620","1910",0.5
"380620","2011",0.5
"380630","1910",0.5
"380630","2011",0.5
"380690","1910",0.5
"380690","2011",0.5
"380700","1910",0.5
"380700","2011",0.5
"380810","2021",1
"380820","2021",1
"380830","2021",1
"380840","2021",1
"380890","2021",1
"380910","1079",0.166666666666667
"380910","2011",0.166666666666667
"380910","2029",0.166666666666667
"380910","2610",0.166666666666667
"380910","2680",0.166666666666667
"380910","2817",0.166666666666667
"380991","1079",0.166666666666667
"380991","2011",0.166666666666667
"380991","2029",0.166666666666667
"380991","2610",0.166666666666667
"380991","2680",0.166666666666667
"380991","2817",0.166666666666667
"380992","1079",0.166666666666667
"380992","2011",0.166666666666667
"380992","2029",0.166666666666667
"380992","2610",0.166666666666667
"380992","2680",0.166666666666667
"380992","2817",0.166666666666667
"380993","1079",0.166666666666667
"380993","2011",0.166666666666667
"380993","2029",0.166666666666667
"380993","2610",0.166666666666667
"380993","2680",0.166666666666667
"380993","2817",0.166666666666667
"381010","1079",0.166666666666667
"381010","2011",0.166666666666667
"381010","2029",0.166666666666667
"381010","2610",0.166666666666667
"381010","2680",0.166666666666667
"381010","2817",0.166666666666667
"381090","1079",0.166666666666667
"381090","2011",0.166666666666667
"381090","2029",0.166666666666667
"381090","2610",0.166666666666667
"381090","2680",0.166666666666667
"381090","2817",0.166666666666667
"381111","1079",0.166666666666667
"381111","2011",0.166666666666667
"381111","2029",0.166666666666667
"381111","2610",0.166666666666667
"381111","2680",0.166666666666667
"381111","2817",0.166666666666667
"381119","1079",0.166666666666667
"381119","2011",0.166666666666667
"381119","2029",0.166666666666667
"381119","2610",0.166666666666667
"381119","2680",0.166666666666667
"381119","2817",0.166666666666667
"381121","1079",0.166666666666667
"381121","2011",0.166666666666667
"381121","2029",0.166666666666667
"381121","2610",0.166666666666667
"381121","2680",0.166666666666667
"381121","2817",0.166666666666667
"381129","1079",0.166666666666667
"381129","2011",0.166666666666667
"381129","2029",0.166666666666667
"381129","2610",0.166666666666667
"381129","2680",0.166666666666667
"381129","2817",0.166666666666667
"381190","1079",0.166666666666667
"381190","2011",0.166666666666667
"381190","2029",0.166666666666667
"381190","2610",0.166666666666667
"381190","2680",0.166666666666667
"381190","2817",0.166666666666667
"381210","1079",0.166666666666667
"381210","2011",0.166666666666667
"381210","2029",0.166666666666667
"381210","2610",0.166666666666667
"381210","2680",0.166666666666667
"381210","2817",0.166666666666667
"381220","1079",0.166666666666667
"381220","2011",0.166666666666667
"381220","2029",0.166666666666667
"381220","2610",0.166666666666667
"381220","2680",0.166666666666667
"381220","2817",0.166666666666667
"381230","1079",0.166666666666667
"381230","2011",0.166666666666667
"381230","2029",0.166666666666667
"381230","2610",0.166666666666667
"381230","2680",0.166666666666667
"381230","2817",0.166666666666667
"381300","1079",0.166666666666667
"381300","2011",0.166666666666667
"381300","2029",0.166666666666667
"381300","2610",0.166666666666667
"381300","2680",0.166666666666667
"381300","2817",0.166666666666667
"381400","2022",1
"381511","1079",0.166666666666667
"381511","2011",0.166666666666667
"381511","2029",0.166666666666667
"381511","2610",0.166666666666667
"381511","2680",0.166666666666667
"381511","2817",0.166666666666667
"381512","1079",0.166666666666667
"381512","2011",0.166666666666667
"381512","2029",0.166666666666667
"381512","2610",0.166666666666667
"381512","2680",0.166666666666667
"381512","2817",0.166666666666667
"381519","1079",0.166666666666667
"381519","2011",0.166666666666667
"381519","2029",0.166666666666667
"381519","2610",0.166666666666667
"381519","2680",0.166666666666667
"381519","2817",0.166666666666667
"381590","1079",0.166666666666667
"381590","2011",0.166666666666667
"381590","2029",0.166666666666667
"381590","2610",0.166666666666667
"381590","2680",0.166666666666667
"381590","2817",0.166666666666667
"381600","2391",1
"381710","1079",0.166666666666667
"381710","2011",0.166666666666667
"381710","2029",0.166666666666667
"381710","2610",0.166666666666667
"381710","2680",0.166666666666667
"381710","2817",0.166666666666667
"381720","1079",0.166666666666667
"381720","2011",0.166666666666667
"381720","2029",0.166666666666667
"381720","2610",0.166666666666667
"381720","2680",0.166666666666667
"381720","2817",0.166666666666667
"381800","1079",0.166666666666667
"381800","2011",0.166666666666667
"381800","2029",0.166666666666667
"381800","2610",0.166666666666667
"381800","2680",0.166666666666667
"381800","2817",0.166666666666667
"381900","1079",0.166666666666667
"381900","2011",0.166666666666667
"381900","2029",0.166666666666667
"381900","2610",0.166666666666667
"381900","2680",0.166666666666667
"381900","2817",0.166666666666667
"382000","1079",0.166666666666667
"382000","2011",0.166666666666667
"382000","2029",0.166666666666667
"382000","2610",0.166666666666667
"382000","2680",0.166666666666667
"382000","2817",0.166666666666667
"382100","1079",0.166666666666667
"382100","2011",0.166666666666667
"382100","2029",0.166666666666667
"382100","2610",0.166666666666667
"382100","2680",0.166666666666667
"382100","2817",0.166666666666667
"382200","1079",0.166666666666667
"382200","2011",0.166666666666667
"382200","2029",0.166666666666667
"382200","2610",0.166666666666667
"382200","2680",0.166666666666667
"382200","2817",0.166666666666667
"382310","1079",0.166666666666667
"382310","2011",0.166666666666667
"382310","2029",0.166666666666667
"382310","2610",0.166666666666667
"382310","2680",0.166666666666667
"382310","2817",0.166666666666667
"382320","1079",0.166666666666667
"382320","2011",0.166666666666667
"382320","2029",0.166666666666667
"382320","2610",0.166666666666667
"382320","2680",0.166666666666667
"382320","2817",0.166666666666667
"382330","1079",0.166666666666667
"382330","2011",0.166666666666667
"382330","2029",0.166666666666667
"382330","2610",0.166666666666667
"382330","2680",0.166666666666667
"382330","2817",0.166666666666667
"382340","1079",0.166666666666667
"382340","2011",0.166666666666667
"382340","2029",0.166666666666667
"382340","2610",0.166666666666667
"382340","2680",0.166666666666667
"382340","2817",0.166666666666667
"382350","2395",1
"382360","1079",0.166666666666667
"382360","2011",0.166666666666667
"382360","2029",0.166666666666667
"382360","2610",0.166666666666667
"382360","2680",0.166666666666667
"382360","2817",0.166666666666667
"382390","1079",0.166666666666667
"382390","2011",0.166666666666667
"382390","2029",0.166666666666667
"382390","2610",0.166666666666667
"382390","2680",0.166666666666667
"382390","2817",0.166666666666667
"390110","2013",1
"390120","2013",1
"390130","2013",1
"390190","2013",1
"390210","2013",1
"390220","2013",1
"390230","2013",1
"390290","2013",1
"390311","2013",1
"390319","2013",1
"390320","2013",1
"390330","2013",1
"390390","2013",1
"390410","2013",1
"390421","2013",1
"390422","2013",1
"390430","2013",1
"390440","2013",1
"390450","2013",1
"390461","2013",1
"390469","2013",1
"390490","2013",1
"390511","2013",1
"390519","2013",1
"390520","2013",1
"390590","2013",1
"390610","2013",1
"390690","2013",1
"390710","2013",1
"390720","2013",1
"390730","2013",1
"390740","2013",1
"390750","2013",1
"390760","2013",1
"390791","2013",1
"390799","2013",1
"390810","2013",1
"390890","2013",1
"390910","2013",1
"390920","2013",1
"390930","2013",1
"390940","2013",1
"390950","2013",1
"391000","2013",1
"391110","2013",1
"391190","2013",1
"391211","2013",1
"391212","2013",1
"391220","2013",1
"391231","2013",1
"391239","2013",1
"391290","2013",1
"391310","2013",1
"391390","2013",1
"391400","2013",1
"391610","2220",0.166666666666667
"391610","2610",0.166666666666667
"391610","2733",0.166666666666667
"391610","3290",0.166666666666667
"391610","3314",0.166666666666667
"391610","3319",0.166666666666667
"391620","2220",0.166666666666667
"391620","2610",0.166666666666667
"391620","2733",0.166666666666667
"391620","3290",0.166666666666667
"391620","3314",0.166666666666667
"391620","3319",0.166666666666667
"391690","2220",0.166666666666667
"391690","2610",0.166666666666667
"391690","2733",0.166666666666667
"391690","3290",0.166666666666667
"391690","3314",0.166666666666667
"391690","3319",0.166666666666667
"391710","2220",0.166666666666667
"391710","2610",0.166666666666667
"391710","2733",0.166666666666667
"391710","3290",0.166666666666667
"391710","3314",0.166666666666667
"391710","3319",0.166666666666667
"391721","2220",0.166666666666667
"391721","2610",0.166666666666667
"391721","2733",0.166666666666667
"391721","3290",0.166666666666667
"391721","3314",0.166666666666667
"391721","3319",0.166666666666667
"391722","2220",0.166666666666667
"391722","2610",0.166666666666667
"391722","2733",0.166666666666667
"391722","3290",0.166666666666667
"391722","3314",0.166666666666667
"391722","3319",0.166666666666667
"391723","2220",0.166666666666667
"391723","2610",0.166666666666667
"391723","2733",0.166666666666667
"391723","3290",0.166666666666667
"391723","3314",0.166666666666667
"391723","3319",0.166666666666667
"391729","2220",0.166666666666667
"391729","2610",0.166666666666667
"391729","2733",0.166666666666667
"391729","3290",0.166666666666667
"391729","3314",0.166666666666667
"391729","3319",0.166666666666667
"391731","2220",0.166666666666667
"391731","2610",0.166666666666667
"391731","2733",0.166666666666667
"391731","3290",0.166666666666667
"391731","3314",0.166666666666667
"391731","3319",0.166666666666667
"391732","2220",0.166666666666667
"391732","2610",0.166666666666667
"391732","2733",0.166666666666667
"391732","3290",0.166666666666667
"391732","3314",0.166666666666667
"391732","3319",0.166666666666667
"391733","2220",0.166666666666667
"391733","2610",0.166666666666667
"391733","2733",0.166666666666667
"391733","3290",0.166666666666667
"391733","3314",0.166666666666667
"391733","3319",0.166666666666667
"391739","2220",0.166666666666667
"391739","2610",0.166666666666667
"391739","2733",0.166666666666667
"391739","3290",0.166666666666667
"391739","3314",0.166666666666667
"391739","3319",0.166666666666667
"391740","2220",0.166666666666667
"391740","2610",0.166666666666667
"391740","2733",0.166666666666667
"391740","3290",0.166666666666667
"391740","3314",0.166666666666667
"391740","3319",0.166666666666667
"391810","2220",0.166666666666667
"391810","2610",0.166666666666667
"391810","2733",0.166666666666667
"391810","3290",0.166666666666667
"391810","3314",0.166666666666667
"391810","3319",0.166666666666667
"391890","2220",0.166666666666667
"391890","2610",0.166666666666667
"391890","2733",0.166666666666667
"391890","3290",0.166666666666667
"391890","3314",0.166666666666667
"391890","3319",0.166666666666667
"391910","2220",0.166666666666667
"391910","2610",0.166666666666667
"391910","2733",0.166666666666667
"391910","3290",0.166666666666667
"391910","3314",0.166666666666667
"391910","3319",0.166666666666667
"391990","2220",0.166666666666667
"391990","2610",0.166666666666667
"391990","2733",0.166666666666667
"391990","3290",0.166666666666667
"391990","3314",0.166666666666667
"391990","3319",0.166666666666667
"392010","2220",0.166666666666667
"392010","2610",0.166666666666667
"392010","2733",0.166666666666667
"392010","3290",0.166666666666667
"392010","3314",0.166666666666667
"392010","3319",0.166666666666667
"392020","2220",0.166666666666667
"392020","2610",0.166666666666667
"392020","2733",0.166666666666667
"392020","3290",0.166666666666667
"392020","3314",0.166666666666667
"392020","3319",0.166666666666667
"392030","2220",0.166666666666667
"392030","2610",0.166666666666667
"392030","2733",0.166666666666667
"392030","3290",0.166666666666667
"392030","3314",0.166666666666667
"392030","3319",0.166666666666667
"392041","2220",0.166666666666667
"392041","2610",0.166666666666667
"392041","2733",0.166666666666667
"392041","3290",0.166666666666667
"392041","3314",0.166666666666667
"392041","3319",0.166666666666667
"392042","2220",0.166666666666667
"392042","2610",0.166666666666667
"392042","2733",0.166666666666667
"392042","3290",0.166666666666667
"392042","3314",0.166666666666667
"392042","3319",0.166666666666667
"392051","2220",0.166666666666667
"392051","2610",0.166666666666667
"392051","2733",0.166666666666667
"392051","3290",0.166666666666667
"392051","3314",0.166666666666667
"392051","3319",0.166666666666667
"392059","2220",0.166666666666667
"392059","2610",0.166666666666667
"392059","2733",0.166666666666667
"392059","3290",0.166666666666667
"392059","3314",0.166666666666667
"392059","3319",0.166666666666667
"392061","2220",0.166666666666667
"392061","2610",0.166666666666667
"392061","2733",0.166666666666667
"392061","3290",0.166666666666667
"392061","3314",0.166666666666667
"392061","3319",0.166666666666667
"392062","2220",0.166666666666667
"392062","2610",0.166666666666667
"392062","2733",0.166666666666667
"392062","3290",0.166666666666667
"392062","3314",0.166666666666667
"392062","3319",0.166666666666667
"392063","2220",0.166666666666667
"392063","2610",0.166666666666667
"392063","2733",0.166666666666667
"392063","3290",0.166666666666667
"392063","3314",0.166666666666667
"392063","3319",0.166666666666667
"392069","2220",0.166666666666667
"392069","2610",0.166666666666667
"392069","2733",0.166666666666667
"392069","3290",0.166666666666667
"392069","3314",0.166666666666667
"392069","3319",0.166666666666667
"392071","2220",0.166666666666667
"392071","2610",0.166666666666667
"392071","2733",0.166666666666667
"392071","3290",0.166666666666667
"392071","3314",0.166666666666667
"392071","3319",0.166666666666667
"392072","2220",0.166666666666667
"392072","2610",0.166666666666667
"392072","2733",0.166666666666667
"392072","3290",0.166666666666667
"392072","3314",0.166666666666667
"392072","3319",0.166666666666667
"392073","2220",0.166666666666667
"392073","2610",0.166666666666667
"392073","2733",0.166666666666667
"392073","3290",0.166666666666667
"392073","3314",0.166666666666667
"392073","3319",0.166666666666667
"392079","2220",0.166666666666667
"392079","2610",0.166666666666667
"392079","2733",0.166666666666667
"392079","3290",0.166666666666667
"392079","3314",0.166666666666667
"392079","3319",0.166666666666667
"392091","2220",0.166666666666667
"392091","2610",0.166666666666667
"392091","2733",0.166666666666667
"392091","3290",0.166666666666667
"392091","3314",0.166666666666667
"392091","3319",0.166666666666667
"392092","2220",0.166666666666667
"392092","2610",0.166666666666667
"392092","2733",0.166666666666667
"392092","3290",0.166666666666667
"392092","3314",0.166666666666667
"392092","3319",0.166666666666667
"392093","2220",0.166666666666667
"392093","2610",0.166666666666667
"392093","2733",0.166666666666667
"392093","3290",0.166666666666667
"392093","3314",0.166666666666667
"392093","3319",0.166666666666667
"392094","2220",0.166666666666667
"392094","2610",0.166666666666667
"392094","2733",0.166666666666667
"392094","3290",0.166666666666667
"392094","3314",0.166666666666667
"392094","3319",0.166666666666667
"392099","2220",0.166666666666667
"392099","2610",0.166666666666667
"392099","2733",0.166666666666667
"392099","3290",0.166666666666667
"392099","3314",0.166666666666667
"392099","3319",0.166666666666667
"392111","2220",0.166666666666667
"392111","2610",0.166666666666667
"392111","2733",0.166666666666667
"392111","3290",0.166666666666667
"392111","3314",0.166666666666667
"392111","3319",0.166666666666667
"392112","2220",0.166666666666667
"392112","2610",0.166666666666667
"392112","2733",0.166666666666667
"392112","3290",0.166666666666667
"392112","3314",0.166666666666667
"392112","3319",0.166666666666667
"392113","2220",0.166666666666667
"392113","2610",0.166666666666667
"392113","2733",0.166666666666667
"392113","3290",0.166666666666667
"392113","3314",0.166666666666667
"392113","3319",0.166666666666667
"392114","2220",0.166666666666667
"392114","2610",0.166666666666667
"392114","2733",0.166666666666667
"392114","3290",0.166666666666667
"392114","3314",0.166666666666667
"392114","3319",0.166666666666667
"392119","2220",0.166666666666667
"392119","2610",0.166666666666667
"392119","2733",0.166666666666667
"392119","3290",0.166666666666667
"392119","3314",0.166666666666667
"392119","3319",0.166666666666667
"392190","2220",0.166666666666667
"392190","2610",0.166666666666667
"392190","2733",0.166666666666667
"392190","3290",0.166666666666667
"392190","3314",0.166666666666667
"392190","3319",0.166666666666667
"392210","2220",0.166666666666667
"392210","2610",0.166666666666667
"392210","2733",0.166666666666667
"392210","3290",0.166666666666667
"392210","3314",0.166666666666667
"392210","3319",0.166666666666667
"392220","2220",0.166666666666667
"392220","2610",0.166666666666667
"392220","2733",0.166666666666667
"392220","3290",0.166666666666667
"392220","3314",0.166666666666667
"392220","3319",0.166666666666667
"392290","2220",0.166666666666667
"392290","2610",0.166666666666667
"392290","2733",0.166666666666667
"392290","3290",0.166666666666667
"392290","3314",0.166666666666667
"392290","3319",0.166666666666667
"392310","2220",0.166666666666667
"392310","2610",0.166666666666667
"392310","2733",0.166666666666667
"392310","3290",0.166666666666667
"392310","3314",0.166666666666667
"392310","3319",0.166666666666667
"392321","2220",0.166666666666667
"392321","2610",0.166666666666667
"392321","2733",0.166666666666667
"392321","3290",0.166666666666667
"392321","3314",0.166666666666667
"392321","3319",0.166666666666667
"392329","2220",0.166666666666667
"392329","2610",0.166666666666667
"392329","2733",0.166666666666667
"392329","3290",0.166666666666667
"392329","3314",0.166666666666667
"392329","3319",0.166666666666667
"392330","2220",0.166666666666667
"392330","2610",0.166666666666667
"392330","2733",0.166666666666667
"392330","3290",0.166666666666667
"392330","3314",0.166666666666667
"392330","3319",0.166666666666667
"392340","2220",0.166666666666667
"392340","2610",0.166666666666667
"392340","2733",0.166666666666667
"392340","3290",0.166666666666667
"392340","3314",0.166666666666667
"392340","3319",0.166666666666667
"392350","2220",0.166666666666667
"392350","2610",0.166666666666667
"392350","2733",0.166666666666667
"392350","3290",0.166666666666667
"392350","3314",0.166666666666667
"392350","3319",0.166666666666667
"392390","2220",0.166666666666667
"392390","2610",0.166666666666667
"392390","2733",0.166666666666667
"392390","3290",0.166666666666667
"392390","3314",0.166666666666667
"392390","3319",0.166666666666667
"392410","2220",0.166666666666667
"392410","2610",0.166666666666667
"392410","2733",0.166666666666667
"392410","3290",0.166666666666667
"392410","3314",0.166666666666667
"392410","3319",0.166666666666667
"392490","2220",0.166666666666667
"392490","2610",0.166666666666667
"392490","2733",0.166666666666667
"392490","3290",0.166666666666667
"392490","3314",0.166666666666667
"392490","3319",0.166666666666667
"392510","2220",0.166666666666667
"392510","2610",0.166666666666667
"392510","2733",0.166666666666667
"392510","3290",0.166666666666667
"392510","3314",0.166666666666667
"392510","3319",0.166666666666667
"392520","2220",0.166666666666667
"392520","2610",0.166666666666667
"392520","2733",0.166666666666667
"392520","3290",0.166666666666667
"392520","3314",0.166666666666667
"392520","3319",0.166666666666667
"392530","2220",0.166666666666667
"392530","2610",0.166666666666667
"392530","2733",0.166666666666667
"392530","3290",0.166666666666667
"392530","3314",0.166666666666667
"392530","3319",0.166666666666667
"392590","2220",0.166666666666667
"392590","2610",0.166666666666667
"392590","2733",0.166666666666667
"392590","3290",0.166666666666667
"392590","3314",0.166666666666667
"392590","3319",0.166666666666667
"392610","2220",0.166666666666667
"392610","2610",0.166666666666667
"392610","2733",0.166666666666667
"392610","3290",0.166666666666667
"392610","3314",0.166666666666667
"392610","3319",0.166666666666667
"392620","2220",0.166666666666667
"392620","2610",0.166666666666667
"392620","2733",0.166666666666667
"392620","3290",0.166666666666667
"392620","3314",0.166666666666667
"392620","3319",0.166666666666667
"392630","2220",0.166666666666667
"392630","2610",0.166666666666667
"392630","2733",0.166666666666667
"392630","3290",0.166666666666667
"392630","3314",0.166666666666667
"392630","3319",0.166666666666667
"392640","2220",0.166666666666667
"392640","2610",0.166666666666667
"392640","2733",0.166666666666667
"392640","3290",0.166666666666667
"392640","3314",0.166666666666667
"392640","3319",0.166666666666667
"392690","2220",0.166666666666667
"392690","2610",0.166666666666667
"392690","2733",0.166666666666667
"392690","3290",0.166666666666667
"392690","3314",0.166666666666667
"392690","3319",0.166666666666667
"400110","0111",0.0909090909090909
"400110","0112",0.0909090909090909
"400110","0113",0.0909090909090909
"400110","0114",0.0909090909090909
"400110","0115",0.0909090909090909
"400110","0116",0.0909090909090909
"400110","0119",0.0909090909090909
"400110","0126",0.0909090909090909
"400110","0128",0.0909090909090909
"400110","0129",0.0909090909090909
"400110","0163",0.0909090909090909
"400121","0111",0.0909090909090909
"400121","0112",0.0909090909090909
"400121","0113",0.0909090909090909
"400121","0114",0.0909090909090909
"400121","0115",0.0909090909090909
"400121","0116",0.0909090909090909
"400121","0119",0.0909090909090909
"400121","0126",0.0909090909090909
"400121","0128",0.0909090909090909
"400121","0129",0.0909090909090909
"400121","0163",0.0909090909090909
"400122","0111",0.0909090909090909
"400122","0112",0.0909090909090909
"400122","0113",0.0909090909090909
"400122","0114",0.0909090909090909
"400122","0115",0.0909090909090909
"400122","0116",0.0909090909090909
"400122","0119",0.0909090909090909
"400122","0126",0.0909090909090909
"400122","0128",0.0909090909090909
"400122","0129",0.0909090909090909
"400122","0163",0.0909090909090909
"400129","0111",0.0909090909090909
"400129","0112",0.0909090909090909
"400129","0113",0.0909090909090909
"400129","0114",0.0909090909090909
"400129","0115",0.0909090909090909
"400129","0116",0.0909090909090909
"400129","0119",0.0909090909090909
"400129","0126",0.0909090909090909
"400129","0128",0.0909090909090909
"400129","0129",0.0909090909090909
"400129","0163",0.0909090909090909
"400130","0121",0.0666666666666667
"400130","0122",0.0666666666666667
"400130","0123",0.0666666666666667
"400130","0124",0.0666666666666667
"400130","0125",0.0666666666666667
"400130","0126",0.0666666666666667
"400130","0127",0.0666666666666667
"400130","0128",0.0666666666666667
"400130","0129",0.0666666666666667
"400130","0130",0.0666666666666667
"400130","0210",0.0666666666666667
"400130","0220",0.0666666666666667
"400130","0230",0.0666666666666667
"400130","0240",0.0666666666666667
"400130","1102",0.0666666666666667
"400211","2013",1
"400219","2013",1
"400220","2013",1
"400231","2013",1
"400239","2013",1
"400241","2013",1
"400249","2013",1
"400251","2013",1
"400259","2013",1
"400260","2013",1
"400270","2013",1
"400280","2013",1
"400291","2013",1
"400299","2013",1
"400300","2219",0.2
"400300","2220",0.2
"400300","2812",0.2
"400300","3290",0.2
"400300","3319",0.2
"400510","2219",0.2
"400510","2220",0.2
"400510","2812",0.2
"400510","3290",0.2
"400510","3319",0.2
"400520","2219",0.2
"400520","2220",0.2
"400520","2812",0.2
"400520","3290",0.2
"400520","3319",0.2
"400591","2219",0.2
"400591","2220",0.2
"400591","2812",0.2
"400591","3290",0.2
"400591","3319",0.2
"400599","2219",0.2
"400599","2220",0.2
"400599","2812",0.2
"400599","3290",0.2
"400599","3319",0.2
"400610","2211",1
"400690","2219",0.2
"400690","2220",0.2
"400690","2812",0.2
"400690","3290",0.2
"400690","3319",0.2
"400700","2219",0.2
"400700","2220",0.2
"400700","2812",0.2
"400700","3290",0.2
"400700","3319",0.2
"400811","2219",0.2
"400811","2220",0.2
"400811","2812",0.2
"400811","3290",0.2
"400811","3319",0.2
"400819","2219",0.2
"400819","2220",0.2
"400819","2812",0.2
"400819","3290",0.2
"400819","3319",0.2
"400821","2219",0.2
"400821","2220",0.2
"400821","2812",0.2
"400821","3290",0.2
"400821","3319",0.2
"400829","2219",0.2
"400829","2220",0.2
"400829","2812",0.2
"400829","3290",0.2
"400829","3319",0.2
"400910","2219",0.2
"400910","2220",0.2
"400910","2812",0.2
"400910","3290",0.2
"400910","3319",0.2
"400920","2219",0.2
"400920","2220",0.2
"400920","2812",0.2
"400920","3290",0.2
"400920","3319",0.2
"400930","2219",0.2
"400930","2220",0.2
"400930","2812",0.2
"400930","3290",0.2
"400930","3319",0.2
"400940","2219",0.2
"400940","2220",0.2
"400940","2812",0.2
"400940","3290",0.2
"400940","3319",0.2
"400950","2219",0.2
"400950","2220",0.2
"400950","2812",0.2
"400950","3290",0.2
"400950","3319",0.2
"401010","2219",0.2
"401010","2220",0.2
"401010","2812",0.2
"401010","3290",0.2
"401010","3319",0.2
"401091","2219",0.2
"401091","2220",0.2
"401091","2812",0.2
"401091","3290",0.2
"401091","3319",0.2
"401099","2219",0.2
"401099","2220",0.2
"401099","2812",0.2
"401099","3290",0.2
"401099","3319",0.2
"401110","2211",1
"401120","2211",1
"401130","2211",1
"401140","2211",1
"401150","2211",1
"401191","2211",1
"401199","2211",1
"401210","2211",1
"401290","2211",1
"401310","2211",1
"401320","2211",1
"401390","2211",1
"401410","2219",0.2
"401410","2220",0.2
"401410","2812",0.2
"401410","3290",0.2
"401410","3319",0.2
"401490","2219",0.2
"401490","2220",0.2
"401490","2812",0.2
"401490","3290",0.2
"401490","3319",0.2
"401511","2219",0.2
"401511","2220",0.2
"401511","2812",0.2
"401511","3290",0.2
"401511","3319",0.2
"401519","2219",0.2
"401519","2220",0.2
"401519","2812",0.2
"401519","3290",0.2
"401519","3319",0.2
"401590","2219",0.2
"401590","2220",0.2
"401590","2812",0.2
"401590","3290",0.2
"401590","3319",0.2
"401610","2219",0.2
"401610","2220",0.2
"401610","2812",0.2
"401610","3290",0.2
"401610","3319",0.2
"401691","2219",0.2
"401691","2220",0.2
"401691","2812",0.2
"401691","3290",0.2
"401691","3319",0.2
"401692","2219",0.2
"401692","2220",0.2
"401692","2812",0.2
"401692","3290",0.2
"401692","3319",0.2
"401693","2219",0.2
"401693","2220",0.2
"401693","2812",0.2
"401693","3290",0.2
"401693","3319",0.2
"401694","2219",0.2
"401694","2220",0.2
"401694","2812",0.2
"401694","3290",0.2
"401694","3319",0.2
"401695","2219",0.2
"401695","2220",0.2
"401695","2812",0.2
"401695","3290",0.2
"401695","3319",0.2
"401699","2219",0.2
"401699","2220",0.2
"401699","2812",0.2
"401699","3290",0.2
"401699","3319",0.2
"401700","2219",0.2
"401700","2220",0.2
"401700","2812",0.2
"401700","3290",0.2
"401700","3319",0.2
"410110","1010",1
"410121","1010",1
"410122","1010",1
"410129","1010",1
"410130","1010",1
"410140","1010",1
"410210","1010",1
"410221","1010",1
"410229","1010",1
"410310","1010",1
"410320","0143",0.166666666666667
"410320","0145",0.166666666666667
"410320","0146",0.166666666666667
"410320","0149",0.166666666666667
"410320","0321",0.166666666666667
"410320","0322",0.166666666666667
"410390","0143",0.166666666666667
"410390","0145",0.166666666666667
"410390","0146",0.166666666666667
"410390","0149",0.166666666666667
"410390","0321",0.166666666666667
"410390","0322",0.166666666666667
"410410","1511",1
"410421","1511",1
"410422","1511",1
"410429","1511",1
"410431","1511",1
"410439","1511",1
"410511","1511",1
"410512","1511",1
"410519","1511",1
"410520","1511",1
"410611","1511",1
"410612","1511",1
"410619","1511",1
"410620","1511",1
"410710","1511",1
"410721","1511",1
"410729","1511",1
"410790","1511",1
"410800","1511",1
"410900","1511",1
"411100","1511",1
"420100","1512",0.5
"420100","3290",0.5
"420211","1512",0.5
"420211","3290",0.5
"420212","1512",0.5
"420212","3290",0.5
"420219","1512",0.5
"420219","3290",0.5
"420221","1512",0.5
"420221","3290",0.5
"420222","1512",0.5
"420222","3290",0.5
"420229","1512",0.5
"420229","3290",0.5
"420231","1512",0.5
"420231","3290",0.5
"420232","1512",0.5
"420232","3290",0.5
"420239","1512",0.5
"420239","3290",0.5
"420291","1512",0.5
"420291","3290",0.5
"420292","1512",0.5
"420292","3290",0.5
"420299","1512",0.5
"420299","3290",0.5
"420310","1313",0.333333333333333
"420310","1410",0.333333333333333
"420310","3290",0.333333333333333
"420321","3230",0.5
"420321","3290",0.5
"420329","1313",0.333333333333333
"420329","1410",0.333333333333333
"420329","3290",0.333333333333333
"420330","1313",0.333333333333333
"420330","1410",0.333333333333333
"420330","3290",0.333333333333333
"420340","1313",0.333333333333333
"420340","1410",0.333333333333333
"420340","3290",0.333333333333333
"420400","1512",0.5
"420400","3290",0.5
"420500","1512",0.5
"420500","3290",0.5
"420610","1399",0.0769230769230769
"420610","1512",0.0769230769230769
"420610","1629",0.0769230769230769
"420610","1709",0.0769230769230769
"420610","2029",0.0769230769230769
"420610","2219",0.0769230769230769
"420610","2220",0.0769230769230769
"420610","2599",0.0769230769230769
"420610","2829",0.0769230769230769
"420610","3092",0.0769230769230769
"420610","3212",0.0769230769230769
"420610","3290",0.0769230769230769
"420610","3312",0.0769230769230769
"420690","1399",0.0769230769230769
"420690","1512",0.0769230769230769
"420690","1629",0.0769230769230769
"420690","1709",0.0769230769230769
"420690","2029",0.0769230769230769
"420690","2219",0.0769230769230769
"420690","2220",0.0769230769230769
"420690","2599",0.0769230769230769
"420690","2829",0.0769230769230769
"420690","3092",0.0769230769230769
"420690","3212",0.0769230769230769
"420690","3290",0.0769230769230769
"420690","3312",0.0769230769230769
"430110","0143",0.166666666666667
"430110","0145",0.166666666666667
"430110","0146",0.166666666666667
"430110","0149",0.166666666666667
"430110","0321",0.166666666666667
"430110","0322",0.166666666666667
"430120","0143",0.166666666666667
"430120","0145",0.166666666666667
"430120","0146",0.166666666666667
"430120","0149",0.166666666666667
"430120","0321",0.166666666666667
"430120","0322",0.166666666666667
"430130","0143",0.166666666666667
"430130","0145",0.166666666666667
"430130","0146",0.166666666666667
"430130","0149",0.166666666666667
"430130","0321",0.166666666666667
"430130","0322",0.166666666666667
"430140","0143",0.166666666666667
"430140","0145",0.166666666666667
"430140","0146",0.166666666666667
"430140","0149",0.166666666666667
"430140","0321",0.166666666666667
"430140","0322",0.166666666666667
"430150","0143",0.166666666666667
"430150","0145",0.166666666666667
"430150","0146",0.166666666666667
"430150","0149",0.166666666666667
"430150","0321",0.166666666666667
"430150","0322",0.166666666666667
"430160","0143",0.166666666666667
"430160","0145",0.166666666666667
"430160","0146",0.166666666666667
"430160","0149",0.166666666666667
"430160","0321",0.166666666666667
"430160","0322",0.166666666666667
"430170","0143",0.166666666666667
"430170","0145",0.166666666666667
"430170","0146",0.166666666666667
"430170","0149",0.166666666666667
"430170","0321",0.166666666666667
"430170","0322",0.166666666666667
"430180","0143",0.166666666666667
"430180","0145",0.166666666666667
"430180","0146",0.166666666666667
"430180","0149",0.166666666666667
"430180","0321",0.166666666666667
"430180","0322",0.166666666666667
"430190","0143",0.166666666666667
"430190","0145",0.166666666666667
"430190","0146",0.166666666666667
"430190","0149",0.166666666666667
"430190","0321",0.166666666666667
"430190","0322",0.166666666666667
"430211","1420",0.5
"430211","1511",0.5
"430212","1420",0.5
"430212","1511",0.5
"430213","1420",0.5
"430213","1511",0.5
"430219","1420",0.5
"430219","1511",0.5
"430220","1420",0.5
"430220","1511",0.5
"430230","1420",0.5
"430230","1511",0.5
"430310","1420",0.5
"430310","1511",0.5
"430390","1420",0.5
"430390","1511",0.5
"430400","1420",0.5
"430400","1511",0.5
"440110","0121",0.0666666666666667
"440110","0122",0.0666666666666667
"440110","0123",0.0666666666666667
"440110","0124",0.0666666666666667
"440110","0125",0.0666666666666667
"440110","0126",0.0666666666666667
"440110","0127",0.0666666666666667
"440110","0128",0.0666666666666667
"440110","0129",0.0666666666666667
"440110","0130",0.0666666666666667
"440110","0210",0.0666666666666667
"440110","0220",0.0666666666666667
"440110","0230",0.0666666666666667
"440110","0240",0.0666666666666667
"440110","1102",0.0666666666666667
"440121","1610",1
"440122","1610",1
"440200","1910",0.5
"440200","2011",0.5
"440310","1610",1
"440320","0121",0.0666666666666667
"440320","0122",0.0666666666666667
"440320","0123",0.0666666666666667
"440320","0124",0.0666666666666667
"440320","0125",0.0666666666666667
"440320","0126",0.0666666666666667
"440320","0127",0.0666666666666667
"440320","0128",0.0666666666666667
"440320","0129",0.0666666666666667
"440320","0130",0.0666666666666667
"440320","0210",0.0666666666666667
"440320","0220",0.0666666666666667
"440320","0230",0.0666666666666667
"440320","0240",0.0666666666666667
"440320","1102",0.0666666666666667
"440331","0121",0.0666666666666667
"440331","0122",0.0666666666666667
"440331","0123",0.0666666666666667
"440331","0124",0.0666666666666667
"440331","0125",0.0666666666666667
"440331","0126",0.0666666666666667
"440331","0127",0.0666666666666667
"440331","0128",0.0666666666666667
"440331","0129",0.0666666666666667
"440331","0130",0.0666666666666667
"440331","0210",0.0666666666666667
"440331","0220",0.0666666666666667
"440331","0230",0.0666666666666667
"440331","0240",0.0666666666666667
"440331","1102",0.0666666666666667
"440332","0121",0.0666666666666667
"440332","0122",0.0666666666666667
"440332","0123",0.0666666666666667
"440332","0124",0.0666666666666667
"440332","0125",0.0666666666666667
"440332","0126",0.0666666666666667
"440332","0127",0.0666666666666667
"440332","0128",0.0666666666666667
"440332","0129",0.0666666666666667
"440332","0130",0.0666666666666667
"440332","0210",0.0666666666666667
"440332","0220",0.0666666666666667
"440332","0230",0.0666666666666667
"440332","0240",0.0666666666666667
"440332","1102",0.0666666666666667
"440333","0121",0.0666666666666667
"440333","0122",0.0666666666666667
"440333","0123",0.0666666666666667
"440333","0124",0.0666666666666667
"440333","0125",0.0666666666666667
"440333","0126",0.0666666666666667
"440333","0127",0.0666666666666667
"440333","0128",0.0666666666666667
"440333","0129",0.0666666666666667
"440333","0130",0.0666666666666667
"440333","0210",0.0666666666666667
"440333","0220",0.0666666666666667
"440333","0230",0.0666666666666667
"440333","0240",0.0666666666666667
"440333","1102",0.0666666666666667
"440334","0121",0.0666666666666667
"440334","0122",0.0666666666666667
"440334","0123",0.0666666666666667
"440334","0124",0.0666666666666667
"440334","0125",0.0666666666666667
"440334","0126",0.0666666666666667
"440334","0127",0.0666666666666667
"440334","0128",0.0666666666666667
"440334","0129",0.0666666666666667
"440334","0130",0.0666666666666667
"440334","0210",0.0666666666666667
"440334","0220",0.0666666666666667
"440334","0230",0.0666666666666667
"440334","0240",0.0666666666666667
"440334","1102",0.0666666666666667
"440335","0121",0.0666666666666667
"440335","0122",0.0666666666666667
"440335","0123",0.0666666666666667
"440335","0124",0.0666666666666667
"440335","0125",0.0666666666666667
"440335","0126",0.0666666666666667
"440335","0127",0.0666666666666667
"440335","0128",0.0666666666666667
"440335","0129",0.0666666666666667
"440335","0130",0.0666666666666667
"440335","0210",0.0666666666666667
"440335","0220",0.0666666666666667
"440335","0230",0.0666666666666667
"440335","0240",0.0666666666666667
"440335","1102",0.0666666666666667
"440391","0121",0.0666666666666667
"440391","0122",0.0666666666666667
"440391","0123",0.0666666666666667
"440391","0124",0.0666666666666667
"440391","0125",0.0666666666666667
"440391","0126",0.0666666666666667
"440391","0127",0.0666666666666667
"440391","0128",0.0666666666666667
"440391","0129",0.0666666666666667
"440391","0130",0.0666666666666667
"440391","0210",0.0666666666666667
"440391","0220",0.0666666666666667
"440391","0230",0.0666666666666667
"440391","0240",0.0666666666666667
"440391","1102",0.0666666666666667
"440392","0121",0.0666666666666667
"440392","0122",0.0666666666666667
"440392","0123",0.0666666666666667
"440392","0124",0.0666666666666667
"440392","0125",0.0666666666666667
"440392","0126",0.0666666666666667
"440392","0127",0.0666666666666667
"440392","0128",0.0666666666666667
"440392","0129",0.0666666666666667
"440392","0130",0.0666666666666667
"440392","0210",0.0666666666666667
"440392","0220",0.0666666666666667
"440392","0230",0.0666666666666667
"440392","0240",0.0666666666666667
"440392","1102",0.0666666666666667
"440399","0121",0.0666666666666667
"440399","0122",0.0666666666666667
"440399","0123",0.0666666666666667
"440399","0124",0.0666666666666667
"440399","0125",0.0666666666666667
"440399","0126",0.0666666666666667
"440399","0127",0.0666666666666667
"440399","0128",0.0666666666666667
"440399","0129",0.0666666666666667
"440399","0130",0.0666666666666667
"440399","0210",0.0666666666666667
"440399","0220",0.0666666666666667
"440399","0230",0.0666666666666667
"440399","0240",0.0666666666666667
"440399","1102",0.0666666666666667
"440410","0121",0.0666666666666667
"440410","0122",0.0666666666666667
"440410","0123",0.0666666666666667
"440410","0124",0.0666666666666667
"440410","0125",0.0666666666666667
"440410","0126",0.0666666666666667
"440410","0127",0.0666666666666667
"440410","0128",0.0666666666666667
"440410","0129",0.0666666666666667
"440410","0130",0.0666666666666667
"440410","0210",0.0666666666666667
"440410","0220",0.0666666666666667
"440410","0230",0.0666666666666667
"440410","0240",0.0666666666666667
"440410","1102",0.0666666666666667
"440420","0121",0.0666666666666667
"440420","0122",0.0666666666666667
"440420","0123",0.0666666666666667
"440420","0124",0.0666666666666667
"440420","0125",0.0666666666666667
"440420","0126",0.0666666666666667
"440420","0127",0.0666666666666667
"440420","0128",0.0666666666666667
"440420","0129",0.0666666666666667
"440420","0130",0.0666666666666667
"440420","0210",0.0666666666666667
"440420","0220",0.0666666666666667
"440420","0230",0.0666666666666667
"440420","0240",0.0666666666666667
"440420","1102",0.0666666666666667
"440500","1610",1
"440610","1610",1
"440690","1610",1
"440710","1610",1
"440721","1610",1
"440722","1610",1
"440723","1610",1
"440791","1610",1
"440792","1610",1
"440799","1610",1
"440810","1621",1
"440820","1621",1
"440890","1621",1
"440910","1610",1
"440920","1610",1
"441010","1621",1
"441090","1621",1
"441111","1621",1
"441119","1621",1
"441121","1621",1
"441129","1621",1
"441131","1621",1
"441139","1621",1
"441191","1621",1
"441199","1621",1
"441211","1621",1
"441212","1621",1
"441219","1621",1
"441221","1621",1
"441229","1621",1
"441291","1621",1
"441299","1621",1
"441300","1621",1
"441400","1629",0.333333333333333
"441400","3290",0.333333333333333
"441400","3319",0.333333333333333
"441510","1623",0.5
"441510","3319",0.5
"441520","1623",0.5
"441520","3319",0.5
"441600","1623",0.5
"441600","3319",0.5
"441700","1629",0.333333333333333
"441700","3290",0.333333333333333
"441700","3319",0.333333333333333
"441810","1622",1
"441820","1622",1
"441830","1622",1
"441840","1622",1
"441850","1622",1
"441890","1622",1
"441900","1629",0.333333333333333
"441900","3290",0.333333333333333
"441900","3319",0.333333333333333
"442010","1629",0.333333333333333
"442010","3290",0.333333333333333
"442010","3319",0.333333333333333
"442090","1629",0.333333333333333
"442090","3290",0.333333333333333
"442090","3319",0.333333333333333
"442110","1629",0.333333333333333
"442110","3290",0.333333333333333
"442110","3319",0.333333333333333
"442190","1629",0.333333333333333
"442190","3290",0.333333333333333
"442190","3319",0.333333333333333
"450110","0121",0.0666666666666667
"450110","0122",0.0666666666666667
"450110","0123",0.0666666666666667
"450110","0124",0.0666666666666667
"450110","0125",0.0666666666666667
"450110","0126",0.0666666666666667
"450110","0127",0.0666666666666667
"450110","0128",0.0666666666666667
"450110","0129",0.0666666666666667
"450110","0130",0.0666666666666667
"450110","0210",0.0666666666666667
"450110","0220",0.0666666666666667
"450110","0230",0.0666666666666667
"450110","0240",0.0666666666666667
"450110","1102",0.0666666666666667
"450190","1629",0.333333333333333
"450190","3290",0.333333333333333
"450190","3319",0.333333333333333
"450200","1629",0.333333333333333
"450200","3290",0.333333333333333
"450200","3319",0.333333333333333
"450310","1629",0.333333333333333
"450310","3290",0.333333333333333
"450310","3319",0.333333333333333
"450390","1629",0.333333333333333
"450390","3290",0.333333333333333
"450390","3319",0.333333333333333
"450410","1629",0.333333333333333
"450410","3290",0.333333333333333
"450410","3319",0.333333333333333
"450490","1629",0.333333333333333
"450490","3290",0.333333333333333
"450490","3319",0.333333333333333
"460110","1629",0.333333333333333
"460110","3290",0.333333333333333
"460110","3319",0.333333333333333
"460120","1629",0.333333333333333
"460120","3290",0.333333333333333
"460120","3319",0.333333333333333
"460191","1629",0.333333333333333
"460191","3290",0.333333333333333
"460191","3319",0.333333333333333
"460199","1629",0.333333333333333
"460199","3290",0.333333333333333
"460199","3319",0.333333333333333
"460210","1629",0.333333333333333
"460210","3290",0.333333333333333
"460210","3319",0.333333333333333
"460290","1629",0.333333333333333
"460290","3290",0.333333333333333
"460290","3319",0.333333333333333
"470100","1701",1
"470200","1701",1
"470311","1701",1
"470319","1701",1
"470321","1701",1
"470329","1701",1
"470411","1701",1
"470419","1701",1
"470421","1701",1
"470429","1701",1
"470500","1701",1
"470610","1701",1
"470691","1701",1
"470692","1701",1
"470693","1701",1
"480100","1701",1
"480210","1701",1
"480220","1701",1
"480230","1701",1
"480240","1701",1
"480251","1701",1
"480252","1701",1
"480253","1701",1
"480260","1701",1
"480300","1701",1
"480411","1701",1
"480419","1701",1
"480421","1701",1
"480429","1701",1
"480431","1701",1
"480439","1701",1
"480441","1701",1
"480442","1701",1
"480449","1701",1
"480451","1701",1
"480452","1701",1
"480459","1701",1
"480510","1701",1
"480521","1701",1
"480522","1701",1
"480523","1701",1
"480529","1701",1
"480530","1701",1
"480540","1701",1
"480550","1701",1
"480560","1701",1
"480570","1701",1
"480580","1701",1
"480610","1701",1
"480620","1701",1
"480630","1701",1
"480640","1701",1
"480710","1701",1
"480791","1701",1
"480799","1701",1
"480810","1702",1
"480820","1701",1
"480830","1701",1
"480890","1701",1
"480910","1701",1
"480920","1701",1
"480990","1701",1
"481011","1701",1
"481012","1701",1
"481021","1701",1
"481029","1701",1
"481031","1701",1
"481032","1701",1
"481039","1701",1
"481091","1701",1
"481099","1701",1
"481110","1701",1
"481121","1701",1
"481129","1701",1
"481131","1701",1
"481139","1701",1
"481140","1701",1
"481190","1701",1
"481200","1709",0.333333333333333
"481200","1811",0.333333333333333
"481200","2220",0.333333333333333
"481310","1709",0.333333333333333
"481310","1811",0.333333333333333
"481310","2220",0.333333333333333
"481320","1709",0.333333333333333
"481320","1811",0.333333333333333
"481320","2220",0.333333333333333
"481390","1701",1
"481410","1709",0.333333333333333
"481410","1811",0.333333333333333
"481410","2220",0.333333333333333
"481420","1709",0.333333333333333
"481420","1811",0.333333333333333
"481420","2220",0.333333333333333
"481430","1709",0.333333333333333
"481430","1811",0.333333333333333
"481430","2220",0.333333333333333
"481490","1709",0.333333333333333
"481490","1811",0.333333333333333
"481490","2220",0.333333333333333
"481500","1709",0.333333333333333
"481500","1811",0.333333333333333
"481500","2220",0.333333333333333
"481610","1709",0.333333333333333
"481610","1811",0.333333333333333
"481610","2220",0.333333333333333
"481620","1709",0.333333333333333
"481620","1811",0.333333333333333
"481620","2220",0.333333333333333
"481630","1709",0.333333333333333
"481630","1811",0.333333333333333
"481630","2220",0.333333333333333
"481690","1709",0.333333333333333
"481690","1811",0.333333333333333
"481690","2220",0.333333333333333
"481710","1709",0.333333333333333
"481710","1811",0.333333333333333
"481710","2220",0.333333333333333
"481720","1709",0.333333333333333
"481720","1811",0.333333333333333
"481720","2220",0.333333333333333
"481730","1709",0.333333333333333
"481730","1811",0.333333333333333
"481730","2220",0.333333333333333
"481810","1709",0.333333333333333
"481810","1811",0.333333333333333
"481810","2220",0.333333333333333
"481820","1709",0.333333333333333
"481820","1811",0.333333333333333
"481820","2220",0.333333333333333
"481830","1709",0.333333333333333
"481830","1811",0.333333333333333
"481830","2220",0.333333333333333
"481840","1709",0.333333333333333
"481840","1811",0.333333333333333
"481840","2220",0.333333333333333
"481850","1709",0.333333333333333
"481850","1811",0.333333333333333
"481850","2220",0.333333333333333
"481890","1709",0.333333333333333
"481890","1811",0.333333333333333
"481890","2220",0.333333333333333
"481910","1702",1
"481920","1702",1
"481930","1702",1
"481940","1702",1
"481950","1702",1
"481960","1702",1
"482010","1709",0.5
"482010","1811",0.5
"482020","1709",0.5
"482020","1811",0.5
"482030","1709",0.5
"482030","1811",0.5
"482040","1709",0.5
"482040","1811",0.5
"482050","1709",0.5
"482050","1811",0.5
"482090","1709",0.5
"482090","1811",0.5
"482110","1709",0.333333333333333
"482110","1811",0.333333333333333
"482110","2220",0.333333333333333
"482190","1709",0.333333333333333
"482190","1811",0.333333333333333
"482190","2220",0.333333333333333
"482210","1709",0.333333333333333
"482210","1811",0.333333333333333
"482210","2220",0.333333333333333
"482290","1709",0.333333333333333
"482290","1811",0.333333333333333
"482290","2220",0.333333333333333
"482311","1709",0.333333333333333
"482311","1811",0.333333333333333
"482311","2220",0.333333333333333
"482319","1709",0.333333333333333
"482319","1811",0.333333333333333
"482319","2220",0.333333333333333
"482320","1709",0.333333333333333
"482320","1811",0.333333333333333
"482320","2220",0.333333333333333
"482330","1709",0.333333333333333
"482330","1811",0.333333333333333
"482330","2220",0.333333333333333
"482340","1709",0.333333333333333
"482340","1811",0.333333333333333
"482340","2220",0.333333333333333
"482351","1709",0.333333333333333
"482351","1811",0.333333333333333
"482351","2220",0.333333333333333
"482359","1709",0.333333333333333
"482359","1811",0.333333333333333
"482359","2220",0.333333333333333
"482360","1709",0.333333333333333
"482360","1811",0.333333333333333
"482360","2220",0.333333333333333
"482370","1709",0.333333333333333
"482370","1811",0.333333333333333
"482370","2220",0.333333333333333
"482390","1709",0.333333333333333
"482390","1811",0.333333333333333
"482390","2220",0.333333333333333
"490110","3290",0.25
"490110","5811",0.25
"490110","5812",0.25
"490110","5920",0.25
"490191","3290",0.25
"490191","5811",0.25
"490191","5812",0.25
"490191","5920",0.25
"490199","3290",0.25
"490199","5811",0.25
"490199","5812",0.25
"490199","5920",0.25
"490210","5813",1
"490290","5813",1
"490300","3290",0.25
"490300","5811",0.25
"490300","5812",0.25
"490300","5920",0.25
"490400","3290",0.25
"490400","5811",0.25
"490400","5812",0.25
"490400","5920",0.25
"490510","3290",0.25
"490510","5811",0.25
"490510","5812",0.25
"490510","5920",0.25
"490591","3290",0.25
"490591","5811",0.25
"490591","5812",0.25
"490591","5920",0.25
"490599","3290",0.25
"490599","5811",0.25
"490599","5812",0.25
"490599","5920",0.25
"490600","0910",0.2
"490600","0990",0.2
"490600","7110",0.2
"490600","7410",0.2
"490600","7490",0.2
"490700","5813",0.5
"490700","5819",0.5
"490810","5813",0.5
"490810","5819",0.5
"490890","5813",0.5
"490890","5819",0.5
"490900","5813",0.5
"490900","5819",0.5
"491000","5813",0.5
"491000","5819",0.5
"491110","1709",0.5
"491110","1811",0.5
"491191","5813",0.5
"491191","5819",0.5
"491199","5813",0.5
"491199","5819",0.5
"500100","0143",0.166666666666667
"500100","0145",0.166666666666667
"500100","0146",0.166666666666667
"500100","0149",0.166666666666667
"500100","0321",0.166666666666667
"500100","0322",0.166666666666667
"500200","1311",0.5
"500200","1312",0.5
"500390","1311",0.5
"500390","1312",0.5
"500400","1311",0.5
"500400","1312",0.5
"500500","1311",0.5
"500500","1312",0.5
"500600","1311",0.5
"500600","1312",0.5
"500710","1311",0.5
"500710","1312",0.5
"500720","1311",0.5
"500720","1312",0.5
"500790","1311",0.5
"500790","1312",0.5
"510111","0141",0.333333333333333
"510111","0142",0.333333333333333
"510111","0144",0.333333333333333
"510119","1010",1
"510121","1311",0.5
"510121","1312",0.5
"510129","1311",0.5
"510129","1312",0.5
"510130","1311",0.5
"510130","1312",0.5
"510210","0143",0.166666666666667
"510210","0145",0.166666666666667
"510210","0146",0.166666666666667
"510210","0149",0.166666666666667
"510210","0321",0.166666666666667
"510210","0322",0.166666666666667
"510220","0143",0.166666666666667
"510220","0145",0.166666666666667
"510220","0146",0.166666666666667
"510220","0149",0.166666666666667
"510220","0321",0.166666666666667
"510220","0322",0.166666666666667
"510310","1311",0.5
"510310","1312",0.5
"510510","1311",0.5
"510510","1312",0.5
"510521","1311",0.5
"510521","1312",0.5
"510529","1311",0.5
"510529","1312",0.5
"510530","1311",0.5
"510530","1312",0.5
"510540","1311",0.5
"510540","1312",0.5
"510610","1311",0.5
"510610","1312",0.5
"510620","1311",0.5
"510620","1312",0.5
"510710","1311",0.5
"510710","1312",0.5
"510720","1311",0.5
"510720","1312",0.5
"510810","1311",0.5
"510810","1312",0.5
"510820","1311",0.5
"510820","1312",0.5
"510910","1311",0.5
"510910","1312",0.5
"510990","1311",0.5
"510990","1312",0.5
"511000","1311",0.5
"511000","1312",0.5
"511111","1311",0.5
"511111","1312",0.5
"511119","1311",0.5
"511119","1312",0.5
"511120","1311",0.5
"511120","1312",0.5
"511130","1311",0.5
"511130","1312",0.5
"511190","1311",0.5
"511190","1312",0.5
"511211","1311",0.5
"511211","1312",0.5
"511219","1311",0.5
"511219","1312",0.5
"511220","1311",0.5
"511220","1312",0.5
"511230","1311",0.5
"511230","1312",0.5
"511290","1311",0.5
"511290","1312",0.5
"511300","1311",0.5
"511300","1312",0.5
"520100","0111",0.0909090909090909
"520100","0112",0.0909090909090909
"520100","0113",0.0909090909090909
"520100","0114",0.0909090909090909
"520100","0115",0.0909090909090909
"520100","0116",0.0909090909090909
"520100","0119",0.0909090909090909
"520100","0126",0.0909090909090909
"520100","0128",0.0909090909090909
"520100","0129",0.0909090909090909
"520100","0163",0.0909090909090909
"520300","1311",0.5
"520300","1312",0.5
"520411","1311",0.5
"520411","1312",0.5
"520419","1311",0.5
"520419","1312",0.5
"520420","1311",0.5
"520420","1312",0.5
"520511","1311",0.5
"520511","1312",0.5
"520512","1311",0.5
"520512","1312",0.5
"520513","1311",0.5
"520513","1312",0.5
"520514","1311",0.5
"520514","1312",0.5
"520515","1311",0.5
"520515","1312",0.5
"520521","1311",0.5
"520521","1312",0.5
"520522","1311",0.5
"520522","1312",0.5
"520523","1311",0.5
"520523","1312",0.5
"520524","1311",0.5
"520524","1312",0.5
"520525","1311",0.5
"520525","1312",0.5
"520531","1311",0.5
"520531","1312",0.5
"520532","1311",0.5
"520532","1312",0.5
"520533","1311",0.5
"520533","1312",0.5
"520534","1311",0.5
"520534","1312",0.5
"520535","1311",0.5
"520535","1312",0.5
"520541","1311",0.5
"520541","1312",0.5
"520542","1311",0.5
"520542","1312",0.5
"520543","1311",0.5
"520543","1312",0.5
"520544","1311",0.5
"520544","1312",0.5
"520545","1311",0.5
"520545","1312",0.5
"520611","1311",0.5
"520611","1312",0.5
"520612","1311",0.5
"520612","1312",0.5
"520613","1311",0.5
"520613","1312",0.5
"520614","1311",0.5
"520614","1312",0.5
"520615","1311",0.5
"520615","1312",0.5
"520621","1311",0.5
"520621","1312",0.5
"520622","1311",0.5
"520622","1312",0.5
"520623","1311",0.5
"520623","1312",0.5
"520624","1311",0.5
"520624","1312",0.5
"520625","1311",0.5
"520625","1312",0.5
"520631","1311",0.5
"520631","1312",0.5
"520632","1311",0.5
"520632","1312",0.5
"520633","1311",0.5
"520633","1312",0.5
"520634","1311",0.5
"520634","1312",0.5
"520635","1311",0.5
"520635","1312",0.5
"520641","1311",0.5
"520641","1312",0.5
"520642","1311",0.5
"520642","1312",0.5
"520643","1311",0.5
"520643","1312",0.5
"520644","1311",0.5
"520644","1312",0.5
"520645","1311",0.5
"520645","1312",0.5
"520710","1311",0.5
"520710","1312",0.5
"520790","1311",0.5
"520790","1312",0.5
"520811","1311",0.5
"520811","1312",0.5
"520812","1311",0.5
"520812","1312",0.5
"520813","1311",0.5
"520813","1312",0.5
"520819","1311",0.5
"520819","1312",0.5
"520821","1311",0.5
"520821","1312",0.5
"520822","1311",0.5
"520822","1312",0.5
"520823","1311",0.5
"520823","1312",0.5
"520829","1311",0.5
"520829","1312",0.5
"520831","1311",0.5
"520831","1312",0.5
"520832","1311",0.5
"520832","1312",0.5
"520833","1311",0.5
"520833","1312",0.5
"520839","1311",0.5
"520839","1312",0.5
"520841","1311",0.5
"520841","1312",0.5
"520842","1311",0.5
"520842","1312",0.5
"520843","1311",0.5
"520843","1312",0.5
"520849","1311",0.5
"520849","1312",0.5
"520851","1311",0.5
"520851","1312",0.5
"520852","1311",0.5
"520852","1312",0.5
"520853","1311",0.5
"520853","1312",0.5
"520859","1311",0.5
"520859","1312",0.5
"520911","1311",0.5
"520911","1312",0.5
"520912","1311",0.5
"520912","1312",0.5
"520919","1311",0.5
"520919","1312",0.5
"520921","1311",0.5
"520921","1312",0.5
"520922","1311",0.5
"520922","1312",0.5
"520929","1311",0.5
"520929","1312",0.5
"520931","1311",0.5
"520931","1312",0.5
"520932","1311",0.5
"520932","1312",0.5
"520939","1311",0.5
"520939","1312",0.5
"520941","1311",0.5
"520941","1312",0.5
"520942","1311",0.5
"520942","1312",0.5
"520943","1311",0.5
"520943","1312",0.5
"520949","1311",0.5
"520949","1312",0.5
"520951","1311",0.5
"520951","1312",0.5
"520952","1311",0.5
"520952","1312",0.5
"520959","1311",0.5
"520959","1312",0.5
"521011","1311",0.5
"521011","1312",0.5
"521012","1311",0.5
"521012","1312",0.5
"521019","1311",0.5
"521019","1312",0.5
"521021","1311",0.5
"521021","1312",0.5
"521022","1311",0.5
"521022","1312",0.5
"521029","1311",0.5
"521029","1312",0.5
"521031","1311",0.5
"521031","1312",0.5
"521032","1311",0.5
"521032","1312",0.5
"521039","1311",0.5
"521039","1312",0.5
"521041","1311",0.5
"521041","1312",0.5
"521042","1311",0.5
"521042","1312",0.5
"521049","1311",0.5
"521049","1312",0.5
"521051","1311",0.5
"521051","1312",0.5
"521052","1311",0.5
"521052","1312",0.5
"521059","1311",0.5
"521059","1312",0.5
"521111","1311",0.5
"521111","1312",0.5
"521112","1311",0.5
"521112","1312",0.5
"521119","1311",0.5
"521119","1312",0.5
"521121","1311",0.5
"521121","1312",0.5
"521122","1311",0.5
"521122","1312",0.5
"521129","1311",0.5
"521129","1312",0.5
"521131","1311",0.5
"521131","1312",0.5
"521132","1311",0.5
"521132","1312",0.5
"521139","1311",0.5
"521139","1312",0.5
"521141","1311",0.5
"521141","1312",0.5
"521142","1311",0.5
"521142","1312",0.5
"521143","1311",0.5
"521143","1312",0.5
"521149","1311",0.5
"521149","1312",0.5
"521151","1311",0.5
"521151","1312",0.5
"521152","1311",0.5
"521152","1312",0.5
"521159","1311",0.5
"521159","1312",0.5
"521211","1311",0.5
"521211","1312",0.5
"521212","1311",0.5
"521212","1312",0.5
"521213","1311",0.5
"521213","1312",0.5
"521214","1311",0.5
"521214","1312",0.5
"521215","1311",0.5
"521215","1312",0.5
"521221","1311",0.5
"521221","1312",0.5
"521222","1311",0.5
"521222","1312",0.5
"521223","1311",0.5
"521223","1312",0.5
"521224","1311",0.5
"521224","1312",0.5
"521225","1311",0.5
"521225","1312",0.5
"530110","0111",0.0909090909090909
"530110","0112",0.0909090909090909
"530110","0113",0.0909090909090909
"530110","0114",0.0909090909090909
"530110","0115",0.0909090909090909
"530110","0116",0.0909090909090909
"530110","0119",0.0909090909090909
"530110","0126",0.0909090909090909
"530110","0128",0.0909090909090909
"530110","0129",0.0909090909090909
"530110","0163",0.0909090909090909
"530121","1311",0.5
"530121","1312",0.5
"530129","1311",0.5
"530129","1312",0.5
"530130","1311",0.5
"530130","1312",0.5
"530210","0111",0.0909090909090909
"530210","0112",0.0909090909090909
"530210","0113",0.0909090909090909
"530210","0114",0.0909090909090909
"530210","0115",0.0909090909090909
"530210","0116",0.0909090909090909
"530210","0119",0.0909090909090909
"530210","0126",0.0909090909090909
"530210","0128",0.0909090909090909
"530210","0129",0.0909090909090909
"530210","0163",0.0909090909090909
"530290","1311",0.5
"530290","1312",0.5
"530310","0111",0.0909090909090909
"530310","0112",0.0909090909090909
"530310","0113",0.0909090909090909
"530310","0114",0.0909090909090909
"530310","0115",0.0909090909090909
"530310","0116",0.0909090909090909
"530310","0119",0.0909090909090909
"530310","0126",0.0909090909090909
"530310","0128",0.0909090909090909
"530310","0129",0.0909090909090909
"530310","0163",0.0909090909090909
"530390","1311",0.5
"530390","1312",0.5
"530410","0111",0.0909090909090909
"530410","0112",0.0909090909090909
"530410","0113",0.0909090909090909
"530410","0114",0.0909090909090909
"530410","0115",0.0909090909090909
"530410","0116",0.0909090909090909
"530410","0119",0.0909090909090909
"530410","0126",0.0909090909090909
"530410","0128",0.0909090909090909
"530410","0129",0.0909090909090909
"530410","0163",0.0909090909090909
"530490","1311",0.5
"530490","1312",0.5
"530511","0111",0.0909090909090909
"530511","0112",0.0909090909090909
"530511","0113",0.0909090909090909
"530511","0114",0.0909090909090909
"530511","0115",0.0909090909090909
"530511","0116",0.0909090909090909
"530511","0119",0.0909090909090909
"530511","0126",0.0909090909090909
"530511","0128",0.0909090909090909
"530511","0129",0.0909090909090909
"530511","0163",0.0909090909090909
"530519","1311",0.5
"530519","1312",0.5
"530521","0111",0.0909090909090909
"530521","0112",0.0909090909090909
"530521","0113",0.0909090909090909
"530521","0114",0.0909090909090909
"530521","0115",0.0909090909090909
"530521","0116",0.0909090909090909
"530521","0119",0.0909090909090909
"530521","0126",0.0909090909090909
"530521","0128",0.0909090909090909
"530521","0129",0.0909090909090909
"530521","0163",0.0909090909090909
"530529","1311",0.5
"530529","1312",0.5
"530591","0111",0.0909090909090909
"530591","0112",0.0909090909090909
"530591","0113",0.0909090909090909
"530591","0114",0.0909090909090909
"530591","0115",0.0909090909090909
"530591","0116",0.0909090909090909
"530591","0119",0.0909090909090909
"530591","0126",0.0909090909090909
"530591","0128",0.0909090909090909
"530591","0129",0.0909090909090909
"530591","0163",0.0909090909090909
"530599","1311",0.5
"530599","1312",0.5
"530610","1311",0.5
"530610","1312",0.5
"530620","1311",0.5
"530620","1312",0.5
"530710","1311",0.5
"530710","1312",0.5
"530720","1311",0.5
"530720","1312",0.5
"530810","1311",0.5
"530810","1312",0.5
"530820","1311",0.5
"530820","1312",0.5
"530830","1311",0.5
"530830","1312",0.5
"530890","1311",0.5
"530890","1312",0.5
"530911","1311",0.5
"530911","1312",0.5
"530919","1311",0.5
"530919","1312",0.5
"530921","1311",0.5
"530921","1312",0.5
"530929","1311",0.5
"530929","1312",0.5
"531010","1311",0.5
"531010","1312",0.5
"531090","1311",0.5
"531090","1312",0.5
"531100","1311",0.5
"531100","1312",0.5
"540110","1311",0.5
"540110","1312",0.5
"540120","1311",0.5
"540120","1312",0.5
"540210","2030",1
"540220","2030",1
"540231","2030",1
"540232","2030",1
"540233","2030",1
"540239","2030",1
"540241","2030",1
"540242","2030",1
"540243","2030",1
"540249","2030",1
"540251","2030",1
"540252","2030",1
"540259","2030",1
"540261","1311",0.5
"540261","1312",0.5
"540262","1311",0.5
"540262","1312",0.5
"540269","1311",0.5
"540269","1312",0.5
"540310","2030",1
"540320","2030",1
"540331","2030",1
"540332","2030",1
"540333","2030",1
"540339","2030",1
"540341","1311",0.5
"540341","1312",0.5
"540342","1311",0.5
"540342","1312",0.5
"540349","1311",0.5
"540349","1312",0.5
"540410","2030",1
"540490","2030",1
"540500","2030",1
"540610","1311",0.5
"540610","1312",0.5
"540620","1311",0.5
"540620","1312",0.5
"540710","1311",0.5
"540710","1312",0.5
"540720","1311",0.5
"540720","1312",0.5
"540730","1311",0.5
"540730","1312",0.5
"540741","1311",0.5
"540741","1312",0.5
"540742","1311",0.5
"540742","1312",0.5
"540743","1311",0.5
"540743","1312",0.5
"540744","1311",0.5
"540744","1312",0.5
"540751","1311",0.5
"540751","1312",0.5
"540752","1311",0.5
"540752","1312",0.5
"540753","1311",0.5
"540753","1312",0.5
"540754","1311",0.5
"540754","1312",0.5
"540760","1311",0.5
"540760","1312",0.5
"540771","1311",0.5
"540771","1312",0.5
"540772","1311",0.5
"540772","1312",0.5
"540773","1311",0.5
"540773","1312",0.5
"540774","1311",0.5
"540774","1312",0.5
"540781","1311",0.5
"540781","1312",0.5
"540782","1311",0.5
"540782","1312",0.5
"540783","1311",0.5
"540783","1312",0.5
"540784","1311",0.5
"540784","1312",0.5
"540791","1311",0.5
"540791","1312",0.5
"540792","1311",0.5
"540792","1312",0.5
"540793","1311",0.5
"540793","1312",0.5
"540794","1311",0.5
"540794","1312",0.5
"540810","1311",0.5
"540810","1312",0.5
"540821","1311",0.5
"540821","1312",0.5
"540822","1311",0.5
"540822","1312",0.5
"540823","1311",0.5
"540823","1312",0.5
"540824","1311",0.5
"540824","1312",0.5
"540831","1311",0.5
"540831","1312",0.5
"540832","1311",0.5
"540832","1312",0.5
"540833","1311",0.5
"540833","1312",0.5
"540834","1311",0.5
"540834","1312",0.5
"550110","2030",1
"550120","2030",1
"550130","2030",1
"550190","2030",1
"550200","2030",1
"550310","2030",1
"550320","2030",1
"550330","2030",1
"550340","2030",1
"550390","2030",1
"550410","2030",1
"550490","2030",1
"550610","1311",0.5
"550610","1312",0.5
"550620","1311",0.5
"550620","1312",0.5
"550630","1311",0.5
"550630","1312",0.5
"550690","1311",0.5
"550690","1312",0.5
"550700","1311",0.5
"550700","1312",0.5
"550810","1311",0.5
"550810","1312",0.5
"550820","1311",0.5
"550820","1312",0.5
"550911","1311",0.5
"550911","1312",0.5
"550912","1311",0.5
"550912","1312",0.5
"550921","1311",0.5
"550921","1312",0.5
"550922","1311",0.5
"550922","1312",0.5
"550931","1311",0.5
"550931","1312",0.5
"550932","1311",0.5
"550932","1312",0.5
"550941","1311",0.5
"550941","1312",0.5
"550942","1311",0.5
"550942","1312",0.5
"550951","1311",0.5
"550951","1312",0.5
"550952","1311",0.5
"550952","1312",0.5
"550953","1311",0.5
"550953","1312",0.5
"550959","1311",0.5
"550959","1312",0.5
"550961","1311",0.5
"550961","1312",0.5
"550962","1311",0.5
"550962","1312",0.5
"550969","1311",0.5
"550969","1312",0.5
"550991","1311",0.5
"550991","1312",0.5
"550992","1311",0.5
"550992","1312",0.5
"550999","1311",0.5
"550999","1312",0.5
"551011","1311",0.5
"551011","1312",0.5
"551012","1311",0.5
"551012","1312",0.5
"551020","1311",0.5
"551020","1312",0.5
"551030","1311",0.5
"551030","1312",0.5
"551090","1311",0.5
"551090","1312",0.5
"551110","1311",0.5
"551110","1312",0.5
"551120","1311",0.5
"551120","1312",0.5
"551130","1311",0.5
"551130","1312",0.5
"551211","1311",0.5
"551211","1312",0.5
"551219","1311",0.5
"551219","1312",0.5
"551221","1311",0.5
"551221","1312",0.5
"551229","1311",0.5
"551229","1312",0.5
"551291","1311",0.5
"551291","1312",0.5
"551299","1311",0.5
"551299","1312",0.5
"551311","1311",0.5
"551311","1312",0.5
"551312","1311",0.5
"551312","1312",0.5
"551313","1311",0.5
"551313","1312",0.5
"551319","1311",0.5
"551319","1312",0.5
"551321","1311",0.5
"551321","1312",0.5
"551322","1311",0.5
"551322","1312",0.5
"551323","1311",0.5
"551323","1312",0.5
"551329","1311",0.5
"551329","1312",0.5
"551331","1311",0.5
"551331","1312",0.5
"551332","1311",0.5
"551332","1312",0.5
"551333","1311",0.5
"551333","1312",0.5
"551339","1311",0.5
"551339","1312",0.5
"551341","1311",0.5
"551341","1312",0.5
"551342","1311",0.5
"551342","1312",0.5
"551343","1311",0.5
"551343","1312",0.5
"551349","1311",0.5
"551349","1312",0.5
"551411","1311",0.5
"551411","1312",0.5
"551412","1311",0.5
"551412","1312",0.5
"551413","1311",0.5
"551413","1312",0.5
"551419","1311",0.5
"551419","1312",0.5
"551421","1311",0.5
"551421","1312",0.5
"551422","1311",0.5
"551422","1312",0.5
"551423","1311",0.5
"551423","1312",0.5
"551429","1311",0.5
"551429","1312",0.5
"551431","1311",0.5
"551431","1312",0.5
"551432","1311",0.5
"551432","1312",0.5
"551433","1311",0.5
"551433","1312",0.5
"551439","1311",0.5
"551439","1312",0.5
"551441","1311",0.5
"551441","1312",0.5
"551442","1311",0.5
"551442","1312",0.5
"551443","1311",0.5
"551443","1312",0.5
"551449","1311",0.5
"551449","1312",0.5
"551511","1311",0.5
"551511","1312",0.5
"551512","1311",0.5
"551512","1312",0.5
"551513","1311",0.5
"551513","1312",0.5
"551519","1311",0.5
"551519","1312",0.5
"551521","1311",0.5
"551521","1312",0.5
"551522","1311",0.5
"551522","1312",0.5
"551529","1311",0.5
"551529","1312",0.5
"551591","1311",0.5
"551591","1312",0.5
"551592","1311",0.5
"551592","1312",0.5
"551599","1311",0.5
"551599","1312",0.5
"551611","1311",0.5
"551611","1312",0.5
"551612","1311",0.5
"551612","1312",0.5
"551613","1311",0.5
"551613","1312",0.5
"551614","1311",0.5
"551614","1312",0.5
"551621","1311",0.5
"551621","1312",0.5
"551622","1311",0.5
"551622","1312",0.5
"551623","1311",0.5
"551623","1312",0.5
"551624","1311",0.5
"551624","1312",0.5
"551631","1311",0.5
"551631","1312",0.5
"551632","1311",0.5
"551632","1312",0.5
"551633","1311",0.5
"551633","1312",0.5
"551634","1311",0.5
"551634","1312",0.5
"551641","1311",0.5
"551641","1312",0.5
"551642","1311",0.5
"551642","1312",0.5
"551643","1311",0.5
"551643","1312",0.5
"551644","1311",0.5
"551644","1312",0.5
"551691","1311",0.5
"551691","1312",0.5
"551692","1311",0.5
"551692","1312",0.5
"551693","1311",0.5
"551693","1312",0.5
"551694","1311",0.5
"551694","1312",0.5
"560110","1313",0.333333333333333
"560110","1399",0.333333333333333
"560110","1709",0.333333333333333
"560121","1313",0.333333333333333
"560121","1399",0.333333333333333
"560121","1709",0.333333333333333
"560122","1313",0.333333333333333
"560122","1399",0.333333333333333
"560122","1709",0.333333333333333
"560129","1313",0.333333333333333
"560129","1399",0.333333333333333
"560129","1709",0.333333333333333
"560130","1313",0.333333333333333
"560130","1399",0.333333333333333
"560130","1709",0.333333333333333
"560210","1313",0.333333333333333
"560210","1399",0.333333333333333
"560210","1709",0.333333333333333
"560221","1313",0.333333333333333
"560221","1399",0.333333333333333
"560221","1709",0.333333333333333
"560229","1313",0.333333333333333
"560229","1399",0.333333333333333
"560229","1709",0.333333333333333
"560290","1313",0.333333333333333
"560290","1399",0.333333333333333
"560290","1709",0.333333333333333
"560300","1313",0.333333333333333
"560300","1399",0.333333333333333
"560300","1709",0.333333333333333
"560410","1313",0.333333333333333
"560410","1399",0.333333333333333
"560410","1709",0.333333333333333
"560420","1313",0.333333333333333
"560420","1399",0.333333333333333
"560420","1709",0.333333333333333
"560490","1313",0.333333333333333
"560490","1399",0.333333333333333
"560490","1709",0.333333333333333
"560500","1313",0.333333333333333
"560500","1399",0.333333333333333
"560500","1709",0.333333333333333
"560600","1313",0.333333333333333
"560600","1399",0.333333333333333
"560600","1709",0.333333333333333
"560710","1394",0.5
"560710","3319",0.5
"560721","1394",0.5
"560721","3319",0.5
"560729","1394",0.5
"560729","3319",0.5
"560730","1394",0.5
"560730","3319",0.5
"560741","1394",0.5
"560741","3319",0.5
"560749","1394",0.5
"560749","3319",0.5
"560750","1394",0.5
"560750","3319",0.5
"560790","1394",0.5
"560790","3319",0.5
"560811","1394",0.5
"560811","3319",0.5
"560819","1394",0.5
"560819","3319",0.5
"560890","1394",0.5
"560890","3319",0.5
"560900","1394",0.5
"560900","3319",0.5
"570110","1393",1
"570190","1393",1
"570210","1393",1
"570220","1393",1
"570231","1393",1
"570232","1393",1
"570239","1393",1
"570241","1393",1
"570242","1393",1
"570249","1393",1
"570251","1393",1
"570252","1393",1
"570259","1393",1
"570291","1393",1
"570292","1393",1
"570299","1393",1
"570310","1393",1
"570320","1393",1
"570330","1393",1
"570390","1393",1
"570410","1393",1
"570490","1393",1
"570500","1393",1
"580110","1311",0.5
"580110","1312",0.5
"580121","1311",0.5
"580121","1312",0.5
"580122","1311",0.5
"580122","1312",0.5
"580123","1311",0.5
"580123","1312",0.5
"580124","1311",0.5
"580124","1312",0.5
"580125","1311",0.5
"580125","1312",0.5
"580126","1311",0.5
"580126","1312",0.5
"580131","1311",0.5
"580131","1312",0.5
"580132","1311",0.5
"580132","1312",0.5
"580133","1311",0.5
"580133","1312",0.5
"580134","1311",0.5
"580134","1312",0.5
"580135","1311",0.5
"580135","1312",0.5
"580136","1311",0.5
"580136","1312",0.5
"580190","1311",0.5
"580190","1312",0.5
"580211","1311",0.5
"580211","1312",0.5
"580219","1311",0.5
"580219","1312",0.5
"580220","1311",0.5
"580220","1312",0.5
"580230","1311",0.5
"580230","1312",0.5
"580310","1311",0.5
"580310","1312",0.5
"580390","1311",0.5
"580390","1312",0.5
"580410","1313",0.333333333333333
"580410","1399",0.333333333333333
"580410","1709",0.333333333333333
"580421","1313",0.333333333333333
"580421","1399",0.333333333333333
"580421","1709",0.333333333333333
"580429","1313",0.333333333333333
"580429","1399",0.333333333333333
"580429","1709",0.333333333333333
"580430","1313",0.333333333333333
"580430","1399",0.333333333333333
"580430","1709",0.333333333333333
"580500","1392",0.333333333333333
"580500","3250",0.333333333333333
"580500","3319",0.333333333333333
"580610","1313",0.333333333333333
"580610","1399",0.333333333333333
"580610","1709",0.333333333333333
"580620","1313",0.333333333333333
"580620","1399",0.333333333333333
"580620","1709",0.333333333333333
"580631","1313",0.333333333333333
"580631","1399",0.333333333333333
"580631","1709",0.333333333333333
"580632","1313",0.333333333333333
"580632","1399",0.333333333333333
"580632","1709",0.333333333333333
"580639","1313",0.333333333333333
"580639","1399",0.333333333333333
"580639","1709",0.333333333333333
"580640","1313",0.333333333333333
"580640","1399",0.333333333333333
"580640","1709",0.333333333333333
"580710","1313",0.333333333333333
"580710","1399",0.333333333333333
"580710","1709",0.333333333333333
"580790","1313",0.333333333333333
"580790","1399",0.333333333333333
"580790","1709",0.333333333333333
"580810","1313",0.333333333333333
"580810","1399",0.333333333333333
"580810","1709",0.333333333333333
"580890","1313",0.333333333333333
"580890","1399",0.333333333333333
"580890","1709",0.333333333333333
"580900","1313",0.333333333333333
"580900","1399",0.333333333333333
"580900","1709",0.333333333333333
"581010","1313",0.333333333333333
"581010","1399",0.333333333333333
"581010","1709",0.333333333333333
"581091","1313",0.333333333333333
"581091","1399",0.333333333333333
"581091","1709",0.333333333333333
"581092","1313",0.333333333333333
"581092","1399",0.333333333333333
"581092","1709",0.333333333333333
"581099","1313",0.333333333333333
"581099","1399",0.333333333333333
"581099","1709",0.333333333333333
"581100","1313",0.333333333333333
"581100","1399",0.333333333333333
"581100","1709",0.333333333333333
"590110","1313",0.333333333333333
"590110","1399",0.333333333333333
"590110","1709",0.333333333333333
"590190","1313",0.333333333333333
"590190","1399",0.333333333333333
"590190","1709",0.333333333333333
"590210","1313",0.333333333333333
"590210","1399",0.333333333333333
"590210","1709",0.333333333333333
"590220","1313",0.333333333333333
"590220","1399",0.333333333333333
"590220","1709",0.333333333333333
"590290","1313",0.333333333333333
"590290","1399",0.333333333333333
"590290","1709",0.333333333333333
"590310","1313",0.333333333333333
"590310","1399",0.333333333333333
"590310","1709",0.333333333333333
"590320","1313",0.333333333333333
"590320","1399",0.333333333333333
"590320","1709",0.333333333333333
"590390","1313",0.333333333333333
"590390","1399",0.333333333333333
"590390","1709",0.333333333333333
"590410","1399",0.0769230769230769
"590410","1512",0.0769230769230769
"590410","1629",0.0769230769230769
"590410","1709",0.0769230769230769
"590410","2029",0.0769230769230769
"590410","2219",0.0769230769230769
"590410","2220",0.0769230769230769
"590410","2599",0.0769230769230769
"590410","2829",0.0769230769230769
"590410","3092",0.0769230769230769
"590410","3212",0.0769230769230769
"590410","3290",0.0769230769230769
"590410","3312",0.0769230769230769
"590491","1399",0.0769230769230769
"590491","1512",0.0769230769230769
"590491","1629",0.0769230769230769
"590491","1709",0.0769230769230769
"590491","2029",0.0769230769230769
"590491","2219",0.0769230769230769
"590491","2220",0.0769230769230769
"590491","2599",0.0769230769230769
"590491","2829",0.0769230769230769
"590491","3092",0.0769230769230769
"590491","3212",0.0769230769230769
"590491","3290",0.0769230769230769
"590491","3312",0.0769230769230769
"590492","1399",0.0769230769230769
"590492","1512",0.0769230769230769
"590492","1629",0.0769230769230769
"590492","1709",0.0769230769230769
"590492","2029",0.0769230769230769
"590492","2219",0.0769230769230769
"590492","2220",0.0769230769230769
"590492","2599",0.0769230769230769
"590492","2829",0.0769230769230769
"590492","3092",0.0769230769230769
"590492","3212",0.0769230769230769
"590492","3290",0.0769230769230769
"590492","3312",0.0769230769230769
"590500","1709",0.333333333333333
"590500","1811",0.333333333333333
"590500","2220",0.333333333333333
"590610","2219",0.2
"590610","2220",0.2
"590610","2812",0.2
"590610","3290",0.2
"590610","3319",0.2
"590691","2219",0.2
"590691","2220",0.2
"590691","2812",0.2
"590691","3290",0.2
"590691","3319",0.2
"590699","2219",0.2
"590699","2220",0.2
"590699","2812",0.2
"590699","3290",0.2
"590699","3319",0.2
"590700","1313",0.333333333333333
"590700","1399",0.333333333333333
"590700","1709",0.333333333333333
"590800","1313",0.333333333333333
"590800","1399",0.333333333333333
"590800","1709",0.333333333333333
"590900","1313",0.333333333333333
"590900","1399",0.333333333333333
"590900","1709",0.333333333333333
"591000","1313",0.333333333333333
"591000","1399",0.333333333333333
"591000","1709",0.333333333333333
"591110","1313",0.333333333333333
"591110","1399",0.333333333333333
"591110","1709",0.333333333333333
"591120","1313",0.333333333333333
"591120","1399",0.333333333333333
"591120","1709",0.333333333333333
"591131","1313",0.333333333333333
"591131","1399",0.333333333333333
"591131","1709",0.333333333333333
"591132","1313",0.333333333333333
"591132","1399",0.333333333333333
"591132","1709",0.333333333333333
"591140","1313",0.333333333333333
"591140","1399",0.333333333333333
"591140","1709",0.333333333333333
"591190","1313",0.333333333333333
"591190","1399",0.333333333333333
"591190","1709",0.333333333333333
"600110","1391",0.5
"600110","1430",0.5
"600121","1391",0.5
"600121","1430",0.5
"600122","1391",0.5
"600122","1430",0.5
"600129","1391",0.5
"600129","1430",0.5
"600191","1391",0.5
"600191","1430",0.5
"600192","1391",0.5
"600192","1430",0.5
"600199","1391",0.5
"600199","1430",0.5
"600210","1391",0.5
"600210","1430",0.5
"600220","1391",0.5
"600220","1430",0.5
"600230","1391",0.5
"600230","1430",0.5
"600241","1391",0.5
"600241","1430",0.5
"600242","1391",0.5
"600242","1430",0.5
"600243","1391",0.5
"600243","1430",0.5
"600249","1391",0.5
"600249","1430",0.5
"600291","1391",0.5
"600291","1430",0.5
"600292","1391",0.5
"600292","1430",0.5
"600293","1391",0.5
"600293","1430",0.5
"600299","1391",0.5
"600299","1430",0.5
"610110","1313",0.333333333333333
"610110","1410",0.333333333333333
"610110","3290",0.333333333333333
"610120","1313",0.333333333333333
"610120","1410",0.333333333333333
"610120","3290",0.333333333333333
"610130","1313",0.333333333333333
"610130","1410",0.333333333333333
"610130","3290",0.333333333333333
"610190","1313",0.333333333333333
"610190","1410",0.333333333333333
"610190","3290",0.333333333333333
"610210","1313",0.333333333333333
"610210","1410",0.333333333333333
"610210","3290",0.333333333333333
"610220","1313",0.333333333333333
"610220","1410",0.333333333333333
"610220","3290",0.333333333333333
"610230","1313",0.333333333333333
"610230","1410",0.333333333333333
"610230","3290",0.333333333333333
"610290","1313",0.333333333333333
"610290","1410",0.333333333333333
"610290","3290",0.333333333333333
"610311","1313",0.333333333333333
"610311","1410",0.333333333333333
"610311","3290",0.333333333333333
"610312","1313",0.333333333333333
"610312","1410",0.333333333333333
"610312","3290",0.333333333333333
"610319","1313",0.333333333333333
"610319","1410",0.333333333333333
"610319","3290",0.333333333333333
"610321","1313",0.333333333333333
"610321","1410",0.333333333333333
"610321","3290",0.333333333333333
"610322","1313",0.333333333333333
"610322","1410",0.333333333333333
"610322","3290",0.333333333333333
"610323","1313",0.333333333333333
"610323","1410",0.333333333333333
"610323","3290",0.333333333333333
"610329","1313",0.333333333333333
"610329","1410",0.333333333333333
"610329","3290",0.333333333333333
"610331","1313",0.333333333333333
"610331","1410",0.333333333333333
"610331","3290",0.333333333333333
"610332","1313",0.333333333333333
"610332","1410",0.333333333333333
"610332","3290",0.333333333333333
"610333","1313",0.333333333333333
"610333","1410",0.333333333333333
"610333","3290",0.333333333333333
"610339","1313",0.333333333333333
"610339","1410",0.333333333333333
"610339","3290",0.333333333333333
"610341","1313",0.333333333333333
"610341","1410",0.333333333333333
"610341","3290",0.333333333333333
"610342","1313",0.333333333333333
"610342","1410",0.333333333333333
"610342","3290",0.333333333333333
"610343","1313",0.333333333333333
"610343","1410",0.333333333333333
"610343","3290",0.333333333333333
"610349","1313",0.333333333333333
"610349","1410",0.333333333333333
"610349","3290",0.333333333333333
"610411","1313",0.333333333333333
"610411","1410",0.333333333333333
"610411","3290",0.333333333333333
"610412","1313",0.333333333333333
"610412","1410",0.333333333333333
"610412","3290",0.333333333333333
"610413","1313",0.333333333333333
"610413","1410",0.333333333333333
"610413","3290",0.333333333333333
"610419","1313",0.333333333333333
"610419","1410",0.333333333333333
"610419","3290",0.333333333333333
"610421","1313",0.333333333333333
"610421","1410",0.333333333333333
"610421","3290",0.333333333333333
"610422","1313",0.333333333333333
"610422","1410",0.333333333333333
"610422","3290",0.333333333333333
"610423","1313",0.333333333333333
"610423","1410",0.333333333333333
"610423","3290",0.333333333333333
"610429","1313",0.333333333333333
"610429","1410",0.333333333333333
"610429","3290",0.333333333333333
"610431","1313",0.333333333333333
"610431","1410",0.333333333333333
"610431","3290",0.333333333333333
"610432","1313",0.333333333333333
"610432","1410",0.333333333333333
"610432","3290",0.333333333333333
"610433","1313",0.333333333333333
"610433","1410",0.333333333333333
"610433","3290",0.333333333333333
"610439","1313",0.333333333333333
"610439","1410",0.333333333333333
"610439","3290",0.333333333333333
"610441","1313",0.333333333333333
"610441","1410",0.333333333333333
"610441","3290",0.333333333333333
"610442","1313",0.333333333333333
"610442","1410",0.333333333333333
"610442","3290",0.333333333333333
"610443","1313",0.333333333333333
"610443","1410",0.333333333333333
"610443","3290",0.333333333333333
"610444","1313",0.333333333333333
"610444","1410",0.333333333333333
"610444","3290",0.333333333333333
"610449","1313",0.333333333333333
"610449","1410",0.333333333333333
"610449","3290",0.333333333333333
"610451","1313",0.333333333333333
"610451","1410",0.333333333333333
"610451","3290",0.333333333333333
"610452","1313",0.333333333333333
"610452","1410",0.333333333333333
"610452","3290",0.333333333333333
"610453","1313",0.333333333333333
"610453","1410",0.333333333333333
"610453","3290",0.333333333333333
"610459","1313",0.333333333333333
"610459","1410",0.333333333333333
"610459","3290",0.333333333333333
"610461","1313",0.333333333333333
"610461","1410",0.333333333333333
"610461","3290",0.333333333333333
"610462","1313",0.333333333333333
"610462","1410",0.333333333333333
"610462","3290",0.333333333333333
"610463","1313",0.333333333333333
"610463","1410",0.333333333333333
"610463","3290",0.333333333333333
"610469","1313",0.333333333333333
"610469","1410",0.333333333333333
"610469","3290",0.333333333333333
"610510","1313",0.333333333333333
"610510","1410",0.333333333333333
"610510","3290",0.333333333333333
"610520","1313",0.333333333333333
"610520","1410",0.333333333333333
"610520","3290",0.333333333333333
"610590","1313",0.333333333333333
"610590","1410",0.333333333333333
"610590","3290",0.333333333333333
"610610","1313",0.333333333333333
"610610","1410",0.333333333333333
"610610","3290",0.333333333333333
"610620","1313",0.333333333333333
"610620","1410",0.333333333333333
"610620","3290",0.333333333333333
"610690","1313",0.333333333333333
"610690","1410",0.333333333333333
"610690","3290",0.333333333333333
"610711","1313",0.333333333333333
"610711","1410",0.333333333333333
"610711","3290",0.333333333333333
"610712","1313",0.333333333333333
"610712","1410",0.333333333333333
"610712","3290",0.333333333333333
"610719","1313",0.333333333333333
"610719","1410",0.333333333333333
"610719","3290",0.333333333333333
"610721","1313",0.333333333333333
"610721","1410",0.333333333333333
"610721","3290",0.333333333333333
"610722","1313",0.333333333333333
"610722","1410",0.333333333333333
"610722","3290",0.333333333333333
"610729","1313",0.333333333333333
"610729","1410",0.333333333333333
"610729","3290",0.333333333333333
"610791","1313",0.333333333333333
"610791","1410",0.333333333333333
"610791","3290",0.333333333333333
"610792","1313",0.333333333333333
"610792","1410",0.333333333333333
"610792","3290",0.333333333333333
"610799","1313",0.333333333333333
"610799","1410",0.333333333333333
"610799","3290",0.333333333333333
"610811","1313",0.333333333333333
"610811","1410",0.333333333333333
"610811","3290",0.333333333333333
"610819","1313",0.333333333333333
"610819","1410",0.333333333333333
"610819","3290",0.333333333333333
"610821","1313",0.333333333333333
"610821","1410",0.333333333333333
"610821","3290",0.333333333333333
"610822","1313",0.333333333333333
"610822","1410",0.333333333333333
"610822","3290",0.333333333333333
"610829","1313",0.333333333333333
"610829","1410",0.333333333333333
"610829","3290",0.333333333333333
"610831","1313",0.333333333333333
"610831","1410",0.333333333333333
"610831","3290",0.333333333333333
"610832","1313",0.333333333333333
"610832","1410",0.333333333333333
"610832","3290",0.333333333333333
"610839","1313",0.333333333333333
"610839","1410",0.333333333333333
"610839","3290",0.333333333333333
"610891","1313",0.333333333333333
"610891","1410",0.333333333333333
"610891","3290",0.333333333333333
"610892","1313",0.333333333333333
"610892","1410",0.333333333333333
"610892","3290",0.333333333333333
"610899","1313",0.333333333333333
"610899","1410",0.333333333333333
"610899","3290",0.333333333333333
"610910","1391",0.5
"610910","1430",0.5
"610990","1391",0.5
"610990","1430",0.5
"611010","1391",0.5
"611010","1430",0.5
"611020","1391",0.5
"611020","1430",0.5
"611030","1391",0.5
"611030","1430",0.5
"611090","1391",0.5
"611090","1430",0.5
"611110","1313",0.333333333333333
"611110","1410",0.333333333333333
"611110","3290",0.333333333333333
"611120","1313",0.333333333333333
"611120","1410",0.333333333333333
"611120","3290",0.333333333333333
"611130","1313",0.333333333333333
"611130","1410",0.333333333333333
"611130","3290",0.333333333333333
"611190","1313",0.333333333333333
"611190","1410",0.333333333333333
"611190","3290",0.333333333333333
"611211","1313",0.333333333333333
"611211","1410",0.333333333333333
"611211","3290",0.333333333333333
"611212","1313",0.333333333333333
"611212","1410",0.333333333333333
"611212","3290",0.333333333333333
"611219","1313",0.333333333333333
"611219","1410",0.333333333333333
"611219","3290",0.333333333333333
"611220","1313",0.333333333333333
"611220","1410",0.333333333333333
"611220","3290",0.333333333333333
"611231","1313",0.333333333333333
"611231","1410",0.333333333333333
"611231","3290",0.333333333333333
"611239","1313",0.333333333333333
"611239","1410",0.333333333333333
"611239","3290",0.333333333333333
"611241","1313",0.333333333333333
"611241","1410",0.333333333333333
"611241","3290",0.333333333333333
"611249","1313",0.333333333333333
"611249","1410",0.333333333333333
"611249","3290",0.333333333333333
"611300","1313",0.333333333333333
"611300","1410",0.333333333333333
"611300","3290",0.333333333333333
"611410","1313",0.333333333333333
"611410","1410",0.333333333333333
"611410","3290",0.333333333333333
"611420","1313",0.333333333333333
"611420","1410",0.333333333333333
"611420","3290",0.333333333333333
"611430","1313",0.333333333333333
"611430","1410",0.333333333333333
"611430","3290",0.333333333333333
"611490","1313",0.333333333333333
"611490","1410",0.333333333333333
"611490","3290",0.333333333333333
"611511","1391",0.5
"611511","1430",0.5
"611512","1391",0.5
"611512","1430",0.5
"611519","1391",0.5
"611519","1430",0.5
"611520","1391",0.5
"611520","1430",0.5
"611591","1391",0.5
"611591","1430",0.5
"611592","1391",0.5
"611592","1430",0.5
"611593","1391",0.5
"611593","1430",0.5
"611599","1391",0.5
"611599","1430",0.5
"611610","1313",0.333333333333333
"611610","1410",0.333333333333333
"611610","3290",0.333333333333333
"611691","1313",0.333333333333333
"611691","1410",0.333333333333333
"611691","3290",0.333333333333333
"611692","1313",0.333333333333333
"611692","1410",0.333333333333333
"611692","3290",0.333333333333333
"611693","1313",0.333333333333333
"611693","1410",0.333333333333333
"611693","3290",0.333333333333333
"611699","1313",0.333333333333333
"611699","1410",0.333333333333333
"611699","3290",0.333333333333333
"611710","1313",0.333333333333333
"611710","1410",0.333333333333333
"611710","3290",0.333333333333333
"611720","1313",0.333333333333333
"611720","1410",0.333333333333333
"611720","3290",0.333333333333333
"611780","1313",0.333333333333333
"611780","1410",0.333333333333333
"611780","3290",0.333333333333333
"611790","1313",0.333333333333333
"611790","1410",0.333333333333333
"611790","3290",0.333333333333333
"620111","1313",0.333333333333333
"620111","1410",0.333333333333333
"620111","3290",0.333333333333333
"620112","1313",0.333333333333333
"620112","1410",0.333333333333333
"620112","3290",0.333333333333333
"620113","1313",0.333333333333333
"620113","1410",0.333333333333333
"620113","3290",0.333333333333333
"620119","1313",0.333333333333333
"620119","1410",0.333333333333333
"620119","3290",0.333333333333333
"620191","1313",0.333333333333333
"620191","1410",0.333333333333333
"620191","3290",0.333333333333333
"620192","1313",0.333333333333333
"620192","1410",0.333333333333333
"620192","3290",0.333333333333333
"620193","1313",0.333333333333333
"620193","1410",0.333333333333333
"620193","3290",0.333333333333333
"620199","1313",0.333333333333333
"620199","1410",0.333333333333333
"620199","3290",0.333333333333333
"620211","1313",0.333333333333333
"620211","1410",0.333333333333333
"620211","3290",0.333333333333333
"620212","1313",0.333333333333333
"620212","1410",0.333333333333333
"620212","3290",0.333333333333333
"620213","1313",0.333333333333333
"620213","1410",0.333333333333333
"620213","3290",0.333333333333333
"620219","1313",0.333333333333333
"620219","1410",0.333333333333333
"620219","3290",0.333333333333333
"620291","1313",0.333333333333333
"620291","1410",0.333333333333333
"620291","3290",0.333333333333333
"620292","1313",0.333333333333333
"620292","1410",0.333333333333333
"620292","3290",0.333333333333333
"620293","1313",0.333333333333333
"620293","1410",0.333333333333333
"620293","3290",0.333333333333333
"620299","1313",0.333333333333333
"620299","1410",0.333333333333333
"620299","3290",0.333333333333333
"620311","1313",0.333333333333333
"620311","1410",0.333333333333333
"620311","3290",0.333333333333333
"620312","1313",0.333333333333333
"620312","1410",0.333333333333333
"620312","3290",0.333333333333333
"620319","1313",0.333333333333333
"620319","1410",0.333333333333333
"620319","3290",0.333333333333333
"620321","1313",0.333333333333333
"620321","1410",0.333333333333333
"620321","3290",0.333333333333333
"620322","1313",0.333333333333333
"620322","1410",0.333333333333333
"620322","3290",0.333333333333333
"620323","1313",0.333333333333333
"620323","1410",0.333333333333333
"620323","3290",0.333333333333333
"620329","1313",0.333333333333333
"620329","1410",0.333333333333333
"620329","3290",0.333333333333333
"620331","1313",0.333333333333333
"620331","1410",0.333333333333333
"620331","3290",0.333333333333333
"620332","1313",0.333333333333333
"620332","1410",0.333333333333333
"620332","3290",0.333333333333333
"620333","1313",0.333333333333333
"620333","1410",0.333333333333333
"620333","3290",0.333333333333333
"620339","1313",0.333333333333333
"620339","1410",0.333333333333333
"620339","3290",0.333333333333333
"620341","1313",0.333333333333333
"620341","1410",0.333333333333333
"620341","3290",0.333333333333333
"620342","1313",0.333333333333333
"620342","1410",0.333333333333333
"620342","3290",0.333333333333333
"620343","1313",0.333333333333333
"620343","1410",0.333333333333333
"620343","3290",0.333333333333333
"620349","1313",0.333333333333333
"620349","1410",0.333333333333333
"620349","3290",0.333333333333333
"620411","1313",0.333333333333333
"620411","1410",0.333333333333333
"620411","3290",0.333333333333333
"620412","1313",0.333333333333333
"620412","1410",0.333333333333333
"620412","3290",0.333333333333333
"620413","1313",0.333333333333333
"620413","1410",0.333333333333333
"620413","3290",0.333333333333333
"620419","1313",0.333333333333333
"620419","1410",0.333333333333333
"620419","3290",0.333333333333333
"620421","1313",0.333333333333333
"620421","1410",0.333333333333333
"620421","3290",0.333333333333333
"620422","1313",0.333333333333333
"620422","1410",0.333333333333333
"620422","3290",0.333333333333333
"620423","1313",0.333333333333333
"620423","1410",0.333333333333333
"620423","3290",0.333333333333333
"620429","1313",0.333333333333333
"620429","1410",0.333333333333333
"620429","3290",0.333333333333333
"620431","1313",0.333333333333333
"620431","1410",0.333333333333333
"620431","3290",0.333333333333333
"620432","1313",0.333333333333333
"620432","1410",0.333333333333333
"620432","3290",0.333333333333333
"620433","1313",0.333333333333333
"620433","1410",0.333333333333333
"620433","3290",0.333333333333333
"620439","1313",0.333333333333333
"620439","1410",0.333333333333333
"620439","3290",0.333333333333333
"620441","1313",0.333333333333333
"620441","1410",0.333333333333333
"620441","3290",0.333333333333333
"620442","1313",0.333333333333333
"620442","1410",0.333333333333333
"620442","3290",0.333333333333333
"620443","1313",0.333333333333333
"620443","1410",0.333333333333333
"620443","3290",0.333333333333333
"620444","1313",0.333333333333333
"620444","1410",0.333333333333333
"620444","3290",0.333333333333333
"620449","1313",0.333333333333333
"620449","1410",0.333333333333333
"620449","3290",0.333333333333333
"620451","1313",0.333333333333333
"620451","1410",0.333333333333333
"620451","3290",0.333333333333333
"620452","1313",0.333333333333333
"620452","1410",0.333333333333333
"620452","3290",0.333333333333333
"620453","1313",0.333333333333333
"620453","1410",0.333333333333333
"620453","3290",0.333333333333333
"620459","1313",0.333333333333333
"620459","1410",0.333333333333333
"620459","3290",0.333333333333333
"620461","1313",0.333333333333333
"620461","1410",0.333333333333333
"620461","3290",0.333333333333333
"620462","1313",0.333333333333333
"620462","1410",0.333333333333333
"620462","3290",0.333333333333333
"620463","1313",0.333333333333333
"620463","1410",0.333333333333333
"620463","3290",0.333333333333333
"620469","1313",0.333333333333333
"620469","1410",0.333333333333333
"620469","3290",0.333333333333333
"620510","1313",0.333333333333333
"620510","1410",0.333333333333333
"620510","3290",0.333333333333333
"620520","1313",0.333333333333333
"620520","1410",0.333333333333333
"620520","3290",0.333333333333333
"620530","1313",0.333333333333333
"620530","1410",0.333333333333333
"620530","3290",0.333333333333333
"620590","1313",0.333333333333333
"620590","1410",0.333333333333333
"620590","3290",0.333333333333333
"620610","1313",0.333333333333333
"620610","1410",0.333333333333333
"620610","3290",0.333333333333333
"620620","1313",0.333333333333333
"620620","1410",0.333333333333333
"620620","3290",0.333333333333333
"620630","1313",0.333333333333333
"620630","1410",0.333333333333333
"620630","3290",0.333333333333333
"620640","1313",0.333333333333333
"620640","1410",0.333333333333333
"620640","3290",0.333333333333333
"620690","1313",0.333333333333333
"620690","1410",0.333333333333333
"620690","3290",0.333333333333333
"620711","1313",0.333333333333333
"620711","1410",0.333333333333333
"620711","3290",0.333333333333333
"620719","1313",0.333333333333333
"620719","1410",0.333333333333333
"620719","3290",0.333333333333333
"620721","1313",0.333333333333333
"620721","1410",0.333333333333333
"620721","3290",0.333333333333333
"620722","1313",0.333333333333333
"620722","1410",0.333333333333333
"620722","3290",0.333333333333333
"620729","1313",0.333333333333333
"620729","1410",0.333333333333333
"620729","3290",0.333333333333333
"620791","1313",0.333333333333333
"620791","1410",0.333333333333333
"620791","3290",0.333333333333333
"620792","1313",0.333333333333333
"620792","1410",0.333333333333333
"620792","3290",0.333333333333333
"620799","1313",0.333333333333333
"620799","1410",0.333333333333333
"620799","3290",0.333333333333333
"620811","1313",0.333333333333333
"620811","1410",0.333333333333333
"620811","3290",0.333333333333333
"620819","1313",0.333333333333333
"620819","1410",0.333333333333333
"620819","3290",0.333333333333333
"620821","1313",0.333333333333333
"620821","1410",0.333333333333333
"620821","3290",0.333333333333333
"620822","1313",0.333333333333333
"620822","1410",0.333333333333333
"620822","3290",0.333333333333333
"620829","1313",0.333333333333333
"620829","1410",0.333333333333333
"620829","3290",0.333333333333333
"620891","1313",0.333333333333333
"620891","1410",0.333333333333333
"620891","3290",0.333333333333333
"620892","1313",0.333333333333333
"620892","1410",0.333333333333333
"620892","3290",0.333333333333333
"620899","1313",0.333333333333333
"620899","1410",0.333333333333333
"620899","3290",0.333333333333333
"620910","1313",0.333333333333333
"620910","1410",0.333333333333333
"620910","3290",0.333333333333333
"620920","1313",0.333333333333333
"620920","1410",0.333333333333333
"620920","3290",0.333333333333333
"620930","1313",0.333333333333333
"620930","1410",0.333333333333333
"620930","3290",0.333333333333333
"620990","1313",0.333333333333333
"620990","1410",0.333333333333333
"620990","3290",0.333333333333333
"621010","1313",0.333333333333333
"621010","1410",0.333333333333333
"621010","3290",0.333333333333333
"621020","1313",0.333333333333333
"621020","1410",0.333333333333333
"621020","3290",0.333333333333333
"621030","1313",0.333333333333333
"621030","1410",0.333333333333333
"621030","3290",0.333333333333333
"621040","1313",0.333333333333333
"621040","1410",0.333333333333333
"621040","3290",0.333333333333333
"621050","1313",0.333333333333333
"621050","1410",0.333333333333333
"621050","3290",0.333333333333333
"621111","1313",0.333333333333333
"621111","1410",0.333333333333333
"621111","3290",0.333333333333333
"621112","1313",0.333333333333333
"621112","1410",0.333333333333333
"621112","3290",0.333333333333333
"621120","1313",0.333333333333333
"621120","1410",0.333333333333333
"621120","3290",0.333333333333333
"621131","1313",0.333333333333333
"621131","1410",0.333333333333333
"621131","3290",0.333333333333333
"621132","1313",0.333333333333333
"621132","1410",0.333333333333333
"621132","3290",0.333333333333333
"621133","1313",0.333333333333333
"621133","1410",0.333333333333333
"621133","3290",0.333333333333333
"621139","1313",0.333333333333333
"621139","1410",0.333333333333333
"621139","3290",0.333333333333333
"621141","1313",0.333333333333333
"621141","1410",0.333333333333333
"621141","3290",0.333333333333333
"621142","1313",0.333333333333333
"621142","1410",0.333333333333333
"621142","3290",0.333333333333333
"621143","1313",0.333333333333333
"621143","1410",0.333333333333333
"621143","3290",0.333333333333333
"621149","1313",0.333333333333333
"621149","1410",0.333333333333333
"621149","3290",0.333333333333333
"621210","1313",0.333333333333333
"621210","1410",0.333333333333333
"621210","3290",0.333333333333333
"621220","1313",0.333333333333333
"621220","1410",0.333333333333333
"621220","3290",0.333333333333333
"621230","1313",0.333333333333333
"621230","1410",0.333333333333333
"621230","3290",0.333333333333333
"621290","1313",0.333333333333333
"621290","1410",0.333333333333333
"621290","3290",0.333333333333333
"621310","1313",0.333333333333333
"621310","1410",0.333333333333333
"621310","3290",0.333333333333333
"621320","1313",0.333333333333333
"621320","1410",0.333333333333333
"621320","3290",0.333333333333333
"621390","1313",0.333333333333333
"621390","1410",0.333333333333333
"621390","3290",0.333333333333333
"621410","1313",0.333333333333333
"621410","1410",0.333333333333333
"621410","3290",0.333333333333333
"621420","1313",0.333333333333333
"621420","1410",0.333333333333333
"621420","3290",0.333333333333333
"621430","1313",0.333333333333333
"621430","1410",0.333333333333333
"621430","3290",0.333333333333333
"621440","1313",0.333333333333333
"621440","1410",0.333333333333333
"621440","3290",0.333333333333333
"621490","1313",0.333333333333333
"621490","1410",0.333333333333333
"621490","3290",0.333333333333333
"621510","1313",0.333333333333333
"621510","1410",0.333333333333333
"621510","3290",0.333333333333333
"621520","1313",0.333333333333333
"621520","1410",0.333333333333333
"621520","3290",0.333333333333333
"621590","1313",0.333333333333333
"621590","1410",0.333333333333333
"621590","3290",0.333333333333333
"621600","1313",0.333333333333333
"621600","1410",0.333333333333333
"621600","3290",0.333333333333333
"621710","1313",0.333333333333333
"621710","1410",0.333333333333333
"621710","3290",0.333333333333333
"621790","1313",0.333333333333333
"621790","1410",0.333333333333333
"621790","3290",0.333333333333333
"630110","2750",0.333333333333333
"630110","2815",0.333333333333333
"630110","2819",0.333333333333333
"630120","1392",0.333333333333333
"630120","3250",0.333333333333333
"630120","3319",0.333333333333333
"630130","1392",0.333333333333333
"630130","3250",0.333333333333333
"630130","3319",0.333333333333333
"630140","1392",0.333333333333333
"630140","3250",0.333333333333333
"630140","3319",0.333333333333333
"630190","1392",0.333333333333333
"630190","3250",0.333333333333333
"630190","3319",0.333333333333333
"630210","1392",0.333333333333333
"630210","3250",0.333333333333333
"630210","3319",0.333333333333333
"630221","1392",0.333333333333333
"630221","3250",0.333333333333333
"630221","3319",0.333333333333333
"630222","1392",0.333333333333333
"630222","3250",0.333333333333333
"630222","3319",0.333333333333333
"630229","1392",0.333333333333333
"630229","3250",0.333333333333333
"630229","3319",0.333333333333333
"630231","1392",0.333333333333333
"630231","3250",0.333333333333333
"630231","3319",0.333333333333333
"630232","1392",0.333333333333333
"630232","3250",0.333333333333333
"630232","3319",0.333333333333333
"630239","1392",0.333333333333333
"630239","3250",0.333333333333333
"630239","3319",0.333333333333333
"630240","1392",0.333333333333333
"630240","3250",0.333333333333333
"630240","3319",0.333333333333333
"630251","1392",0.333333333333333
"630251","3250",0.333333333333333
"630251","3319",0.333333333333333
"630252","1392",0.333333333333333
"630252","3250",0.333333333333333
"630252","3319",0.333333333333333
"630253","1392",0.333333333333333
"630253","3250",0.333333333333333
"630253","3319",0.333333333333333
"630259","1392",0.333333333333333
"630259","3250",0.333333333333333
"630259","3319",0.333333333333333
"630260","1392",0.333333333333333
"630260","3250",0.333333333333333
"630260","3319",0.333333333333333
"630291","1392",0.333333333333333
"630291","3250",0.333333333333333
"630291","3319",0.333333333333333
"630292","1392",0.333333333333333
"630292","3250",0.333333333333333
"630292","3319",0.333333333333333
"630293","1392",0.333333333333333
"630293","3250",0.333333333333333
"630293","3319",0.333333333333333
"630299","1392",0.333333333333333
"630299","3250",0.333333333333333
"630299","3319",0.333333333333333
"630311","1392",0.333333333333333
"630311","3250",0.333333333333333
"630311","3319",0.333333333333333
"630312","1392",0.333333333333333
"630312","3250",0.333333333333333
"630312","3319",0.333333333333333
"630319","1392",0.333333333333333
"630319","3250",0.333333333333333
"630319","3319",0.333333333333333
"630391","1392",0.333333333333333
"630391","3250",0.333333333333333
"630391","3319",0.333333333333333
"630392","1392",0.333333333333333
"630392","3250",0.333333333333333
"630392","3319",0.333333333333333
"630399","1392",0.333333333333333
"630399","3250",0.333333333333333
"630399","3319",0.333333333333333
"630411","1392",0.333333333333333
"630411","3250",0.333333333333333
"630411","3319",0.333333333333333
"630419","1392",0.333333333333333
"630419","3250",0.333333333333333
"630419","3319",0.333333333333333
"630491","1392",0.333333333333333
"630491","3250",0.333333333333333
"630491","3319",0.333333333333333
"630492","1392",0.333333333333333
"630492","3250",0.333333333333333
"630492","3319",0.333333333333333
"630493","1392",0.333333333333333
"630493","3250",0.333333333333333
"630493","3319",0.333333333333333
"630499","1392",0.333333333333333
"630499","3250",0.333333333333333
"630499","3319",0.333333333333333
"630510","1392",0.333333333333333
"630510","3250",0.333333333333333
"630510","3319",0.333333333333333
"630520","1392",0.333333333333333
"630520","3250",0.333333333333333
"630520","3319",0.333333333333333
"630531","1392",0.333333333333333
"630531","3250",0.333333333333333
"630531","3319",0.333333333333333
"630539","1392",0.333333333333333
"630539","3250",0.333333333333333
"630539","3319",0.333333333333333
"630590","1392",0.333333333333333
"630590","3250",0.333333333333333
"630590","3319",0.333333333333333
"630611","1392",0.333333333333333
"630611","3250",0.333333333333333
"630611","3319",0.333333333333333
"630612","1392",0.333333333333333
"630612","3250",0.333333333333333
"630612","3319",0.333333333333333
"630619","1392",0.333333333333333
"630619","3250",0.333333333333333
"630619","3319",0.333333333333333
"630621","1392",0.333333333333333
"630621","3250",0.333333333333333
"630621","3319",0.333333333333333
"630622","1392",0.333333333333333
"630622","3250",0.333333333333333
"630622","3319",0.333333333333333
"630629","1392",0.333333333333333
"630629","3250",0.333333333333333
"630629","3319",0.333333333333333
"630631","1392",0.333333333333333
"630631","3250",0.333333333333333
"630631","3319",0.333333333333333
"630639","1392",0.333333333333333
"630639","3250",0.333333333333333
"630639","3319",0.333333333333333
"630641","1392",0.333333333333333
"630641","3250",0.333333333333333
"630641","3319",0.333333333333333
"630649","1392",0.333333333333333
"630649","3250",0.333333333333333
"630649","3319",0.333333333333333
"630691","1392",0.333333333333333
"630691","3250",0.333333333333333
"630691","3319",0.333333333333333
"630699","1392",0.333333333333333
"630699","3250",0.333333333333333
"630699","3319",0.333333333333333
"630710","1392",0.333333333333333
"630710","3250",0.333333333333333
"630710","3319",0.333333333333333
"630720","1392",0.333333333333333
"630720","3250",0.333333333333333
"630720","3319",0.333333333333333
"630790","1392",0.333333333333333
"630790","3250",0.333333333333333
"630790","3319",0.333333333333333
"630800","1392",0.333333333333333
"630800","3250",0.333333333333333
"630800","3319",0.333333333333333
"640110","1512",0.166666666666667
"640110","1520",0.166666666666667
"640110","1629",0.166666666666667
"640110","2219",0.166666666666667
"640110","2220",0.166666666666667
"640110","3230",0.166666666666667
"640191","1512",0.166666666666667
"640191","1520",0.166666666666667
"640191","1629",0.166666666666667
"640191","2219",0.166666666666667
"640191","2220",0.166666666666667
"640191","3230",0.166666666666667
"640192","1512",0.166666666666667
"640192","1520",0.166666666666667
"640192","1629",0.166666666666667
"640192","2219",0.166666666666667
"640192","2220",0.166666666666667
"640192","3230",0.166666666666667
"640199","1512",0.166666666666667
"640199","1520",0.166666666666667
"640199","1629",0.166666666666667
"640199","2219",0.166666666666667
"640199","2220",0.166666666666667
"640199","3230",0.166666666666667
"640211","1512",0.166666666666667
"640211","1520",0.166666666666667
"640211","1629",0.166666666666667
"640211","2219",0.166666666666667
"640211","2220",0.166666666666667
"640211","3230",0.166666666666667
"640219","1512",0.166666666666667
"640219","1520",0.166666666666667
"640219","1629",0.166666666666667
"640219","2219",0.166666666666667
"640219","2220",0.166666666666667
"640219","3230",0.166666666666667
"640220","1512",0.166666666666667
"640220","1520",0.166666666666667
"640220","1629",0.166666666666667
"640220","2219",0.166666666666667
"640220","2220",0.166666666666667
"640220","3230",0.166666666666667
"640230","1512",0.166666666666667
"640230","1520",0.166666666666667
"640230","1629",0.166666666666667
"640230","2219",0.166666666666667
"640230","2220",0.166666666666667
"640230","3230",0.166666666666667
"640291","1512",0.166666666666667
"640291","1520",0.166666666666667
"640291","1629",0.166666666666667
"640291","2219",0.166666666666667
"640291","2220",0.166666666666667
"640291","3230",0.166666666666667
"640299","1512",0.166666666666667
"640299","1520",0.166666666666667
"640299","1629",0.166666666666667
"640299","2219",0.166666666666667
"640299","2220",0.166666666666667
"640299","3230",0.166666666666667
"640311","1512",0.166666666666667
"640311","1520",0.166666666666667
"640311","1629",0.166666666666667
"640311","2219",0.166666666666667
"640311","2220",0.166666666666667
"640311","3230",0.166666666666667
"640319","1512",0.166666666666667
"640319","1520",0.166666666666667
"640319","1629",0.166666666666667
"640319","2219",0.166666666666667
"640319","2220",0.166666666666667
"640319","3230",0.166666666666667
"640320","1512",0.166666666666667
"640320","1520",0.166666666666667
"640320","1629",0.166666666666667
"640320","2219",0.166666666666667
"640320","2220",0.166666666666667
"640320","3230",0.166666666666667
"640330","1512",0.166666666666667
"640330","1520",0.166666666666667
"640330","1629",0.166666666666667
"640330","2219",0.166666666666667
"640330","2220",0.166666666666667
"640330","3230",0.166666666666667
"640340","1512",0.166666666666667
"640340","1520",0.166666666666667
"640340","1629",0.166666666666667
"640340","2219",0.166666666666667
"640340","2220",0.166666666666667
"640340","3230",0.166666666666667
"640351","1512",0.166666666666667
"640351","1520",0.166666666666667
"640351","1629",0.166666666666667
"640351","2219",0.166666666666667
"640351","2220",0.166666666666667
"640351","3230",0.166666666666667
"640359","1512",0.166666666666667
"640359","1520",0.166666666666667
"640359","1629",0.166666666666667
"640359","2219",0.166666666666667
"640359","2220",0.166666666666667
"640359","3230",0.166666666666667
"640391","1512",0.166666666666667
"640391","1520",0.166666666666667
"640391","1629",0.166666666666667
"640391","2219",0.166666666666667
"640391","2220",0.166666666666667
"640391","3230",0.166666666666667
"640399","1512",0.166666666666667
"640399","1520",0.166666666666667
"640399","1629",0.166666666666667
"640399","2219",0.166666666666667
"640399","2220",0.166666666666667
"640399","3230",0.166666666666667
"640411","1512",0.166666666666667
"640411","1520",0.166666666666667
"640411","1629",0.166666666666667
"640411","2219",0.166666666666667
"640411","2220",0.166666666666667
"640411","3230",0.166666666666667
"640419","1512",0.166666666666667
"640419","1520",0.166666666666667
"640419","1629",0.166666666666667
"640419","2219",0.166666666666667
"640419","2220",0.166666666666667
"640419","3230",0.166666666666667
"640420","1512",0.166666666666667
"640420","1520",0.166666666666667
"640420","1629",0.166666666666667
"640420","2219",0.166666666666667
"640420","2220",0.166666666666667
"640420","3230",0.166666666666667
"640510","1512",0.166666666666667
"640510","1520",0.166666666666667
"640510","1629",0.166666666666667
"640510","2219",0.166666666666667
"640510","2220",0.166666666666667
"640510","3230",0.166666666666667
"640520","1512",0.166666666666667
"640520","1520",0.166666666666667
"640520","1629",0.166666666666667
"640520","2219",0.166666666666667
"640520","2220",0.166666666666667
"640520","3230",0.166666666666667
"640590","1512",0.166666666666667
"640590","1520",0.166666666666667
"640590","1629",0.166666666666667
"640590","2219",0.166666666666667
"640590","2220",0.166666666666667
"640590","3230",0.166666666666667
"640610","1512",0.166666666666667
"640610","1520",0.166666666666667
"640610","1629",0.166666666666667
"640610","2219",0.166666666666667
"640610","2220",0.166666666666667
"640610","3230",0.166666666666667
"640620","1512",0.166666666666667
"640620","1520",0.166666666666667
"640620","1629",0.166666666666667
"640620","2219",0.166666666666667
"640620","2220",0.166666666666667
"640620","3230",0.166666666666667
"640691","1512",0.166666666666667
"640691","1520",0.166666666666667
"640691","1629",0.166666666666667
"640691","2219",0.166666666666667
"640691","2220",0.166666666666667
"640691","3230",0.166666666666667
"640699","1512",0.166666666666667
"640699","1520",0.166666666666667
"640699","1629",0.166666666666667
"640699","2219",0.166666666666667
"640699","2220",0.166666666666667
"640699","3230",0.166666666666667
"650100","1313",0.333333333333333
"650100","1410",0.333333333333333
"650100","3290",0.333333333333333
"650200","1313",0.333333333333333
"650200","1410",0.333333333333333
"650200","3290",0.333333333333333
"650300","1313",0.333333333333333
"650300","1410",0.333333333333333
"650300","3290",0.333333333333333
"650400","1313",0.333333333333333
"650400","1410",0.333333333333333
"650400","3290",0.333333333333333
"650510","1313",0.333333333333333
"650510","1410",0.333333333333333
"650510","3290",0.333333333333333
"650590","1313",0.333333333333333
"650590","1410",0.333333333333333
"650590","3290",0.333333333333333
"650610","2220",0.166666666666667
"650610","2610",0.166666666666667
"650610","2733",0.166666666666667
"650610","3290",0.166666666666667
"650610","3314",0.166666666666667
"650610","3319",0.166666666666667
"650691","2220",0.166666666666667
"650691","2610",0.166666666666667
"650691","2733",0.166666666666667
"650691","3290",0.166666666666667
"650691","3314",0.166666666666667
"650691","3319",0.166666666666667
"650692","1313",0.333333333333333
"650692","1410",0.333333333333333
"650692","3290",0.333333333333333
"650699","1313",0.333333333333333
"650699","1410",0.333333333333333
"650699","3290",0.333333333333333
"650700","1313",0.333333333333333
"650700","1410",0.333333333333333
"650700","3290",0.333333333333333
"660110","1399",0.0769230769230769
"660110","1512",0.0769230769230769
"660110","1629",0.0769230769230769
"660110","1709",0.0769230769230769
"660110","2029",0.0769230769230769
"660110","2219",0.0769230769230769
"660110","2220",0.0769230769230769
"660110","2599",0.0769230769230769
"660110","2829",0.0769230769230769
"660110","3092",0.0769230769230769
"660110","3212",0.0769230769230769
"660110","3290",0.0769230769230769
"660110","3312",0.0769230769230769
"660191","1399",0.0769230769230769
"660191","1512",0.0769230769230769
"660191","1629",0.0769230769230769
"660191","1709",0.0769230769230769
"660191","2029",0.0769230769230769
"660191","2219",0.0769230769230769
"660191","2220",0.0769230769230769
"660191","2599",0.0769230769230769
"660191","2829",0.0769230769230769
"660191","3092",0.0769230769230769
"660191","3212",0.0769230769230769
"660191","3290",0.0769230769230769
"660191","3312",0.0769230769230769
"660199","1399",0.0769230769230769
"660199","1512",0.0769230769230769
"660199","1629",0.0769230769230769
"660199","1709",0.0769230769230769
"660199","2029",0.0769230769230769
"660199","2219",0.0769230769230769
"660199","2220",0.0769230769230769
"660199","2599",0.0769230769230769
"660199","2829",0.0769230769230769
"660199","3092",0.0769230769230769
"660199","3212",0.0769230769230769
"660199","3290",0.0769230769230769
"660199","3312",0.0769230769230769
"660200","1399",0.0769230769230769
"660200","1512",0.0769230769230769
"660200","1629",0.0769230769230769
"660200","1709",0.0769230769230769
"660200","2029",0.0769230769230769
"660200","2219",0.0769230769230769
"660200","2220",0.0769230769230769
"660200","2599",0.0769230769230769
"660200","2829",0.0769230769230769
"660200","3092",0.0769230769230769
"660200","3212",0.0769230769230769
"660200","3290",0.0769230769230769
"660200","3312",0.0769230769230769
"660310","1399",0.0769230769230769
"660310","1512",0.0769230769230769
"660310","1629",0.0769230769230769
"660310","1709",0.0769230769230769
"660310","2029",0.0769230769230769
"660310","2219",0.0769230769230769
"660310","2220",0.0769230769230769
"660310","2599",0.0769230769230769
"660310","2829",0.0769230769230769
"660310","3092",0.0769230769230769
"660310","3212",0.0769230769230769
"660310","3290",0.0769230769230769
"660310","3312",0.0769230769230769
"660320","1399",0.0769230769230769
"660320","1512",0.0769230769230769
"660320","1629",0.0769230769230769
"660320","1709",0.0769230769230769
"660320","2029",0.0769230769230769
"660320","2219",0.0769230769230769
"660320","2220",0.0769230769230769
"660320","2599",0.0769230769230769
"660320","2829",0.0769230769230769
"660320","3092",0.0769230769230769
"660320","3212",0.0769230769230769
"660320","3290",0.0769230769230769
"660320","3312",0.0769230769230769
"660390","1399",0.0769230769230769
"660390","1512",0.0769230769230769
"660390","1629",0.0769230769230769
"660390","1709",0.0769230769230769
"660390","2029",0.0769230769230769
"660390","2219",0.0769230769230769
"660390","2220",0.0769230769230769
"660390","2599",0.0769230769230769
"660390","2829",0.0769230769230769
"660390","3092",0.0769230769230769
"660390","3212",0.0769230769230769
"660390","3290",0.0769230769230769
"660390","3312",0.0769230769230769
"670100","1399",0.0769230769230769
"670100","1512",0.0769230769230769
"670100","1629",0.0769230769230769
"670100","1709",0.0769230769230769
"670100","2029",0.0769230769230769
"670100","2219",0.0769230769230769
"670100","2220",0.0769230769230769
"670100","2599",0.0769230769230769
"670100","2829",0.0769230769230769
"670100","3092",0.0769230769230769
"670100","3212",0.0769230769230769
"670100","3290",0.0769230769230769
"670100","3312",0.0769230769230769
"670210","1399",0.0769230769230769
"670210","1512",0.0769230769230769
"670210","1629",0.0769230769230769
"670210","1709",0.0769230769230769
"670210","2029",0.0769230769230769
"670210","2219",0.0769230769230769
"670210","2220",0.0769230769230769
"670210","2599",0.0769230769230769
"670210","2829",0.0769230769230769
"670210","3092",0.0769230769230769
"670210","3212",0.0769230769230769
"670210","3290",0.0769230769230769
"670210","3312",0.0769230769230769
"670290","1399",0.0769230769230769
"670290","1512",0.0769230769230769
"670290","1629",0.0769230769230769
"670290","1709",0.0769230769230769
"670290","2029",0.0769230769230769
"670290","2219",0.0769230769230769
"670290","2220",0.0769230769230769
"670290","2599",0.0769230769230769
"670290","2829",0.0769230769230769
"670290","3092",0.0769230769230769
"670290","3212",0.0769230769230769
"670290","3290",0.0769230769230769
"670290","3312",0.0769230769230769
"670300","1399",0.0769230769230769
"670300","1512",0.0769230769230769
"670300","1629",0.0769230769230769
"670300","1709",0.0769230769230769
"670300","2029",0.0769230769230769
"670300","2219",0.0769230769230769
"670300","2220",0.0769230769230769
"670300","2599",0.0769230769230769
"670300","2829",0.0769230769230769
"670300","3092",0.0769230769230769
"670300","3212",0.0769230769230769
"670300","3290",0.0769230769230769
"670300","3312",0.0769230769230769
"670411","1399",0.0769230769230769
"670411","1512",0.0769230769230769
"670411","1629",0.0769230769230769
"670411","1709",0.0769230769230769
"670411","2029",0.0769230769230769
"670411","2219",0.0769230769230769
"670411","2220",0.0769230769230769
"670411","2599",0.0769230769230769
"670411","2829",0.0769230769230769
"670411","3092",0.0769230769230769
"670411","3212",0.0769230769230769
"670411","3290",0.0769230769230769
"670411","3312",0.0769230769230769
"670419","1399",0.0769230769230769
"670419","1512",0.0769230769230769
"670419","1629",0.0769230769230769
"670419","1709",0.0769230769230769
"670419","2029",0.0769230769230769
"670419","2219",0.0769230769230769
"670419","2220",0.0769230769230769
"670419","2599",0.0769230769230769
"670419","2829",0.0769230769230769
"670419","3092",0.0769230769230769
"670419","3212",0.0769230769230769
"670419","3290",0.0769230769230769
"670419","3312",0.0769230769230769
"670420","1399",0.0769230769230769
"670420","1512",0.0769230769230769
"670420","1629",0.0769230769230769
"670420","1709",0.0769230769230769
"670420","2029",0.0769230769230769
"670420","2219",0.0769230769230769
"670420","2220",0.0769230769230769
"670420","2599",0.0769230769230769
"670420","2829",0.0769230769230769
"670420","3092",0.0769230769230769
"670420","3212",0.0769230769230769
"670420","3290",0.0769230769230769
"670420","3312",0.0769230769230769
"670490","1399",0.0769230769230769
"670490","1512",0.0769230769230769
"670490","1629",0.0769230769230769
"670490","1709",0.0769230769230769
"670490","2029",0.0769230769230769
"670490","2219",0.0769230769230769
"670490","2220",0.0769230769230769
"670490","2599",0.0769230769230769
"670490","2829",0.0769230769230769
"670490","3092",0.0769230769230769
"670490","3212",0.0769230769230769
"670490","3290",0.0769230769230769
"670490","3312",0.0769230769230769
"680100","2396",1
"680210","2396",1
"680221","2396",1
"680222","2396",1
"680223","2396",1
"680229","2396",1
"680291","2396",1
"680292","2396",1
"680293","2396",1
"680299","2396",1
"680300","2396",1
"680410","1312",0.25
"680410","2399",0.25
"680410","3290",0.25
"680410","3319",0.25
"680421","1312",0.25
"680421","2399",0.25
"680421","3290",0.25
"680421","3319",0.25
"680422","1312",0.25
"680422","2399",0.25
"680422","3290",0.25
"680422","3319",0.25
"680423","1312",0.25
"680423","2399",0.25
"680423","3290",0.25
"680423","3319",0.25
"680430","1312",0.25
"680430","2399",0.25
"680430","3290",0.25
"680430","3319",0.25
"680510","1312",0.25
"680510","2399",0.25
"680510","3290",0.25
"680510","3319",0.25
"680520","1312",0.25
"680520","2399",0.25
"680520","3290",0.25
"680520","3319",0.25
"680530","1312",0.25
"680530","2399",0.25
"680530","3290",0.25
"680530","3319",0.25
"680610","1312",0.25
"680610","2399",0.25
"680610","3290",0.25
"680610","3319",0.25
"680620","1312",0.25
"680620","2399",0.25
"680620","3290",0.25
"680620","3319",0.25
"680690","1312",0.25
"680690","2399",0.25
"680690","3290",0.25
"680690","3319",0.25
"680710","1312",0.25
"680710","2399",0.25
"680710","3290",0.25
"680710","3319",0.25
"680790","1312",0.25
"680790","2399",0.25
"680790","3290",0.25
"680790","3319",0.25
"680800","2395",1
"680911","2395",1
"680919","2395",1
"680990","2395",1
"681011","2395",1
"681019","2395",1
"681020","2395",1
"681091","2395",1
"681099","2395",1
"681110","2395",1
"681120","2395",1
"681130","2395",1
"681190","2395",1
"681210","1312",0.25
"681210","2399",0.25
"681210","3290",0.25
"681210","3319",0.25
"681220","1312",0.25
"681220","2399",0.25
"681220","3290",0.25
"681220","3319",0.25
"681230","1312",0.25
"681230","2399",0.25
"681230","3290",0.25
"681230","3319",0.25
"681240","1312",0.25
"681240","2399",0.25
"681240","3290",0.25
"681240","3319",0.25
"681250","1312",0.25
"681250","2399",0.25
"681250","3290",0.25
"681250","3319",0.25
"681260","1312",0.25
"681260","2399",0.25
"681260","3290",0.25
"681260","3319",0.25
"681270","1312",0.25
"681270","2399",0.25
"681270","3290",0.25
"681270","3319",0.25
"681290","1312",0.25
"681290","2399",0.25
"681290","3290",0.25
"681290","3319",0.25
"681310","1312",0.25
"681310","2399",0.25
"681310","3290",0.25
"681310","3319",0.25
"681390","1312",0.25
"681390","2399",0.25
"681390","3290",0.25
"681390","3319",0.25
"681410","1312",0.25
"681410","2399",0.25
"681410","3290",0.25
"681410","3319",0.25
"681490","1312",0.25
"681490","2399",0.25
"681490","3290",0.25
"681490","3319",0.25
"681510","1312",0.25
"681510","2399",0.25
"681510","3290",0.25
"681510","3319",0.25
"681520","1312",0.25
"681520","2399",0.25
"681520","3290",0.25
"681520","3319",0.25
"681591","2391",1
"681599","1312",0.25
"681599","2399",0.25
"681599","3290",0.25
"681599","3319",0.25
"690100","2391",1
"690210","2391",1
"690220","2391",1
"690290","2391",1
"690310","2391",1
"690320","2391",1
"690390","2391",1
"690410","2392",1
"690490","2392",1
"690510","2392",1
"690590","2392",1
"690600","2392",1
"690710","2392",1
"690790","2392",1
"690810","2392",1
"690890","2392",1
"690911","2392",0.5
"690911","2393",0.5
"690919","2392",0.5
"690919","2393",0.5
"690990","2392",0.5
"690990","2393",0.5
"691010","2392",0.5
"691010","2393",0.5
"691090","2392",0.5
"691090","2393",0.5
"691110","2392",0.5
"691110","2393",0.5
"691190","2392",0.5
"691190","2393",0.5
"691200","2392",0.5
"691200","2393",0.5
"691310","2392",0.5
"691310","2393",0.5
"691390","2392",0.5
"691390","2393",0.5
"691410","2392",0.5
"691410","2393",0.5
"691490","2392",0.5
"691490","2393",0.5
"700100","2310",0.5
"700100","3319",0.5
"700210","2310",0.5
"700210","3319",0.5
"700220","2310",0.5
"700220","3319",0.5
"700231","2310",0.5
"700231","3319",0.5
"700232","2310",0.5
"700232","3319",0.5
"700239","2310",0.5
"700239","3319",0.5
"700311","2310",0.5
"700311","3319",0.5
"700319","2310",0.5
"700319","3319",0.5
"700320","2310",0.5
"700320","3319",0.5
"700330","2310",0.5
"700330","3319",0.5
"700410","2310",0.5
"700410","3319",0.5
"700490","2310",0.5
"700490","3319",0.5
"700510","2310",0.5
"700510","3319",0.5
"700521","2310",0.5
"700521","3319",0.5
"700529","2310",0.5
"700529","3319",0.5
"700530","2310",0.5
"700530","3319",0.5
"700600","2310",0.5
"700600","3319",0.5
"700711","2310",0.5
"700711","3319",0.5
"700719","2310",0.5
"700719","3319",0.5
"700721","2310",0.5
"700721","3319",0.5
"700729","2310",0.5
"700729","3319",0.5
"700800","2310",0.5
"700800","3319",0.5
"700910","2310",0.5
"700910","3319",0.5
"700991","2310",0.5
"700991","3319",0.5
"700992","2310",0.5
"700992","3319",0.5
"701010","2310",0.5
"701010","3319",0.5
"701090","2310",0.5
"701090","3319",0.5
"701110","2310",0.5
"701110","3319",0.5
"701120","2310",0.5
"701120","3319",0.5
"701190","2310",0.5
"701190","3319",0.5
"701200","2310",0.5
"701200","3319",0.5
"701310","2310",0.5
"701310","3319",0.5
"701321","2310",0.5
"701321","3319",0.5
"701329","2310",0.5
"701329","3319",0.5
"701331","2310",0.5
"701331","3319",0.5
"701332","2310",0.5
"701332","3319",0.5
"701339","2310",0.5
"701339","3319",0.5
"701391","2310",0.5
"701391","3319",0.5
"701399","2310",0.5
"701399","3319",0.5
"701400","2310",0.5
"701400","3319",0.5
"701510","2310",0.5
"701510","3319",0.5
"701590","2310",0.5
"701590","3319",0.5
"701610","2310",0.5
"701610","3319",0.5
"701690","2310",0.5
"701690","3319",0.5
"701710","2310",0.5
"701710","3319",0.5
"701720","2310",0.5
"701720","3319",0.5
"701790","2310",0.5
"701790","3319",0.5
"701810","2310",0.5
"701810","3319",0.5
"701820","2310",0.5
"701820","3319",0.5
"701890","2310",0.5
"701890","3319",0.5
"701910","2310",0.5
"701910","3319",0.5
"701920","1311",0.5
"701920","1312",0.5
"701931","2310",0.5
"701931","3319",0.5
"701932","2310",0.5
"701932","3319",0.5
"701939","2310",0.5
"701939","3319",0.5
"701990","2310",0.5
"701990","3319",0.5
"702000","2310",0.5
"702000","3319",0.5
"710110","0311",0.25
"710110","0312",0.25
"710110","0321",0.25
"710110","0322",0.25
"710121","0311",0.25
"710121","0312",0.25
"710121","0321",0.25
"710121","0322",0.25
"710122","3211",1
"710210","0810",0.333333333333333
"710210","0899",0.333333333333333
"710210","0990",0.333333333333333
"710221","0810",0.333333333333333
"710221","0899",0.333333333333333
"710221","0990",0.333333333333333
"710229","3211",1
"710231","0810",0.333333333333333
"710231","0899",0.333333333333333
"710231","0990",0.333333333333333
"710239","3211",1
"710310","0810",0.333333333333333
"710310","0899",0.333333333333333
"710310","0990",0.333333333333333
"710391","3211",1
"710399","3211",1
"710410","1910",0.5
"710410","2011",0.5
"710420","1910",0.5
"710420","2011",0.5
"710490","3211",1
"710510","3211",1
"710590","3211",1
"710610","2420",1
"710691","2420",1
"710692","2420",1
"710700","2420",1
"710811","2420",1
"710812","2420",1
"710813","2420",1
"710820","2420",1
"710900","2420",1
"711011","2420",1
"711019","2420",1
"711021","2420",1
"711029","2420",1
"711031","2420",1
"711039","2420",1
"711041","2420",1
"711049","2420",1
"711100","2420",1
"711311","3211",1
"711319","3211",1
"711320","3211",1
"711411","3211",1
"711419","3211",1
"711420","3211",1
"711510","3211",1
"711590","3211",1
"711610","3211",1
"711620","3211",1
"711711","1399",0.0769230769230769
"711711","1512",0.0769230769230769
"711711","1629",0.0769230769230769
"711711","1709",0.0769230769230769
"711711","2029",0.0769230769230769
"711711","2219",0.0769230769230769
"711711","2220",0.0769230769230769
"711711","2599",0.0769230769230769
"711711","2829",0.0769230769230769
"711711","3092",0.0769230769230769
"711711","3212",0.0769230769230769
"711711","3290",0.0769230769230769
"711711","3312",0.0769230769230769
"711719","1399",0.0769230769230769
"711719","1512",0.0769230769230769
"711719","1629",0.0769230769230769
"711719","1709",0.0769230769230769
"711719","2029",0.0769230769230769
"711719","2219",0.0769230769230769
"711719","2220",0.0769230769230769
"711719","2599",0.0769230769230769
"711719","2829",0.0769230769230769
"711719","3092",0.0769230769230769
"711719","3212",0.0769230769230769
"711719","3290",0.0769230769230769
"711719","3312",0.0769230769230769
"711790","1399",0.0769230769230769
"711790","1512",0.0769230769230769
"711790","1629",0.0769230769230769
"711790","1709",0.0769230769230769
"711790","2029",0.0769230769230769
"711790","2219",0.0769230769230769
"711790","2220",0.0769230769230769
"711790","2599",0.0769230769230769
"711790","2829",0.0769230769230769
"711790","3092",0.0769230769230769
"711790","3212",0.0769230769230769
"711790","3290",0.0769230769230769
"711790","3312",0.0769230769230769
"711810","3211",1
"711890","3211",1
"720110","2410",0.5
"720110","2431",0.5
"720120","2410",0.5
"720120","2431",0.5
"720130","2410",0.5
"720130","2431",0.5
"720140","2410",0.5
"720140","2431",0.5
"720211","2410",0.5
"720211","2431",0.5
"720219","2410",0.5
"720219","2431",0.5
"720221","2410",0.5
"720221","2431",0.5
"720229","2410",0.5
"720229","2431",0.5
"720230","2410",0.5
"720230","2431",0.5
"720241","2410",0.5
"720241","2431",0.5
"720249","2410",0.5
"720249","2431",0.5
"720250","2410",0.5
"720250","2431",0.5
"720260","2410",0.5
"720260","2431",0.5
"720270","2410",0.5
"720270","2431",0.5
"720280","2410",0.5
"720280","2431",0.5
"720291","2410",0.5
"720291","2431",0.5
"720292","2410",0.5
"720292","2431",0.5
"720293","2410",0.5
"720293","2431",0.5
"720299","2410",0.5
"720299","2431",0.5
"720310","2410",0.5
"720310","2431",0.5
"720390","2410",0.5
"720390","2431",0.5
"720510","2410",0.5
"720510","2431",0.5
"720521","2410",0.5
"720521","2431",0.5
"720529","2410",0.5
"720529","2431",0.5
"720610","2410",0.5
"720610","2431",0.5
"720690","2410",0.5
"720690","2431",0.5
"720711","2410",0.5
"720711","2431",0.5
"720712","2410",0.5
"720712","2431",0.5
"720719","2410",0.5
"720719","2431",0.5
"720720","2410",0.5
"720720","2431",0.5
"720811","2410",0.5
"720811","2431",0.5
"720812","2410",0.5
"720812","2431",0.5
"720813","2410",0.5
"720813","2431",0.5
"720814","2410",0.5
"720814","2431",0.5
"720821","2410",0.5
"720821","2431",0.5
"720822","2410",0.5
"720822","2431",0.5
"720823","2410",0.5
"720823","2431",0.5
"720824","2410",0.5
"720824","2431",0.5
"720831","2410",0.5
"720831","2431",0.5
"720832","2410",0.5
"720832","2431",0.5
"720833","2410",0.5
"720833","2431",0.5
"720834","2410",0.5
"720834","2431",0.5
"720835","2410",0.5
"720835","2431",0.5
"720841","2410",0.5
"720841","2431",0.5
"720842","2410",0.5
"720842","2431",0.5
"720843","2410",0.5
"720843","2431",0.5
"720844","2410",0.5
"720844","2431",0.5
"720845","2410",0.5
"720845","2431",0.5
"720890","2410",0.5
"720890","2431",0.5
"720911","2410",0.5
"720911","2431",0.5
"720912","2410",0.5
"720912","2431",0.5
"720913","2410",0.5
"720913","2431",0.5
"720914","2410",0.5
"720914","2431",0.5
"720921","2410",0.5
"720921","2431",0.5
"720922","2410",0.5
"720922","2431",0.5
"720923","2410",0.5
"720923","2431",0.5
"720924","2410",0.5
"720924","2431",0.5
"720931","2410",0.5
"720931","2431",0.5
"720932","2410",0.5
"720932","2431",0.5
"720933","2410",0.5
"720933","2431",0.5
"720934","2410",0.5
"720934","2431",0.5
"720941","2410",0.5
"720941","2431",0.5
"720942","2410",0.5
"720942","2431",0.5
"720943","2410",0.5
"720943","2431",0.5
"720944","2410",0.5
"720944","2431",0.5
"720990","2410",0.5
"720990","2431",0.5
"721011","2410",0.5
"721011","2431",0.5
"721012","2410",0.5
"721012","2431",0.5
"721020","2410",0.5
"721020","2431",0.5
"721031","2410",0.5
"721031","2431",0.5
"721039","2410",0.5
"721039","2431",0.5
"721041","2410",0.5
"721041","2431",0.5
"721049","2410",0.5
"721049","2431",0.5
"721050","2410",0.5
"721050","2431",0.5
"721060","2410",0.5
"721060","2431",0.5
"721070","2410",0.5
"721070","2431",0.5
"721090","2410",0.5
"721090","2431",0.5
"721111","2410",0.5
"721111","2431",0.5
"721112","2410",0.5
"721112","2431",0.5
"721119","2410",0.5
"721119","2431",0.5
"721121","2410",0.5
"721121","2431",0.5
"721122","2410",0.5
"721122","2431",0.5
"721129","2410",0.5
"721129","2431",0.5
"721130","2410",0.5
"721130","2431",0.5
"721141","2410",0.5
"721141","2431",0.5
"721149","2410",0.5
"721149","2431",0.5
"721190","2410",0.5
"721190","2431",0.5
"721210","2410",0.5
"721210","2431",0.5
"721221","2410",0.5
"721221","2431",0.5
"721229","2410",0.5
"721229","2431",0.5
"721230","2410",0.5
"721230","2431",0.5
"721240","2410",0.5
"721240","2431",0.5
"721250","2410",0.5
"721250","2431",0.5
"721260","2410",0.5
"721260","2431",0.5
"721310","2410",0.5
"721310","2431",0.5
"721320","2410",0.5
"721320","2431",0.5
"721331","2410",0.5
"721331","2431",0.5
"721339","2410",0.5
"721339","2431",0.5
"721341","2410",0.5
"721341","2431",0.5
"721349","2410",0.5
"721349","2431",0.5
"721350","2410",0.5
"721350","2431",0.5
"721410","2410",0.5
"721410","2431",0.5
"721420","2410",0.5
"721420","2431",0.5
"721430","2410",0.5
"721430","2431",0.5
"721440","2410",0.5
"721440","2431",0.5
"721450","2410",0.5
"721450","2431",0.5
"721460","2410",0.5
"721460","2431",0.5
"721510","2410",0.5
"721510","2431",0.5
"721520","2410",0.5
"721520","2431",0.5
"721530","2410",0.5
"721530","2431",0.5
"721540","2410",0.5
"721540","2431",0.5
"721590","2410",0.5
"721590","2431",0.5
"721610","2410",0.5
"721610","2431",0.5
"721621","2410",0.5
"721621","2431",0.5
"721622","2410",0.5
"721622","2431",0.5
"721631","2410",0.5
"721631","2431",0.5
"721632","2410",0.5
"721632","2431",0.5
"721633","2410",0.5
"721633","2431",0.5
"721640","2410",0.5
"721640","2431",0.5
"721650","2410",0.5
"721650","2431",0.5
"721660","2410",0.5
"721660","2431",0.5
"721690","2410",0.5
"721690","2431",0.5
"721711","2410",0.5
"721711","2431",0.5
"721712","2410",0.5
"721712","2431",0.5
"721713","2410",0.5
"721713","2431",0.5
"721719","2410",0.5
"721719","2431",0.5
"721721","2410",0.5
"721721","2431",0.5
"721722","2410",0.5
"721722","2431",0.5
"721723","2410",0.5
"721723","2431",0.5
"721729","2410",0.5
"721729","2431",0.5
"721731","2410",0.5
"721731","2431",0.5
"721732","2410",0.5
"721732","2431",0.5
"721733","2410",0.5
"721733","2431",0.5
"721739","2410",0.5
"721739","2431",0.5
"721810","2410",0.5
"721810","2431",0.5
"721890","2410",0.5
"721890","2431",0.5
"721911","2410",0.5
"721911","2431",0.5
"721912","2410",0.5
"721912","2431",0.5
"721913","2410",0.5
"721913","2431",0.5
"721914","2410",0.5
"721914","2431",0.5
"721921","2410",0.5
"721921","2431",0.5
"721922","2410",0.5
"721922","2431",0.5
"721923","2410",0.5
"721923","2431",0.5
"721924","2410",0.5
"721924","2431",0.5
"721931","2410",0.5
"721931","2431",0.5
"721932","2410",0.5
"721932","2431",0.5
"721933","2410",0.5
"721933","2431",0.5
"721934","2410",0.5
"721934","2431",0.5
"721935","2410",0.5
"721935","2431",0.5
"721990","2410",0.5
"721990","2431",0.5
"722011","2410",0.5
"722011","2431",0.5
"722012","2410",0.5
"722012","2431",0.5
"722020","2410",0.5
"722020","2431",0.5
"722090","2410",0.5
"722090","2431",0.5
"722100","2410",0.5
"722100","2431",0.5
"722210","2410",0.5
"722210","2431",0.5
"722220","2410",0.5
"722220","2431",0.5
"722230","2410",0.5
"722230","2431",0.5
"722240","2410",0.5
"722240","2431",0.5
"722300","2410",0.5
"722300","2431",0.5
"722410","2410",0.5
"722410","2431",0.5
"722490","2410",0.5
"722490","2431",0.5
"722510","2410",0.5
"722510","2431",0.5
"722520","2410",0.5
"722520","2431",0.5
"722530","2410",0.5
"722530","2431",0.5
"722540","2410",0.5
"722540","2431",0.5
"722550","2410",0.5
"722550","2431",0.5
"722590","2410",0.5
"722590","2431",0.5
"722610","2410",0.5
"722610","2431",0.5
"722620","2410",0.5
"722620","2431",0.5
"722691","2410",0.5
"722691","2431",0.5
"722692","2410",0.5
"722692","2431",0.5
"722699","2410",0.5
"722699","2431",0.5
"722710","2410",0.5
"722710","2431",0.5
"722720","2410",0.5
"722720","2431",0.5
"722790","2410",0.5
"722790","2431",0.5
"722810","2410",0.5
"722810","2431",0.5
"722820","2410",0.5
"722820","2431",0.5
"722830","2410",0.5
"722830","2431",0.5
"722840","2410",0.5
"722840","2431",0.5
"722850","2410",0.5
"722850","2431",0.5
"722860","2410",0.5
"722860","2431",0.5
"722870","2410",0.5
"722870","2431",0.5
"722880","2410",0.5
"722880","2431",0.5
"722910","2410",0.5
"722910","2431",0.5
"722920","2410",0.5
"722920","2431",0.5
"722990","2410",0.5
"722990","2431",0.5
"730110","2410",0.5
"730110","2431",0.5
"730120","2410",0.5
"730120","2431",0.5
"730210","2410",0.5
"730210","2431",0.5
"730220","2410",0.5
"730220","2431",0.5
"730230","2410",0.5
"730230","2431",0.5
"730240","2410",0.5
"730240","2431",0.5
"730290","2410",0.5
"730290","2431",0.5
"730300","2410",0.5
"730300","2431",0.5
"730410","2410",0.5
"730410","2431",0.5
"730420","2410",0.5
"730420","2431",0.5
"730431","2410",0.5
"730431","2431",0.5
"730439","2410",0.5
"730439","2431",0.5
"730441","2410",0.5
"730441","2431",0.5
"730449","2410",0.5
"730449","2431",0.5
"730451","2410",0.5
"730451","2431",0.5
"730459","2410",0.5
"730459","2431",0.5
"730490","2410",0.5
"730490","2431",0.5
"730511","2410",0.5
"730511","2431",0.5
"730512","2410",0.5
"730512","2431",0.5
"730519","2410",0.5
"730519","2431",0.5
"730520","2410",0.5
"730520","2431",0.5
"730531","2410",0.5
"730531","2431",0.5
"730539","2410",0.5
"730539","2431",0.5
"730590","2410",0.5
"730590","2431",0.5
"730610","2410",0.5
"730610","2431",0.5
"730620","2410",0.5
"730620","2431",0.5
"730630","2410",0.5
"730630","2431",0.5
"730640","2410",0.5
"730640","2431",0.5
"730650","2410",0.5
"730650","2431",0.5
"730660","2410",0.5
"730660","2431",0.5
"730690","2410",0.5
"730690","2431",0.5
"730711","2410",0.5
"730711","2431",0.5
"730719","2410",0.5
"730719","2431",0.5
"730721","2410",0.5
"730721","2431",0.5
"730722","2410",0.5
"730722","2431",0.5
"730723","2410",0.5
"730723","2431",0.5
"730729","2410",0.5
"730729","2431",0.5
"730791","2410",0.5
"730791","2431",0.5
"730792","2410",0.5
"730792","2431",0.5
"730793","2410",0.5
"730793","2431",0.5
"730799","2410",0.5
"730799","2431",0.5
"730810","2511",0.5
"730810","3311",0.5
"730820","2511",0.5
"730820","3311",0.5
"730830","2511",0.5
"730830","3311",0.5
"730840","2511",0.5
"730840","3311",0.5
"730890","2511",0.5
"730890","3311",0.5
"730900","2512",0.5
"730900","3311",0.5
"731010","2599",0.25
"731010","2817",0.25
"731010","3290",0.25
"731010","3311",0.25
"731021","2599",0.25
"731021","2817",0.25
"731021","3290",0.25
"731021","3311",0.25
"731029","2599",0.25
"731029","2817",0.25
"731029","3290",0.25
"731029","3311",0.25
"731100","2512",0.5
"731100","3311",0.5
"731210","2599",0.25
"731210","2817",0.25
"731210","3290",0.25
"731210","3311",0.25
"731290","2599",0.25
"731290","2817",0.25
"731290","3290",0.25
"731290","3311",0.25
"731300","2599",0.25
"731300","2817",0.25
"731300","3290",0.25
"731300","3311",0.25
"731411","2599",0.25
"731411","2817",0.25
"731411","3290",0.25
"731411","3311",0.25
"731419","2599",0.25
"731419","2817",0.25
"731419","3290",0.25
"731419","3311",0.25
"731420","2599",0.25
"731420","2817",0.25
"731420","3290",0.25
"731420","3311",0.25
"731430","2599",0.25
"731430","2817",0.25
"731430","3290",0.25
"731430","3311",0.25
"731441","2599",0.25
"731441","2817",0.25
"731441","3290",0.25
"731441","3311",0.25
"731442","2599",0.25
"731442","2817",0.25
"731442","3290",0.25
"731442","3311",0.25
"731449","2599",0.25
"731449","2817",0.25
"731449","3290",0.25
"731449","3311",0.25
"731450","2599",0.25
"731450","2817",0.25
"731450","3290",0.25
"731450","3311",0.25
"731511","2812",0.333333333333333
"731511","2814",0.333333333333333
"731511","3312",0.333333333333333
"731512","2812",0.333333333333333
"731512","2814",0.333333333333333
"731512","3312",0.333333333333333
"731519","2812",0.333333333333333
"731519","2814",0.333333333333333
"731519","3312",0.333333333333333
"731520","2599",0.25
"731520","2817",0.25
"731520","3290",0.25
"731520","3311",0.25
"731581","2599",0.25
"731581","2817",0.25
"731581","3290",0.25
"731581","3311",0.25
"731582","2599",0.25
"731582","2817",0.25
"731582","3290",0.25
"731582","3311",0.25
"731589","2599",0.25
"731589","2817",0.25
"731589","3290",0.25
"731589","3311",0.25
"731590","2599",0.25
"731590","2817",0.25
"731590","3290",0.25
"731590","3311",0.25
"731600","2599",0.25
"731600","2817",0.25
"731600","3290",0.25
"731600","3311",0.25
"731700","2599",0.25
"731700","2817",0.25
"731700","3290",0.25
"731700","3311",0.25
"731811","2599",0.25
"731811","2817",0.25
"731811","3290",0.25
"731811","3311",0.25
"731812","2599",0.25
"731812","2817",0.25
"731812","3290",0.25
"731812","3311",0.25
"731813","2599",0.25
"731813","2817",0.25
"731813","3290",0.25
"731813","3311",0.25
"731814","2599",0.25
"731814","2817",0.25
"731814","3290",0.25
"731814","3311",0.25
"731815","2599",0.25
"731815","2817",0.25
"731815","3290",0.25
"731815","3311",0.25
"731816","2599",0.25
"731816","2817",0.25
"731816","3290",0.25
"731816","3311",0.25
"731819","2599",0.25
"731819","2817",0.25
"731819","3290",0.25
"731819","3311",0.25
"731821","2599",0.25
"731821","2817",0.25
"731821","3290",0.25
"731821","3311",0.25
"731822","2599",0.25
"731822","2817",0.25
"731822","3290",0.25
"731822","3311",0.25
"731823","2599",0.25
"731823","2817",0.25
"731823","3290",0.25
"731823","3311",0.25
"731824","2599",0.25
"731824","2817",0.25
"731824","3290",0.25
"731824","3311",0.25
"731829","2599",0.25
"731829","2817",0.25
"731829","3290",0.25
"731829","3311",0.25
"731910","2599",0.25
"731910","2817",0.25
"731910","3290",0.25
"731910","3311",0.25
"731920","2599",0.25
"731920","2817",0.25
"731920","3290",0.25
"731920","3311",0.25
"731930","2599",0.25
"731930","2817",0.25
"731930","3290",0.25
"731930","3311",0.25
"731990","2599",0.25
"731990","2817",0.25
"731990","3290",0.25
"731990","3311",0.25
"732010","2599",0.25
"732010","2817",0.25
"732010","3290",0.25
"732010","3311",0.25
"732020","2599",0.25
"732020","2817",0.25
"732020","3290",0.25
"732020","3311",0.25
"732090","2599",0.25
"732090","2817",0.25
"732090","3290",0.25
"732090","3311",0.25
"732111","2750",0.333333333333333
"732111","2815",0.333333333333333
"732111","2819",0.333333333333333
"732112","2750",0.333333333333333
"732112","2815",0.333333333333333
"732112","2819",0.333333333333333
"732113","2750",0.333333333333333
"732113","2815",0.333333333333333
"732113","2819",0.333333333333333
"732181","2750",0.333333333333333
"732181","2815",0.333333333333333
"732181","2819",0.333333333333333
"732182","2750",0.333333333333333
"732182","2815",0.333333333333333
"732182","2819",0.333333333333333
"732183","2750",0.333333333333333
"732183","2815",0.333333333333333
"732183","2819",0.333333333333333
"732190","2750",0.333333333333333
"732190","2815",0.333333333333333
"732190","2819",0.333333333333333
"732211","2512",0.5
"732211","3311",0.5
"732219","2512",0.5
"732219","3311",0.5
"732290","2750",0.333333333333333
"732290","2815",0.333333333333333
"732290","2819",0.333333333333333
"732310","2599",0.25
"732310","2817",0.25
"732310","3290",0.25
"732310","3311",0.25
"732391","2599",0.25
"732391","2817",0.25
"732391","3290",0.25
"732391","3311",0.25
"732392","2599",0.25
"732392","2817",0.25
"732392","3290",0.25
"732392","3311",0.25
"732393","2599",0.25
"732393","2817",0.25
"732393","3290",0.25
"732393","3311",0.25
"732394","2599",0.25
"732394","2817",0.25
"732394","3290",0.25
"732394","3311",0.25
"732399","2599",0.25
"732399","2817",0.25
"732399","3290",0.25
"732399","3311",0.25
"732410","2599",0.25
"732410","2817",0.25
"732410","3290",0.25
"732410","3311",0.25
"732421","2599",0.25
"732421","2817",0.25
"732421","3290",0.25
"732421","3311",0.25
"732429","2599",0.25
"732429","2817",0.25
"732429","3290",0.25
"732429","3311",0.25
"732490","2599",0.25
"732490","2817",0.25
"732490","3290",0.25
"732490","3311",0.25
"732510","2599",0.25
"732510","2817",0.25
"732510","3290",0.25
"732510","3311",0.25
"732591","2599",0.25
"732591","2817",0.25
"732591","3290",0.25
"732591","3311",0.25
"732599","2599",0.25
"732599","2817",0.25
"732599","3290",0.25
"732599","3311",0.25
"732611","2599",0.25
"732611","2817",0.25
"732611","3290",0.25
"732611","3311",0.25
"732619","2599",0.25
"732619","2817",0.25
"732619","3290",0.25
"732619","3311",0.25
"732620","2599",0.25
"732620","2817",0.25
"732620","3290",0.25
"732620","3311",0.25
"732690","2599",0.25
"732690","2817",0.25
"732690","3290",0.25
"732690","3311",0.25
"740110","2420",1
"740120","2420",1
"740200","2420",1
"740311","2420",1
"740312","2420",1
"740313","2420",1
"740319","2420",1
"740321","2420",1
"740322","2420",1
"740323","2420",1
"740329","2420",1
"740500","2420",1
"740610","2420",1
"740620","2420",1
"740710","2420",1
"740721","2420",1
"740722","2420",1
"740729","2420",1
"740811","2420",1
"740819","2420",1
"740821","2420",1
"740822","2420",1
"740829","2420",1
"740911","2420",1
"740919","2420",1
"740921","2420",1
"740929","2420",1
"740931","2420",1
"740939","2420",1
"740940","2420",1
"740990","2420",1
"741011","2420",1
"741012","2420",1
"741021","2420",1
"741022","2420",1
"741110","2420",1
"741121","2420",1
"741122","2420",1
"741129","2420",1
"741210","2420",1
"741220","2420",1
"741300","2599",0.25
"741300","2817",0.25
"741300","3290",0.25
"741300","3311",0.25
"741410","2599",0.25
"741410","2817",0.25
"741410","3290",0.25
"741410","3311",0.25
"741490","2599",0.25
"741490","2817",0.25
"741490","3290",0.25
"741490","3311",0.25
"741510","2599",0.25
"741510","2817",0.25
"741510","3290",0.25
"741510","3311",0.25
"741521","2599",0.25
"741521","2817",0.25
"741521","3290",0.25
"741521","3311",0.25
"741529","2599",0.25
"741529","2817",0.25
"741529","3290",0.25
"741529","3311",0.25
"741531","2599",0.25
"741531","2817",0.25
"741531","3290",0.25
"741531","3311",0.25
"741532","2599",0.25
"741532","2817",0.25
"741532","3290",0.25
"741532","3311",0.25
"741539","2599",0.25
"741539","2817",0.25
"741539","3290",0.25
"741539","3311",0.25
"741600","2599",0.25
"741600","2817",0.25
"741600","3290",0.25
"741600","3311",0.25
"741700","2750",0.333333333333333
"741700","2815",0.333333333333333
"741700","2819",0.333333333333333
"741810","2599",0.25
"741810","2817",0.25
"741810","3290",0.25
"741810","3311",0.25
"741820","2599",0.25
"741820","2817",0.25
"741820","3290",0.25
"741820","3311",0.25
"741910","2599",0.25
"741910","2817",0.25
"741910","3290",0.25
"741910","3311",0.25
"741991","2599",0.25
"741991","2817",0.25
"741991","3290",0.25
"741991","3311",0.25
"741999","2599",0.25
"741999","2817",0.25
"741999","3290",0.25
"741999","3311",0.25
"750110","2420",1
"750120","2420",1
"750210","2420",1
"750220","2420",1
"750400","2420",1
"750511","2420",1
"750512","2420",1
"750521","2420",1
"750522","2420",1
"750610","2420",1
"750620","2420",1
"750711","2420",1
"750712","2420",1
"750720","2420",1
"750800","2599",0.25
"750800","2817",0.25
"750800","3290",0.25
"750800","3311",0.25
"760110","2420",1
"760120","2420",1
"760310","2420",1
"760320","2420",1
"760410","2420",1
"760421","2420",1
"760429","2420",1
"760511","2420",1
"760519","2420",1
"760521","2420",1
"760529","2420",1
"760611","2420",1
"760612","2420",1
"760691","2420",1
"760692","2420",1
"760711","2420",1
"760719","2420",1
"760720","2420",1
"760810","2420",1
"760820","2420",1
"760900","2420",1
"761010","2511",0.5
"761010","3311",0.5
"761090","2511",0.5
"761090","3311",0.5
"761100","2512",0.5
"761100","3311",0.5
"761210","2599",0.25
"761210","2817",0.25
"761210","3290",0.25
"761210","3311",0.25
"761290","2599",0.25
"761290","2817",0.25
"761290","3290",0.25
"761290","3311",0.25
"761300","2512",0.5
"761300","3311",0.5
"761410","2599",0.25
"761410","2817",0.25
"761410","3290",0.25
"761410","3311",0.25
"761490","2599",0.25
"761490","2817",0.25
"761490","3290",0.25
"761490","3311",0.25
"761510","2599",0.25
"761510","2817",0.25
"761510","3290",0.25
"761510","3311",0.25
"761520","2599",0.25
"761520","2817",0.25
"761520","3290",0.25
"761520","3311",0.25
"761610","2599",0.25
"761610","2817",0.25
"761610","3290",0.25
"761610","3311",0.25
"761690","2599",0.25
"761690","2817",0.25
"761690","3290",0.25
"761690","3311",0.25
"780110","2420",1
"780191","2420",1
"780199","2420",1
"780300","2420",1
"780411","2420",1
"780419","2420",1
"780420","2420",1
"780500","2420",1
"780600","2599",0.25
"780600","2817",0.25
"780600","3290",0.25
"780600","3311",0.25
"790111","2420",1
"790112","2420",1
"790120","2420",1
"790310","2420",1
"790390","2420",1
"790400","2420",1
"790500","2420",1
"790600","2420",1
"790710","2599",0.25
"790710","2817",0.25
"790710","3290",0.25
"790710","3311",0.25
"790790","2599",0.25
"790790","2817",0.25
"790790","3290",0.25
"790790","3311",0.25
"800110","2420",1
"800120","2420",1
"800300","2420",1
"800400","2420",1
"800510","2420",1
"800520","2420",1
"800600","2420",1
"800700","2599",0.25
"800700","2817",0.25
"800700","3290",0.25
"800700","3311",0.25
"810110","2420",1
"810191","2420",1
"810192","2420",1
"810193","2420",1
"810199","2420",1
"810210","2420",1
"810291","2420",1
"810292","2420",1
"810293","2420",1
"810299","2420",1
"810310","2420",1
"810390","2420",1
"810411","2420",1
"810419","2420",1
"810420","2420",1
"810430","2420",1
"810490","2420",1
"810510","2420",1
"810590","2420",1
"810600","2420",1
"810710","2420",1
"810790","2420",1
"810810","2420",1
"810890","2420",1
"810910","2420",1
"810990","2420",1
"811000","2420",1
"811100","2420",1
"811211","2420",1
"811219","2420",1
"811220","2420",1
"811230","2420",1
"811240","2420",1
"811291","2420",1
"811299","2420",1
"811300","2420",1
"820110","2593",0.5
"820110","3311",0.5
"820120","2593",0.5
"820120","3311",0.5
"820130","2593",0.5
"820130","3311",0.5
"820140","2593",0.5
"820140","3311",0.5
"820150","2593",0.5
"820150","3311",0.5
"820160","2593",0.5
"820160","3311",0.5
"820190","2593",0.5
"820190","3311",0.5
"820210","2593",0.5
"820210","3311",0.5
"820220","2593",0.5
"820220","3311",0.5
"820231","2593",0.5
"820231","3311",0.5
"820232","2593",0.5
"820232","3311",0.5
"820240","2593",0.5
"820240","3311",0.5
"820291","2593",0.5
"820291","3311",0.5
"820299","2593",0.5
"820299","3311",0.5
"820310","2593",0.5
"820310","3311",0.5
"820320","2593",0.5
"820320","3311",0.5
"820330","2593",0.5
"820330","3311",0.5
"820340","2593",0.5
"820340","3311",0.5
"820411","2593",0.5
"820411","3311",0.5
"820412","2593",0.5
"820412","3311",0.5
"820420","2593",0.5
"820420","3311",0.5
"820510","2593",0.5
"820510","3311",0.5
"820520","2593",0.5
"820520","3311",0.5
"820530","2593",0.5
"820530","3311",0.5
"820540","2593",0.5
"820540","3311",0.5
"820551","2593",0.5
"820551","3311",0.5
"820559","2593",0.5
"820559","3311",0.5
"820560","2593",0.5
"820560","3311",0.5
"820570","2593",0.5
"820570","3311",0.5
"820580","2593",0.5
"820580","3311",0.5
"820590","2593",0.5
"820590","3311",0.5
"820600","2593",0.5
"820600","3311",0.5
"820711","2593",0.5
"820711","3311",0.5
"820712","2593",0.5
"820712","3311",0.5
"820720","2593",0.5
"820720","3311",0.5
"820730","2593",0.5
"820730","3311",0.5
"820740","2593",0.5
"820740","3311",0.5
"820750","2593",0.5
"820750","3311",0.5
"820760","2593",0.5
"820760","3311",0.5
"820770","2593",0.5
"820770","3311",0.5
"820780","2593",0.5
"820780","3311",0.5
"820790","2593",0.5
"820790","3311",0.5
"820810","2593",0.5
"820810","3311",0.5
"820820","2593",0.5
"820820","3311",0.5
"820830","2593",0.5
"820830","3311",0.5
"820840","2593",0.5
"820840","3311",0.5
"820890","2593",0.5
"820890","3311",0.5
"820900","2593",0.5
"820900","3311",0.5
"821000","2599",0.25
"821000","2817",0.25
"821000","3290",0.25
"821000","3311",0.25
"821110","2593",0.5
"821110","3311",0.5
"821191","2593",0.5
"821191","3311",0.5
"821192","2593",0.5
"821192","3311",0.5
"821193","2593",0.5
"821193","3311",0.5
"821194","2593",0.5
"821194","3311",0.5
"821210","2593",0.5
"821210","3311",0.5
"821220","2593",0.5
"821220","3311",0.5
"821290","2593",0.5
"821290","3311",0.5
"821300","2593",0.5
"821300","3311",0.5
"821410","2593",0.5
"821410","3311",0.5
"821420","2593",0.5
"821420","3311",0.5
"821490","2593",0.5
"821490","3311",0.5
"821510","2593",0.5
"821510","3311",0.5
"821520","2593",0.5
"821520","3311",0.5
"821591","2593",0.5
"821591","3311",0.5
"821599","2593",0.5
"821599","3311",0.5
"830110","2593",0.5
"830110","3311",0.5
"830120","2593",0.5
"830120","3311",0.5
"830130","2593",0.5
"830130","3311",0.5
"830140","2593",0.5
"830140","3311",0.5
"830150","2593",0.5
"830150","3311",0.5
"830160","2593",0.5
"830160","3311",0.5
"830170","2593",0.5
"830170","3311",0.5
"830210","2599",0.25
"830210","2817",0.25
"830210","3290",0.25
"830210","3311",0.25
"830220","2599",0.25
"830220","2817",0.25
"830220","3290",0.25
"830220","3311",0.25
"830230","2599",0.25
"830230","2817",0.25
"830230","3290",0.25
"830230","3311",0.25
"830241","2599",0.25
"830241","2817",0.25
"830241","3290",0.25
"830241","3311",0.25
"830242","2599",0.25
"830242","2817",0.25
"830242","3290",0.25
"830242","3311",0.25
"830249","2599",0.25
"830249","2817",0.25
"830249","3290",0.25
"830249","3311",0.25
"830250","2599",0.25
"830250","2817",0.25
"830250","3290",0.25
"830250","3311",0.25
"830260","2599",0.25
"830260","2817",0.25
"830260","3290",0.25
"830260","3311",0.25
"830300","2599",0.25
"830300","2817",0.25
"830300","3290",0.25
"830300","3311",0.25
"830400","2599",0.25
"830400","2817",0.25
"830400","3290",0.25
"830400","3311",0.25
"830510","2599",0.25
"830510","2817",0.25
"830510","3290",0.25
"830510","3311",0.25
"830520","2599",0.25
"830520","2817",0.25
"830520","3290",0.25
"830520","3311",0.25
"830590","2599",0.25
"830590","2817",0.25
"830590","3290",0.25
"830590","3311",0.25
"830610","2599",0.25
"830610","2817",0.25
"830610","3290",0.25
"830610","3311",0.25
"830621","2599",0.25
"830621","2817",0.25
"830621","3290",0.25
"830621","3311",0.25
"830629","2599",0.25
"830629","2817",0.25
"830629","3290",0.25
"830629","3311",0.25
"830630","2599",0.25
"830630","2817",0.25
"830630","3290",0.25
"830630","3311",0.25
"830710","2599",0.25
"830710","2817",0.25
"830710","3290",0.25
"830710","3311",0.25
"830790","2599",0.25
"830790","2817",0.25
"830790","3290",0.25
"830790","3311",0.25
"830810","2599",0.25
"830810","2817",0.25
"830810","3290",0.25
"830810","3311",0.25
"830820","2599",0.25
"830820","2817",0.25
"830820","3290",0.25
"830820","3311",0.25
"830890","2599",0.25
"830890","2817",0.25
"830890","3290",0.25
"830890","3311",0.25
"830910","2599",0.25
"830910","2817",0.25
"830910","3290",0.25
"830910","3311",0.25
"830990","2599",0.25
"830990","2817",0.25
"830990","3290",0.25
"830990","3311",0.25
"831000","2599",0.25
"831000","2817",0.25
"831000","3290",0.25
"831000","3311",0.25
"831110","2599",0.25
"831110","2817",0.25
"831110","3290",0.25
"831110","3311",0.25
"831120","2599",0.25
"831120","2817",0.25
"831120","3290",0.25
"831120","3311",0.25
"831130","2599",0.25
"831130","2817",0.25
"831130","3290",0.25
"831130","3311",0.25
"831190","2599",0.25
"831190","2817",0.25
"831190","3290",0.25
"831190","3311",0.25
"840110","2513",0.333333333333333
"840110","3311",0.333333333333333
"840110","3320",0.333333333333333
"840120","2593",0.125
"840120","2790",0.125
"840120","2826",0.125
"840120","2829",0.125
"840120","3311",0.125
"840120","3312",0.125
"840120","3314",0.125
"840120","3320",0.125
"840130","2011",0.2
"840130","2100",0.2
"840130","2420",0.2
"840130","3812",0.2
"840130","3822",0.2
"840140","2513",0.333333333333333
"840140","3311",0.333333333333333
"840140","3320",0.333333333333333
"840211","2513",0.333333333333333
"840211","3311",0.333333333333333
"840211","3320",0.333333333333333
"840212","2513",0.333333333333333
"840212","3311",0.333333333333333
"840212","3320",0.333333333333333
"840219","2513",0.333333333333333
"840219","3311",0.333333333333333
"840219","3320",0.333333333333333
"840220","2513",0.333333333333333
"840220","3311",0.333333333333333
"840220","3320",0.333333333333333
"840290","2513",0.333333333333333
"840290","3311",0.333333333333333
"840290","3320",0.333333333333333
"840310","2750",0.333333333333333
"840310","2815",0.333333333333333
"840310","2819",0.333333333333333
"840390","2750",0.333333333333333
"840390","2815",0.333333333333333
"840390","2819",0.333333333333333
"840410","2513",0.333333333333333
"840410","3311",0.333333333333333
"840410","3320",0.333333333333333
"840420","2513",0.333333333333333
"840420","3311",0.333333333333333
"840420","3320",0.333333333333333
"840490","2513",0.333333333333333
"840490","3311",0.333333333333333
"840490","3320",0.333333333333333
"840510","2819",0.25
"840510","3250",0.25
"840510","3312",0.25
"840510","3320",0.25
"840590","2819",0.25
"840590","3250",0.25
"840590","3312",0.25
"840590","3320",0.25
"840611","2811",0.333333333333333
"840611","3312",0.333333333333333
"840611","3320",0.333333333333333
"840619","2811",0.333333333333333
"840619","3312",0.333333333333333
"840619","3320",0.333333333333333
"840690","2811",0.333333333333333
"840690","3312",0.333333333333333
"840690","3320",0.333333333333333
"840710","2811",0.25
"840710","2829",0.25
"840710","3030",0.25
"840710","3315",0.25
"840721","2811",0.333333333333333
"840721","3312",0.333333333333333
"840721","3320",0.333333333333333
"840729","2811",0.333333333333333
"840729","3312",0.333333333333333
"840729","3320",0.333333333333333
"840731","2910",1
"840732","2910",1
"840733","2910",1
"840734","2910",1
"840790","2811",0.333333333333333
"840790","3312",0.333333333333333
"840790","3320",0.333333333333333
"840810","2811",0.333333333333333
"840810","3312",0.333333333333333
"840810","3320",0.333333333333333
"840820","2910",1
"840890","2811",0.333333333333333
"840890","3312",0.333333333333333
"840890","3320",0.333333333333333
"840910","2811",0.25
"840910","2829",0.25
"840910","3030",0.25
"840910","3315",0.25
"840991","1392",0.333333333333333
"840991","2811",0.333333333333333
"840991","2930",0.333333333333333
"840999","1392",0.333333333333333
"840999","2811",0.333333333333333
"840999","2930",0.333333333333333
"841011","2811",0.333333333333333
"841011","3312",0.333333333333333
"841011","3320",0.333333333333333
"841012","2811",0.333333333333333
"841012","3312",0.333333333333333
"841012","3320",0.333333333333333
"841013","2811",0.333333333333333
"841013","3312",0.333333333333333
"841013","3320",0.333333333333333
"841090","2811",0.333333333333333
"841090","3312",0.333333333333333
"841090","3320",0.333333333333333
"841111","2811",0.25
"841111","2829",0.25
"841111","3030",0.25
"841111","3315",0.25
"841112","2811",0.25
"841112","2829",0.25
"841112","3030",0.25
"841112","3315",0.25
"841121","2811",0.25
"841121","2829",0.25
"841121","3030",0.25
"841121","3315",0.25
"841122","2811",0.25
"841122","2829",0.25
"841122","3030",0.25
"841122","3315",0.25
"841181","2811",0.333333333333333
"841181","3312",0.333333333333333
"841181","3320",0.333333333333333
"841182","2811",0.333333333333333
"841182","3312",0.333333333333333
"841182","3320",0.333333333333333
"841191","2811",0.25
"841191","2829",0.25
"841191","3030",0.25
"841191","3315",0.25
"841199","2811",0.333333333333333
"841199","3312",0.333333333333333
"841199","3320",0.333333333333333
"841210","2811",0.25
"841210","2829",0.25
"841210","3030",0.25
"841210","3315",0.25
"841221","2811",0.2
"841221","2812",0.2
"841221","2813",0.2
"841221","3312",0.2
"841221","3320",0.2
"841229","2811",0.2
"841229","2812",0.2
"841229","2813",0.2
"841229","3312",0.2
"841229","3320",0.2
"841231","2811",0.2
"841231","2812",0.2
"841231","2813",0.2
"841231","3312",0.2
"841231","3320",0.2
"841239","2811",0.2
"841239","2812",0.2
"841239","2813",0.2
"841239","3312",0.2
"841239","3320",0.2
"841280","2811",0.2
"841280","2812",0.2
"841280","2813",0.2
"841280","3312",0.2
"841280","3320",0.2
"841290","2811",0.2
"841290","2812",0.2
"841290","2813",0.2
"841290","3312",0.2
"841290","3320",0.2
"841311","2811",0.2
"841311","2812",0.2
"841311","2813",0.2
"841311","3312",0.2
"841311","3320",0.2
"841319","2811",0.2
"841319","2812",0.2
"841319","2813",0.2
"841319","3312",0.2
"841319","3320",0.2
"841320","2811",0.2
"841320","2812",0.2
"841320","2813",0.2
"841320","3312",0.2
"841320","3320",0.2
"841330","2811",0.2
"841330","2812",0.2
"841330","2813",0.2
"841330","3312",0.2
"841330","3320",0.2
"841340","2811",0.2
"841340","2812",0.2
"841340","2813",0.2
"841340","3312",0.2
"841340","3320",0.2
"841350","2811",0.2
"841350","2812",0.2
"841350","2813",0.2
"841350","3312",0.2
"841350","3320",0.2
"841360","2811",0.2
"841360","2812",0.2
"841360","2813",0.2
"841360","3312",0.2
"841360","3320",0.2
"841370","2811",0.2
"841370","2812",0.2
"841370","2813",0.2
"841370","3312",0.2
"841370","3320",0.2
"841381","2811",0.2
"841381","2812",0.2
"841381","2813",0.2
"841381","3312",0.2
"841381","3320",0.2
"841382","2811",0.2
"841382","2812",0.2
"841382","2813",0.2
"841382","3312",0.2
"841382","3320",0.2
"841391","2811",0.2
"841391","2812",0.2
"841391","2813",0.2
"841391","3312",0.2
"841391","3320",0.2
"841392","2811",0.2
"841392","2812",0.2
"841392","2813",0.2
"841392","3312",0.2
"841392","3320",0.2
"841410","2811",0.2
"841410","2812",0.2
"841410","2813",0.2
"841410","3312",0.2
"841410","3320",0.2
"841420","2811",0.2
"841420","2812",0.2
"841420","2813",0.2
"841420","3312",0.2
"841420","3320",0.2
"841430","2811",0.2
"841430","2812",0.2
"841430","2813",0.2
"841430","3312",0.2
"841430","3320",0.2
"841440","2811",0.2
"841440","2812",0.2
"841440","2813",0.2
"841440","3312",0.2
"841440","3320",0.2
"841451","2750",0.333333333333333
"841451","2815",0.333333333333333
"841451","2819",0.333333333333333
"841459","2819",0.25
"841459","3250",0.25
"841459","3312",0.25
"841459","3320",0.25
"841460","2750",0.333333333333333
"841460","2815",0.333333333333333
"841460","2819",0.333333333333333
"841480","2811",0.2
"841480","2812",0.2
"841480","2813",0.2
"841480","3312",0.2
"841480","3320",0.2
"841490","2811",0.2
"841490","2812",0.2
"841490","2813",0.2
"841490","3312",0.2
"841490","3320",0.2
"841510","2819",0.25
"841510","3250",0.25
"841510","3312",0.25
"841510","3320",0.25
"841581","2819",0.25
"841581","3250",0.25
"841581","3312",0.25
"841581","3320",0.25
"841582","2819",0.25
"841582","3250",0.25
"841582","3312",0.25
"841582","3320",0.25
"841583","2819",0.25
"841583","3250",0.25
"841583","3312",0.25
"841583","3320",0.25
"841590","2819",0.25
"841590","3250",0.25
"841590","3312",0.25
"841590","3320",0.25
"841610","2815",0.333333333333333
"841610","3312",0.333333333333333
"841610","3320",0.333333333333333
"841620","2815",0.333333333333333
"841620","3312",0.333333333333333
"841620","3320",0.333333333333333
"841630","2815",0.333333333333333
"841630","3312",0.333333333333333
"841630","3320",0.333333333333333
"841690","2815",0.333333333333333
"841690","3312",0.333333333333333
"841690","3320",0.333333333333333
"841710","2815",0.333333333333333
"841710","3312",0.333333333333333
"841710","3320",0.333333333333333
"841720","2825",0.333333333333333
"841720","3312",0.333333333333333
"841720","3320",0.333333333333333
"841780","2815",0.333333333333333
"841780","3312",0.333333333333333
"841780","3320",0.333333333333333
"841790","2815",0.333333333333333
"841790","3312",0.333333333333333
"841790","3320",0.333333333333333
"841810","2750",0.333333333333333
"841810","2815",0.333333333333333
"841810","2819",0.333333333333333
"841821","2750",0.333333333333333
"841821","2815",0.333333333333333
"841821","2819",0.333333333333333
"841822","2750",0.333333333333333
"841822","2815",0.333333333333333
"841822","2819",0.333333333333333
"841829","2750",0.333333333333333
"841829","2815",0.333333333333333
"841829","2819",0.333333333333333
"841830","2750",0.333333333333333
"841830","2815",0.333333333333333
"841830","2819",0.333333333333333
"841840","2750",0.333333333333333
"841840","2815",0.333333333333333
"841840","2819",0.333333333333333
"841850","2819",0.25
"841850","3250",0.25
"841850","3312",0.25
"841850","3320",0.25
"841861","2819",0.25
"841861","3250",0.25
"841861","3312",0.25
"841861","3320",0.25
"841869","2819",0.25
"841869","3250",0.25
"841869","3312",0.25
"841869","3320",0.25
"841891","2819",0.25
"841891","3250",0.25
"841891","3312",0.25
"841891","3320",0.25
"841899","2819",0.25
"841899","3250",0.25
"841899","3312",0.25
"841899","3320",0.25
"841911","2750",0.333333333333333
"841911","2815",0.333333333333333
"841911","2819",0.333333333333333
"841919","2750",0.333333333333333
"841919","2815",0.333333333333333
"841919","2819",0.333333333333333
"841920","2660",0.166666666666667
"841920","3250",0.166666666666667
"841920","3290",0.166666666666667
"841920","3313",0.166666666666667
"841920","3319",0.166666666666667
"841920","3320",0.166666666666667
"841931","2825",0.333333333333333
"841931","3312",0.333333333333333
"841931","3320",0.333333333333333
"841932","2593",0.125
"841932","2790",0.125
"841932","2826",0.125
"841932","2829",0.125
"841932","3311",0.125
"841932","3312",0.125
"841932","3314",0.125
"841932","3320",0.125
"841939","2593",0.125
"841939","2790",0.125
"841939","2826",0.125
"841939","2829",0.125
"841939","3311",0.125
"841939","3312",0.125
"841939","3314",0.125
"841939","3320",0.125
"841940","2819",0.25
"841940","3250",0.25
"841940","3312",0.25
"841940","3320",0.25
"841950","2819",0.25
"841950","3250",0.25
"841950","3312",0.25
"841950","3320",0.25
"841960","2819",0.25
"841960","3250",0.25
"841960","3312",0.25
"841960","3320",0.25
"841981","2825",0.333333333333333
"841981","3312",0.333333333333333
"841981","3320",0.333333333333333
"841989","2819",0.25
"841989","3250",0.25
"841989","3312",0.25
"841989","3320",0.25
"841990","2819",0.25
"841990","3250",0.25
"841990","3312",0.25
"841990","3320",0.25
"842010","2819",0.25
"842010","3250",0.25
"842010","3312",0.25
"842010","3320",0.25
"842091","2819",0.25
"842091","3250",0.25
"842091","3312",0.25
"842091","3320",0.25
"842099","2819",0.25
"842099","3250",0.25
"842099","3312",0.25
"842099","3320",0.25
"842111","2825",0.333333333333333
"842111","3312",0.333333333333333
"842111","3320",0.333333333333333
"842112","2593",0.125
"842112","2790",0.125
"842112","2826",0.125
"842112","2829",0.125
"842112","3311",0.125
"842112","3312",0.125
"842112","3314",0.125
"842112","3320",0.125
"842119","2819",0.25
"842119","3250",0.25
"842119","3312",0.25
"842119","3320",0.25
"842121","2819",0.25
"842121","3250",0.25
"842121","3312",0.25
"842121","3320",0.25
"842122","2819",0.25
"842122","3250",0.25
"842122","3312",0.25
"842122","3320",0.25
"842123","2819",0.25
"842123","3250",0.25
"842123","3312",0.25
"842123","3320",0.25
"842129","2819",0.25
"842129","3250",0.25
"842129","3312",0.25
"842129","3320",0.25
"842131","2819",0.25
"842131","3250",0.25
"842131","3312",0.25
"842131","3320",0.25
"842139","2819",0.25
"842139","3250",0.25
"842139","3312",0.25
"842139","3320",0.25
"842191","2819",0.25
"842191","3250",0.25
"842191","3312",0.25
"842191","3320",0.25
"842199","2819",0.25
"842199","3250",0.25
"842199","3312",0.25
"842199","3320",0.25
"842211","2750",0.333333333333333
"842211","2815",0.333333333333333
"842211","2819",0.333333333333333
"842219","2599",0.0909090909090909
"842219","2630",0.0909090909090909
"842219","2651",0.0909090909090909
"842219","2733",0.0909090909090909
"842219","2740",0.0909090909090909
"842219","2790",0.0909090909090909
"842219","2822",0.0909090909090909
"842219","2930",0.0909090909090909
"842219","3020",0.0909090909090909
"842219","3313",0.0909090909090909
"842219","3314",0.0909090909090909
"842220","2819",0.25
"842220","3250",0.25
"842220","3312",0.25
"842220","3320",0.25
"842230","2819",0.25
"842230","3250",0.25
"842230","3312",0.25
"842230","3320",0.25
"842240","2819",0.25
"842240","3250",0.25
"842240","3312",0.25
"842240","3320",0.25
"842290","2819",0.25
"842290","3250",0.25
"842290","3312",0.25
"842290","3320",0.25
"842310","2819",0.25
"842310","3250",0.25
"842310","3312",0.25
"842310","3320",0.25
"842320","2819",0.25
"842320","3250",0.25
"842320","3312",0.25
"842320","3320",0.25
"842330","2819",0.25
"842330","3250",0.25
"842330","3312",0.25
"842330","3320",0.25
"842381","2819",0.25
"842381","3250",0.25
"842381","3312",0.25
"842381","3320",0.25
"842382","2819",0.25
"842382","3250",0.25
"842382","3312",0.25
"842382","3320",0.25
"842389","2819",0.25
"842389","3250",0.25
"842389","3312",0.25
"842389","3320",0.25
"842390","2819",0.25
"842390","3250",0.25
"842390","3312",0.25
"842390","3320",0.25
"842410","2819",0.25
"842410","3250",0.25
"842410","3312",0.25
"842410","3320",0.25
"842420","2819",0.25
"842420","3250",0.25
"842420","3312",0.25
"842420","3320",0.25
"842430","2819",0.25
"842430","3250",0.25
"842430","3312",0.25
"842430","3320",0.25
"842481","2821",0.333333333333333
"842481","3312",0.333333333333333
"842481","3320",0.333333333333333
"842489","2819",0.25
"842489","3250",0.25
"842489","3312",0.25
"842489","3320",0.25
"842490","2819",0.25
"842490","3250",0.25
"842490","3312",0.25
"842490","3320",0.25
"842511","2816",0.333333333333333
"842511","3312",0.333333333333333
"842511","3320",0.333333333333333
"842519","2816",0.333333333333333
"842519","3312",0.333333333333333
"842519","3320",0.333333333333333
"842520","2816",0.333333333333333
"842520","3312",0.333333333333333
"842520","3320",0.333333333333333
"842531","2816",0.333333333333333
"842531","3312",0.333333333333333
"842531","3320",0.333333333333333
"842539","2816",0.333333333333333
"842539","3312",0.333333333333333
"842539","3320",0.333333333333333
"842541","2816",0.333333333333333
"842541","3312",0.333333333333333
"842541","3320",0.333333333333333
"842542","2816",0.333333333333333
"842542","3312",0.333333333333333
"842542","3320",0.333333333333333
"842549","2816",0.333333333333333
"842549","3312",0.333333333333333
"842549","3320",0.333333333333333
"842611","2816",0.333333333333333
"842611","3312",0.333333333333333
"842611","3320",0.333333333333333
"842612","2816",0.333333333333333
"842612","3312",0.333333333333333
"842612","3320",0.333333333333333
"842619","2816",0.333333333333333
"842619","3312",0.333333333333333
"842619","3320",0.333333333333333
"842620","2816",0.333333333333333
"842620","3312",0.333333333333333
"842620","3320",0.333333333333333
"842630","2816",0.333333333333333
"842630","3312",0.333333333333333
"842630","3320",0.333333333333333
"842641","2816",0.333333333333333
"842641","3312",0.333333333333333
"842641","3320",0.333333333333333
"842649","2816",0.333333333333333
"842649","3312",0.333333333333333
"842649","3320",0.333333333333333
"842691","2816",0.333333333333333
"842691","3312",0.333333333333333
"842691","3320",0.333333333333333
"842699","2816",0.333333333333333
"842699","3312",0.333333333333333
"842699","3320",0.333333333333333
"842710","2816",0.333333333333333
"842710","3312",0.333333333333333
"842710","3320",0.333333333333333
"842720","2816",0.333333333333333
"842720","3312",0.333333333333333
"842720","3320",0.333333333333333
"842790","2816",0.333333333333333
"842790","3312",0.333333333333333
"842790","3320",0.333333333333333
"842810","2816",0.333333333333333
"842810","3312",0.333333333333333
"842810","3320",0.333333333333333
"842820","2816",0.333333333333333
"842820","3312",0.333333333333333
"842820","3320",0.333333333333333
"842831","2824",0.333333333333333
"842831","3312",0.333333333333333
"842831","3320",0.333333333333333
"842832","2816",0.333333333333333
"842832","3312",0.333333333333333
"842832","3320",0.333333333333333
"842833","2816",0.333333333333333
"842833","3312",0.333333333333333
"842833","3320",0.333333333333333
"842839","2816",0.333333333333333
"842839","3312",0.333333333333333
"842839","3320",0.333333333333333
"842840","2816",0.333333333333333
"842840","3312",0.333333333333333
"842840","3320",0.333333333333333
"842850","2816",0.333333333333333
"842850","3312",0.333333333333333
"842850","3320",0.333333333333333
"842860","2816",0.333333333333333
"842860","3312",0.333333333333333
"842860","3320",0.333333333333333
"842890","2816",0.333333333333333
"842890","3312",0.333333333333333
"842890","3320",0.333333333333333
"842911","2824",0.333333333333333
"842911","3312",0.333333333333333
"842911","3320",0.333333333333333
"842919","2824",0.333333333333333
"842919","3312",0.333333333333333
"842919","3320",0.333333333333333
"842920","2824",0.333333333333333
"842920","3312",0.333333333333333
"842920","3320",0.333333333333333
"842930","2824",0.333333333333333
"842930","3312",0.333333333333333
"842930","3320",0.333333333333333
"842940","2824",0.333333333333333
"842940","3312",0.333333333333333
"842940","3320",0.333333333333333
"842951","2824",0.333333333333333
"842951","3312",0.333333333333333
"842951","3320",0.333333333333333
"842952","2824",0.333333333333333
"842952","3312",0.333333333333333
"842952","3320",0.333333333333333
"842959","2824",0.333333333333333
"842959","3312",0.333333333333333
"842959","3320",0.333333333333333
"843010","2824",0.333333333333333
"843010","3312",0.333333333333333
"843010","3320",0.333333333333333
"843020","2824",0.333333333333333
"843020","3312",0.333333333333333
"843020","3320",0.333333333333333
"843031","2824",0.333333333333333
"843031","3312",0.333333333333333
"843031","3320",0.333333333333333
"843039","2824",0.333333333333333
"843039","3312",0.333333333333333
"843039","3320",0.333333333333333
"843041","2824",0.333333333333333
"843041","3312",0.333333333333333
"843041","3320",0.333333333333333
"843049","2824",0.333333333333333
"843049","3312",0.333333333333333
"843049","3320",0.333333333333333
"843050","2824",0.333333333333333
"843050","3312",0.333333333333333
"843050","3320",0.333333333333333
"843061","2824",0.333333333333333
"843061","3312",0.333333333333333
"843061","3320",0.333333333333333
"843062","2824",0.333333333333333
"843062","3312",0.333333333333333
"843062","3320",0.333333333333333
"843069","2824",0.333333333333333
"843069","3312",0.333333333333333
"843069","3320",0.333333333333333
"843110","2816",0.333333333333333
"843110","3312",0.333333333333333
"843110","3320",0.333333333333333
"843120","2816",0.333333333333333
"843120","3312",0.333333333333333
"843120","3320",0.333333333333333
"843131","2816",0.333333333333333
"843131","3312",0.333333333333333
"843131","3320",0.333333333333333
"843139","2816",0.333333333333333
"843139","3312",0.333333333333333
"843139","3320",0.333333333333333
"843141","2816",0.333333333333333
"843141","3312",0.333333333333333
"843141","3320",0.333333333333333
"843142","2824",0.333333333333333
"843142","3312",0.333333333333333
"843142","3320",0.333333333333333
"843143","2824",0.333333333333333
"843143","3312",0.333333333333333
"843143","3320",0.333333333333333
"843149","2824",0.333333333333333
"843149","3312",0.333333333333333
"843149","3320",0.333333333333333
"843210","2821",0.333333333333333
"843210","3312",0.333333333333333
"843210","3320",0.333333333333333
"843221","2821",0.333333333333333
"843221","3312",0.333333333333333
"843221","3320",0.333333333333333
"843229","2821",0.333333333333333
"843229","3312",0.333333333333333
"843229","3320",0.333333333333333
"843230","2821",0.333333333333333
"843230","3312",0.333333333333333
"843230","3320",0.333333333333333
"843240","2821",0.333333333333333
"843240","3312",0.333333333333333
"843240","3320",0.333333333333333
"843280","2821",0.333333333333333
"843280","3312",0.333333333333333
"843280","3320",0.333333333333333
"843290","2821",0.333333333333333
"843290","3312",0.333333333333333
"843290","3320",0.333333333333333
"843311","2821",0.333333333333333
"843311","3312",0.333333333333333
"843311","3320",0.333333333333333
"843319","2821",0.333333333333333
"843319","3312",0.333333333333333
"843319","3320",0.333333333333333
"843320","2821",0.333333333333333
"843320","3312",0.333333333333333
"843320","3320",0.333333333333333
"843330","2821",0.333333333333333
"843330","3312",0.333333333333333
"843330","3320",0.333333333333333
"843340","2821",0.333333333333333
"843340","3312",0.333333333333333
"843340","3320",0.333333333333333
"843351","2821",0.333333333333333
"843351","3312",0.333333333333333
"843351","3320",0.333333333333333
"843352","2821",0.333333333333333
"843352","3312",0.333333333333333
"843352","3320",0.333333333333333
"843353","2821",0.333333333333333
"843353","3312",0.333333333333333
"843353","3320",0.333333333333333
"843359","2821",0.333333333333333
"843359","3312",0.333333333333333
"843359","3320",0.333333333333333
"843360","2821",0.333333333333333
"843360","3312",0.333333333333333
"843360","3320",0.333333333333333
"843390","2821",0.333333333333333
"843390","3312",0.333333333333333
"843390","3320",0.333333333333333
"843410","2821",0.333333333333333
"843410","3312",0.333333333333333
"843410","3320",0.333333333333333
"843420","2825",0.333333333333333
"843420","3312",0.333333333333333
"843420","3320",0.333333333333333
"843490","2825",0.333333333333333
"843490","3312",0.333333333333333
"843490","3320",0.333333333333333
"843510","2825",0.333333333333333
"843510","3312",0.333333333333333
"843510","3320",0.333333333333333
"843590","2825",0.333333333333333
"843590","3312",0.333333333333333
"843590","3320",0.333333333333333
"843610","2821",0.333333333333333
"843610","3312",0.333333333333333
"843610","3320",0.333333333333333
"843621","2821",0.333333333333333
"843621","3312",0.333333333333333
"843621","3320",0.333333333333333
"843629","2821",0.333333333333333
"843629","3312",0.333333333333333
"843629","3320",0.333333333333333
"843680","2821",0.333333333333333
"843680","3312",0.333333333333333
"843680","3320",0.333333333333333
"843691","2821",0.333333333333333
"843691","3312",0.333333333333333
"843691","3320",0.333333333333333
"843699","2821",0.333333333333333
"843699","3312",0.333333333333333
"843699","3320",0.333333333333333
"843710","2821",0.333333333333333
"843710","3312",0.333333333333333
"843710","3320",0.333333333333333
"843780","2825",0.333333333333333
"843780","3312",0.333333333333333
"843780","3320",0.333333333333333
"843790","2825",0.333333333333333
"843790","3312",0.333333333333333
"843790","3320",0.333333333333333
"843810","2825",0.333333333333333
"843810","3312",0.333333333333333
"843810","3320",0.333333333333333
"843820","2825",0.333333333333333
"843820","3312",0.333333333333333
"843820","3320",0.333333333333333
"843830","2825",0.333333333333333
"843830","3312",0.333333333333333
"843830","3320",0.333333333333333
"843840","2825",0.333333333333333
"843840","3312",0.333333333333333
"843840","3320",0.333333333333333
"843850","2825",0.333333333333333
"843850","3312",0.333333333333333
"843850","3320",0.333333333333333
"843860","2825",0.333333333333333
"843860","3312",0.333333333333333
"843860","3320",0.333333333333333
"843880","2825",0.333333333333333
"843880","3312",0.333333333333333
"843880","3320",0.333333333333333
"843890","2825",0.333333333333333
"843890","3312",0.333333333333333
"843890","3320",0.333333333333333
"843910","2593",0.125
"843910","2790",0.125
"843910","2826",0.125
"843910","2829",0.125
"843910","3311",0.125
"843910","3312",0.125
"843910","3314",0.125
"843910","3320",0.125
"843920","2593",0.125
"843920","2790",0.125
"843920","2826",0.125
"843920","2829",0.125
"843920","3311",0.125
"843920","3312",0.125
"843920","3314",0.125
"843920","3320",0.125
"843930","2593",0.125
"843930","2790",0.125
"843930","2826",0.125
"843930","2829",0.125
"843930","3311",0.125
"843930","3312",0.125
"843930","3314",0.125
"843930","3320",0.125
"843991","2593",0.125
"843991","2790",0.125
"843991","2826",0.125
"843991","2829",0.125
"843991","3311",0.125
"843991","3312",0.125
"843991","3314",0.125
"843991","3320",0.125
"843999","2593",0.125
"843999","2790",0.125
"843999","2826",0.125
"843999","2829",0.125
"843999","3311",0.125
"843999","3312",0.125
"843999","3314",0.125
"843999","3320",0.125
"844010","2593",0.125
"844010","2790",0.125
"844010","2826",0.125
"844010","2829",0.125
"844010","3311",0.125
"844010","3312",0.125
"844010","3314",0.125
"844010","3320",0.125
"844090","2593",0.125
"844090","2790",0.125
"844090","2826",0.125
"844090","2829",0.125
"844090","3311",0.125
"844090","3312",0.125
"844090","3314",0.125
"844090","3320",0.125
"844110","2593",0.125
"844110","2790",0.125
"844110","2826",0.125
"844110","2829",0.125
"844110","3311",0.125
"844110","3312",0.125
"844110","3314",0.125
"844110","3320",0.125
"844120","2593",0.125
"844120","2790",0.125
"844120","2826",0.125
"844120","2829",0.125
"844120","3311",0.125
"844120","3312",0.125
"844120","3314",0.125
"844120","3320",0.125
"844130","2593",0.125
"844130","2790",0.125
"844130","2826",0.125
"844130","2829",0.125
"844130","3311",0.125
"844130","3312",0.125
"844130","3314",0.125
"844130","3320",0.125
"844140","2593",0.125
"844140","2790",0.125
"844140","2826",0.125
"844140","2829",0.125
"844140","3311",0.125
"844140","3312",0.125
"844140","3314",0.125
"844140","3320",0.125
"844180","2593",0.125
"844180","2790",0.125
"844180","2826",0.125
"844180","2829",0.125
"844180","3311",0.125
"844180","3312",0.125
"844180","3314",0.125
"844180","3320",0.125
"844190","2593",0.125
"844190","2790",0.125
"844190","2826",0.125
"844190","2829",0.125
"844190","3311",0.125
"844190","3312",0.125
"844190","3314",0.125
"844190","3320",0.125
"844210","2593",0.125
"844210","2790",0.125
"844210","2826",0.125
"844210","2829",0.125
"844210","3311",0.125
"844210","3312",0.125
"844210","3314",0.125
"844210","3320",0.125
"844220","2593",0.125
"844220","2790",0.125
"844220","2826",0.125
"844220","2829",0.125
"844220","3311",0.125
"844220","3312",0.125
"844220","3314",0.125
"844220","3320",0.125
"844230","2593",0.125
"844230","2790",0.125
"844230","2826",0.125
"844230","2829",0.125
"844230","3311",0.125
"844230","3312",0.125
"844230","3314",0.125
"844230","3320",0.125
"844240","2593",0.125
"844240","2790",0.125
"844240","2826",0.125
"844240","2829",0.125
"844240","3311",0.125
"844240","3312",0.125
"844240","3314",0.125
"844240","3320",0.125
"844250","1812",1
"844311","2593",0.125
"844311","2790",0.125
"844311","2826",0.125
"844311","2829",0.125
"844311","3311",0.125
"844311","3312",0.125
"844311","3314",0.125
"844311","3320",0.125
"844312","2610",0.25
"844312","2620",0.25
"844312","2817",0.25
"844312","3320",0.25
"844319","2593",0.125
"844319","2790",0.125
"844319","2826",0.125
"844319","2829",0.125
"844319","3311",0.125
"844319","3312",0.125
"844319","3314",0.125
"844319","3320",0.125
"844321","2593",0.125
"844321","2790",0.125
"844321","2826",0.125
"844321","2829",0.125
"844321","3311",0.125
"844321","3312",0.125
"844321","3314",0.125
"844321","3320",0.125
"844329","2593",0.125
"844329","2790",0.125
"844329","2826",0.125
"844329","2829",0.125
"844329","3311",0.125
"844329","3312",0.125
"844329","3314",0.125
"844329","3320",0.125
"844330","2593",0.125
"844330","2790",0.125
"844330","2826",0.125
"844330","2829",0.125
"844330","3311",0.125
"844330","3312",0.125
"844330","3314",0.125
"844330","3320",0.125
"844340","2593",0.125
"844340","2790",0.125
"844340","2826",0.125
"844340","2829",0.125
"844340","3311",0.125
"844340","3312",0.125
"844340","3314",0.125
"844340","3320",0.125
"844350","2593",0.125
"844350","2790",0.125
"844350","2826",0.125
"844350","2829",0.125
"844350","3311",0.125
"844350","3312",0.125
"844350","3314",0.125
"844350","3320",0.125
"844360","2593",0.125
"844360","2790",0.125
"844360","2826",0.125
"844360","2829",0.125
"844360","3311",0.125
"844360","3312",0.125
"844360","3314",0.125
"844360","3320",0.125
"844390","2593",0.125
"844390","2790",0.125
"844390","2826",0.125
"844390","2829",0.125
"844390","3311",0.125
"844390","3312",0.125
"844390","3314",0.125
"844390","3320",0.125
"844400","2826",0.333333333333333
"844400","3312",0.333333333333333
"844400","3320",0.333333333333333
"844511","2826",0.333333333333333
"844511","3312",0.333333333333333
"844511","3320",0.333333333333333
"844512","2826",0.333333333333333
"844512","3312",0.333333333333333
"844512","3320",0.333333333333333
"844513","2826",0.333333333333333
"844513","3312",0.333333333333333
"844513","3320",0.333333333333333
"844519","2826",0.333333333333333
"844519","3312",0.333333333333333
"844519","3320",0.333333333333333
"844520","2826",0.333333333333333
"844520","3312",0.333333333333333
"844520","3320",0.333333333333333
"844530","2826",0.333333333333333
"844530","3312",0.333333333333333
"844530","3320",0.333333333333333
"844540","2826",0.333333333333333
"844540","3312",0.333333333333333
"844540","3320",0.333333333333333
"844590","2826",0.333333333333333
"844590","3312",0.333333333333333
"844590","3320",0.333333333333333
"844610","2826",0.333333333333333
"844610","3312",0.333333333333333
"844610","3320",0.333333333333333
"844621","2826",0.333333333333333
"844621","3312",0.333333333333333
"844621","3320",0.333333333333333
"844629","2826",0.333333333333333
"844629","3312",0.333333333333333
"844629","3320",0.333333333333333
"844630","2826",0.333333333333333
"844630","3312",0.333333333333333
"844630","3320",0.333333333333333
"844711","2826",0.333333333333333
"844711","3312",0.333333333333333
"844711","3320",0.333333333333333
"844712","2826",0.333333333333333
"844712","3312",0.333333333333333
"844712","3320",0.333333333333333
"844720","2826",0.333333333333333
"844720","3312",0.333333333333333
"844720","3320",0.333333333333333
"844790","2826",0.333333333333333
"844790","3312",0.333333333333333
"844790","3320",0.333333333333333
"844811","2826",0.333333333333333
"844811","3312",0.333333333333333
"844811","3320",0.333333333333333
"844819","2826",0.333333333333333
"844819","3312",0.333333333333333
"844819","3320",0.333333333333333
"844820","2826",0.333333333333333
"844820","3312",0.333333333333333
"844820","3320",0.333333333333333
"844831","2826",0.333333333333333
"844831","3312",0.333333333333333
"844831","3320",0.333333333333333
"844832","2826",0.333333333333333
"844832","3312",0.333333333333333
"844832","3320",0.333333333333333
"844833","2826",0.333333333333333
"844833","3312",0.333333333333333
"844833","3320",0.333333333333333
"844839","2826",0.333333333333333
"844839","3312",0.333333333333333
"844839","3320",0.333333333333333
"844841","2826",0.333333333333333
"844841","3312",0.333333333333333
"844841","3320",0.333333333333333
"844842","2826",0.333333333333333
"844842","3312",0.333333333333333
"844842","3320",0.333333333333333
"844849","2826",0.333333333333333
"844849","3312",0.333333333333333
"844849","3320",0.333333333333333
"844851","2826",0.333333333333333
"844851","3312",0.333333333333333
"844851","3320",0.333333333333333
"844859","2826",0.333333333333333
"844859","3312",0.333333333333333
"844859","3320",0.333333333333333
"844900","2826",0.333333333333333
"844900","3312",0.333333333333333
"844900","3320",0.333333333333333
"845011","2750",0.333333333333333
"845011","2815",0.333333333333333
"845011","2819",0.333333333333333
"845012","2750",0.333333333333333
"845012","2815",0.333333333333333
"845012","2819",0.333333333333333
"845019","2750",0.333333333333333
"845019","2815",0.333333333333333
"845019","2819",0.333333333333333
"845020","2826",0.333333333333333
"845020","3312",0.333333333333333
"845020","3320",0.333333333333333
"845090","2826",0.333333333333333
"845090","3312",0.333333333333333
"845090","3320",0.333333333333333
"845110","2826",0.333333333333333
"845110","3312",0.333333333333333
"845110","3320",0.333333333333333
"845121","2750",0.333333333333333
"845121","2815",0.333333333333333
"845121","2819",0.333333333333333
"845129","2826",0.333333333333333
"845129","3312",0.333333333333333
"845129","3320",0.333333333333333
"845130","2826",0.333333333333333
"845130","3312",0.333333333333333
"845130","3320",0.333333333333333
"845140","2826",0.333333333333333
"845140","3312",0.333333333333333
"845140","3320",0.333333333333333
"845150","2826",0.333333333333333
"845150","3312",0.333333333333333
"845150","3320",0.333333333333333
"845180","2826",0.333333333333333
"845180","3312",0.333333333333333
"845180","3320",0.333333333333333
"845190","2826",0.333333333333333
"845190","3312",0.333333333333333
"845190","3320",0.333333333333333
"845210","2826",0.333333333333333
"845210","3312",0.333333333333333
"845210","3320",0.333333333333333
"845221","2826",0.333333333333333
"845221","3312",0.333333333333333
"845221","3320",0.333333333333333
"845229","2826",0.333333333333333
"845229","3312",0.333333333333333
"845229","3320",0.333333333333333
"845230","2826",0.333333333333333
"845230","3312",0.333333333333333
"845230","3320",0.333333333333333
"845240","2826",0.333333333333333
"845240","3312",0.333333333333333
"845240","3320",0.333333333333333
"845290","2826",0.333333333333333
"845290","3312",0.333333333333333
"845290","3320",0.333333333333333
"845310","2826",0.333333333333333
"845310","3312",0.333333333333333
"845310","3320",0.333333333333333
"845320","2826",0.333333333333333
"845320","3312",0.333333333333333
"845320","3320",0.333333333333333
"845380","2826",0.333333333333333
"845380","3312",0.333333333333333
"845380","3320",0.333333333333333
"845390","2826",0.333333333333333
"845390","3312",0.333333333333333
"845390","3320",0.333333333333333
"845410","2823",0.333333333333333
"845410","3312",0.333333333333333
"845410","3320",0.333333333333333
"845420","2823",0.333333333333333
"845420","3312",0.333333333333333
"845420","3320",0.333333333333333
"845430","2823",0.333333333333333
"845430","3312",0.333333333333333
"845430","3320",0.333333333333333
"845490","2823",0.333333333333333
"845490","3312",0.333333333333333
"845490","3320",0.333333333333333
"845510","2823",0.333333333333333
"845510","3312",0.333333333333333
"845510","3320",0.333333333333333
"845521","2823",0.333333333333333
"845521","3312",0.333333333333333
"845521","3320",0.333333333333333
"845522","2823",0.333333333333333
"845522","3312",0.333333333333333
"845522","3320",0.333333333333333
"845530","2823",0.333333333333333
"845530","3312",0.333333333333333
"845530","3320",0.333333333333333
"845590","2823",0.333333333333333
"845590","3312",0.333333333333333
"845590","3320",0.333333333333333
"845610","2790",0.142857142857143
"845610","2818",0.142857142857143
"845610","2819",0.142857142857143
"845610","2822",0.142857142857143
"845610","3312",0.142857142857143
"845610","3314",0.142857142857143
"845610","3320",0.142857142857143
"845620","2790",0.142857142857143
"845620","2818",0.142857142857143
"845620","2819",0.142857142857143
"845620","2822",0.142857142857143
"845620","3312",0.142857142857143
"845620","3314",0.142857142857143
"845620","3320",0.142857142857143
"845630","2790",0.142857142857143
"845630","2818",0.142857142857143
"845630","2819",0.142857142857143
"845630","2822",0.142857142857143
"845630","3312",0.142857142857143
"845630","3314",0.142857142857143
"845630","3320",0.142857142857143
"845690","2790",0.142857142857143
"845690","2818",0.142857142857143
"845690","2819",0.142857142857143
"845690","2822",0.142857142857143
"845690","3312",0.142857142857143
"845690","3314",0.142857142857143
"845690","3320",0.142857142857143
"845710","2790",0.142857142857143
"845710","2818",0.142857142857143
"845710","2819",0.142857142857143
"845710","2822",0.142857142857143
"845710","3312",0.142857142857143
"845710","3314",0.142857142857143
"845710","3320",0.142857142857143
"845720","2790",0.142857142857143
"845720","2818",0.142857142857143
"845720","2819",0.142857142857143
"845720","2822",0.142857142857143
"845720","3312",0.142857142857143
"845720","3314",0.142857142857143
"845720","3320",0.142857142857143
"845730","2790",0.142857142857143
"845730","2818",0.142857142857143
"845730","2819",0.142857142857143
"845730","2822",0.142857142857143
"845730","3312",0.142857142857143
"845730","3314",0.142857142857143
"845730","3320",0.142857142857143
"845811","2790",0.142857142857143
"845811","2818",0.142857142857143
"845811","2819",0.142857142857143
"845811","2822",0.142857142857143
"845811","3312",0.142857142857143
"845811","3314",0.142857142857143
"845811","3320",0.142857142857143
"845819","2790",0.142857142857143
"845819","2818",0.142857142857143
"845819","2819",0.142857142857143
"845819","2822",0.142857142857143
"845819","3312",0.142857142857143
"845819","3314",0.142857142857143
"845819","3320",0.142857142857143
"845891","2790",0.142857142857143
"845891","2818",0.142857142857143
"845891","2819",0.142857142857143
"845891","2822",0.142857142857143
"845891","3312",0.142857142857143
"845891","3314",0.142857142857143
"845891","3320",0.142857142857143
"845899","2790",0.142857142857143
"845899","2818",0.142857142857143
"845899","2819",0.142857142857143
"845899","2822",0.142857142857143
"845899","3312",0.142857142857143
"845899","3314",0.142857142857143
"845899","3320",0.142857142857143
"845910","2790",0.142857142857143
"845910","2818",0.142857142857143
"845910","2819",0.142857142857143
"845910","2822",0.142857142857143
"845910","3312",0.142857142857143
"845910","3314",0.142857142857143
"845910","3320",0.142857142857143
"845921","2790",0.142857142857143
"845921","2818",0.142857142857143
"845921","2819",0.142857142857143
"845921","2822",0.142857142857143
"845921","3312",0.142857142857143
"845921","3314",0.142857142857143
"845921","3320",0.142857142857143
"845929","2790",0.142857142857143
"845929","2818",0.142857142857143
"845929","2819",0.142857142857143
"845929","2822",0.142857142857143
"845929","3312",0.142857142857143
"845929","3314",0.142857142857143
"845929","3320",0.142857142857143
"845931","2790",0.142857142857143
"845931","2818",0.142857142857143
"845931","2819",0.142857142857143
"845931","2822",0.142857142857143
"845931","3312",0.142857142857143
"845931","3314",0.142857142857143
"845931","3320",0.142857142857143
"845939","2790",0.142857142857143
"845939","2818",0.142857142857143
"845939","2819",0.142857142857143
"845939","2822",0.142857142857143
"845939","3312",0.142857142857143
"845939","3314",0.142857142857143
"845939","3320",0.142857142857143
"845940","2790",0.142857142857143
"845940","2818",0.142857142857143
"845940","2819",0.142857142857143
"845940","2822",0.142857142857143
"845940","3312",0.142857142857143
"845940","3314",0.142857142857143
"845940","3320",0.142857142857143
"845951","2790",0.142857142857143
"845951","2818",0.142857142857143
"845951","2819",0.142857142857143
"845951","2822",0.142857142857143
"845951","3312",0.142857142857143
"845951","3314",0.142857142857143
"845951","3320",0.142857142857143
"845959","2790",0.142857142857143
"845959","2818",0.142857142857143
"845959","2819",0.142857142857143
"845959","2822",0.142857142857143
"845959","3312",0.142857142857143
"845959","3314",0.142857142857143
"845959","3320",0.142857142857143
"845961","2790",0.142857142857143
"845961","2818",0.142857142857143
"845961","2819",0.142857142857143
"845961","2822",0.142857142857143
"845961","3312",0.142857142857143
"845961","3314",0.142857142857143
"845961","3320",0.142857142857143
"845969","2790",0.142857142857143
"845969","2818",0.142857142857143
"845969","2819",0.142857142857143
"845969","2822",0.142857142857143
"845969","3312",0.142857142857143
"845969","3314",0.142857142857143
"845969","3320",0.142857142857143
"845970","2790",0.142857142857143
"845970","2818",0.142857142857143
"845970","2819",0.142857142857143
"845970","2822",0.142857142857143
"845970","3312",0.142857142857143
"845970","3314",0.142857142857143
"845970","3320",0.142857142857143
"846011","2790",0.142857142857143
"846011","2818",0.142857142857143
"846011","2819",0.142857142857143
"846011","2822",0.142857142857143
"846011","3312",0.142857142857143
"846011","3314",0.142857142857143
"846011","3320",0.142857142857143
"846019","2790",0.142857142857143
"846019","2818",0.142857142857143
"846019","2819",0.142857142857143
"846019","2822",0.142857142857143
"846019","3312",0.142857142857143
"846019","3314",0.142857142857143
"846019","3320",0.142857142857143
"846021","2790",0.142857142857143
"846021","2818",0.142857142857143
"846021","2819",0.142857142857143
"846021","2822",0.142857142857143
"846021","3312",0.142857142857143
"846021","3314",0.142857142857143
"846021","3320",0.142857142857143
"846029","2790",0.142857142857143
"846029","2818",0.142857142857143
"846029","2819",0.142857142857143
"846029","2822",0.142857142857143
"846029","3312",0.142857142857143
"846029","3314",0.142857142857143
"846029","3320",0.142857142857143
"846031","2790",0.142857142857143
"846031","2818",0.142857142857143
"846031","2819",0.142857142857143
"846031","2822",0.142857142857143
"846031","3312",0.142857142857143
"846031","3314",0.142857142857143
"846031","3320",0.142857142857143
"846039","2790",0.142857142857143
"846039","2818",0.142857142857143
"846039","2819",0.142857142857143
"846039","2822",0.142857142857143
"846039","3312",0.142857142857143
"846039","3314",0.142857142857143
"846039","3320",0.142857142857143
"846040","2790",0.142857142857143
"846040","2818",0.142857142857143
"846040","2819",0.142857142857143
"846040","2822",0.142857142857143
"846040","3312",0.142857142857143
"846040","3314",0.142857142857143
"846040","3320",0.142857142857143
"846090","2790",0.142857142857143
"846090","2818",0.142857142857143
"846090","2819",0.142857142857143
"846090","2822",0.142857142857143
"846090","3312",0.142857142857143
"846090","3314",0.142857142857143
"846090","3320",0.142857142857143
"846110","2790",0.142857142857143
"846110","2818",0.142857142857143
"846110","2819",0.142857142857143
"846110","2822",0.142857142857143
"846110","3312",0.142857142857143
"846110","3314",0.142857142857143
"846110","3320",0.142857142857143
"846120","2790",0.142857142857143
"846120","2818",0.142857142857143
"846120","2819",0.142857142857143
"846120","2822",0.142857142857143
"846120","3312",0.142857142857143
"846120","3314",0.142857142857143
"846120","3320",0.142857142857143
"846130","2790",0.142857142857143
"846130","2818",0.142857142857143
"846130","2819",0.142857142857143
"846130","2822",0.142857142857143
"846130","3312",0.142857142857143
"846130","3314",0.142857142857143
"846130","3320",0.142857142857143
"846140","2790",0.142857142857143
"846140","2818",0.142857142857143
"846140","2819",0.142857142857143
"846140","2822",0.142857142857143
"846140","3312",0.142857142857143
"846140","3314",0.142857142857143
"846140","3320",0.142857142857143
"846150","2790",0.142857142857143
"846150","2818",0.142857142857143
"846150","2819",0.142857142857143
"846150","2822",0.142857142857143
"846150","3312",0.142857142857143
"846150","3314",0.142857142857143
"846150","3320",0.142857142857143
"846190","2790",0.142857142857143
"846190","2818",0.142857142857143
"846190","2819",0.142857142857143
"846190","2822",0.142857142857143
"846190","3312",0.142857142857143
"846190","3314",0.142857142857143
"846190","3320",0.142857142857143
"846210","2790",0.142857142857143
"846210","2818",0.142857142857143
"846210","2819",0.142857142857143
"846210","2822",0.142857142857143
"846210","3312",0.142857142857143
"846210","3314",0.142857142857143
"846210","3320",0.142857142857143
"846221","2790",0.142857142857143
"846221","2818",0.142857142857143
"846221","2819",0.142857142857143
"846221","2822",0.142857142857143
"846221","3312",0.142857142857143
"846221","3314",0.142857142857143
"846221","3320",0.142857142857143
"846229","2790",0.142857142857143
"846229","2818",0.142857142857143
"846229","2819",0.142857142857143
"846229","2822",0.142857142857143
"846229","3312",0.142857142857143
"846229","3314",0.142857142857143
"846229","3320",0.142857142857143
"846231","2790",0.142857142857143
"846231","2818",0.142857142857143
"846231","2819",0.142857142857143
"846231","2822",0.142857142857143
"846231","3312",0.142857142857143
"846231","3314",0.142857142857143
"846231","3320",0.142857142857143
"846239","2790",0.142857142857143
"846239","2818",0.142857142857143
"846239","2819",0.142857142857143
"846239","2822",0.142857142857143
"846239","3312",0.142857142857143
"846239","3314",0.142857142857143
"846239","3320",0.142857142857143
"846241","2790",0.142857142857143
"846241","2818",0.142857142857143
"846241","2819",0.142857142857143
"846241","2822",0.142857142857143
"846241","3312",0.142857142857143
"846241","3314",0.142857142857143
"846241","3320",0.142857142857143
"846249","2790",0.142857142857143
"846249","2818",0.142857142857143
"846249","2819",0.142857142857143
"846249","2822",0.142857142857143
"846249","3312",0.142857142857143
"846249","3314",0.142857142857143
"846249","3320",0.142857142857143
"846291","2790",0.142857142857143
"846291","2818",0.142857142857143
"846291","2819",0.142857142857143
"846291","2822",0.142857142857143
"846291","3312",0.142857142857143
"846291","3314",0.142857142857143
"846291","3320",0.142857142857143
"846299","2790",0.142857142857143
"846299","2818",0.142857142857143
"846299","2819",0.142857142857143
"846299","2822",0.142857142857143
"846299","3312",0.142857142857143
"846299","3314",0.142857142857143
"846299","3320",0.142857142857143
"846310","2790",0.142857142857143
"846310","2818",0.142857142857143
"846310","2819",0.142857142857143
"846310","2822",0.142857142857143
"846310","3312",0.142857142857143
"846310","3314",0.142857142857143
"846310","3320",0.142857142857143
"846320","2790",0.142857142857143
"846320","2818",0.142857142857143
"846320","2819",0.142857142857143
"846320","2822",0.142857142857143
"846320","3312",0.142857142857143
"846320","3314",0.142857142857143
"846320","3320",0.142857142857143
"846330","2790",0.142857142857143
"846330","2818",0.142857142857143
"846330","2819",0.142857142857143
"846330","2822",0.142857142857143
"846330","3312",0.142857142857143
"846330","3314",0.142857142857143
"846330","3320",0.142857142857143
"846390","2790",0.142857142857143
"846390","2818",0.142857142857143
"846390","2819",0.142857142857143
"846390","2822",0.142857142857143
"846390","3312",0.142857142857143
"846390","3314",0.142857142857143
"846390","3320",0.142857142857143
"846410","2790",0.142857142857143
"846410","2818",0.142857142857143
"846410","2819",0.142857142857143
"846410","2822",0.142857142857143
"846410","3312",0.142857142857143
"846410","3314",0.142857142857143
"846410","3320",0.142857142857143
"846420","2790",0.142857142857143
"846420","2818",0.142857142857143
"846420","2819",0.142857142857143
"846420","2822",0.142857142857143
"846420","3312",0.142857142857143
"846420","3314",0.142857142857143
"846420","3320",0.142857142857143
"846490","2790",0.142857142857143
"846490","2818",0.142857142857143
"846490","2819",0.142857142857143
"846490","2822",0.142857142857143
"846490","3312",0.142857142857143
"846490","3314",0.142857142857143
"846490","3320",0.142857142857143
"846510","2790",0.142857142857143
"846510","2818",0.142857142857143
"846510","2819",0.142857142857143
"846510","2822",0.142857142857143
"846510","3312",0.142857142857143
"846510","3314",0.142857142857143
"846510","3320",0.142857142857143
"846591","2790",0.142857142857143
"846591","2818",0.142857142857143
"846591","2819",0.142857142857143
"846591","2822",0.142857142857143
"846591","3312",0.142857142857143
"846591","3314",0.142857142857143
"846591","3320",0.142857142857143
"846592","2790",0.142857142857143
"846592","2818",0.142857142857143
"846592","2819",0.142857142857143
"846592","2822",0.142857142857143
"846592","3312",0.142857142857143
"846592","3314",0.142857142857143
"846592","3320",0.142857142857143
"846593","2790",0.142857142857143
"846593","2818",0.142857142857143
"846593","2819",0.142857142857143
"846593","2822",0.142857142857143
"846593","3312",0.142857142857143
"846593","3314",0.142857142857143
"846593","3320",0.142857142857143
"846594","2790",0.142857142857143
"846594","2818",0.142857142857143
"846594","2819",0.142857142857143
"846594","2822",0.142857142857143
"846594","3312",0.142857142857143
"846594","3314",0.142857142857143
"846594","3320",0.142857142857143
"846595","2790",0.142857142857143
"846595","2818",0.142857142857143
"846595","2819",0.142857142857143
"846595","2822",0.142857142857143
"846595","3312",0.142857142857143
"846595","3314",0.142857142857143
"846595","3320",0.142857142857143
"846596","2790",0.142857142857143
"846596","2818",0.142857142857143
"846596","2819",0.142857142857143
"846596","2822",0.142857142857143
"846596","3312",0.142857142857143
"846596","3314",0.142857142857143
"846596","3320",0.142857142857143
"846599","2790",0.142857142857143
"846599","2818",0.142857142857143
"846599","2819",0.142857142857143
"846599","2822",0.142857142857143
"846599","3312",0.142857142857143
"846599","3314",0.142857142857143
"846599","3320",0.142857142857143
"846610","2790",0.142857142857143
"846610","2818",0.142857142857143
"846610","2819",0.142857142857143
"846610","2822",0.142857142857143
"846610","3312",0.142857142857143
"846610","3314",0.142857142857143
"846610","3320",0.142857142857143
"846620","2790",0.142857142857143
"846620","2818",0.142857142857143
"846620","2819",0.142857142857143
"846620","2822",0.142857142857143
"846620","3312",0.142857142857143
"846620","3314",0.142857142857143
"846620","3320",0.142857142857143
"846630","2790",0.142857142857143
"846630","2818",0.142857142857143
"846630","2819",0.142857142857143
"846630","2822",0.142857142857143
"846630","3312",0.142857142857143
"846630","3314",0.142857142857143
"846630","3320",0.142857142857143
"846691","2790",0.142857142857143
"846691","2818",0.142857142857143
"846691","2819",0.142857142857143
"846691","2822",0.142857142857143
"846691","3312",0.142857142857143
"846691","3314",0.142857142857143
"846691","3320",0.142857142857143
"846692","2790",0.142857142857143
"846692","2818",0.142857142857143
"846692","2819",0.142857142857143
"846692","2822",0.142857142857143
"846692","3312",0.142857142857143
"846692","3314",0.142857142857143
"846692","3320",0.142857142857143
"846693","2790",0.142857142857143
"846693","2818",0.142857142857143
"846693","2819",0.142857142857143
"846693","2822",0.142857142857143
"846693","3312",0.142857142857143
"846693","3314",0.142857142857143
"846693","3320",0.142857142857143
"846694","2790",0.142857142857143
"846694","2818",0.142857142857143
"846694","2819",0.142857142857143
"846694","2822",0.142857142857143
"846694","3312",0.142857142857143
"846694","3314",0.142857142857143
"846694","3320",0.142857142857143
"846711","2790",0.142857142857143
"846711","2818",0.142857142857143
"846711","2819",0.142857142857143
"846711","2822",0.142857142857143
"846711","3312",0.142857142857143
"846711","3314",0.142857142857143
"846711","3320",0.142857142857143
"846719","2790",0.142857142857143
"846719","2818",0.142857142857143
"846719","2819",0.142857142857143
"846719","2822",0.142857142857143
"846719","3312",0.142857142857143
"846719","3314",0.142857142857143
"846719","3320",0.142857142857143
"846781","2790",0.142857142857143
"846781","2818",0.142857142857143
"846781","2819",0.142857142857143
"846781","2822",0.142857142857143
"846781","3312",0.142857142857143
"846781","3314",0.142857142857143
"846781","3320",0.142857142857143
"846789","2790",0.142857142857143
"846789","2818",0.142857142857143
"846789","2819",0.142857142857143
"846789","2822",0.142857142857143
"846789","3312",0.142857142857143
"846789","3314",0.142857142857143
"846789","3320",0.142857142857143
"846791","2790",0.142857142857143
"846791","2818",0.142857142857143
"846791","2819",0.142857142857143
"846791","2822",0.142857142857143
"846791","3312",0.142857142857143
"846791","3314",0.142857142857143
"846791","3320",0.142857142857143
"846792","2790",0.142857142857143
"846792","2818",0.142857142857143
"846792","2819",0.142857142857143
"846792","2822",0.142857142857143
"846792","3312",0.142857142857143
"846792","3314",0.142857142857143
"846792","3320",0.142857142857143
"846799","2790",0.142857142857143
"846799","2818",0.142857142857143
"846799","2819",0.142857142857143
"846799","2822",0.142857142857143
"846799","3312",0.142857142857143
"846799","3314",0.142857142857143
"846799","3320",0.142857142857143
"846810","2790",0.142857142857143
"846810","2818",0.142857142857143
"846810","2819",0.142857142857143
"846810","2822",0.142857142857143
"846810","3312",0.142857142857143
"846810","3314",0.142857142857143
"846810","3320",0.142857142857143
"846820","2790",0.142857142857143
"846820","2818",0.142857142857143
"846820","2819",0.142857142857143
"846820","2822",0.142857142857143
"846820","3312",0.142857142857143
"846820","3314",0.142857142857143
"846820","3320",0.142857142857143
"846880","2790",0.142857142857143
"846880","2818",0.142857142857143
"846880","2819",0.142857142857143
"846880","2822",0.142857142857143
"846880","3312",0.142857142857143
"846880","3314",0.142857142857143
"846880","3320",0.142857142857143
"846890","2790",0.142857142857143
"846890","2818",0.142857142857143
"846890","2819",0.142857142857143
"846890","2822",0.142857142857143
"846890","3312",0.142857142857143
"846890","3314",0.142857142857143
"846890","3320",0.142857142857143
"846910","2610",0.25
"846910","2620",0.25
"846910","2817",0.25
"846910","3320",0.25
"846921","2610",0.25
"846921","2620",0.25
"846921","2817",0.25
"846921","3320",0.25
"846929","2610",0.25
"846929","2620",0.25
"846929","2817",0.25
"846929","3320",0.25
"846931","2610",0.25
"846931","2620",0.25
"846931","2817",0.25
"846931","3320",0.25
"846939","2610",0.25
"846939","2620",0.25
"846939","2817",0.25
"846939","3320",0.25
"847010","2610",0.25
"847010","2620",0.25
"847010","2817",0.25
"847010","3320",0.25
"847021","2610",0.25
"847021","2620",0.25
"847021","2817",0.25
"847021","3320",0.25
"847029","2610",0.25
"847029","2620",0.25
"847029","2817",0.25
"847029","3320",0.25
"847030","2610",0.25
"847030","2620",0.25
"847030","2817",0.25
"847030","3320",0.25
"847040","2610",0.25
"847040","2620",0.25
"847040","2817",0.25
"847040","3320",0.25
"847050","2610",0.25
"847050","2620",0.25
"847050","2817",0.25
"847050","3320",0.25
"847090","2610",0.25
"847090","2620",0.25
"847090","2817",0.25
"847090","3320",0.25
"847110","2610",0.25
"847110","2620",0.25
"847110","2817",0.25
"847110","3320",0.25
"847120","2610",0.25
"847120","2620",0.25
"847120","2817",0.25
"847120","3320",0.25
"847191","2610",0.25
"847191","2620",0.25
"847191","2817",0.25
"847191","3320",0.25
"847192","2610",0.25
"847192","2620",0.25
"847192","2817",0.25
"847192","3320",0.25
"847193","2610",0.25
"847193","2620",0.25
"847193","2817",0.25
"847193","3320",0.25
"847199","2610",0.25
"847199","2620",0.25
"847199","2817",0.25
"847199","3320",0.25
"847210","2610",0.25
"847210","2620",0.25
"847210","2817",0.25
"847210","3320",0.25
"847220","2610",0.25
"847220","2620",0.25
"847220","2817",0.25
"847220","3320",0.25
"847230","2610",0.25
"847230","2620",0.25
"847230","2817",0.25
"847230","3320",0.25
"847290","2610",0.25
"847290","2620",0.25
"847290","2817",0.25
"847290","3320",0.25
"847310","2610",0.25
"847310","2620",0.25
"847310","2817",0.25
"847310","3320",0.25
"847321","2610",0.25
"847321","2620",0.25
"847321","2817",0.25
"847321","3320",0.25
"847329","2610",0.25
"847329","2620",0.25
"847329","2817",0.25
"847329","3320",0.25
"847330","2610",0.25
"847330","2620",0.25
"847330","2817",0.25
"847330","3320",0.25
"847340","2610",0.25
"847340","2620",0.25
"847340","2817",0.25
"847340","3320",0.25
"847410","2824",0.333333333333333
"847410","3312",0.333333333333333
"847410","3320",0.333333333333333
"847420","2824",0.333333333333333
"847420","3312",0.333333333333333
"847420","3320",0.333333333333333
"847431","2824",0.333333333333333
"847431","3312",0.333333333333333
"847431","3320",0.333333333333333
"847432","2824",0.333333333333333
"847432","3312",0.333333333333333
"847432","3320",0.333333333333333
"847439","2824",0.333333333333333
"847439","3312",0.333333333333333
"847439","3320",0.333333333333333
"847480","2824",0.333333333333333
"847480","3312",0.333333333333333
"847480","3320",0.333333333333333
"847490","2824",0.333333333333333
"847490","3312",0.333333333333333
"847490","3320",0.333333333333333
"847510","2593",0.125
"847510","2790",0.125
"847510","2826",0.125
"847510","2829",0.125
"847510","3311",0.125
"847510","3312",0.125
"847510","3314",0.125
"847510","3320",0.125
"847520","2593",0.125
"847520","2790",0.125
"847520","2826",0.125
"847520","2829",0.125
"847520","3311",0.125
"847520","3312",0.125
"847520","3314",0.125
"847520","3320",0.125
"847590","2593",0.125
"847590","2790",0.125
"847590","2826",0.125
"847590","2829",0.125
"847590","3311",0.125
"847590","3312",0.125
"847590","3314",0.125
"847590","3320",0.125
"847611","2819",0.25
"847611","3250",0.25
"847611","3312",0.25
"847611","3320",0.25
"847619","2819",0.25
"847619","3250",0.25
"847619","3312",0.25
"847619","3320",0.25
"847690","2819",0.25
"847690","3250",0.25
"847690","3312",0.25
"847690","3320",0.25
"847710","2593",0.125
"847710","2790",0.125
"847710","2826",0.125
"847710","2829",0.125
"847710","3311",0.125
"847710","3312",0.125
"847710","3314",0.125
"847710","3320",0.125
"847720","2593",0.125
"847720","2790",0.125
"847720","2826",0.125
"847720","2829",0.125
"847720","3311",0.125
"847720","3312",0.125
"847720","3314",0.125
"847720","3320",0.125
"847730","2593",0.125
"847730","2790",0.125
"847730","2826",0.125
"847730","2829",0.125
"847730","3311",0.125
"847730","3312",0.125
"847730","3314",0.125
"847730","3320",0.125
"847740","2593",0.125
"847740","2790",0.125
"847740","2826",0.125
"847740","2829",0.125
"847740","3311",0.125
"847740","3312",0.125
"847740","3314",0.125
"847740","3320",0.125
"847751","2593",0.125
"847751","2790",0.125
"847751","2826",0.125
"847751","2829",0.125
"847751","3311",0.125
"847751","3312",0.125
"847751","3314",0.125
"847751","3320",0.125
"847759","2593",0.125
"847759","2790",0.125
"847759","2826",0.125
"847759","2829",0.125
"847759","3311",0.125
"847759","3312",0.125
"847759","3314",0.125
"847759","3320",0.125
"847780","2593",0.125
"847780","2790",0.125
"847780","2826",0.125
"847780","2829",0.125
"847780","3311",0.125
"847780","3312",0.125
"847780","3314",0.125
"847780","3320",0.125
"847790","2593",0.125
"847790","2790",0.125
"847790","2826",0.125
"847790","2829",0.125
"847790","3311",0.125
"847790","3312",0.125
"847790","3314",0.125
"847790","3320",0.125
"847810","2825",0.333333333333333
"847810","3312",0.333333333333333
"847810","3320",0.333333333333333
"847890","2825",0.333333333333333
"847890","3312",0.333333333333333
"847890","3320",0.333333333333333
"847910","2824",0.333333333333333
"847910","3312",0.333333333333333
"847910","3320",0.333333333333333
"847920","2825",0.333333333333333
"847920","3312",0.333333333333333
"847920","3320",0.333333333333333
"847930","2790",0.142857142857143
"847930","2818",0.142857142857143
"847930","2819",0.142857142857143
"847930","2822",0.142857142857143
"847930","3312",0.142857142857143
"847930","3314",0.142857142857143
"847930","3320",0.142857142857143
"847940","2593",0.125
"847940","2790",0.125
"847940","2826",0.125
"847940","2829",0.125
"847940","3311",0.125
"847940","3312",0.125
"847940","3314",0.125
"847940","3320",0.125
"847981","2593",0.125
"847981","2790",0.125
"847981","2826",0.125
"847981","2829",0.125
"847981","3311",0.125
"847981","3312",0.125
"847981","3314",0.125
"847981","3320",0.125
"847982","2593",0.125
"847982","2790",0.125
"847982","2826",0.125
"847982","2829",0.125
"847982","3311",0.125
"847982","3312",0.125
"847982","3314",0.125
"847982","3320",0.125
"847989","2593",0.125
"847989","2790",0.125
"847989","2826",0.125
"847989","2829",0.125
"847989","3311",0.125
"847989","3312",0.125
"847989","3314",0.125
"847989","3320",0.125
"847990","2593",0.125
"847990","2790",0.125
"847990","2826",0.125
"847990","2829",0.125
"847990","3311",0.125
"847990","3312",0.125
"847990","3314",0.125
"847990","3320",0.125
"848010","2593",0.125
"848010","2790",0.125
"848010","2826",0.125
"848010","2829",0.125
"848010","3311",0.125
"848010","3312",0.125
"848010","3314",0.125
"848010","3320",0.125
"848020","2593",0.125
"848020","2790",0.125
"848020","2826",0.125
"848020","2829",0.125
"848020","3311",0.125
"848020","3312",0.125
"848020","3314",0.125
"848020","3320",0.125
"848030","2593",0.125
"848030","2790",0.125
"848030","2826",0.125
"848030","2829",0.125
"848030","3311",0.125
"848030","3312",0.125
"848030","3314",0.125
"848030","3320",0.125
"848041","2593",0.125
"848041","2790",0.125
"848041","2826",0.125
"848041","2829",0.125
"848041","3311",0.125
"848041","3312",0.125
"848041","3314",0.125
"848041","3320",0.125
"848049","2593",0.125
"848049","2790",0.125
"848049","2826",0.125
"848049","2829",0.125
"848049","3311",0.125
"848049","3312",0.125
"848049","3314",0.125
"848049","3320",0.125
"848050","2593",0.125
"848050","2790",0.125
"848050","2826",0.125
"848050","2829",0.125
"848050","3311",0.125
"848050","3312",0.125
"848050","3314",0.125
"848050","3320",0.125
"848060","2593",0.125
"848060","2790",0.125
"848060","2826",0.125
"848060","2829",0.125
"848060","3311",0.125
"848060","3312",0.125
"848060","3314",0.125
"848060","3320",0.125
"848071","2593",0.125
"848071","2790",0.125
"848071","2826",0.125
"848071","2829",0.125
"848071","3311",0.125
"848071","3312",0.125
"848071","3314",0.125
"848071","3320",0.125
"848079","2593",0.125
"848079","2790",0.125
"848079","2826",0.125
"848079","2829",0.125
"848079","3311",0.125
"848079","3312",0.125
"848079","3314",0.125
"848079","3320",0.125
"848110","2811",0.2
"848110","2812",0.2
"848110","2813",0.2
"848110","3312",0.2
"848110","3320",0.2
"848120","2811",0.2
"848120","2812",0.2
"848120","2813",0.2
"848120","3312",0.2
"848120","3320",0.2
"848130","2811",0.2
"848130","2812",0.2
"848130","2813",0.2
"848130","3312",0.2
"848130","3320",0.2
"848140","2811",0.2
"848140","2812",0.2
"848140","2813",0.2
"848140","3312",0.2
"848140","3320",0.2
"848180","2811",0.2
"848180","2812",0.2
"848180","2813",0.2
"848180","3312",0.2
"848180","3320",0.2
"848190","2811",0.2
"848190","2812",0.2
"848190","2813",0.2
"848190","3312",0.2
"848190","3320",0.2
"848210","2812",0.333333333333333
"848210","2814",0.333333333333333
"848210","3312",0.333333333333333
"848220","2812",0.333333333333333
"848220","2814",0.333333333333333
"848220","3312",0.333333333333333
"848230","2812",0.333333333333333
"848230","2814",0.333333333333333
"848230","3312",0.333333333333333
"848240","2812",0.333333333333333
"848240","2814",0.333333333333333
"848240","3312",0.333333333333333
"848250","2812",0.333333333333333
"848250","2814",0.333333333333333
"848250","3312",0.333333333333333
"848280","2812",0.333333333333333
"848280","2814",0.333333333333333
"848280","3312",0.333333333333333
"848291","2812",0.333333333333333
"848291","2814",0.333333333333333
"848291","3312",0.333333333333333
"848299","2812",0.333333333333333
"848299","2814",0.333333333333333
"848299","3312",0.333333333333333
"848310","2812",0.333333333333333
"848310","2814",0.333333333333333
"848310","3312",0.333333333333333
"848320","2812",0.333333333333333
"848320","2814",0.333333333333333
"848320","3312",0.333333333333333
"848330","2812",0.333333333333333
"848330","2814",0.333333333333333
"848330","3312",0.333333333333333
"848340","2812",0.333333333333333
"848340","2814",0.333333333333333
"848340","3312",0.333333333333333
"848350","2812",0.333333333333333
"848350","2814",0.333333333333333
"848350","3312",0.333333333333333
"848360","2812",0.333333333333333
"848360","2814",0.333333333333333
"848360","3312",0.333333333333333
"848390","2812",0.333333333333333
"848390","2814",0.333333333333333
"848390","3312",0.333333333333333
"848410","2819",0.25
"848410","3250",0.25
"848410","3312",0.25
"848410","3320",0.25
"848490","2819",0.25
"848490","3250",0.25
"848490","3312",0.25
"848490","3320",0.25
"848510","2599",0.25
"848510","2817",0.25
"848510","3290",0.25
"848510","3311",0.25
"848590","2819",0.25
"848590","3250",0.25
"848590","3312",0.25
"848590","3320",0.25
"850110","2610",0.142857142857143
"850110","2710",0.142857142857143
"850110","2790",0.142857142857143
"850110","2811",0.142857142857143
"850110","3312",0.142857142857143
"850110","3314",0.142857142857143
"850110","3320",0.142857142857143
"850120","2610",0.142857142857143
"850120","2710",0.142857142857143
"850120","2790",0.142857142857143
"850120","2811",0.142857142857143
"850120","3312",0.142857142857143
"850120","3314",0.142857142857143
"850120","3320",0.142857142857143
"850131","2610",0.142857142857143
"850131","2710",0.142857142857143
"850131","2790",0.142857142857143
"850131","2811",0.142857142857143
"850131","3312",0.142857142857143
"850131","3314",0.142857142857143
"850131","3320",0.142857142857143
"850132","2610",0.142857142857143
"850132","2710",0.142857142857143
"850132","2790",0.142857142857143
"850132","2811",0.142857142857143
"850132","3312",0.142857142857143
"850132","3314",0.142857142857143
"850132","3320",0.142857142857143
"850133","2610",0.142857142857143
"850133","2710",0.142857142857143
"850133","2790",0.142857142857143
"850133","2811",0.142857142857143
"850133","3312",0.142857142857143
"850133","3314",0.142857142857143
"850133","3320",0.142857142857143
"850134","2610",0.142857142857143
"850134","2710",0.142857142857143
"850134","2790",0.142857142857143
"850134","2811",0.142857142857143
"850134","3312",0.142857142857143
"850134","3314",0.142857142857143
"850134","3320",0.142857142857143
"850140","2610",0.142857142857143
"850140","2710",0.142857142857143
"850140","2790",0.142857142857143
"850140","2811",0.142857142857143
"850140","3312",0.142857142857143
"850140","3314",0.142857142857143
"850140","3320",0.142857142857143
"850151","2610",0.142857142857143
"850151","2710",0.142857142857143
"850151","2790",0.142857142857143
"850151","2811",0.142857142857143
"850151","3312",0.142857142857143
"850151","3314",0.142857142857143
"850151","3320",0.142857142857143
"850152","2610",0.142857142857143
"850152","2710",0.142857142857143
"850152","2790",0.142857142857143
"850152","2811",0.142857142857143
"850152","3312",0.142857142857143
"850152","3314",0.142857142857143
"850152","3320",0.142857142857143
"850153","2610",0.142857142857143
"850153","2710",0.142857142857143
"850153","2790",0.142857142857143
"850153","2811",0.142857142857143
"850153","3312",0.142857142857143
"850153","3314",0.142857142857143
"850153","3320",0.142857142857143
"850161","2610",0.142857142857143
"850161","2710",0.142857142857143
"850161","2790",0.142857142857143
"850161","2811",0.142857142857143
"850161","3312",0.142857142857143
"850161","3314",0.142857142857143
"850161","3320",0.142857142857143
"850162","2610",0.142857142857143
"850162","2710",0.142857142857143
"850162","2790",0.142857142857143
"850162","2811",0.142857142857143
"850162","3312",0.142857142857143
"850162","3314",0.142857142857143
"850162","3320",0.142857142857143
"850163","2610",0.142857142857143
"850163","2710",0.142857142857143
"850163","2790",0.142857142857143
"850163","2811",0.142857142857143
"850163","3312",0.142857142857143
"850163","3314",0.142857142857143
"850163","3320",0.142857142857143
"850164","2610",0.142857142857143
"850164","2710",0.142857142857143
"850164","2790",0.142857142857143
"850164","2811",0.142857142857143
"850164","3312",0.142857142857143
"850164","3314",0.142857142857143
"850164","3320",0.142857142857143
"850211","2610",0.142857142857143
"850211","2710",0.142857142857143
"850211","2790",0.142857142857143
"850211","2811",0.142857142857143
"850211","3312",0.142857142857143
"850211","3314",0.142857142857143
"850211","3320",0.142857142857143
"850212","2610",0.142857142857143
"850212","2710",0.142857142857143
"850212","2790",0.142857142857143
"850212","2811",0.142857142857143
"850212","3312",0.142857142857143
"850212","3314",0.142857142857143
"850212","3320",0.142857142857143
"850213","2610",0.142857142857143
"850213","2710",0.142857142857143
"850213","2790",0.142857142857143
"850213","2811",0.142857142857143
"850213","3312",0.142857142857143
"850213","3314",0.142857142857143
"850213","3320",0.142857142857143
"850220","2610",0.142857142857143
"850220","2710",0.142857142857143
"850220","2790",0.142857142857143
"850220","2811",0.142857142857143
"850220","3312",0.142857142857143
"850220","3314",0.142857142857143
"850220","3320",0.142857142857143
"850230","2610",0.142857142857143
"850230","2710",0.142857142857143
"850230","2790",0.142857142857143
"850230","2811",0.142857142857143
"850230","3312",0.142857142857143
"850230","3314",0.142857142857143
"850230","3320",0.142857142857143
"850240","2610",0.142857142857143
"850240","2710",0.142857142857143
"850240","2790",0.142857142857143
"850240","2811",0.142857142857143
"850240","3312",0.142857142857143
"850240","3314",0.142857142857143
"850240","3320",0.142857142857143
"850300","2610",0.142857142857143
"850300","2710",0.142857142857143
"850300","2790",0.142857142857143
"850300","2811",0.142857142857143
"850300","3312",0.142857142857143
"850300","3314",0.142857142857143
"850300","3320",0.142857142857143
"850410","2610",0.142857142857143
"850410","2710",0.142857142857143
"850410","2790",0.142857142857143
"850410","2811",0.142857142857143
"850410","3312",0.142857142857143
"850410","3314",0.142857142857143
"850410","3320",0.142857142857143
"850421","2610",0.142857142857143
"850421","2710",0.142857142857143
"850421","2790",0.142857142857143
"850421","2811",0.142857142857143
"850421","3312",0.142857142857143
"850421","3314",0.142857142857143
"850421","3320",0.142857142857143
"850422","2610",0.142857142857143
"850422","2710",0.142857142857143
"850422","2790",0.142857142857143
"850422","2811",0.142857142857143
"850422","3312",0.142857142857143
"850422","3314",0.142857142857143
"850422","3320",0.142857142857143
"850423","2610",0.142857142857143
"850423","2710",0.142857142857143
"850423","2790",0.142857142857143
"850423","2811",0.142857142857143
"850423","3312",0.142857142857143
"850423","3314",0.142857142857143
"850423","3320",0.142857142857143
"850431","2610",0.142857142857143
"850431","2710",0.142857142857143
"850431","2790",0.142857142857143
"850431","2811",0.142857142857143
"850431","3312",0.142857142857143
"850431","3314",0.142857142857143
"850431","3320",0.142857142857143
"850432","2610",0.142857142857143
"850432","2710",0.142857142857143
"850432","2790",0.142857142857143
"850432","2811",0.142857142857143
"850432","3312",0.142857142857143
"850432","3314",0.142857142857143
"850432","3320",0.142857142857143
"850433","2610",0.142857142857143
"850433","2710",0.142857142857143
"850433","2790",0.142857142857143
"850433","2811",0.142857142857143
"850433","3312",0.142857142857143
"850433","3314",0.142857142857143
"850433","3320",0.142857142857143
"850434","2610",0.142857142857143
"850434","2710",0.142857142857143
"850434","2790",0.142857142857143
"850434","2811",0.142857142857143
"850434","3312",0.142857142857143
"850434","3314",0.142857142857143
"850434","3320",0.142857142857143
"850440","2610",0.142857142857143
"850440","2710",0.142857142857143
"850440","2790",0.142857142857143
"850440","2811",0.142857142857143
"850440","3312",0.142857142857143
"850440","3314",0.142857142857143
"850440","3320",0.142857142857143
"850450","2610",0.142857142857143
"850450","2710",0.142857142857143
"850450","2790",0.142857142857143
"850450","2811",0.142857142857143
"850450","3312",0.142857142857143
"850450","3314",0.142857142857143
"850450","3320",0.142857142857143
"850490","2610",0.142857142857143
"850490","2710",0.142857142857143
"850490","2790",0.142857142857143
"850490","2811",0.142857142857143
"850490","3312",0.142857142857143
"850490","3314",0.142857142857143
"850490","3320",0.142857142857143
"850511","2599",0.0909090909090909
"850511","2630",0.0909090909090909
"850511","2651",0.0909090909090909
"850511","2733",0.0909090909090909
"850511","2740",0.0909090909090909
"850511","2790",0.0909090909090909
"850511","2822",0.0909090909090909
"850511","2930",0.0909090909090909
"850511","3020",0.0909090909090909
"850511","3313",0.0909090909090909
"850511","3314",0.0909090909090909
"850519","2599",0.0909090909090909
"850519","2630",0.0909090909090909
"850519","2651",0.0909090909090909
"850519","2733",0.0909090909090909
"850519","2740",0.0909090909090909
"850519","2790",0.0909090909090909
"850519","2822",0.0909090909090909
"850519","2930",0.0909090909090909
"850519","3020",0.0909090909090909
"850519","3313",0.0909090909090909
"850519","3314",0.0909090909090909
"850520","2599",0.0909090909090909
"850520","2630",0.0909090909090909
"850520","2651",0.0909090909090909
"850520","2733",0.0909090909090909
"850520","2740",0.0909090909090909
"850520","2790",0.0909090909090909
"850520","2822",0.0909090909090909
"850520","2930",0.0909090909090909
"850520","3020",0.0909090909090909
"850520","3313",0.0909090909090909
"850520","3314",0.0909090909090909
"850530","2599",0.0909090909090909
"850530","2630",0.0909090909090909
"850530","2651",0.0909090909090909
"850530","2733",0.0909090909090909
"850530","2740",0.0909090909090909
"850530","2790",0.0909090909090909
"850530","2822",0.0909090909090909
"850530","2930",0.0909090909090909
"850530","3020",0.0909090909090909
"850530","3313",0.0909090909090909
"850530","3314",0.0909090909090909
"850590","2599",0.0909090909090909
"850590","2630",0.0909090909090909
"850590","2651",0.0909090909090909
"850590","2733",0.0909090909090909
"850590","2740",0.0909090909090909
"850590","2790",0.0909090909090909
"850590","2822",0.0909090909090909
"850590","2930",0.0909090909090909
"850590","3020",0.0909090909090909
"850590","3313",0.0909090909090909
"850590","3314",0.0909090909090909
"850611","2720",0.5
"850611","3314",0.5
"850612","2720",0.5
"850612","3314",0.5
"850613","2720",0.5
"850613","3314",0.5
"850619","2720",0.5
"850619","3314",0.5
"850620","2720",0.5
"850620","3314",0.5
"850690","2720",0.5
"850690","3314",0.5
"850710","2720",0.5
"850710","3314",0.5
"850720","2720",0.5
"850720","3314",0.5
"850730","2720",0.5
"850730","3314",0.5
"850740","2720",0.5
"850740","3314",0.5
"850780","2720",0.5
"850780","3314",0.5
"850790","2720",0.5
"850790","3314",0.5
"850810","2790",0.142857142857143
"850810","2818",0.142857142857143
"850810","2819",0.142857142857143
"850810","2822",0.142857142857143
"850810","3312",0.142857142857143
"850810","3314",0.142857142857143
"850810","3320",0.142857142857143
"850820","2790",0.142857142857143
"850820","2818",0.142857142857143
"850820","2819",0.142857142857143
"850820","2822",0.142857142857143
"850820","3312",0.142857142857143
"850820","3314",0.142857142857143
"850820","3320",0.142857142857143
"850880","2790",0.142857142857143
"850880","2818",0.142857142857143
"850880","2819",0.142857142857143
"850880","2822",0.142857142857143
"850880","3312",0.142857142857143
"850880","3314",0.142857142857143
"850880","3320",0.142857142857143
"850890","2790",0.142857142857143
"850890","2818",0.142857142857143
"850890","2819",0.142857142857143
"850890","2822",0.142857142857143
"850890","3312",0.142857142857143
"850890","3314",0.142857142857143
"850890","3320",0.142857142857143
"850910","2750",0.333333333333333
"850910","2815",0.333333333333333
"850910","2819",0.333333333333333
"850920","2750",0.333333333333333
"850920","2815",0.333333333333333
"850920","2819",0.333333333333333
"850930","2750",0.333333333333333
"850930","2815",0.333333333333333
"850930","2819",0.333333333333333
"850940","2750",0.333333333333333
"850940","2815",0.333333333333333
"850940","2819",0.333333333333333
"850980","2750",0.333333333333333
"850980","2815",0.333333333333333
"850980","2819",0.333333333333333
"850990","2750",0.333333333333333
"850990","2815",0.333333333333333
"850990","2819",0.333333333333333
"851010","2750",0.333333333333333
"851010","2815",0.333333333333333
"851010","2819",0.333333333333333
"851020","2750",0.333333333333333
"851020","2815",0.333333333333333
"851020","2819",0.333333333333333
"851090","2750",0.333333333333333
"851090","2815",0.333333333333333
"851090","2819",0.333333333333333
"851110","2599",0.0909090909090909
"851110","2630",0.0909090909090909
"851110","2651",0.0909090909090909
"851110","2733",0.0909090909090909
"851110","2740",0.0909090909090909
"851110","2790",0.0909090909090909
"851110","2822",0.0909090909090909
"851110","2930",0.0909090909090909
"851110","3020",0.0909090909090909
"851110","3313",0.0909090909090909
"851110","3314",0.0909090909090909
"851120","2599",0.0909090909090909
"851120","2630",0.0909090909090909
"851120","2651",0.0909090909090909
"851120","2733",0.0909090909090909
"851120","2740",0.0909090909090909
"851120","2790",0.0909090909090909
"851120","2822",0.0909090909090909
"851120","2930",0.0909090909090909
"851120","3020",0.0909090909090909
"851120","3313",0.0909090909090909
"851120","3314",0.0909090909090909
"851130","2599",0.0909090909090909
"851130","2630",0.0909090909090909
"851130","2651",0.0909090909090909
"851130","2733",0.0909090909090909
"851130","2740",0.0909090909090909
"851130","2790",0.0909090909090909
"851130","2822",0.0909090909090909
"851130","2930",0.0909090909090909
"851130","3020",0.0909090909090909
"851130","3313",0.0909090909090909
"851130","3314",0.0909090909090909
"851140","2599",0.0909090909090909
"851140","2630",0.0909090909090909
"851140","2651",0.0909090909090909
"851140","2733",0.0909090909090909
"851140","2740",0.0909090909090909
"851140","2790",0.0909090909090909
"851140","2822",0.0909090909090909
"851140","2930",0.0909090909090909
"851140","3020",0.0909090909090909
"851140","3313",0.0909090909090909
"851140","3314",0.0909090909090909
"851150","2599",0.0909090909090909
"851150","2630",0.0909090909090909
"851150","2651",0.0909090909090909
"851150","2733",0.0909090909090909
"851150","2740",0.0909090909090909
"851150","2790",0.0909090909090909
"851150","2822",0.0909090909090909
"851150","2930",0.0909090909090909
"851150","3020",0.0909090909090909
"851150","3313",0.0909090909090909
"851150","3314",0.0909090909090909
"851180","2599",0.0909090909090909
"851180","2630",0.0909090909090909
"851180","2651",0.0909090909090909
"851180","2733",0.0909090909090909
"851180","2740",0.0909090909090909
"851180","2790",0.0909090909090909
"851180","2822",0.0909090909090909
"851180","2930",0.0909090909090909
"851180","3020",0.0909090909090909
"851180","3313",0.0909090909090909
"851180","3314",0.0909090909090909
"851190","2599",0.0909090909090909
"851190","2630",0.0909090909090909
"851190","2651",0.0909090909090909
"851190","2733",0.0909090909090909
"851190","2740",0.0909090909090909
"851190","2790",0.0909090909090909
"851190","2822",0.0909090909090909
"851190","2930",0.0909090909090909
"851190","3020",0.0909090909090909
"851190","3313",0.0909090909090909
"851190","3314",0.0909090909090909
"851210","2599",0.0909090909090909
"851210","2630",0.0909090909090909
"851210","2651",0.0909090909090909
"851210","2733",0.0909090909090909
"851210","2740",0.0909090909090909
"851210","2790",0.0909090909090909
"851210","2822",0.0909090909090909
"851210","2930",0.0909090909090909
"851210","3020",0.0909090909090909
"851210","3313",0.0909090909090909
"851210","3314",0.0909090909090909
"851220","2599",0.0909090909090909
"851220","2630",0.0909090909090909
"851220","2651",0.0909090909090909
"851220","2733",0.0909090909090909
"851220","2740",0.0909090909090909
"851220","2790",0.0909090909090909
"851220","2822",0.0909090909090909
"851220","2930",0.0909090909090909
"851220","3020",0.0909090909090909
"851220","3313",0.0909090909090909
"851220","3314",0.0909090909090909
"851230","2599",0.0909090909090909
"851230","2630",0.0909090909090909
"851230","2651",0.0909090909090909
"851230","2733",0.0909090909090909
"851230","2740",0.0909090909090909
"851230","2790",0.0909090909090909
"851230","2822",0.0909090909090909
"851230","2930",0.0909090909090909
"851230","3020",0.0909090909090909
"851230","3313",0.0909090909090909
"851230","3314",0.0909090909090909
"851240","2599",0.0909090909090909
"851240","2630",0.0909090909090909
"851240","2651",0.0909090909090909
"851240","2733",0.0909090909090909
"851240","2740",0.0909090909090909
"851240","2790",0.0909090909090909
"851240","2822",0.0909090909090909
"851240","2930",0.0909090909090909
"851240","3020",0.0909090909090909
"851240","3313",0.0909090909090909
"851240","3314",0.0909090909090909
"851290","2599",0.0909090909090909
"851290","2630",0.0909090909090909
"851290","2651",0.0909090909090909
"851290","2733",0.0909090909090909
"851290","2740",0.0909090909090909
"851290","2790",0.0909090909090909
"851290","2822",0.0909090909090909
"851290","2930",0.0909090909090909
"851290","3020",0.0909090909090909
"851290","3313",0.0909090909090909
"851290","3314",0.0909090909090909
"851310","2740",0.333333333333333
"851310","2790",0.333333333333333
"851310","3314",0.333333333333333
"851390","2740",0.333333333333333
"851390","2790",0.333333333333333
"851390","3314",0.333333333333333
"851410","2815",0.333333333333333
"851410","3312",0.333333333333333
"851410","3320",0.333333333333333
"851420","2815",0.333333333333333
"851420","3312",0.333333333333333
"851420","3320",0.333333333333333
"851430","2815",0.333333333333333
"851430","3312",0.333333333333333
"851430","3320",0.333333333333333
"851440","2815",0.333333333333333
"851440","3312",0.333333333333333
"851440","3320",0.333333333333333
"851490","2815",0.333333333333333
"851490","3312",0.333333333333333
"851490","3320",0.333333333333333
"851511","2790",0.142857142857143
"851511","2818",0.142857142857143
"851511","2819",0.142857142857143
"851511","2822",0.142857142857143
"851511","3312",0.142857142857143
"851511","3314",0.142857142857143
"851511","3320",0.142857142857143
"851519","2790",0.142857142857143
"851519","2818",0.142857142857143
"851519","2819",0.142857142857143
"851519","2822",0.142857142857143
"851519","3312",0.142857142857143
"851519","3314",0.142857142857143
"851519","3320",0.142857142857143
"851521","2790",0.142857142857143
"851521","2818",0.142857142857143
"851521","2819",0.142857142857143
"851521","2822",0.142857142857143
"851521","3312",0.142857142857143
"851521","3314",0.142857142857143
"851521","3320",0.142857142857143
"851529","2790",0.142857142857143
"851529","2818",0.142857142857143
"851529","2819",0.142857142857143
"851529","2822",0.142857142857143
"851529","3312",0.142857142857143
"851529","3314",0.142857142857143
"851529","3320",0.142857142857143
"851531","2790",0.142857142857143
"851531","2818",0.142857142857143
"851531","2819",0.142857142857143
"851531","2822",0.142857142857143
"851531","3312",0.142857142857143
"851531","3314",0.142857142857143
"851531","3320",0.142857142857143
"851539","2790",0.142857142857143
"851539","2818",0.142857142857143
"851539","2819",0.142857142857143
"851539","2822",0.142857142857143
"851539","3312",0.142857142857143
"851539","3314",0.142857142857143
"851539","3320",0.142857142857143
"851580","2790",0.142857142857143
"851580","2818",0.142857142857143
"851580","2819",0.142857142857143
"851580","2822",0.142857142857143
"851580","3312",0.142857142857143
"851580","3314",0.142857142857143
"851580","3320",0.142857142857143
"851590","2790",0.142857142857143
"851590","2818",0.142857142857143
"851590","2819",0.142857142857143
"851590","2822",0.142857142857143
"851590","3312",0.142857142857143
"851590","3314",0.142857142857143
"851590","3320",0.142857142857143
"851610","2750",0.333333333333333
"851610","2815",0.333333333333333
"851610","2819",0.333333333333333
"851621","2750",0.333333333333333
"851621","2815",0.333333333333333
"851621","2819",0.333333333333333
"851629","2750",0.333333333333333
"851629","2815",0.333333333333333
"851629","2819",0.333333333333333
"851631","2750",0.333333333333333
"851631","2815",0.333333333333333
"851631","2819",0.333333333333333
"851632","2750",0.333333333333333
"851632","2815",0.333333333333333
"851632","2819",0.333333333333333
"851633","2750",0.333333333333333
"851633","2815",0.333333333333333
"851633","2819",0.333333333333333
"851640","2750",0.333333333333333
"851640","2815",0.333333333333333
"851640","2819",0.333333333333333
"851650","2750",0.333333333333333
"851650","2815",0.333333333333333
"851650","2819",0.333333333333333
"851660","2750",0.333333333333333
"851660","2815",0.333333333333333
"851660","2819",0.333333333333333
"851671","2750",0.333333333333333
"851671","2815",0.333333333333333
"851671","2819",0.333333333333333
"851672","2750",0.333333333333333
"851672","2815",0.333333333333333
"851672","2819",0.333333333333333
"851679","2750",0.333333333333333
"851679","2815",0.333333333333333
"851679","2819",0.333333333333333
"851680","2750",0.333333333333333
"851680","2815",0.333333333333333
"851680","2819",0.333333333333333
"851690","2750",0.333333333333333
"851690","2815",0.333333333333333
"851690","2819",0.333333333333333
"851710","2630",0.2
"851710","2651",0.2
"851710","3313",0.2
"851710","3320",0.2
"851710","9512",0.2
"851720","2630",0.2
"851720","2651",0.2
"851720","3313",0.2
"851720","3320",0.2
"851720","9512",0.2
"851730","2630",0.2
"851730","2651",0.2
"851730","3313",0.2
"851730","3320",0.2
"851730","9512",0.2
"851740","2630",0.2
"851740","2651",0.2
"851740","3313",0.2
"851740","3320",0.2
"851740","9512",0.2
"851781","2630",0.2
"851781","2651",0.2
"851781","3313",0.2
"851781","3320",0.2
"851781","9512",0.2
"851782","2630",0.2
"851782","2651",0.2
"851782","3313",0.2
"851782","3320",0.2
"851782","9512",0.2
"851790","2630",0.2
"851790","2651",0.2
"851790","3313",0.2
"851790","3320",0.2
"851790","9512",0.2
"851810","2610",0.125
"851810","2630",0.125
"851810","2640",0.125
"851810","2670",0.125
"851810","2817",0.125
"851810","3312",0.125
"851810","3313",0.125
"851810","9521",0.125
"851821","2610",0.125
"851821","2630",0.125
"851821","2640",0.125
"851821","2670",0.125
"851821","2817",0.125
"851821","3312",0.125
"851821","3313",0.125
"851821","9521",0.125
"851822","2610",0.125
"851822","2630",0.125
"851822","2640",0.125
"851822","2670",0.125
"851822","2817",0.125
"851822","3312",0.125
"851822","3313",0.125
"851822","9521",0.125
"851829","2610",0.125
"851829","2630",0.125
"851829","2640",0.125
"851829","2670",0.125
"851829","2817",0.125
"851829","3312",0.125
"851829","3313",0.125
"851829","9521",0.125
"851830","2610",0.125
"851830","2630",0.125
"851830","2640",0.125
"851830","2670",0.125
"851830","2817",0.125
"851830","3312",0.125
"851830","3313",0.125
"851830","9521",0.125
"851840","2610",0.125
"851840","2630",0.125
"851840","2640",0.125
"851840","2670",0.125
"851840","2817",0.125
"851840","3312",0.125
"851840","3313",0.125
"851840","9521",0.125
"851850","2610",0.125
"851850","2630",0.125
"851850","2640",0.125
"851850","2670",0.125
"851850","2817",0.125
"851850","3312",0.125
"851850","3313",0.125
"851850","9521",0.125
"851890","2610",0.125
"851890","2630",0.125
"851890","2640",0.125
"851890","2670",0.125
"851890","2817",0.125
"851890","3312",0.125
"851890","3313",0.125
"851890","9521",0.125
"851910","2610",0.125
"851910","2630",0.125
"851910","2640",0.125
"851910","2670",0.125
"851910","2817",0.125
"851910","3312",0.125
"851910","3313",0.125
"851910","9521",0.125
"851921","2610",0.125
"851921","2630",0.125
"851921","2640",0.125
"851921","2670",0.125
"851921","2817",0.125
"851921","3312",0.125
"851921","3313",0.125
"851921","9521",0.125
"851929","2610",0.125
"851929","2630",0.125
"851929","2640",0.125
"851929","2670",0.125
"851929","2817",0.125
"851929","3312",0.125
"851929","3313",0.125
"851929","9521",0.125
"851931","2610",0.125
"851931","2630",0.125
"851931","2640",0.125
"851931","2670",0.125
"851931","2817",0.125
"851931","3312",0.125
"851931","3313",0.125
"851931","9521",0.125
"851939","2610",0.125
"851939","2630",0.125
"851939","2640",0.125
"851939","2670",0.125
"851939","2817",0.125
"851939","3312",0.125
"851939","3313",0.125
"851939","9521",0.125
"851940","2610",0.125
"851940","2630",0.125
"851940","2640",0.125
"851940","2670",0.125
"851940","2817",0.125
"851940","3312",0.125
"851940","3313",0.125
"851940","9521",0.125
"851991","2610",0.125
"851991","2630",0.125
"851991","2640",0.125
"851991","2670",0.125
"851991","2817",0.125
"851991","3312",0.125
"851991","3313",0.125
"851991","9521",0.125
"851999","2610",0.125
"851999","2630",0.125
"851999","2640",0.125
"851999","2670",0.125
"851999","2817",0.125
"851999","3312",0.125
"851999","3313",0.125
"851999","9521",0.125
"852010","2610",0.125
"852010","2630",0.125
"852010","2640",0.125
"852010","2670",0.125
"852010","2817",0.125
"852010","3312",0.125
"852010","3313",0.125
"852010","9521",0.125
"852020","2610",0.125
"852020","2630",0.125
"852020","2640",0.125
"852020","2670",0.125
"852020","2817",0.125
"852020","3312",0.125
"852020","3313",0.125
"852020","9521",0.125
"852031","2610",0.125
"852031","2630",0.125
"852031","2640",0.125
"852031","2670",0.125
"852031","2817",0.125
"852031","3312",0.125
"852031","3313",0.125
"852031","9521",0.125
"852039","2610",0.125
"852039","2630",0.125
"852039","2640",0.125
"852039","2670",0.125
"852039","2817",0.125
"852039","3312",0.125
"852039","3313",0.125
"852039","9521",0.125
"852090","2610",0.125
"852090","2630",0.125
"852090","2640",0.125
"852090","2670",0.125
"852090","2817",0.125
"852090","3312",0.125
"852090","3313",0.125
"852090","9521",0.125
"852110","2610",0.125
"852110","2630",0.125
"852110","2640",0.125
"852110","2670",0.125
"852110","2817",0.125
"852110","3312",0.125
"852110","3313",0.125
"852110","9521",0.125
"852190","2610",0.125
"852190","2630",0.125
"852190","2640",0.125
"852190","2670",0.125
"852190","2817",0.125
"852190","3312",0.125
"852190","3313",0.125
"852190","9521",0.125
"852210","2610",0.125
"852210","2630",0.125
"852210","2640",0.125
"852210","2670",0.125
"852210","2817",0.125
"852210","3312",0.125
"852210","3313",0.125
"852210","9521",0.125
"852290","2610",0.125
"852290","2630",0.125
"852290","2640",0.125
"852290","2670",0.125
"852290","2817",0.125
"852290","3312",0.125
"852290","3313",0.125
"852290","9521",0.125
"852311","1079",0.166666666666667
"852311","2011",0.166666666666667
"852311","2029",0.166666666666667
"852311","2610",0.166666666666667
"852311","2680",0.166666666666667
"852311","2817",0.166666666666667
"852312","1079",0.166666666666667
"852312","2011",0.166666666666667
"852312","2029",0.166666666666667
"852312","2610",0.166666666666667
"852312","2680",0.166666666666667
"852312","2817",0.166666666666667
"852313","1079",0.166666666666667
"852313","2011",0.166666666666667
"852313","2029",0.166666666666667
"852313","2610",0.166666666666667
"852313","2680",0.166666666666667
"852313","2817",0.166666666666667
"852320","1079",0.166666666666667
"852320","2011",0.166666666666667
"852320","2029",0.166666666666667
"852320","2610",0.166666666666667
"852320","2680",0.166666666666667
"852320","2817",0.166666666666667
"852390","1079",0.166666666666667
"852390","2011",0.166666666666667
"852390","2029",0.166666666666667
"852390","2610",0.166666666666667
"852390","2680",0.166666666666667
"852390","2817",0.166666666666667
"852410","5920",1
"852421","5920",1
"852422","5920",1
"852423","5920",1
"852490","5920",1
"852510","2630",0.2
"852510","2651",0.2
"852510","3313",0.2
"852510","3320",0.2
"852510","9512",0.2
"852520","2630",0.2
"852520","2651",0.2
"852520","3313",0.2
"852520","3320",0.2
"852520","9512",0.2
"852530","2630",0.2
"852530","2651",0.2
"852530","3313",0.2
"852530","3320",0.2
"852530","9512",0.2
"852610","2651",0.142857142857143
"852610","2670",0.142857142857143
"852610","2819",0.142857142857143
"852610","2829",0.142857142857143
"852610","3250",0.142857142857143
"852610","3313",0.142857142857143
"852610","3319",0.142857142857143
"852691","2651",0.142857142857143
"852691","2670",0.142857142857143
"852691","2819",0.142857142857143
"852691","2829",0.142857142857143
"852691","3250",0.142857142857143
"852691","3313",0.142857142857143
"852691","3319",0.142857142857143
"852692","2651",0.142857142857143
"852692","2670",0.142857142857143
"852692","2819",0.142857142857143
"852692","2829",0.142857142857143
"852692","3250",0.142857142857143
"852692","3313",0.142857142857143
"852692","3319",0.142857142857143
"852711","2610",0.125
"852711","2630",0.125
"852711","2640",0.125
"852711","2670",0.125
"852711","2817",0.125
"852711","3312",0.125
"852711","3313",0.125
"852711","9521",0.125
"852719","2610",0.125
"852719","2630",0.125
"852719","2640",0.125
"852719","2670",0.125
"852719","2817",0.125
"852719","3312",0.125
"852719","3313",0.125
"852719","9521",0.125
"852721","2610",0.125
"852721","2630",0.125
"852721","2640",0.125
"852721","2670",0.125
"852721","2817",0.125
"852721","3312",0.125
"852721","3313",0.125
"852721","9521",0.125
"852729","2610",0.125
"852729","2630",0.125
"852729","2640",0.125
"852729","2670",0.125
"852729","2817",0.125
"852729","3312",0.125
"852729","3313",0.125
"852729","9521",0.125
"852731","2610",0.125
"852731","2630",0.125
"852731","2640",0.125
"852731","2670",0.125
"852731","2817",0.125
"852731","3312",0.125
"852731","3313",0.125
"852731","9521",0.125
"852732","2610",0.125
"852732","2630",0.125
"852732","2640",0.125
"852732","2670",0.125
"852732","2817",0.125
"852732","3312",0.125
"852732","3313",0.125
"852732","9521",0.125
"852739","2610",0.125
"852739","2630",0.125
"852739","2640",0.125
"852739","2670",0.125
"852739","2817",0.125
"852739","3312",0.125
"852739","3313",0.125
"852739","9521",0.125
"852790","2610",0.125
"852790","2630",0.125
"852790","2640",0.125
"852790","2670",0.125
"852790","2817",0.125
"852790","3312",0.125
"852790","3313",0.125
"852790","9521",0.125
"852810","2610",0.125
"852810","2630",0.125
"852810","2640",0.125
"852810","2670",0.125
"852810","2817",0.125
"852810","3312",0.125
"852810","3313",0.125
"852810","9521",0.125
"852820","2610",0.125
"852820","2630",0.125
"852820","2640",0.125
"852820","2670",0.125
"852820","2817",0.125
"852820","3312",0.125
"852820","3313",0.125
"852820","9521",0.125
"852910","2610",0.125
"852910","2630",0.125
"852910","2640",0.125
"852910","2670",0.125
"852910","2817",0.125
"852910","3312",0.125
"852910","3313",0.125
"852910","9521",0.125
"852990","2610",0.125
"852990","2630",0.125
"852990","2640",0.125
"852990","2670",0.125
"852990","2817",0.125
"852990","3312",0.125
"852990","3313",0.125
"852990","9521",0.125
"853010","2599",0.0909090909090909
"853010","2630",0.0909090909090909
"853010","2651",0.0909090909090909
"853010","2733",0.0909090909090909
"853010","2740",0.0909090909090909
"853010","2790",0.0909090909090909
"853010","2822",0.0909090909090909
"853010","2930",0.0909090909090909
"853010","3020",0.0909090909090909
"853010","3313",0.0909090909090909
"853010","3314",0.0909090909090909
"853080","2599",0.0909090909090909
"853080","2630",0.0909090909090909
"853080","2651",0.0909090909090909
"853080","2733",0.0909090909090909
"853080","2740",0.0909090909090909
"853080","2790",0.0909090909090909
"853080","2822",0.0909090909090909
"853080","2930",0.0909090909090909
"853080","3020",0.0909090909090909
"853080","3313",0.0909090909090909
"853080","3314",0.0909090909090909
"853090","2599",0.0909090909090909
"853090","2630",0.0909090909090909
"853090","2651",0.0909090909090909
"853090","2733",0.0909090909090909
"853090","2740",0.0909090909090909
"853090","2790",0.0909090909090909
"853090","2822",0.0909090909090909
"853090","2930",0.0909090909090909
"853090","3020",0.0909090909090909
"853090","3313",0.0909090909090909
"853090","3314",0.0909090909090909
"853110","2599",0.0909090909090909
"853110","2630",0.0909090909090909
"853110","2651",0.0909090909090909
"853110","2733",0.0909090909090909
"853110","2740",0.0909090909090909
"853110","2790",0.0909090909090909
"853110","2822",0.0909090909090909
"853110","2930",0.0909090909090909
"853110","3020",0.0909090909090909
"853110","3313",0.0909090909090909
"853110","3314",0.0909090909090909
"853120","2599",0.0909090909090909
"853120","2630",0.0909090909090909
"853120","2651",0.0909090909090909
"853120","2733",0.0909090909090909
"853120","2740",0.0909090909090909
"853120","2790",0.0909090909090909
"853120","2822",0.0909090909090909
"853120","2930",0.0909090909090909
"853120","3020",0.0909090909090909
"853120","3313",0.0909090909090909
"853120","3314",0.0909090909090909
"853180","2599",0.0909090909090909
"853180","2630",0.0909090909090909
"853180","2651",0.0909090909090909
"853180","2733",0.0909090909090909
"853180","2740",0.0909090909090909
"853180","2790",0.0909090909090909
"853180","2822",0.0909090909090909
"853180","2930",0.0909090909090909
"853180","3020",0.0909090909090909
"853180","3313",0.0909090909090909
"853180","3314",0.0909090909090909
"853190","2599",0.0909090909090909
"853190","2630",0.0909090909090909
"853190","2651",0.0909090909090909
"853190","2733",0.0909090909090909
"853190","2740",0.0909090909090909
"853190","2790",0.0909090909090909
"853190","2822",0.0909090909090909
"853190","2930",0.0909090909090909
"853190","3020",0.0909090909090909
"853190","3313",0.0909090909090909
"853190","3314",0.0909090909090909
"853210","2610",0.333333333333333
"853210","2790",0.333333333333333
"853210","3314",0.333333333333333
"853221","2610",0.333333333333333
"853221","2790",0.333333333333333
"853221","3314",0.333333333333333
"853222","2610",0.333333333333333
"853222","2790",0.333333333333333
"853222","3314",0.333333333333333
"853223","2610",0.333333333333333
"853223","2790",0.333333333333333
"853223","3314",0.333333333333333
"853224","2610",0.333333333333333
"853224","2790",0.333333333333333
"853224","3314",0.333333333333333
"853225","2610",0.333333333333333
"853225","2790",0.333333333333333
"853225","3314",0.333333333333333
"853229","2610",0.333333333333333
"853229","2790",0.333333333333333
"853229","3314",0.333333333333333
"853230","2610",0.333333333333333
"853230","2790",0.333333333333333
"853230","3314",0.333333333333333
"853290","2610",0.333333333333333
"853290","2790",0.333333333333333
"853290","3314",0.333333333333333
"853310","2610",0.333333333333333
"853310","2790",0.333333333333333
"853310","3314",0.333333333333333
"853321","2610",0.333333333333333
"853321","2790",0.333333333333333
"853321","3314",0.333333333333333
"853329","2610",0.333333333333333
"853329","2790",0.333333333333333
"853329","3314",0.333333333333333
"853331","2610",0.333333333333333
"853331","2790",0.333333333333333
"853331","3314",0.333333333333333
"853339","2610",0.333333333333333
"853339","2790",0.333333333333333
"853339","3314",0.333333333333333
"853340","2610",0.333333333333333
"853340","2790",0.333333333333333
"853340","3314",0.333333333333333
"853390","2610",0.333333333333333
"853390","2790",0.333333333333333
"853390","3314",0.333333333333333
"853400","2610",0.333333333333333
"853400","2790",0.333333333333333
"853400","3314",0.333333333333333
"853510","2610",0.2
"853510","2710",0.2
"853510","2733",0.2
"853510","2790",0.2
"853510","3314",0.2
"853521","2610",0.2
"853521","2710",0.2
"853521","2733",0.2
"853521","2790",0.2
"853521","3314",0.2
"853529","2610",0.2
"853529","2710",0.2
"853529","2733",0.2
"853529","2790",0.2
"853529","3314",0.2
"853530","2610",0.2
"853530","2710",0.2
"853530","2733",0.2
"853530","2790",0.2
"853530","3314",0.2
"853540","2610",0.2
"853540","2710",0.2
"853540","2733",0.2
"853540","2790",0.2
"853540","3314",0.2
"853590","2610",0.2
"853590","2710",0.2
"853590","2733",0.2
"853590","2790",0.2
"853590","3314",0.2
"853610","2610",0.2
"853610","2710",0.2
"853610","2733",0.2
"853610","2790",0.2
"853610","3314",0.2
"853620","2610",0.2
"853620","2710",0.2
"853620","2733",0.2
"853620","2790",0.2
"853620","3314",0.2
"853630","2610",0.2
"853630","2710",0.2
"853630","2733",0.2
"853630","2790",0.2
"853630","3314",0.2
"853641","2610",0.2
"853641","2710",0.2
"853641","2733",0.2
"853641","2790",0.2
"853641","3314",0.2
"853649","2610",0.2
"853649","2710",0.2
"853649","2733",0.2
"853649","2790",0.2
"853649","3314",0.2
"853650","2610",0.2
"853650","2710",0.2
"853650","2733",0.2
"853650","2790",0.2
"853650","3314",0.2
"853661","2610",0.2
"853661","2710",0.2
"853661","2733",0.2
"853661","2790",0.2
"853661","3314",0.2
"853669","2610",0.2
"853669","2710",0.2
"853669","2733",0.2
"853669","2790",0.2
"853669","3314",0.2
"853690","2610",0.2
"853690","2710",0.2
"853690","2733",0.2
"853690","2790",0.2
"853690","3314",0.2
"853710","2610",0.2
"853710","2710",0.2
"853710","2733",0.2
"853710","2790",0.2
"853710","3314",0.2
"853720","2610",0.2
"853720","2710",0.2
"853720","2733",0.2
"853720","2790",0.2
"853720","3314",0.2
"853810","2610",0.2
"853810","2710",0.2
"853810","2733",0.2
"853810","2790",0.2
"853810","3314",0.2
"853890","2610",0.2
"853890","2710",0.2
"853890","2733",0.2
"853890","2790",0.2
"853890","3314",0.2
"853910","2740",0.333333333333333
"853910","2790",0.333333333333333
"853910","3314",0.333333333333333
"853921","2740",0.333333333333333
"853921","2790",0.333333333333333
"853921","3314",0.333333333333333
"853922","2740",0.333333333333333
"853922","2790",0.333333333333333
"853922","3314",0.333333333333333
"853929","2740",0.333333333333333
"853929","2790",0.333333333333333
"853929","3314",0.333333333333333
"853931","2740",0.333333333333333
"853931","2790",0.333333333333333
"853931","3314",0.333333333333333
"853939","2740",0.333333333333333
"853939","2790",0.333333333333333
"853939","3314",0.333333333333333
"853940","2740",0.333333333333333
"853940","2790",0.333333333333333
"853940","3314",0.333333333333333
"853990","2740",0.333333333333333
"853990","2790",0.333333333333333
"853990","3314",0.333333333333333
"854011","2610",0.333333333333333
"854011","2790",0.333333333333333
"854011","3314",0.333333333333333
"854012","2610",0.333333333333333
"854012","2790",0.333333333333333
"854012","3314",0.333333333333333
"854020","2610",0.333333333333333
"854020","2790",0.333333333333333
"854020","3314",0.333333333333333
"854030","2610",0.333333333333333
"854030","2790",0.333333333333333
"854030","3314",0.333333333333333
"854041","2610",0.333333333333333
"854041","2790",0.333333333333333
"854041","3314",0.333333333333333
"854042","2610",0.333333333333333
"854042","2790",0.333333333333333
"854042","3314",0.333333333333333
"854049","2610",0.333333333333333
"854049","2790",0.333333333333333
"854049","3314",0.333333333333333
"854081","2610",0.333333333333333
"854081","2790",0.333333333333333
"854081","3314",0.333333333333333
"854089","2610",0.333333333333333
"854089","2790",0.333333333333333
"854089","3314",0.333333333333333
"854091","2610",0.333333333333333
"854091","2790",0.333333333333333
"854091","3314",0.333333333333333
"854099","2610",0.333333333333333
"854099","2790",0.333333333333333
"854099","3314",0.333333333333333
"854110","2610",0.333333333333333
"854110","2790",0.333333333333333
"854110","3314",0.333333333333333
"854121","2610",0.333333333333333
"854121","2790",0.333333333333333
"854121","3314",0.333333333333333
"854129","2610",0.333333333333333
"854129","2790",0.333333333333333
"854129","3314",0.333333333333333
"854130","2610",0.333333333333333
"854130","2790",0.333333333333333
"854130","3314",0.333333333333333
"854140","2610",0.333333333333333
"854140","2790",0.333333333333333
"854140","3314",0.333333333333333
"854150","2610",0.333333333333333
"854150","2790",0.333333333333333
"854150","3314",0.333333333333333
"854160","2610",0.333333333333333
"854160","2790",0.333333333333333
"854160","3314",0.333333333333333
"854190","2610",0.333333333333333
"854190","2790",0.333333333333333
"854190","3314",0.333333333333333
"854211","2610",0.333333333333333
"854211","2790",0.333333333333333
"854211","3314",0.333333333333333
"854219","2610",0.333333333333333
"854219","2790",0.333333333333333
"854219","3314",0.333333333333333
"854220","2610",0.333333333333333
"854220","2790",0.333333333333333
"854220","3314",0.333333333333333
"854280","2610",0.333333333333333
"854280","2790",0.333333333333333
"854280","3314",0.333333333333333
"854290","2610",0.333333333333333
"854290","2790",0.333333333333333
"854290","3314",0.333333333333333
"854310","2599",0.0909090909090909
"854310","2630",0.0909090909090909
"854310","2651",0.0909090909090909
"854310","2733",0.0909090909090909
"854310","2740",0.0909090909090909
"854310","2790",0.0909090909090909
"854310","2822",0.0909090909090909
"854310","2930",0.0909090909090909
"854310","3020",0.0909090909090909
"854310","3313",0.0909090909090909
"854310","3314",0.0909090909090909
"854320","2599",0.0909090909090909
"854320","2630",0.0909090909090909
"854320","2651",0.0909090909090909
"854320","2733",0.0909090909090909
"854320","2740",0.0909090909090909
"854320","2790",0.0909090909090909
"854320","2822",0.0909090909090909
"854320","2930",0.0909090909090909
"854320","3020",0.0909090909090909
"854320","3313",0.0909090909090909
"854320","3314",0.0909090909090909
"854330","2599",0.0909090909090909
"854330","2630",0.0909090909090909
"854330","2651",0.0909090909090909
"854330","2733",0.0909090909090909
"854330","2740",0.0909090909090909
"854330","2790",0.0909090909090909
"854330","2822",0.0909090909090909
"854330","2930",0.0909090909090909
"854330","3020",0.0909090909090909
"854330","3313",0.0909090909090909
"854330","3314",0.0909090909090909
"854380","2599",0.0909090909090909
"854380","2630",0.0909090909090909
"854380","2651",0.0909090909090909
"854380","2733",0.0909090909090909
"854380","2740",0.0909090909090909
"854380","2790",0.0909090909090909
"854380","2822",0.0909090909090909
"854380","2930",0.0909090909090909
"854380","3020",0.0909090909090909
"854380","3313",0.0909090909090909
"854380","3314",0.0909090909090909
"854390","2599",0.0909090909090909
"854390","2630",0.0909090909090909
"854390","2651",0.0909090909090909
"854390","2733",0.0909090909090909
"854390","2740",0.0909090909090909
"854390","2790",0.0909090909090909
"854390","2822",0.0909090909090909
"854390","2930",0.0909090909090909
"854390","3020",0.0909090909090909
"854390","3313",0.0909090909090909
"854390","3314",0.0909090909090909
"854411","2610",0.2
"854411","2731",0.2
"854411","2732",0.2
"854411","2790",0.2
"854411","3314",0.2
"854419","2610",0.2
"854419","2731",0.2
"854419","2732",0.2
"854419","2790",0.2
"854419","3314",0.2
"854420","2610",0.2
"854420","2731",0.2
"854420","2732",0.2
"854420","2790",0.2
"854420","3314",0.2
"854430","2599",0.0909090909090909
"854430","2630",0.0909090909090909
"854430","2651",0.0909090909090909
"854430","2733",0.0909090909090909
"854430","2740",0.0909090909090909
"854430","2790",0.0909090909090909
"854430","2822",0.0909090909090909
"854430","2930",0.0909090909090909
"854430","3020",0.0909090909090909
"854430","3313",0.0909090909090909
"854430","3314",0.0909090909090909
"854441","2610",0.2
"854441","2731",0.2
"854441","2732",0.2
"854441","2790",0.2
"854441","3314",0.2
"854449","2610",0.2
"854449","2731",0.2
"854449","2732",0.2
"854449","2790",0.2
"854449","3314",0.2
"854451","2610",0.2
"854451","2731",0.2
"854451","2732",0.2
"854451","2790",0.2
"854451","3314",0.2
"854459","2610",0.2
"854459","2731",0.2
"854459","2732",0.2
"854459","2790",0.2
"854459","3314",0.2
"854460","2610",0.2
"854460","2731",0.2
"854460","2732",0.2
"854460","2790",0.2
"854460","3314",0.2
"854470","2610",0.2
"854470","2731",0.2
"854470","2732",0.2
"854470","2790",0.2
"854470","3314",0.2
"854511","2599",0.0909090909090909
"854511","2630",0.0909090909090909
"854511","2651",0.0909090909090909
"854511","2733",0.0909090909090909
"854511","2740",0.0909090909090909
"854511","2790",0.0909090909090909
"854511","2822",0.0909090909090909
"854511","2930",0.0909090909090909
"854511","3020",0.0909090909090909
"854511","3313",0.0909090909090909
"854511","3314",0.0909090909090909
"854519","2599",0.0909090909090909
"854519","2630",0.0909090909090909
"854519","2651",0.0909090909090909
"854519","2733",0.0909090909090909
"854519","2740",0.0909090909090909
"854519","2790",0.0909090909090909
"854519","2822",0.0909090909090909
"854519","2930",0.0909090909090909
"854519","3020",0.0909090909090909
"854519","3313",0.0909090909090909
"854519","3314",0.0909090909090909
"854520","2599",0.0909090909090909
"854520","2630",0.0909090909090909
"854520","2651",0.0909090909090909
"854520","2733",0.0909090909090909
"854520","2740",0.0909090909090909
"854520","2790",0.0909090909090909
"854520","2822",0.0909090909090909
"854520","2930",0.0909090909090909
"854520","3020",0.0909090909090909
"854520","3313",0.0909090909090909
"854520","3314",0.0909090909090909
"854590","2599",0.0909090909090909
"854590","2630",0.0909090909090909
"854590","2651",0.0909090909090909
"854590","2733",0.0909090909090909
"854590","2740",0.0909090909090909
"854590","2790",0.0909090909090909
"854590","2822",0.0909090909090909
"854590","2930",0.0909090909090909
"854590","3020",0.0909090909090909
"854590","3313",0.0909090909090909
"854590","3314",0.0909090909090909
"854610","2310",0.5
"854610","3319",0.5
"854620","2392",0.5
"854620","2393",0.5
"854690","2599",0.0909090909090909
"854690","2630",0.0909090909090909
"854690","2651",0.0909090909090909
"854690","2733",0.0909090909090909
"854690","2740",0.0909090909090909
"854690","2790",0.0909090909090909
"854690","2822",0.0909090909090909
"854690","2930",0.0909090909090909
"854690","3020",0.0909090909090909
"854690","3313",0.0909090909090909
"854690","3314",0.0909090909090909
"854710","2392",0.5
"854710","2393",0.5
"854720","2220",0.166666666666667
"854720","2610",0.166666666666667
"854720","2733",0.166666666666667
"854720","3290",0.166666666666667
"854720","3314",0.166666666666667
"854720","3319",0.166666666666667
"854790","2599",0.0909090909090909
"854790","2630",0.0909090909090909
"854790","2651",0.0909090909090909
"854790","2733",0.0909090909090909
"854790","2740",0.0909090909090909
"854790","2790",0.0909090909090909
"854790","2822",0.0909090909090909
"854790","2930",0.0909090909090909
"854790","3020",0.0909090909090909
"854790","3313",0.0909090909090909
"854790","3314",0.0909090909090909
"854800","2599",0.0909090909090909
"854800","2630",0.0909090909090909
"854800","2651",0.0909090909090909
"854800","2733",0.0909090909090909
"854800","2740",0.0909090909090909
"854800","2790",0.0909090909090909
"854800","2822",0.0909090909090909
"854800","2930",0.0909090909090909
"854800","3020",0.0909090909090909
"854800","3313",0.0909090909090909
"854800","3314",0.0909090909090909
"860110","3020",0.5
"860110","3315",0.5
"860120","3020",0.5
"860120","3315",0.5
"860210","3020",0.5
"860210","3315",0.5
"860290","3020",0.5
"860290","3315",0.5
"860310","3020",0.5
"860310","3315",0.5
"860390","3020",0.5
"860390","3315",0.5
"860400","3020",0.5
"860400","3315",0.5
"860500","3020",0.5
"860500","3315",0.5
"860610","3020",0.5
"860610","3315",0.5
"860620","3020",0.5
"860620","3315",0.5
"860630","3020",0.5
"860630","3315",0.5
"860691","3020",0.5
"860691","3315",0.5
"860692","3020",0.5
"860692","3315",0.5
"860699","3020",0.5
"860699","3315",0.5
"860711","3020",0.5
"860711","3315",0.5
"860712","3020",0.5
"860712","3315",0.5
"860719","3020",0.5
"860719","3315",0.5
"860721","3020",0.5
"860721","3315",0.5
"860729","3020",0.5
"860729","3315",0.5
"860730","3020",0.5
"860730","3315",0.5
"860791","3020",0.5
"860791","3315",0.5
"860799","3020",0.5
"860799","3315",0.5
"860800","3020",0.5
"860800","3315",0.5
"860900","2920",0.5
"860900","3311",0.5
"870110","2821",0.333333333333333
"870110","3312",0.333333333333333
"870110","3320",0.333333333333333
"870120","2910",1
"870130","2824",0.333333333333333
"870130","3312",0.333333333333333
"870130","3320",0.333333333333333
"870190","2821",0.333333333333333
"870190","3312",0.333333333333333
"870190","3320",0.333333333333333
"870210","2910",1
"870290","2910",1
"870310","2910",1
"870321","2910",1
"870322","2910",1
"870323","2910",1
"870324","2910",1
"870331","2910",1
"870332","2910",1
"870333","2910",1
"870390","2910",1
"870410","2910",1
"870421","2910",1
"870422","2910",1
"870423","2910",1
"870431","2910",1
"870432","2910",1
"870490","2910",1
"870510","2910",1
"870520","2910",1
"870530","2910",1
"870540","2910",1
"870590","2910",1
"870600","2910",1
"870710","2920",0.5
"870710","3311",0.5
"870790","2920",0.5
"870790","3311",0.5
"870810","1392",0.333333333333333
"870810","2811",0.333333333333333
"870810","2930",0.333333333333333
"870821","1392",0.333333333333333
"870821","2811",0.333333333333333
"870821","2930",0.333333333333333
"870829","1392",0.333333333333333
"870829","2811",0.333333333333333
"870829","2930",0.333333333333333
"870831","1392",0.333333333333333
"870831","2811",0.333333333333333
"870831","2930",0.333333333333333
"870839","1392",0.333333333333333
"870839","2811",0.333333333333333
"870839","2930",0.333333333333333
"870840","1392",0.333333333333333
"870840","2811",0.333333333333333
"870840","2930",0.333333333333333
"870850","1392",0.333333333333333
"870850","2811",0.333333333333333
"870850","2930",0.333333333333333
"870860","1392",0.333333333333333
"870860","2811",0.333333333333333
"870860","2930",0.333333333333333
"870870","1392",0.333333333333333
"870870","2811",0.333333333333333
"870870","2930",0.333333333333333
"870880","1392",0.333333333333333
"870880","2811",0.333333333333333
"870880","2930",0.333333333333333
"870891","1392",0.333333333333333
"870891","2811",0.333333333333333
"870891","2930",0.333333333333333
"870892","1392",0.333333333333333
"870892","2811",0.333333333333333
"870892","2930",0.333333333333333
"870893","1392",0.333333333333333
"870893","2811",0.333333333333333
"870893","2930",0.333333333333333
"870894","1392",0.333333333333333
"870894","2811",0.333333333333333
"870894","2930",0.333333333333333
"870899","1392",0.333333333333333
"870899","2811",0.333333333333333
"870899","2930",0.333333333333333
"870911","2816",0.333333333333333
"870911","3312",0.333333333333333
"870911","3320",0.333333333333333
"870919","2816",0.333333333333333
"870919","3312",0.333333333333333
"870919","3320",0.333333333333333
"870990","2816",0.333333333333333
"870990","3312",0.333333333333333
"870990","3320",0.333333333333333
"871000","2520",0.25
"871000","3030",0.25
"871000","3040",0.25
"871000","3311",0.25
"871110","2811",0.5
"871110","3091",0.5
"871120","2811",0.5
"871120","3091",0.5
"871130","2811",0.5
"871130","3091",0.5
"871140","2811",0.5
"871140","3091",0.5
"871150","2811",0.5
"871150","3091",0.5
"871190","2811",0.5
"871190","3091",0.5
"871200","3092",1
"871310","3092",1
"871390","3092",1
"871411","2811",0.5
"871411","3091",0.5
"871419","2811",0.5
"871419","3091",0.5
"871420","3092",1
"871491","3092",1
"871492","3092",1
"871493","3092",1
"871494","3092",1
"871495","3092",1
"871496","3092",1
"871499","3092",1
"871500","1399",0.0769230769230769
"871500","1512",0.0769230769230769
"871500","1629",0.0769230769230769
"871500","1709",0.0769230769230769
"871500","2029",0.0769230769230769
"871500","2219",0.0769230769230769
"871500","2220",0.0769230769230769
"871500","2599",0.0769230769230769
"871500","2829",0.0769230769230769
"871500","3092",0.0769230769230769
"871500","3212",0.0769230769230769
"871500","3290",0.0769230769230769
"871500","3312",0.0769230769230769
"871610","2920",0.5
"871610","3311",0.5
"871620","2821",0.333333333333333
"871620","3312",0.333333333333333
"871620","3320",0.333333333333333
"871631","2920",0.5
"871631","3311",0.5
"871639","2920",0.5
"871639","3311",0.5
"871640","2920",0.5
"871640","3311",0.5
"871680","2816",0.2
"871680","3099",0.2
"871680","3100",0.2
"871680","3312",0.2
"871680","3315",0.2
"871690","2920",0.5
"871690","3311",0.5
"880110","2811",0.25
"880110","2829",0.25
"880110","3030",0.25
"880110","3315",0.25
"880190","2811",0.25
"880190","2829",0.25
"880190","3030",0.25
"880190","3315",0.25
"880211","2811",0.25
"880211","2829",0.25
"880211","3030",0.25
"880211","3315",0.25
"880212","2811",0.25
"880212","2829",0.25
"880212","3030",0.25
"880212","3315",0.25
"880220","2811",0.25
"880220","2829",0.25
"880220","3030",0.25
"880220","3315",0.25
"880230","2811",0.25
"880230","2829",0.25
"880230","3030",0.25
"880230","3315",0.25
"880240","2811",0.25
"880240","2829",0.25
"880240","3030",0.25
"880240","3315",0.25
"880250","2811",0.25
"880250","2829",0.25
"880250","3030",0.25
"880250","3315",0.25
"880310","2811",0.25
"880310","2829",0.25
"880310","3030",0.25
"880310","3315",0.25
"880320","2811",0.25
"880320","2829",0.25
"880320","3030",0.25
"880320","3315",0.25
"880330","2811",0.25
"880330","2829",0.25
"880330","3030",0.25
"880330","3315",0.25
"880390","2811",0.25
"880390","2829",0.25
"880390","3030",0.25
"880390","3315",0.25
"880400","1392",0.333333333333333
"880400","3250",0.333333333333333
"880400","3319",0.333333333333333
"880510","2811",0.25
"880510","2829",0.25
"880510","3030",0.25
"880510","3315",0.25
"880520","2811",0.25
"880520","2829",0.25
"880520","3030",0.25
"880520","3315",0.25
"890110","3011",0.5
"890110","3315",0.5
"890120","3011",0.5
"890120","3315",0.5
"890130","3011",0.5
"890130","3315",0.5
"890190","3011",0.5
"890190","3315",0.5
"890200","3011",0.5
"890200","3315",0.5
"890310","3012",0.5
"890310","3315",0.5
"890391","3012",0.5
"890391","3315",0.5
"890392","3012",0.5
"890392","3315",0.5
"890399","3012",0.5
"890399","3315",0.5
"890400","3011",0.5
"890400","3315",0.5
"890510","3011",0.5
"890510","3315",0.5
"890520","3011",0.5
"890520","3315",0.5
"890590","3011",0.5
"890590","3315",0.5
"890600","3011",0.5
"890600","3315",0.5
"890710","3011",0.5
"890710","3315",0.5
"890790","3011",0.5
"890790","3315",0.5
"900110","2670",0.2
"900110","2731",0.2
"900110","2829",0.2
"900110","3250",0.2
"900110","3313",0.2
"900120","2670",0.2
"900120","2731",0.2
"900120","2829",0.2
"900120","3250",0.2
"900120","3313",0.2
"900130","2670",0.2
"900130","2731",0.2
"900130","2829",0.2
"900130","3250",0.2
"900130","3313",0.2
"900140","2670",0.2
"900140","2731",0.2
"900140","2829",0.2
"900140","3250",0.2
"900140","3313",0.2
"900150","2670",0.2
"900150","2731",0.2
"900150","2829",0.2
"900150","3250",0.2
"900150","3313",0.2
"900190","2670",0.2
"900190","2731",0.2
"900190","2829",0.2
"900190","3250",0.2
"900190","3313",0.2
"900211","2670",0.2
"900211","2731",0.2
"900211","2829",0.2
"900211","3250",0.2
"900211","3313",0.2
"900219","2670",0.2
"900219","2731",0.2
"900219","2829",0.2
"900219","3250",0.2
"900219","3313",0.2
"900220","2670",0.2
"900220","2731",0.2
"900220","2829",0.2
"900220","3250",0.2
"900220","3313",0.2
"900290","2670",0.2
"900290","2731",0.2
"900290","2829",0.2
"900290","3250",0.2
"900290","3313",0.2
"900311","2670",0.2
"900311","2731",0.2
"900311","2829",0.2
"900311","3250",0.2
"900311","3313",0.2
"900319","2670",0.2
"900319","2731",0.2
"900319","2829",0.2
"900319","3250",0.2
"900319","3313",0.2
"900390","2670",0.2
"900390","2731",0.2
"900390","2829",0.2
"900390","3250",0.2
"900390","3313",0.2
"900410","2670",0.2
"900410","2731",0.2
"900410","2829",0.2
"900410","3250",0.2
"900410","3313",0.2
"900490","2670",0.2
"900490","2731",0.2
"900490","2829",0.2
"900490","3250",0.2
"900490","3313",0.2
"900510","2670",0.2
"900510","2731",0.2
"900510","2829",0.2
"900510","3250",0.2
"900510","3313",0.2
"900580","2670",0.2
"900580","2731",0.2
"900580","2829",0.2
"900580","3250",0.2
"900580","3313",0.2
"900590","2670",0.2
"900590","2731",0.2
"900590","2829",0.2
"900590","3250",0.2
"900590","3313",0.2
"900610","2670",0.2
"900610","2731",0.2
"900610","2829",0.2
"900610","3250",0.2
"900610","3313",0.2
"900620","2670",0.2
"900620","2731",0.2
"900620","2829",0.2
"900620","3250",0.2
"900620","3313",0.2
"900630","2670",0.2
"900630","2731",0.2
"900630","2829",0.2
"900630","3250",0.2
"900630","3313",0.2
"900640","2670",0.2
"900640","2731",0.2
"900640","2829",0.2
"900640","3250",0.2
"900640","3313",0.2
"900651","2670",0.2
"900651","2731",0.2
"900651","2829",0.2
"900651","3250",0.2
"900651","3313",0.2
"900652","2670",0.2
"900652","2731",0.2
"900652","2829",0.2
"900652","3250",0.2
"900652","3313",0.2
"900653","2670",0.2
"900653","2731",0.2
"900653","2829",0.2
"900653","3250",0.2
"900653","3313",0.2
"900659","2670",0.2
"900659","2731",0.2
"900659","2829",0.2
"900659","3250",0.2
"900659","3313",0.2
"900661","2670",0.2
"900661","2731",0.2
"900661","2829",0.2
"900661","3250",0.2
"900661","3313",0.2
"900662","2740",0.333333333333333
"900662","2790",0.333333333333333
"900662","3314",0.333333333333333
"900669","2670",0.2
"900669","2731",0.2
"900669","2829",0.2
"900669","3250",0.2
"900669","3313",0.2
"900691","2670",0.2
"900691","2731",0.2
"900691","2829",0.2
"900691","3250",0.2
"900691","3313",0.2
"900699","2670",0.2
"900699","2731",0.2
"900699","2829",0.2
"900699","3250",0.2
"900699","3313",0.2
"900711","2670",0.2
"900711","2731",0.2
"900711","2829",0.2
"900711","3250",0.2
"900711","3313",0.2
"900719","2670",0.2
"900719","2731",0.2
"900719","2829",0.2
"900719","3250",0.2
"900719","3313",0.2
"900721","2670",0.2
"900721","2731",0.2
"900721","2829",0.2
"900721","3250",0.2
"900721","3313",0.2
"900729","2670",0.2
"900729","2731",0.2
"900729","2829",0.2
"900729","3250",0.2
"900729","3313",0.2
"900791","2670",0.2
"900791","2731",0.2
"900791","2829",0.2
"900791","3250",0.2
"900791","3313",0.2
"900792","2670",0.2
"900792","2731",0.2
"900792","2829",0.2
"900792","3250",0.2
"900792","3313",0.2
"900810","2670",0.2
"900810","2731",0.2
"900810","2829",0.2
"900810","3250",0.2
"900810","3313",0.2
"900820","2670",0.2
"900820","2731",0.2
"900820","2829",0.2
"900820","3250",0.2
"900820","3313",0.2
"900830","2670",0.2
"900830","2731",0.2
"900830","2829",0.2
"900830","3250",0.2
"900830","3313",0.2
"900840","2670",0.2
"900840","2731",0.2
"900840","2829",0.2
"900840","3250",0.2
"900840","3313",0.2
"900890","2670",0.2
"900890","2731",0.2
"900890","2829",0.2
"900890","3250",0.2
"900890","3313",0.2
"900911","2610",0.25
"900911","2620",0.25
"900911","2817",0.25
"900911","3320",0.25
"900912","2610",0.25
"900912","2620",0.25
"900912","2817",0.25
"900912","3320",0.25
"900921","2610",0.25
"900921","2620",0.25
"900921","2817",0.25
"900921","3320",0.25
"900922","2610",0.25
"900922","2620",0.25
"900922","2817",0.25
"900922","3320",0.25
"900930","2610",0.25
"900930","2620",0.25
"900930","2817",0.25
"900930","3320",0.25
"900990","2610",0.25
"900990","2620",0.25
"900990","2817",0.25
"900990","3320",0.25
"901010","2670",0.2
"901010","2731",0.2
"901010","2829",0.2
"901010","3250",0.2
"901010","3313",0.2
"901020","2670",0.2
"901020","2731",0.2
"901020","2829",0.2
"901020","3250",0.2
"901020","3313",0.2
"901030","2670",0.2
"901030","2731",0.2
"901030","2829",0.2
"901030","3250",0.2
"901030","3313",0.2
"901090","2670",0.2
"901090","2731",0.2
"901090","2829",0.2
"901090","3250",0.2
"901090","3313",0.2
"901110","2670",0.2
"901110","2731",0.2
"901110","2829",0.2
"901110","3250",0.2
"901110","3313",0.2
"901120","2670",0.2
"901120","2731",0.2
"901120","2829",0.2
"901120","3250",0.2
"901120","3313",0.2
"901180","2670",0.2
"901180","2731",0.2
"901180","2829",0.2
"901180","3250",0.2
"901180","3313",0.2
"901190","2670",0.2
"901190","2731",0.2
"901190","2829",0.2
"901190","3250",0.2
"901190","3313",0.2
"901210","2651",0.142857142857143
"901210","2670",0.142857142857143
"901210","2819",0.142857142857143
"901210","2829",0.142857142857143
"901210","3250",0.142857142857143
"901210","3313",0.142857142857143
"901210","3319",0.142857142857143
"901290","2651",0.142857142857143
"901290","2670",0.142857142857143
"901290","2819",0.142857142857143
"901290","2829",0.142857142857143
"901290","3250",0.142857142857143
"901290","3313",0.142857142857143
"901290","3319",0.142857142857143
"901310","2670",0.2
"901310","2731",0.2
"901310","2829",0.2
"901310","3250",0.2
"901310","3313",0.2
"901320","2670",0.2
"901320","2731",0.2
"901320","2829",0.2
"901320","3250",0.2
"901320","3313",0.2
"901380","2670",0.2
"901380","2731",0.2
"901380","2829",0.2
"901380","3250",0.2
"901380","3313",0.2
"901390","2670",0.2
"901390","2731",0.2
"901390","2829",0.2
"901390","3250",0.2
"901390","3313",0.2
"901410","2651",0.142857142857143
"901410","2670",0.142857142857143
"901410","2819",0.142857142857143
"901410","2829",0.142857142857143
"901410","3250",0.142857142857143
"901410","3313",0.142857142857143
"901410","3319",0.142857142857143
"901420","2651",0.142857142857143
"901420","2670",0.142857142857143
"901420","2819",0.142857142857143
"901420","2829",0.142857142857143
"901420","3250",0.142857142857143
"901420","3313",0.142857142857143
"901420","3319",0.142857142857143
"901480","2651",0.142857142857143
"901480","2670",0.142857142857143
"901480","2819",0.142857142857143
"901480","2829",0.142857142857143
"901480","3250",0.142857142857143
"901480","3313",0.142857142857143
"901480","3319",0.142857142857143
"901490","2651",0.142857142857143
"901490","2670",0.142857142857143
"901490","2819",0.142857142857143
"901490","2829",0.142857142857143
"901490","3250",0.142857142857143
"901490","3313",0.142857142857143
"901490","3319",0.142857142857143
"901510","2651",0.142857142857143
"901510","2670",0.142857142857143
"901510","2819",0.142857142857143
"901510","2829",0.142857142857143
"901510","3250",0.142857142857143
"901510","3313",0.142857142857143
"901510","3319",0.142857142857143
"901520","2651",0.142857142857143
"901520","2670",0.142857142857143
"901520","2819",0.142857142857143
"901520","2829",0.142857142857143
"901520","3250",0.142857142857143
"901520","3313",0.142857142857143
"901520","3319",0.142857142857143
"901530","2651",0.142857142857143
"901530","2670",0.142857142857143
"901530","2819",0.142857142857143
"901530","2829",0.142857142857143
"901530","3250",0.142857142857143
"901530","3313",0.142857142857143
"901530","3319",0.142857142857143
"901540","2651",0.142857142857143
"901540","2670",0.142857142857143
"901540","2819",0.142857142857143
"901540","2829",0.142857142857143
"901540","3250",0.142857142857143
"901540","3313",0.142857142857143
"901540","3319",0.142857142857143
"901580","2651",0.142857142857143
"901580","2670",0.142857142857143
"901580","2819",0.142857142857143
"901580","2829",0.142857142857143
"901580","3250",0.142857142857143
"901580","3313",0.142857142857143
"901580","3319",0.142857142857143
"901590","2651",0.142857142857143
"901590","2670",0.142857142857143
"901590","2819",0.142857142857143
"901590","2829",0.142857142857143
"901590","3250",0.142857142857143
"901590","3313",0.142857142857143
"901590","3319",0.142857142857143
"901600","2651",0.142857142857143
"901600","2670",0.142857142857143
"901600","2819",0.142857142857143
"901600","2829",0.142857142857143
"901600","3250",0.142857142857143
"901600","3313",0.142857142857143
"901600","3319",0.142857142857143
"901710","2651",0.142857142857143
"901710","2670",0.142857142857143
"901710","2819",0.142857142857143
"901710","2829",0.142857142857143
"901710","3250",0.142857142857143
"901710","3313",0.142857142857143
"901710","3319",0.142857142857143
"901720","2651",0.142857142857143
"901720","2670",0.142857142857143
"901720","2819",0.142857142857143
"901720","2829",0.142857142857143
"901720","3250",0.142857142857143
"901720","3313",0.142857142857143
"901720","3319",0.142857142857143
"901730","2651",0.142857142857143
"901730","2670",0.142857142857143
"901730","2819",0.142857142857143
"901730","2829",0.142857142857143
"901730","3250",0.142857142857143
"901730","3313",0.142857142857143
"901730","3319",0.142857142857143
"901780","2651",0.142857142857143
"901780","2670",0.142857142857143
"901780","2819",0.142857142857143
"901780","2829",0.142857142857143
"901780","3250",0.142857142857143
"901780","3313",0.142857142857143
"901780","3319",0.142857142857143
"901790","2651",0.142857142857143
"901790","2670",0.142857142857143
"901790","2819",0.142857142857143
"901790","2829",0.142857142857143
"901790","3250",0.142857142857143
"901790","3313",0.142857142857143
"901790","3319",0.142857142857143
"901811","2660",0.166666666666667
"901811","3250",0.166666666666667
"901811","3290",0.166666666666667
"901811","3313",0.166666666666667
"901811","3319",0.166666666666667
"901811","3320",0.166666666666667
"901819","2660",0.166666666666667
"901819","3250",0.166666666666667
"901819","3290",0.166666666666667
"901819","3313",0.166666666666667
"901819","3319",0.166666666666667
"901819","3320",0.166666666666667
"901820","2660",0.166666666666667
"901820","3250",0.166666666666667
"901820","3290",0.166666666666667
"901820","3313",0.166666666666667
"901820","3319",0.166666666666667
"901820","3320",0.166666666666667
"901831","2660",0.166666666666667
"901831","3250",0.166666666666667
"901831","3290",0.166666666666667
"901831","3313",0.166666666666667
"901831","3319",0.166666666666667
"901831","3320",0.166666666666667
"901832","2660",0.166666666666667
"901832","3250",0.166666666666667
"901832","3290",0.166666666666667
"901832","3313",0.166666666666667
"901832","3319",0.166666666666667
"901832","3320",0.166666666666667
"901839","2660",0.166666666666667
"901839","3250",0.166666666666667
"901839","3290",0.166666666666667
"901839","3313",0.166666666666667
"901839","3319",0.166666666666667
"901839","3320",0.166666666666667
"901841","2660",0.166666666666667
"901841","3250",0.166666666666667
"901841","3290",0.166666666666667
"901841","3313",0.166666666666667
"901841","3319",0.166666666666667
"901841","3320",0.166666666666667
"901849","2660",0.166666666666667
"901849","3250",0.166666666666667
"901849","3290",0.166666666666667
"901849","3313",0.166666666666667
"901849","3319",0.166666666666667
"901849","3320",0.166666666666667
"901850","2660",0.166666666666667
"901850","3250",0.166666666666667
"901850","3290",0.166666666666667
"901850","3313",0.166666666666667
"901850","3319",0.166666666666667
"901850","3320",0.166666666666667
"901890","2660",0.166666666666667
"901890","3250",0.166666666666667
"901890","3290",0.166666666666667
"901890","3313",0.166666666666667
"901890","3319",0.166666666666667
"901890","3320",0.166666666666667
"901910","2660",0.166666666666667
"901910","3250",0.166666666666667
"901910","3290",0.166666666666667
"901910","3313",0.166666666666667
"901910","3319",0.166666666666667
"901910","3320",0.166666666666667
"901920","2660",0.166666666666667
"901920","3250",0.166666666666667
"901920","3290",0.166666666666667
"901920","3313",0.166666666666667
"901920","3319",0.166666666666667
"901920","3320",0.166666666666667
"902000","2660",0.166666666666667
"902000","3250",0.166666666666667
"902000","3290",0.166666666666667
"902000","3313",0.166666666666667
"902000","3319",0.166666666666667
"902000","3320",0.166666666666667
"902111","2660",0.166666666666667
"902111","3250",0.166666666666667
"902111","3290",0.166666666666667
"902111","3313",0.166666666666667
"902111","3319",0.166666666666667
"902111","3320",0.166666666666667
"902119","2660",0.166666666666667
"902119","3250",0.166666666666667
"902119","3290",0.166666666666667
"902119","3313",0.166666666666667
"902119","3319",0.166666666666667
"902119","3320",0.166666666666667
"902121","2660",0.166666666666667
"902121","3250",0.166666666666667
"902121","3290",0.166666666666667
"902121","3313",0.166666666666667
"902121","3319",0.166666666666667
"902121","3320",0.166666666666667
"902129","2660",0.166666666666667
"902129","3250",0.166666666666667
"902129","3290",0.166666666666667
"902129","3313",0.166666666666667
"902129","3319",0.166666666666667
"902129","3320",0.166666666666667
"902130","2660",0.166666666666667
"902130","3250",0.166666666666667
"902130","3290",0.166666666666667
"902130","3313",0.166666666666667
"902130","3319",0.166666666666667
"902130","3320",0.166666666666667
"902140","2660",0.166666666666667
"902140","3250",0.166666666666667
"902140","3290",0.166666666666667
"902140","3313",0.166666666666667
"902140","3319",0.166666666666667
"902140","3320",0.166666666666667
"902150","2660",0.166666666666667
"902150","3250",0.166666666666667
"902150","3290",0.166666666666667
"902150","3313",0.166666666666667
"902150","3319",0.166666666666667
"902150","3320",0.166666666666667
"902190","2660",0.166666666666667
"902190","3250",0.166666666666667
"902190","3290",0.166666666666667
"902190","3313",0.166666666666667
"902190","3319",0.166666666666667
"902190","3320",0.166666666666667
"902211","2660",0.166666666666667
"902211","3250",0.166666666666667
"902211","3290",0.166666666666667
"902211","3313",0.166666666666667
"902211","3319",0.166666666666667
"902211","3320",0.166666666666667
"902219","2660",0.166666666666667
"902219","3250",0.166666666666667
"902219","3290",0.166666666666667
"902219","3313",0.166666666666667
"902219","3319",0.166666666666667
"902219","3320",0.166666666666667
"902221","2660",0.166666666666667
"902221","3250",0.166666666666667
"902221","3290",0.166666666666667
"902221","3313",0.166666666666667
"902221","3319",0.166666666666667
"902221","3320",0.166666666666667
"902229","2660",0.166666666666667
"902229","3250",0.166666666666667
"902229","3290",0.166666666666667
"902229","3313",0.166666666666667
"902229","3319",0.166666666666667
"902229","3320",0.166666666666667
"902230","2660",0.166666666666667
"902230","3250",0.166666666666667
"902230","3290",0.166666666666667
"902230","3313",0.166666666666667
"902230","3319",0.166666666666667
"902230","3320",0.166666666666667
"902290","2660",0.166666666666667
"902290","3250",0.166666666666667
"902290","3290",0.166666666666667
"902290","3313",0.166666666666667
"902290","3319",0.166666666666667
"902290","3320",0.166666666666667
"902300","1399",0.0769230769230769
"902300","1512",0.0769230769230769
"902300","1629",0.0769230769230769
"902300","1709",0.0769230769230769
"902300","2029",0.0769230769230769
"902300","2219",0.0769230769230769
"902300","2220",0.0769230769230769
"902300","2599",0.0769230769230769
"902300","2829",0.0769230769230769
"902300","3092",0.0769230769230769
"902300","3212",0.0769230769230769
"902300","3290",0.0769230769230769
"902300","3312",0.0769230769230769
"902410","2651",0.142857142857143
"902410","2670",0.142857142857143
"902410","2819",0.142857142857143
"902410","2829",0.142857142857143
"902410","3250",0.142857142857143
"902410","3313",0.142857142857143
"902410","3319",0.142857142857143
"902480","2651",0.142857142857143
"902480","2670",0.142857142857143
"902480","2819",0.142857142857143
"902480","2829",0.142857142857143
"902480","3250",0.142857142857143
"902480","3313",0.142857142857143
"902480","3319",0.142857142857143
"902490","2651",0.142857142857143
"902490","2670",0.142857142857143
"902490","2819",0.142857142857143
"902490","2829",0.142857142857143
"902490","3250",0.142857142857143
"902490","3313",0.142857142857143
"902490","3319",0.142857142857143
"902511","2651",0.142857142857143
"902511","2670",0.142857142857143
"902511","2819",0.142857142857143
"902511","2829",0.142857142857143
"902511","3250",0.142857142857143
"902511","3313",0.142857142857143
"902511","3319",0.142857142857143
"902519","2651",0.142857142857143
"902519","2670",0.142857142857143
"902519","2819",0.142857142857143
"902519","2829",0.142857142857143
"902519","3250",0.142857142857143
"902519","3313",0.142857142857143
"902519","3319",0.142857142857143
"902520","2651",0.142857142857143
"902520","2670",0.142857142857143
"902520","2819",0.142857142857143
"902520","2829",0.142857142857143
"902520","3250",0.142857142857143
"902520","3313",0.142857142857143
"902520","3319",0.142857142857143
"902580","2651",0.142857142857143
"902580","2670",0.142857142857143
"902580","2819",0.142857142857143
"902580","2829",0.142857142857143
"902580","3250",0.142857142857143
"902580","3313",0.142857142857143
"902580","3319",0.142857142857143
"902590","2651",0.142857142857143
"902590","2670",0.142857142857143
"902590","2819",0.142857142857143
"902590","2829",0.142857142857143
"902590","3250",0.142857142857143
"902590","3313",0.142857142857143
"902590","3319",0.142857142857143
"902610","2651",0.142857142857143
"902610","2670",0.142857142857143
"902610","2819",0.142857142857143
"902610","2829",0.142857142857143
"902610","3250",0.142857142857143
"902610","3313",0.142857142857143
"902610","3319",0.142857142857143
"902620","2651",0.142857142857143
"902620","2670",0.142857142857143
"902620","2819",0.142857142857143
"902620","2829",0.142857142857143
"902620","3250",0.142857142857143
"902620","3313",0.142857142857143
"902620","3319",0.142857142857143
"902680","2651",0.142857142857143
"902680","2670",0.142857142857143
"902680","2819",0.142857142857143
"902680","2829",0.142857142857143
"902680","3250",0.142857142857143
"902680","3313",0.142857142857143
"902680","3319",0.142857142857143
"902690","2651",0.142857142857143
"902690","2670",0.142857142857143
"902690","2819",0.142857142857143
"902690","2829",0.142857142857143
"902690","3250",0.142857142857143
"902690","3313",0.142857142857143
"902690","3319",0.142857142857143
"902710","2651",0.142857142857143
"902710","2670",0.142857142857143
"902710","2819",0.142857142857143
"902710","2829",0.142857142857143
"902710","3250",0.142857142857143
"902710","3313",0.142857142857143
"902710","3319",0.142857142857143
"902720","2651",0.142857142857143
"902720","2670",0.142857142857143
"902720","2819",0.142857142857143
"902720","2829",0.142857142857143
"902720","3250",0.142857142857143
"902720","3313",0.142857142857143
"902720","3319",0.142857142857143
"902730","2651",0.142857142857143
"902730","2670",0.142857142857143
"902730","2819",0.142857142857143
"902730","2829",0.142857142857143
"902730","3250",0.142857142857143
"902730","3313",0.142857142857143
"902730","3319",0.142857142857143
"902740","2651",0.142857142857143
"902740","2670",0.142857142857143
"902740","2819",0.142857142857143
"902740","2829",0.142857142857143
"902740","3250",0.142857142857143
"902740","3313",0.142857142857143
"902740","3319",0.142857142857143
"902750","2651",0.142857142857143
"902750","2670",0.142857142857143
"902750","2819",0.142857142857143
"902750","2829",0.142857142857143
"902750","3250",0.142857142857143
"902750","3313",0.142857142857143
"902750","3319",0.142857142857143
"902780","2651",0.142857142857143
"902780","2670",0.142857142857143
"902780","2819",0.142857142857143
"902780","2829",0.142857142857143
"902780","3250",0.142857142857143
"902780","3313",0.142857142857143
"902780","3319",0.142857142857143
"902790","2651",0.142857142857143
"902790","2670",0.142857142857143
"902790","2819",0.142857142857143
"902790","2829",0.142857142857143
"902790","3250",0.142857142857143
"902790","3313",0.142857142857143
"902790","3319",0.142857142857143
"902810","2651",0.142857142857143
"902810","2670",0.142857142857143
"902810","2819",0.142857142857143
"902810","2829",0.142857142857143
"902810","3250",0.142857142857143
"902810","3313",0.142857142857143
"902810","3319",0.142857142857143
"902820","2651",0.142857142857143
"902820","2670",0.142857142857143
"902820","2819",0.142857142857143
"902820","2829",0.142857142857143
"902820","3250",0.142857142857143
"902820","3313",0.142857142857143
"902820","3319",0.142857142857143
"902830","2651",0.142857142857143
"902830","2670",0.142857142857143
"902830","2819",0.142857142857143
"902830","2829",0.142857142857143
"902830","3250",0.142857142857143
"902830","3313",0.142857142857143
"902830","3319",0.142857142857143
"902890","2651",0.142857142857143
"902890","2670",0.142857142857143
"902890","2819",0.142857142857143
"902890","2829",0.142857142857143
"902890","3250",0.142857142857143
"902890","3313",0.142857142857143
"902890","3319",0.142857142857143
"902910","2651",0.142857142857143
"902910","2670",0.142857142857143
"902910","2819",0.142857142857143
"902910","2829",0.142857142857143
"902910","3250",0.142857142857143
"902910","3313",0.142857142857143
"902910","3319",0.142857142857143
"902920","2651",0.142857142857143
"902920","2670",0.142857142857143
"902920","2819",0.142857142857143
"902920","2829",0.142857142857143
"902920","3250",0.142857142857143
"902920","3313",0.142857142857143
"902920","3319",0.142857142857143
"902990","2651",0.142857142857143
"902990","2670",0.142857142857143
"902990","2819",0.142857142857143
"902990","2829",0.142857142857143
"902990","3250",0.142857142857143
"902990","3313",0.142857142857143
"902990","3319",0.142857142857143
"903010","2651",0.142857142857143
"903010","2670",0.142857142857143
"903010","2819",0.142857142857143
"903010","2829",0.142857142857143
"903010","3250",0.142857142857143
"903010","3313",0.142857142857143
"903010","3319",0.142857142857143
"903020","2651",0.142857142857143
"903020","2670",0.142857142857143
"903020","2819",0.142857142857143
"903020","2829",0.142857142857143
"903020","3250",0.142857142857143
"903020","3313",0.142857142857143
"903020","3319",0.142857142857143
"903031","2651",0.142857142857143
"903031","2670",0.142857142857143
"903031","2819",0.142857142857143
"903031","2829",0.142857142857143
"903031","3250",0.142857142857143
"903031","3313",0.142857142857143
"903031","3319",0.142857142857143
"903039","2651",0.142857142857143
"903039","2670",0.142857142857143
"903039","2819",0.142857142857143
"903039","2829",0.142857142857143
"903039","3250",0.142857142857143
"903039","3313",0.142857142857143
"903039","3319",0.142857142857143
"903040","2651",0.142857142857143
"903040","2670",0.142857142857143
"903040","2819",0.142857142857143
"903040","2829",0.142857142857143
"903040","3250",0.142857142857143
"903040","3313",0.142857142857143
"903040","3319",0.142857142857143
"903081","2651",0.142857142857143
"903081","2670",0.142857142857143
"903081","2819",0.142857142857143
"903081","2829",0.142857142857143
"903081","3250",0.142857142857143
"903081","3313",0.142857142857143
"903081","3319",0.142857142857143
"903089","2651",0.142857142857143
"903089","2670",0.142857142857143
"903089","2819",0.142857142857143
"903089","2829",0.142857142857143
"903089","3250",0.142857142857143
"903089","3313",0.142857142857143
"903089","3319",0.142857142857143
"903090","2651",0.142857142857143
"903090","2670",0.142857142857143
"903090","2819",0.142857142857143
"903090","2829",0.142857142857143
"903090","3250",0.142857142857143
"903090","3313",0.142857142857143
"903090","3319",0.142857142857143
"903110","2651",0.142857142857143
"903110","2670",0.142857142857143
"903110","2819",0.142857142857143
"903110","2829",0.142857142857143
"903110","3250",0.142857142857143
"903110","3313",0.142857142857143
"903110","3319",0.142857142857143
"903120","2651",0.142857142857143
"903120","2670",0.142857142857143
"903120","2819",0.142857142857143
"903120","2829",0.142857142857143
"903120","3250",0.142857142857143
"903120","3313",0.142857142857143
"903120","3319",0.142857142857143
"903130","2651",0.142857142857143
"903130","2670",0.142857142857143
"903130","2819",0.142857142857143
"903130","2829",0.142857142857143
"903130","3250",0.142857142857143
"903130","3313",0.142857142857143
"903130","3319",0.142857142857143
"903140","2651",0.142857142857143
"903140","2670",0.142857142857143
"903140","2819",0.142857142857143
"903140","2829",0.142857142857143
"903140","3250",0.142857142857143
"903140","3313",0.142857142857143
"903140","3319",0.142857142857143
"903180","2651",0.142857142857143
"903180","2670",0.142857142857143
"903180","2819",0.142857142857143
"903180","2829",0.142857142857143
"903180","3250",0.142857142857143
"903180","3313",0.142857142857143
"903180","3319",0.142857142857143
"903190","2651",0.142857142857143
"903190","2670",0.142857142857143
"903190","2819",0.142857142857143
"903190","2829",0.142857142857143
"903190","3250",0.142857142857143
"903190","3313",0.142857142857143
"903190","3319",0.142857142857143
"903210","2651",0.333333333333333
"903210","3313",0.333333333333333
"903210","3320",0.333333333333333
"903220","2651",0.333333333333333
"903220","3313",0.333333333333333
"903220","3320",0.333333333333333
"903281","2651",0.333333333333333
"903281","3313",0.333333333333333
"903281","3320",0.333333333333333
"903289","2651",0.333333333333333
"903289","3313",0.333333333333333
"903289","3320",0.333333333333333
"903290","2651",0.333333333333333
"903290","3313",0.333333333333333
"903290","3320",0.333333333333333
"903300","2651",0.142857142857143
"903300","2670",0.142857142857143
"903300","2819",0.142857142857143
"903300","2829",0.142857142857143
"903300","3250",0.142857142857143
"903300","3313",0.142857142857143
"903300","3319",0.142857142857143
"910111","2652",0.25
"910111","3211",0.25
"910111","3212",0.25
"910111","3319",0.25
"910112","2652",0.25
"910112","3211",0.25
"910112","3212",0.25
"910112","3319",0.25
"910119","2652",0.25
"910119","3211",0.25
"910119","3212",0.25
"910119","3319",0.25
"910121","2652",0.25
"910121","3211",0.25
"910121","3212",0.25
"910121","3319",0.25
"910129","2652",0.25
"910129","3211",0.25
"910129","3212",0.25
"910129","3319",0.25
"910191","2652",0.25
"910191","3211",0.25
"910191","3212",0.25
"910191","3319",0.25
"910199","2652",0.25
"910199","3211",0.25
"910199","3212",0.25
"910199","3319",0.25
"910211","2652",0.25
"910211","3211",0.25
"910211","3212",0.25
"910211","3319",0.25
"910212","2652",0.25
"910212","3211",0.25
"910212","3212",0.25
"910212","3319",0.25
"910219","2652",0.25
"910219","3211",0.25
"910219","3212",0.25
"910219","3319",0.25
"910221","2652",0.25
"910221","3211",0.25
"910221","3212",0.25
"910221","3319",0.25
"910229","2652",0.25
"910229","3211",0.25
"910229","3212",0.25
"910229","3319",0.25
"910291","2652",0.25
"910291","3211",0.25
"910291","3212",0.25
"910291","3319",0.25
"910299","2652",0.25
"910299","3211",0.25
"910299","3212",0.25
"910299","3319",0.25
"910310","2652",0.25
"910310","3211",0.25
"910310","3212",0.25
"910310","3319",0.25
"910390","2652",0.25
"910390","3211",0.25
"910390","3212",0.25
"910390","3319",0.25
"910400","2652",0.25
"910400","3211",0.25
"910400","3212",0.25
"910400","3319",0.25
"910511","2652",0.25
"910511","3211",0.25
"910511","3212",0.25
"910511","3319",0.25
"910519","2652",0.25
"910519","3211",0.25
"910519","3212",0.25
"910519","3319",0.25
"910521","2652",0.25
"910521","3211",0.25
"910521","3212",0.25
"910521","3319",0.25
"910529","2652",0.25
"910529","3211",0.25
"910529","3212",0.25
"910529","3319",0.25
"910591","2652",0.25
"910591","3211",0.25
"910591","3212",0.25
"910591","3319",0.25
"910599","2652",0.25
"910599","3211",0.25
"910599","3212",0.25
"910599","3319",0.25
"910610","2652",0.25
"910610","3211",0.25
"910610","3212",0.25
"910610","3319",0.25
"910620","2652",0.25
"910620","3211",0.25
"910620","3212",0.25
"910620","3319",0.25
"910690","2652",0.25
"910690","3211",0.25
"910690","3212",0.25
"910690","3319",0.25
"910700","2652",0.25
"910700","3211",0.25
"910700","3212",0.25
"910700","3319",0.25
"910811","2652",0.25
"910811","3211",0.25
"910811","3212",0.25
"910811","3319",0.25
"910812","2652",0.25
"910812","3211",0.25
"910812","3212",0.25
"910812","3319",0.25
"910819","2652",0.25
"910819","3211",0.25
"910819","3212",0.25
"910819","3319",0.25
"910820","2652",0.25
"910820","3211",0.25
"910820","3212",0.25
"910820","3319",0.25
"910891","2652",0.25
"910891","3211",0.25
"910891","3212",0.25
"910891","3319",0.25
"910899","2652",0.25
"910899","3211",0.25
"910899","3212",0.25
"910899","3319",0.25
"910911","2652",0.25
"910911","3211",0.25
"910911","3212",0.25
"910911","3319",0.25
"910919","2652",0.25
"910919","3211",0.25
"910919","3212",0.25
"910919","3319",0.25
"910990","2652",0.25
"910990","3211",0.25
"910990","3212",0.25
"910990","3319",0.25
"911011","2652",0.25
"911011","3211",0.25
"911011","3212",0.25
"911011","3319",0.25
"911012","2652",0.25
"911012","3211",0.25
"911012","3212",0.25
"911012","3319",0.25
"911019","2652",0.25
"911019","3211",0.25
"911019","3212",0.25
"911019","3319",0.25
"911090","2652",0.25
"911090","3211",0.25
"911090","3212",0.25
"911090","3319",0.25
"911110","2652",0.25
"911110","3211",0.25
"911110","3212",0.25
"911110","3319",0.25
"911120","2652",0.25
"911120","3211",0.25
"911120","3212",0.25
"911120","3319",0.25
"911180","2652",0.25
"911180","3211",0.25
"911180","3212",0.25
"911180","3319",0.25
"911190","2652",0.25
"911190","3211",0.25
"911190","3212",0.25
"911190","3319",0.25
"911210","2652",0.25
"911210","3211",0.25
"911210","3212",0.25
"911210","3319",0.25
"911280","2652",0.25
"911280","3211",0.25
"911280","3212",0.25
"911280","3319",0.25
"911290","2652",0.25
"911290","3211",0.25
"911290","3212",0.25
"911290","3319",0.25
"911310","2652",0.25
"911310","3211",0.25
"911310","3212",0.25
"911310","3319",0.25
"911320","2652",0.25
"911320","3211",0.25
"911320","3212",0.25
"911320","3319",0.25
"911390","1512",0.5
"911390","3290",0.5
"911410","2652",0.25
"911410","3211",0.25
"911410","3212",0.25
"911410","3319",0.25
"911420","2652",0.25
"911420","3211",0.25
"911420","3212",0.25
"911420","3319",0.25
"911430","2652",0.25
"911430","3211",0.25
"911430","3212",0.25
"911430","3319",0.25
"911440","2652",0.25
"911440","3211",0.25
"911440","3212",0.25
"911440","3319",0.25
"911490","2652",0.25
"911490","3211",0.25
"911490","3212",0.25
"911490","3319",0.25
"920110","3220",0.5
"920110","3319",0.5
"920120","3220",0.5
"920120","3319",0.5
"920190","3220",0.5
"920190","3319",0.5
"920210","3220",0.5
"920210","3319",0.5
"920290","3220",0.5
"920290","3319",0.5
"920300","3220",0.5
"920300","3319",0.5
"920410","3220",0.5
"920410","3319",0.5
"920420","3220",0.5
"920420","3319",0.5
"920510","3220",0.5
"920510","3319",0.5
"920590","3220",0.5
"920590","3319",0.5
"920600","3220",0.5
"920600","3319",0.5
"920710","3220",0.5
"920710","3319",0.5
"920790","3220",0.5
"920790","3319",0.5
"920810","3220",0.5
"920810","3319",0.5
"920890","3220",0.5
"920890","3319",0.5
"920910","3220",0.5
"920910","3319",0.5
"920920","3220",0.5
"920920","3319",0.5
"920930","3220",0.5
"920930","3319",0.5
"920991","3220",0.5
"920991","3319",0.5
"920992","3220",0.5
"920992","3319",0.5
"920993","3220",0.5
"920993","3319",0.5
"920994","3220",0.5
"920994","3319",0.5
"920999","3220",0.5
"920999","3319",0.5
"930100","2520",0.25
"930100","3030",0.25
"930100","3040",0.25
"930100","3311",0.25
"930200","2520",0.25
"930200","3030",0.25
"930200","3040",0.25
"930200","3311",0.25
"930310","2520",0.25
"930310","3030",0.25
"930310","3040",0.25
"930310","3311",0.25
"930320","2520",0.25
"930320","3030",0.25
"930320","3040",0.25
"930320","3311",0.25
"930330","2520",0.25
"930330","3030",0.25
"930330","3040",0.25
"930330","3311",0.25
"930390","2520",0.25
"930390","3030",0.25
"930390","3040",0.25
"930390","3311",0.25
"930400","2520",0.25
"930400","3030",0.25
"930400","3040",0.25
"930400","3311",0.25
"930510","2520",0.25
"930510","3030",0.25
"930510","3040",0.25
"930510","3311",0.25
"930521","2520",0.25
"930521","3030",0.25
"930521","3040",0.25
"930521","3311",0.25
"930529","2520",0.25
"930529","3030",0.25
"930529","3040",0.25
"930529","3311",0.25
"930590","2520",0.25
"930590","3030",0.25
"930590","3040",0.25
"930590","3311",0.25
"930610","2520",0.25
"930610","3030",0.25
"930610","3040",0.25
"930610","3311",0.25
"930621","2520",0.25
"930621","3030",0.25
"930621","3040",0.25
"930621","3311",0.25
"930629","2520",0.25
"930629","3030",0.25
"930629","3040",0.25
"930629","3311",0.25
"930630","2520",0.25
"930630","3030",0.25
"930630","3040",0.25
"930630","3311",0.25
"930690","2520",0.25
"930690","3030",0.25
"930690","3040",0.25
"930690","3311",0.25
"930700","2599",0.25
"930700","2817",0.25
"930700","3290",0.25
"930700","3311",0.25
"940110","2219",0.111111111111111
"940110","2220",0.111111111111111
"940110","2817",0.111111111111111
"940110","2930",0.111111111111111
"940110","3011",0.111111111111111
"940110","3020",0.111111111111111
"940110","3030",0.111111111111111
"940110","3100",0.111111111111111
"940110","9524",0.111111111111111
"940120","2219",0.111111111111111
"940120","2220",0.111111111111111
"940120","2817",0.111111111111111
"940120","2930",0.111111111111111
"940120","3011",0.111111111111111
"940120","3020",0.111111111111111
"940120","3030",0.111111111111111
"940120","3100",0.111111111111111
"940120","9524",0.111111111111111
"940130","2219",0.111111111111111
"940130","2220",0.111111111111111
"940130","2817",0.111111111111111
"940130","2930",0.111111111111111
"940130","3011",0.111111111111111
"940130","3020",0.111111111111111
"940130","3030",0.111111111111111
"940130","3100",0.111111111111111
"940130","9524",0.111111111111111
"940140","2219",0.111111111111111
"940140","2220",0.111111111111111
"940140","2817",0.111111111111111
"940140","2930",0.111111111111111
"940140","3011",0.111111111111111
"940140","3020",0.111111111111111
"940140","3030",0.111111111111111
"940140","3100",0.111111111111111
"940140","9524",0.111111111111111
"940150","2219",0.111111111111111
"940150","2220",0.111111111111111
"940150","2817",0.111111111111111
"940150","2930",0.111111111111111
"940150","3011",0.111111111111111
"940150","3020",0.111111111111111
"940150","3030",0.111111111111111
"940150","3100",0.111111111111111
"940150","9524",0.111111111111111
"940161","2219",0.111111111111111
"940161","2220",0.111111111111111
"940161","2817",0.111111111111111
"940161","2930",0.111111111111111
"940161","3011",0.111111111111111
"940161","3020",0.111111111111111
"940161","3030",0.111111111111111
"940161","3100",0.111111111111111
"940161","9524",0.111111111111111
"940169","2219",0.111111111111111
"940169","2220",0.111111111111111
"940169","2817",0.111111111111111
"940169","2930",0.111111111111111
"940169","3011",0.111111111111111
"940169","3020",0.111111111111111
"940169","3030",0.111111111111111
"940169","3100",0.111111111111111
"940169","9524",0.111111111111111
"940171","2219",0.111111111111111
"940171","2220",0.111111111111111
"940171","2817",0.111111111111111
"940171","2930",0.111111111111111
"940171","3011",0.111111111111111
"940171","3020",0.111111111111111
"940171","3030",0.111111111111111
"940171","3100",0.111111111111111
"940171","9524",0.111111111111111
"940179","2219",0.111111111111111
"940179","2220",0.111111111111111
"940179","2817",0.111111111111111
"940179","2930",0.111111111111111
"940179","3011",0.111111111111111
"940179","3020",0.111111111111111
"940179","3030",0.111111111111111
"940179","3100",0.111111111111111
"940179","9524",0.111111111111111
"940180","2219",0.111111111111111
"940180","2220",0.111111111111111
"940180","2817",0.111111111111111
"940180","2930",0.111111111111111
"940180","3011",0.111111111111111
"940180","3020",0.111111111111111
"940180","3030",0.111111111111111
"940180","3100",0.111111111111111
"940180","9524",0.111111111111111
"940190","2219",0.111111111111111
"940190","2220",0.111111111111111
"940190","2817",0.111111111111111
"940190","2930",0.111111111111111
"940190","3011",0.111111111111111
"940190","3020",0.111111111111111
"940190","3030",0.111111111111111
"940190","3100",0.111111111111111
"940190","9524",0.111111111111111
"940210","2660",0.166666666666667
"940210","3250",0.166666666666667
"940210","3290",0.166666666666667
"940210","3313",0.166666666666667
"940210","3319",0.166666666666667
"940210","3320",0.166666666666667
"940290","2660",0.166666666666667
"940290","3250",0.166666666666667
"940290","3290",0.166666666666667
"940290","3313",0.166666666666667
"940290","3319",0.166666666666667
"940290","3320",0.166666666666667
"940310","2219",0.111111111111111
"940310","2220",0.111111111111111
"940310","2817",0.111111111111111
"940310","2930",0.111111111111111
"940310","3011",0.111111111111111
"940310","3020",0.111111111111111
"940310","3030",0.111111111111111
"940310","3100",0.111111111111111
"940310","9524",0.111111111111111
"940320","2219",0.111111111111111
"940320","2220",0.111111111111111
"940320","2817",0.111111111111111
"940320","2930",0.111111111111111
"940320","3011",0.111111111111111
"940320","3020",0.111111111111111
"940320","3030",0.111111111111111
"940320","3100",0.111111111111111
"940320","9524",0.111111111111111
"940330","2219",0.111111111111111
"940330","2220",0.111111111111111
"940330","2817",0.111111111111111
"940330","2930",0.111111111111111
"940330","3011",0.111111111111111
"940330","3020",0.111111111111111
"940330","3030",0.111111111111111
"940330","3100",0.111111111111111
"940330","9524",0.111111111111111
"940340","2219",0.111111111111111
"940340","2220",0.111111111111111
"940340","2817",0.111111111111111
"940340","2930",0.111111111111111
"940340","3011",0.111111111111111
"940340","3020",0.111111111111111
"940340","3030",0.111111111111111
"940340","3100",0.111111111111111
"940340","9524",0.111111111111111
"940350","2219",0.111111111111111
"940350","2220",0.111111111111111
"940350","2817",0.111111111111111
"940350","2930",0.111111111111111
"940350","3011",0.111111111111111
"940350","3020",0.111111111111111
"940350","3030",0.111111111111111
"940350","3100",0.111111111111111
"940350","9524",0.111111111111111
"940360","2219",0.111111111111111
"940360","2220",0.111111111111111
"940360","2817",0.111111111111111
"940360","2930",0.111111111111111
"940360","3011",0.111111111111111
"940360","3020",0.111111111111111
"940360","3030",0.111111111111111
"940360","3100",0.111111111111111
"940360","9524",0.111111111111111
"940370","2219",0.111111111111111
"940370","2220",0.111111111111111
"940370","2817",0.111111111111111
"940370","2930",0.111111111111111
"940370","3011",0.111111111111111
"940370","3020",0.111111111111111
"940370","3030",0.111111111111111
"940370","3100",0.111111111111111
"940370","9524",0.111111111111111
"940380","2219",0.111111111111111
"940380","2220",0.111111111111111
"940380","2817",0.111111111111111
"940380","2930",0.111111111111111
"940380","3011",0.111111111111111
"940380","3020",0.111111111111111
"940380","3030",0.111111111111111
"940380","3100",0.111111111111111
"940380","9524",0.111111111111111
"940390","2219",0.111111111111111
"940390","2220",0.111111111111111
"940390","2817",0.111111111111111
"940390","2930",0.111111111111111
"940390","3011",0.111111111111111
"940390","3020",0.111111111111111
"940390","3030",0.111111111111111
"940390","3100",0.111111111111111
"940390","9524",0.111111111111111
"940410","2219",0.111111111111111
"940410","2220",0.111111111111111
"940410","2817",0.111111111111111
"940410","2930",0.111111111111111
"940410","3011",0.111111111111111
"940410","3020",0.111111111111111
"940410","3030",0.111111111111111
"940410","3100",0.111111111111111
"940410","9524",0.111111111111111
"940421","2219",0.111111111111111
"940421","2220",0.111111111111111
"940421","2817",0.111111111111111
"940421","2930",0.111111111111111
"940421","3011",0.111111111111111
"940421","3020",0.111111111111111
"940421","3030",0.111111111111111
"940421","3100",0.111111111111111
"940421","9524",0.111111111111111
"940429","2219",0.111111111111111
"940429","2220",0.111111111111111
"940429","2817",0.111111111111111
"940429","2930",0.111111111111111
"940429","3011",0.111111111111111
"940429","3020",0.111111111111111
"940429","3030",0.111111111111111
"940429","3100",0.111111111111111
"940429","9524",0.111111111111111
"940430","1392",0.333333333333333
"940430","3250",0.333333333333333
"940430","3319",0.333333333333333
"940490","1392",0.333333333333333
"940490","3250",0.333333333333333
"940490","3319",0.333333333333333
"940510","2740",0.333333333333333
"940510","2790",0.333333333333333
"940510","3314",0.333333333333333
"940520","2740",0.333333333333333
"940520","2790",0.333333333333333
"940520","3314",0.333333333333333
"940530","2740",0.333333333333333
"940530","2790",0.333333333333333
"940530","3314",0.333333333333333
"940540","2740",0.333333333333333
"940540","2790",0.333333333333333
"940540","3314",0.333333333333333
"940550","2740",0.333333333333333
"940550","2790",0.333333333333333
"940550","3314",0.333333333333333
"940560","2740",0.333333333333333
"940560","2790",0.333333333333333
"940560","3314",0.333333333333333
"940591","2310",0.5
"940591","3319",0.5
"940592","2220",0.166666666666667
"940592","2610",0.166666666666667
"940592","2733",0.166666666666667
"940592","3290",0.166666666666667
"940592","3314",0.166666666666667
"940592","3319",0.166666666666667
"940599","2740",0.333333333333333
"940599","2790",0.333333333333333
"940599","3314",0.333333333333333
"940600","2511",0.5
"940600","3311",0.5
"950100","2640",0.2
"950100","2829",0.2
"950100","3240",0.2
"950100","3312",0.2
"950100","3319",0.2
"950210","2640",0.2
"950210","2829",0.2
"950210","3240",0.2
"950210","3312",0.2
"950210","3319",0.2
"950291","2640",0.2
"950291","2829",0.2
"950291","3240",0.2
"950291","3312",0.2
"950291","3319",0.2
"950299","2640",0.2
"950299","2829",0.2
"950299","3240",0.2
"950299","3312",0.2
"950299","3319",0.2
"950310","2640",0.2
"950310","2829",0.2
"950310","3240",0.2
"950310","3312",0.2
"950310","3319",0.2
"950320","2640",0.2
"950320","2829",0.2
"950320","3240",0.2
"950320","3312",0.2
"950320","3319",0.2
"950330","2640",0.2
"950330","2829",0.2
"950330","3240",0.2
"950330","3312",0.2
"950330","3319",0.2
"950341","2640",0.2
"950341","2829",0.2
"950341","3240",0.2
"950341","3312",0.2
"950341","3319",0.2
"950349","2640",0.2
"950349","2829",0.2
"950349","3240",0.2
"950349","3312",0.2
"950349","3319",0.2
"950350","2640",0.2
"950350","2829",0.2
"950350","3240",0.2
"950350","3312",0.2
"950350","3319",0.2
"950360","2640",0.2
"950360","2829",0.2
"950360","3240",0.2
"950360","3312",0.2
"950360","3319",0.2
"950370","2640",0.2
"950370","2829",0.2
"950370","3240",0.2
"950370","3312",0.2
"950370","3319",0.2
"950380","2640",0.2
"950380","2829",0.2
"950380","3240",0.2
"950380","3312",0.2
"950380","3319",0.2
"950390","2640",0.2
"950390","2829",0.2
"950390","3240",0.2
"950390","3312",0.2
"950390","3319",0.2
"950410","2640",0.2
"950410","2829",0.2
"950410","3240",0.2
"950410","3312",0.2
"950410","3319",0.2
"950420","2640",0.2
"950420","2829",0.2
"950420","3240",0.2
"950420","3312",0.2
"950420","3319",0.2
"950430","2640",0.2
"950430","2829",0.2
"950430","3240",0.2
"950430","3312",0.2
"950430","3319",0.2
"950440","2640",0.2
"950440","2829",0.2
"950440","3240",0.2
"950440","3312",0.2
"950440","3319",0.2
"950490","2640",0.2
"950490","2829",0.2
"950490","3240",0.2
"950490","3312",0.2
"950490","3319",0.2
"950510","1399",0.0769230769230769
"950510","1512",0.0769230769230769
"950510","1629",0.0769230769230769
"950510","1709",0.0769230769230769
"950510","2029",0.0769230769230769
"950510","2219",0.0769230769230769
"950510","2220",0.0769230769230769
"950510","2599",0.0769230769230769
"950510","2829",0.0769230769230769
"950510","3092",0.0769230769230769
"950510","3212",0.0769230769230769
"950510","3290",0.0769230769230769
"950510","3312",0.0769230769230769
"950590","1399",0.0769230769230769
"950590","1512",0.0769230769230769
"950590","1629",0.0769230769230769
"950590","1709",0.0769230769230769
"950590","2029",0.0769230769230769
"950590","2219",0.0769230769230769
"950590","2220",0.0769230769230769
"950590","2599",0.0769230769230769
"950590","2829",0.0769230769230769
"950590","3092",0.0769230769230769
"950590","3212",0.0769230769230769
"950590","3290",0.0769230769230769
"950590","3312",0.0769230769230769
"950611","3230",0.5
"950611","3290",0.5
"950612","3230",0.5
"950612","3290",0.5
"950619","3230",0.5
"950619","3290",0.5
"950621","3230",0.5
"950621","3290",0.5
"950629","3230",0.5
"950629","3290",0.5
"950631","3230",0.5
"950631","3290",0.5
"950632","3230",0.5
"950632","3290",0.5
"950639","3230",0.5
"950639","3290",0.5
"950640","3230",0.5
"950640","3290",0.5
"950651","3230",0.5
"950651","3290",0.5
"950659","3230",0.5
"950659","3290",0.5
"950661","3230",0.5
"950661","3290",0.5
"950662","3230",0.5
"950662","3290",0.5
"950669","3230",0.5
"950669","3290",0.5
"950670","3230",0.5
"950670","3290",0.5
"950691","3230",0.5
"950691","3290",0.5
"950699","3230",0.5
"950699","3290",0.5
"950710","3230",0.5
"950710","3290",0.5
"950720","3230",0.5
"950720","3290",0.5
"950730","3230",0.5
"950730","3290",0.5
"950790","3230",0.5
"950790","3290",0.5
"950800","1399",0.0769230769230769
"950800","1512",0.0769230769230769
"950800","1629",0.0769230769230769
"950800","1709",0.0769230769230769
"950800","2029",0.0769230769230769
"950800","2219",0.0769230769230769
"950800","2220",0.0769230769230769
"950800","2599",0.0769230769230769
"950800","2829",0.0769230769230769
"950800","3092",0.0769230769230769
"950800","3212",0.0769230769230769
"950800","3290",0.0769230769230769
"950800","3312",0.0769230769230769
"960110","1399",0.0769230769230769
"960110","1512",0.0769230769230769
"960110","1629",0.0769230769230769
"960110","1709",0.0769230769230769
"960110","2029",0.0769230769230769
"960110","2219",0.0769230769230769
"960110","2220",0.0769230769230769
"960110","2599",0.0769230769230769
"960110","2829",0.0769230769230769
"960110","3092",0.0769230769230769
"960110","3212",0.0769230769230769
"960110","3290",0.0769230769230769
"960110","3312",0.0769230769230769
"960190","1399",0.0769230769230769
"960190","1512",0.0769230769230769
"960190","1629",0.0769230769230769
"960190","1709",0.0769230769230769
"960190","2029",0.0769230769230769
"960190","2219",0.0769230769230769
"960190","2220",0.0769230769230769
"960190","2599",0.0769230769230769
"960190","2829",0.0769230769230769
"960190","3092",0.0769230769230769
"960190","3212",0.0769230769230769
"960190","3290",0.0769230769230769
"960190","3312",0.0769230769230769
"960200","1399",0.0769230769230769
"960200","1512",0.0769230769230769
"960200","1629",0.0769230769230769
"960200","1709",0.0769230769230769
"960200","2029",0.0769230769230769
"960200","2219",0.0769230769230769
"960200","2220",0.0769230769230769
"960200","2599",0.0769230769230769
"960200","2829",0.0769230769230769
"960200","3092",0.0769230769230769
"960200","3212",0.0769230769230769
"960200","3290",0.0769230769230769
"960200","3312",0.0769230769230769
"960310","1399",0.0769230769230769
"960310","1512",0.0769230769230769
"960310","1629",0.0769230769230769
"960310","1709",0.0769230769230769
"960310","2029",0.0769230769230769
"960310","2219",0.0769230769230769
"960310","2220",0.0769230769230769
"960310","2599",0.0769230769230769
"960310","2829",0.0769230769230769
"960310","3092",0.0769230769230769
"960310","3212",0.0769230769230769
"960310","3290",0.0769230769230769
"960310","3312",0.0769230769230769
"960321","1399",0.0769230769230769
"960321","1512",0.0769230769230769
"960321","1629",0.0769230769230769
"960321","1709",0.0769230769230769
"960321","2029",0.0769230769230769
"960321","2219",0.0769230769230769
"960321","2220",0.0769230769230769
"960321","2599",0.0769230769230769
"960321","2829",0.0769230769230769
"960321","3092",0.0769230769230769
"960321","3212",0.0769230769230769
"960321","3290",0.0769230769230769
"960321","3312",0.0769230769230769
"960329","1399",0.0769230769230769
"960329","1512",0.0769230769230769
"960329","1629",0.0769230769230769
"960329","1709",0.0769230769230769
"960329","2029",0.0769230769230769
"960329","2219",0.0769230769230769
"960329","2220",0.0769230769230769
"960329","2599",0.0769230769230769
"960329","2829",0.0769230769230769
"960329","3092",0.0769230769230769
"960329","3212",0.0769230769230769
"960329","3290",0.0769230769230769
"960329","3312",0.0769230769230769
"960330","1399",0.0769230769230769
"960330","1512",0.0769230769230769
"960330","1629",0.0769230769230769
"960330","1709",0.0769230769230769
"960330","2029",0.0769230769230769
"960330","2219",0.0769230769230769
"960330","2220",0.0769230769230769
"960330","2599",0.0769230769230769
"960330","2829",0.0769230769230769
"960330","3092",0.0769230769230769
"960330","3212",0.0769230769230769
"960330","3290",0.0769230769230769
"960330","3312",0.0769230769230769
"960340","1399",0.0769230769230769
"960340","1512",0.0769230769230769
"960340","1629",0.0769230769230769
"960340","1709",0.0769230769230769
"960340","2029",0.0769230769230769
"960340","2219",0.0769230769230769
"960340","2220",0.0769230769230769
"960340","2599",0.0769230769230769
"960340","2829",0.0769230769230769
"960340","3092",0.0769230769230769
"960340","3212",0.0769230769230769
"960340","3290",0.0769230769230769
"960340","3312",0.0769230769230769
"960350","1399",0.0769230769230769
"960350","1512",0.0769230769230769
"960350","1629",0.0769230769230769
"960350","1709",0.0769230769230769
"960350","2029",0.0769230769230769
"960350","2219",0.0769230769230769
"960350","2220",0.0769230769230769
"960350","2599",0.0769230769230769
"960350","2829",0.0769230769230769
"960350","3092",0.0769230769230769
"960350","3212",0.0769230769230769
"960350","3290",0.0769230769230769
"960350","3312",0.0769230769230769
"960390","1399",0.0769230769230769
"960390","1512",0.0769230769230769
"960390","1629",0.0769230769230769
"960390","1709",0.0769230769230769
"960390","2029",0.0769230769230769
"960390","2219",0.0769230769230769
"960390","2220",0.0769230769230769
"960390","2599",0.0769230769230769
"960390","2829",0.0769230769230769
"960390","3092",0.0769230769230769
"960390","3212",0.0769230769230769
"960390","3290",0.0769230769230769
"960390","3312",0.0769230769230769
"960400","1399",0.0769230769230769
"960400","1512",0.0769230769230769
"960400","1629",0.0769230769230769
"960400","1709",0.0769230769230769
"960400","2029",0.0769230769230769
"960400","2219",0.0769230769230769
"960400","2220",0.0769230769230769
"960400","2599",0.0769230769230769
"960400","2829",0.0769230769230769
"960400","3092",0.0769230769230769
"960400","3212",0.0769230769230769
"960400","3290",0.0769230769230769
"960400","3312",0.0769230769230769
"960500","1512",0.5
"960500","3290",0.5
"960610","1399",0.0769230769230769
"960610","1512",0.0769230769230769
"960610","1629",0.0769230769230769
"960610","1709",0.0769230769230769
"960610","2029",0.0769230769230769
"960610","2219",0.0769230769230769
"960610","2220",0.0769230769230769
"960610","2599",0.0769230769230769
"960610","2829",0.0769230769230769
"960610","3092",0.0769230769230769
"960610","3212",0.0769230769230769
"960610","3290",0.0769230769230769
"960610","3312",0.0769230769230769
"960621","1399",0.0769230769230769
"960621","1512",0.0769230769230769
"960621","1629",0.0769230769230769
"960621","1709",0.0769230769230769
"960621","2029",0.0769230769230769
"960621","2219",0.0769230769230769
"960621","2220",0.0769230769230769
"960621","2599",0.0769230769230769
"960621","2829",0.0769230769230769
"960621","3092",0.0769230769230769
"960621","3212",0.0769230769230769
"960621","3290",0.0769230769230769
"960621","3312",0.0769230769230769
"960622","1399",0.0769230769230769
"960622","1512",0.0769230769230769
"960622","1629",0.0769230769230769
"960622","1709",0.0769230769230769
"960622","2029",0.0769230769230769
"960622","2219",0.0769230769230769
"960622","2220",0.0769230769230769
"960622","2599",0.0769230769230769
"960622","2829",0.0769230769230769
"960622","3092",0.0769230769230769
"960622","3212",0.0769230769230769
"960622","3290",0.0769230769230769
"960622","3312",0.0769230769230769
"960629","1399",0.0769230769230769
"960629","1512",0.0769230769230769
"960629","1629",0.0769230769230769
"960629","1709",0.0769230769230769
"960629","2029",0.0769230769230769
"960629","2219",0.0769230769230769
"960629","2220",0.0769230769230769
"960629","2599",0.0769230769230769
"960629","2829",0.0769230769230769
"960629","3092",0.0769230769230769
"960629","3212",0.0769230769230769
"960629","3290",0.0769230769230769
"960629","3312",0.0769230769230769
"960630","1399",0.0769230769230769
"960630","1512",0.0769230769230769
"960630","1629",0.0769230769230769
"960630","1709",0.0769230769230769
"960630","2029",0.0769230769230769
"960630","2219",0.0769230769230769
"960630","2220",0.0769230769230769
"960630","2599",0.0769230769230769
"960630","2829",0.0769230769230769
"960630","3092",0.0769230769230769
"960630","3212",0.0769230769230769
"960630","3290",0.0769230769230769
"960630","3312",0.0769230769230769
"960711","1399",0.0769230769230769
"960711","1512",0.0769230769230769
"960711","1629",0.0769230769230769
"960711","1709",0.0769230769230769
"960711","2029",0.0769230769230769
"960711","2219",0.0769230769230769
"960711","2220",0.0769230769230769
"960711","2599",0.0769230769230769
"960711","2829",0.0769230769230769
"960711","3092",0.0769230769230769
"960711","3212",0.0769230769230769
"960711","3290",0.0769230769230769
"960711","3312",0.0769230769230769
"960719","1399",0.0769230769230769
"960719","1512",0.0769230769230769
"960719","1629",0.0769230769230769
"960719","1709",0.0769230769230769
"960719","2029",0.0769230769230769
"960719","2219",0.0769230769230769
"960719","2220",0.0769230769230769
"960719","2599",0.0769230769230769
"960719","2829",0.0769230769230769
"960719","3092",0.0769230769230769
"960719","3212",0.0769230769230769
"960719","3290",0.0769230769230769
"960719","3312",0.0769230769230769
"960720","1399",0.0769230769230769
"960720","1512",0.0769230769230769
"960720","1629",0.0769230769230769
"960720","1709",0.0769230769230769
"960720","2029",0.0769230769230769
"960720","2219",0.0769230769230769
"960720","2220",0.0769230769230769
"960720","2599",0.0769230769230769
"960720","2829",0.0769230769230769
"960720","3092",0.0769230769230769
"960720","3212",0.0769230769230769
"960720","3290",0.0769230769230769
"960720","3312",0.0769230769230769
"960810","1399",0.0769230769230769
"960810","1512",0.0769230769230769
"960810","1629",0.0769230769230769
"960810","1709",0.0769230769230769
"960810","2029",0.0769230769230769
"960810","2219",0.0769230769230769
"960810","2220",0.0769230769230769
"960810","2599",0.0769230769230769
"960810","2829",0.0769230769230769
"960810","3092",0.0769230769230769
"960810","3212",0.0769230769230769
"960810","3290",0.0769230769230769
"960810","3312",0.0769230769230769
"960820","1399",0.0769230769230769
"960820","1512",0.0769230769230769
"960820","1629",0.0769230769230769
"960820","1709",0.0769230769230769
"960820","2029",0.0769230769230769
"960820","2219",0.0769230769230769
"960820","2220",0.0769230769230769
"960820","2599",0.0769230769230769
"960820","2829",0.0769230769230769
"960820","3092",0.0769230769230769
"960820","3212",0.0769230769230769
"960820","3290",0.0769230769230769
"960820","3312",0.0769230769230769
"960831","1399",0.0769230769230769
"960831","1512",0.0769230769230769
"960831","1629",0.0769230769230769
"960831","1709",0.0769230769230769
"960831","2029",0.0769230769230769
"960831","2219",0.0769230769230769
"960831","2220",0.0769230769230769
"960831","2599",0.0769230769230769
"960831","2829",0.0769230769230769
"960831","3092",0.0769230769230769
"960831","3212",0.0769230769230769
"960831","3290",0.0769230769230769
"960831","3312",0.0769230769230769
"960839","1399",0.0769230769230769
"960839","1512",0.0769230769230769
"960839","1629",0.0769230769230769
"960839","1709",0.0769230769230769
"960839","2029",0.0769230769230769
"960839","2219",0.0769230769230769
"960839","2220",0.0769230769230769
"960839","2599",0.0769230769230769
"960839","2829",0.0769230769230769
"960839","3092",0.0769230769230769
"960839","3212",0.0769230769230769
"960839","3290",0.0769230769230769
"960839","3312",0.0769230769230769
"960840","1399",0.0769230769230769
"960840","1512",0.0769230769230769
"960840","1629",0.0769230769230769
"960840","1709",0.0769230769230769
"960840","2029",0.0769230769230769
"960840","2219",0.0769230769230769
"960840","2220",0.0769230769230769
"960840","2599",0.0769230769230769
"960840","2829",0.0769230769230769
"960840","3092",0.0769230769230769
"960840","3212",0.0769230769230769
"960840","3290",0.0769230769230769
"960840","3312",0.0769230769230769
"960850","1399",0.0769230769230769
"960850","1512",0.0769230769230769
"960850","1629",0.0769230769230769
"960850","1709",0.0769230769230769
"960850","2029",0.0769230769230769
"960850","2219",0.0769230769230769
"960850","2220",0.0769230769230769
"960850","2599",0.0769230769230769
"960850","2829",0.0769230769230769
"960850","3092",0.0769230769230769
"960850","3212",0.0769230769230769
"960850","3290",0.0769230769230769
"960850","3312",0.0769230769230769
"960860","1399",0.0769230769230769
"960860","1512",0.0769230769230769
"960860","1629",0.0769230769230769
"960860","1709",0.0769230769230769
"960860","2029",0.0769230769230769
"960860","2219",0.0769230769230769
"960860","2220",0.0769230769230769
"960860","2599",0.0769230769230769
"960860","2829",0.0769230769230769
"960860","3092",0.0769230769230769
"960860","3212",0.0769230769230769
"960860","3290",0.0769230769230769
"960860","3312",0.0769230769230769
"960891","1399",0.0769230769230769
"960891","1512",0.0769230769230769
"960891","1629",0.0769230769230769
"960891","1709",0.0769230769230769
"960891","2029",0.0769230769230769
"960891","2219",0.0769230769230769
"960891","2220",0.0769230769230769
"960891","2599",0.0769230769230769
"960891","2829",0.0769230769230769
"960891","3092",0.0769230769230769
"960891","3212",0.0769230769230769
"960891","3290",0.0769230769230769
"960891","3312",0.0769230769230769
"960899","1399",0.0769230769230769
"960899","1512",0.0769230769230769
"960899","1629",0.0769230769230769
"960899","1709",0.0769230769230769
"960899","2029",0.0769230769230769
"960899","2219",0.0769230769230769
"960899","2220",0.0769230769230769
"960899","2599",0.0769230769230769
"960899","2829",0.0769230769230769
"960899","3092",0.0769230769230769
"960899","3212",0.0769230769230769
"960899","3290",0.0769230769230769
"960899","3312",0.0769230769230769
"960910","1399",0.0769230769230769
"960910","1512",0.0769230769230769
"960910","1629",0.0769230769230769
"960910","1709",0.0769230769230769
"960910","2029",0.0769230769230769
"960910","2219",0.0769230769230769
"960910","2220",0.0769230769230769
"960910","2599",0.0769230769230769
"960910","2829",0.0769230769230769
"960910","3092",0.0769230769230769
"960910","3212",0.0769230769230769
"960910","3290",0.0769230769230769
"960910","3312",0.0769230769230769
"960920","1399",0.0769230769230769
"960920","1512",0.0769230769230769
"960920","1629",0.0769230769230769
"960920","1709",0.0769230769230769
"960920","2029",0.0769230769230769
"960920","2219",0.0769230769230769
"960920","2220",0.0769230769230769
"960920","2599",0.0769230769230769
"960920","2829",0.0769230769230769
"960920","3092",0.0769230769230769
"960920","3212",0.0769230769230769
"960920","3290",0.0769230769230769
"960920","3312",0.0769230769230769
"960990","1399",0.0769230769230769
"960990","1512",0.0769230769230769
"960990","1629",0.0769230769230769
"960990","1709",0.0769230769230769
"960990","2029",0.0769230769230769
"960990","2219",0.0769230769230769
"960990","2220",0.0769230769230769
"960990","2599",0.0769230769230769
"960990","2829",0.0769230769230769
"960990","3092",0.0769230769230769
"960990","3212",0.0769230769230769
"960990","3290",0.0769230769230769
"960990","3312",0.0769230769230769
"961000","1399",0.0769230769230769
"961000","1512",0.0769230769230769
"961000","1629",0.0769230769230769
"961000","1709",0.0769230769230769
"961000","2029",0.0769230769230769
"961000","2219",0.0769230769230769
"961000","2220",0.0769230769230769
"961000","2599",0.0769230769230769
"961000","2829",0.0769230769230769
"961000","3092",0.0769230769230769
"961000","3212",0.0769230769230769
"961000","3290",0.0769230769230769
"961000","3312",0.0769230769230769
"961100","1399",0.0769230769230769
"961100","1512",0.0769230769230769
"961100","1629",0.0769230769230769
"961100","1709",0.0769230769230769
"961100","2029",0.0769230769230769
"961100","2219",0.0769230769230769
"961100","2220",0.0769230769230769
"961100","2599",0.0769230769230769
"961100","2829",0.0769230769230769
"961100","3092",0.0769230769230769
"961100","3212",0.0769230769230769
"961100","3290",0.0769230769230769
"961100","3312",0.0769230769230769
"961210","1399",0.0769230769230769
"961210","1512",0.0769230769230769
"961210","1629",0.0769230769230769
"961210","1709",0.0769230769230769
"961210","2029",0.0769230769230769
"961210","2219",0.0769230769230769
"961210","2220",0.0769230769230769
"961210","2599",0.0769230769230769
"961210","2829",0.0769230769230769
"961210","3092",0.0769230769230769
"961210","3212",0.0769230769230769
"961210","3290",0.0769230769230769
"961210","3312",0.0769230769230769
"961220","1399",0.0769230769230769
"961220","1512",0.0769230769230769
"961220","1629",0.0769230769230769
"961220","1709",0.0769230769230769
"961220","2029",0.0769230769230769
"961220","2219",0.0769230769230769
"961220","2220",0.0769230769230769
"961220","2599",0.0769230769230769
"961220","2829",0.0769230769230769
"961220","3092",0.0769230769230769
"961220","3212",0.0769230769230769
"961220","3290",0.0769230769230769
"961220","3312",0.0769230769230769
"961310","1399",0.0769230769230769
"961310","1512",0.0769230769230769
"961310","1629",0.0769230769230769
"961310","1709",0.0769230769230769
"961310","2029",0.0769230769230769
"961310","2219",0.0769230769230769
"961310","2220",0.0769230769230769
"961310","2599",0.0769230769230769
"961310","2829",0.0769230769230769
"961310","3092",0.0769230769230769
"961310","3212",0.0769230769230769
"961310","3290",0.0769230769230769
"961310","3312",0.0769230769230769
"961320","1399",0.0769230769230769
"961320","1512",0.0769230769230769
"961320","1629",0.0769230769230769
"961320","1709",0.0769230769230769
"961320","2029",0.0769230769230769
"961320","2219",0.0769230769230769
"961320","2220",0.0769230769230769
"961320","2599",0.0769230769230769
"961320","2829",0.0769230769230769
"961320","3092",0.0769230769230769
"961320","3212",0.0769230769230769
"961320","3290",0.0769230769230769
"961320","3312",0.0769230769230769
"961330","1399",0.0769230769230769
"961330","1512",0.0769230769230769
"961330","1629",0.0769230769230769
"961330","1709",0.0769230769230769
"961330","2029",0.0769230769230769
"961330","2219",0.0769230769230769
"961330","2220",0.0769230769230769
"961330","2599",0.0769230769230769
"961330","2829",0.0769230769230769
"961330","3092",0.0769230769230769
"961330","3212",0.0769230769230769
"961330","3290",0.0769230769230769
"961330","3312",0.0769230769230769
"961380","1399",0.0769230769230769
"961380","1512",0.0769230769230769
"961380","1629",0.0769230769230769
"961380","1709",0.0769230769230769
"961380","2029",0.0769230769230769
"961380","2219",0.0769230769230769
"961380","2220",0.0769230769230769
"961380","2599",0.0769230769230769
"961380","2829",0.0769230769230769
"961380","3092",0.0769230769230769
"961380","3212",0.0769230769230769
"961380","3290",0.0769230769230769
"961380","3312",0.0769230769230769
"961390","1399",0.0769230769230769
"961390","1512",0.0769230769230769
"961390","1629",0.0769230769230769
"961390","1709",0.0769230769230769
"961390","2029",0.0769230769230769
"961390","2219",0.0769230769230769
"961390","2220",0.0769230769230769
"961390","2599",0.0769230769230769
"961390","2829",0.0769230769230769
"961390","3092",0.0769230769230769
"961390","3212",0.0769230769230769
"961390","3290",0.0769230769230769
"961390","3312",0.0769230769230769
"961410","1399",0.0769230769230769
"961410","1512",0.0769230769230769
"961410","1629",0.0769230769230769
"961410","1709",0.0769230769230769
"961410","2029",0.0769230769230769
"961410","2219",0.0769230769230769
"961410","2220",0.0769230769230769
"961410","2599",0.0769230769230769
"961410","2829",0.0769230769230769
"961410","3092",0.0769230769230769
"961410","3212",0.0769230769230769
"961410","3290",0.0769230769230769
"961410","3312",0.0769230769230769
"961420","1399",0.0769230769230769
"961420","1512",0.0769230769230769
"961420","1629",0.0769230769230769
"961420","1709",0.0769230769230769
"961420","2029",0.0769230769230769
"961420","2219",0.0769230769230769
"961420","2220",0.0769230769230769
"961420","2599",0.0769230769230769
"961420","2829",0.0769230769230769
"961420","3092",0.0769230769230769
"961420","3212",0.0769230769230769
"961420","3290",0.0769230769230769
"961420","3312",0.0769230769230769
"961490","1399",0.0769230769230769
"961490","1512",0.0769230769230769
"961490","1629",0.0769230769230769
"961490","1709",0.0769230769230769
"961490","2029",0.0769230769230769
"961490","2219",0.0769230769230769
"961490","2220",0.0769230769230769
"961490","2599",0.0769230769230769
"961490","2829",0.0769230769230769
"961490","3092",0.0769230769230769
"961490","3212",0.0769230769230769
"961490","3290",0.0769230769230769
"961490","3312",0.0769230769230769
"961511","1399",0.0769230769230769
"961511","1512",0.0769230769230769
"961511","1629",0.0769230769230769
"961511","1709",0.0769230769230769
"961511","2029",0.0769230769230769
"961511","2219",0.0769230769230769
"961511","2220",0.0769230769230769
"961511","2599",0.0769230769230769
"961511","2829",0.0769230769230769
"961511","3092",0.0769230769230769
"961511","3212",0.0769230769230769
"961511","3290",0.0769230769230769
"961511","3312",0.0769230769230769
"961519","1399",0.0769230769230769
"961519","1512",0.0769230769230769
"961519","1629",0.0769230769230769
"961519","1709",0.0769230769230769
"961519","2029",0.0769230769230769
"961519","2219",0.0769230769230769
"961519","2220",0.0769230769230769
"961519","2599",0.0769230769230769
"961519","2829",0.0769230769230769
"961519","3092",0.0769230769230769
"961519","3212",0.0769230769230769
"961519","3290",0.0769230769230769
"961519","3312",0.0769230769230769
"961590","1399",0.0769230769230769
"961590","1512",0.0769230769230769
"961590","1629",0.0769230769230769
"961590","1709",0.0769230769230769
"961590","2029",0.0769230769230769
"961590","2219",0.0769230769230769
"961590","2220",0.0769230769230769
"961590","2599",0.0769230769230769
"961590","2829",0.0769230769230769
"961590","3092",0.0769230769230769
"961590","3212",0.0769230769230769
"961590","3290",0.0769230769230769
"961590","3312",0.0769230769230769
"961610","1399",0.0769230769230769
"961610","1512",0.0769230769230769
"961610","1629",0.0769230769230769
"961610","1709",0.0769230769230769
"961610","2029",0.0769230769230769
"961610","2219",0.0769230769230769
"961610","2220",0.0769230769230769
"961610","2599",0.0769230769230769
"961610","2829",0.0769230769230769
"961610","3092",0.0769230769230769
"961610","3212",0.0769230769230769
"961610","3290",0.0769230769230769
"961610","3312",0.0769230769230769
"961620","1399",0.0769230769230769
"961620","1512",0.0769230769230769
"961620","1629",0.0769230769230769
"961620","1709",0.0769230769230769
"961620","2029",0.0769230769230769
"961620","2219",0.0769230769230769
"961620","2220",0.0769230769230769
"961620","2599",0.0769230769230769
"961620","2829",0.0769230769230769
"961620","3092",0.0769230769230769
"961620","3212",0.0769230769230769
"961620","3290",0.0769230769230769
"961620","3312",0.0769230769230769
"961700","1399",0.0769230769230769
"961700","1512",0.0769230769230769
"961700","1629",0.0769230769230769
"961700","1709",0.0769230769230769
"961700","2029",0.0769230769230769
"961700","2219",0.0769230769230769
"961700","2220",0.0769230769230769
"961700","2599",0.0769230769230769
"961700","2829",0.0769230769230769
"961700","3092",0.0769230769230769
"961700","3212",0.0769230769230769
"961700","3290",0.0769230769230769
"961700","3312",0.0769230769230769
"961800","1399",0.0769230769230769
"961800","1512",0.0769230769230769
"961800","1629",0.0769230769230769
"961800","1709",0.0769230769230769
"961800","2029",0.0769230769230769
"961800","2219",0.0769230769230769
"961800","2220",0.0769230769230769
"961800","2599",0.0769230769230769
"961800","2829",0.0769230769230769
"961800","3092",0.0769230769230769
"961800","3212",0.0769230769230769
"961800","3290",0.0769230769230769
"961800","3312",0.0769230769230769
"970110","7990",0.5
"970110","9000",0.5
"970190","7990",0.5
"970190","9000",0.5
"970200","7990",0.5
"970200","9000",0.5
"970300","7990",0.5
"970300","9000",0.5
"970400","7990",0.5
"970400","9000",0.5
"970500","7990",0.5
"970500","9000",0.5
"970600","7990",0.5
"970600","9000",0.5
