codigo_clase,display_code,class_name,class_name_es,codigo_seccion,codigo_division,sector,gsector,gsector_label,plazas_equiv_estab_nat,fte_share_nat,plazas_equiv_estab_nat_pctile,n_estab_nat,wage_per_fte,wage_premium,wage_per_fte_pctile,wage_per_fte_pctile_gsector,fte_per_firm,fte_per_firm_premium,fte_per_firm_pctile,fte_per_firm_pctile_gsector,n_firms,quadrant
0111,A0111,"Growing of cereals (except rice), leguminous crops and oil seeds","Cultivo De Cereales (Excepto Arroz), Legumbres Y Semillas Oleaginosas.",A,01,Primario,1,"Agricultura, ganadería, silvicultura y pesca",3664.0833333333367,0.001250835521515639,66.74757281553399,1792,7818.651811975203,0.7890579531566235,46.30541871921182,86.11111111111111,4.603684971098265,0.8357992234401588,47.53694581280788,52.77777777777778,692.0,"few jobs, poorly paid"
0112,A0112,Growing of rice,Cultivo De Arroz.,A,01,Primario,1,"Agricultura, ganadería, silvicultura y pesca",2103.7500000000005,0.0007181728658978437,54.12621359223301,1268,5810.678930591258,0.5864134295378439,8.12807881773399,13.88888888888889,1.8160597572362283,0.32970573450356194,11.083743842364532,11.11111111111111,714.0,"few jobs, poorly paid"
0113,A0113,"Growing of vegetables and melons, roots and tubers","Cultivo De Hortalizas Y Melones, Raíces Y Tubérculos.",A,01,Primario,1,"Agricultura, ganadería, silvicultura y pesca",2836.9166666666665,0.000968459452317698,60.679611650485434,1150,6987.064058064676,0.705134158268386,32.01970443349754,66.66666666666666,5.902435446009391,1.0715874333606779,55.41871921182266,66.66666666666666,568.0,"many jobs, poorly paid"
0114,A0114,Growing of sugar cane,Cultivo De Caña De Azúcar.,A,01,Primario,1,"Agricultura, ganadería, silvicultura y pesca",1608.8333333333333,0.0005492194632213812,49.75728155339806,579,6448.7888852548385,0.6508114545201729,21.67487684729064,44.44444444444444,4.2662790697674415,0.7745431661541291,43.84236453201971,50.0,430.0,"few jobs, poorly paid"
0115,A0115,Growing of tobacco,Cultivo De Tabaco.,A,01,Primario,1,"Agricultura, ganadería, silvicultura y pesca",3015.4999999999995,0.0010294237799714542,61.6504854368932,102,6651.227193027192,0.6712415185021359,24.63054187192118,52.77777777777778,79.88703703703703,14.503495338553122,94.58128078817734,97.22222222222221,45.0,"many jobs, poorly paid"
0116,A0116,Growing of fibre crops,Cultivo De Plantas De Fibras.,A,01,Primario,1,"Agricultura, ganadería, silvicultura y pesca",368.9166666666667,0.00012593984065477335,25.485436893203882,151,5981.323145133356,0.6036348352076012,12.068965517241379,22.22222222222222,3.7591145833333335,0.6824674297431447,38.669950738916256,41.66666666666667,64.0,"few jobs, poorly paid"
0119,A0119,Growing of other non-perennial crops,Cultivo De Otras Plantas No Perennes.,A,01,Primario,1,"Agricultura, ganadería, silvicultura y pesca",48844.50000000001,0.01667441214419357,97.0873786407767,1329,7281.434643768869,0.7348420231805323,36.45320197044335,72.22222222222221,86.51666666666668,15.707104910217286,95.32019704433498,100.0,715.0,"many jobs, poorly paid"
0121,A0121,Growing of grapes,Cultivo De Uvas.,A,01,Primario,1,"Agricultura, ganadería, silvicultura y pesca",51.58333333333331,1.760938815570469e-05,7.038834951456311,35,6311.487471910112,0.636955002693866,18.7192118226601,38.88888888888889,2.3733333333333335,0.4308787785041305,20.44334975369458,25.0,25.0,"few jobs, poorly paid"
0122,A0122,Growing of tropical and subtropical fruits,Cultivo De Frutas Tropicales Y Subtropicales.,A,01,Primario,1,"Agricultura, ganadería, silvicultura y pesca",55873.91666666667,0.019074096666161514,98.05825242718447,5647,5918.553079331831,0.5973000832795261,10.344827586206897,16.666666666666664,23.234380138112463,4.21820280893702,84.23645320197043,91.66666666666666,3041.0,"many jobs, poorly paid"
0123,A0123,Growing of citrus fruits,Cultivo De Cítricos.,A,01,Primario,1,"Agricultura, ganadería, silvicultura y pesca",148.75,5.077989960893843e-05,14.077669902912621,215,5427.0718535469105,0.5476998223446697,1.9704433497536946,5.555555555555555,1.4006410256410255,0.2542864442068726,5.665024630541872,5.555555555555555,78.0,"few jobs, poorly paid"
0124,A0124,Growing of pome fruits and stone fruits,Cultivo De Frutas Con Hueso Y Con Pepa.,A,01,Primario,1,"Agricultura, ganadería, silvicultura y pesca",16.499999999999996,5.6327283599830854e-06,3.640776699029126,26,5589.134723926381,0.5640551991870626,3.4482758620689653,8.333333333333332,1.358333333333333,0.2466054806747656,5.172413793103448,2.7777777777777777,10.0,"few jobs, poorly paid"
0125,A0125,Growing of other tree and bush fruits and nuts,Cultivo De Otros Frutos Y Nueces De Árboles Y Arbustos.,A,01,Primario,1,"Agricultura, ganadería, silvicultura y pesca",1097.7500000000005,0.0003747471246770567,43.932038834951456,588,6026.340004527274,0.6081779344253588,13.30049261083744,25.0,3.7693401592719016,0.6843238835366466,38.91625615763547,44.44444444444444,293.0,"few jobs, poorly paid"
0126,A0126,Growing of oleaginous fruits,Cultivo De Frutos Oleaginosos.,A,01,Primario,1,"Agricultura, ganadería, silvicultura y pesca",5608.41666666667,0.0019145871280566763,75.72815533980582,1520,6976.728588637785,0.704091103206335,31.773399014778324,63.888888888888886,6.987542087542089,1.268588595263906,59.35960591133005,72.22222222222221,990.0,"many jobs, poorly paid"
0127,A0127,Growing of beverage crops,Cultivo De Plantas Con Las Que Se Preparan Bebidas.,A,01,Primario,1,"Agricultura, ganadería, silvicultura y pesca",3287.3333333333335,0.0011222215572960243,63.59223300970874,3878,6412.523483489819,0.6471515519723602,20.689655172413794,41.66666666666667,1.8685196136408435,0.3392298239058608,12.561576354679804,16.666666666666664,1691.0,"few jobs, poorly paid"
0128,A0128,"Growing of spices, aromatic, drug and pharmaceutical crops","Cultivo De Especias Y De Plantas Aromáticas, Medicinales Y Farmacéuticas.",A,01,Primario,1,"Agricultura, ganadería, silvicultura y pesca",151.75000000000003,5.180403203802627e-05,14.320388349514563,173,6225.996786769048,0.6283272869887049,16.995073891625616,30.555555555555557,1.8563596491228072,0.3370221817746031,11.822660098522167,13.88888888888889,76.0,"few jobs, poorly paid"
0129,A0129,Growing of other perennial crops,Cultivo De Otras Plantas Perennes.,A,01,Primario,1,"Agricultura, ganadería, silvicultura y pesca",777.5000000000001,0.0002654209878719303,36.407766990291265,298,5925.2709919244235,0.5979780546852456,10.83743842364532,19.444444444444446,3.1797480620155043,0.5772834104966783,30.78817733990148,27.77777777777778,172.0,"few jobs, poorly paid"
0130,A0130,Plant propagation,Propagación De Plantas.,A,01,Primario,1,"Agricultura, ganadería, silvicultura y pesca",1641.666666666667,0.000560428023695287,50.0,611,7557.960138099692,0.7627489623561726,43.103448275862064,80.55555555555556,5.03731884057971,0.9145254728784388,50.24630541871922,61.111111111111114,230.0,"many jobs, poorly paid"
0141,A0141,Raising of cattle and buffaloes,Cría De Ganado Bovino Y Búfalos.,A,01,Primario,1,"Agricultura, ganadería, silvicultura y pesca",7392.25,0.0025235476496415134,79.85436893203884,5878,6041.510147682409,0.6097089045203247,13.546798029556651,27.77777777777778,2.1043076923076924,0.3820371606987573,16.748768472906402,19.444444444444446,3250.0,"few jobs, poorly paid"
0142,A0142,Raising of horses and other equines,Cría De Caballos Y Otros Equinos.,A,01,Primario,1,"Agricultura, ganadería, silvicultura y pesca",301.83333333333366,0.00010303910161544829,22.0873786407767,32,6488.218673218674,0.654790706766256,22.413793103448278,47.22222222222222,3.3916666666666666,0.615757243157237,32.758620689655174,30.555555555555557,10.0,"few jobs, poorly paid"
0144,A0144,Raising of sheep and goats,Cría De Ovejas Y Cabras.,A,01,Primario,1,"Agricultura, ganadería, silvicultura y pesca",39.00000000000001,1.3313721578141844e-05,6.067961165048544,41,6253.102641509427,0.6310628085049905,17.24137931034483,33.33333333333333,2.3555555555555583,0.42765122211084156,19.950738916256157,22.22222222222222,15.0,"few jobs, poorly paid"
0145,A0145,Raising of swine/pigs,Cría De Cerdos.,A,01,Primario,1,"Agricultura, ganadería, silvicultura y pesca",1651.4999999999993,0.0005637849022128523,50.48543689320388,1243,7116.6550167739615,0.7182124713952268,33.99014778325123,69.44444444444444,3.541746949261399,0.6430043255344728,34.72906403940887,33.33333333333333,519.0,"few jobs, poorly paid"
0146,A0146,Raising of poultry,Cría De Aves De Corral.,A,01,Primario,1,"Agricultura, ganadería, silvicultura y pesca",10828.833333333328,0.0036967197952846556,84.46601941747572,1673,7359.397587130049,0.7427100395585499,38.669950738916256,75.0,7.899689561505628,1.4341890121446805,62.80788177339901,75.0,859.0,"many jobs, poorly paid"
0149,A0149,Raising of other animals,Cría De Otros Animales.,A,01,Primario,1,"Agricultura, ganadería, silvicultura y pesca",322.91666666666663,0.00011023647674209322,23.54368932038835,295,6299.4742648401825,0.6357426304320745,18.472906403940886,36.11111111111111,1.7109375,0.31062078374869834,9.60591133004926,8.333333333333332,160.0,"few jobs, poorly paid"
0150,A0150,Mixed farming,Cultivo De Productos Agrícolas En Combinación Con La Cría De Animales (Explotación Mixta).,A,01,Primario,1,"Agricultura, ganadería, silvicultura y pesca",9121.416666666666,0.0031138462025185284,82.28155339805825,1488,6913.755405058965,0.6977358526422474,29.802955665024633,61.111111111111114,5.982617586912064,1.0861445048199432,55.91133004926109,69.44444444444444,652.0,"many jobs, poorly paid"
0161,A0161,Support activities for crop production,Actividades De Apoyo A La Agricultura.,A,01,Primario,1,"Agricultura, ganadería, silvicultura y pesca",3595.25,0.0012273373718926783,66.2621359223301,1167,10811.40742799828,1.0910867015222054,72.16748768472905,97.22222222222221,5.521360759493671,1.0024033060665467,53.69458128078818,63.888888888888886,316.0,"many jobs, well paid"
0162,A0162,Support activities for animal production,Actividades De Apoyo A La Ganadería.,A,01,Primario,1,"Agricultura, ganadería, silvicultura y pesca",716.0000000000005,0.0002444262730756298,34.46601941747573,405,5690.799193646914,0.5743151724299652,5.911330049261084,11.11111111111111,4.051980198019803,0.735637195890041,41.13300492610838,47.22222222222222,101.0,"few jobs, poorly paid"
0163,A0163,Post-harvest crop activities,Actividades Poscosecha.,A,01,Primario,1,"Agricultura, ganadería, silvicultura y pesca",5275.166666666666,0.0018008230840588348,74.75728155339806,595,6643.842690859956,0.6704962749095978,24.38423645320197,50.0,8.069314641744548,1.4649844534552185,63.54679802955665,77.77777777777779,321.0,"many jobs, poorly paid"
0164,A0164,Seed processing for propagation,Tratamiento De Semillas Para Propagación.,A,01,Primario,1,"Agricultura, ganadería, silvicultura y pesca",1004.2500000000007,0.00034282833063715263,41.99029126213592,108,7486.445710508924,0.7555317298699388,40.88669950738916,77.77777777777779,4.669753086419752,0.8477938928900713,48.275862068965516,55.55555555555556,27.0,"few jobs, poorly paid"
0170,A0170,"Hunting, trapping and related service activities","Caza Ordinaria, Mediante Trampas Y Actividades De Servicios Conexas.",A,01,Primario,1,"Agricultura, ganadería, silvicultura y pesca",5.0,1.7068873818130565e-06,1.6990291262135921,2,4390.896,0.4431290065861541,0.49261083743842365,2.7777777777777777,5.0,0.9077502356126343,49.75369458128079,58.333333333333336,1.0,"few jobs, poorly paid"
0210,A0210,Silviculture and other forestry activities,Silvicultura Y Otras Actividades Forestales.,A,02,Primario,1,"Agricultura, ganadería, silvicultura y pesca",1453.25,0.0004961068175239648,47.81553398058252,526,7761.173834350269,0.7832572785049083,46.05911330049261,83.33333333333334,8.16222879684418,1.4818530226919069,63.793103448275865,80.55555555555556,169.0,"many jobs, poorly paid"
0220,A0220,Logging,Extracción De Madera.,A,02,Primario,1,"Agricultura, ganadería, silvicultura y pesca",1999.0000000000007,0.0006824135752488603,53.15533980582524,269,8527.811364841395,0.8606263000663834,53.69458128078818,91.66666666666666,12.318693693693694,2.236459420578065,72.9064039408867,83.33333333333334,74.0,"many jobs, well paid"
0230,A0230,Gathering of non-wood forest products,Recolección De Productos Forestales Distintos De La Madera.,A,02,Primario,1,"Agricultura, ganadería, silvicultura y pesca",17.0833333333333,5.831865221194598e-06,3.8834951456310676,2,,,,,,,,,,
0240,A0240,Support services to forestry,Servicios De Apoyo A La Silvicultura.,A,02,Primario,1,"Agricultura, ganadería, silvicultura y pesca",81.83333333333337,2.7936056815673705e-05,9.466019417475728,94,6741.997475345164,0.6804020508925882,27.093596059113302,58.333333333333336,3.6214285714285737,0.6574705277937227,36.45320197044335,38.88888888888889,35.0,"few jobs, poorly paid"
0311,A0311,Marine fishing,Pesca Marina.,A,03,Primario,1,"Agricultura, ganadería, silvicultura y pesca",8431.500000000004,0.0028783241919513583,81.55339805825243,1623,12591.024222831504,1.2706855402099089,84.48275862068965,100.0,15.550387596899228,2.823173600990612,77.58620689655173,86.11111111111111,430.0,"many jobs, well paid"
0312,A0312,Freshwater fishing,Pesca De Agua Dulce.,A,03,Primario,1,"Agricultura, ganadería, silvicultura y pesca",962.4166666666666,0.0003285473728759831,40.53398058252427,82,6698.592815533981,0.676021654776775,26.354679802955665,55.55555555555556,3.5763888888888893,0.6492935713062594,35.467980295566505,36.11111111111111,24.0,"few jobs, poorly paid"
0321,A0321,Marine aquaculture,Acuicultura Marina.,A,03,Primario,1,"Agricultura, ganadería, silvicultura y pesca",34461.833333333336,0.011764493694162251,94.41747572815534,4880,8494.668880552046,0.8572815621953576,52.70935960591133,88.88888888888889,20.70871085677953,3.759667431895107,83.49753694581281,88.88888888888889,2097.0,"many jobs, well paid"
0322,A0322,Freshwater aquaculture,Acuicultura De Agua Dulce.,A,03,Primario,1,"Agricultura, ganadería, silvicultura y pesca",457.1666666666666,0.00015606640294377376,27.669902912621357,436,9790.41262967156,0.9880479571037201,63.793103448275865,94.44444444444444,23.99456521739134,4.356214445901942,85.22167487684729,94.44444444444444,92.0,"many jobs, well paid"
0510,B0510,Mining of hard coal,Extracción De Carbón De Piedra.,B,05,Primario,2,Explotación de minas y canteras,39.91666666666669,1.3626650931474242e-05,6.310679611650485,22,11504.531483253591,1.1610367468082365,77.33990147783251,46.15384615384615,15.239583333333329,2.766747072294341,77.0935960591133,76.92307692307693,8.0,"many jobs, well paid"
0520,B0520,Mining of lignite,Extracción De Lignito.,B,05,Primario,2,Explotación de minas y canteras,3.08333333333333,1.0525805521180504e-06,1.2135922330097086,11,5644.62,0.5696547704970324,4.679802955665025,7.6923076923076925,1.0,0.18155004712252687,1.477832512315271,7.6923076923076925,2.0,"few jobs, poorly paid"
0610,B0610,Extraction of crude petroleum,Extracción De Petróleo Crudo.,B,06,Primario,2,Explotación de minas y canteras,7521.476702677747,0.002567662735280304,80.09708737864078,57,20881.157648258606,2.1073253944164723,98.76847290640394,92.3076923076923,494.8911930484105,89.84751941846247,99.50738916256158,100.0,14.0,"many jobs, well paid"
0620,B0620,Extraction of natural gas,Extracción De Gas Natural.,B,06,Primario,2,Explotación de minas y canteras,384.3333333333329,0.00013120274341536347,25.728155339805824,53,18596.810769230768,1.876789220660185,97.04433497536947,84.61538461538461,5.261904761904762,0.9552990574780581,51.970443349753694,30.76923076923077,7.0,"many jobs, well paid"
0710,B0710,Mining of iron ores,Extracción De Minerales De Hierro.,B,07,Primario,2,Explotación de minas y canteras,435.3333333333329,0.00014861299470985664,26.941747572815533,41,17866.568983364145,1.8030932558414383,96.05911330049261,76.92307692307693,4.508333333333332,0.8184881291107251,46.79802955665024,23.076923076923077,20.0,"few jobs, well paid"
0721,B0721,Mining of uranium and thorium ores,Extracción De Minerales De Uranio Y Torio.,B,07,Primario,2,Explotación de minas y canteras,131.6666666666666,4.4948034387743796e-05,13.106796116504855,18,15717.039999999994,1.5861628974302389,93.10344827586206,69.23076923076923,12.442307692307697,2.258901547851441,73.64532019704434,61.53846153846154,13.0,"many jobs, well paid"
0729,B0729,Mining of other non-ferrous metal ores,Extracción De Otros Minerales Metalíferos No Ferrosos.,B,07,Primario,2,Explotación de minas y canteras,10347.33333333333,0.0035323465404160587,83.98058252427184,1143,12455.328224322739,1.2569911067692385,83.49753694581281,53.84615384615385,22.916908563134974,4.160565829539794,83.99014778325123,84.61538461538461,689.0,"many jobs, well paid"
0810,B0810,"Quarrying of stone, sand and clay","Extracción De Piedra, Arena Y Arcilla.",B,08,Primario,2,Explotación de minas y canteras,1736.8333333333333,0.0005929157801957954,50.970873786407765,525,10026.468828368506,1.0118707369707634,65.02463054187191,38.46153846153847,6.420931758530183,1.165720463331684,57.88177339901478,46.15384615384615,254.0,"many jobs, well paid"
0891,B0891,Mining of chemical and fertilizer minerals,Extracción De Minerales Para La Fabricación De Abonos Y Productos Químicos.,B,08,Primario,2,Explotación de minas y canteras,14.666666666666666,5.006869653318299e-06,3.3980582524271843,20,8363.719245283019,0.844066131497481,51.47783251231527,30.76923076923077,1.4722222222222223,0.2672820138192757,6.65024630541872,15.384615384615385,9.0,"few jobs, well paid"
0893,B0893,Extraction of salt,Extracción De Sal.,B,08,Primario,2,Explotación de minas y canteras,104.83333333333323,3.578773877201371e-05,11.407766990291263,31,6900.158331346843,0.6963636366374657,29.55665024630542,23.076923076923077,6.3560606060606055,1.1539431025439397,57.389162561576356,38.46153846153847,11.0,"many jobs, poorly paid"
0899,B0899,Other mining and quarrying n.e.c.,Explotación De Otras Minas Y Canteras N.C.P.,B,08,Primario,2,Explotación de minas y canteras,182.33333333333326,6.22444931901161e-05,16.2621359223301,38,6205.701998348474,0.6262791379476698,16.00985221674877,15.384615384615385,13.455555555555552,2.442856745170889,74.8768472906404,69.23076923076923,15.0,"many jobs, poorly paid"
0910,B0910,Support activities for petroleum and natural gas extraction,Actividades De Apoyo Para La Extracción De Petróleo Y Gas Natural.,B,09,Primario,2,Explotación de minas y canteras,6388.666666666672,0.0021809469039886045,77.18446601941747,307,26982.631028594114,2.7230857854027173,99.50738916256158,100.0,59.24705882352942,10.756306321282889,93.10344827586206,92.3076923076923,170.0,"many jobs, well paid"
0990,B0990,Support activities for other mining and quarrying,Actividades De Apoyo Para La Explotación De Otras Minas Y Canteras.,B,09,Primario,2,Explotación de minas y canteras,2993.9999999999964,0.001022084164229657,61.40776699029126,210,12920.520301080802,1.3039382680879195,86.20689655172413,61.53846153846154,8.69351230425056,1.5783075684969565,66.00985221674877,53.84615384615385,149.0,"many jobs, well paid"
1010,C1010,Processing and preserving of meat,Elaboración Y Conservación De Carne.,C,10,Secundario,3,Industrias manufactureras,5350.333333333337,0.0018264832910320924,75.0,1061,11217.70730676512,1.1320904651399328,74.63054187192118,74.43609022556392,46.77384020618555,8.491792893534528,90.88669950738915,87.96992481203007,388.0,"many jobs, well paid"
1020,C1020,"Processing and preserving of fish, crustaceans and molluscs","Elaboración Y Conservación De Pescados, Crustáceos Y Moluscos.",C,10,Secundario,3,Industrias manufactureras,34459.0,0.011763526457979222,94.1747572815534,532,8700.223905221472,0.8780261650920226,55.66502463054187,57.14285714285714,270.18253968253975,49.05165281104908,98.76847290640394,100.0,231.0,"many jobs, well paid"
1030,C1030,Processing and preserving of fruit and vegetables,"Elaboración Y Conservación De Frutas, Legumbres Y Hortalizas.",C,10,Secundario,3,Industrias manufactureras,6179.91666666667,0.0021096843557979086,76.69902912621359,1621,9133.515618046324,0.9217539432644252,58.86699507389162,59.3984962406015,20.860124610591903,3.7871566060347424,83.74384236453201,78.19548872180451,535.0,"many jobs, well paid"
1040,C1040,Manufacture of vegetable and animal oils and fats,Elaboración De Aceites Y Grasas De Origen Vegetal Y Animal.,C,10,Secundario,3,Industrias manufactureras,7238.916666666667,0.002471203103265913,79.12621359223301,159,13021.800629391386,1.3141594737987787,86.94581280788178,91.72932330827066,135.3348214285715,24.570043207675916,97.53694581280789,98.49624060150376,56.0,"many jobs, well paid"
1050,C1050,Manufacture of dairy products,Elaboración De Productos Lácteos.,C,10,Secundario,3,Industrias manufactureras,7027.583333333333,0.002399058663261281,78.39805825242718,1965,10416.20778231942,1.0512031728772835,68.7192118226601,70.67669172932331,10.89629388816645,1.9782226688575206,71.18226600985221,67.66917293233082,769.0,"many jobs, well paid"
1061,C1061,Manufacture of grain mill products,Elaboración De Productos De Molinería.,C,10,Secundario,3,Industrias manufactureras,4463.916666666667,0.0015238806063596667,71.35922330097088,789,10966.84816436279,1.106773772928184,73.15270935960592,72.93233082706767,19.653794037940372,3.5681472337245124,82.26600985221675,77.44360902255639,369.0,"many jobs, well paid"
1062,C1062,Manufacture of starches and starch products,Elaboración De Almidones Y Productos Derivados Del Almidón.,C,10,Secundario,3,Industrias manufactureras,189.16666666666703,6.457723927859409e-05,16.990291262135923,24,6888.078494623651,0.6951445401143709,29.310344827586203,27.06766917293233,4.650000000000003,0.8442077191197505,47.783251231527096,46.616541353383454,10.0,"few jobs, poorly paid"
1071,C1071,Manufacture of bakery products,Elaboración De Productos De Panadería.,C,10,Secundario,3,Industrias manufactureras,12607.833333333332,0.004304030325733742,85.19417475728154,9432,7394.002587872165,0.7462023745174665,39.16256157635468,37.59398496240601,3.841526778577139,0.6974293676731285,40.39408866995074,39.097744360902254,3753.0,"few jobs, poorly paid"
1072,C1072,Manufacture of sugar,Elaboración De Azúcar.,C,10,Secundario,3,Industrias manufactureras,1075.8333333333335,0.0003672652683201094,43.44660194174757,262,12113.262554682951,1.2224698563513954,81.77339901477832,83.45864661654136,118.87994350282486,21.582659344861185,96.79802955665025,96.99248120300751,59.0,"many jobs, well paid"
1073,C1073,"Manufacture of cocoa, chocolate and sugar confectionery","Elaboración De Cacao, Chocolate Y Productos De Confitería.",C,10,Secundario,3,Industrias manufactureras,3635.333333333332,0.0012410209190702125,66.50485436893204,843,14455.182213410539,1.4588162721800875,91.37931034482759,96.2406015037594,12.254130223517967,2.2247379195252677,72.66009852216749,68.42105263157895,343.0,"many jobs, well paid"
1074,C1074,"Manufacture of macaroni, noodles, couscous and similar farinaceous products","Elaboración De Macarrones, Fideos, Alcuzcuz Y Productos Farináceos Similares.",C,10,Secundario,3,Industrias manufactureras,3323.333333333333,0.001134511146445078,64.32038834951457,85,11593.749518296874,1.1700406264806995,78.32512315270937,78.94736842105263,54.21808510638296,9.843295905956998,92.61083743842364,92.4812030075188,47.0,"many jobs, well paid"
1075,C1075,Manufacture of prepared meals and dishes,Elaboración De Comidas Y Platos Preparados.,C,10,Secundario,3,Industrias manufactureras,1532.1666666666663,0.0005230471900335808,48.54368932038835,1803,6022.498237145853,0.6077902234517297,12.807881773399016,12.781954887218044,2.4817708333333344,0.45056561173897963,22.413793103448278,16.541353383458645,512.0,"few jobs, poorly paid"
1079,C1079,Manufacture of other food products n.e.c.,Elaboración De Otros Productos Alimenticios N.C.P.,C,10,Secundario,3,Industrias manufactureras,8793.5,0.0030019028383946223,82.03883495145631,1564,11174.291407004463,1.1277089346889762,74.38423645320196,73.68421052631578,10.714472822527831,1.9452130458229613,70.6896551724138,66.9172932330827,509.0,"many jobs, well paid"
1080,C1080,Manufacture of prepared animal feeds,Elaboración De Alimentos Preparados Para Animales.,C,10,Secundario,3,Industrias manufactureras,5582.916666666663,0.0019058820024094275,75.24271844660194,312,14316.629043284936,1.444833493121526,91.13300492610837,95.48872180451127,49.631034482758594,9.010516649084579,91.62561576354679,90.22556390977444,145.0,"many jobs, well paid"
1101,C1101,"Distilling, rectifying and blending of spirits","Destilación, Rectificación Y Mezcla De Bebidas Alcohólicas.",C,11,Secundario,3,Industrias manufactureras,420.74999999999994,0.00014363457317956868,26.21359223300971,294,8508.856981402008,0.8587134246295823,52.95566502463054,54.13533834586466,5.729508196721308,1.0401924831036573,54.43349753694581,52.63157894736842,122.0,"many jobs, well paid"
1102,C1102,Manufacture of wines,Elaboración De Vinos.,C,11,Secundario,3,Industrias manufactureras,999.5833333333334,0.00034123523574746024,41.50485436893204,99,9362.479445887448,0.9448609614163924,61.330049261083744,62.40601503759399,5.448113207547169,0.9891052095590496,53.20197044334976,50.37593984962406,53.0,"many jobs, well paid"
1103,C1103,Manufacture of malt liquors and malt,Elaboración De Bebidas Malteadas Y De Malta.,C,11,Secundario,3,Industrias manufactureras,789.166666666667,0.00026940372509616083,36.650485436893206,155,17028.01283102929,1.7184662105297632,94.58128078817734,98.49624060150376,16.958888888888886,3.0788870769234746,79.80295566502463,75.18796992481202,75.0,"many jobs, well paid"
1104,C1104,Manufacture of soft drinks; production of mineral waters and other bottled waters,Elaboración De Bebidas No Alcohólicas; Producción De Aguas Minerales Y Otras Aguas Embotelladas.,C,11,Secundario,3,Industrias manufactureras,2648.4166666666642,0.0009041097980233449,59.22330097087378,1277,12747.25366592049,1.2864522078594116,85.22167487684729,88.7218045112782,17.45843672456574,3.1695800100305638,80.29556650246306,75.93984962406014,403.0,"many jobs, well paid"
1200,C1200,Manufacture of tobacco products,Elaboración De Productos De Tabaco.,C,12,Secundario,3,Industrias manufactureras,9.583333333333334,3.271534148475025e-06,2.4271844660194173,7,,,,,,,,,,
1311,C1311,Preparation and spinning of textile fibres,Preparación E Hilatura De Fibras Textiles.,C,13,Secundario,3,Industrias manufactureras,709.4166666666674,0.00024217887135624276,33.980582524271846,63,7497.498195004022,0.7566471460571182,41.6256157635468,39.097744360902254,35.45714285714289,6.437245956544459,89.16256157635468,84.9624060150376,35.0,"many jobs, poorly paid"
1312,C1312,Weaving of textiles,Tejedura De Productos Textiles.,C,13,Secundario,3,Industrias manufactureras,2244.916666666667,0.0007663639863110322,54.85436893203883,336,10017.131844872547,1.0109284490593495,64.77832512315271,66.9172932330827,25.61853448275863,4.651046142554909,85.96059113300493,79.69924812030075,116.0,"many jobs, well paid"
1313,C1313,Finishing of textiles,Servicio De Acabado De Productos Textiles.,C,13,Secundario,3,Industrias manufactureras,632.1666666666665,0.0002158074613072307,32.76699029126214,729,6459.870922924248,0.6519298532122384,21.921182266009854,19.548872180451127,2.300608828006088,0.4176756411350066,19.21182266009852,13.533834586466165,219.0,"few jobs, poorly paid"
1391,C1391,Manufacture of knitted and crocheted fabrics,Fabricación De Tejidos De Punto Y Ganchillo.,C,13,Secundario,3,Industrias manufactureras,323.24999999999994,0.00011035026923421408,23.78640776699029,147,6025.662709580838,0.60810958185295,13.054187192118228,13.533834586466165,2.559386973180077,0.4646568255856244,23.645320197044335,18.045112781954884,87.0,"few jobs, poorly paid"
1392,C1392,"Manufacture of made-up textile articles, except apparel","Fabricación De Artículos Confeccionados De Materiales Textiles, Excepto Prendas De Vestir.",C,13,Secundario,3,Industrias manufactureras,2635.916666666667,0.0008998425795688133,58.98058252427184,1972,7300.50991016094,0.736767098118924,37.19211822660098,36.09022556390977,5.006012506012507,0.9088418063625294,50.0,47.368421052631575,693.0,"few jobs, poorly paid"
1393,C1393,Manufacture of carpets and rugs,Fabricación De Tapices Y Alfombras.,C,13,Secundario,3,Industrias manufactureras,117.66666666666656,4.0168749718667226e-05,12.62135922330097,78,7524.8578871201225,0.7594082848287745,42.857142857142854,40.6015037593985,3.387254901960781,0.6149562870669899,32.01970443349754,28.57142857142857,34.0,"few jobs, poorly paid"
1394,C1394,"Manufacture of cordage, rope, twine and netting","Fabricación De Cuerdas, Cordeles, Bramantes Y Redes.",C,13,Secundario,3,Industrias manufactureras,484.74999999999994,0.0001654827316667758,28.398058252427184,70,6578.000576923078,0.6638514920360383,23.891625615763548,21.804511278195488,8.666666666666664,1.5734337417285658,65.76354679802957,62.40601503759399,30.0,"many jobs, poorly paid"
1399,C1399,Manufacture of other textiles n.e.c.,Fabricación De Otros Productos Textiles N.C.P.,C,13,Secundario,3,Industrias manufactureras,903.5833333333336,0.0003084629980166496,39.56310679611651,550,6673.837594173782,0.673523359064655,25.12315270935961,22.55639097744361,3.072530864197531,0.55781812318048,30.049261083743843,27.06766917293233,216.0,"few jobs, poorly paid"
1410,C1410,"Manufacture of wearing apparel, except fur apparel","Fabricación De Prendas De Vestir, Excepto Prendas De Piel.",C,14,Secundario,3,Industrias manufactureras,16990.75,0.005800259356508038,88.83495145631069,20220,6395.468796268295,0.6454303937836643,20.44334975369458,17.293233082706767,2.584596770739646,0.46923366552051354,23.891625615763548,18.796992481203006,7783.0,"few jobs, poorly paid"
1420,C1420,Manufacture of articles of fur,Fabricación De Artículos De Piel.,C,14,Secundario,3,Industrias manufactureras,110.49999999999996,3.772221113806853e-05,12.135922330097088,74,5824.910309555855,0.5878496595972517,8.620689655172415,6.7669172932330826,2.063888888888889,0.37469912503343744,15.763546798029557,9.022556390977442,30.0,"few jobs, poorly paid"
1430,C1430,Manufacture of knitted and crocheted apparel,Fabricación De Artículos De Punto Y Ganchillo.,C,14,Secundario,3,Industrias manufactureras,605.0833333333335,0.0002065618213224101,32.28155339805826,171,7345.79345862973,0.7413371115848933,38.42364532019704,36.84210526315789,12.365740740740737,2.2450008141864313,73.15270935960592,69.17293233082707,90.0,"many jobs, poorly paid"
1511,C1511,Tanning and dressing of leather; dressing and dyeing of fur,Curtido Y Adobo De Cueros; Adobo Y Teñido De Pieles.,C,15,Secundario,3,Industrias manufactureras,286.3333333333333,9.77477507318277e-05,21.35922330097087,63,7750.714224598932,0.7822016952074698,45.320197044334975,44.3609022556391,8.611842105263156,1.563480340022287,65.51724137931035,61.65413533834586,38.0,"many jobs, poorly paid"
1512,C1512,"Manufacture of luggage, handbags and the like, saddlery and harness","Fabricación De Maletas, Bolsos De Mano Y Artículos Similares, Artículos De Talabartería Y Guarnicionería.",C,15,Secundario,3,Industrias manufactureras,520.25,0.00017760163207764852,29.85436893203883,558,6005.3192875318055,0.6060565247085424,12.31527093596059,11.278195488721805,1.8625592417061614,0.3381477181002515,12.31527093596059,6.015037593984962,211.0,"few jobs, poorly paid"
1520,C1520,Manufacture of footwear,Fabricación De Calzado.,C,15,Secundario,3,Industrias manufactureras,2323.333333333333,0.0007931336700824668,55.8252427184466,1708,7562.398856125774,0.7631969175592596,43.34975369458128,41.35338345864661,6.76364365971108,1.2279398251405267,59.11330049261084,56.390977443609025,623.0,"many jobs, poorly paid"
1610,C1610,Sawmilling and planing of wood,Aserrado Y Acepilladura De Madera.,C,16,Secundario,3,Industrias manufactureras,735.8333333333336,0.00025119692635682157,35.19417475728155,568,9302.462036553521,0.9388040074425298,60.83743842364532,61.65413533834586,10.430283224400876,1.8936184108912806,69.95073891625616,65.41353383458647,153.0,"many jobs, well paid"
1621,C1621,Manufacture of veneer sheets and wood-based panels,Fabricación De Hojas De Madera Para Enchapado Y Tableros A Base De Madera.,C,16,Secundario,3,Industrias manufactureras,1146.1666666666663,0.00039127548415761283,44.1747572815534,63,12246.636202820202,1.2359299183077321,82.26600985221675,84.21052631578947,79.96614583333334,14.517857544248525,94.82758620689656,93.98496240601504,32.0,"many jobs, well paid"
1622,C1622,Manufacture of builders' carpentry and joinery,Fabricación De Partes Y Piezas De Carpintería Para Edificios Y Construcciones.,C,16,Secundario,3,Industrias manufactureras,2462.3333333333335,0.00084058513929687,57.28155339805825,3017,5824.122125847048,0.5877701161364429,8.374384236453201,6.015037593984962,2.162897822445561,0.39267420158620236,17.733990147783253,10.526315789473683,1194.0,"few jobs, poorly paid"
1623,C1623,Manufacture of wooden containers,Fabricación De Recipientes De Madera.,C,16,Secundario,3,Industrias manufactureras,235.6666666666667,8.045129192945541e-05,19.66019417475728,188,6958.883968889935,0.7022902250662532,31.03448275862069,28.57142857142857,4.3119918699187005,0.7828423271756928,44.33497536945813,43.609022556390975,82.0,"few jobs, poorly paid"
1629,C1629,"Manufacture of other products of wood; manufacture of articles of cork, straw and plaiting materials","Fabricación De Otros Productos De Madera; Fabricación De Artículos De Corcho, Paja Y Materiales Trenzables.",C,16,Secundario,3,Industrias manufactureras,584.6666666666665,0.0001995920311800067,31.31067961165049,617,6690.707832923834,0.6752259027227561,25.615763546798032,23.308270676691727,1.9567307692307687,0.3552445633599443,13.793103448275861,6.7669172932330826,260.0,"few jobs, poorly paid"
1701,C1701,"Manufacture of pulp, paper and paperboard","Fabricación De Pasta De Madera, Papel Y Cartón.",C,17,Secundario,3,Industrias manufactureras,909.166666666667,0.0003103690222596742,39.80582524271845,115,9125.534513274339,0.9209484905666,58.620689655172406,58.64661654135338,7.398809523809523,1.3432542176982194,61.083743842364534,59.3984962406015,42.0,"many jobs, well paid"
1702,C1702,Manufacture of corrugated paper and paperboard and of containers of paper and paperboard,Fabricación De Papel Y Cartón Ondulado Y De Envases De Papel Y Cartón.,C,17,Secundario,3,Industrias manufactureras,5798.666666666668,0.0019795341929346624,75.97087378640776,168,12857.893636397313,1.2976179881935657,85.96059113300493,90.97744360902256,72.57616487455195,13.176206152947186,94.08866995073892,93.23308270676691,93.0,"many jobs, well paid"
1709,C1709,Manufacture of other articles of paper and paperboard,Fabricación De Otros Artículos Del Papel Y Cartón.,C,17,Secundario,3,Industrias manufactureras,2338.249999999998,0.0007982258841048752,56.067961165048544,286,12304.5956401231,1.2417791818462731,82.51231527093597,84.9624060150376,31.151002506265655,5.655465972926482,87.4384236453202,81.95488721804512,133.0,"many jobs, well paid"
1811,C1811,Printing,Actividades De Impresión.,C,18,Secundario,3,Industrias manufactureras,4796.916666666667,0.0016375593059884163,73.30097087378641,3371,8454.061012747597,0.8531834181901778,52.21674876847291,53.383458646616546,3.7295201872440025,0.6770945657385639,38.17733990147783,36.09022556390977,1709.0,"few jobs, well paid"
1812,C1812,Service activities related to printing,Actividades De Servicios Relacionados Con La Impresión.,C,18,Secundario,3,Industrias manufactureras,4432.666666666667,0.001513212560223335,71.11650485436894,3517,6749.524755080704,0.6811617035902394,27.339901477832512,24.81203007518797,2.356224465272771,0.42777266270152225,20.19704433497537,14.285714285714285,1387.0,"few jobs, poorly paid"
1820,C1820,Reproduction of recorded media,Reproducción De Grabaciones.,C,18,Secundario,3,Industrias manufactureras,71.5,2.4408489559926707e-05,8.495145631067961,92,8728.121352405722,0.8808415740784906,56.40394088669951,57.89473684210527,2.288690476190476,0.4155118638012594,18.96551724137931,12.781954887218044,28.0,"few jobs, well paid"
1920,C1920,Manufacture of refined petroleum products,Fabricación De Productos De La Refinación Del Petróleo.,C,19,Secundario,3,Industrias manufactureras,733.083333333333,0.0002502581382968242,34.95145631067961,63,28765.654690630527,2.903028444959628,99.75369458128078,100.0,215.12014114232954,39.05507176139456,98.27586206896551,99.24812030075188,21.0,"many jobs, well paid"
2011,C2011,Manufacture of basic chemicals,Fabricación De Substancias Químicas Básicas.,C,20,Secundario,3,Industrias manufactureras,2030.083333333334,0.0006930247251391313,53.398058252427184,260,14262.184485223099,1.4393389510216985,90.88669950738915,94.73684210526315,15.54654654654655,2.8224762581180833,77.33990147783251,72.93233082706767,111.0,"many jobs, well paid"
2012,C2012,Manufacture of fertilizers and nitrogen compounds,Fabricación De Abonos Y Compuestos De Nitrógeno.,C,20,Secundario,3,Industrias manufactureras,541.7500000000005,0.00018494124781944483,30.339805825242717,88,11368.225625863053,1.147280766439459,76.35467980295566,76.69172932330827,24.426587301587293,4.43464807564569,85.71428571428571,78.94736842105263,42.0,"many jobs, well paid"
2013,C2013,Manufacture of plastics and synthetic rubber in primary forms,Fabricación De Plásticos Y Cauchos Sintéticos En Formas Primarias.,C,20,Secundario,3,Industrias manufactureras,3400.5000000000014,0.0011608541083710602,65.0485436893204,237,9286.714860429234,0.9372148032089309,60.3448275862069,60.902255639097746,16.656542056074763,3.0239959951787236,79.3103448275862,74.43609022556392,107.0,"many jobs, well paid"
2021,C2021,Manufacture of pesticides and other agrochemical products,Fabricación De Plaguicidas Y Otros Productos Químicos De Uso Agropecuario.,C,20,Secundario,3,Industrias manufactureras,1335.2499999999993,0.0004558242753131765,45.87378640776699,162,14557.94236401194,1.4691868214831552,91.87192118226602,96.99248120300751,16.503787878787872,2.996263467094126,79.06403940886699,73.68421052631578,88.0,"many jobs, well paid"
2022,C2022,"Manufacture of paints, varnishes and similar coatings, printing ink and mastics","Fabricación De Pinturas, Barnices Y Productos De Revestimiento Similares, Tintas De Imprenta Y Masillas.",C,20,Secundario,3,Industrias manufactureras,1569.0000000000002,0.0005356212604129372,49.029126213592235,102,13680.22034368764,1.3806071587161255,89.4088669950739,93.23308270676691,43.72005208333334,7.937377515928498,90.39408866995073,86.46616541353383,64.0,"many jobs, well paid"
2023,C2023,"Manufacture of soap and detergents, cleaning and polishing preparations, perfumes and toilet preparations","Fabricación De Jabones Y Detergentes, Preparados Para Limpiar Y Pulir, Perfumes Y Preparados De Tocador.",C,20,Secundario,3,Industrias manufactureras,3825.416666666667,0.0013059110877021395,68.20388349514563,923,13131.55118675423,1.3252354946055738,87.192118226601,92.4812030075188,14.649051490514907,2.659535988403304,76.10837438423646,71.42857142857143,369.0,"many jobs, well paid"
2029,C2029,Manufacture of other chemical products n.e.c.,Fabricación De Otros Productos Químicos N.C.P.,C,20,Secundario,3,Industrias manufactureras,1148.4166666666665,0.0003920435834794288,44.417475728155345,427,11898.247134133497,1.2007705107716358,80.54187192118226,81.203007518797,7.709415584415587,1.3996447626377928,62.315270935960584,60.150375939849624,154.0,"many jobs, well paid"
2030,C2030,Manufacture of man-made fibres,Fabricación De Fibras Artificiales.,C,20,Secundario,3,Industrias manufactureras,5.5,1.8775761199943622e-06,1.9417475728155338,17,7883.41090909091,0.7955934380262947,47.53694581280788,46.616541353383454,2.75,0.4992626295869489,26.354679802955665,22.55639097744361,2.0,"few jobs, poorly paid"
2100,C2100,"Manufacture of pharmaceuticals, medicinal chemical and botanical products","Fabricación De Productos Farmacéuticos, Sustancias Químicas Medicinales Y Productos Botánicos De Uso Farmacéutico.",C,21,Secundario,3,Industrias manufactureras,4117.0,0.0014054510701848708,70.3883495145631,395,12595.2344723284,1.2711104383803598,84.72906403940887,87.21804511278195,35.099166666666676,6.3722553622947595,88.91625615763546,84.21052631578947,200.0,"many jobs, well paid"
2211,C2211,Manufacture of rubber tyres and tubes; retreading and rebuilding of rubber tyres,Fabricación De Cubiertas Y Cámaras De Caucho; Recauchutado Y Renovación De Cubiertas De Caucho.,C,22,Secundario,3,Industrias manufactureras,266.9999999999999,9.114778618881717e-05,21.11650485436893,57,16530.138930543824,1.6682208011811253,93.8423645320197,97.74436090225564,49.330128205128204,8.955887100201318,91.37931034482759,89.47368421052632,26.0,"many jobs, well paid"
2219,C2219,Manufacture of other rubber products,Fabricación De Otros Productos De Caucho.,C,22,Secundario,3,Industrias manufactureras,2125.0833333333303,0.0007254555853935782,54.36893203883495,145,7940.746860653085,0.8013797794147991,47.783251231527096,47.368421052631575,10.449324324324328,1.897075323479648,70.19704433497537,66.16541353383458,74.0,"many jobs, poorly paid"
2220,C2220,Manufacture of plastics products,Fabricación De Productos De Plástico.,C,22,Secundario,3,Industrias manufactureras,11193.333333333332,0.0038211518854188286,84.70873786407766,886,10303.368113471397,1.0398153990925856,68.22660098522168,69.92481203007519,31.961525867714474,5.802616527391424,87.93103448275862,82.70676691729322,509.0,"many jobs, well paid"
2310,C2310,Manufacture of glass and glass products,Fabricación De Vidrio Y Productos De Vidrio.,C,23,Secundario,3,Industrias manufactureras,1704.2500000000005,0.0005817925640909804,50.728155339805824,462,9393.758575176353,0.9480176495931728,61.822660098522164,63.1578947368421,6.108618233618235,1.1090199281669173,56.65024630541872,53.383458646616546,234.0,"many jobs, well paid"
2391,C2391,Manufacture of refractory products,Fabricación De Productos Refractarios.,C,23,Secundario,3,Industrias manufactureras,1388.083333333333,0.0004738603853143346,47.0873786407767,272,7833.2391748526525,0.790530109094864,47.04433497536946,45.86466165413533,7.202830188679245,1.3076741601702762,60.3448275862069,58.64661654135338,106.0,"many jobs, poorly paid"
2392,C2392,Manufacture of clay building materials,Fabricación De Materiales De Construcción De Arcilla.,C,23,Secundario,3,Industrias manufactureras,1165.083333333333,0.0003977332080854723,44.66019417475729,286,9969.47043947792,1.0061184623903368,64.5320197044335,66.16541353383458,27.416666666666664,4.977497125275945,86.69950738916256,80.45112781954887,85.0,"many jobs, well paid"
2393,C2393,Manufacture of other porcelain and ceramic products,Fabricación De Otros Productos De Porcelana Y De Cerámica.,C,23,Secundario,3,Industrias manufactureras,604.75,0.00020644802883028918,32.038834951456316,1218,5895.833856256843,0.5950072604133892,9.60591133004926,8.270676691729323,1.643285371702637,0.29833853666837284,8.620689655172415,4.511278195488721,417.0,"few jobs, poorly paid"
2394,C2394,"Manufacture of cement, lime and plaster","Fabricación De Cemento, Cal Y Yeso.",C,23,Secundario,3,Industrias manufactureras,715.9999999999997,0.00024442627307562955,34.22330097087379,63,18809.133165084993,1.8982167863212427,97.53694581280789,99.24812030075188,82.66379310344827,15.007615533257844,95.07389162561576,94.73684210526315,29.0,"many jobs, well paid"
2395,C2395,"Manufacture of articles of concrete, cement and plaster","Fabricación De Artículos De Hormigón, De Cemento Y Yeso.",C,23,Secundario,3,Industrias manufactureras,2779.9166666666665,0.0009490009361650292,59.95145631067961,1237,9414.129488343147,0.9500734811398217,62.315270935960584,63.90977443609023,6.518086544962811,1.1833589193867067,58.3743842364532,54.88721804511278,493.0,"many jobs, well paid"
2396,C2396,"Cutting, shaping and finishing of stone","Corte, Tallado Y Acabado De La Piedra.",C,23,Secundario,3,Industrias manufactureras,333.83333333333337,0.00011396318085905175,24.271844660194176,326,6413.142571898111,0.6472140303438259,20.935960591133004,18.045112781954884,2.722595078299776,0.4942872647608841,26.108374384236456,21.804511278195488,149.0,"few jobs, poorly paid"
2399,C2399,Manufacture of other non-metallic mineral products n.e.c.,Fabricación De Otros Productos Minerales No Metálicos N.C.P.,C,23,Secundario,3,Industrias manufactureras,465.5833333333331,0.00015893966336982568,28.155339805825243,76,10671.57762711865,1.0769750849512527,70.44334975369459,71.42857142857143,14.560897435897429,2.6435316156334587,75.86206896551724,70.67669172932331,26.0,"many jobs, well paid"
2410,C2410,Manufacture of basic iron and steel,Industrias Básicas De Hierro Y Acero.,C,24,Secundario,3,Industrias manufactureras,3195.7500000000005,0.0010909570700858152,63.3495145631068,332,12498.673683240948,1.2613655283338685,84.23645320197043,86.46616541353383,29.97879684418146,5.4426519797378035,87.192118226601,81.203007518797,169.0,"many jobs, well paid"
2420,C2420,Manufacture of basic precious and other non-ferrous metals,Fabricación De Productos Primarios De Metales Preciosos Y Metales No Ferrosos.,C,24,Secundario,3,Industrias manufactureras,1256.5000000000002,0.00042894079904962117,45.14563106796117,195,8619.536270485758,0.8698831729955977,54.92610837438424,56.390977443609025,33.20098039215685,6.027639554710166,88.66995073891626,83.45864661654136,102.0,"many jobs, well paid"
2431,C2431,Casting of iron and steel,Fundición De Hierro Y Acero.,C,24,Secundario,3,Industrias manufactureras,353.08333333333337,0.00012053469727903202,25.0,177,7948.570693327537,0.80216936022034,48.029556650246306,48.1203007518797,4.51078431372549,0.8189331047164178,47.04433497536946,45.86466165413533,85.0,"few jobs, poorly paid"
2432,C2432,Casting of non-ferrous metals,Fundición De Metales No Ferrosos.,C,24,Secundario,3,Industrias manufactureras,119.41666666666669,4.076616030230184e-05,12.864077669902912,54,7031.465099457502,0.7096151091640104,32.758620689655174,31.57894736842105,4.066176470588237,0.7382145298438044,41.37931034482759,39.849624060150376,34.0,"few jobs, poorly paid"
2511,C2511,Manufacture of structural metal products,Fabricación De Productos Metálicos Para Uso Estructural.,C,25,Secundario,3,Industrias manufactureras,7239.666666666667,0.002471459136373185,79.36893203883496,5838,6969.520573338907,0.7033636706598,31.527093596059114,30.075187969924812,3.4041766245590064,0.6180284266020921,33.004926108374384,29.32330827067669,2929.0,"few jobs, poorly paid"
2512,C2512,"Manufacture of tanks, reservoirs and containers of metal","Fabricación De Tanques, Depósitos Y Recipientes De Metal.",C,25,Secundario,3,Industrias manufactureras,835.4999999999999,0.00028522088150096167,38.10679611650485,148,9232.954581640943,0.9317893185394579,59.35960591133005,60.150375939849624,9.887550200803213,1.7950852048821735,68.96551724137932,63.90977443609023,83.0,"many jobs, well paid"
2513,C2513,"Manufacture of steam generators, except central heating hot water boilers","Fabricación De Generadores De Vapor, Excepto Calderas De Agua Caliente Para Calefacción Central.",C,25,Secundario,3,Industrias manufactureras,185.5833333333333,6.33539699882946e-05,16.50485436893204,31,7690.083281632656,0.7760828234498542,44.827586206896555,43.609022556390975,8.506944444444441,1.5444361647576064,65.27093596059113,60.902255639097746,24.0,"many jobs, poorly paid"
2520,C2520,Manufacture of weapons and ammunition,Fabricación De Armas Y Municiones.,C,25,Secundario,3,Industrias manufactureras,13.91666666666667,4.750836546046342e-06,2.912621359223301,6,6960.0,0.7024028548705397,31.2807881773399,29.32330827067669,1.0,0.18155004712252687,1.477832512315271,2.631578947368421,2.0,"few jobs, poorly paid"
2591,C2591,"Forging, pressing, stamping and roll-forming of metal; powder metallurgy","Forja, Prensado, Estampado Y Laminado De Metales; Pulvimetalurgia.",C,25,Secundario,3,Industrias manufactureras,493.3333333333336,0.00016841288833888832,29.126213592233007,168,7495.8410926573415,0.7564799113704629,41.37931034482759,38.34586466165413,4.144927536231885,0.7525117895223579,42.11822660098522,41.35338345864661,92.0,"few jobs, poorly paid"
2592,C2592,Treatment and coating of metals; machining,Tratamiento Y Revestimiento De Metales; Maquinado.,C,25,Secundario,3,Industrias manufactureras,4974.583333333333,0.00169821070428884,73.54368932038835,3840,5550.585197173072,0.5601647828586958,3.201970443349754,3.7593984962406015,2.4788653581267215,0.4500381225783057,21.921182266009854,15.789473684210526,1936.0,"few jobs, poorly paid"
2593,C2593,"Manufacture of cutlery, hand tools and general hardware","Fabricación De Artículos De Cuchillería, Herramientas De Mano Y Artículos De Ferretería.",C,25,Secundario,3,Industrias manufactureras,826.1666666666667,0.0002820346917215774,37.37864077669903,737,6570.7993869002285,0.6631247482960219,23.645320197044335,21.052631578947366,2.6051587301587302,0.47296669022197974,24.137931034482758,19.548872180451127,336.0,"few jobs, poorly paid"
2599,C2599,Manufacture of other fabricated metal products n.e.c.,Fabricación De Otros Productos Elaborados De Metal N.C.P.,C,25,Secundario,3,Industrias manufactureras,2053.0,0.000700847958972441,53.640776699029125,353,11722.755879326,1.1830599420386474,79.06403940886699,79.69924812030075,19.096339113680155,3.466941265956385,81.77339901477832,76.69172932330827,173.0,"many jobs, well paid"
2610,C2610,Manufacture of electronic components and boards,Fabricación De Componentes Y Tableros Electrónicos.,C,26,Secundario,3,Industrias manufactureras,202.91666666666666,6.927117957857987e-05,17.718446601941746,61,12393.6006590258,1.2507615639403913,82.75862068965517,85.71428571428571,15.173913043478246,2.7548246280766007,76.60098522167488,72.18045112781954,23.0,"many jobs, well paid"
2620,C2620,Manufacture of computers and peripheral equipment,Fabricación De Computadoras Y Equipo Periférico.,C,26,Secundario,3,Industrias manufactureras,141.83333333333337,4.8418705397430384e-05,13.834951456310678,55,8606.080237388724,0.868525190802697,54.679802955665025,55.639097744360896,2.956140350877193,0.5366874200025575,28.078817733990146,24.81203007518797,19.0,"few jobs, well paid"
2630,C2630,Manufacture of communication equipment,Fabricación De Equipo De Comunicaciones.,C,26,Secundario,3,Industrias manufactureras,3080.500000000003,0.0010516133159350252,62.37864077669902,175,5876.744682237914,0.5930807819179846,9.113300492610838,7.518796992481203,2.4744623655913975,0.44923875907603755,21.67487684729064,15.037593984962406,62.0,"few jobs, poorly paid"
2640,C2640,Manufacture of consumer electronics,Fabricación De Aparatos Electrónicos De Consumo.,C,26,Secundario,3,Industrias manufactureras,205.2499999999999,7.006772702342592e-05,17.96116504854369,39,11870.667929727862,1.1979872188306047,79.80295566502463,80.45112781954887,51.83928571428574,9.411424764226709,91.87192118226602,90.97744360902256,14.0,"many jobs, well paid"
2651,C2651,"Manufacture of measuring, testing, navigating and control equipment","Fabricación De Equipos De Medición, Prueba, Navegación, Control Y De Relojes.",C,26,Secundario,3,Industrias manufactureras,313.6666666666667,0.00010707873508573908,23.300970873786408,117,9450.052870825773,0.9536988671186153,62.5615763546798,64.66165413533834,6.706597222222229,1.2175830417262536,58.620689655172406,55.639097744360896,48.0,"many jobs, well paid"
2652,C2652,Manufacture of watches and clocks,Fabricación De Relojes.,C,26,Secundario,3,Industrias manufactureras,1.0,3.413774763626113e-07,0.7281553398058253,3,5520.0,0.5570781262766349,2.586206896551724,3.007518796992481,1.0,0.18155004712252687,1.477832512315271,2.631578947368421,1.0,"few jobs, poorly paid"
2660,C2660,"Manufacture of irradiation, electromedical and electrotherapeutic equipment","Fabricación De Equipo De Irradiación, Y Equipo Electrónico De Uso Medico Y Terapéutico.",C,26,Secundario,3,Industrias manufactureras,21.0,7.168927003614837e-06,4.368932038834951,18,7615.311284916203,0.7685368372489911,44.33497536945813,42.857142857142854,3.729166666666666,0.6770303840610897,37.93103448275862,35.338345864661655,8.0,"few jobs, poorly paid"
2670,C2670,Manufacture of optical instruments and photographic equipment,Fabricación De Instrumentos Ópticos Y Equipo Fotográficos.,C,26,Secundario,3,Industrias manufactureras,87.16666666666666,2.9756736689607616e-05,10.194174757281553,102,6206.168577878105,0.6263262251306635,16.25615763546798,15.789473684210526,2.7687499999999994,0.5026666929704962,26.60098522167488,23.308270676691727,40.0,"few jobs, poorly paid"
2710,C2710,"Manufacture of electric motors, generators, transformers and electricity distribution and control apparatus","Fabricación De Motores, Generadores, Transformadores Eléctricos Y Aparatos De Distribución Y Control De La Energía Eléctrica.",C,27,Secundario,3,Industrias manufactureras,2272.8333333333335,0.000775894107526155,55.33980582524271,774,8517.972803263492,0.8596333929198118,53.20197044334976,54.88721804511278,5.038303437967113,0.9147042265805185,50.49261083743842,48.1203007518797,446.0,"many jobs, well paid"
2720,C2720,Manufacture of batteries and accumulators,"Fabricación De Pilas, Baterías Y Acumuladores.",C,27,Secundario,3,Industrias manufactureras,354.08333333333377,0.00012087607475539476,25.24271844660194,17,12693.899780291315,1.2810677363674046,84.97536945812809,87.96992481203007,128.0104166666667,23.24029717800764,97.29064039408867,97.74436090225564,8.0,"many jobs, well paid"
2731,C2731,Manufacture of fibre optic cables,Fabricación De Cables De Fibra Óptica.,C,27,Secundario,3,Industrias manufactureras,108.666666666667,3.7096352431403877e-05,11.650485436893204,8,10271.023251533712,1.0365511572297375,67.73399014778325,69.17293233082707,36.222222222222335,6.576146151327105,89.4088669950739,85.71428571428571,3.0,"many jobs, well paid"
2732,C2732,Manufacture of other electronic and electric wires and cables,Fabricación De Otros Hilos Y Cables Eléctricos.,C,27,Secundario,3,Industrias manufactureras,186.58333333333326,6.36953474646572e-05,16.74757281553398,9,12781.18659588588,1.2898767174688672,85.4679802955665,89.47368421052632,94.1874999999999,17.09974506335298,96.05911330049261,96.2406015037594,8.0,"many jobs, well paid"
2733,C2733,Manufacture of wiring devices,Fabricación De Dispositivos De Cableado.,C,27,Secundario,3,Industrias manufactureras,11.41666666666667,3.897392855139813e-06,2.669902912621359,15,11236.06465116278,1.1339430874262486,75.1231527093596,75.93984962406014,5.119047619047625,0.9293633364605552,50.98522167487685,48.87218045112782,7.0,"many jobs, well paid"
2740,C2740,Manufacture of electric lighting equipment,Fabricación De Equipo Eléctrico De Iluminación.,C,27,Secundario,3,Industrias manufactureras,429.74999999999994,0.0001467069704668322,26.45631067961165,350,10165.490663484487,1.0259008136769137,66.7487684729064,68.42105263157895,1.995238095238095,0.3622355702111369,14.77832512315271,8.270676691729323,175.0,"few jobs, well paid"
2750,C2750,Manufacture of domestic appliances,Fabricación De Aparatos De Uso Doméstico.,C,27,Secundario,3,Industrias manufactureras,736.9166666666666,0.0002515667519562143,35.43689320388349,133,11523.55857907604,1.1629569603751306,77.58620689655173,78.19548872180451,48.09077380952375,8.73088225127782,91.13300492610837,88.7218045112782,56.0,"many jobs, well paid"
2790,C2790,Manufacture of other electrical equipment,Fabricación De Otros Tipos De Equipo Eléctrico.,C,27,Secundario,3,Industrias manufactureras,507.583333333333,0.00017327751737705532,29.36893203883495,78,7000.171024146545,0.7064569126354256,32.26600985221675,30.82706766917293,9.098484848484848,1.6518303529860208,66.99507389162561,63.1578947368421,33.0,"many jobs, poorly paid"
2811,C2811,"Manufacture of engines and turbines, except aircraft, vehicle and cycle engines","Fabricación De Motores Y Turbinas, Excepto Motores Para Aeronaves, Vehículos Automotores Y Motocicletas.",C,28,Secundario,3,Industrias manufactureras,430.1666666666667,0.0001468492110819833,26.699029126213592,230,6010.45864229765,0.6065751881366633,12.561576354679804,12.030075187969924,1.994791666666667,0.3621545210829573,14.532019704433496,7.518796992481203,96.0,"few jobs, poorly paid"
2812,C2812,Manufacture of fluid power equipment,Fabricación De Equipo De Propulsión De Fluidos.,C,28,Secundario,3,Industrias manufactureras,235.5833333333334,8.04228438064252e-05,19.41747572815534,96,8049.703593287264,0.8123756874693413,49.26108374384236,50.37593984962406,4.220833333333334,0.766292490562999,42.857142857142854,42.10526315789473,40.0,"few jobs, poorly paid"
2813,C2813,"Manufacture of other pumps, compressors, taps and valves","Fabricación De Otras Bombas, Compresores, Grifos Y Válvulas.",C,28,Secundario,3,Industrias manufactureras,84.16666666666677,2.873260426051982e-05,9.70873786407767,53,12061.38937049794,1.2172348171757088,81.5270935960591,82.70676691729322,93.91176470588255,17.049685307712632,95.8128078817734,95.48872180451127,17.0,"many jobs, well paid"
2814,C2814,"Manufacture of bearings, gears, gearing and driving elements","Fabricación De Cojinetes, Engranajes, Trenes De Engranajes Y Piezas De Transmisión.",C,28,Secundario,3,Industrias manufactureras,26.0,8.875814385427893e-06,5.339805825242718,20,5251.022142857141,0.5299328942717348,1.477832512315271,2.2556390977443606,2.512820512820513,0.4562026825130163,22.660098522167488,17.293233082706767,13.0,"few jobs, poorly paid"
2815,C2815,"Manufacture of ovens, furnaces and furnace burners",Fabricación De Hornos Y Quemadores.,C,28,Secundario,3,Industrias manufactureras,181.33333333333326,6.190311571375349e-05,16.019417475728158,57,5644.166858638737,0.5696090394933239,4.433497536945813,4.511278195488721,2.652777777777781,0.4816119305611482,25.862068965517242,21.052631578947366,24.0,"few jobs, poorly paid"
2816,C2816,Manufacture of lifting and handling equipment,Fabricación De Equipo De Elevación Y Manipulación.,C,28,Secundario,3,Industrias manufactureras,251.75,8.59417796742874e-05,20.631067961165048,77,7581.546962798446,0.7651293435351576,44.08866995073892,42.10526315789473,3.7520833333333337,0.6811909059743144,38.42364532019704,36.84210526315789,40.0,"few jobs, poorly paid"
2817,C2817,Manufacture of office machinery and equipment (except computers and peripheral equipment),Fabricación De Maquinaria Y Equipo De Oficina (Excepto Computadoras Y Equipo Periférico).,C,28,Secundario,3,Industrias manufactureras,26.9166666666667,9.188743738760298e-06,5.582524271844661,16,7211.309260273964,0.7277649729555735,35.467980295566505,33.83458646616541,4.3452380952381,0.788878180949076,44.827586206896555,44.3609022556391,7.0,"few jobs, poorly paid"
2818,C2818,Manufacture of power-driven hand tools,Fabricación De Herramientas De Mano Motorizadas.,C,28,Secundario,3,Industrias manufactureras,158.75,5.419367437256454e-05,15.048543689320388,63,8280.7517669411,0.8356930576973699,50.73891625615764,51.8796992481203,4.244623655913979,0.7706116247485751,43.5960591133005,42.857142857142854,31.0,"few jobs, well paid"
2819,C2819,Manufacture of other general-purpose machinery,Fabricación De Otros Tipos De Maquinaria De Uso General.,C,28,Secundario,3,Industrias manufactureras,3823.1666666666697,0.0013051429883803244,67.96116504854369,999,7756.024929049404,0.7827376512372667,45.566502463054185,45.11278195488722,3.6429806362378976,0.6613833061754433,36.69950738916256,33.08270676691729,482.0,"few jobs, poorly paid"
2821,C2821,Manufacture of agricultural and forestry machinery,Fabricación De Maquinaria Agropecuaria Y Forestal.,C,28,Secundario,3,Industrias manufactureras,439.3333333333336,0.00014997850461530732,27.184466019417474,161,7290.986322350848,0.7358059781093811,36.94581280788177,35.338345864661655,4.128676470588234,0.7495614077889617,41.87192118226601,40.6015037593985,68.0,"few jobs, poorly paid"
2822,C2822,Manufacture of metal-forming machinery and machine tools,Fabricación De Maquinaria Para La Conformación De Metales Y De Máquinas Herramienta.,C,28,Secundario,3,Industrias manufactureras,85.66666666666669,2.9244670475063706e-05,9.951456310679612,48,6865.333588235291,0.6928491252895221,28.817733990147783,26.31578947368421,2.1794871794871806,0.3956860001388408,18.226600985221676,12.030075187969924,26.0,"few jobs, poorly paid"
2823,C2823,Manufacture of machinery for metallurgy,Fabricación De Maquinaria Metalúrgica.,C,28,Secundario,3,Industrias manufactureras,103.25000000000004,3.524722443443963e-05,10.922330097087379,22,5920.2619401197535,0.597472541425505,10.591133004926109,9.774436090225564,4.348958333333338,0.7895535903505735,45.073891625615765,45.11278195488722,16.0,"few jobs, poorly paid"
2824,C2824,"Manufacture of machinery for mining, quarrying and construction",Fabricación De Maquinaria Para La Explotación De Minas Y Canteras Y Para Obras De Construcción.,C,28,Secundario,3,Industrias manufactureras,165.91666666666663,5.664021295316324e-05,15.53398058252427,102,7060.145136094678,0.7125094970392609,33.004926108374384,32.33082706766917,3.7723214285714266,0.6848651331184604,39.16256157635468,37.59398496240601,56.0,"few jobs, poorly paid"
2825,C2825,"Manufacture of machinery for food, beverage and tobacco processing","Fabricación De Maquinaria Para La Elaboración De Alimentos, Bebidas Y Tabaco.",C,28,Secundario,3,Industrias manufactureras,346.3333333333333,0.00011823039931358437,24.75728155339806,114,8263.033825198636,0.83390496389531,50.49261083743842,51.127819548872175,7.059294871794874,1.2816153166261717,59.60591133004927,57.14285714285714,52.0,"many jobs, well paid"
2826,C2826,"Manufacture of machinery for textile, apparel and leather production","Fabricación De Maquinaria Para La Elaboración De Productos Textiles, Prendas De Vestir Y Cueros.",C,28,Secundario,3,Industrias manufactureras,76.83333333333337,2.6229169433860648e-05,8.737864077669903,69,6940.153073394493,0.7003999040216726,30.541871921182267,27.819548872180448,2.0761904761904773,0.3769324787877226,16.502463054187192,9.774436090225564,35.0,"few jobs, poorly paid"
2829,C2829,Manufacture of other special-purpose machinery,Fabricación De Otros Tipos De Maquinaria De Uso Especial.,C,28,Secundario,3,Industrias manufactureras,340.6666666666666,0.00011629592694752955,24.514563106796118,141,4409.900216886135,0.4450469112119301,0.7389162561576355,1.5037593984962405,3.4153439153439153,0.6200558487703233,33.251231527093594,30.075187969924812,63.0,"few jobs, poorly paid"
2910,C2910,Manufacture of motor vehicles,Fabricación De Vehículos Automotores.,C,29,Secundario,3,Industrias manufactureras,3073.8333333333367,0.0010493374660926079,62.13592233009708,95,12791.372045500442,1.2909046325388973,85.71428571428571,90.22556390977444,45.85493827160493,8.324966204010435,90.64039408866995,87.21804511278195,27.0,"many jobs, well paid"
2920,C2920,Manufacture of bodies (coachwork) for motor vehicles; manufacture of trailers and semi-trailers,Fabricación De Carrocerías Para Vehículos Automotores; Fabricación De Remolques Y Semirremolques.,C,29,Secundario,3,Industrias manufactureras,1527.8333333333328,0.0005215678876360094,48.30097087378641,513,7215.903319148936,0.7282286051494276,35.960591133004925,34.58646616541353,6.373820754716981,1.1571674583694076,57.635467980295566,54.13533834586466,212.0,"many jobs, poorly paid"
2930,C2930,Manufacture of parts and accessories for motor vehicles,"Fabricación De Partes, Piezas Y Accesorios Para Vehículos Automotores.",C,29,Secundario,3,Industrias manufactureras,1391.4166666666667,0.00047499831023554344,47.33009708737864,267,7503.071091723652,0.7572095625177169,42.11822660098522,39.849624060150376,5.609788359788358,1.018457341066979,54.187192118226605,51.8796992481203,126.0,"many jobs, poorly paid"
3011,C3011,Building of ships and floating structures,Construcción De Buques Y Estructuras Flotantes.,C,30,Secundario,3,Industrias manufactureras,1080.7500000000005,0.00036894370757889234,43.689320388349515,199,11229.426137351487,1.1332731289416007,74.8768472906404,75.18796992481202,10.363363363363367,1.881469106966488,69.70443349753694,64.66165413533834,111.0,"many jobs, well paid"
3012,C3012,Building of pleasure and sporting boats,Construcción De Embarcaciones De Recreo Y Deporte.,C,30,Secundario,3,Industrias manufactureras,60.08333333333329,2.0511096704786883e-05,7.524271844660194,72,5905.3452418447705,0.5959671489752765,10.098522167487685,9.022556390977442,3.5277777777777777,0.6404682217933587,34.48275862068966,31.57894736842105,21.0,"few jobs, poorly paid"
3020,C3020,Manufacture of railway locomotives and rolling stock,Fabricación De Locomotoras Y Material Rodante.,C,30,Secundario,3,Industrias manufactureras,68.00000000000003,2.3213668392657576e-05,8.25242718446602,58,5938.827392815756,0.5993461659909699,11.083743842364532,10.526315789473683,2.996527777777779,0.5440197592595165,29.064039408866993,25.563909774436087,24.0,"few jobs, poorly paid"
3030,C3030,Manufacture of air and spacecraft and related machinery,Fabricación De Aeronaves Y Naves Especiales Y Maquinaria Conexa.,C,30,Secundario,3,Industrias manufactureras,22.08333333333333,7.538752603007665e-06,4.854368932038835,29,11470.784680851062,1.157631021183195,77.0935960591133,77.44360902255639,0.9791666666666667,0.17776775447414092,0.49261083743842365,1.5037593984962405,4.0,"few jobs, well paid"
3040,C3040,Manufacture of military fighting vehicles,Fabricación De Vehículos Militares De Combate.,C,30,Secundario,3,Industrias manufactureras,0.0,0.0,0.24271844660194172,1,,,,,,,,,,
3091,C3091,Manufacture of motorcycles,Fabricación De Motocicletas.,C,30,Secundario,3,Industrias manufactureras,307.4166666666667,0.00010494512585847277,22.815533980582526,31,12026.78921694481,1.2137429713948644,81.2807881773399,81.95488721804512,51.93333333333329,9.428499113896553,92.11822660098522,91.72932330827066,15.0,"many jobs, well paid"
3092,C3092,Manufacture of bicycles and invalid carriages,Fabricación De Bicicletas Y De Sillas De Ruedas Para Inválidos.,C,30,Secundario,3,Industrias manufactureras,65.33333333333337,2.2303328455690617e-05,8.009708737864079,20,10942.054353790614,1.1042715827947047,72.9064039408867,72.18045112781954,12.824074074074074,2.3282112524509233,73.89162561576354,69.92481203007519,9.0,"many jobs, well paid"
3099,C3099,Manufacture of other transport equipment n.e.c.,Fabricación De Otros Tipos De Equipo De Transporte N.C.P.,C,30,Secundario,3,Industrias manufactureras,1.0,3.413774763626113e-07,0.7281553398058253,3,3359.9999999999936,0.3390910333857771,0.24630541871921183,0.7518796992481203,0.166666666666667,0.03025834118708787,0.24630541871921183,0.7518796992481203,1.0,"few jobs, poorly paid"
3100,C3100,Manufacture of furniture,Fabricación De Muebles.,C,31,Secundario,3,Industrias manufactureras,6934.250000000001,0.0023671967654674375,78.15533980582524,6864,8031.551135489481,0.8105437423285252,49.01477832512315,49.62406015037594,3.550528440802755,0.6445986057376121,34.97536945812808,32.33082706766917,2807.0,"few jobs, poorly paid"
3211,C3211,Manufacture of jewellery and related articles,Fabricación De Joyas Y Artículos Conexos.,C,32,Secundario,3,Industrias manufactureras,962.1666666666665,0.00032846202850689244,40.29126213592233,858,6846.53652209161,0.6909521263064027,28.57142857142857,25.563909774436087,2.1731853417899925,0.3945419012079578,17.980295566502463,11.278195488721805,473.0,"few jobs, poorly paid"
3212,C3212,Manufacture of imitation jewellery and related articles,Fabricación De Bisutería Y Artículos Conexos.,C,32,Secundario,3,Industrias manufactureras,210.66666666666669,7.191685502039012e-05,18.203883495145632,371,5698.780345821325,0.5751206299116407,6.157635467980295,5.263157894736842,1.4829059829059832,0.2692216510748583,6.896551724137931,3.7593984962406015,117.0,"few jobs, poorly paid"
3220,C3220,Manufacture of musical instruments,Fabricación De Instrumentos Musicales.,C,32,Secundario,3,Industrias manufactureras,64.75,2.2104191594479083e-05,7.766990291262135,68,6091.85820256776,0.6147900277227167,14.77832512315271,14.285714285714285,1.718137254901961,0.31192789959041994,10.098522167487685,5.263157894736842,34.0,"few jobs, poorly paid"
3230,C3230,Manufacture of sports goods,Fabricación De Artículos De Deporte.,C,32,Secundario,3,Industrias manufactureras,877.9999999999999,0.00029972942424637267,39.07766990291262,117,6223.581250000006,0.6280835111377536,16.748768472906402,16.541353383458645,2.7999999999999976,0.5083401319430748,27.093596059113302,24.06015037593985,40.0,"few jobs, poorly paid"
3240,C3240,Manufacture of games and toys,Fabricación De Juegos Y Juguetes.,C,32,Secundario,3,Industrias manufactureras,245.58333333333334,8.383661857005129e-05,20.145631067961165,226,6203.788810328934,0.6260860591076081,15.763546798029557,15.037593984962406,3.663288288288284,0.6650701613621388,36.94581280788177,33.83458646616541,74.0,"few jobs, poorly paid"
3250,C3250,Manufacture of medical and dental instruments and supplies,Fabricación De Instrumentos Y Materiales Médicos Y Odontológicos.,C,32,Secundario,3,Industrias manufactureras,1378.2499999999995,0.0004705035067967689,46.601941747572816,730,7093.4027239621255,0.715865851157681,33.251231527093594,33.08270676691729,3.010964912280702,0.5466408217088364,29.310344827586203,26.31578947368421,380.0,"few jobs, poorly paid"
3290,C3290,Other manufacturing n.e.c.,Otras Industrias Manufactureras N.C.P.,C,32,Secundario,3,Industrias manufactureras,1027.4166666666667,0.0003507369088395529,42.23300970873786,1311,6695.331913652275,0.6756925647205735,26.108374384236456,24.06015037593985,2.6207951070336395,0.4758054751804451,24.38423645320197,20.30075187969925,436.0,"few jobs, poorly paid"
3311,C3311,Repair of fabricated metal products,Reparación De Productos Elaborados De Metal.,C,33,Secundario,3,Industrias manufactureras,1417.7499999999998,0.0004839879171130921,47.57281553398058,732,8419.73263532959,0.8497190000434133,51.970443349753694,52.63157894736842,5.461826347305388,0.9915948307283521,53.44827586206896,51.127819548872175,334.0,"many jobs, well paid"
3312,C3312,Repair of machinery,Reparación De Maquinaria.,C,33,Secundario,3,Industrias manufactureras,6224.666666666666,0.0021249609978651342,76.94174757281553,3681,7980.220066300805,0.8053634133713868,48.76847290640394,48.87218045112782,3.492605565285075,0.634082704957905,34.23645320197045,30.82706766917293,1713.0,"few jobs, poorly paid"
3313,C3313,Repair of electronic and optical equipment,Reparación De Equipo Electrónico Y Óptico.,C,33,Secundario,3,Industrias manufactureras,828.4166666666665,0.0002828027910433932,37.62135922330097,438,14040.406261037864,1.416957103634367,90.14778325123153,93.98496240601504,3.8061694290976056,0.6910102392089915,39.90147783251231,38.34586466165413,181.0,"few jobs, well paid"
3314,C3314,Repair of electrical equipment,Reparación De Equipo Eléctrico.,C,33,Secundario,3,Industrias manufactureras,2549.916666666666,0.0008704841166016283,58.495145631067956,1741,9645.829384123805,0.9734566231325718,63.05418719211823,65.41353383458647,3.6641414141414135,0.6652250464009759,37.19211822660098,34.58646616541353,726.0,"few jobs, well paid"
3315,C3315,"Repair of transport equipment, except motor vehicles","Reparación De Equipo De Transporte, Excepto Vehículos Automotores.",C,33,Secundario,3,Industrias manufactureras,589.2499999999995,0.00020115667794666855,31.79611650485437,310,6560.19759528131,0.6620548160115576,23.39901477832512,20.30075187969925,5.210401891252952,0.9459487088842766,51.47783251231527,49.62406015037594,141.0,"many jobs, poorly paid"
3319,C3319,Repair of other equipment,Reparación De Otros Tipos De Equipo.,C,33,Secundario,3,Industrias manufactureras,49.333333333333364,1.6841288833888834e-05,6.796116504854369,32,6416.00962962963,0.6475033736679203,21.182266009852217,18.796992481203006,3.375,0.6127314090385282,31.527093596059114,27.819548872180448,4.0,"few jobs, poorly paid"
3320,C3320,Installation of industrial machinery and equipment,Instalación De Maquinaria Y Equipo Industriales.,C,33,Secundario,3,Industrias manufactureras,1833.7500000000005,0.0006260009472799387,51.94174757281553,650,10034.492487804875,1.012680484283208,65.27093596059113,67.66917293233082,7.182765151515152,1.3040313517276199,60.09852216748769,57.89473684210527,352.0,"many jobs, well paid"
3510,D3510,"Electric power generation, transmission and distribution","Generación, Transmisión Y Distribución De Energía Eléctrica.",D,35,Secundario,6,Servicios,17162.333333333336,0.005858834041827256,89.07766990291263,1200,18648.372698335977,1.8819928479886523,97.29064039408867,95.88235294117648,43.09947916666666,7.824712473664698,90.14778325123153,90.0,480.0,"many jobs, well paid"
3520,D3520,Manufacture of gas; distribution of gaseous fuels through mains,Fabricación De Gas; Distribución De Combustibles Gaseosos Por Tuberías.,D,35,Secundario,6,Servicios,3840.77296398892,0.001311153381728284,68.44660194174757,124,10288.816087912088,1.0383468093947397,67.98029556650246,59.411764705882355,5.9868421052631575,1.0869114663256543,56.15763546798029,50.588235294117645,19.0,"many jobs, well paid"
3530,D3530,Steam and air conditioning supply,Suministro De Vapor Y De Aire Acondicionado.,D,35,Secundario,6,Servicios,5973.083333333334,0.0020390761144369078,76.45631067961165,313,7406.118100615435,0.7474250714627385,39.6551724137931,32.94117647058823,9.774282560706403,1.7745214594851402,68.7192118226601,64.11764705882354,151.0,"many jobs, poorly paid"
3600,E3600,"Water collection, treatment and supply","Captación, Tratamiento Y Distribución De Agua.",E,36,Secundario,6,Servicios,7129.833333333332,0.0024339645102193575,78.64077669902912,1596,11263.513060938,1.136713179579664,75.36945812807882,69.41176470588235,18.83613782051282,3.4197017089205133,81.5270935960591,79.41176470588235,624.0,"many jobs, well paid"
3700,E3700,Sewerage,Evacuación De Aguas Residuales.,E,37,Secundario,6,Servicios,3404.499999999999,0.0011622196182765098,65.29126213592234,314,9845.027927647569,0.9935597302672191,64.03940886699507,54.70588235294118,13.494750656167987,2.4499726175340486,75.1231527093596,71.76470588235294,127.0,"many jobs, well paid"
3811,E3811,Collection of non-hazardous waste,Recolección De Desechos No Peligrosos.,E,38,Secundario,6,Servicios,7957.083333333333,0.0027163690275403283,80.8252427184466,382,8702.801383610848,0.8782862840832675,55.91133004926109,45.88235294117647,53.4559748427673,9.704934751685014,92.36453201970444,90.58823529411765,159.0,"many jobs, well paid"
3812,E3812,Collection of hazardous waste,Recolección De Desechos Peligrosos.,E,38,Secundario,6,Servicios,108.75000000000007,3.7124800554434e-05,11.893203883495145,63,10694.164811320756,1.0792545824608857,70.93596059113301,64.11764705882354,31.96825396825397,5.803838014361415,88.17733990147784,87.6470588235294,21.0,"many jobs, well paid"
3821,E3821,Treatment and disposal of non-hazardous waste,Tratamiento Y Eliminación De Desechos No Peligrosos.,E,38,Secundario,6,Servicios,329.5000000000001,0.00011248387846148047,24.029126213592235,73,9706.011526946104,0.9795302020019122,63.54679802955665,54.11764705882353,12.370370370370374,2.2458413236638517,73.39901477832512,69.41176470588235,27.0,"many jobs, well paid"
3822,E3822,Treatment and disposal of hazardous waste,Tratamiento Y Eliminación De Desechos Peligrosos.,E,38,Secundario,6,Servicios,89.58333333333333,3.058173225748393e-05,10.436893203883495,17,8165.538728131072,0.824065763533796,49.75369458128079,40.588235294117645,27.28030303030304,4.952740300668329,86.45320197044335,85.88235294117646,11.0,"many jobs, poorly paid"
3830,E3830,Materials recovery,Recuperación De Materiales.,E,38,Secundario,6,Servicios,2419.916666666667,0.0008261050446744892,56.79611650485437,249,11058.871884871884,1.1160608022387295,74.13793103448276,68.82352941176471,12.833333333333334,2.3298922714057615,74.13793103448276,70.0,74.0,"many jobs, well paid"
3900,E3900,Remediation activities and other waste management services,Actividades De Descontaminación Y Otros Servicios De  Gestión De Desechos.,E,39,Secundario,6,Servicios,54.3333333333333,1.854817621570187e-05,7.281553398058252,27,10054.64810484927,1.0147145881558604,65.51724137931035,55.294117647058826,31.791666666666703,5.771778581437006,87.68472906403942,87.05882352941177,10.0,"many jobs, well paid"
4100,F4100,Construction of buildings,Construcción De Edificios.,F,41,Secundario,5,Construcción,36764.416666666664,0.012550543781610192,95.14563106796116,12531,7263.63184702053,0.7330453658154872,36.206896551724135,45.45454545454545,4.532970150947679,0.8229609445095588,47.29064039408867,54.54545454545454,8811.0,"few jobs, poorly paid"
4210,F4210,Construction of roads and railways,Construcción De Carreteras Y Líneas De Ferrocarril.,F,42,Secundario,5,Construcción,21121.583333333332,0.0072104328151159245,91.01941747572816,2559,9857.389922608581,0.9948073021856833,64.28571428571429,81.81818181818183,9.539059304703478,1.7318166662734948,68.22660098522168,90.9090909090909,1630.0,"many jobs, well paid"
4220,F4220,Construction of utility projects,Construcción De Proyectos De Servicios Públicos.,F,42,Secundario,5,Construcción,9695.166666666666,0.003309711529581577,83.25242718446601,2748,7139.988202118922,0.7205672553032044,34.48275862068966,36.36363636363637,4.377608276345783,0.7947549888545405,45.566502463054185,45.45454545454545,1901.0,"few jobs, poorly paid"
4290,F4290,Construction of other civil engineering projects,Construcción De Otras Obras De Ingeniería Civil.,F,42,Secundario,5,Construcción,2091.083333333334,0.0007138487511972507,53.883495145631066,399,13557.610577564765,1.3682333871989247,88.42364532019704,100.0,18.512852404643468,3.3610092264354066,81.2807881773399,100.0,201.0,"many jobs, well paid"
4311,F4311,Demolition,Demolición.,F,43,Secundario,5,Construcción,48.75000000000005,1.6642151972677316e-05,6.553398058252427,17,6384.534757281546,0.6443269311113141,19.950738916256157,18.181818181818183,4.90476190476191,0.8904597549342995,49.50738916256158,63.63636363636363,7.0,"few jobs, poorly paid"
4312,F4312,Site preparation,Preparación Del Terreno.,F,43,Secundario,5,Construcción,2395.916666666666,0.0008179119852417862,56.55339805825243,453,8484.004345321378,0.8562052978287069,52.463054187192114,72.72727272727273,5.819444444444441,1.0565204131158155,54.679802955665025,72.72727272727273,174.0,"many jobs, well paid"
4321,F4321,Electrical installation,Instalaciones Eléctricas.,F,43,Secundario,5,Construcción,14178.833333333332,0.004840334341099405,86.6504854368932,6054,7398.014793986474,0.746607286159567,39.40886699507389,54.54545454545454,4.165989910175956,0.7563356645044162,42.610837438423644,27.27272727272727,2709.0,"few jobs, poorly paid"
4322,F4322,"Plumbing, heat and air-conditioning installation","Fontanería (Plomería, Gasfitería) E Instalación De Calefacción Y Aire Acondicionado.",F,43,Secundario,5,Construcción,3546.0833333333335,0.0012105529793048498,66.01941747572816,2028,6557.770727573963,0.6618098966428746,23.15270935960591,27.27272727272727,3.7817758682420344,0.6865815870861763,39.40886699507389,18.181818181818183,931.0,"few jobs, poorly paid"
4329,F4329,Other construction installation,Otras Instalaciones Para Obras De Construcción.,F,43,Secundario,5,Construcción,485.24999999999994,0.0001656534204049571,28.640776699029125,306,10716.716385098885,1.0815304861682968,71.42857142857143,90.9090909090909,7.247777777777776,1.3158343970891582,60.591133004926114,81.81818181818183,150.0,"many jobs, well paid"
4330,F4330,Building completion and finishing,Terminación Y Acabado De Edificios.,F,43,Secundario,5,Construcción,4061.166666666667,0.001386390827754625,69.90291262135922,4179,5895.309381649541,0.5949543304620278,9.35960591133005,9.090909090909092,2.237891737891738,0.40628935046935855,18.472906403940886,9.090909090909092,1638.0,"few jobs, poorly paid"
4390,F4390,Other specialized construction activities,Otras Actividades Especializadas De Construcción.,F,43,Secundario,5,Construcción,3765.000000000001,0.0012852861985052319,67.23300970873787,1488,7824.517867869581,0.7896499552266008,46.55172413793103,63.63636363636363,4.2240713941148105,0.7668803606504616,43.103448275862064,36.36363636363637,691.0,"few jobs, poorly paid"
4510,G4510,Sale of motor vehicles,Venta De Vehículos Automotores.,G,45,Terciario,4,Comercio,9643.583333333336,0.003292102141425873,82.76699029126213,2348,13788.256930777901,1.3915102057280033,89.65517241379311,100.0,17.768429487179485,3.2258592106907313,80.78817733990148,100.0,936.0,"many jobs, well paid"
4520,G4520,Maintenance and repair of motor vehicles,Mantenimiento Y Reparación De Vehículos Automotores.,G,45,Terciario,4,Comercio,23064.416666666664,0.007873672355442417,91.99029126213593,23417,6344.427918097316,0.6402793508896422,18.96551724137931,20.930232558139537,2.1234290534724374,0.38550864471926366,17.24137931034483,25.581395348837212,9681.0,"few jobs, poorly paid"
4530,G4530,Sale of motor vehicle parts and accessories,"Venta De Partes, Piezas Y Accesorios Para Vehículos Automotores.",G,45,Terciario,4,Comercio,23798.500000000004,0.008124271871215605,92.47572815533981,16034,8726.920906645104,0.8807204251518562,56.15763546798029,67.44186046511628,3.805527581962627,0.6908937118313907,39.6551724137931,55.81395348837209,5958.0,"few jobs, well paid"
4540,G4540,"Sale, maintenance and repair of motorcycles and related parts and accessories","Venta, Mantenimiento Y Reparación De Motocicletas Y De Sus Partes, Piezas Y Accesorios.",G,45,Terciario,4,Comercio,10036.66666666667,0.0034262919377594098,83.7378640776699,5195,7760.246397246851,0.7831636815984208,45.812807881773395,58.139534883720934,3.155580693815988,0.5728958236612286,30.541871921182267,51.162790697674424,1105.0,"few jobs, poorly paid"
4610,G4610,Wholesale on a fee or contract basis,Venta Al Por Mayor A Cambio De Una Comisión O Por Contrato.,G,46,Terciario,4,Comercio,6806.000000000001,0.0023234151041239327,77.9126213592233,3411,8378.293274368596,0.8455369417901067,51.724137931034484,62.7906976744186,4.370124113475177,0.7933962387327094,45.320197044334975,62.7906976744186,940.0,"few jobs, well paid"
4620,G4620,Wholesale of agricultural raw materials and live animals,Venta Al Por Mayor De Materias Primas Agropecuarias Y Animales Vivos.,G,46,Terciario,4,Comercio,19043.75,0.0065011073154804784,90.29126213592234,6826,9395.201044198806,0.9481632234953903,62.06896551724138,79.06976744186046,5.417236542170787,0.983499549504981,52.70935960591133,76.74418604651163,1901.0,"many jobs, well paid"
4630,G4630,"Wholesale of food, beverages and tobacco","Venta Al Por Mayor De Alimentos, Bebidas Y Tabaco.",G,46,Terciario,4,Comercio,48397.916666666664,0.01652195865287463,96.84466019417476,21765,9017.229578207098,0.9100183618901921,58.3743842364532,76.74418604651163,7.594194928200428,1.3787264470724423,62.06896551724138,86.04651162790698,5455.0,"many jobs, well paid"
4641,G4641,"Wholesale of textiles, clothing and footwear","Venta Al Por Mayor De Textiles, Prendas De Vestir Y Calzado.",G,46,Terciario,4,Comercio,12422.58333333333,0.0042407901482375675,84.9514563106796,7277,8188.287352282748,0.8263615535551342,50.0,60.46511627906976,4.890842733908428,0.8879327288099433,49.26108374384236,72.09302325581395,1507.0,"few jobs, poorly paid"
4649,G4649,Wholesale of other household goods,Venta Al Por Mayor De Otros Enseres Domésticos.,G,46,Terciario,4,Comercio,49007.91666666667,0.016730198913455827,97.33009708737865,17044,12993.020129353728,1.311254947162133,86.45320197044335,95.34883720930233,9.236443973135383,1.676876838567308,67.48768472906403,93.02325581395348,4715.0,"many jobs, well paid"
4651,G4651,"Wholesale of computers, computer peripheral equipment and software","Venta Al Por Mayor De Computadoras, Equipo Y Programas Informáticos.",G,46,Terciario,4,Comercio,7137.833333333334,0.0024366955300302593,78.88349514563106,3433,11012.584654084809,1.111389497202969,73.89162561576354,86.04651162790698,5.840792646172392,1.0603961801455062,54.92610837438424,81.3953488372093,1106.0,"many jobs, well paid"
4652,G4652,Wholesale of electronic and telecommunications equipment and parts,"Venta Al Por Mayor De Equipo, Partes Y Piezas Electrónicos Y De Telecomunicaciones.",G,46,Terciario,4,Comercio,3678.2499999999995,0.0012556717024307749,66.99029126213593,1466,8912.387512621712,0.8994377058301779,57.14285714285714,72.09302325581395,7.424364123159302,1.347893656414369,61.330049261083744,83.72093023255815,498.0,"many jobs, well paid"
4653,G4653,"Wholesale of agricultural machinery, equipment and supplies","Venta Al Por Mayor De Maquinaria, Equipo Y Materiales Agropecuarios.",G,46,Terciario,4,Comercio,3302.999999999999,0.0011275698044257048,64.07766990291263,944,12175.701202076003,1.2287711615501216,82.01970443349754,93.02325581395348,8.46033994334278,1.5359751153864778,65.02463054187191,90.69767441860465,353.0,"many jobs, well paid"
4659,G4659,Wholesale of other machinery and equipment,Venta Al Por Mayor De Otros Tipos De Maquinaria Y Equipo.,G,46,Terciario,4,Comercio,23629.333333333332,0.008066522181464263,92.23300970873787,8599,11667.336017657075,1.1774669723471556,78.81773399014779,88.37209302325581,5.582113019806627,1.013432881789164,53.94088669950739,79.06976744186046,3551.0,"many jobs, well paid"
4661,G4661,"Wholesale of solid, liquid and gaseous fuels and related products","Venta Al Por Mayor De Combustibles Sólidos, Líquidos Y Gaseosos Y Productos Conexos.",G,46,Terciario,4,Comercio,3330.083333333332,0.0011368154444105253,64.56310679611651,825,13511.03826713473,1.3635333119397333,88.17733990147784,97.67441860465115,16.4729797979798,2.990670258571666,78.81773399014779,97.67441860465115,330.0,"many jobs, well paid"
4662,G4662,Wholesale of metals and metal ores,Venta Al Por Mayor De Metales Y Minerales Metalíferos.,G,46,Terciario,4,Comercio,4029.166666666668,0.0013754667485110217,69.1747572815534,649,10138.768819007284,1.0232040464573458,66.25615763546799,81.3953488372093,10.079239766081871,1.8298864544914104,69.45812807881774,95.34883720930233,285.0,"many jobs, well paid"
4663,G4663,"Wholesale of construction materials, hardware, plumbing and heating equipment and supplies","Venta Al Por Mayor De Materiales Para La Construcción, Artículos De Ferretería, Equipo, Materiales De Fontanería (Plomería O Gasfitería) Y Calefacción.",G,46,Terciario,4,Comercio,25633.666666666668,0.008750756436587057,92.71844660194175,11079,8901.962215696014,0.8983855853814016,56.896551724137936,69.76744186046511,7.78055296192551,1.4125597568768924,62.5615763546798,88.37209302325581,3213.0,"many jobs, well paid"
4669,G4669,Wholesale of waste and scrap and other products n.e.c.,"Venta Al Por Mayor De Desperdicios, Desechos, Chatarra Y Otros Productos N.C.P.",G,46,Terciario,4,Comercio,17909.416666666664,0.006113871464793156,89.56310679611651,7875,11918.82448710141,1.2028471762127768,80.78817733990148,90.69767441860465,5.299638523108702,0.9621496236027436,52.21674876847291,74.4186046511628,2582.0,"many jobs, well paid"
4690,G4690,Non-specialized wholesale trade,Venta Al Por Mayor De Otros Productos No Especializado.,G,46,Terciario,4,Comercio,35328.166666666664,0.012060240381184391,94.66019417475728,18589,7676.676405252269,0.77472980215036,44.58128078817734,55.81395348837209,3.4402846534653464,0.6245838409515396,33.743842364532014,53.48837209302325,3232.0,"few jobs, poorly paid"
4711,G4711,"Retail sale in non-specialized stores with food, beverages or tobacco predominating","Venta Al Por Menor En Comercios No Especializados Con Predominio De La Venta De Alimentos, Bebidas O Tabaco.",G,47,Terciario,4,Comercio,38375.333333333336,0.01310047444790733,95.3883495145631,64096,7495.2323761082835,0.7564184797265168,41.13300492610838,51.162790697674424,3.877023838581076,0.7038738605895544,40.88669950738916,60.46511627906976,16388.0,"few jobs, poorly paid"
4719,G4719,Other retail sale in non-specialized stores,Otras Actividades De Venta Al Por Menor En Comercios No Especializados.,G,47,Terciario,4,Comercio,26242.500000000004,0.008958598423445829,93.20388349514563,21786,6725.0471372300335,0.6786914236105352,26.84729064039409,34.883720930232556,1.9455490177469867,0.3532145158511513,13.546798029556651,20.930232558139537,10537.0,"few jobs, poorly paid"
4721,G4721,Retail sale of food in specialized stores,Venta Al Por Menor De Alimentos En Comercios Especializados.,G,47,Terciario,4,Comercio,25939.249999999996,0.008855075703738865,92.96116504854369,33609,6626.172535317143,0.6687130036884372,24.137931034482758,27.906976744186046,1.8457085446368766,0.33508847325327545,11.330049261083744,16.27906976744186,10451.0,"few jobs, poorly paid"
4722,G4722,Retail sale of beverages in specialized stores,Venta Al Por Menor De Bebidas En Comercios Especializados.,G,47,Terciario,4,Comercio,4667.75,0.001593464715291579,73.05825242718447,10353,5805.874197648177,0.5859285361274832,7.8817733990147785,11.627906976744185,1.3408186016881667,0.24342568031924725,4.433497536945813,9.30232558139535,2093.0,"few jobs, poorly paid"
4723,G4723,Retail sale of tobacco products in specialized stores,Venta Al Por Menor De Tabaco En Comercios Especializados.,G,47,Terciario,4,Comercio,135.75000000000034,4.63419924162246e-05,13.349514563106796,68,7014.776732026156,0.7079309199503745,32.51231527093596,37.2093023255814,3.8249999999999935,0.6944289302436641,40.14778325123153,58.139534883720934,10.0,"few jobs, poorly paid"
4730,G4730,Retail sale of automotive fuel in specialized stores,Venta Al Por Menor De Combustibles Para Vehículos Automotores En Comercios Especializados.,G,47,Terciario,4,Comercio,16348.999999999996,0.005581180361052331,88.3495145631068,11565,6694.972284760327,0.6756562709906312,25.862068965517242,32.55813953488372,2.626683501683501,0.4768745135066035,24.63054187192118,41.86046511627907,7326.0,"few jobs, poorly paid"
4741,G4741,"Retail sale of computers, peripheral units, software and telecommunications equipment in specialized stores","Venta Al Por Menor De Computadores, Equipo Periférico, Programas Informáticos Y Equipo De Telecomunicaciones En Comercios Especializados.",G,47,Terciario,4,Comercio,13707.499999999995,0.004679431757240492,85.92233009708737,12475,7334.37951031501,0.7401852164869617,38.17733990147783,44.18604651162791,2.480693797499387,0.4503700758325738,22.167487684729064,37.2093023255814,4079.0,"few jobs, poorly paid"
4742,G4742,Retail sale of audio and video equipment in specialized stores,Venta Al Por Menor De Equipo De Sonido Y Vídeo En Comercios Especializados.,G,47,Terciario,4,Comercio,2164.25,0.0007388262032177815,54.61165048543689,2397,9000.247297696567,0.9083045109831794,58.128078817733986,74.4186046511628,4.6577471967380175,0.8456142230526045,48.029556650246306,67.44186046511628,654.0,"few jobs, well paid"
4751,G4751,Retail sale of textiles in specialized stores,Venta Al Por Menor De Productos Textiles En Comercios Especializados.,G,47,Terciario,4,Comercio,2387.000000000001,0.0008148680360775534,56.310679611650485,2217,6383.946922645949,0.6442676068690388,19.704433497536947,23.25581395348837,2.4707456626061277,0.44856399147392134,21.428571428571427,34.883720930232556,903.0,"few jobs, poorly paid"
4752,G4752,"Retail sale of hardware, paints and glass in specialized stores","Venta Al Por Menor De Artículos De Ferretería, Pinturas Y Productos De Vidrio En Comercios Especializados.",G,47,Terciario,4,Comercio,20390.666666666668,0.006960914328017887,90.77669902912622,18870,7282.366663832199,0.7349360825991069,36.69950738916256,41.86046511627907,2.903021041495239,0.5270436068811477,27.339901477832512,46.51162790697674,8507.0,"few jobs, poorly paid"
4753,G4753,"Retail sale of carpets, rugs, wall and floor coverings in specialized stores","Venta Al Por Menor De Tapices, Alfombras Y Cubrimientos Para Paredes Y Pisos En Comercios Especializados.",G,47,Terciario,4,Comercio,694.0833333333334,0.00023694441671868246,33.737864077669904,722,7108.851505711319,0.7174249414457421,33.743842364532014,39.53488372093023,2.5165505226480835,0.4568798659729792,22.906403940886698,39.53488372093023,287.0,"few jobs, poorly paid"
4759,G4759,"Retail sale of electrical household appliances, furniture, lighting equipment and other household articles in specialized stores","Venta Al Por Menor De Aparatos Eléctricos De Uso Doméstico, Muebles, Equipo De Iluminación Y Otros Enseres Domésticos En Comercios Especializados.",G,47,Terciario,4,Comercio,21477.416666666664,0.007331906300454953,91.50485436893204,10921,8523.24954875944,0.860165921813602,53.44827586206896,65.11627906976744,4.505098139179201,0.817900779459592,46.55172413793103,65.11627906976744,3923.0,"few jobs, well paid"
4761,G4761,"Retail sale of books, newspapers and stationary in specialized stores","Venta Al Por Menor De Libros, Periódicos Y Artículos De Papelería En Comercios Especializados.",G,47,Terciario,4,Comercio,5589.5,0.0019081294041288159,75.48543689320388,10367,6541.081690917943,0.6601256398911178,22.906403940886698,25.581395348837212,1.8622947516873174,0.33809969992486694,12.068965517241379,18.6046511627907,3309.0,"few jobs, poorly paid"
4762,G4762,Retail sale of music and video recordings in specialized stores,Venta Al Por Menor De Grabaciones De Música Y De Vídeo En Comercios Especializados.,G,47,Terciario,4,Comercio,21.500000000000004,7.339615741796144e-06,4.611650485436893,33,5649.28997004194,0.5701260636420925,5.172413793103448,2.3255813953488373,1.1590277777777778,0.21042154767187315,2.70935960591133,2.3255813953488373,120.0,"few jobs, poorly paid"
4763,G4763,Retail sale of sporting equipment in specialized stores,Venta Al Por Menor De Equipo De Deporte En Comercios Especializados.,G,47,Terciario,4,Comercio,766.0833333333333,0.00026152359501679045,36.16504854368932,932,6652.605448548812,0.6713806119810334,24.876847290640395,30.23255813953488,2.3540372670807455,0.4273755767666937,19.704433497536947,32.55813953488372,322.0,"few jobs, poorly paid"
4764,G4764,Retail sale of games and toys in specialized stores,Venta Al Por Menor De Juegos Y Juguetes En Comercios Especializados.,G,47,Terciario,4,Comercio,1036.2499999999998,0.0003537524098807559,42.4757281553398,662,6076.8675416580945,0.6132771709670637,14.532019704433496,16.27906976744186,2.301609848484848,0.41785737645009613,19.458128078817737,30.23255813953488,176.0,"few jobs, poorly paid"
4771,G4771,"Retail sale of clothing, footwear and leather articles in specialized stores","Venta Al Por Menor De Prendas De Vestir, Calzado Y Artículos De Cuero En Comercios Especializados.",G,47,Terciario,4,Comercio,19563.416666666664,0.006678509810696915,90.53398058252428,32569,7476.713900641817,0.7545495961007271,40.64039408866995,48.837209302325576,2.9175353620441533,0.5296786824607546,27.832512315270936,48.837209302325576,9497.0,"few jobs, poorly paid"
4772,G4772,"Retail sale of pharmaceutical and medical goods, cosmetic and toilet articles in specialized stores","Venta Al Por Menor De Productos Farmacéuticos Y Medicinales, Cosméticos Y Artículos De Tocador En Comercios Especializados.",G,47,Terciario,4,Comercio,26794.833333333336,0.00914715258289011,93.44660194174757,20474,7571.576146351991,0.76412308923381,43.84236453201971,53.48837209302325,4.808724058416602,0.8730240794047628,49.01477832512315,69.76744186046511,6505.0,"few jobs, poorly paid"
4773,G4773,Other retail sale of new goods in specialized stores,Venta Al Por Menor De Otros Productos Nuevos En Comercios Especializados.,G,47,Terciario,4,Comercio,15571.583333333334,0.005315787821303432,88.10679611650485,17055,7436.63506439796,0.750504841934409,39.90147783251231,46.51162790697674,2.149219285751965,0.3901908626049128,17.48768472906404,27.906976744186046,6319.0,"few jobs, poorly paid"
4774,G4774,Retail sale of second-hand goods,Venta Al Por Menor De Artículos De Segunda Mano En Comercios Especializados.,G,47,Terciario,4,Comercio,193.99999999999994,6.622723041434657e-05,17.233009708737864,323,5741.570294820717,0.57943898944281,6.65024630541872,6.976744186046512,1.3072916666666667,0.23733886368622004,3.9408866995073892,6.976744186046512,80.0,"few jobs, poorly paid"
4781,G4781,"Retail sale via stalls and markets of food, beverages and tobacco products","Venta Al Por Menor De Alimentos, Bebidas Y Tabaco En Puestos De Venta Y Mercados.",G,47,Terciario,4,Comercio,1053.083333333333,0.0003594989307328598,42.961165048543684,293,5949.237270262128,0.6003967303066573,11.330049261083744,13.953488372093023,1.6916411824668705,0.30711753639126743,9.113300492610838,11.627906976744185,327.0,"few jobs, poorly paid"
4782,G4782,"Retail sale via stalls and markets of textiles, clothing and footwear","Venta Al Por Menor De Productos Textiles, Prendas De Vestir Y Calzado En Puestos De Venta Y Mercados.",G,47,Terciario,4,Comercio,1920.916666666667,0.0006557576839695462,52.66990291262136,2513,6267.552453673527,0.6325210828320605,17.48768472906404,18.6046511627907,1.8152467883705203,0.3295581399676835,10.83743842364532,13.953488372093023,493.0,"few jobs, poorly paid"
4789,G4789,Retail sale via stalls and markets of other goods,Venta Al Por Menor De Otros Productos En Puestos De Venta Y Mercados.,G,47,Terciario,4,Comercio,161.08333333333334,5.499022181741064e-05,15.291262135922329,165,5797.899638386648,0.5851237440022486,7.635467980295567,9.30232558139535,2.0660919540229887,0.3750990916123472,16.00985221674877,23.25581395348837,29.0,"few jobs, poorly paid"
4791,G4791,Retail sale via mail order houses or via Internet,Venta Al Por Menor Por Correo Y Por Internet.,G,47,Terciario,4,Comercio,1592.1666666666667,0.0005435298386153376,49.51456310679612,2214,10429.710774652163,1.0525658941939233,68.96551724137932,83.72093023255815,2.642742453436096,0.4797900169540255,25.615763546798032,44.18604651162791,519.0,"few jobs, well paid"
4799,G4799,"Other retail sale not in stores, stalls or markets","Otras Actividades De Venta Al Por Menor No Realizadas En Comercios, Puestos De Venta O Mercados.",G,47,Terciario,4,Comercio,10770.166666666666,0.003676692316671384,84.22330097087378,12962,5668.9775059636995,0.5721129287910595,5.665024630541872,4.651162790697675,1.2173821548821548,0.22101578758497853,3.201970443349754,4.651162790697675,5940.0,"few jobs, poorly paid"
4911,H4911,"Passenger rail transport, interurban",Transporte Interurbano De Pasajeros Por Ferrocarril.,H,49,Terciario,6,Servicios,3.66666666666667,1.2517174133295758e-06,1.4563106796116505,6,,,,,,,,,,
4912,H4912,Freight rail transport,Transporte De Carga Por Ferrocarril.,H,49,Terciario,6,Servicios,8.33333333333333,2.84481230302176e-06,2.1844660194174756,6,4887.654683544306,0.49326186829639146,0.9852216748768473,0.5882352941176471,1.316666666666666,0.23904089537799358,4.1871921182266005,5.294117647058823,5.0,"few jobs, poorly paid"
4921,H4921,Urban and suburban passenger land transport,Transporte Urbano Y Suburbano De Pasajeros Por Vía Terrestre.,H,49,Terciario,6,Servicios,16511.75,0.005636739545330347,88.59223300970875,14078,6753.739241088403,0.6815870293091503,27.586206896551722,22.35294117647059,2.014447057146929,0.36572295815086053,15.270935960591133,20.0,9356.0,"few jobs, poorly paid"
4922,H4922,Other passenger land transport,Otras Actividades De Transporte De Pasajeros Por Vía Terrestre.,H,49,Terciario,6,Servicios,21183.083333333332,0.007231427529912225,91.2621359223301,51148,5598.879147213818,0.5650386059020285,3.6945812807881775,4.117647058823529,1.1077446906740536,0.20111110079160338,2.2167487684729066,2.3529411764705883,18772.0,"few jobs, poorly paid"
4923,H4923,Freight transport by road,Transporte De Carga Por Carretera.,H,49,Terciario,6,Servicios,51478.583333333336,0.017573628865055715,97.81553398058253,47045,6933.42586452464,0.699720994436113,30.295566502463057,25.882352941176475,2.0060609522358885,0.3642004604090867,15.024630541871922,19.411764705882355,26261.0,"few jobs, poorly paid"
4930,H4930,Transport via pipeline,Transporte Por Tuberías.,H,49,Terciario,6,Servicios,290.916666666667,9.931239749848979e-05,21.844660194174757,69,39845.240276642515,4.021179672890275,100.0,100.0,20.391025641025667,3.7019916660048637,83.00492610837439,81.76470588235294,13.0,"many jobs, well paid"
5011,H5011,Sea and coastal passenger water transport,Transporte De Pasajeros Marítimo Y De Cabotaje.,H,50,Terciario,6,Servicios,816.4999999999999,0.0002787347094500721,37.13592233009709,297,17303.982911918196,1.746317097408387,95.56650246305419,92.94117647058823,8.693518518518522,1.5783086966975977,66.25615763546799,60.0,180.0,"many jobs, well paid"
5012,H5012,Sea and coastal freight water transport,Transporte De Carga Marítimo Y De Cabotaje.,H,50,Terciario,6,Servicios,1968.2500000000002,0.0006719162178507097,52.9126213592233,385,17145.620993742676,1.7303352204788958,95.32019704433498,92.3529411764706,20.39568764568765,3.7028380531709324,83.2512315270936,82.35294117647058,143.0,"many jobs, well paid"
5021,H5021,Inland passenger water transport,Transporte De Pasajeros Por Vías De Navegación Interiores.,H,50,Terciario,6,Servicios,304.3333333333333,0.00010389254530635469,22.330097087378643,114,6349.643756345178,0.6408057330269756,19.21182266009852,17.647058823529413,2.984848484848485,0.5418993830778454,28.817733990147783,30.0,55.0,"few jobs, poorly paid"
5022,H5022,Inland freight water transport,"Transporte De Carga, Por Vías De Navegación Interiores.",H,50,Terciario,6,Servicios,759.3333333333335,0.0002592192970513429,35.92233009708738,126,9186.8844863409,0.9271399268062814,59.11330049261084,48.8235294117647,9.21631205673759,1.6732218881966219,67.24137931034483,61.76470588235294,47.0,"many jobs, well paid"
5110,H5110,Passenger air transport,Transporte De Pasajeros Por Vía Aérea.,H,51,Terciario,6,Servicios,1833.3333333333335,0.0006258587066647874,51.69902912621359,151,20449.43370804642,2.063755835778398,98.27586206896551,97.6470588235294,61.54432624113481,11.173375329202193,93.34975369458128,91.76470588235294,47.0,"many jobs, well paid"
5120,H5120,Freight air transport,Transporte De Carga Por Vía Aérea.,H,51,Terciario,6,Servicios,1867.916666666667,0.0006376646777223278,52.18446601941748,152,19271.465994732214,1.9448753925632805,97.78325123152709,96.47058823529412,9.685374149659866,1.7583801332700524,68.4729064039409,63.52941176470588,49.0,"many jobs, well paid"
5210,H5210,Warehousing and storage,Almacenamiento Y Depósito.,H,52,Terciario,6,Servicios,9725.999999999996,0.003320237335102756,83.49514563106796,1314,10679.326049958825,1.0777570554000577,70.6896551724138,63.52941176470588,16.19111111111111,2.93949698518829,78.07881773399015,75.29411764705883,150.0,"many jobs, well paid"
5221,H5221,Service activities incidental to land transportation,Actividades De Servicios Vinculadas Al Transporte Terrestre.,H,52,Terciario,6,Servicios,4579.333333333334,0.001563281256756518,72.0873786407767,1530,11319.714584359715,1.1423850345364868,76.10837438423646,71.17647058823529,16.277079593058055,2.9551045671368104,78.32512315270937,75.88235294117646,557.0,"many jobs, well paid"
5222,H5222,Service activities incidental to water transportation,Actividades De Servicios Vinculadas Al Transporte Acuático.,H,52,Terciario,6,Servicios,988.9166666666674,0.0003375938759995926,41.019417475728154,121,13999.44840689303,1.4128236390250708,89.90147783251231,84.11764705882354,29.386752136752158,5.335166235205372,86.94581280788178,86.47058823529412,78.0,"many jobs, well paid"
5223,H5223,Service activities incidental to air transportation,Actividades De Servicios Vinculadas Al Transporte Aéreo.,H,52,Terciario,6,Servicios,989.0,0.00033762232412262255,41.262135922330096,105,11897.984750611067,1.2007440310395632,80.29556650246306,76.47058823529412,58.3629943502825,10.595804374505557,92.85714285714286,91.17647058823529,59.0,"many jobs, well paid"
5224,H5224,Cargo handling,Manipulación De Carga.,H,52,Terciario,6,Servicios,7778.333333333335,0.002655347803640512,80.58252427184466,1349,7732.854451568035,0.7803992877988145,45.073891625615765,37.05882352941177,13.84265944645006,2.5131354748041,75.36945812807882,72.35294117647058,554.0,"many jobs, poorly paid"
5229,H5229,Other transportation support activities,Otras Actividades De Apoyo Al Transporte.,H,52,Terciario,6,Servicios,14567.083333333334,0.004972874146297189,86.89320388349515,5074,10697.28139423533,1.0795691078540808,71.18226600985221,64.70588235294117,7.352494666010176,1.3348457530822748,60.83743842364532,54.70588235294118,2031.0,"many jobs, well paid"
5310,H5310,Postal activities,Actividades Postales.,H,53,Terciario,6,Servicios,4496.916666666667,0.001535146063079633,71.60194174757282,3291,6419.882598189258,0.647894233462907,21.428571428571427,19.411764705882355,5.235661268556005,0.9505345500239316,51.724137931034484,47.647058823529406,494.0,"many jobs, poorly paid"
5320,H5320,Courier activities,Actividades De Mensajería.,H,53,Terciario,6,Servicios,2260.750000000001,0.0007717691296867737,55.09708737864077,1936,8940.641881355596,0.902289135321736,57.389162561576356,47.05882352941176,11.046176975945025,2.005433950506591,71.42857142857143,66.47058823529412,388.0,"many jobs, well paid"
5510,I5510,Short term accommodation activities,Actividades De Alojamiento Para Estancias Cortas.,I,55,Terciario,6,Servicios,15564.166666666666,0.005313255938353742,87.86407766990291,8539,6883.356264260066,0.6946679728602418,29.064039408866993,24.705882352941178,4.78652369001445,0.8689936014752145,48.52216748768473,45.294117647058826,4383.0,"few jobs, poorly paid"
5520,I5520,"Camping grounds, recreational vehicle parks and trailer parks","Actividades De Campamentos, Parques De Vehículos De Recreo Y Parques De Caravanas.",I,55,Terciario,6,Servicios,156.08333333333337,5.3283334435597594e-05,14.563106796116504,103,5974.525059665874,0.6029487727593235,11.822660098522167,11.176470588235295,2.793333333333332,0.5071297982955915,26.84729064039409,27.647058823529413,25.0,"few jobs, poorly paid"
5590,I5590,Other accommodation,Otras Actividades De Alojamiento.,I,55,Terciario,6,Servicios,38.583333333333336,1.3171480962990753e-05,5.825242718446602,81,7145.214965357955,0.7210947399901052,34.97536945812808,28.823529411764703,14.433333333333357,2.6203723468018087,75.61576354679804,72.94117647058823,15.0,"many jobs, poorly paid"
5610,I5610,Restaurants and mobile food service activities,Actividades De Restaurantes Y De Servicio Móvil De Comidas.,I,56,Terciario,6,Servicios,69721.33333333333,0.02380129282196974,98.7864077669903,67318,6290.90254625139,0.6348775730171442,18.226600985221676,17.058823529411764,3.597114508151402,0.6530563084600122,35.960591133004925,37.64705882352941,22307.0,"few jobs, poorly paid"
5621,I5621,Event catering,Suministro De Comidas Por Encargo.,I,56,Terciario,6,Servicios,4562.916666666666,0.0015576769765195649,71.84466019417476,3233,6919.301906406387,0.6982956052831917,30.049261083743843,25.294117647058822,5.8649158942670825,1.0647757569738456,55.172413793103445,49.411764705882355,971.0,"many jobs, poorly paid"
5629,I5629,Other food service activities,Otras Actividades De Servicio De Comidas.,I,56,Terciario,6,Servicios,4647.75,0.0015866371657643266,72.81553398058253,2429,6385.20653745043,0.6443947271326459,20.19704433497537,18.823529411764707,6.719461077844311,1.21991847532062,58.86699507389162,53.529411764705884,835.0,"many jobs, poorly paid"
5630,I5630,Beverage serving activities,Actividades De Servicio De Bebidas.,I,56,Terciario,6,Servicios,4143.083333333334,0.001414355332693329,70.63106796116504,4784,5644.721823880418,0.569665046557995,4.926108374384237,5.88235294117647,1.881065759637188,0.3415075773027033,13.054187192118228,17.058823529411764,1470.0,"few jobs, poorly paid"
5811,J5811,Book publishing,"Publicación De Libros, Periódicos Y Otras Actividades De Publicación.",J,58,Terciario,6,Servicios,490.916666666667,0.00016758789277101206,28.883495145631066,260,8759.336255295117,0.8839917805302172,56.65024630541872,46.470588235294116,4.156103286384975,0.754540747489281,42.364532019704434,41.17647058823529,71.0,"few jobs, well paid"
5813,J5813,"Publishing of newspapers, journals and periodicals","Publicación De Periódicos, Diarios Y Revistas.",J,58,Terciario,6,Servicios,835.3333333333329,0.00028516398525490116,37.86407766990291,229,10895.259089639756,1.0995490070570635,72.66009852216749,67.05882352941175,3.8755411255411296,0.7036046739672829,40.64039408866995,40.0,77.0,"few jobs, well paid"
5819,J5819,Other publishing activities,Otras Publicaciones.,J,58,Terciario,6,Servicios,1567.6666666666665,0.0005351660904444536,48.786407766990294,140,11296.40376611693,1.1400325079153515,75.86206896551724,70.58823529411765,6.316287878787886,1.146722362033386,56.896551724137936,51.76470588235295,44.0,"many jobs, well paid"
5820,J5820,Software publishing,Publicación De Programas Informáticos.,J,58,Terciario,6,Servicios,252.08333333333334,8.605557216640826e-05,20.87378640776699,139,22608.6120499928,2.281660006979228,99.01477832512316,98.82352941176471,11.838435374149668,2.149268500033861,72.16748768472905,68.23529411764706,49.0,"many jobs, well paid"
5911,J5911,"Motion picture, video and television programme production activities","Actividades De Producción De Películas Cinematográficas, Vídeos Y Programas De Televisión.",J,59,Terciario,6,Servicios,1040.4166666666667,0.00035517481603226686,42.71844660194174,1701,8693.133581110626,0.8773106099343478,55.41871921182266,45.294117647058826,1.5463150777552401,0.2807335752327377,7.142857142857142,9.411764705882353,493.0,"few jobs, well paid"
5912,J5912,"Motion picture, video and television programme post-production activities","Actividades De Postproducción De Películas Cinematográficas, Vídeos Y Programas De Televisión.",J,59,Terciario,6,Servicios,112.16666666666664,3.8291173598672895e-05,12.37864077669903,254,6278.250568295111,0.6336007360291773,17.733990147783253,15.88235294117647,1.114444444444445,0.20232744140432726,2.4630541871921183,2.941176470588235,75.0,"few jobs, poorly paid"
5913,J5913,"Motion picture, video and television programme distribution activities","Actividades De Distribución De Películas Cinematográficas, Vídeos Y Programas De Televisión.",J,59,Terciario,6,Servicios,25.666666666666668,8.762021893307024e-06,5.097087378640777,27,8532.93738219895,0.8611436174839212,53.94088669950739,42.94117647058823,1.591666666666667,0.2889671583366887,7.8817733990147785,11.176470588235295,10.0,"few jobs, well paid"
5914,J5914,Motion picture projection activities,Actividades De Exhibición De Películas Cinematográficas Y Cintas De Vídeo.,J,59,Terciario,6,Servicios,860.1666666666665,0.0002936415259179061,38.592233009708735,44,8305.812038379532,0.8382221390482586,50.98522167487685,41.76470588235294,173.7037037037037,31.53591559276485,98.0295566502463,97.05882352941177,9.0,"many jobs, well paid"
5920,J5920,Sound recording and music publishing activities,Actividades De Grabación De Sonido Y Edición De Música.,J,59,Terciario,6,Servicios,227.50000000000003,7.766337587249408e-05,18.689320388349515,434,10980.727297297295,1.108174454335702,73.39901477832512,67.64705882352942,1.9892473118279572,0.3611479432007255,14.285714285714285,18.823529411764707,93.0,"few jobs, well paid"
6010,J6010,Radio broadcasting,Transmisiones De Radio.,J,60,Terciario,6,Servicios,1352.7499999999998,0.00046179838114952234,46.116504854368934,748,8605.339546695794,0.8684504403346955,54.43349753694581,44.11764705882353,4.283040935672516,0.7775862836990569,44.08866995073892,42.35294117647059,285.0,"few jobs, well paid"
6020,J6020,Television programming and broadcasting activities,Programación Y Transmisiones De Televisión.,J,60,Terciario,6,Servicios,1332.9166666666667,0.00045502772786833065,45.63106796116505,274,17933.758923856178,1.8098740613041087,96.30541871921181,94.11764705882352,19.872937293729375,3.60793270213959,82.51231527093597,80.58823529411765,101.0,"many jobs, well paid"
6110,J6110,Wired telecommunications activities,Actividades De Telecomunicaciones Alámbrica.,J,61,Terciario,6,Servicios,3797.1666666666665,0.0012962671739948956,67.71844660194175,1371,12021.07471455427,1.2131662640969794,81.03448275862068,77.05882352941177,37.924953095684806,6.885277021641198,89.65517241379311,88.8235294117647,533.0,"many jobs, well paid"
6120,J6120,Wireless telecommunications activities,Actividades De Telecomunicaciones Inalámbricas.,J,61,Terciario,6,Servicios,5173.499999999996,0.0017661163739619682,74.27184466019418,1193,15110.687468096163,1.5249698299780505,92.11822660098522,86.47058823529412,16.970128988458935,3.080927717530079,80.04926108374384,77.64705882352942,491.0,"many jobs, well paid"
6130,J6130,Satellite telecommunications activities,Actividades De Telecomunicaciones Por Satélite.,J,61,Terciario,6,Servicios,1801.2500000000005,0.0006149061792981537,51.213592233009706,326,10869.211771601438,1.0969203130122596,72.41379310344827,66.47058823529412,27.262886597938145,4.949578346551776,86.20689655172413,85.29411764705883,97.0,"many jobs, well paid"
6190,J6190,Other telecommunications activities,Otras Actividades De Telecomunicaciones.,J,61,Terciario,6,Servicios,8636.333333333334,0.0029482496783596324,81.79611650485437,3237,7866.101693597821,0.7938465928570541,47.29064039408867,38.23529411764706,3.435662056906694,0.6237446083284879,33.497536945812804,35.294117647058826,2097.0,"few jobs, poorly paid"
6201,J6201,Computer programming activities,Actividades De Programación Informática.,J,62,Terciario,6,Servicios,7311.916666666667,0.0024961236590403837,79.6116504854369,3681,14206.548724066268,1.4337241927645932,90.64039408866995,85.29411764705883,4.808547877145438,0.8729920936866808,48.76847290640394,45.88235294117647,1476.0,"few jobs, well paid"
6202,J6202,Computer consultancy and computer facilities management activities,Actividades De Consultoría De Informática Y De Gestión De Instalaciones Informáticas.,J,62,Terciario,6,Servicios,4050.0000000000005,0.0013825787792685759,69.66019417475728,1313,20871.55801749743,2.106356600156077,98.52216748768473,98.23529411764706,10.660333909038574,1.9353841235278242,70.44334975369459,65.29411764705883,579.0,"many jobs, well paid"
6209,J6209,Other information technology and computer service activities,Otras Actividades De Tecnología De La Información Y De Servicios Informáticos.,J,62,Terciario,6,Servicios,1066.083333333333,0.00036393683792557374,43.203883495145625,434,10109.905293120975,1.0202911408561715,66.00985221674877,56.470588235294116,3.564009661835749,0.6470461220514213,35.221674876847295,36.470588235294116,138.0,"few jobs, well paid"
6311,J6311,"Data processing, hosting and related activities","Procesamiento De Datos, Hospedaje Y Actividades Conexas.",J,63,Terciario,6,Servicios,3106.750000000004,0.001060574474689544,62.62135922330098,765,11571.12343015214,1.1677572027871055,77.83251231527095,72.94117647058823,5.361228813559324,0.973331343736344,52.463054187192114,48.23529411764706,236.0,"many jobs, well paid"
6312,J6312,Web portals,Portales Web.,J,63,Terciario,6,Servicios,307.08333333333337,0.0001048313333663519,22.572815533980584,205,13365.906543026707,1.3488866255394805,87.4384236453202,80.58823529411765,4.084848484848484,0.7416044349126247,41.6256157635468,40.588235294117645,55.0,"few jobs, well paid"
6391,J6391,News agency activities,Actividades De Agencias De Noticias.,J,63,Terciario,6,Servicios,81.58333333333333,2.7850712446583038e-05,9.223300970873787,130,8989.562513089006,0.9072262030504167,57.88177339901478,48.23529411764706,1.5604575163398693,0.2833011356242045,7.389162561576355,10.0,51.0,"few jobs, well paid"
6399,J6399,Other information service activities n.e.c.,Otras Actividades De Servicios De Información N.C.P.,J,63,Terciario,6,Servicios,156.83333333333326,5.3539367542869515e-05,14.805825242718445,134,7500.4039890410995,0.7569403986472488,41.87192118226601,34.705882352941174,3.379629629629628,0.613571918515947,31.773399014778324,33.52941176470588,45.0,"few jobs, poorly paid"
6411,K6411,Central banking,Banca Central.,K,64,Terciario,6,Servicios,986.2499999999994,0.00033668353606262517,40.77669902912621,10,5520.0,0.5570781262766349,2.586206896551724,2.941176470588235,1.0,0.18155004712252687,1.477832512315271,1.4705882352941175,1.0,"few jobs, poorly paid"
6419,K6419,Other monetary intermediation,Otros Tipos De Intermediación Monetaria.,K,64,Terciario,6,Servicios,48016.49999999999,0.01639175159376532,96.60194174757282,3609,16292.115837072304,1.6441995223909653,93.59605911330048,89.41176470588236,93.72247847478472,17.015320383537176,95.56650246305419,94.11764705882352,542.0,"many jobs, well paid"
6420,K6420,Activities of holding companies,Actividades De Sociedades De Cartera.,K,64,Terciario,6,Servicios,583.1666666666664,0.00019907996496546274,31.06796116504854,232,10092.343640897752,1.0185188197846433,65.76354679802957,55.88235294117647,2.2528089887640457,0.4089975780681646,18.7192118226601,22.35294117647059,89.0,"few jobs, well paid"
6430,K6430,"Trusts, funds and similar financial entities",Fondos Y Sociedades De Inversión Y Entidades Financieras Similares.,K,64,Terciario,6,Servicios,577.0833333333331,0.00019700325198425688,30.8252427184466,324,15619.361618077271,1.5763051999702309,92.85714285714286,88.23529411764706,11.801190476190477,2.1425066870542966,71.92118226600985,67.64705882352942,70.0,"many jobs, well paid"
6491,K6491,Financial leasing,Arrendamiento Financiero.,K,64,Terciario,6,Servicios,1.0,3.413774763626113e-07,0.7281553398058253,5,6360.0,0.6418508846230794,19.458128078817737,18.235294117647058,1.0,0.18155004712252687,1.477832512315271,1.4705882352941175,2.0,"few jobs, poorly paid"
6492,K6492,Other credit granting,Otras Actividades De Concesión De Crédito.,K,64,Terciario,6,Servicios,459.83333333333337,0.00015697674288074078,27.9126213592233,32,17662.816878316975,1.7825306035036488,95.8128078817734,93.52941176470588,340.2129629629626,61.76567945762035,99.26108374384236,98.82352941176471,9.0,"many jobs, well paid"
6499,K6499,"Other financial service activities, except insurance and pension funding activities, n.e.c.","Otras Actividades De Servicios Financieros, Excepto Las De Seguros Y Fondos De Pensiones, N.C.P.",K,64,Terciario,6,Servicios,3906.5833333333367,0.0013336195595335723,68.68932038834951,412,13011.494671419614,1.3131193970313149,86.69950738916256,80.0,72.91468253968263,13.237664051003469,94.33497536945814,93.52941176470588,42.0,"many jobs, well paid"
6511,K6511,Life insurance,Seguros De Vida.,K,65,Terciario,6,Servicios,2688.0,0.0009176226564626992,59.46601941747572,205,18346.073449614058,1.85148482279792,96.55172413793103,94.70588235294117,17.764393939393937,3.2251265568001,80.54187192118226,78.23529411764706,110.0,"many jobs, well paid"
6512,K6512,Non-life insurance,Seguros Generales.,K,65,Terciario,6,Servicios,2799.916666666668,0.0009558284856922818,60.19417475728155,226,17138.920802964345,1.7296590375577927,95.07389162561576,91.76470588235294,63.754587155963314,11.574648302442386,93.59605911330048,92.3529411764706,109.0,"many jobs, well paid"
6520,K6520,Reinsurance,Reaseguros.,K,65,Terciario,6,Servicios,455.333333333333,0.00015544054423710887,27.427184466019416,9,22675.03398713828,2.2883633055822474,99.26108374384236,99.41176470588235,14.8095238095238,2.6886697454812296,76.35467980295566,73.52941176470588,7.0,"many jobs, well paid"
6530,K6530,Pension funding,Fondos De Pensión.,K,65,Terciario,6,Servicios,196.58333333333337,6.710912222828335e-05,17.475728155339805,65,14170.386770884208,1.430074730242643,90.39408866995073,84.70588235294117,10.034313725490206,1.821730129704965,69.21182266009852,64.70588235294117,34.0,"many jobs, well paid"
6611,K6611,Administration of financial markets,Administración De Mercados Financieros.,K,66,Terciario,6,Servicios,584.7500000000003,0.00019962047930303708,31.55339805825243,100,16215.272601600003,1.6364445068775697,93.34975369458128,88.8235294117647,6.510416666666666,1.1819664526206175,58.128078817733986,52.94117647058824,40.0,"many jobs, well paid"
6612,K6612,Security and commodity contracts brokerage,Corretaje De Valores Y De Contratos De Productos Básicos.,K,66,Terciario,6,Servicios,401.75000000000006,0.0001371484011286791,25.970873786407765,38,13597.499340659335,1.3722589591924421,88.66995073891626,82.35294117647058,6.319444444444447,1.14729543667708,57.14285714285714,52.352941176470594,18.0,"many jobs, well paid"
6614,K6614,"Advisory, management and operation services for virtual markets","Servicios De Asesoramiento, Gestión Y Operación De Mercados Virtuales",K,66,Terciario,6,Servicios,94.58333333333334,3.2288619639296985e-05,10.679611650485436,10,8976.253981762917,0.9058831067289255,57.635467980295566,47.647058823529406,16.45,2.986498275165567,78.57142857142857,76.47058823529412,5.0,"many jobs, well paid"
6619,K6619,Other activities auxiliary to financial service activities,Otras Actividades Auxiliares A Las Actividades De Servicios Financieros.,K,66,Terciario,6,Servicios,3018.1666666666665,0.0010303341199084212,61.89320388349514,648,15460.351671588043,1.5602579240554542,92.61083743842364,87.6470588235294,13.198669201520914,2.3962190154907663,74.38423645320196,70.58823529411765,263.0,"many jobs, well paid"
6621,K6621,Risk and damage evaluation,Evaluación De Riesgos Y Daños.,K,66,Terciario,6,Servicios,796.6666666666671,0.00027196405616888045,36.89320388349515,168,9474.767107830217,0.9561930266915849,62.80788177339901,52.94117647058824,3.4734432234432226,0.6306037808935387,33.99014778325123,35.88235294117647,91.0,"few jobs, well paid"
6622,K6622,Activities of insurance agents and brokers,Actividades De Los Agentes Y Corredores De Seguro.,K,66,Terciario,6,Servicios,4309.916666666667,0.0014713084749998246,70.87378640776699,917,14461.817575492722,1.4594859125923898,91.62561576354679,85.88235294117646,5.912919896640828,1.073490885866869,55.66502463054187,50.0,645.0,"many jobs, well paid"
6630,K6630,Fund management activities,Actividades De Gestión De Fondos.,K,66,Terciario,6,Servicios,2535.916666666666,0.0008657048319325518,58.009708737864074,392,10789.081688220556,1.0888335889709166,71.92118226600985,65.88235294117646,23.30607476635513,4.2312189720729085,84.48275862068965,82.94117647058825,107.0,"many jobs, well paid"
6810,L6810,Real estate activities with own or leased property,Actividades Inmobiliarias Realizadas Con Bienes Propios O Arrendados.,L,68,Terciario,6,Servicios,18360.916666666675,0.006268003395370879,89.80582524271846,4477,10222.63919176783,1.0316682403174122,67.24137931034483,58.235294117647065,3.676868112947659,0.667535579168964,37.4384236453202,38.82352941176471,1936.0,"few jobs, well paid"
6820,L6820,Real estate activities on a fee or contract basis,Actividades Inmobiliarias Realizadas A Cambio De Una Retribución O Por Contrato.,L,68,Terciario,6,Servicios,61284.25,0.02092106260577536,98.30097087378641,33186,6956.545876112772,0.7020542648591221,30.78817733990148,26.47058823529412,1.6827458783399658,0.3055025935078587,8.866995073891626,12.941176470588237,17590.0,"few jobs, poorly paid"
6910,M6910,Legal activities,Actividades Jurídicas.,M,69,Terciario,6,Servicios,15186.499999999998,0.005184329044780796,87.62135922330097,9713,8236.450318201385,0.8312221576873589,50.24630541871922,41.17647058823529,2.072536371122701,0.3762690758404772,16.25615763546798,21.176470588235293,7286.0,"few jobs, well paid"
6920,M6920,"Accounting, bookkeeping and auditing activities; tax consultancy","Actividades De Contabilidad, Teneduría De Libros Y Auditorias; Consultoría Fiscal.",M,69,Terciario,6,Servicios,17388.25,0.005935956903362176,89.32038834951457,17207,7384.431363352265,0.745236447013532,38.91625615763547,32.35294117647059,1.9021503153106585,0.3453354793787794,13.30049261083744,17.647058823529413,9673.0,"few jobs, poorly paid"
7010,M7010,Activities of head offices,Actividades De Oficinas Principales.,M,70,Terciario,6,Servicios,13730.416666666659,0.004687254991073801,86.16504854368931,3138,13434.488114145523,1.3558078742959982,87.93103448275862,81.76470588235294,5.44620253164557,0.9887583262590783,52.95566502463054,48.8235294117647,711.0,"many jobs, well paid"
7020,M7020,Management consultancy activities,Actividades De Consultoría De Gestión.,M,70,Terciario,6,Servicios,35406.24999999999,0.012086896272463704,94.90291262135922,12354,11574.541697264343,1.1681021741345656,78.07881773399015,73.52941176470588,3.264944956477214,0.5927509107008947,31.03448275862069,32.35294117647059,5208.0,"few jobs, well paid"
7110,M7110,Architectural and engineering activities and related technical consultancy,Actividades De Arquitectura E Ingeniería Y Actividades Conexas De Consultoría Técnica.,M,71,Terciario,6,Servicios,41388.166666666664,0.014128987887941816,95.87378640776699,18463,7315.976001441281,0.7383279352840102,37.68472906403941,31.176470588235293,2.551637995693305,0.46324999835774955,23.39901477832512,25.294117647058822,13777.0,"few jobs, poorly paid"
7120,M7120,Technical testing and analysis,Ensayos Y Análisis Técnicos.,M,71,Terciario,6,Servicios,1889.9166666666667,0.0006451749822023052,52.42718446601942,392,10615.053663498056,1.0712706893455481,69.70443349753694,61.76470588235294,19.41791666666667,3.5253236858546337,82.01970443349754,80.0,200.0,"many jobs, well paid"
7210,M7210,Research and experimental development on natural sciences and engineering,Investigaciones Y Desarrollo Experimental En El Campo De Las Ciencias Naturales Y La Ingeniería.,M,72,Terciario,6,Servicios,5809.083333333333,0.0019830902083134393,76.2135922330097,765,11831.382351297867,1.1940225202035257,79.55665024630541,75.29411764705883,8.30048309178744,1.5069530964537472,64.5320197044335,58.82352941176471,345.0,"many jobs, well paid"
7220,M7220,Research and experimental development on social sciences and humanities,Investigaciones Y Desarrollo Experimental En El Campo De Las Ciencias Sociales Y Las Humanidades.,M,72,Terciario,6,Servicios,1509.166666666666,0.0005151955080772406,48.05825242718447,783,7330.015361737283,0.739744786828905,37.93103448275862,31.76470588235294,1.3578525641025643,0.2465181969982645,4.926108374384237,6.470588235294119,520.0,"few jobs, poorly paid"
7310,M7310,Advertising,Publicidad.,M,73,Terciario,6,Servicios,14037.666666666668,0.004792143220686217,86.40776699029125,7699,10163.214227664597,1.0256710758868535,66.50246305418719,57.05882352941176,4.504885590599876,0.8178621912549998,46.30541871921182,44.70588235294118,2695.0,"few jobs, well paid"
7320,M7320,Market research and public opinion polling,Estudios De Mercado Y Encuestas De Opinión Pública.,M,73,Terciario,6,Servicios,1379.9166666666665,0.0004710724692573733,46.84466019417476,812,11661.26202711864,1.1768539855232112,78.57142857142857,74.11764705882354,2.410130718954249,0.4375593455975935,20.935960591133004,23.52941176470588,408.0,"few jobs, well paid"
7410,M7410,Specialized design activities,Actividades Especializadas De Diseño.,M,74,Terciario,6,Servicios,1831.416666666667,0.0006252043998350924,51.45631067961165,2182,7523.184025185022,0.7592393587652869,42.610837438423644,35.88235294117647,1.7834909377462569,0.3237928637904326,10.591133004926109,15.294117647058824,846.0,"few jobs, poorly paid"
7420,M7420,Photographic activities,Actividades De Fotografía.,M,74,Terciario,6,Servicios,956.6666666666666,0.0003265844523868981,40.04854368932039,1404,6284.217325050244,0.6342029008250283,17.980295566502463,16.470588235294116,1.7081772784019982,0.31011966538751246,9.35960591133005,13.529411764705882,534.0,"few jobs, poorly paid"
7490,M7490,"Other professional, scientific and technical activities n.e.c.","Otras Actividades Profesionales, Científicas Y Técnicas N.C.P.",M,74,Terciario,6,Servicios,45890.5,0.015665983079018415,96.11650485436894,40571,6678.845117844087,0.6740287181051512,25.36945812807882,21.176470588235293,1.1843888124048982,0.21502584470350292,2.955665024630542,3.5294117647058822,27602.0,"few jobs, poorly paid"
7500,M7500,Veterinary activities,Actividades Veterinarias.,M,75,Terciario,6,Servicios,2536.7499999999995,0.000865989313162854,58.252427184466015,1772,6772.496206791688,0.6834799813578135,27.832512315270936,22.941176470588236,2.11877147766323,0.3846630616116253,16.995073891625616,21.764705882352942,1164.0,"few jobs, poorly paid"
7710,N7710,Renting and leasing of motor vehicles,Alquiler De Vehículos Automotores.,N,77,Terciario,6,Servicios,1317.7499999999995,0.00044985016947683085,45.38834951456311,729,11754.464224018935,1.1862599466127188,79.3103448275862,74.70588235294117,4.326791808873719,0.785529256790387,44.58128078817734,42.94117647058823,293.0,"few jobs, well paid"
7721,N7721,Renting and leasing of recreational and sports goods,Alquiler De Equipo Recreativo Y Deportivo.,N,77,Terciario,6,Servicios,104.75000000000003,3.575929064898354e-05,11.165048543689322,121,5783.723932584268,0.5836931324756113,7.389162561576355,8.823529411764707,1.412698412698413,0.2564754633953158,6.157635467980295,8.235294117647058,21.0,"few jobs, poorly paid"
7722,N7722,Renting of video tapes and disks,Alquiler De Cintas De Video Y Discos.,N,77,Terciario,6,Servicios,175.3333333333333,5.985485085557783e-05,15.776699029126215,274,5297.018949243096,0.5345748896913358,1.7241379310344827,1.7647058823529411,1.299768518518519,0.23597303578541406,3.6945812807881775,4.705882352941177,72.0,"few jobs, poorly paid"
7729,N7729,Renting and leasing of other personal and household goods,Alquiler Otros Efectos Personales Y Artículos De Uso Domésticos.,N,77,Terciario,6,Servicios,2449.25,0.0008361187839811257,57.03883495145631,1398,5870.9880492353595,0.5924998228008242,8.866995073891626,9.411764705882353,1.7141943734015346,0.31121206926821904,9.852216748768473,14.117647058823529,391.0,"few jobs, poorly paid"
7730,N7730,"Renting and leasing of other machinery, equipment and tangible goods","Alquiler De Otros Tipos De Maquinaria, Equipo Y Bienes Tangibles.",N,77,Terciario,6,Servicios,14710.666666666664,0.005021890262278253,87.37864077669903,6320,9296.417246359135,0.9381939675158588,60.591133004926114,51.17647058823529,3.306953856082607,0.6003776284038193,31.2807881773399,32.94117647058823,2066.0,"few jobs, well paid"
7740,N7740,"Leasing of intellectual property and similar products, except copyrighted works","Arrendamiento De Propiedad Intelectual Y Productos Similares, Excepto Obras Protegidas Por Derechos De Autor.",N,77,Terciario,6,Servicios,242.9166666666667,8.292627863308434e-05,19.902912621359224,119,10405.935652173914,1.050166510012369,68.4729064039409,60.0,8.944444444444445,1.6238643103737127,66.7487684729064,61.1764705882353,30.0,"many jobs, well paid"
7810,N7810,Activities of employment placement agencies,Actividades De Agencias De Empleo.,N,78,Terciario,6,Servicios,663.3333333333337,0.0002264470593205323,33.25242718446602,147,13620.878467617247,1.3746183795257205,88.91625615763546,82.94117647058825,8.221751412429379,1.4926593563562556,64.28571428571429,58.235294117647065,59.0,"many jobs, well paid"
7820,N7820,Temporary employment agency activities,Actividades De Agencias De Empleo Temporal.,N,78,Terciario,6,Servicios,519.1666666666669,0.00017723180647825576,29.61165048543689,196,7472.2714071106675,0.7541012598738559,40.39408866995074,34.11764705882353,2.6415343915343907,0.479570693258844,25.36945812807882,27.058823529411764,63.0,"few jobs, poorly paid"
7830,N7830,Other human resources provision,Otras Actividades De Dotación De Recursos Humanos.,N,78,Terciario,6,Servicios,139.83333333333331,4.773595044470514e-05,13.592233009708737,56,20149.743904840023,2.0335111556996965,98.0295566502463,97.05882352941177,24.380000000000013,4.4261901488472075,85.4679802955665,84.70588235294117,25.0,"many jobs, well paid"
7911,N7911,Travel agency activities,Actividades De Agencias De Viajes.,N,79,Terciario,6,Servicios,5171.916666666668,0.0017655758596243959,74.02912621359224,2482,10229.209944588307,1.0323313603662272,67.48768472906403,58.82352941176471,5.0868823368823355,0.9235237279677376,50.73891625615764,46.470588235294116,1221.0,"many jobs, well paid"
7912,N7912,Tour operator activities,Actividades De Operadores Turísticos.,N,79,Terciario,6,Servicios,3108.1666666666665,0.0010610580927810562,62.86407766990292,2010,12477.821922616673,1.2592611696856546,83.74384236453201,78.82352941176471,3.0314389359129383,0.5503578816640566,29.55665024630542,30.58823529411765,827.0,"few jobs, well paid"
7990,N7990,Other reservation service and related activities,Otros Servicios De Reservas Y Actividades Conexas.,N,79,Terciario,6,Servicios,1002.833333333333,0.0003423447125456386,41.74757281553398,1156,10668.926081424936,1.0767074910913268,70.19704433497537,62.94117647058823,2.9111111111111114,0.5285123594011338,27.586206896551722,28.235294117647058,270.0,"few jobs, well paid"
8010,N8010,Private security activities,Actividades De Seguridad Privada.,N,80,Terciario,6,Servicios,88628.66666666666,0.03025583056004975,99.27184466019418,2558,6484.2439722768695,0.6543895801443048,22.167487684729064,20.0,70.03757721345231,12.715325443449881,93.8423645320197,92.94117647058823,1457.0,"many jobs, poorly paid"
8020,N8020,Security systems service activities,Actividades De Servicios De Sistemas De Seguridad.,N,80,Terciario,6,Servicios,4593.000000000002,0.0015679467489334742,72.33009708737865,1011,7463.55370981872,0.753221470295442,40.14778325123153,33.52941176470588,7.901490947816828,1.4345160539143647,63.05418719211823,56.470588235294116,313.0,"many jobs, poorly paid"
8030,N8030,Investigation activities,Actividades De Investigación.,N,80,Terciario,6,Servicios,885.0833333333336,0.0003021475147039413,39.32038834951456,68,10618.608545712923,1.0716294478823947,69.95073891625616,62.35294117647059,23.455555555555577,4.258357216396162,84.97536945812809,84.11764705882354,15.0,"many jobs, well paid"
8110,N8110,Combined facilities support activities,Actividades Combinadas De Apoyo A Instalaciones.,N,81,Terciario,6,Servicios,2468.4166666666633,0.0008426618522780746,57.52427184466019,326,5526.9730503738465,0.5577818461745869,2.955665024630542,3.5294117647058822,17.941734417344147,3.257322728928692,81.03448275862068,78.82352941176471,123.0,"many jobs, poorly paid"
8121,N8121,General cleaning of buildings,Limpieza General De Edificios.,N,81,Terciario,6,Servicios,18763.08333333333,0.006405294037114704,90.0485436893204,3861,5237.063555967093,0.5285241943749636,1.2315270935960592,1.1764705882352942,13.31768165433504,2.417825731907338,74.63054187192118,71.17647058823529,1757.0,"many jobs, poorly paid"
8129,N8129,Other building and industrial cleaning activities,Otras Actividades De Limpieza De Edificios E Instalaciones Industriales.,N,81,Terciario,6,Servicios,14588.91666666667,0.004980327554531107,87.13592233009709,2361,5477.338534901844,0.5527727333344071,2.2167487684729066,2.3529411764705883,8.34014237078304,1.514153240424244,64.77832512315271,59.411764705882355,1077.0,"many jobs, poorly paid"
8130,N8130,Landscape care and maintenance service activities,Actividades De Paisajismo Y Servicios De Mantenimiento Conexos.,N,81,Terciario,6,Servicios,3543.9166666666624,0.0012098133281060628,65.77669902912622,1140,6130.8712927899705,0.6187272268533781,15.024630541871922,13.529411764705882,4.242021276595744,0.7701391626607189,43.34975369458128,41.76470588235294,470.0,"few jobs, poorly paid"
8211,N8211,Combined office administrative service activities,Actividades Combinadas De Servicios Administrativos De Oficina.,N,82,Terciario,6,Servicios,9653.166666666668,0.0032953736755743476,83.00970873786407,3322,13646.194767160156,1.3771732992202173,89.16256157635468,83.52941176470588,3.5905283505154655,0.6518605912308514,35.714285714285715,37.05882352941177,776.0,"few jobs, well paid"
8219,N8219,"Photocopying, document preparation and other specialized office support activities","Fotocopiado, Preparación De Documentos Y Otras Actividades Especializadas De Apoyo De Oficina.",N,82,Terciario,6,Servicios,2961.2500000000027,0.0010109040518787836,61.165048543689316,1466,6139.02970009088,0.6195505729136304,15.270935960591133,14.117647058823529,1.5931467181467183,0.2892358617526357,8.12807881773399,11.76470588235294,518.0,"few jobs, poorly paid"
8220,N8220,Activities of call centres,Actividades De Centros De Llamadas.,N,82,Terciario,6,Servicios,8354.083333333334,0.002851895885656285,81.31067961165049,511,6508.942037131691,0.6568821076247364,22.660098522167488,20.588235294117645,40.00192901234571,7.262352097183339,89.90147783251231,89.41176470588236,216.0,"many jobs, poorly paid"
8230,N8230,Organization of conventions and trade shows,Organización De Convenciones Y Exposiciones Comerciales.,N,82,Terciario,6,Servicios,3795.333333333334,0.001295641315288231,67.47572815533981,4590,7142.977175420678,0.7208689023406016,34.72906403940887,28.235294117647058,2.3995098039215685,0.435631117972926,20.689655172413794,22.941176470588236,1292.0,"few jobs, poorly paid"
8291,N8291,Activities of collection agencies and credit bureaus,Actividades De Agencias De Cobro Y Agencias De Calificación Crediticia.,N,82,Terciario,6,Servicios,4038.999999999999,0.0013788236270285868,69.41747572815534,650,10180.875813017226,1.0274534822048458,66.99507389162561,57.647058823529406,16.935606060606055,3.074660078351581,79.55665024630541,77.05882352941177,264.0,"many jobs, well paid"
8292,N8292,Packaging activities,Actividades De Envasado Y Empaquetado.,N,82,Terciario,6,Servicios,13016.749999999998,0.00444362526544302,85.67961165048543,546,6708.810063453954,0.6770527789302103,26.60098522167488,21.764705882352942,9.465909090909088,1.7185362415121004,67.98029556650246,62.94117647058823,154.0,"many jobs, poorly paid"
8299,N8299,Other business support service activities n.e.c.,Otras Actividades De Servicios De Apoyo A Empresas N.C.P.,N,82,Terciario,6,Servicios,538.0000000000001,0.00018366108228308492,30.097087378640776,781,8556.308772698809,0.8635022570542366,54.187192118226605,43.529411764705884,3.3906581740976653,0.6155741512838121,32.51231527093596,34.705882352941174,157.0,"few jobs, well paid"
8411,O8411,General public administration activities,Actividades De La Administración Pública En General.,O,84,Terciario,6,Servicios,145102.25,0.049534639919536716,100.0,2300,11457.556413518367,1.156296025099937,76.84729064039408,72.35294117647058,120.90091863517064,21.949567475372017,97.04433497536947,95.88235294117648,1270.0,"many jobs, well paid"
8412,O8412,"Regulation of the activities of providing health care, education, cultural services and other social services, excluding social security","Regulación De Las Actividades De Organismos Que Prestan Servicios Sanitarios, Educativos, Culturales Y Otros Servicios Sociales, Excepto Servicios De Seguridad Social.",O,84,Terciario,6,Servicios,69106.41666666667,0.02359137412212977,98.54368932038835,1949,12481.602956749384,1.2596427514628357,83.99014778325123,79.41176470588235,235.52016843971626,42.75869767853595,98.52216748768473,97.6470588235294,376.0,"many jobs, well paid"
8413,O8413,Regulation of and contribution to more efficient operation of businesses,Regulación Y Facilitación De La Actividad Económica.,O,84,Terciario,6,Servicios,12796.999999999996,0.004368607565012336,85.43689320388349,311,13408.27762948286,1.3531627134835564,87.68472906403942,81.17647058823529,114.15029761904755,20.72399191178855,96.55172413793103,95.29411764705881,56.0,"many jobs, well paid"
8421,O8421,Foreign affairs,Relaciones Exteriores.,O,84,Terciario,6,Servicios,1170.5,0.0003995823360824365,44.90291262135923,77,16938.71619525914,1.7094543984758428,94.33497536945814,90.58823529411765,1244.5,225.9390336439847,100.0,100.0,2.0,"many jobs, well paid"
8422,O8422,Defence activities,Actividades De Defensa.,O,84,Terciario,6,Servicios,2573.5833333333344,0.0008785633835422108,58.7378640776699,41,10467.537963582701,1.056383412225035,69.21182266009852,60.588235294117645,301.18253968253975,54.67970427184741,99.01477832512316,98.23529411764706,21.0,"many jobs, well paid"
8423,O8423,Public order and safety activities,Actividades De Mantenimiento Del Orden Público Y De Seguridad.,O,84,Terciario,6,Servicios,27874.666666666657,0.009515783361115665,93.68932038834951,468,17088.94403795713,1.724615384911491,94.82758620689656,91.17647058823529,137.32759661835746,24.93183163728616,97.78325123152709,96.47058823529412,276.0,"many jobs, well paid"
8430,O8430,Compulsory social security activities,Actividades De Planes De Seguridad Social De Afiliación Obligatoria.,O,84,Terciario,6,Servicios,6771.916666666664,0.0023117798218045727,77.66990291262135,160,16605.046703620355,1.6757804899255144,94.08866995073892,90.0,539.9652777777775,98.03072162508381,99.75369458128078,99.41176470588235,12.0,"many jobs, well paid"
8510,P8510,Pre-primary and primary education,Enseñanza Preprimaria Y Primaria.,P,85,Terciario,6,Servicios,118893.91666666667,0.04058770522653328,99.75728155339806,14483,10771.408112669618,1.0870499726027056,71.67487684729063,65.29411764705883,8.8712334321701,1.6105728476454175,66.50246305418719,60.588235294117645,13153.0,"many jobs, well paid"
8521,P8521,General secondary education,Enseñanza Secundaria De Formación General.,P,85,Terciario,6,Servicios,95764.41666666667,0.03269181488700426,99.51456310679612,3704,11271.972399511636,1.1375668956090375,75.61576354679804,70.0,33.02382492453644,5.995476971215668,88.42364532019704,88.23529411764706,3092.0,"many jobs, well paid"
8522,P8522,Technical and vocational secondary education,Enseñanza De Formación Técnica Y Profesional.,P,85,Terciario,6,Servicios,2287.8333333333335,0.0007810147696715943,55.582524271844655,469,7315.880782232152,0.7383183257661466,37.4384236453202,30.58823529411765,8.061936936936942,1.4636450307997417,63.30049261083743,57.05882352941176,222.0,"many jobs, poorly paid"
8530,P8530,Higher education,Enseñanza Superior.,P,85,Terciario,6,Servicios,38621.08333333335,0.013184367962723447,95.63106796116504,6202,18375.030179423135,1.8544071345343582,96.79802955665025,95.29411764705881,20.26779882429785,3.679619831621169,82.75862068965517,81.17647058823529,3062.0,"many jobs, well paid"
8541,P8541,Sports and recreation education,Enseñanza Deportiva Y Recreativa.,P,85,Terciario,6,Servicios,632.0,0.00021575056506117034,32.5242718446602,1223,6065.204718360325,0.6121001594181839,14.285714285714285,12.941176470588237,1.5671608265947892,0.28451812191686215,7.635467980295567,10.588235294117647,371.0,"few jobs, poorly paid"
8542,P8542,Cultural education,Enseñanza Cultural.,P,85,Terciario,6,Servicios,287.83333333333337,9.825981694637163e-05,21.601941747572813,574,6052.933617242274,0.6108617605018442,13.793103448275861,11.76470588235294,1.5966003316749589,0.2898628654514308,8.374384236453201,12.352941176470589,201.0,"few jobs, poorly paid"
8549,P8549,Other education n.e.c.,Otros Tipos De Enseñanza N.C.P.,P,85,Terciario,6,Servicios,21644.499999999996,0.007388944787130539,91.74757281553399,10564,7514.416672963492,0.7583545580138418,42.364532019704434,35.294117647058826,2.97492889255895,0.540098480630244,28.57142857142857,29.411764705882355,3633.0,"few jobs, poorly paid"
8550,P8550,Educational support activities,Actividades De Apoyo A La Enseñanza.,P,85,Terciario,6,Servicios,5145.750000000003,0.001756643148992908,73.7864077669903,274,10525.40667618853,1.0622235198316468,69.45812807881774,61.1764705882353,3.6143067846607675,0.656177567070431,36.206896551724135,38.23529411764706,113.0,"few jobs, well paid"
8610,Q8610,Hospital activities,Actividades De Hospitales Y Clínicas.,Q,86,Terciario,6,Servicios,51451.66666666666,0.017564440121316954,97.57281553398059,2318,15455.089349528502,1.559726850774151,92.36453201970444,87.05882352941177,97.72393071756807,17.741784226773035,96.30541871921181,94.70588235294117,943.0,"many jobs, well paid"
8620,Q8620,Medical and dental practice activities,Actividades De Médicos Y Odontólogos.,Q,86,Terciario,6,Servicios,73880.41666666667,0.025221110194284874,99.02912621359224,25299,9275.399948994907,0.9360729029080576,60.09852216748769,50.588235294117645,2.4372398815040976,0.44248101533597073,21.182266009852217,24.11764705882353,18341.0,"few jobs, well paid"
8690,Q8690,Other human health activities,Otras Actividades De Atención De La Salud Humana.,Q,86,Terciario,6,Servicios,32658.833333333343,0.011148990104280465,93.93203883495146,9318,8363.51620910597,0.8440456410965613,51.231527093596064,42.35294117647059,2.6373447041482416,0.47881005531646,25.12315270935961,26.47058823529412,4749.0,"few jobs, well paid"
8710,Q8710,Residential nursing care facilities,Actividades De Atención De Enfermería En Instituciones.,Q,87,Terciario,6,Servicios,1643.666666666666,0.0005611107786480119,50.24271844660194,238,6788.432440000001,0.6850882652229575,28.078817733990146,23.52941176470588,7.575757575757575,1.3753791448676278,61.57635467980296,55.294117647058826,66.0,"many jobs, poorly paid"
8720,Q8720,"Residential care activities for mental retardation, mental health and substance abuse","Actividades De Atención En Instituciones Para Personas Con Retraso Mental, Enfermos Mentales Y Toxicómanos.",Q,87,Terciario,6,Servicios,869.9999999999993,0.0002969984044354716,38.83495145631068,263,7969.171445524302,0.8042483871104964,48.275862068965516,38.82352941176471,6.0339506172839465,1.0954640189029006,56.40394088669951,51.17647058823529,135.0,"many jobs, poorly paid"
8730,Q8730,Residential care activities for the elderly and disabled,Actividades De Atención En Instituciones Para Personas De Edad Y Personas Con Discapacidad.,Q,87,Terciario,6,Servicios,841.9166666666667,0.0002874113869742885,38.349514563106794,191,6218.461852502197,0.6275668617961333,16.502463054187192,15.294117647058824,10.74528301886792,1.9508066384203586,70.93596059113301,65.88235294117646,106.0,"many jobs, poorly paid"
8790,Q8790,Other residential care activities,Otras Actividades De Atención En Instituciones.,Q,87,Terciario,6,Servicios,4636.166666666667,0.0015826828766631264,72.57281553398059,781,9254.05546610169,0.9339188187528951,59.85221674876847,50.0,11.987301587301591,2.1762951680465448,72.41379310344827,68.82352941176471,315.0,"many jobs, well paid"
8810,Q8810,Social work activities without accommodation for the elderly and disabled,Actividades De Asistencia Social Sin Alojamiento Para Personas De Edad Y Personas Con Discapacidad.,Q,88,Terciario,6,Servicios,2878.0000000000005,0.0009824843769715955,60.922330097087375,490,8690.108,0.8770052684386948,55.172413793103445,44.70588235294118,7.101167315175097,1.2892172606949865,59.85221674876847,54.11764705882353,257.0,"many jobs, well paid"
8890,Q8890,Other social work activities without accommodation,Otras Actividades De Asistencia Social Sin Alojamiento.,Q,88,Terciario,6,Servicios,5246.166666666666,0.001790923137244319,74.51456310679612,1692,9685.793434864774,0.9774897931516304,63.30049261083743,53.529411764705884,8.211919666145018,1.490874402355033,64.03940886699507,57.647058823529406,639.0,"many jobs, well paid"
9000,R9000,"Creative, arts and entertainment activities","Actividades Creativas, Artísticas Y De Entretenimiento.",R,90,Terciario,6,Servicios,3505.916666666667,0.0011968409840042852,65.53398058252428,5925,7214.9642441240385,0.7281338337444813,35.714285714285715,30.0,1.4092073034958805,0.25584165235508616,5.911330049261084,7.647058823529412,1497.0,"few jobs, poorly paid"
9101,R9101,Library and archives activities,Actividades De Bibliotecas Y Archivos.,R,91,Terciario,6,Servicios,2694.0833333333335,0.0009196993694439051,59.70873786407766,157,12397.943182530014,1.2511998111971014,83.00492610837439,77.64705882352942,23.36178861788618,4.241333824443748,84.72906403940887,83.52941176470588,82.0,"many jobs, well paid"
9102,R9102,Museums activities and operation of historical sites and buildings,Actividades De Museos Y Gestión De Lugares Y Edificios Históricos.,R,91,Terciario,6,Servicios,211.41666666666666,7.217288812766207e-05,18.446601941747574,76,11399.453350245769,1.150432266835656,76.60098522167488,71.76470588235294,15.926767676767664,2.8915054222267074,77.83251231527095,74.70588235294117,33.0,"many jobs, well paid"
9103,R9103,Botanical and zoological gardens and nature reserves activities,Actividades De Jardines Botánicos Y Zoológicos Y Reservas Naturales.,R,91,Terciario,6,Servicios,81.25000000000001,2.7736919954462174e-05,8.980582524271846,53,12432.918918918915,1.2547295607791076,83.2512315270936,78.23529411764706,4.404761904761906,0.7996847313730352,45.812807881773395,43.529411764705884,21.0,"few jobs, well paid"
9200,R9200,Gambling and betting activities,Actividades De Juegos De Azar Y Apuestas.,R,92,Terciario,6,Servicios,227.83333333333334,7.777716836461494e-05,18.932038834951456,1302,7136.000852130325,0.7201648521400782,34.23645320197045,27.647058823529413,1.385416666666667,0.2515224611176675,5.41871921182266,7.0588235294117645,144.0,"few jobs, poorly paid"
9311,R9311,Operation of sports facilities,Explotación De Instalaciones Deportivas.,R,93,Terciario,6,Servicios,7670.916666666665,0.0026186781730545604,80.33980582524272,3851,6807.783667339335,0.6870411901264628,28.32512315270936,24.11764705882353,3.6991099626758546,0.6715735880352101,37.68472906403941,39.411764705882355,1161.0,"few jobs, poorly paid"
9312,R9312,Activities of sports clubs,Actividades De Clubes Deportivos.,R,93,Terciario,6,Servicios,3119.3333333333344,0.001064870141267106,63.10679611650486,547,7180.123862603877,0.7246177441691163,35.221674876847295,29.411764705882355,15.193602693602697,2.7583992849845207,76.84729064039408,74.11764705882354,297.0,"many jobs, poorly paid"
9319,R9319,Other sports activities,Otras Actividades Deportivas.,R,93,Terciario,6,Servicios,1373.2499999999998,0.0004687966194149559,46.359223300970875,2877,7975.959112664504,0.8049333981417016,48.52216748768473,39.411764705882355,3.0744517543859646,0.5581668608847072,30.295566502463057,31.76470588235294,760.0,"few jobs, poorly paid"
9321,R9321,Activities of amusement parks and theme parks,Actividades De Parques De Atracciones Y Parques Temáticos.,R,93,Terciario,6,Servicios,570.0000000000005,0.00019458516152668858,30.582524271844658,454,5901.584986344127,0.5955876641766135,9.852216748768473,10.0,3.390211640211641,0.6154930830357626,32.26600985221675,34.11764705882353,189.0,"few jobs, poorly paid"
9329,R9329,Other amusement and recreation activities n.e.c.,Otras Actividades De Esparcimiento Y Recreativas N.C.P.,R,93,Terciario,6,Servicios,6535.16666666667,0.002230958704275726,77.42718446601941,1600,5749.357805404602,0.5802249046247719,6.896551724137931,7.647058823529412,2.526899924755455,0.4587588004132625,23.15270935960591,24.705882352941178,443.0,"few jobs, poorly paid"
9411,S9411,Activities of business and employers membership organizations,Actividades De Asociaciones Empresariales Y De Empleadores.,S,94,Terciario,6,Servicios,2835.1666666666665,0.0009678620417340634,60.43689320388349,1500,9386.571049384378,0.9472922848466586,61.57635467980296,52.352941176470594,5.138012181616833,0.9328063536886532,51.231527093596064,47.05882352941176,602.0,"many jobs, well paid"
9412,S9412,Activities of professional membership organizations,Actividades De Asociaciones Profesionales.,S,94,Terciario,6,Servicios,756.4166666666666,0.0002582236127452852,35.67961165048544,445,9236.634505356018,0.9321606962583049,59.60591133004927,49.411764705882355,2.9608208955223883,0.5375371731034518,28.32512315270936,28.823529411764703,134.0,"few jobs, well paid"
9420,S9420,Activities of trade unions,Actividades De Sindicatos.,S,94,Terciario,6,Servicios,3982.4166666666665,0.0013595073514910691,68.93203883495146,2160,7566.035640096157,0.7635639416172114,43.5960591133005,36.470588235294116,4.461525366019748,0.8099901404392341,46.05911330049261,44.11764705882353,979.0,"few jobs, poorly paid"
9491,S9491,Activities of religious organizations,Actividades De Organizaciones Religiosas.,S,94,Terciario,6,Servicios,8034.916666666666,0.002742939574450551,81.06796116504854,4345,7827.9048575655015,0.7899917700587605,46.79802955665024,37.64705882352941,7.588911845730027,1.3777673032009887,61.822660098522164,55.88235294117647,1210.0,"many jobs, poorly paid"
9492,S9492,Activities of political organizations,Actividades De Organizaciones Políticas.,S,94,Terciario,6,Servicios,14.083333333333332,4.807732792106775e-06,3.1553398058252426,91,8096.933103448276,0.8171420872927941,49.50738916256158,40.0,2.6363636363636362,0.4786319424139345,24.876847290640395,25.882352941176475,11.0,"few jobs, poorly paid"
9499,S9499,Activities of other membership organizations n.e.c.,Actividades De Otras Asociaciones N.C.P.,S,94,Terciario,6,Servicios,4093.75,0.00139751404385944,70.14563106796116,1110,11884.154379761185,1.1993482706992074,80.04926108374384,75.88235294117646,9.333002645502647,1.6944070700856735,67.73399014778325,62.35294117647059,504.0,"many jobs, well paid"
9511,S9511,Repair of computers and peripheral equipment,Reparación De Computadoras Y Equipo Periférico.,S,95,Terciario,6,Servicios,3391.083333333333,0.001157639470468645,64.80582524271846,4369,9312.202275631278,0.9397869918872623,61.083743842364534,51.76470588235295,2.0206967213114746,0.36685758497443377,15.517241379310345,20.588235294117645,1220.0,"few jobs, well paid"
9512,S9512,Repair of communication equipment,Reparación De Equipo De Comunicaciones.,S,95,Terciario,6,Servicios,719.5000000000002,0.0002456210942428989,34.70873786407767,1425,7096.226642120766,0.7161508408382197,33.497536945812804,27.058823529411764,1.8782849239280774,0.34100271644867425,12.807881773399016,16.470588235294116,241.0,"few jobs, poorly paid"
9521,S9521,Repair of consumer electronics,Reparación De Aparatos Electrónicos De Consumo.,S,95,Terciario,6,Servicios,638.25,0.00021788417428843666,33.00970873786408,741,6061.514347826092,0.6117277274068655,14.039408866995073,12.352941176470589,1.7653508771929811,0.32049953494217986,10.344827586206897,14.705882352941178,304.0,"few jobs, poorly paid"
9522,S9522,Repair of household appliances and home and garden equipment,Reparación De Aparatos De Uso Doméstico Y Equipo Doméstico Y De Jardinería.,S,95,Terciario,6,Servicios,1585.8333333333337,0.0005413677812650412,49.271844660194176,2232,6151.417649759009,0.6208007641798495,15.517241379310345,14.705882352941178,1.9652683806946323,0.3567945671235226,14.039408866995073,18.235294117647058,739.0,"few jobs, poorly paid"
9523,S9523,Repair of footwear and leather goods,Reparación De Calzado Y Artículos De Cuero.,S,95,Terciario,6,Servicios,311.6666666666667,0.00010639598013301385,23.058252427184467,508,5619.878058577406,0.5671578149955568,3.9408866995073892,4.705882352941177,1.4432367149758454,0.2620196936128256,6.403940886699508,8.823529411764707,207.0,"few jobs, poorly paid"
9524,S9524,Repair of furniture and home furnishings,Reparación De Muebles Y Accesorios Domésticos.,S,95,Terciario,6,Servicios,246.24999999999997,8.406420355429302e-05,20.388349514563107,317,5641.271675519074,0.5693168577564526,4.1871921182266005,5.294117647058823,1.855734767025089,0.3369087344003163,11.576354679802956,15.88235294117647,93.0,"few jobs, poorly paid"
9529,S9529,Repair of other personal and household goods,Reparación De Otros Bienes Personales Y Enseres Domésticos.,S,95,Terciario,6,Servicios,670.8333333333334,0.00022900739039325175,33.49514563106796,1257,5661.525425748786,0.5713608652253009,5.41871921182266,6.470588235294119,1.2774439102564101,0.23192000210343625,3.4482758620689653,4.117647058823529,416.0,"few jobs, poorly paid"
9601,S9601,Washing and (dry-) cleaning of textile and fur products,"Lavado Y Limpieza, Incluida La Limpieza En Seco, De Productos Textiles Y De Piel.",S,96,Terciario,6,Servicios,2480.8333333333335,0.0008469006226095782,57.76699029126213,2867,5954.058419020524,0.6008832804002856,11.576354679802956,10.588235294117647,3.033908754623922,0.5508062773674198,29.802955665024633,31.176470588235293,811.0,"few jobs, poorly paid"
9602,S9602,Hairdressing and other beauty treatment,Actividades De Peluquería Y Otros Tratamientos De Belleza.,S,96,Terciario,6,Servicios,9196.25,0.003139392616999664,82.52427184466019,18058,5741.229595542165,0.579404606088513,6.403940886699508,7.0588235294117645,1.352871158562978,0.2456138225878162,4.679802955665025,5.88235294117647,6931.0,"few jobs, poorly paid"
9603,S9603,Funeral and related activities,Pompas Fúnebres Y Actividades Conexas.,S,96,Terciario,6,Servicios,3288.2499999999995,0.0011225344866493563,63.834951456310684,995,10983.737339040079,1.108478227599123,73.64532019704434,68.23529411764706,11.485541535226076,2.085200606948034,71.67487684729063,67.05882352941175,317.0,"many jobs, well paid"
9609,S9609,Other personal service activities n.e.c.,Otras Actividades De Servicios Personales N.C.P.,S,96,Terciario,6,Servicios,46936.91666666668,0.01602320615990886,96.35922330097088,102786,5776.147436679004,0.582928512884552,7.142857142857142,8.235294117647058,0.9820047749706019,0.17828301317045916,0.7389162561576355,0.5882352941176471,28063.0,"few jobs, poorly paid"
9700,T9700,Activities of households as employers of domestic personnel,Actividades De Los Hogares Como Empleadores De Personal Doméstico.,T,97,Terciario,,Otros / No clasificado,234.66666666666669,8.010991445309279e-05,19.174757281553397,267,,,,,,,,,,
9820,T9820,Undifferentiated service-producing activities of private households for own use,Actividades No Diferenciadas De Los Hogares Como Productores De Servicios Para Uso Propio.,T,98,Terciario,,Otros / No clasificado,17.91666666666667,6.116346451496788e-06,4.12621359223301,3,,,,,,,,,,
