codigo_clase,clase,codigo_seccion,seccion,codigo_division,gsectores,gsectores_label,total_plazas_equiv,n_establecimientos,n_matrices,n_provincias_present,n_cantones_present,effnum_industry_prov,effnum_industry_canton,ren_prov_pop,ren_prov_con,ren_canton_pop,ren_canton_con,tradable_prov_pop,tradable_prov_con,tradable_canton_pop,tradable_canton_con,tradability_pctile
99999, ,X,Actividades No Válidas,X, ,Otros / No clasificado,3.0,1,0,1,1,1.0,1.0,0.1259445052611807,0.19925121732232648,0.0586677037930691,0.13831102017923017,True,True,True,True,0.992822966507177
A0170,"Caza ordinaria, mediante trampas y actividades de servicios conexas.",A,"Agricultura, ganadería,  silvicultura y pesca.",A01,1,"Agricultura, ganadería, silvicultura y pesca",5.0,2,1,2,2,1.0,1.0,0.1259445052611807,0.19925121732232648,0.0586677037930691,0.13831102017923017,True,True,True,True,0.992822966507177
A0230,Recolección de productos forestales distintos de la madera.,A,"Agricultura, ganadería,  silvicultura y pesca.",A02,1,"Agricultura, ganadería, silvicultura y pesca",17.0833333333333,2,2,2,2,1.0,1.0,0.1259445052611807,0.19925121732232648,0.0586677037930691,0.13831102017923017,True,True,True,True,0.992822966507177
K6491,Arrendamiento financiero.,K,Actividades financieras y de seguros.,K64,6,Servicios,1.0,5,4,2,2,1.0,1.0,0.1259445052611807,0.19925121732232648,0.0586677037930691,0.13831102017923017,True,True,True,True,0.992822966507177
C2652,Fabricación de relojes.,C,Industrias manufactureras.,C26,3,Industrias manufactureras,1.0,3,2,2,2,1.0,1.0,0.1259445052611807,0.19925121732232648,0.0586677037930691,0.13831102017923017,True,True,True,True,0.992822966507177
K6613, ,K,Actividades financieras y de seguros.,K66,6,Servicios,1.0,1,1,1,1,1.0,1.0,0.1259445052611807,0.19925121732232648,0.0586677037930691,0.13831102017923017,True,True,True,True,0.992822966507177
C2030,Fabricación de fibras artificiales.,C,Industrias manufactureras.,C20,3,Industrias manufactureras,5.5,17,15,9,9,1.0,1.0,0.1259445052611807,0.19925121732232648,0.0586677037930691,0.13831102017923017,True,True,True,True,0.992822966507177
O8421,Relaciones exteriores.,O,Administración pública y defensa; planes de seguridad social de afiliación obligatoria.,O84,6,Servicios,1170.5,77,12,5,5,1.0136184639179937,1.0136184639179937,0.12765967596174965,0.20196471283604692,0.05946666780032655,0.1401946038170019,True,True,True,True,0.9832535885167464
B0610,Extracción de petróleo crudo.,B,Explotación de minas y canteras.,B06,2,Explotación de minas y canteras,7521.476702677747,57,29,8,13,1.0154039263204215,1.0154039521394045,0.12788454514068587,0.2023204683932139,0.0595714182944263,0.14044155651442322,True,True,True,True,0.9808612440191388
C1200,Elaboración de productos de tabaco.,C,Industrias manufactureras.,C12,3,Industrias manufactureras,9.583333333333334,7,5,5,6,1.0175425098099564,1.0175425098099564,0.12815388798023505,0.20274658375684915,0.05969688256238663,0.1407373426075494,True,True,True,True,0.9784688995215312
C2731,Fabricación de cables de fibra óptica.,C,Industrias manufactureras.,C27,3,Industrias manufactureras,108.666666666667,8,6,3,5,1.037486821039478,1.0571150058686614,0.13066576439081218,0.2067205120479867,0.06201851003951113,0.14621065490846744,True,True,True,True,0.9760765550239234
J5819,Otras publicaciones.,J,Información y comunicación.,J58,6,Servicios,1567.6666666666665,140,113,14,23,1.0797452334489175,1.0798648192216613,0.13598797923484196,0.2151405521626764,0.06335318935065254,0.14935720480220793,True,True,True,True,0.9736842105263158
D3520,Fabricación de gas; distribución de combustibles gaseosos por tuberías.,D,"Suministro de electricidad, gas, vapor y aire acondicionado.",D35,6,Servicios,3840.77296398892,124,47,20,52,1.099575488389039,1.09971036552116,0.13848549088247866,0.2190917545993077,0.06451748198256316,0.15210206255690573,True,True,True,True,0.9712918660287081
K6614, ,K,Actividades financieras y de seguros.,K66,6,Servicios,94.58333333333334,10,8,5,6,1.1209179131945015,1.271880069230321,0.14117345201567658,0.22334425872240632,0.07461828316191269,0.17591502992087557,True,True,True,True,0.9688995215311005
B0910,Actividades de apoyo para la extracción de petróleo y gas natural.,B,Explotación de minas y canteras.,B09,2,Explotación de minas y canteras,6388.666666666672,307,193,17,34,1.1380527184700755,1.147648132566479,0.14333148658885542,0.22675838953214544,0.06732988070007909,0.15873238402205808,True,True,True,True,0.9665071770334929
C2520,Fabricación de armas y municiones.,C,Industrias manufactureras.,C25,3,Industrias manufactureras,13.91666666666667,6,5,3,3,1.1539161736108239,1.1539161736108239,0.14532940159828991,0.2299192022798777,0.06769761227543152,0.15959932317342673,True,True,True,True,0.9641148325358851
H4930,Transporte por tuberías.,H,Transporte y almacenamiento.,H49,6,Servicios,290.916666666667,69,18,18,36,1.1591442002134134,1.1594776895503183,0.14598784282224533,0.23096089294463715,0.0680238936452102,0.16036854211676124,True,True,True,True,0.9617224880382775
D3530,Suministro de vapor y de aire acondicionado.,D,"Suministro de electricidad, gas, vapor y aire acondicionado.",D35,6,Servicios,5973.083333333334,313,236,19,63,1.1716840634053405,1.5364025629272549,0.1475671696879955,0.23345947595068406,0.0901372104687284,0.2125014058844525,True,True,True,True,0.9593301435406698
C2630,Fabricación de equipo de comunicaciones.,C,Industrias manufactureras.,C26,3,Industrias manufactureras,3080.500000000003,175,157,21,67,1.179924860014448,1.186731403624407,0.14860505273988756,0.23510146470675444,0.06962280646976984,0.1641380311140215,True,True,True,True,0.9569377990430622
B0620,Extracción de gas natural.,B,Explotación de minas y canteras.,B06,2,Explotación de minas y canteras,384.3333333333329,53,15,13,26,1.1866683700993998,1.1866683700993998,0.1494543607812606,0.23644511730020648,0.06961910843759568,0.16412931288287227,True,True,True,True,0.9545454545454546
O8430,Actividades de planes de seguridad social de afiliación obligatoria.,O,Administración pública y defensa; planes de seguridad social de afiliación obligatoria.,O84,6,Servicios,6771.916666666664,160,17,24,74,1.1887481718787836,1.2334129084482257,0.14971630038740638,0.23685952033653782,0.07236150316738836,0.17059459766970553,True,True,True,True,0.9521531100478469
P8550,Actividades de apoyo a la enseñanza.,P,Enseñanza.,P85,6,Servicios,5145.750000000003,274,221,19,45,1.1964062283103287,1.1978925494550194,0.15068079051593955,0.23838539740284626,0.07027760526735145,0.16568174058022267,True,True,True,True,0.9497607655502392
G4723,Venta al por menor de tabaco en comercios especializados.,G,Comercio al por mayor y al por menor; reparación de vehículos automotores y motocicletas.,G47,4,Comercio,135.75000000000034,68,31,12,20,1.1967413024958629,1.1967413024958629,0.15072299126846245,0.23845216134220723,0.07021006425175899,0.1655225104388235,True,True,True,True,0.9473684210526315
T9820,Actividades no diferenciadas de los hogares como productores de servicios para uso propio.,T,Actividades de los hogares como empleadores; actividades no diferenciadas de los hogares como productores de bienes y servicios para uso propio.,T98, ,Otros / No clasificado,17.91666666666667,3,3,3,3,1.2029928432010417,1.2029928432010417,0.15151033846969633,0.2396977884378542,0.07057682779010073,0.16638716741144874,True,True,True,True,0.9449760765550239
G4762,Venta al por menor de grabaciones de música y de vídeo en comercios especializados.,G,Comercio al por mayor y al por menor; reparación de vehículos automotores y motocicletas.,G47,4,Comercio,21.500000000000004,33,28,5,10,1.2092871157619358,1.2092871157619358,0.15230306751335715,0.24095192990777087,0.07094609830829611,0.16725773467063215,True,True,True,True,0.9425837320574163
C3230,Fabricación de artículos de deporte.,C,Industrias manufactureras.,C32,3,Industrias manufactureras,877.9999999999999,117,102,14,25,1.209493520940252,1.2194499367959994,0.15232906311142352,0.24099305639081198,0.07154232768242452,0.16866336481575242,True,True,True,True,0.9401913875598086
K6629,Otras actividades auxiliares de seguros y fondos de pensiones.,K,Actividades financieras y de seguros.,K66,6,Servicios,34.75,5,5,3,3,1.2096037062543041,1.2096037062543041,0.15234294034628887,0.24101501094876793,0.07096467194552608,0.16730152262461065,True,True,True,True,0.937799043062201
A0312,Pesca de agua dulce.,A,"Agricultura, ganadería,  silvicultura y pesca.",A03,1,"Agricultura, ganadería, silvicultura y pesca",962.4166666666666,82,61,18,39,1.2122483090864256,1.3833218714572508,0.15267601354159271,0.2415419512824022,0.081156317805128,0.19132865927749426,True,True,True,True,0.9354066985645934
K6612,Corretaje de valores y de contratos de productos básicos.,K,Actividades financieras y de seguros.,K66,6,Servicios,401.75000000000006,38,28,4,7,1.2272698974649017,1.2272698974649017,0.154567900058157,0.24453502105292846,0.07200110681862114,0.16974495155362976,True,True,True,True,0.9330143540669856
R9329,Otras actividades de esparcimiento y recreativas n.c.p.,R,"Artes, entretenimiento y recreación.",R93,6,Servicios,6535.16666666667,1600,979,24,192,1.2388409682196106,1.2760664740023302,0.15602521283970094,0.246840570986527,0.07486388991703481,0.17649405583577538,True,True,True,True,0.930622009569378
C3011,Construcción de buques y estructuras flotantes.,C,Industrias manufactureras.,C30,3,Industrias manufactureras,1080.7500000000005,199,173,12,31,1.2828183264706472,1.4117893583768213,0.16156391946732143,0.2556031131526661,0.08282643989545843,0.19526602643527893,True,True,True,True,0.9282296650717703
N8292,Actividades de envasado y empaquetado.,N,Actividades de servicios administrativos y de apoyo.,N82,6,Servicios,13016.749999999998,546,380,21,75,1.3310838928015658,1.3416181280474755,0.16764270234001968,0.2652200859988531,0.07870965493970114,0.18556057198119538,True,True,True,True,0.9258373205741627
C2817,Fabricación de maquinaria y equipo de oficina (excepto computadoras y equipo periférico).,C,Industrias manufactureras.,C28,3,Industrias manufactureras,26.9166666666667,16,11,5,7,1.3537792772335038,1.3537792772335038,0.1705010613040124,0.2697421689745149,0.07942312163793037,0.18724259293166676,True,True,True,True,0.9234449760765551
C3099,Fabricación de otros tipos de equipo de transporte n.c.p.,C,Industrias manufactureras.,C30,3,Industrias manufactureras,1.0,3,1,3,3,1.3846153846153852,1.3846153846153852,0.17438469959240413,0.2758863009078368,0.08123220525194187,0.19150756640201108,True,True,True,True,0.9210526315789473
C1311,Preparación e hilatura de fibras textiles.,C,Industrias manufactureras.,C13,3,Industrias manufactureras,709.4166666666674,63,52,12,21,1.3957648474425888,1.8329656037551425,0.17578891317210418,0.27810784494864715,0.10753588310399076,0.2535193426088123,True,True,True,True,0.9186602870813397
G4781,"Venta al por menor de alimentos, bebidas y tabaco en puestos de venta y mercados.",G,Comercio al por mayor y al por menor; reparación de vehículos automotores y motocicletas.,G47,4,Comercio,1053.083333333333,293,204,23,77,1.4064303058189345,1.4420503107369438,0.17713216905069676,0.2802329505134346,0.08460178048501826,0.19945144962780256,True,True,True,True,0.916267942583732
C1080,Elaboración de alimentos preparados para animales.,C,Industrias manufactureras.,C10,3,Industrias manufactureras,5582.916666666663,312,215,20,69,1.433482417711925,2.22428052624473,0.18053923389932955,0.2856231167392528,0.13049343106641767,0.3076425087497035,True,True,True,True,0.9138755980861244
H4912,Transporte de carga por ferrocarril.,H,Transporte y almacenamiento.,H49,6,Servicios,8.33333333333333,6,6,2,3,1.4446691707598953,1.8989745537409788,0.1819481439774352,0.2878520909019451,0.11140847662945132,0.2626491078223131,True,True,True,True,0.9114832535885168
C3092,Fabricación de bicicletas y de sillas de ruedas para inválidos.,C,Industrias manufactureras.,C30,3,Industrias manufactureras,65.33333333333337,20,16,9,10,1.4545385703941043,1.4545385703941043,0.1831911406315905,0.28981858079330175,0.0853344380034755,0.20117871356124756,True,True,True,True,0.9090909090909091
C1393,Fabricación de tapices y alfombras.,C,Industrias manufactureras.,C13,3,Industrias manufactureras,117.66666666666656,78,71,16,24,1.463854882076269,2.084681998122082,0.18436447889725968,0.29167486723692726,0.12230350596856975,0.28833449390954113,True,True,True,True,0.9066985645933014
C1511,Curtido y adobo de cueros; adobo y teñido de pieles.,C,Industrias manufactureras.,C15,3,Industrias manufactureras,286.3333333333333,63,54,8,8,1.501108593884894,1.501108593884894,0.1890563792001396,0.29909771466457097,0.08806659434726942,0.2076198610200294,True,True,True,True,0.9043062200956937
C2720,"Fabricación de pilas, baterías y acumuladores.",C,Industrias manufactureras.,C27,3,Industrias manufactureras,354.08333333333377,17,12,4,6,1.5164982382699657,1.5191989663321654,0.19099462034836295,0.3021641200424542,0.08912791495951224,0.21012195888863375,True,True,True,True,0.9019138755980861
J6311,"Procesamiento de datos, hospedaje y actividades conexas.",J,Información y comunicación.,J63,6,Servicios,3106.750000000004,765,654,23,82,1.5215926890032803,1.5471901801233903,0.19163623842554772,0.3031791955526557,0.09077009519902428,0.21399345222415297,True,True,True,True,0.8995215311004785
A0119,Cultivo de otras plantas no perennes.,A,"Agricultura, ganadería,  silvicultura y pesca.",A01,1,"Agricultura, ganadería, silvicultura y pesca",48844.50000000001,1329,1065,16,55,1.5304124550411207,4.407173148228951,0.19274703949570288,0.30493654467219355,0.2585587288250639,0.6095606142380557,True,True,True,True,0.8971291866028708
A0116,Cultivo de plantas de fibras.,A,"Agricultura, ganadería,  silvicultura y pesca.",A01,1,"Agricultura, ganadería, silvicultura y pesca",368.9166666666667,151,117,18,37,1.5345168494528627,2.2684876381768557,0.1932639654192865,0.3057543502551041,0.13308696081479868,0.31375683950021327,True,True,True,True,0.8947368421052632
C1062,Elaboración de almidones y productos derivados del almidón.,C,Industrias manufactureras.,C10,3,Industrias manufactureras,189.16666666666703,24,20,5,11,1.546134079700812,1.5857204228013346,0.1947270917353697,0.30806909752392175,0.09303057606352899,0.2193226093966928,True,True,True,True,0.8923444976076556
K6520,Reaseguros.,K,Actividades financieras y de seguros.,K65,6,Servicios,455.333333333333,9,8,3,4,1.546703774064851,1.546703774064851,0.19479884161019867,0.3081826098194582,0.09074155887245874,0.21392617690597507,True,True,True,True,0.8899521531100478
K6420,Actividades de sociedades de cartera.,K,Actividades financieras y de seguros.,K64,6,Servicios,583.1666666666664,232,213,14,25,1.552109410076135,1.571332495751448,0.19547965176326185,0.30925968937510795,0.09218646942116997,0.21733260052815864,True,True,True,True,0.8875598086124402
C1312,Tejedura de productos textiles.,C,Industrias manufactureras.,C13,3,Industrias manufactureras,2244.916666666667,336,290,17,40,1.5839241050657848,2.7395299687143972,0.19948653778376865,0.3155988060805342,0.1607219327367721,0.3789071847844628,True,True,True,True,0.8851674641148325
A0142,Cría de caballos y otros equinos.,A,"Agricultura, ganadería,  silvicultura y pesca.",A01,1,"Agricultura, ganadería, silvicultura y pesca",301.83333333333366,32,18,11,16,1.6462921518642954,1.6656823238041925,0.20734145058191325,0.32802571532715324,0.09772175718629537,0.23038222149986864,True,True,True,True,0.8827751196172249
C1430,Fabricación de artículos de punto y ganchillo.,C,Industrias manufactureras.,C14,3,Industrias manufactureras,605.0833333333335,171,151,15,29,1.6495609612936641,1.7165773579857169,0.20775313916828816,0.32867702958514966,0.10070765197619518,0.2374215655995721,True,True,True,True,0.8803827751196173
H4911,Transporte interurbano de pasajeros por ferrocarril.,H,Transporte y almacenamiento.,H49,6,Servicios,3.66666666666667,6,0,4,5,1.657534246575342,1.657534246575342,0.20875733063839533,0.33026571638358215,0.09724372820495011,0.2292552526258472,True,True,True,True,0.8779904306220095
C2022,"Fabricación de pinturas, barnices y productos de revestimiento similares, tintas de imprenta y masillas.",C,Industrias manufactureras.,C20,3,Industrias manufactureras,1569.0000000000002,102,81,17,28,1.6671361726892755,1.737341634523141,0.2099666404723691,0.3321789118504224,0.10192584440157014,0.24029349387074686,True,True,True,True,0.8755980861244019
J5820,Publicación de programas informáticos.,J,Información y comunicación.,J58,6,Servicios,252.08333333333334,139,98,16,29,1.6720259202960401,1.7234454500851772,0.21058247731555513,0.3331532000134692,0.10111058716910983,0.23837149842453337,True,True,True,True,0.8732057416267942
B0710,Extracción de minerales de hierro.,B,Explotación de minas y canteras.,B07,2,Explotación de minas y canteras,435.3333333333329,41,26,11,21,1.6847341353579157,1.7777882008000465,0.2121830071742757,0.33568532733454187,0.10429875157135038,0.2458876997152525,True,True,True,True,0.8708133971291866
K6499,"Otras actividades de servicios financieros, excepto las de seguros y fondos de pensiones, n.c.p.",K,Actividades financieras y de seguros.,K64,6,Servicios,3906.5833333333367,412,89,24,135,1.6901714848685048,1.7075212680851506,0.21286781146831898,0.3367687258435337,0.10017635197638534,0.23616900856658996,True,True,True,True,0.868421052631579
C2790,Fabricación de otros tipos de equipo eléctrico.,C,Industrias manufactureras.,C27,3,Industrias manufactureras,507.583333333333,78,61,12,14,1.7025383737081976,1.7519044024646429,0.21442535316485412,0.33923284349933236,0.10278020855756938,0.24230768516136938,True,True,True,True,0.8660287081339713
C1102,Elaboración de vinos.,C,Industrias manufactureras.,C11,3,Industrias manufactureras,999.5833333333334,99,75,18,40,1.7198502081014801,1.7326275666994968,0.2166056835826796,0.34268224757627647,0.10164928086683216,0.23964148634086457,True,True,True,True,0.8636363636363636
J5811,"Publicación de libros, periódicos y otras actividades de publicación.",J,Información y comunicación.,J58,6,Servicios,490.916666666667,260,210,20,43,1.7667738067146688,1.806376953082809,0.22251545299509184,0.35203183172109853,0.10597598802208892,0.24984183920913272,True,True,True,True,0.861244019138756
C3319,Reparación de otros tipos de equipo.,C,Industrias manufactureras.,C33,3,Industrias manufactureras,49.333333333333364,32,30,8,11,1.7840220722234097,1.7914634769718345,0.2246877772612037,0.35546856962041384,0.10510104862308525,0.24777914111380522,True,True,True,True,0.8588516746411483
C2813,"Fabricación de otras bombas, compresores, grifos y válvulas.",C,Industrias manufactureras.,C28,3,Industrias manufactureras,84.16666666666677,53,39,8,13,1.7853080054464066,1.8013484066692809,0.22484973348477297,0.3557247933804912,0.10568097475059035,0.249146335824659,True,True,True,True,0.8564593301435407
N7830,Otras actividades de dotación de recursos humanos.,N,Actividades de servicios administrativos y de apoyo.,N78,6,Servicios,139.83333333333331,56,51,9,15,1.7949224004171618,1.9121974674122526,0.22606061370275032,0.3576404732822318,0.11218423461199893,0.2644779825019289,True,True,True,True,0.854066985645933
N8291,Actividades de agencias de cobro y agencias de calificación crediticia.,N,Actividades de servicios administrativos y de apoyo.,N82,6,Servicios,4038.999999999999,650,530,22,61,1.8435446383805099,1.8657125270280672,0.2321843174077356,0.36732851338536476,0.10945706989870108,0.2580486029744215,True,True,True,True,0.8516746411483254
J6202,Actividades de consultoría de informática y de gestión de instalaciones informáticas.,J,Información y comunicación.,J62,6,Servicios,4050.0000000000005,1313,1187,23,66,1.847587677416536,1.8936822868538186,0.23269351595887955,0.36813409383497464,0.11109799148332153,0.26191712899008923,True,True,True,True,0.8492822966507177
E3812,Recolección de desechos peligrosos.,E,"Distribución de agua; alcantarillado, gestión de desechos y actividades de saneamiento.",E38,6,Servicios,108.75000000000007,63,45,14,22,1.868804805490232,1.9540254283475238,0.2353656966571843,0.3723616324317423,0.11463818503441749,0.2702632504509032,True,True,True,True,0.84688995215311
C2660,"Fabricación de equipo de irradiación, y equipo electrónico de uso medico y terapéutico.",C,Industrias manufactureras.,C26,3,Industrias manufactureras,21.0,18,14,6,6,1.8927038626609443,1.8927038626609443,0.2383756515887583,0.37712354866586256,0.11104058958259001,0.26178180214180474,True,True,True,True,0.8444976076555024
N7810,Actividades de agencias de empleo.,N,Actividades de servicios administrativos y de apoyo.,N78,6,Servicios,663.3333333333337,147,127,9,13,1.9114899911469116,1.9372723624867922,0.24074166124669646,0.3808667076354652,0.11365532112887432,0.2679461168205756,True,True,True,True,0.8421052631578947
A0321,Acuicultura marina.,A,"Agricultura, ganadería,  silvicultura y pesca.",A03,1,"Agricultura, ganadería, silvicultura y pesca",34461.833333333336,4880,3055,20,85,1.9145463314900557,4.846218280809538,0.24112659051912352,0.381475687169388,0.2843164986150905,0.6702853944300021,True,True,True,True,0.8397129186602871
C2219,Fabricación de otros productos de caucho.,C,Industrias manufactureras.,C22,3,Industrias manufactureras,2125.0833333333303,145,127,21,38,1.930394260795604,1.938151094861599,0.24312255013492495,0.38463340637555665,0.11370687433955286,0.26806765519179965,True,True,True,True,0.8373205741626795
C2394,"Fabricación de cemento, cal y yeso.",C,Industrias manufactureras.,C23,3,Industrias manufactureras,715.9999999999997,63,47,13,18,1.9372942251244463,1.9427574645371755,0.2439915627286408,0.3860082326675591,0.11397711947124095,0.2687047668809513,True,True,True,True,0.8349282296650717
M7210,Investigaciones y desarrollo experimental en el campo de las ciencias naturales y la ingeniería.,M,"Actividades profesionales, científicas y técnicas.",M72,6,Servicios,5809.083333333333,765,575,24,99,1.9402075165917063,2.0045261369833844,0.24435847578116648,0.38658870953882546,0.11760094565000626,0.2772480549821032,True,True,True,True,0.8325358851674641
J5913,"Actividades de distribución de películas cinematográficas, vídeos y programas de televisión.",J,Información y comunicación.,J59,6,Servicios,25.666666666666668,27,22,6,8,1.9445719908166612,2.26038886770873,0.2449081573281536,0.38745833634111965,0.13261182454788661,0.31263669029456936,True,True,True,True,0.8301435406698564
C1020,"Elaboración y conservación de pescados, crustáceos y moluscos.",C,Industrias manufactureras.,C10,3,Industrias manufactureras,34459.0,532,380,17,51,1.9507365665848635,5.408239911107881,0.2456845517734249,0.38868663556720967,0.3172890171467315,0.74801917947936,True,True,True,True,0.8277511961722488
I5520,"Actividades de campamentos, parques de vehículos de recreo y parques de caravanas.",I,Actividades de alojamiento y de servicio de comidas.,I55,6,Servicios,156.08333333333337,103,62,20,47,1.9554799082942635,2.125101995693011,0.24628194959830002,0.38963175217698337,0.12467485441337757,0.29392502500921835,True,True,True,True,0.8253588516746412
C2620,Fabricación de computadoras y equipo periférico.,C,Industrias manufactureras.,C26,3,Industrias manufactureras,141.83333333333337,55,41,10,13,1.9720128145256706,2.8500910083727704,0.24836417829414406,0.3929259538694671,0.16720829506250331,0.3941989949716887,True,True,True,True,0.8229665071770335
K6411,Banca central.,K,Actividades financieras y de seguros.,K64,6,Servicios,986.2499999999994,10,3,6,7,1.9851231861581997,1.9851231861581997,0.25001535756319315,0.3955382113767966,0.11646261907828283,0.27456441305898444,True,True,True,True,0.8205741626794258
C1920,Fabricación de productos de la refinación del petróleo.,C,Industrias manufactureras.,C19,3,Industrias manufactureras,733.083333333333,63,41,16,26,1.9895073163113217,3.6095357775546497,0.25056751466632876,0.3964117546467057,0.21176317582806153,0.4992385757670144,True,True,True,True,0.8181818181818182
C2814,"Fabricación de cojinetes, engranajes, trenes de engranajes y piezas de transmisión.",C,Industrias manufactureras.,C28,3,Industrias manufactureras,26.0,20,16,7,9,1.9910820208631617,1.9910820208631617,0.2507658400520428,0.3967255164455828,0.1168122102277054,0.2753885855661071,True,True,True,True,0.8157894736842105
N8211,Actividades combinadas de servicios administrativos de oficina.,N,Actividades de servicios administrativos y de apoyo.,N82,6,Servicios,9653.166666666668,3322,2858,24,125,1.9993965770274464,2.1422756178307734,0.2518130127146199,0.3983822018828114,0.12568239139000992,0.2963003262072649,True,True,True,True,0.8133971291866029
K6512,Seguros generales.,K,Actividades financieras y de seguros.,K65,6,Servicios,2799.916666666668,226,111,16,21,2.0100874072737103,2.026770611176243,0.25315946404081685,0.40051236282356584,0.11890597787298544,0.280324710901068,True,True,True,True,0.8110047846889952
H5012,Transporte de carga marítimo y de cabotaje.,H,Transporte y almacenamiento.,H50,6,Servicios,1968.2500000000002,385,174,10,24,2.016761332846628,2.1070965068218013,0.25400000829524794,0.40184215061828826,0.12361851372563204,0.29143466747461555,True,True,True,True,0.8086124401913876
U9900,Actividades de organizaciones y órganos extraterritoriales.,U,Actividades de organizaciones y órganos extraterritoriales.,U99,7,Organizaciones extraterritoriales,599.4999999999999,103,77,16,23,2.0173408178500796,2.021343418171455,0.2540729912473139,0.40195761371064603,0.11858757692135273,0.2795740702998662,True,True,True,True,0.80622009569378
C2732,Fabricación de otros hilos y cables eléctricos.,C,Industrias manufactureras.,C27,3,Industrias manufactureras,186.58333333333326,9,7,4,5,2.0189083337863987,2.0189083337863987,0.25427041126640265,0.4022699431691298,0.11844471611193912,0.27923727129434656,True,True,True,True,0.8038277511961722
H5224,Manipulación de carga.,H,Transporte y almacenamiento.,H52,6,Servicios,7778.333333333335,1349,1197,21,88,2.0282861557809952,2.4267007195460004,0.2554514964179395,0.40413848561738525,0.1423689590087524,0.33563945219007923,True,True,True,True,0.8014354066985646
C2513,"Fabricación de generadores de vapor, excepto calderas de agua caliente para calefacción central.",C,Industrias manufactureras.,C25,3,Industrias manufactureras,185.5833333333333,31,29,10,11,2.029098646879985,2.3561054818384495,0.2555538252074309,0.40430037545792247,0.1382272985137245,0.3258753528429526,True,True,True,True,0.7990430622009569
K6511,Seguros de vida.,K,Actividades financieras y de seguros.,K65,6,Servicios,2688.0,205,127,14,19,2.0359775085682505,2.0656624319214574,0.2564201800395196,0.40567099702310133,0.12118767169243883,0.28570387830496635,True,True,True,True,0.7966507177033493
C2610,Fabricación de componentes y tableros electrónicos.,C,Industrias manufactureras.,C26,3,Industrias manufactureras,202.91666666666666,61,51,13,17,2.0381934501844072,2.0381934501844072,0.25669926571005414,0.40611252608763576,0.11957612960839234,0.2819046154176303,True,True,True,True,0.7942583732057417
C2021,Fabricación de plaguicidas y otros productos químicos de uso agropecuario.,C,Industrias manufactureras.,C20,3,Industrias manufactureras,1335.2499999999993,162,114,15,40,2.0443363334352074,2.2792212404558985,0.2574729281019533,0.4073365030532266,0.13371667661393816,0.3152414149816258,True,True,True,True,0.7918660287081339
C2591,"Forja, prensado, estampado y laminado de metales; pulvimetalurgia.",C,Industrias manufactureras.,C25,3,Industrias manufactureras,493.3333333333336,168,148,15,28,2.0718757574503557,3.0720105915923943,0.26094136723471906,0.41282376681260063,0.18022780743671354,0.42489291892454445,True,True,True,True,0.7894736842105263
J6020,Programación y transmisiones de televisión.,J,Información y comunicación.,J60,6,Servicios,1332.9166666666667,274,228,21,50,2.0776478835616854,2.1476229302678482,0.2616683348021156,0.41397386996682106,0.1259961059321572,0.29703991844565375,True,True,True,True,0.7870813397129187
K6430,Fondos y sociedades de inversión y entidades financieras similares.,K,Actividades financieras y de seguros.,K64,6,Servicios,577.0833333333331,324,278,9,15,2.1002268811084748,2.1492273033596927,0.2645120354774394,0.41847276271393663,0.1260902308174831,0.2972618209247349,True,True,True,True,0.784688995215311
H5110,Transporte de pasajeros por vía aérea.,H,Transporte y almacenamiento.,H51,6,Servicios,1833.3333333333335,151,64,17,29,2.1017305684239758,2.110737597776867,0.2647014166324577,0.41877237424202235,0.12383212817126746,0.29193827047917603,True,True,True,True,0.7822966507177034
A0311,Pesca marina.,A,"Agricultura, ganadería,  silvicultura y pesca.",A03,1,"Agricultura, ganadería, silvicultura y pesca",8431.500000000004,1623,1209,12,45,2.127864708605188,2.9920477325745707,0.2679928679880068,0.42397963348680123,0.17553657010940893,0.4138331743173413,True,True,True,True,0.7799043062200957
C2410,Industrias básicas de hierro y acero.,C,Industrias manufactureras.,C24,3,Industrias manufactureras,3195.7500000000005,332,277,22,51,2.1302000329810054,3.7418820462236266,0.2682869892611435,0.42444494971152535,0.21952762751645102,0.5175435232035351,True,True,True,True,0.777511961722488
M7320,Estudios de mercado y encuestas de opinión pública.,M,"Actividades profesionales, científicas y técnicas.",M73,6,Servicios,1379.9166666666665,812,758,22,87,2.161795926396797,2.3085146331493376,0.27226631842568044,0.4307404699370083,0.1354352526995709,0.31929301400956617,True,True,True,True,0.7751196172248804
C1073,"Elaboración de cacao, chocolate y productos de confitería.",C,Industrias manufactureras.,C10,3,Industrias manufactureras,3635.333333333332,843,730,24,111,2.168790035661407,2.319702149529068,0.27314718805675436,0.43213405472206723,0.13609159859671704,0.3208403708133185,True,True,True,True,0.7727272727272727
B0990,Actividades de apoyo para la explotación de otras minas y canteras.,B,Explotación de minas y canteras.,B09,2,Explotación de minas y canteras,2993.9999999999964,210,171,14,36,2.1729687168275476,2.2155856774753677,0.2736734699888681,0.4329666620312226,0.1299833242542912,0.3064399153461089,True,True,True,True,0.7703349282296651
C3311,Reparación de productos elaborados de metal.,C,Industrias manufactureras.,C33,3,Industrias manufactureras,1417.7499999999998,732,676,23,82,2.1818864557179323,2.552760009521977,0.274796610201466,0.4347435323608944,0.1497645680934276,0.353074841189726,True,True,True,True,0.7679425837320574
C2829,Fabricación de otros tipos de maquinaria de uso especial.,C,Industrias manufactureras.,C28,3,Industrias manufactureras,340.6666666666666,141,122,14,26,2.183544404686278,2.8933615794755174,0.27500541976403264,0.43507388071109565,0.1697468801109162,0.4001837918046475,True,True,True,True,0.7655502392344498
E3900,Actividades de descontaminación y otros servicios de  gestión de desechos.,E,"Distribución de agua; alcantarillado, gestión de desechos y actividades de saneamiento.",E39,6,Servicios,54.3333333333333,27,24,10,15,2.1900159703261055,2.237625013159281,0.2758204778968059,0.43636334804281257,0.13127632147199106,0.3094881983486235,True,True,True,True,0.7631578947368421
C2011,Fabricación de substancias químicas básicas.,C,Industrias manufactureras.,C20,3,Industrias manufactureras,2030.083333333334,260,189,22,46,2.200007921326166,4.261952839842384,0.2770789092221025,0.43835425644299963,0.25003898678790265,0.5894750452343673,True,True,True,True,0.7607655502392344
C3320,Instalación de maquinaria y equipo industriales.,C,Industrias manufactureras.,C33,3,Industrias manufactureras,1833.7500000000005,650,593,21,68,2.2238666892889745,3.635036341991248,0.28008378994931976,0.4431081450034002,0.21325923538898398,0.5027655848493865,True,True,True,True,0.7583732057416268
C1103,Elaboración de bebidas malteadas y de malta.,C,Industrias manufactureras.,C11,3,Industrias manufactureras,789.166666666667,155,117,20,43,2.2245323369539345,2.270430811442006,0.28016762461516137,0.4432407761109512,0.13320096232833714,0.31402560177690125,True,True,True,True,0.7559808612440191
C2391,Fabricación de productos refractarios.,C,Industrias manufactureras.,C23,3,Industrias manufactureras,1388.083333333333,272,222,20,67,2.2370190451545753,2.2675453830222168,0.2817402569018318,0.44572876792027755,0.13303168086848882,0.31362651522850604,True,True,True,True,0.7535885167464115
C2750,Fabricación de aparatos de uso doméstico.,C,Industrias manufactureras.,C27,3,Industrias manufactureras,736.9166666666666,133,101,16,24,2.237444806476135,2.262084782030336,0.28179387920083504,0.44581360138188714,0.13271131994696503,0.31287125393452725,True,True,True,True,0.7511961722488039
C2013,Fabricación de plásticos y cauchos sintéticos en formas primarias.,C,Industrias manufactureras.,C20,3,Industrias manufactureras,3400.5000000000014,237,182,14,29,2.248066491339052,2.494884560325318,0.2831316220459352,0.4479299850208374,0.1463691483830672,0.34507002876800486,True,True,True,True,0.7488038277511961
C1420,Fabricación de artículos de piel.,C,Industrias manufactureras.,C14,3,Industrias manufactureras,110.49999999999996,74,64,8,16,2.2522711319024236,2.3923033802648273,0.28366117342149016,0.44876776477149205,0.14035094609653484,0.3308819211026491,True,True,True,True,0.7464114832535885
A0161,Actividades de apoyo a la agricultura.,A,"Agricultura, ganadería,  silvicultura y pesca.",A01,1,"Agricultura, ganadería, silvicultura y pesca",3595.25,1167,965,24,140,2.256661898327001,3.7214920256362167,0.284214166326551,0.4496426303265671,0.21833139182829428,0.5147233586546149,True,True,True,True,0.7440191387559809
B0899,Explotación de otras minas y canteras n.c.p.,B,Explotación de minas y canteras.,B08,2,Explotación de minas y canteras,182.33333333333326,38,20,8,19,2.2681975781730452,3.574266532874618,0.2856670218176124,0.451941128578532,0.20969401022816817,0.49436045055436834,True,True,True,True,0.7416267942583732
C2819,Fabricación de otros tipos de maquinaria de uso general.,C,Industrias manufactureras.,C28,3,Industrias manufactureras,3823.1666666666697,999,878,22,72,2.2948660816964304,2.4332119152092058,0.2890257732999212,0.4572548603697313,0.14275095590726006,0.33654002230484376,True,True,True,True,0.7392344497607656
H5229,Otras actividades de apoyo al transporte.,H,Transporte y almacenamiento.,H52,6,Servicios,14567.083333333334,5074,4202,24,134,2.3091261596229,2.60381428951583,0.29082175175935626,0.4600961982556916,0.15275980546947537,0.3601362107401918,True,True,True,True,0.7368421052631579
C1621,Fabricación de hojas de madera para enchapado y tableros a base de madera.,C,Industrias manufactureras.,C16,3,Industrias manufactureras,1146.1666666666663,63,49,12,25,2.316882846993632,2.4009759532199597,0.29179866391272874,0.46164172765669864,0.14085974603779033,0.3320814335156522,True,True,True,True,0.7344497607655502
H5011,Transporte de pasajeros marítimo y de cabotaje.,H,Transporte y almacenamiento.,H50,6,Servicios,816.4999999999999,297,182,10,23,2.3273093697466285,4.010901036358012,0.2931118271624494,0.46371922500767215,0.23531035394436572,0.5547518141766082,True,True,True,True,0.7320574162679426
B0893,Extracción de sal.,B,Explotación de minas y canteras.,B08,2,Explotación de minas y canteras,104.83333333333323,31,25,6,10,2.3284710839863583,2.3284710839863583,0.293258138687627,0.463950697984119,0.1366060518460382,0.32205321108399115,True,True,True,True,0.7296650717703349
C2100,"Fabricación de productos farmacéuticos, sustancias químicas medicinales y productos botánicos de uso farmacéutico.",C,Industrias manufactureras.,C21,3,Industrias manufactureras,4117.0,395,259,19,48,2.3320254126412094,3.388965694018258,0.29370578685159787,0.4646589022953617,0.198822835501536,0.46873130249207806,True,True,True,True,0.7272727272727273
E3830,Recuperación de materiales.,E,"Distribución de agua; alcantarillado, gestión de desechos y actividades de saneamiento.",E38,6,Servicios,2419.916666666667,249,175,18,48,2.3389025364055898,4.445964544806619,0.2945719228017227,0.4660291775770908,0.260834530989202,0.6149258918728902,True,True,True,True,0.7248803827751196
J6201,Actividades de programación informática.,J,Información y comunicación.,J62,6,Servicios,7311.916666666667,3681,3463,24,102,2.3467073075144107,2.4711854834362983,0.29555489083769987,0.4675842877214455,0.14497877795997302,0.3417921852661785,True,True,True,True,0.722488038277512
K6492,Otras actividades de concesión de crédito.,K,Actividades financieras y de seguros.,K64,6,Servicios,459.83333333333337,32,9,12,24,2.3500387449716444,2.409783579234485,0.29597446708005976,0.4682480806902325,0.14137646923193062,0.33329962525507834,True,True,True,True,0.7200956937799043
C2733,Fabricación de dispositivos de cableado.,C,Industrias manufactureras.,C27,3,Industrias manufactureras,11.41666666666667,15,13,5,7,2.3552515999498054,2.3552515999498054,0.2966309975212825,0.46928674839035583,0.13817720322400726,0.32575725156782165,True,True,True,True,0.7177033492822966
E3822,Tratamiento y eliminación de desechos peligrosos.,E,"Distribución de agua; alcantarillado, gestión de desechos y actividades de saneamiento.",E38,6,Servicios,89.58333333333333,17,10,8,11,2.356451451747417,2.7127156381527806,0.2967821122623195,0.46952582032163637,0.15914879753397373,0.3751984673690625,True,True,True,True,0.715311004784689
J6391,Actividades de agencias de noticias.,J,Información y comunicación.,J63,6,Servicios,81.58333333333333,130,121,17,27,2.3677428598956003,2.651325744477794,0.2982042030752445,0.47177564714044506,0.15554719343596163,0.3667075685461806,True,True,True,True,0.7129186602870813
C2910,Fabricación de vehículos automotores.,C,Industrias manufactureras.,C29,3,Industrias manufactureras,3073.8333333333367,95,63,14,25,2.3740985592883206,2.392725755768554,0.2990046684908494,0.4730420279813794,0.1403757258974769,0.3309403402894682,True,True,True,True,0.7105263157894737
K6622,Actividades de los agentes y corredores de seguro.,K,Actividades financieras y de seguros.,K66,6,Servicios,4309.916666666667,917,794,22,40,2.379993583705442,2.4558555750083637,0.29974711442456636,0.47421661877263566,0.14407940743314807,0.33967188999225667,True,True,True,True,0.7081339712918661
C2023,"Fabricación de jabones y detergentes, preparados para limpiar y pulir, perfumes y preparados de tocador.",C,Industrias manufactureras.,C20,3,Industrias manufactureras,3825.416666666667,923,686,24,89,2.3820833789073284,2.6563935486245827,0.3000103126473651,0.4746330130105659,0.15584450986852671,0.3674085017077915,True,True,True,True,0.7057416267942583
G4791,Venta al por menor por correo y por internet.,G,Comercio al por mayor y al por menor; reparación de vehículos automotores y motocicletas.,G47,4,Comercio,1592.1666666666667,2214,1966,24,136,2.394638983539485,2.521484789068348,0.3015916220610171,0.4771347325177409,0.14792972272379115,0.3487491335424542,True,True,True,True,0.7033492822966507
K6530,Fondos de pensión.,K,Actividades financieras y de seguros.,K65,6,Servicios,196.58333333333337,65,35,24,29,2.4012752705645695,2.5225829263040986,0.30242742594716254,0.47845702078598934,0.1479941479138623,0.34890101802382767,True,True,True,True,0.7009569377990431
B0721,Extracción de minerales de uranio y torio.,B,Explotación de minas y canteras.,B07,2,Explotación de minas y canteras,131.6666666666666,18,12,5,9,2.4019458802067493,2.5466401162126426,0.3025118855467702,0.4785906405735418,0.14940552800551038,0.35222839250272386,True,True,True,True,0.6985645933014354
C2816,Fabricación de equipo de elevación y manipulación.,C,Industrias manufactureras.,C28,3,Industrias manufactureras,251.75,77,70,9,16,2.40560537484221,3.2141161414015977,0.3029727787881393,0.47931979933444185,0.18856481374027112,0.4445476824917858,True,True,True,True,0.6961722488038278
C2821,Fabricación de maquinaria agropecuaria y forestal.,C,Industrias manufactureras.,C28,3,Industrias manufactureras,439.3333333333336,161,145,18,45,2.408922082584281,2.916996019222754,0.30339049990381034,0.4799806573895519,0.17113345842132224,0.4034526952774524,True,True,True,True,0.69377990430622
A0114,Cultivo de caña de azúcar.,A,"Agricultura, ganadería,  silvicultura y pesca.",A01,1,"Agricultura, ganadería, silvicultura y pesca",1608.8333333333333,579,451,18,55,2.4286690165070053,9.80987104729494,0.30587751772713306,0.4839152580120382,0.5755226088509041,1.3568132723780564,True,True,True,False,0.6913875598086124
A0112,Cultivo de arroz.,A,"Agricultura, ganadería,  silvicultura y pesca.",A01,1,"Agricultura, ganadería, silvicultura y pesca",2103.7500000000005,1268,1045,15,75,2.439029853152468,8.403146609158208,0.3071824081725378,0.4859796673261244,0.4929933161958267,1.1622477802283104,True,True,True,False,0.6889952153110048
H5120,Transporte de carga por vía aérea.,H,Transporte y almacenamiento.,H51,6,Servicios,1867.916666666667,152,74,11,19,2.4428046608621266,2.4649218468009706,0.3076578244619868,0.48673180235743163,0.1446113047811842,0.3409258552931143,True,True,True,True,0.6866028708133971
B0891,Extracción de minerales para la fabricación de abonos y productos químicos.,B,Explotación de minas y canteras.,B08,2,Explotación de minas y canteras,14.666666666666666,20,11,8,14,2.468207171314741,2.504122877930476,0.31085713107333335,0.4917932834881582,0.1469111392638729,0.34634778990071396,True,True,True,True,0.6842105263157895
C2599,Fabricación de otros productos elaborados de metal n.c.p.,C,Industrias manufactureras.,C25,3,Industrias manufactureras,2053.0,353,296,23,51,2.4749145062521216,2.7010893685874753,0.31170188305364277,0.49312972813941985,0.15846671099489804,0.37359042616460636,True,True,True,True,0.6818181818181818
C3030,Fabricación de aeronaves y naves especiales y maquinaria conexa.,C,Industrias manufactureras.,C30,3,Industrias manufactureras,22.08333333333333,29,25,7,11,2.4880425155004424,2.4880425155004424,0.3133552836834867,0.4957454999631665,0.1459677413239425,0.34412369856816427,True,True,True,True,0.6794258373205742
A0115,Cultivo de tabaco.,A,"Agricultura, ganadería,  silvicultura y pesca.",A01,1,"Agricultura, ganadería, silvicultura y pesca",3015.4999999999995,102,67,6,19,2.4953634538915717,2.9251802564949863,0.31427731564720507,0.4972042058495408,0.17161360882938173,0.4045846654839637,True,True,True,True,0.6770334928229665
C3220,Fabricación de instrumentos musicales.,C,Industrias manufactureras.,C32,3,Industrias manufactureras,64.75,68,60,15,23,2.5200841518239145,3.110610190275494,0.31739075171800507,0.5021298350056176,0.182492357258785,0.4302316687969128,True,True,True,True,0.6746411483253588
C3313,Reparación de equipo electrónico y óptico.,C,Industrias manufactureras.,C33,3,Industrias manufactureras,828.4166666666665,438,387,20,42,2.5390570790089377,2.7041339476023403,0.31978028764567923,0.5059102138434013,0.15864532945471674,0.3740115249941686,True,True,True,True,0.6722488038277512
H5223,Actividades de servicios vinculadas al transporte aéreo.,H,Transporte y almacenamiento.,H52,6,Servicios,989.0,105,68,10,21,2.546574092609545,2.5630329255998654,0.3207270142046493,0.5074079879539508,0.1503672564909762,0.35449569869267433,True,True,True,True,0.6698564593301436
C2640,Fabricación de aparatos electrónicos de consumo.,C,Industrias manufactureras.,C26,3,Industrias manufactureras,205.2499999999999,39,27,9,14,2.5565092833233103,2.559326481595782,0.32197829688376994,0.509387586797998,0.15014980793201904,0.3539830566412323,True,True,True,True,0.6674641148325359
N7740,"Arrendamiento de propiedad intelectual y productos similares, excepto obras protegidas por derechos de autor.",N,Actividades de servicios administrativos y de apoyo.,N77,6,Servicios,242.9166666666667,119,77,15,27,2.557814190872243,3.040518660031638,0.32214264281943183,0.509647591215616,0.1783802481240355,0.4205372377429617,True,True,True,True,0.6650717703349283
N7820,Actividades de agencias de empleo temporal.,N,Actividades de servicios administrativos y de apoyo.,N78,6,Servicios,519.1666666666669,196,147,16,54,2.5677056905394946,3.485551622541791,0.32338842285131497,0.5116184845654592,0.2044893101467332,0.48209020080112613,True,True,True,True,0.6626794258373205
N8110,Actividades combinadas de apoyo a instalaciones.,N,Actividades de servicios administrativos y de apoyo.,N81,6,Servicios,2468.4166666666633,326,265,23,61,2.5687265995328183,4.236638243339286,0.3235170007293958,0.5118219019251543,0.24855383753861782,0.5859737575665982,True,True,True,True,0.6602870813397129
J6190,Otras actividades de telecomunicaciones.,J,Información y comunicación.,J61,6,Servicios,8636.333333333334,3237,2600,24,196,2.5808905247768488,2.692673129556546,0.32504898027628926,0.5142455788374451,0.1579729495763798,0.37242636755816627,True,True,True,True,0.6578947368421053
R9321,Actividades de parques de atracciones y parques temáticos.,R,"Artes, entretenimiento y recreación.",R93,6,Servicios,570.0000000000005,454,316,24,103,2.5907552892039876,3.0340513667355475,0.32629139315158334,0.5162111451581505,0.17800082687659757,0.41964273980938116,True,True,True,True,0.6555023923444976
C2815,Fabricación de hornos y quemadores.,C,Industrias manufactureras.,C28,3,Industrias manufactureras,181.33333333333326,57,46,12,17,2.6123803733378064,4.145117490821167,0.32901495367404854,0.5205199694965117,0.24318452513896602,0.5733154289182463,True,True,True,True,0.65311004784689
K6611,Administración de mercados financieros.,K,Actividades financieras y de seguros.,K66,6,Servicios,584.7500000000003,100,89,10,13,2.6381099910422208,2.67708036734255,0.3322554576463903,0.5256466271453543,0.15705815802149334,0.3702697167089363,True,True,True,True,0.6507177033492823
C1391,Fabricación de tejidos de punto y ganchillo.,C,Industrias manufactureras.,C13,3,Industrias manufactureras,323.24999999999994,147,134,13,21,2.6587708576777085,3.021831936185549,0.33485758027306406,0.5297633299734095,0.17728394094457026,0.4179526579040016,True,True,True,True,0.6483253588516746
F4311,Demolición.,F,Construcción.,F43,5,Construcción,48.75000000000005,17,13,7,10,2.6602691168582826,3.103321635517832,0.3350462777843145,0.5300618599390032,0.1820647544871829,0.4292235813527484,True,True,True,True,0.645933014354067
N8219,"Fotocopiado, preparación de documentos y otras actividades especializadas de apoyo de oficina.",N,Actividades de servicios administrativos y de apoyo.,N82,6,Servicios,2961.2500000000027,1466,1133,24,147,2.6715888974963415,2.7757202700085695,0.3364719419564399,0.5323173400109582,0.16284513461328054,0.38391270227705343,True,True,True,True,0.6435406698564593
N7710,Alquiler de vehículos automotores.,N,Actividades de servicios administrativos y de apoyo.,N77,6,Servicios,1317.7499999999995,729,533,24,85,2.6737223829366177,2.9230779329068954,0.33674064272469745,0.5327424395820727,0.17149027033183845,0.404293890963748,True,True,True,True,0.6411483253588517
J6130,Actividades de telecomunicaciones por satélite.,J,Información y comunicación.,J61,6,Servicios,1801.2500000000005,326,170,23,111,2.675408032483738,2.7406360605148317,0.3369529410229532,0.5330783073063152,0.16078682460288793,0.37906016946979276,True,True,True,True,0.638755980861244
M7310,Publicidad.,M,"Actividades profesionales, científicas y técnicas.",M73,6,Servicios,14037.666666666668,7699,6669,24,158,2.6783717894410843,2.8794588357505493,0.3373262099266606,0.533668839487914,0.16893123806014884,0.39826088913675683,True,True,True,True,0.6363636363636364
A0163,Actividades poscosecha.,A,"Agricultura, ganadería,  silvicultura y pesca.",A01,1,"Agricultura, ganadería, silvicultura y pesca",5275.166666666666,595,448,23,98,2.680658115551126,4.032135882152128,0.33761416013745554,0.5341243927485356,0.2365561535875064,0.557688827361741,True,True,True,True,0.6339712918660287
C1520,Fabricación de calzado.,C,Industrias manufactureras.,C15,3,Industrias manufactureras,2323.333333333333,1708,1530,21,70,2.6819906635136737,3.319392212643786,0.3377819872313354,0.5343899045522136,0.19474111910440586,0.45910852330575413,True,True,True,True,0.631578947368421
C1030,"Elaboración y conservación de frutas, legumbres y hortalizas.",C,Industrias manufactureras.,C10,3,Industrias manufactureras,6179.91666666667,1621,1320,24,140,2.6967769191068065,4.195777401397431,0.33964423487667783,0.5373360839787844,0.2461566257668377,0.580322252832238,True,True,True,True,0.6291866028708134
C1811,Actividades de impresión.,C,Industrias manufactureras.,C18,3,Industrias manufactureras,4796.916666666667,3371,2977,24,145,2.7009974571105695,3.019488733155881,0.3401757884474978,0.5381770313137892,0.1771464706032987,0.41762856710248114,True,True,True,True,0.6267942583732058
X9800,Actividades No Válidas.,X,Actividades No Válidas,X98, ,Otros / No clasificado,130.0,137,107,17,25,2.706273269546419,2.885559397276647,0.3408402480345816,0.5392282433639966,0.1692891439967333,0.39910466402509753,True,True,True,True,0.6244019138755981
C2812,Fabricación de equipo de propulsión de fluidos.,C,Industrias manufactureras.,C28,3,Industrias manufactureras,235.5833333333334,96,82,14,31,2.711188058453897,2.911900385305558,0.3414592386919971,0.5402075210366939,0.17083450928003024,0.4027479129519051,True,True,True,True,0.6220095693779905
N8220,Actividades de centros de llamadas.,N,Actividades de servicios administrativos y de apoyo.,N82,6,Servicios,8354.083333333334,511,378,20,51,2.7121621535295866,2.7269760839744,0.3415819206143822,0.5404016106663126,0.15998542514539363,0.37717084417886126,True,True,True,True,0.6196172248803827
S9412,Actividades de asociaciones profesionales.,S,Otras actividades de servicios.,S94,6,Servicios,756.4166666666666,445,316,23,83,2.715986282266415,3.787444219938756,0.34206354861619714,0.5411635729723231,0.2222006556281386,0.5238452739316579,True,True,True,True,0.6172248803827751
K6621,Evaluación de riesgos y daños.,K,Actividades financieras y de seguros.,K66,6,Servicios,796.6666666666671,168,128,15,25,2.7179459026653854,2.762585182148121,0.34231035203784516,0.5415540297223075,0.1620745291693878,0.382095974874931,True,True,True,True,0.6148325358851675
C3012,Construcción de embarcaciones de recreo y deporte.,C,Industrias manufactureras.,C30,3,Industrias manufactureras,60.08333333333329,72,66,12,24,2.7273208992418887,2.9674846870914906,0.3434910813434981,0.5434220092025684,0.17409551263275191,0.4104358344378677,True,True,True,True,0.6124401913875598
L6810,Actividades inmobiliarias realizadas con bienes propios o arrendados.,L,Actividades inmobiliarias.,L68,6,Servicios,18360.916666666675,4477,3426,24,164,2.7490826416202334,3.9457710448245624,0.34623185322096,0.5477580628625085,0.2314893268930362,0.5457436186033522,True,True,True,True,0.6100478468899522
A0130,Propagación de plantas.,A,"Agricultura, ganadería,  silvicultura y pesca.",A01,1,"Agricultura, ganadería, silvicultura y pesca",1641.666666666667,611,495,24,108,2.751091564995465,5.346597682528403,0.34648486608156115,0.5481583432905306,0.313672609139286,0.7394933799584111,True,True,True,True,0.6076555023923444
C3091,Fabricación de motocicletas.,C,Industrias manufactureras.,C30,3,Industrias manufactureras,307.4166666666667,31,20,8,11,2.7598158597857445,3.6191048721559356,0.34758364307267564,0.5498966696477727,0.21232457263569762,0.5005620870035098,True,True,True,True,0.6052631578947368
F4322,"Fontanería (plomería, gasfitería) e instalación de calefacción y aire acondicionado.",F,Construcción.,F43,5,Construcción,3546.0833333333335,2028,1848,23,111,2.7634600086085275,3.4248008583112552,0.3480426035932591,0.550622770736816,0.20092520230565353,0.47368770062373283,True,True,True,True,0.6028708133971292
C3315,"Reparación de equipo de transporte, excepto vehículos automotores.",C,Industrias manufactureras.,C33,3,Industrias manufactureras,589.2499999999995,310,281,14,36,2.7736446228511555,3.8739729803797354,0.3493252997953229,0.5526520675226179,0.2272770993152714,0.535813155063094,True,True,True,True,0.6004784688995215
C1061,Elaboración de productos de molinería.,C,Industrias manufactureras.,C10,3,Industrias manufactureras,4463.916666666667,789,627,21,100,2.7741168380482213,8.019961230537964,0.34938477270469415,0.5527461569754714,0.47051270990509925,1.10924901959358,True,True,True,False,0.5980861244019139
S9511,Reparación de computadoras y equipo periférico.,S,Otras actividades de servicios.,S95,6,Servicios,3391.083333333333,4369,3880,24,175,2.791611345720313,3.0590196287291174,0.3515881098182437,0.5562319589255904,0.17946565747546406,0.4230961255978141,True,True,True,True,0.5956937799043063
C2823,Fabricación de maquinaria metalúrgica.,C,Industrias manufactureras.,C28,3,Industrias manufactureras,103.25000000000004,22,20,7,8,2.793785727155095,2.8311303895586555,0.3518619612122964,0.5566652070733937,0.16609591909418353,0.39157653244027896,True,True,True,True,0.5933014354066986
N8030,Actividades de investigación.,N,Actividades de servicios administrativos y de apoyo.,N80,6,Servicios,885.0833333333336,68,36,15,22,2.796187276977724,2.9568134431825457,0.3521644232165675,0.5571437187990128,0.17346945525599833,0.4089598838062401,True,True,True,True,0.5909090909090909
R9103,Actividades de jardines botánicos y zoológicos y reservas naturales.,R,"Artes, entretenimiento y recreación.",R91,6,Servicios,81.25000000000001,53,32,16,27,2.797527434529398,3.081552340602095,0.35233320869638507,0.5574107468225875,0.18078759994128246,0.4262126479643703,True,True,True,True,0.5885167464114832
J5920,Actividades de grabación de sonido y edición de música.,J,Información y comunicación.,J59,6,Servicios,227.50000000000003,434,378,24,64,2.8098914936773767,3.0350973215201993,0.35389039400879724,0.5598743006588676,0.17806219064208445,0.4197874068827077,True,True,True,True,0.5861244019138756
C1709,Fabricación de otros artículos del papel y cartón.,C,Industrias manufactureras.,C17,3,Industrias manufactureras,2338.249999999998,286,225,17,47,2.8202332154168466,4.465104231913892,0.35519287703682356,0.5619349013046657,0.2619574124831035,0.6175731215226083,True,True,True,True,0.583732057416268
J6312,Portales web.,J,Información y comunicación.,J63,6,Servicios,307.08333333333337,205,178,16,35,2.8240260973204947,2.9432479923323798,0.35567056967169264,0.5626906376411274,0.17267360140370136,0.40708363245996243,True,True,True,True,0.5813397129186603
C1702,Fabricación de papel y cartón ondulado y de envases de papel y cartón.,C,Industrias manufactureras.,C17,3,Industrias manufactureras,5798.666666666668,168,139,13,30,2.83490743344798,6.095092251226763,0.35704101416684936,0.5648587571106223,0.35758506678640245,0.8430184273536943,True,True,True,True,0.5789473684210527
J5911,"Actividades de producción de películas cinematográficas, vídeos y programas de televisión.",J,Información y comunicación.,J59,6,Servicios,1040.4166666666667,1701,1624,24,87,2.8368528852167207,3.013287015546065,0.3572860331273729,0.5652463907437857,0.17678263007155773,0.416770801213004,True,True,True,True,0.5765550239234449
G4652,"Venta al por mayor de equipo, partes y piezas electrónicos y de telecomunicaciones.",G,Comercio al por mayor y al por menor; reparación de vehículos automotores y motocicletas.,G46,4,Comercio,3678.2499999999995,1466,951,24,113,2.846007352541252,3.141078851099078,0.3584389879854906,0.567070429502136,0.18427988362695452,0.4344458203589177,True,True,True,True,0.5741626794258373
G4651,"Venta al por mayor de computadoras, equipo y programas informáticos.",G,Comercio al por mayor y al por menor; reparación de vehículos automotores y motocicletas.,G46,4,Comercio,7137.833333333334,3433,2668,24,146,2.868133244762687,3.327241021114219,0.36122562253478147,0.5714790404615996,0.19520159067487777,0.46019410001249117,True,True,True,True,0.5717703349282297
B0510,Extracción de carbón de piedra.,B,Explotación de minas y canteras.,B05,2,Explotación de minas y canteras,39.91666666666669,22,16,6,13,2.8728604520127696,4.255606046554757,0.36182098831316023,0.5724209422607135,0.24966663499926828,0.5885972137798888,True,True,True,True,0.569377990430622
C3250,Fabricación de instrumentos y materiales médicos y odontológicos.,C,Industrias manufactureras.,C32,3,Industrias manufactureras,1378.2499999999995,730,602,21,55,2.8759417737763826,3.014090137693671,0.362209063858229,0.5730348993730752,0.17682974740382315,0.416881881856568,True,True,True,True,0.5669856459330144
S9492,Actividades de organizaciones políticas.,S,Otras actividades de servicios.,S94,6,Servicios,14.083333333333332,91,83,21,45,2.8834931852599692,3.492845786963434,0.3631601226415529,0.5745395273036815,0.20491724202444006,0.48309906412363857,True,True,True,True,0.5645933014354066
C1701,"Fabricación de pasta de madera, papel y cartón.",C,Industrias manufactureras.,C17,3,Industrias manufactureras,909.166666666667,115,83,15,38,2.8878778041588222,3.1735141421864728,0.36371234129952773,0.5754131679567724,0.18618278767691177,0.43893197855902555,True,True,True,True,0.562200956937799
M7120,Ensayos y análisis técnicos.,M,"Actividades profesionales, científicas y técnicas.",M71,6,Servicios,1889.9166666666667,392,282,23,60,2.8891429787251197,3.7600652340053866,0.3638716830843491,0.5756652555292325,0.22059439339124506,0.5200584584557408,True,True,True,True,0.5598086124401914
C2512,"Fabricación de tanques, depósitos y recipientes de metal.",C,Industrias manufactureras.,C25,3,Industrias manufactureras,835.4999999999999,148,126,17,33,2.89056301934243,4.198117224744102,0.36405052939734706,0.5759482003508788,0.2462938978298683,0.5806458761863553,True,True,True,True,0.5574162679425837
K6619,Otras actividades auxiliares a las actividades de servicios financieros.,K,Actividades financieras y de seguros.,K66,6,Servicios,3018.1666666666665,648,407,23,76,2.8950146654541844,2.9921011379018516,0.3646111897644898,0.576835196257734,0.17553970327733082,0.41384056086264054,True,True,True,True,0.5550239234449761
G4719,Otras actividades de venta al por menor en comercios no especializados.,G,Comercio al por mayor y al por menor; reparación de vehículos automotores y motocicletas.,G47,4,Comercio,26242.500000000004,21786,19190,24,218,2.8972356212297172,5.006335558849051,0.36489090694084625,0.577277724399628,0.2937102116552652,0.6924313785039685,True,True,True,True,0.5526315789473685
C2220,Fabricación de productos de plástico.,C,Industrias manufactureras.,C22,3,Industrias manufactureras,11193.333333333332,886,744,23,71,2.899293134055009,3.4854415935291274,0.3651500393756961,0.5776876863347237,0.20448285499720958,0.4820749825761353,True,True,True,True,0.5502392344497608
O8423,Actividades de mantenimiento del orden público y de seguridad.,O,Administración pública y defensa; planes de seguridad social de afiliación obligatoria.,O84,6,Servicios,27874.666666666657,468,265,24,215,2.915897123869211,3.0677183358860765,0.3672412206582075,0.5809960515176109,0.17997599065033118,0.4242992526589335,True,True,True,True,0.5478468899521531
C2399,Fabricación de otros productos minerales no metálicos n.c.p.,C,Industrias manufactureras.,C23,3,Industrias manufactureras,465.5833333333331,76,40,17,28,2.9163001426731854,3.592348807097012,0.367291978662085,0.5810763535049066,0.21075485573615263,0.49686142834922825,True,True,True,True,0.5454545454545454
F4329,Otras instalaciones para obras de construcción.,F,Construcción.,F43,5,Construcción,485.24999999999994,306,259,17,38,2.9180564815346317,3.4118581018089706,0.36751317989106086,0.5814263061610803,0.2001658805009117,0.47189757476797045,True,True,True,True,0.5430622009569378
C1629,"Fabricación de otros productos de madera; fabricación de artículos de corcho, paja y materiales trenzables.",C,Industrias manufactureras.,C16,3,Industrias manufactureras,584.6666666666665,617,539,21,66,2.923290278411899,3.106165514649397,0.3681723478494058,0.5824691465600936,0.18223159834569685,0.42961692117670164,True,True,True,True,0.5406698564593302
C1074,"Elaboración de macarrones, fideos, alcuzcuz y productos farináceos similares.",C,Industrias manufactureras.,C10,3,Industrias manufactureras,3323.333333333333,85,61,11,19,2.925713983642727,2.951245487431744,0.36847760020560133,0.5829520727777665,0.1731427960772774,0.4081897741660339,True,True,True,True,0.5382775119617225
K6630,Actividades de gestión de fondos.,K,Actividades financieras y de seguros.,K66,6,Servicios,2535.916666666666,392,174,24,86,2.945631089344023,2.9761394444100553,0.37098605022938574,0.5869205803342872,0.17460326737151835,0.411632882752002,True,True,True,True,0.5358851674641149
J5912,"Actividades de postproducción de películas cinematográficas, vídeos y programas de televisión.",J,Información y comunicación.,J59,6,Servicios,112.16666666666664,254,244,17,28,2.9468763419172648,3.746915342011322,0.3711428829486479,0.5871686984253794,0.21982291942282642,0.518239683478795,True,True,True,True,0.5334928229665071
C1104,Elaboración de bebidas no alcohólicas; producción de aguas minerales y otras aguas embotelladas.,C,Industrias manufactureras.,C11,3,Industrias manufactureras,2648.4166666666642,1277,956,24,169,2.9531068316125664,3.347431287869754,0.37192757889085754,0.5884101310816825,0.19638610726439454,0.46298663640514,True,True,True,True,0.5311004784688995
G4610,Venta al por mayor a cambio de una comisión o por contrato.,G,Comercio al por mayor y al por menor; reparación de vehículos automotores y motocicletas.,G46,4,Comercio,6806.000000000001,3411,2303,24,138,2.9901232081103313,3.3816444431841415,0.37658958811543014,0.5957856891597236,0.1983933145262053,0.4677186928202233,True,True,True,True,0.5287081339712919
B0520,Extracción de lignito.,B,Explotación de minas y canteras.,B05,2,Explotación de minas y canteras,3.08333333333333,11,6,7,8,2.995623632385121,2.995623632385121,0.3772823363294451,0.5968816553922648,0.17574635994028798,0.4143277606681972,True,True,True,True,0.5263157894736842
M7220,Investigaciones y desarrollo experimental en el campo de las ciencias sociales y las humanidades.,M,"Actividades profesionales, científicas y técnicas.",M72,6,Servicios,1509.166666666666,783,694,22,59,3.00101290971726,3.4927016878276715,0.3779610861967566,0.5979554754611811,0.20490878805902632,0.48307913362516436,True,True,True,True,0.5239234449760766
B0729,Extracción de otros minerales metalíferos no ferrosos.,B,Explotación de minas y canteras.,B07,2,Explotación de minas y canteras,10347.33333333333,1143,693,19,77,3.005115663852733,6.778541243506459,0.3784778055365571,0.5987729542170483,0.3976814498231392,0.9375469547163658,True,True,True,True,0.5215311004784688
A0113,"Cultivo de hortalizas y melones, raíces y tubérculos.",A,"Agricultura, ganadería,  silvicultura y pesca.",A01,1,"Agricultura, ganadería, silvicultura y pesca",2836.9166666666665,1150,797,24,124,3.007507899929922,6.859379070704901,0.3787790945257666,0.5992496101675506,0.4024240195244927,0.9487277170652546,True,True,True,True,0.5191387559808612
M7020,Actividades de consultoría de gestión.,M,"Actividades profesionales, científicas y técnicas.",M70,6,Servicios,35406.24999999999,12354,10614,24,196,3.0176303938406126,3.3187191302019405,0.3800539670133578,0.6012665294015935,0.19470163090307938,0.4590154285865578,True,True,True,True,0.5167464114832536
C2029,Fabricación de otros productos químicos n.c.p.,C,Industrias manufactureras.,C20,3,Industrias manufactureras,1148.4166666666665,427,341,24,75,3.028535367585375,3.969181115149183,0.381427388536528,0.6034393586951055,0.23286274196461595,0.548981489312418,True,True,True,True,0.5143540669856459
G4661,"Venta al por mayor de combustibles sólidos, líquidos y gaseosos y productos conexos.",G,Comercio al por mayor y al por menor; reparación de vehículos automotores y motocicletas.,G46,4,Comercio,3330.083333333332,825,445,24,126,3.034730612337181,5.078703921133334,0.38220764557176623,0.6046737687535126,0.297955897297749,0.7024407205202079,True,True,True,True,0.5119617224880383
C2012,Fabricación de abonos y compuestos de nitrógeno.,C,Industrias manufactureras.,C20,3,Industrias manufactureras,541.7500000000005,88,59,16,37,3.0461271704547497,3.2002318451040255,0.3836429794455637,0.6069445468317228,0.18775025395770994,0.44262733130639786,True,True,True,True,0.5095693779904307
J6209,Otras actividades de tecnología de la información y de servicios informáticos.,J,Información y comunicación.,J62,6,Servicios,1066.083333333333,434,351,21,54,3.04871639478694,3.276253083732695,0.3839690780230916,0.6074604529318323,0.19221024546755897,0.4531419063764178,True,True,True,True,0.507177033492823
C2651,"Fabricación de equipos de medición, prueba, navegación, control y de relojes.",C,Industrias manufactureras.,C26,3,Industrias manufactureras,313.6666666666667,117,101,17,26,3.055596749196292,3.2528377991168833,0.384835620855199,0.6088313719235048,0.1908365244854881,0.44990331447341786,True,True,True,True,0.5047846889952153
J5914,Actividades de exhibición de películas cinematográficas y cintas de vídeo.,J,Información y comunicación.,J59,6,Servicios,860.1666666666665,44,8,11,21,3.060907716507345,3.1554856045646855,0.3855045080056479,0.6098895886253911,0.18512509477189454,0.4364384331282165,True,True,True,True,0.5023923444976076
N8299,Otras actividades de servicios de apoyo a empresas n.c.p.,N,Actividades de servicios administrativos y de apoyo.,N82,6,Servicios,538.0000000000001,781,722,24,91,3.064033397427208,3.5881994201708776,0.38589817034270435,0.610512384353635,0.21051142073304732,0.49628752241035623,True,True,True,True,0.5
F4330,Terminación y acabado de edificios.,F,Construcción.,F43,5,Construcción,4061.166666666667,4179,3835,24,171,3.0704727335446873,3.6880379725042367,0.3867091693442307,0.6117954299137903,0.21636871934846968,0.5100962944368006,True,True,True,True,0.49760765550239233
C2740,Fabricación de equipo eléctrico de iluminación.,C,Industrias manufactureras.,C27,3,Industrias manufactureras,429.74999999999994,350,312,22,52,3.077711416220742,3.579762867024759,0.3876208416526091,0.6132377462488043,0.21001646753203637,0.4951206541379203,True,True,True,True,0.49521531100478466
C1079,Elaboración de otros productos alimenticios n.c.p.,C,Industrias manufactureras.,C10,3,Industrias manufactureras,8793.5,1564,1198,24,133,3.100678362297044,3.762091675866254,0.3905134023135492,0.6178139382126837,0.22071328008209232,0.5203387376968512,True,True,True,True,0.49282296650717705
A0122,Cultivo de frutas tropicales y subtropicales.,A,"Agricultura, ganadería,  silvicultura y pesca.",A01,1,"Agricultura, ganadería, silvicultura y pesca",55873.91666666667,5647,3451,24,152,3.1030710140148843,12.57971837150555,0.3908147436504149,0.6182906769800918,0.7380231912197172,1.7399136815303364,True,True,True,False,0.4904306220095694
C2710,"Fabricación de motores, generadores, transformadores eléctricos y aparatos de distribución y control de la energía eléctrica.",C,Industrias manufactureras.,C27,3,Industrias manufactureras,2272.8333333333335,774,706,22,75,3.105773774858626,3.5406632065218573,0.39115514152771924,0.6188292053683383,0.20772258023124257,0.48971274020510236,True,True,True,True,0.4880382775119617
M7490,"Otras actividades profesionales, científicas y técnicas n.c.p.",M,"Actividades profesionales, científicas y técnicas.",M74,6,Servicios,45890.5,40571,36482,24,220,3.1070945578358606,4.164098658529329,0.39132148688634444,0.619092372984371,0.24429810666371504,0.5759407335881552,True,True,True,True,0.48564593301435405
G4659,Venta al por mayor de otros tipos de maquinaria y equipo.,G,Comercio al por mayor y al por menor; reparación de vehículos automotores y motocicletas.,G46,4,Comercio,23629.333333333332,8599,6660,24,172,3.1087395069975714,3.560110122493517,0.3915286591946959,0.6194201311072752,0.2088634861371566,0.4924024629924824,True,True,True,True,0.48325358851674644
E3821,Tratamiento y eliminación de desechos no peligrosos.,E,"Distribución de agua; alcantarillado, gestión de desechos y actividades de saneamiento.",E38,6,Servicios,329.5000000000001,73,45,22,38,3.109075354247811,5.125744725774363,0.39157095731047065,0.6194870490807197,0.30071567329061655,0.7089469822001605,True,True,True,True,0.48086124401913877
A0125,Cultivo de otros frutos y nueces de árboles y arbustos.,A,"Agricultura, ganadería,  silvicultura y pesca.",A01,1,"Agricultura, ganadería, silvicultura y pesca",1097.7500000000005,588,414,22,98,3.1094833241416704,5.612577608889198,0.3916223388769142,0.6195683375787021,0.3292770406739235,0.7762813349205692,True,True,True,True,0.4784688995215311
I5590,Otras actividades de alojamiento.,I,Actividades de alojamiento y de servicio de comidas.,I55,6,Servicios,38.583333333333336,81,63,13,13,3.122136292800863,3.122136292800863,0.39321591075478146,0.6220894569867875,0.1831685672276319,0.431825855795887,True,True,True,True,0.47607655502392343
M7010,Actividades de oficinas principales.,M,"Actividades profesionales, científicas y técnicas.",M70,6,Servicios,13730.416666666659,3138,2057,24,151,3.124878390124763,4.68370859894982,0.3935612628456181,0.6226358232165908,0.2747824287362387,0.6478085145429824,True,True,True,True,0.47368421052631576
C1040,Elaboración de aceites y grasas de origen vegetal y animal.,C,Industrias manufactureras.,C10,3,Industrias manufactureras,7238.916666666667,159,94,19,49,3.1284126050015932,3.4263795758756155,0.39400637778976716,0.623340019833078,0.20101782204009233,0.47390605466063435,True,True,True,True,0.47129186602870815
G4641,"Venta al por mayor de textiles, prendas de vestir y calzado.",G,Comercio al por mayor y al por menor; reparación de vehículos automotores y motocicletas.,G46,4,Comercio,12422.58333333333,7277,4839,24,165,3.142793140712325,3.272467711093478,0.39581752724524605,0.6262053590791885,0.191988166346815,0.4526183476249292,True,True,True,True,0.4688995215311005
I5621,Suministro de comidas por encargo.,I,Actividades de alojamiento y de servicio de comidas.,I56,6,Servicios,4562.916666666666,3233,2557,24,184,3.1450021793656155,4.266118013651608,0.3960957435255375,0.6266455127199687,0.2502833479711889,0.590051134673145,True,True,True,True,0.4665071770334928
N7990,Otros servicios de reservas y actividades conexas.,N,Actividades de servicios administrativos y de apoyo.,N79,6,Servicios,1002.833333333333,1156,804,24,112,3.1518767354760864,3.301351916709282,0.396961556093761,0.6280152763935306,0.19368273636618108,0.4566133515707177,True,True,True,True,0.46411483253588515
M7410,Actividades especializadas de diseño.,M,"Actividades profesionales, científicas y técnicas.",M74,6,Servicios,1831.416666666667,2182,1958,24,104,3.1575127815786237,3.775340466217782,0.39767138513177425,0.6291382654403459,0.22149055619005223,0.5221711914065119,True,True,True,True,0.46172248803827753
P8549,Otros tipos de enseñanza n.c.p.,P,Enseñanza.,P85,6,Servicios,21644.499999999996,10564,8322,24,190,3.1663409273072,3.7374765309767257,0.3987832415779334,0.6308972842234637,0.21926916605288999,0.5169341918953211,True,True,True,True,0.45933014354066987
N8010,Actividades de seguridad privada.,N,Actividades de servicios administrativos y de apoyo.,N80,6,Servicios,88628.66666666666,2558,1958,24,120,3.197293773325919,3.3734458409250165,0.40268158245618646,0.6370646764722839,0.19791232135734976,0.46658473577772,True,True,True,True,0.4569377990430622
C1622,Fabricación de partes y piezas de carpintería para edificios y construcciones.,C,Industrias manufactureras.,C16,3,Industrias manufactureras,2462.3333333333335,3017,2818,24,170,3.199076445092153,3.8884780999835593,0.4029061001698279,0.6374198759917923,0.2281280813756716,0.5378193729533206,True,True,True,True,0.45454545454545453
A0220,Extracción de madera.,A,"Agricultura, ganadería,  silvicultura y pesca.",A02,1,"Agricultura, ganadería, silvicultura y pesca",1999.0000000000007,269,125,21,74,3.215998452629762,3.3941433864782558,0.40503733403717807,0.6407916065931984,0.19912659882911077,0.46944743441839465,True,True,True,True,0.45215311004784686
C1394,"Fabricación de cuerdas, cordeles, bramantes y redes.",C,Industrias manufactureras.,C13,3,Industrias manufactureras,484.74999999999994,70,65,12,23,3.2160722210061783,3.340703600043085,0.4050466247588497,0.6408063050319992,0.19599140926776729,0.462056123038386,True,True,True,True,0.44976076555023925
H5022,"Transporte de carga, por vías de navegación interiores.",H,Transporte y almacenamiento.,H50,6,Servicios,759.3333333333335,126,67,12,24,3.2339583815014485,4.022652440997803,0.4072992883934486,0.6443701442839044,0.23599978187092546,0.5563771629408766,True,True,True,True,0.4473684210526316
G4782,"Venta al por menor de productos textiles, prendas de vestir y calzado en puestos de venta y mercados.",G,Comercio al por mayor y al por menor; reparación de vehículos automotores y motocicletas.,G47,4,Comercio,1920.916666666667,2513,1922,24,143,3.238999538285144,3.457285006033298,0.4079341943905152,0.6453746009097684,0.20283097266218064,0.4781806162348214,True,True,True,True,0.4449760765550239
O8422,Actividades de defensa.,O,Administración pública y defensa; planes de seguridad social de afiliación obligatoria.,O84,6,Servicios,2573.5833333333344,41,17,18,23,3.2428315442134874,3.2619553467593985,0.4084168144813183,0.6461381327557771,0.19137143006989837,0.4511643717893869,True,True,True,True,0.44258373205741625
C1820,Reproducción de grabaciones.,C,Industrias manufactureras.,C18,3,Industrias manufactureras,71.5,92,83,16,32,3.2442995020052003,5.173323963457485,0.40860169569913984,0.6464306251327537,0.30350703791371,0.7155277151034632,True,True,True,True,0.44019138755980863
Z0000,Actividades No Válidas.,Z,Actividades No válidas,Z00, ,Otros / No clasificado,1320.1666666666672,758,628,23,80,3.264852166123941,5.173381109678644,0.4111901908133739,0.6505257684776298,0.3035103905512858,0.715535619055611,True,True,True,True,0.43779904306220097
F4290,Construcción de otras obras de ingeniería civil.,F,Construcción.,F42,5,Construcción,2091.083333333334,399,319,24,96,3.268088611615807,3.5176764065625425,0.41159780333965174,0.6511706341816814,0.20637399746007895,0.48653341245207365,True,True,True,True,0.4354066985645933
H5210,Almacenamiento y depósito.,H,Transporte y almacenamiento.,H52,6,Servicios,9725.999999999996,1314,250,24,101,3.2795690190861855,3.6480806617965382,0.4130436975787053,0.6534581193455107,0.21402451567950279,0.5045697580292003,True,True,True,True,0.43301435406698563
A0129,Cultivo de otras plantas perennes.,A,"Agricultura, ganadería,  silvicultura y pesca.",A01,1,"Agricultura, ganadería, silvicultura y pesca",777.5000000000001,298,201,16,53,3.2840982744401477,7.511276116791161,0.4136141324034616,0.6543605789883513,0.44066932232785816,1.038892262561272,True,True,True,False,0.430622009569378
C2930,"Fabricación de partes, piezas y accesorios para vehículos automotores.",C,Industrias manufactureras.,C29,3,Industrias manufactureras,1391.4166666666667,267,237,21,41,3.3176161946810265,3.467021223584123,0.41783553028558285,0.661039065398459,0.20340217418951734,0.47952724241696293,True,True,True,True,0.42822966507177035
P8522,Enseñanza de formación técnica y profesional.,P,Enseñanza.,P85,6,Servicios,2287.8333333333335,469,349,24,72,3.327676387655745,4.137643076619169,0.4191025563126158,0.6630435710951692,0.24274601842053653,0.572281635064726,True,True,True,True,0.4258373205741627
G4753,"Venta al por menor de tapices, alfombras y cubrimientos para paredes y pisos en comercios especializados.",G,Comercio al por mayor y al por menor; reparación de vehículos automotores y motocicletas.,G47,4,Comercio,694.0833333333334,722,570,23,58,3.334951367865174,3.7722988980207686,0.42001880009587717,0.6644931197578938,0.2213121143680034,0.5217505090062382,True,True,True,True,0.423444976076555
H5021,Transporte de pasajeros por vías de navegación interiores.,H,Transporte y almacenamiento.,H50,6,Servicios,304.3333333333333,114,78,9,25,3.3727097135406523,4.609705433237042,0.42477425626145593,0.67201651609781,0.270440832930452,0.6375730611967554,True,True,True,True,0.42105263157894735
G4649,Venta al por mayor de otros enseres domésticos.,G,Comercio al por mayor y al por menor; reparación de vehículos automotores y motocicletas.,G46,4,Comercio,49007.91666666667,17044,11180,24,212,3.434014113602681,4.038229274196265,0.4324952085976016,0.6842314924373841,0.2369136389070469,0.5585316106317176,True,True,True,True,0.41866028708133973
C2592,Tratamiento y revestimiento de metales; maquinado.,C,Industrias manufactureras.,C25,3,Industrias manufactureras,4974.583333333333,3840,3631,24,151,3.457785704823761,6.385939977734668,0.43548910989321155,0.688968010925873,0.37464843505405576,0.8832458731238123,True,True,True,True,0.41626794258373206
A0164,Tratamiento de semillas para propagación.,A,"Agricultura, ganadería,  silvicultura y pesca.",A01,1,"Agricultura, ganadería, silvicultura y pesca",1004.2500000000007,108,60,13,43,3.4644020481743723,4.093981644110806,0.4363224019831424,0.6902863253927048,0.2401845024309548,0.5662427777920076,True,True,True,True,0.4138755980861244
O8413,Regulación y facilitación de la actividad económica.,O,Administración pública y defensa; planes de seguridad social de afiliación obligatoria.,O84,6,Servicios,12796.999999999996,311,150,24,89,3.4652487306470245,3.5378577323515934,0.4364290369882739,0.6904550279060663,0.20755798950362242,0.4893247122105267,True,True,True,True,0.41148325358851673
C1392,"Fabricación de artículos confeccionados de materiales textiles, excepto prendas de vestir.",C,Industrias manufactureras.,C13,3,Industrias manufactureras,2635.916666666667,1972,1762,24,115,3.4711418533555496,3.728291763668151,0.4371712434122425,0.6916292397795697,0.21873031684502225,0.5156638373587632,True,True,True,True,0.4090909090909091
G4690,Venta al por mayor de otros productos no especializado.,G,Comercio al por mayor y al por menor; reparación de vehículos automotores y motocicletas.,G46,4,Comercio,35328.166666666664,18589,13166,24,218,3.4736252542810075,4.901329018182448,0.4374840141131645,0.6921240604370666,0.28754971903110205,0.6779078167388789,True,True,True,True,0.40669856459330145
G4510,Venta de vehículos automotores.,G,Comercio al por mayor y al por menor; reparación de vehículos automotores y motocicletas.,G45,4,Comercio,9643.583333333336,2348,1576,23,104,3.479424640136403,3.6299585658044466,0.4382144148955409,0.693279595128476,0.21296133391972918,0.5020632724447482,True,True,True,True,0.4043062200956938
C2825,"Fabricación de maquinaria para la elaboración de alimentos, bebidas y tabaco.",C,Industrias manufactureras.,C28,3,Industrias manufactureras,346.3333333333333,114,99,14,33,3.4805532505018615,4.8907269972958805,0.4383565571696513,0.6935044721176763,0.28692772281012097,0.6764414404140963,True,True,True,True,0.4019138755980861
C3240,Fabricación de juegos y juguetes.,C,Industrias manufactureras.,C32,3,Industrias manufactureras,245.58333333333334,226,174,18,47,3.5022455593896735,3.6398742004988227,0.44108858428049946,0.6978266910701048,0.21354306143889915,0.5034347139950519,True,True,True,True,0.39952153110047844
Q8720,"Actividades de atención en instituciones para personas con retraso mental, enfermos mentales y toxicómanos.",Q,Actividades de atención de la salud humana y de asistencia social.,Q87,6,Servicios,869.9999999999993,263,197,17,66,3.512281817293005,4.254658695440364,0.4423525958168082,0.6998264276747044,0.24961105608470108,0.5884661846807893,True,True,True,True,0.39712918660287083
M6920,"Actividades de contabilidad, teneduría de libros y auditorias; consultoría fiscal.",M,"Actividades profesionales, científicas y técnicas.",M69,6,Servicios,17388.25,17207,16128,24,200,3.5206865358924673,4.027174300583991,0.4434111239426769,0.7015010780868988,0.2362650689897218,0.5570025859533495,True,True,True,True,0.39473684210526316
A0124,Cultivo de frutas con hueso y con pepa.,A,"Agricultura, ganadería,  silvicultura y pesca.",A01,1,"Agricultura, ganadería, silvicultura y pesca",16.499999999999996,26,16,7,15,3.5242718446601953,4.958765494561094,0.44386267388163697,0.702215455223345,0.2909193852142021,0.6858519143823097,True,True,True,True,0.3923444976076555
C1812,Actividades de servicios relacionados con la impresión.,C,Industrias manufactureras.,C18,3,Industrias manufactureras,4432.666666666667,3517,3151,24,135,3.5325884325954062,3.921280468451141,0.4449101024345982,0.703872545493404,0.23005252101263876,0.5423563020003669,True,True,True,True,0.38995215311004783
C3314,Reparación de equipo eléctrico.,C,Industrias manufactureras.,C33,3,Industrias manufactureras,2549.916666666666,1741,1622,24,126,3.536302838953825,4.595199219465912,0.44537791150574824,0.7046126454819487,0.26958978667776845,0.6355666919711325,True,True,True,True,0.3875598086124402
G4759,"Venta al por menor de aparatos eléctricos de uso doméstico, muebles, equipo de iluminación y otros enseres domésticos en comercios especializados.",G,Comercio al por mayor y al por menor; reparación de vehículos automotores y motocicletas.,G47,4,Comercio,21477.416666666664,10921,7937,24,205,3.5424857429467305,3.956071261648299,0.4461566142902121,0.7058445966291221,0.23209361696265557,0.5471682521003104,True,True,True,True,0.38516746411483255
C1399,Fabricación de otros productos textiles n.c.p.,C,Industrias manufactureras.,C13,3,Industrias manufactureras,903.5833333333336,550,465,20,66,3.5526536351042686,3.716566504535232,0.44743720443754226,0.7078705615191138,0.2180424228153152,0.5140421048062234,True,True,True,True,0.3827751196172249
N7911,Actividades de agencias de viajes.,N,Actividades de servicios administrativos y de apoyo.,N79,6,Servicios,5171.916666666668,2482,2067,24,106,3.553898621650612,3.9737684797767323,0.44759400365217833,0.7081186266040227,0.2331318721137758,0.5496159723939884,True,True,True,True,0.3803827751196172
J5813,"Publicación de periódicos, diarios y revistas.",J,Información y comunicación.,J58,6,Servicios,835.3333333333329,229,174,22,46,3.554952751736302,3.8405337577465732,0.4477267655443015,0.7083286633068125,0.22531529690675856,0.531188142066701,True,True,True,True,0.37799043062200954
C1313,Servicio de acabado de productos textiles.,C,Industrias manufactureras.,C13,3,Industrias manufactureras,632.1666666666665,729,648,23,85,3.5778569439056196,4.82199263303604,0.45061142269547316,0.7128923514783335,0.28289523548731976,0.666934720371947,True,True,True,True,0.37559808612440193
G4620,Venta al por mayor de materias primas agropecuarias y animales vivos.,G,Comercio al por mayor y al por menor; reparación de vehículos automotores y motocicletas.,G46,4,Comercio,19043.75,6826,5095,24,213,3.5800298083466426,8.800122320336818,0.45088508303249747,0.7133252973632838,0.5162829696322964,1.2171538958277994,True,True,True,False,0.37320574162679426
I5630,Actividades de servicio de bebidas.,I,Actividades de alojamiento y de servicio de comidas.,I56,6,Servicios,4143.083333333334,4784,3339,24,211,3.5813841793332517,5.2816670784148005,0.451055658616346,0.7135951574310716,0.3098632796900442,0.730512761862605,True,True,True,True,0.3708133971291866
H5310,Actividades postales.,H,Transporte y almacenamiento.,H53,6,Servicios,4496.916666666667,3291,1483,24,181,3.5959397684212386,4.045816875714901,0.45288885508281757,0.7164953762756966,0.23735878606544206,0.5595810595384736,True,True,True,True,0.3684210526315789
G4662,Venta al por mayor de metales y minerales metalíferos.,G,Comercio al por mayor y al por menor; reparación de vehículos automotores y motocicletas.,G46,4,Comercio,4029.166666666668,649,418,23,85,3.6021898638141883,4.109677443580985,0.4536760202549178,0.7177407153911225,0.24110533894506667,0.5684136798292566,True,True,True,True,0.3660287081339713
P8541,Enseñanza deportiva y recreativa.,P,Enseñanza.,P85,6,Servicios,632.0,1223,1067,24,122,3.6236493781015557,4.375113034609586,0.45637872816498554,0.7220165497360262,0.25667783557567087,0.6051263472162994,True,True,True,True,0.36363636363636365
H5320,Actividades de mensajería.,H,Transporte y almacenamiento.,H53,6,Servicios,2260.750000000001,1936,821,24,164,3.628117492198463,4.192980013376035,0.456941462584371,0.7229068269089701,0.24599250943500411,0.5799353432411615,True,True,True,True,0.361244019138756
S9411,Actividades de asociaciones empresariales y de empleadores.,S,Otras actividades de servicios.,S94,6,Servicios,2835.1666666666665,1500,1382,24,157,3.64039028020957,5.458280684932135,0.45848715279860525,0.725352194860122,0.3202247944430288,0.7549403699575508,True,True,True,True,0.3588516746411483
G4540,"Venta, mantenimiento y reparación de motocicletas y de sus partes, piezas y accesorios.",G,Comercio al por mayor y al por menor; reparación de vehículos automotores y motocicletas.,G45,4,Comercio,10036.66666666667,5195,3337,24,206,3.665710840907892,3.953666723247479,0.46167613828869114,0.7303973474025466,0.2319525482159972,0.5468356779410328,True,True,True,True,0.35645933014354064
A0150,Cultivo de productos agrícolas en combinación con la cría de animales (explotación mixta).,A,"Agricultura, ganadería,  silvicultura y pesca.",A01,1,"Agricultura, ganadería, silvicultura y pesca",9121.416666666666,1488,1088,23,160,3.6682325211112534,4.571091639662571,0.46199373005433036,0.7308997952527639,0.26817545032669826,0.6322323480144801,True,True,True,True,0.35406698564593303
S9522,Reparación de aparatos de uso doméstico y equipo doméstico y de jardinería.,S,Otras actividades de servicios.,S95,6,Servicios,1585.8333333333337,2232,2004,24,132,3.6712987188462503,4.280132119055597,0.46237990081109753,0.731510738884013,0.25110552335595493,0.5919894398884699,True,True,True,True,0.35167464114832536
M7500,Actividades veterinarias.,M,"Actividades profesionales, científicas y técnicas.",M75,6,Servicios,2536.7499999999995,1772,1466,24,132,3.712228065786702,4.646296787998699,0.4675347271621759,0.7396659610861058,0.272587563692996,0.6426340488035803,True,True,True,True,0.3492822966507177
R9102,Actividades de museos y gestión de lugares y edificios históricos.,R,"Artes, entretenimiento y recreación.",R91,6,Servicios,211.41666666666666,76,57,16,26,3.716957443970197,3.7661278572745136,0.46813036635768923,0.7406082954463449,0.22095007357740717,0.5208969860650561,True,True,True,True,0.34688995215311
C2822,Fabricación de maquinaria para la conformación de metales y de máquinas herramienta.,C,Industrias manufactureras.,C28,3,Industrias manufactureras,85.66666666666669,48,40,11,16,3.747035797356325,3.9097864531691617,0.47191856969397605,0.746601443973582,0.2293781935286826,0.5407665530207607,True,True,True,True,0.3444976076555024
G4669,"Venta al por mayor de desperdicios, desechos, chatarra y otros productos n.c.p.",G,Comercio al por mayor y al por menor; reparación de vehículos automotores y motocicletas.,G46,4,Comercio,17909.416666666664,7875,5951,24,194,3.7505084558343302,5.193081888526944,0.47235593194792946,0.7472933754026693,0.3046661900092506,0.7182604538764448,True,True,True,True,0.34210526315789475
X9900,Actividades No Válidas.,X,Actividades No Válidas,X99, ,Otros / No clasificado,41.66666666666666,46,33,16,21,3.7537537537537533,4.173344017094018,0.47276465938881634,0.747940004963688,0.24484051062144893,0.5772194685631602,True,True,True,True,0.3397129186602871
Q8710,Actividades de atención de enfermería en instituciones.,Q,Actividades de atención de la salud humana y de asistencia social.,Q87,6,Servicios,1643.666666666666,238,107,17,36,3.7623878980361956,3.851385126300221,0.4738520824188222,0.7496603687225012,0.22595192178281337,0.5326890059216968,True,True,True,True,0.3373205741626794
N8020,Actividades de servicios de sistemas de seguridad.,N,Actividades de servicios administrativos y de apoyo.,N80,6,Servicios,4593.000000000002,1011,848,24,88,3.7705005331436032,4.025073450746053,0.47487382423378915,0.7512768211433439,0.23614181695371592,0.5567120152690209,True,True,True,True,0.3349282296650718
N8230,Organización de convenciones y exposiciones comerciales.,N,Actividades de servicios administrativos y de apoyo.,N82,6,Servicios,3795.333333333334,4590,3744,24,185,3.8374683891007066,4.6403568852305455,0.48330805772070856,0.764620247964263,0.2722390832368344,0.6418124947919516,True,True,True,True,0.33253588516746413
S9523,Reparación de calzado y artículos de cuero.,S,Otras actividades de servicios.,S95,6,Servicios,311.6666666666667,508,453,24,78,3.8576181587923557,4.982030980086264,0.48584581049565,0.7686351141040886,0.2922843178275946,0.689069787420261,True,True,True,True,0.33014354066985646
N7912,Actividades de operadores turísticos.,N,Actividades de servicios administrativos y de apoyo.,N79,6,Servicios,3108.1666666666665,2010,1751,24,110,3.8753597075746193,4.578509240306637,0.48808026107959934,0.7721701392961381,0.2686106239241396,0.633258283926843,True,True,True,True,0.3277511961722488
N8129,Otras actividades de limpieza de edificios e instalaciones industriales.,N,Actividades de servicios administrativos y de apoyo.,N81,6,Servicios,14588.91666666667,2361,1961,24,144,3.879998918143519,4.0742243344608005,0.48866454415950183,0.773094507649406,0.23902538644066032,0.5635101241383184,True,True,True,True,0.3253588516746411
S9512,Reparación de equipo de comunicaciones.,S,Otras actividades de servicios.,S95,6,Servicios,719.5000000000002,1425,1018,24,140,3.890757470059375,4.580433269205834,0.490019524657871,0.7752381622152656,0.268723502281687,0.6335243983267452,True,True,True,True,0.3229665071770335
A0111,"Cultivo de cereales (excepto arroz), legumbres y semillas oleaginosas.",A,"Agricultura, ganadería,  silvicultura y pesca.",A01,1,"Agricultura, ganadería, silvicultura y pesca",3664.0833333333367,1792,1205,23,166,3.8966444846410173,4.233393098666902,0.4907609617968213,0.7764111570370522,0.24836345235221274,0.5855249182963316,True,True,True,True,0.32057416267942584
F4100,Construcción de edificios.,F,Construcción.,F41,5,Construcción,36764.416666666664,12531,11115,24,219,3.9043895455171334,5.194317737555237,0.4917364096570815,0.7779543698448539,0.3047386944339755,0.7184313854163356,True,True,True,True,0.3181818181818182
H5222,Actividades de servicios vinculadas al transporte acuático.,H,Transporte y almacenamiento.,H52,6,Servicios,988.9166666666674,121,80,8,14,3.945957113869495,4.237380903700367,0.49697161648813004,0.7862367584401909,0.24859740771670058,0.586076475678786,True,True,True,True,0.3157894736842105
C2393,Fabricación de otros productos de porcelana y de cerámica.,C,Industrias manufactureras.,C23,3,Industrias manufactureras,604.75,1218,1154,24,111,3.947253058754757,4.406212985448313,0.49713483362555005,0.786494977036162,0.2585023982794563,0.6094278131443276,True,True,True,True,0.3133971291866029
R9000,"Actividades creativas, artísticas y de entretenimiento.",R,"Artes, entretenimiento y recreación.",R90,6,Servicios,3505.916666666667,5925,5425,24,190,3.9966621754914065,4.21564316304858,0.5033576403883393,0.7963398036927604,0.247322104387011,0.5830699065928459,True,True,True,True,0.31100478468899523
C2420,Fabricación de productos primarios de metales preciosos y metales no ferrosos.,C,Industrias manufactureras.,C24,3,Industrias manufactureras,1256.5000000000002,195,160,16,39,4.001424168969001,8.870850060190932,0.5039573873009319,0.797288636690052,0.5204324037240108,1.226936321681993,True,True,True,False,0.30861244019138756
M7420,Actividades de fotografía.,M,"Actividades profesionales, científicas y técnicas.",M74,6,Servicios,956.6666666666666,1404,1275,24,109,4.025391256518753,4.497620796875377,0.5069759102849368,0.8020641080600109,0.263865084684632,0.6220705207951555,True,True,True,True,0.3062200956937799
C2824,Fabricación de maquinaria para la explotación de minas y canteras y para obras de construcción.,C,Industrias manufactureras.,C28,3,Industrias manufactureras,165.91666666666663,102,86,13,29,4.043672607942127,4.584135791261874,0.5092783460454594,0.8057066895854154,0.26894072074895803,0.6340364979295523,True,True,True,True,0.3038277511961722
G4741,"Venta al por menor de computadores, equipo periférico, programas informáticos y equipo de telecomunicaciones en comercios especializados.",G,Comercio al por mayor y al por menor; reparación de vehículos automotores y motocicletas.,G47,4,Comercio,13707.499999999995,12475,9468,24,205,4.048302667491413,5.733836669078031,0.5098614766047241,0.8066292345868855,0.3363910312993079,0.7930527992412615,True,True,True,True,0.3014354066985646
C2310,Fabricación de vidrio y productos de vidrio.,C,Industrias manufactureras.,C23,3,Industrias manufactureras,1704.2500000000005,462,416,21,61,4.057461871601409,5.131678758295002,0.5110150280349437,0.8084542171555059,0.3010638093528358,0.7097677242918669,True,True,True,True,0.29904306220095694
E3811,Recolección de desechos no peligrosos.,E,"Distribución de agua; alcantarillado, gestión de desechos y actividades de saneamiento.",E38,6,Servicios,7957.083333333333,382,289,23,84,4.064820239774555,4.742552166560164,0.5119417740740402,0.8099203809715111,0.27823464573092976,0.6559472284101545,True,True,True,True,0.2966507177033493
I5629,Otras actividades de servicio de comidas.,I,Actividades de alojamiento y de servicio de comidas.,I56,6,Servicios,4647.75,2429,1998,24,148,4.0932347149272195,5.147263388211689,0.5155204210893987,0.8155819997352545,0.3019781238045126,0.7119232503547596,True,True,True,True,0.2942583732057416
C3100,Fabricación de muebles.,C,Industrias manufactureras.,C31,3,Industrias manufactureras,6934.250000000001,6864,6255,24,200,4.0994335769548105,6.336518068067335,0.5163011337006459,0.8168171305402652,0.37174896509680483,0.8764102783785177,True,True,True,True,0.291866028708134
S9609,Otras actividades de servicios personales n.c.p.,S,Otras actividades de servicios.,S96,6,Servicios,46936.91666666668,102786,95334,24,222,4.103355986937548,5.205305413748787,0.5167951396853534,0.8175986755041629,0.30538331616627284,0.7199511021200645,True,True,True,True,0.2894736842105263
Q8890,Otras actividades de asistencia social sin alojamiento.,Q,Actividades de atención de la salud humana y de asistencia social.,Q88,6,Servicios,5246.166666666666,1692,1199,24,149,4.135003080724871,4.880966879818806,0.5207809172553519,0.8239043974660009,0.2863551191289904,0.675091508608773,True,True,True,True,0.28708133971291866
C2811,"Fabricación de motores y turbinas, excepto motores para aeronaves, vehículos automotores y motocicletas.",C,Industrias manufactureras.,C28,3,Industrias manufactureras,430.1666666666667,230,211,18,43,4.138315957203936,4.681091731763217,0.5211981558444991,0.824564492137293,0.27462890314726923,0.6474465729727297,True,True,True,True,0.284688995215311
J6120,Actividades de telecomunicaciones inalámbricas.,J,Información y comunicación.,J61,6,Servicios,5173.499999999996,1193,731,24,162,4.165963497454855,4.607225711210681,0.5246802116230896,0.8300732981882566,0.2702953533331203,0.6372300883135286,True,True,True,True,0.2822966507177033
S9524,Reparación de muebles y accesorios domésticos.,S,Otras actividades de servicios.,S95,6,Servicios,246.24999999999997,317,274,22,53,4.1882043772653885,4.339470130944083,0.5274813282274008,0.834504820564825,0.25458674826109823,0.6001965408481735,True,True,True,True,0.2799043062200957
C2211,Fabricación de cubiertas y cámaras de caucho; recauchutado y renovación de cubiertas de caucho.,C,Industrias manufactureras.,C22,3,Industrias manufactureras,266.9999999999999,57,46,15,23,4.1904920522177855,4.394866042760143,0.5277694483174787,0.8349606425839279,0.25783669920686986,0.6078584059252116,True,True,True,True,0.27751196172248804
S9521,Reparación de aparatos electrónicos de consumo.,S,Otras actividades de servicios.,S95,6,Servicios,638.25,741,675,24,112,4.20559730344071,4.447441478629981,0.5296718717095958,0.8379703822780551,0.260921179305273,0.6151301680967366,True,True,True,True,0.2751196172248804
N7721,Alquiler de equipo recreativo y deportivo.,N,Actividades de servicios administrativos y de apoyo.,N77,6,Servicios,104.75000000000003,121,76,20,44,4.233774829113533,4.4720941488142225,0.5332206762399437,0.8435847885694963,0.2623674948573503,0.6185399040600611,True,True,True,True,0.2727272727272727
C1072,Elaboración de azúcar.,C,Industrias manufactureras.,C10,3,Industrias manufactureras,1075.8333333333335,262,224,19,61,4.242429441283974,4.503881294419483,0.5343106770879774,0.8453092305799093,0.26423237370014685,0.6229364165973105,True,True,True,True,0.2703349282296651
N8121,Limpieza general de edificios.,N,Actividades de servicios administrativos y de apoyo.,N81,6,Servicios,18763.08333333333,3861,3544,24,175,4.258082925933683,5.6268117030791664,0.5362821474677985,0.8484282064517001,0.3301121222956232,0.778250067009311,True,True,True,True,0.2679425837320574
N7729,Alquiler otros efectos personales y artículos de uso domésticos.,N,Actividades de servicios administrativos y de apoyo.,N77,6,Servicios,2449.25,1398,1086,24,130,4.262418776575297,4.644482849220296,0.5368282240317428,0.8492921299701695,0.2724811440700459,0.6423831610805968,True,True,True,True,0.26555023923444976
C1512,"Fabricación de maletas, bolsos de mano y artículos similares, artículos de talabartería y guarnicionería.",C,Industrias manufactureras.,C15,3,Industrias manufactureras,520.25,558,482,18,53,4.267080590298264,5.530560512202338,0.5374153538547017,0.8502210020294005,0.3244652859395313,0.7649374666056711,True,True,True,True,0.2631578947368421
C2392,Fabricación de materiales de construcción de arcilla.,C,Industrias manufactureras.,C23,3,Industrias manufactureras,1165.083333333333,286,252,19,59,4.271677491785962,4.427697485809199,0.5379943083383042,0.8511369402467351,0.2597628445827709,0.6123993563072828,True,True,True,True,0.2607655502392344
C3212,Fabricación de bisutería y artículos conexos.,C,Industrias manufactureras.,C32,3,Industrias manufactureras,210.66666666666669,371,306,22,53,4.277404155065324,5.362349679641009,0.5387155501118208,0.8522779848763431,0.31459674264003773,0.7416720547489161,True,True,True,True,0.2583732057416268
C2670,Fabricación de instrumentos ópticos y equipo fotográficos.,C,Industrias manufactureras.,C26,3,Industrias manufactureras,87.16666666666666,102,77,14,24,4.2795744347962135,4.2795744347962135,0.5389888849188061,0.8527104157546529,0.25107280530101533,0.5919123060096166,True,True,True,True,0.25598086124401914
C3312,Reparación de maquinaria.,C,Industrias manufactureras.,C33,3,Industrias manufactureras,6224.666666666666,3681,3332,24,152,4.283320270039608,5.760678152393514,0.5394606522853254,0.8534567779867881,0.3379657594918273,0.7967652721817496,True,True,True,True,0.2535885167464115
C3290,Otras industrias manufactureras n.c.p.,C,Industrias manufactureras.,C32,3,Industrias manufactureras,1027.4166666666667,1311,1123,24,124,4.3058436117609595,5.096668565010969,0.5422973434152495,0.8579445812429342,0.2990098417035101,0.7049254287420802,True,True,True,True,0.2511961722488038
P8542,Enseñanza cultural.,P,Enseñanza.,P85,6,Servicios,287.83333333333337,574,509,24,77,4.307504444665895,5.3611366757501,0.5425065161937831,0.8582755042210115,0.31452557848706597,0.741504282943283,True,True,True,True,0.24880382775119617
C2826,"Fabricación de maquinaria para la elaboración de productos textiles, prendas de vestir y cueros.",C,Industrias manufactureras.,C28,3,Industrias manufactureras,76.83333333333337,69,64,10,15,4.316242701193197,4.765792837440855,0.5436070515889594,0.8600166124713512,0.2795981225261104,0.6591616693093126,True,True,True,True,0.24641148325358853
R9200,Actividades de juegos de azar y apuestas.,R,"Artes, entretenimiento y recreación.",R92,6,Servicios,227.83333333333334,1302,588,24,162,4.31952964998821,6.058350097342016,0.5440210247287661,0.8606715410200337,0.35542948898557275,0.8379365825663126,True,True,True,True,0.24401913875598086
Q8690,Otras actividades de atención de la salud humana.,Q,Actividades de atención de la salud humana y de asistencia social.,Q86,6,Servicios,32658.833333333343,9318,6505,24,201,4.355029113958803,4.774627304367355,0.5484919871555796,0.8677448524304645,0.28011642041492396,0.6603835734426565,True,True,True,True,0.24162679425837322
A0240,Servicios de apoyo a la silvicultura.,A,"Agricultura, ganadería,  silvicultura y pesca.",A02,1,"Agricultura, ganadería, silvicultura y pesca",81.83333333333337,94,68,18,43,4.372122124391324,5.156481936987997,0.5506447578979277,0.8711506555668475,0.302518954893523,0.7131982772405827,True,True,True,True,0.23923444976076555
C3020,Fabricación de locomotoras y material rodante.,C,Industrias manufactureras.,C30,3,Industrias manufactureras,68.00000000000003,58,48,14,24,4.396365941263469,5.474438871988816,0.5536981334195327,0.875981265591162,0.3211727581751032,0.7571752252936073,True,True,True,True,0.23684210526315788
M6910,Actividades jurídicas.,M,"Actividades profesionales, científicas y técnicas.",M69,6,Servicios,15186.499999999998,9713,8820,24,211,4.406539925954626,5.105595858514578,0.5549794908879953,0.8780084444258937,0.2995335855144536,0.7061601718140037,True,True,True,True,0.23444976076555024
R9311,Explotación de instalaciones deportivas.,R,"Artes, entretenimiento y recreación.",R93,6,Servicios,7670.916666666665,3851,2894,24,197,4.408369181998244,5.463780374391627,0.5552098756354046,0.8783729259193787,0.32054744859519213,0.7557010376173621,True,True,True,True,0.23205741626794257
A0146,Cría de aves de corral.,A,"Agricultura, ganadería,  silvicultura y pesca.",A01,1,"Agricultura, ganadería, silvicultura y pesca",10828.833333333328,1673,1001,24,180,4.426061840005558,12.603799838882402,0.5574381686948912,0.8818982095650038,0.7394359956146848,1.7432444138506418,True,True,True,False,0.22966507177033493
C2431,Fundición de hierro y acero.,C,Industrias manufactureras.,C24,3,Industrias manufactureras,353.08333333333337,177,152,19,36,4.459170237504716,6.867020061898995,0.561607989437913,0.8884950980703024,0.4028722989325533,0.9497845503524903,True,True,True,True,0.22727272727272727
C3211,Fabricación de joyas y artículos conexos.,C,Industrias manufactureras.,C32,3,Industrias manufactureras,962.1666666666665,858,755,24,69,4.478208567637621,6.576728514797308,0.5640057625075008,0.892288508525068,0.3858415604335597,0.9096340303234489,True,True,True,True,0.22488038277511962
S9603,Pompas fúnebres y actividades conexas.,S,Otras actividades de servicios.,S96,6,Servicios,3288.2499999999995,995,624,23,151,4.488531363893666,6.90153194277566,0.5653058619748804,0.8943453382452554,0.4048970317371671,0.9545579238048458,True,True,True,True,0.22248803827751196
A0121,Cultivo de uvas.,A,"Agricultura, ganadería,  silvicultura y pesca.",A01,1,"Agricultura, ganadería, silvicultura y pesca",51.58333333333331,35,28,13,19,4.496192163719358,4.731142035141442,0.5662706976188321,0.8958717619361871,0.27756523952061624,0.654369081493252,True,True,True,True,0.22009569377990432
S9491,Actividades de organizaciones religiosas.,S,Otras actividades de servicios.,S94,6,Servicios,8034.916666666666,4345,1886,24,199,4.522666785331356,5.205501192037213,0.5696050307397321,0.9011468625205257,0.3053948020289073,0.7199781804148656,True,True,True,True,0.21770334928229665
G4663,"Venta al por mayor de materiales para la construcción, artículos de ferretería, equipo, materiales de fontanería (plomería o gasfitería) y calefacción.",G,Comercio al por mayor y al por menor; reparación de vehículos automotores y motocicletas.,G46,4,Comercio,25633.666666666668,11079,7727,24,215,4.550796626917128,7.1707940492537965,0.5731478297213276,0.906751767699575,0.42069402124272426,0.9917998404474454,True,True,True,True,0.215311004784689
L6820,Actividades inmobiliarias realizadas a cambio de una retribución o por contrato.,L,Actividades inmobiliarias.,L68,6,Servicios,61284.25,33186,22966,24,218,4.56739431151602,5.467997967056515,0.5752382168966161,0.9100588765606363,0.32079488507237564,0.7562843771615432,True,True,True,True,0.21291866028708134
S9601,"Lavado y limpieza, incluida la limpieza en seco, de productos textiles y de piel.",S,Otras actividades de servicios.,S96,6,Servicios,2480.8333333333335,2867,2004,24,147,4.606655826337842,5.191806952981031,0.580182988956655,0.9178817811828027,0.3045913924682877,0.7180841162404268,True,True,True,True,0.21052631578947367
C1071,Elaboración de productos de panadería.,C,Industrias manufactureras.,C10,3,Industrias manufactureras,12607.833333333332,9432,8057,24,216,4.609071301240959,5.418367965464419,0.580487204748299,0.9183630674976605,0.31788320683972093,0.7494200010098435,True,True,True,True,0.20813397129186603
C2818,Fabricación de herramientas de mano motorizadas.,C,Industrias manufactureras.,C28,3,Industrias manufactureras,158.75,63,60,15,21,4.628781665610137,5.2115630129491155,0.5829696168372926,0.9222903815920858,0.30575043514261346,0.7208165970493347,True,True,True,True,0.20574162679425836
I5610,Actividades de restaurantes y de servicio móvil de comidas.,I,Actividades de alojamiento y de servicio de comidas.,I56,6,Servicios,69721.33333333333,67318,50537,24,222,4.6346275162460495,5.810850903598225,0.5837058696034634,0.9234551744475759,0.34090927959798856,0.8037047165860719,True,True,True,True,0.20334928229665072
F4321,Instalaciones eléctricas.,F,Construcción.,F43,5,Construcción,14178.833333333332,6054,5512,24,183,4.645661035825328,5.979694211384831,0.5850954807681652,0.9256536166550968,0.35081492876665515,0.8270576067364731,True,True,True,True,0.20095693779904306
G4789,Venta al por menor de otros productos en puestos de venta y mercados.,G,Comercio al por mayor y al por menor; reparación de vehículos automotores y motocicletas.,G47,4,Comercio,161.08333333333334,165,91,21,39,4.696860830969079,4.814510964592978,0.5915438136370188,0.935855238164143,0.2824563031792242,0.6658999231769444,True,True,True,True,0.19856459330143542
G4530,"Venta de partes, piezas y accesorios para vehículos automotores.",G,Comercio al por mayor y al por menor; reparación de vehículos automotores y motocicletas.,G45,4,Comercio,23798.500000000004,16034,12326,24,203,4.726111357352688,5.359802431110664,0.5952277567110315,0.9416834411533959,0.31444730141777205,0.7413197422060339,True,True,True,True,0.19617224880382775
F4312,Preparación del terreno.,F,Construcción.,F43,5,Construcción,2395.916666666666,453,328,24,113,4.783008033876163,7.863209500863511,0.6023935804867859,0.9530201732122928,0.46131644585950715,1.0875685279474474,True,True,True,False,0.1937799043062201
A0210,Silvicultura y otras actividades forestales.,A,"Agricultura, ganadería,  silvicultura y pesca.",A02,1,"Agricultura, ganadería, silvicultura y pesca",1453.25,526,279,21,98,4.788199469621074,5.872996344772443,0.6030474132932739,0.954054573104117,0.3445552099328872,0.8123001159543664,True,True,True,True,0.19138755980861244
S9529,Reparación de otros bienes personales y enseres domésticos.,S,Otras actividades de servicios.,S95,6,Servicios,670.8333333333334,1257,1082,24,124,4.801806417307414,5.962369332080303,0.6047611335877449,0.9567657739946616,0.34979851787936644,0.8246613850053818,True,True,True,True,0.18899521531100477
A0162,Actividades de apoyo a la ganadería.,A,"Agricultura, ganadería,  silvicultura y pesca.",A01,1,"Agricultura, ganadería, silvicultura y pesca",716.0000000000005,405,359,22,87,4.8067652409156,8.700708220138713,0.6053856701737552,0.9577538256350792,0.5104505726490195,1.2034038302091994,True,True,True,False,0.18660287081339713
A0127,Cultivo de plantas con las que se preparan bebidas.,A,"Agricultura, ganadería,  silvicultura y pesca.",A01,1,"Agricultura, ganadería, silvicultura y pesca",3287.3333333333335,3878,2810,24,158,4.845086850691859,16.0994544220168,0.6102120663578383,0.9653894530327501,0.9445180232608982,2.2267319654381623,True,True,True,False,0.18421052631578946
G4774,Venta al por menor de artículos de segunda mano en comercios especializados.,G,Comercio al por mayor y al por menor; reparación de vehículos automotores y motocicletas.,G47,4,Comercio,193.99999999999994,323,246,19,40,4.873726618705035,6.127077657060813,0.6138190877710527,0.9710959616732044,0.35946157710157556,0.8474423614654484,True,True,True,True,0.18181818181818182
J6399,Otras actividades de servicios de información n.c.p.,J,Información y comunicación.,J63,6,Servicios,156.83333333333326,134,113,19,39,4.90897549617474,6.031722568867332,0.6182584902049867,0.9781193434182887,0.3538673130322785,0.8342537019381275,True,True,True,True,0.17942583732057416
C1410,"Fabricación de prendas de vestir, excepto prendas de piel.",C,Industrias manufactureras.,C14,3,Industrias manufactureras,16990.75,20220,18680,24,212,4.9296233635514985,5.914995197391449,0.620858975646451,0.9822334561282177,0.3470191861779878,0.8181090201064583,True,True,True,True,0.17703349282296652
N8130,Actividades de paisajismo y servicios de mantenimiento conexos.,N,Actividades de servicios administrativos y de apoyo.,N81,6,Servicios,3543.9166666666624,1140,998,23,116,4.93413572528656,6.481049244340067,0.6214272828127327,0.9831325496969274,0.38022827733523734,0.8964005328165034,True,True,True,True,0.17464114832535885
A0126,Cultivo de frutos oleaginosos.,A,"Agricultura, ganadería,  silvicultura y pesca.",A01,1,"Agricultura, ganadería, silvicultura y pesca",5608.41666666667,1520,1039,18,74,5.006225668814611,7.168244488243947,0.6305066150846796,0.9974965587015894,0.4205444443525961,0.991447208063164,True,True,True,True,0.1722488038277512
Q8730,Actividades de atención en instituciones para personas de edad y personas con discapacidad.,Q,Actividades de atención de la salud humana y de asistencia social.,Q87,6,Servicios,841.9166666666667,191,129,18,38,5.006933435652655,6.500677099404615,0.6305957544289373,0.99763758210565,0.38137979852225756,0.8991152814744111,True,True,True,True,0.16985645933014354
G4730,Venta al por menor de combustibles para vehículos automotores en comercios especializados.,G,Comercio al por mayor y al por menor; reparación de vehículos automotores y motocicletas.,G47,4,Comercio,16348.999999999996,11565,9704,24,214,5.021651481473214,6.601912017424124,0.632449411428219,1.000570170652002,0.3873190187061417,0.9131171862634502,True,False,True,True,0.1674641148325359
F4220,Construcción de proyectos de servicios públicos.,F,Construcción.,F42,5,Construcción,9695.166666666666,2748,2413,24,209,5.033307365252342,7.579725561344264,0.6339174059441631,1.002892619683961,0.44468509406569967,1.0483595750681132,True,False,True,False,0.16507177033492823
G4761,"Venta al por menor de libros, periódicos y artículos de papelería en comercios especializados.",G,Comercio al por mayor y al por menor; reparación de vehículos automotores y motocicletas.,G47,4,Comercio,5589.5,10367,8726,24,216,5.042235682266407,6.338826095983703,0.6350418784133145,1.004671597717653,0.3718843717949485,0.8767295040742327,True,False,True,True,0.16267942583732056
G4799,"Otras actividades de venta al por menor no realizadas en comercios, puestos de venta o mercados.",G,Comercio al por mayor y al por menor; reparación de vehículos automotores y motocicletas.,G47,4,Comercio,10770.166666666666,12962,10281,24,207,5.043328592277832,7.20958941872342,0.6351795244239984,1.0048893613678531,0.4229700564873108,0.9971656675770192,True,False,True,True,0.16028708133971292
C1101,"Destilación, rectificación y mezcla de bebidas alcohólicas.",C,Industrias manufactureras.,C11,3,Industrias manufactureras,420.74999999999994,294,244,21,73,5.060748273025973,6.447199525951646,0.6373734374976308,1.0083602539622865,0.3782423920833467,0.8917187437334213,True,False,True,True,0.15789473684210525
G4721,Venta al por menor de alimentos en comercios especializados.,G,Comercio al por mayor y al por menor; reparación de vehículos automotores y motocicletas.,G47,4,Comercio,25939.249999999996,33609,28359,24,221,5.080322132889412,6.748493400405916,0.6398386575941833,1.0122603693677734,0.39591861186449595,0.9333910068829443,True,False,True,True,0.15550239234449761
F4210,Construcción de carreteras y líneas de ferrocarril.,F,Construcción.,F42,5,Construcción,21121.583333333332,2559,2090,24,202,5.08159965458579,7.279960450005334,0.639999554432194,1.0125149171209324,0.42709856330617096,1.0068987567046852,True,False,True,False,0.15311004784688995
S9602,Actividades de peluquería y otros tratamientos de belleza.,S,Otras actividades de servicios.,S96,6,Servicios,9196.25,18058,15896,24,213,5.082222660122126,6.964610844101924,0.6400780185562428,1.012639051732446,0.4085977260357686,0.9632824309990664,True,False,True,True,0.1507177033492823
G4742,Venta al por menor de equipo de sonido y vídeo en comercios especializados.,G,Comercio al por mayor y al por menor; reparación de vehículos automotores y motocicletas.,G47,4,Comercio,2164.25,2397,1733,24,157,5.090166529301148,5.955637692524656,0.6410785052298543,1.0142218773366154,0.34940358804387406,0.8237303250709614,True,False,True,True,0.14832535885167464
G4630,"Venta al por mayor de alimentos, bebidas y tabaco.",G,Comercio al por mayor y al por menor; reparación de vehículos automotores y motocicletas.,G46,4,Comercio,48397.916666666664,21765,16707,24,215,5.09538578791328,10.265243935521744,0.6417358421735894,1.0152618209686026,0.6022382905727885,1.4197963611106679,True,False,True,False,0.145933014354067
C2920,Fabricación de carrocerías para vehículos automotores; fabricación de remolques y semirremolques.,C,Industrias manufactureras.,C29,3,Industrias manufactureras,1527.8333333333328,513,464,22,79,5.117545019660349,5.843589988668355,0.6445266756529419,1.0196770748691337,0.34283000654333906,0.8082328928418562,True,False,True,True,0.14354066985645933
Q8790,Otras actividades de atención en instituciones.,Q,Actividades de atención de la salud humana y de asistencia social.,Q87,6,Servicios,4636.166666666667,781,459,23,98,5.126285758008455,6.8647902788310935,0.6456275236198116,1.0214186776252898,0.4027414826800028,0.9494761467815904,True,False,True,True,0.14114832535885166
C2511,Fabricación de productos metálicos para uso estructural.,C,Industrias manufactureras.,C25,3,Industrias manufactureras,7239.666666666667,5838,5481,24,194,5.1397003891595165,7.1898778220797235,0.6473170227033932,1.0240915592120687,0.42181362237413,0.994439336535868,True,False,True,True,0.13875598086124402
G4764,Venta al por menor de juegos y juguetes en comercios especializados.,G,Comercio al por mayor y al por menor; reparación de vehículos automotores y motocicletas.,G47,4,Comercio,1036.2499999999998,662,401,24,79,5.175928214807956,5.555575016752498,0.6518797182813743,1.0313099975734614,0.32593282948301044,0.7683972482492818,True,False,True,True,0.13636363636363635
M7110,Actividades de arquitectura e ingeniería y actividades conexas de consultoría técnica.,M,"Actividades profesionales, científicas y técnicas.",M71,6,Servicios,41388.166666666664,18463,16377,24,221,5.247836722169542,7.19266066895825,0.6609361996650992,1.045637855201089,0.42197688561050084,0.9948242349266396,True,False,True,True,0.1339712918660287
C2593,"Fabricación de artículos de cuchillería, herramientas de mano y artículos de ferretería.",C,Industrias manufactureras.,C25,3,Industrias manufactureras,826.1666666666667,737,681,20,86,5.254897117519805,7.0476072062025725,0.6618254176644364,1.0470446475694057,0.4134669320233918,0.9747617425123719,True,False,True,True,0.13157894736842105
Q8620,Actividades de médicos y odontólogos.,Q,Actividades de atención de la salud humana y de asistencia social.,Q86,6,Servicios,73880.41666666667,25299,20007,24,215,5.30543061891845,6.890376092170388,0.6681898344972039,1.0571135092386452,0.40424254359829725,0.9530149467266635,True,False,True,True,0.1291866028708134
R9312,Actividades de clubes deportivos.,R,"Artes, entretenimiento y recreación.",R93,6,Servicios,3119.3333333333344,547,507,23,105,5.31166141685264,5.933392170617698,0.6689745692604079,1.058355003311922,0.34809849435391443,0.8206535242415908,True,False,True,True,0.12679425837320574
T9700,Actividades de los hogares como empleadores de personal doméstico.,T,Actividades de los hogares como empleadores; actividades no diferenciadas de los hogares como productores de bienes y servicios para uso propio.,T97, ,Otros / No clasificado,234.66666666666669,267,125,21,62,5.33551512541716,7.3772004085908245,0.6719788127842107,1.0631078837810546,0.4328034083933148,1.0203481145788305,True,False,True,False,0.12440191387559808
J6010,Transmisiones de radio.,J,Información y comunicación.,J60,6,Servicios,1352.7499999999998,748,632,24,105,5.343645097670817,7.843242970697271,0.6730027381174846,1.0647277906493924,0.46014505538193884,1.0848069367907154,True,False,True,False,0.12200956937799043
C2395,"Fabricación de artículos de hormigón, de cemento y yeso.",C,Industrias manufactureras.,C23,3,Industrias manufactureras,2779.9166666666665,1237,1002,24,129,5.379170117943856,7.637785399650739,0.677476919220166,1.0718061941841959,0.44809133146173746,1.056389890535723,True,False,True,False,0.11961722488038277
G4771,"Venta al por menor de prendas de vestir, calzado y artículos de cuero en comercios especializados.",G,Comercio al por mayor y al por menor; reparación de vehículos automotores y motocicletas.,G47,4,Comercio,19563.416666666664,32569,25634,24,218,5.396029257132539,6.998992600302088,0.679600235164414,1.0751653981905474,0.41061482472440536,0.9680378067746648,True,False,True,True,0.11722488038277512
C1050,Elaboración de productos lácteos.,C,Industrias manufactureras.,C10,3,Industrias manufactureras,7027.583333333333,1965,1585,24,171,5.417657533331098,6.648899296591345,0.6823241977098936,1.0794748585516938,0.39007565448236653,0.9196160447805148,True,False,True,True,0.11483253588516747
F4390,Otras actividades especializadas de construcción.,F,Construcción.,F43,5,Construcción,3765.000000000001,1488,1144,24,157,5.4349170335754335,7.441458719742651,0.6844979369292218,1.0829138349857528,0.43657329595821304,1.0292357471492342,True,False,True,False,0.11244019138755981
G4520,Mantenimiento y reparación de vehículos automotores.,G,Comercio al por mayor y al por menor; reparación de vehículos automotores y motocicletas.,G45,4,Comercio,23064.416666666664,23417,20759,24,219,5.490984015881614,6.6918313529526054,0.6915592652772611,1.0940852494618485,0.39259437964819627,0.9255540212942329,True,False,True,True,0.11004784688995216
C1075,Elaboración de comidas y platos preparados.,C,Industrias manufactureras.,C10,3,Industrias manufactureras,1532.1666666666663,1803,1594,24,144,5.511319362704996,7.838391924470227,0.6941203904722464,1.0981370920710791,0.4598604556388041,1.0841359836381164,True,False,True,False,0.1076555023923445
G4751,Venta al por menor de productos textiles en comercios especializados.,G,Comercio al por mayor y al por menor; reparación de vehículos automotores y motocicletas.,G47,4,Comercio,2387.000000000001,2217,1835,24,140,5.539543855183592,6.285888130294598,0.6976751102137111,1.1037608565557442,0.3687786229044924,0.8694076000335595,True,False,True,True,0.10526315789473684
E3700,Evacuación de aguas residuales.,E,"Distribución de agua; alcantarillado, gestión de desechos y actividades de saneamiento.",E37,6,Servicios,3404.499999999999,314,213,21,72,5.540826137001024,8.52257416128476,0.697836606562813,1.1040163527688178,0.49999985644871864,1.178765926800442,True,False,True,False,0.10287081339712918
N7730,"Alquiler de otros tipos de maquinaria, equipo y bienes tangibles.",N,Actividades de servicios administrativos y de apoyo.,N77,6,Servicios,14710.666666666664,6320,4472,24,206,5.559880744074858,7.548396844756641,0.7002364296236733,1.1078130064238778,0.44284711020072,1.044026468315973,True,False,True,False,0.10047846889952153
A0144,Cría de ovejas y cabras.,A,"Agricultura, ganadería,  silvicultura y pesca.",A01,1,"Agricultura, ganadería, silvicultura y pesca",39.00000000000001,41,26,13,22,5.574548231102064,7.753061946902658,0.7020837190207394,1.110735521069108,0.4548543417902008,1.0723339073888751,True,False,True,False,0.09808612440191387
S9420,Actividades de sindicatos.,S,Otras actividades de servicios.,S94,6,Servicios,3982.4166666666665,2160,2053,24,183,5.586145507278801,15.375468056866952,0.703544332231196,1.1130462924649462,0.902043405640066,2.1265966726784336,True,False,True,False,0.09569377990430622
H5221,Actividades de servicios vinculadas al transporte terrestre.,H,Transporte y almacenamiento.,H52,6,Servicios,4579.333333333334,1530,1006,24,129,5.59748706810605,8.898066859822768,0.7049727394984733,1.1153061122661105,0.5220291508630066,1.230700705005086,True,False,True,False,0.09330143540669857
C1010,Elaboración y conservación de carne.,C,Industrias manufactureras.,C10,3,Industrias manufactureras,5350.333333333337,1061,794,24,151,5.646124482680451,5.8775570045391,0.7110983546142291,1.1249971763274706,0.34482277336917844,0.8129309054593831,True,False,True,True,0.09090909090909091
G4653,"Venta al por mayor de maquinaria, equipo y materiales agropecuarios.",G,Comercio al por mayor y al por menor; reparación de vehículos automotores y motocicletas.,G46,4,Comercio,3302.999999999999,944,638,23,125,5.678447673528133,6.786077364191369,0.7151692828940033,1.1314376114516134,0.3981235767192303,0.9385892832564895,True,False,True,True,0.08851674641148326
A0149,Cría de otros animales.,A,"Agricultura, ganadería,  silvicultura y pesca.",A01,1,"Agricultura, ganadería, silvicultura y pesca",322.91666666666663,295,231,23,92,5.688661149861097,13.06969167604529,0.7164556141177552,1.133472659044049,0.7667687999169659,1.8076823891418166,True,False,True,False,0.0861244019138756
C2432,Fundición de metales no ferrosos.,C,Industrias manufactureras.,C24,3,Industrias manufactureras,119.41666666666669,54,51,14,20,5.775349377462658,6.141385714584786,0.7273735200550023,1.150745393921175,0.3603009979822462,0.8494213234983722,True,False,True,True,0.08373205741626795
E3600,"Captación, tratamiento y distribución de agua.",E,"Distribución de agua; alcantarillado, gestión de desechos y actividades de saneamiento.",E36,6,Servicios,7129.833333333332,1596,1371,24,179,5.802102325757592,9.481210615526264,0.7307429068922858,1.156075951435902,0.5562408559913972,1.3113559127675842,True,False,True,False,0.08133971291866028
G4772,"Venta al por menor de productos farmacéuticos y medicinales, cosméticos y artículos de tocador en comercios especializados.",G,Comercio al por mayor y al por menor; reparación de vehículos automotores y motocicletas.,G47,4,Comercio,26794.833333333336,20474,12402,24,221,5.869624082309525,9.65177434191635,0.7392469011155849,1.1695297436246164,0.5662474381690928,1.3349467557701684,True,False,True,False,0.07894736842105263
S9499,Actividades de otras asociaciones n.c.p.,S,Otras actividades de servicios.,S94,6,Servicios,4093.75,1110,950,24,130,5.934283339407412,8.729588616735002,0.7473903792613338,1.1824131793125277,0.5121449192019569,1.207398307325613,True,False,True,False,0.07655502392344497
P8530,Enseñanza superior.,P,Enseñanza.,P85,6,Servicios,38621.08333333335,6202,5247,24,150,5.96355336943695,8.272614561007558,0.7510767787123838,1.188245268426974,0.48533530065942176,1.1441937594825096,True,False,True,False,0.07416267942583732
G4763,Venta al por menor de equipo de deporte en comercios especializados.,G,Comercio al por mayor y al por menor; reparación de vehículos automotores y motocicletas.,G47,4,Comercio,766.0833333333333,932,658,24,104,6.0302295484872594,8.296810041004347,0.7594742770955809,1.2015305782691497,0.4867547939130045,1.1475402610045917,True,False,True,False,0.07177033492822966
C1610,Aserrado y acepilladura de madera.,C,Industrias manufactureras.,C16,3,Industrias manufactureras,735.8333333333336,568,331,24,123,6.053321532411772,8.407314866093524,0.7623825855864528,1.2061316841764964,0.4932378582590412,1.1628242960974031,True,False,True,False,0.06937799043062201
G4752,"Venta al por menor de artículos de ferretería, pinturas y productos de vidrio en comercios especializados.",G,Comercio al por mayor y al por menor; reparación de vehículos automotores y motocicletas.,G47,4,Comercio,20390.666666666668,18870,15241,24,221,6.053428131140451,8.101241229485627,0.7623960111105977,1.2061529241029507,0.47528122080766166,1.1204909391681979,True,False,True,False,0.06698564593301436
Q8810,Actividades de asistencia social sin alojamiento para personas de edad y personas con discapacidad.,Q,Actividades de atención de la salud humana y de asistencia social.,Q88,6,Servicios,2878.0000000000005,490,370,21,90,6.085658142078808,8.776530050054104,0.7664552038927915,1.21257479301673,0.5148988653075441,1.2138908248566531,True,False,True,False,0.0645933014354067
G4722,Venta al por menor de bebidas en comercios especializados.,G,Comercio al por mayor y al por menor; reparación de vehículos automotores y motocicletas.,G47,4,Comercio,4667.75,10353,7286,24,214,6.100361866466308,8.696904290967828,0.768307057186272,1.2155045280001116,0.5102274048591722,1.2028777048848847,True,False,True,False,0.06220095693779904
J6110,Actividades de telecomunicaciones alámbrica.,J,Información y comunicación.,J61,6,Servicios,3797.1666666666665,1371,742,24,191,6.166738694013361,9.643968413776994,0.7766668538924923,1.228730191690856,0.5657894822891831,1.3338671098857682,True,False,True,False,0.05980861244019139
K6419,Otros tipos de intermediación monetaria.,K,Actividades financieras y de seguros.,K64,6,Servicios,48016.49999999999,3609,737,24,201,6.183427787906418,7.346991952200385,0.7787687535661109,1.2320555139650542,0.4310311476217547,1.016169952157429,True,False,True,False,0.05741626794258373
G4711,"Venta al por menor en comercios no especializados con predominio de la venta de alimentos, bebidas o tabaco.",G,Comercio al por mayor y al por menor; reparación de vehículos automotores y motocicletas.,G47,4,Comercio,38375.333333333336,64096,55091,24,222,6.393489733615692,9.747203392796198,0.8052249013926663,1.2739106123607236,0.5718460414593655,1.3481456451520957,True,False,True,False,0.05502392344497608
G4773,Venta al por menor de otros productos nuevos en comercios especializados.,G,Comercio al por mayor y al por menor; reparación de vehículos automotores y motocicletas.,G47,4,Comercio,15571.583333333334,17055,13391,24,220,6.485632908399733,11.084834022809755,0.8168298279540368,1.2922702521043876,0.6503217590455372,1.5331547022122571,True,False,True,False,0.05263157894736842
A0322,Acuicultura de agua dulce.,A,"Agricultura, ganadería,  silvicultura y pesca.",A03,1,"Agricultura, ganadería, silvicultura y pesca",457.1666666666666,436,331,22,108,6.637486557942212,9.531967482064331,0.8359549607177691,1.3225272766305645,0.5592186448029168,1.3183761467595654,True,False,True,False,0.050239234449760764
R9101,Actividades de bibliotecas y archivos.,R,"Artes, entretenimiento y recreación.",R91,6,Servicios,2694.0833333333335,157,106,24,90,6.705541022643723,11.459883536538861,0.8445260466054153,1.3360872115665599,0.6723250528247311,1.585028183073854,True,False,True,False,0.04784688995215311
H4923,Transporte de carga por carretera.,H,Transporte y almacenamiento.,H49,6,Servicios,51478.583333333336,47045,29063,24,220,6.720440746451808,10.83471789467927,0.8464025849489528,1.3390559996730873,0.6356480201265087,1.4985608853672507,True,False,True,False,0.045454545454545456
H4922,Otras actividades de transporte de pasajeros por vía terrestre.,H,Transporte y almacenamiento.,H49,6,Servicios,21183.083333333332,51148,42008,24,219,6.7309046781141,9.206658725664063,0.847720459645247,1.3411409507947765,0.5401335270411343,1.2733823607886077,True,False,True,False,0.0430622009569378
B0810,"Extracción de piedra, arena y arcilla.",B,Explotación de minas y canteras.,B08,2,Explotación de minas y canteras,1736.8333333333333,525,312,23,110,6.7692576637844315,9.17990596020959,0.852550807450786,1.3487828298775357,0.5385640037218058,1.2696821585059839,True,False,True,False,0.04066985645933014
D3510,"Generación, transmisión y distribución de energía eléctrica.",D,"Suministro de electricidad, gas, vapor y aire acondicionado.",D35,6,Servicios,17162.333333333336,1200,756,24,188,6.795592521436695,10.244154798210994,0.855867538068924,1.3540300823227596,0.6010010393117902,1.4168795010145183,True,False,True,False,0.03827751196172249
N7722,Alquiler de cintas de video y discos.,N,Actividades de servicios administrativos y de apoyo.,N77,6,Servicios,175.3333333333333,274,210,24,82,6.9091272318641535,8.756019890263342,0.8701666110036816,1.3766520115837684,0.5136955813281912,1.211054043731954,True,False,True,False,0.03588516746411483
C2396,"Corte, tallado y acabado de la piedra.",C,Industrias manufactureras.,C23,3,Industrias manufactureras,333.83333333333337,326,285,17,39,7.095080407488721,7.576711672963267,0.8935863917094633,1.413703408191916,0.44450827615489796,1.0479427210914312,True,False,True,False,0.03349282296650718
H4921,Transporte urbano y suburbano de pasajeros por vía terrestre.,H,Transporte y almacenamiento.,H49,6,Servicios,16511.75,14078,9620,24,212,7.116262238576546,10.112048250039424,0.8962541269463453,1.417923913821281,0.5932506514745356,1.3986077095645517,True,False,True,False,0.03110047846889952
C1623,Fabricación de recipientes de madera.,C,Industrias manufactureras.,C16,3,Industrias manufactureras,235.6666666666667,188,153,19,45,7.134559182988929,8.725100314416695,0.8985585265581543,1.4215696022687272,0.5118816008110127,1.2067775256530948,True,False,True,False,0.028708133971291867
A0123,Cultivo de cítricos.,A,"Agricultura, ganadería,  silvicultura y pesca.",A01,1,"Agricultura, ganadería, silvicultura y pesca",148.75,215,103,21,73,7.557764425984921,20.073111112511107,0.9518589015112222,1.5058937621128696,1.1776433369541652,2.776332476142453,True,False,False,False,0.02631578947368421
I5510,Actividades de alojamiento para estancias cortas.,I,Actividades de alojamiento y de servicio de comidas.,I55,6,Servicios,15564.166666666666,8539,5930,24,211,7.587204583459134,10.129156663919739,0.9555667275791232,1.5117597493277675,0.5942543628324352,1.4009739917419868,True,False,True,False,0.023923444976076555
Q8610,Actividades de hospitales y clínicas.,Q,Actividades de atención de la salud humana y de asistencia social.,Q86,6,Servicios,51451.66666666666,2318,1018,24,196,7.692817104678518,10.972386856431719,0.9688680443134845,1.5328031727452098,0.6437247419961006,1.5176020199142473,True,False,True,False,0.0215311004784689
O8411,Actividades de la administración pública en general.,O,Administración pública y defensa; planes de seguridad social de afiliación obligatoria.,O84,6,Servicios,145102.25,2300,1244,24,219,7.702768612172569,11.71299878733245,0.9701213820014257,1.5347860227275918,0.6871747433837978,1.6200368116340371,True,False,True,False,0.019138755980861243
A0145,Cría de cerdos.,A,"Agricultura, ganadería,  silvicultura y pesca.",A01,1,"Agricultura, ganadería, silvicultura y pesca",1651.4999999999993,1243,769,24,180,7.862674492429613,22.894915882620428,0.9902606489787527,1.566647464025806,1.3431921433688083,3.166619172642891,True,False,False,False,0.01674641148325359
A0141,Cría de ganado bovino y búfalos.,A,"Agricultura, ganadería,  silvicultura y pesca.",A01,1,"Agricultura, ganadería, silvicultura y pesca",7392.25,5878,4037,24,204,7.9179106905691325,22.626819769257853,0.997217344625943,1.5776533437453624,1.3274635600019797,3.129538525697627,True,False,False,False,0.014354066985645933
A0128,"Cultivo de especias y de plantas aromáticas, medicinales y farmacéuticas.",A,"Agricultura, ganadería,  silvicultura y pesca.",A01,1,"Agricultura, ganadería, silvicultura y pesca",151.75000000000003,173,118,21,58,8.95721335786002,11.871452659766797,1.1281118048745193,1.7847356653694126,0.6964708682366407,1.6419527283817812,False,False,True,False,0.011961722488038277
P8510,Enseñanza preprimaria y primaria.,P,Enseñanza.,P85,6,Servicios,118893.91666666667,14483,13877,24,222,9.3358307339797,19.4281725552518,1.1757965829931987,1.8601756384606438,1.139806272712147,2.6871303663349972,False,False,False,False,0.009569377990430622
P8521,Enseñanza secundaria de formación general.,P,Enseñanza.,P85,6,Servicios,95764.41666666667,3704,3460,24,220,9.670952170364131,20.754840020802952,1.2180032865010522,1.9269489926110486,1.2176388066130037,2.8706230969339708,False,False,False,False,0.007177033492822967
R9319,Otras actividades deportivas.,R,"Artes, entretenimiento y recreación.",R93,6,Servicios,1373.2499999999998,2877,2692,24,184,10.218618290257329,17.248627499751812,1.2869788250193115,2.036072133685963,1.0119373689924254,2.385675266182197,False,False,False,False,0.004784688995215311
O8412,"Regulación de las actividades de organismos que prestan servicios sanitarios, educativos, culturales y otros servicios sociales, excepto servicios de seguridad social.",O,Administración pública y defensa; planes de seguridad social de afiliación obligatoria.,O84,6,Servicios,69106.41666666667,1949,488,24,192,10.264100797360824,17.992485208398175,1.2927070968744991,2.045134578593206,1.0555777927074812,2.48855898473326,False,False,False,False,0.0023923444976076554
A0143,Cría de camellos y otros camélidos.,A,"Agricultura, ganadería,  silvicultura y pesca.",A01,1,"Agricultura, ganadería, silvicultura y pesca",0.0,1,1,1,1,,,,,,,False,False,False,False,
C3040,Fabricación de vehículos militares de combate.,C,Industrias manufactureras.,C30,3,Industrias manufactureras,0.0,1,1,1,1,,,,,,,False,False,False,False,
J5812,Publicación de directorios y de listas de correo.,J,Información y comunicación.,J58,6,Servicios,0.0,3,2,2,2,,,,,,,False,False,False,False,
