id_code,id_name,id_abbr,region,year,ciiu_code,ciiu_name,sector,gva_real,ciiu_share,total_gva
01,AZUAY,AZU,Sierra,2018,A,Agricultura,Primario,100.01063,2.150296093971437,4651.01668
01,AZUAY,AZU,Sierra,2019,A,Agricultura,Primario,103.56912244843647,2.2232628832572834,4658.428979693946
01,AZUAY,AZU,Sierra,2020,A,Agricultura,Primario,98.23685587642713,2.3209149971680456,4232.677887656146
01,AZUAY,AZU,Sierra,2021,A,Agricultura,Primario,102.00183483530961,2.235111782933364,4563.612236943346
01,AZUAY,AZU,Sierra,2022,A,Agricultura,Primario,92.02394620702168,1.8950667653468596,4855.973831094983
01,AZUAY,AZU,Sierra,2023,A,Agricultura,Primario,93.6113630075188,1.9852768385727828,4715.280065162907
01,AZUAY,AZU,Sierra,2018,B,Minas y canteras,Primario,112.63575000000002,2.421744701203695,4651.01668
01,AZUAY,AZU,Sierra,2019,B,Minas y canteras,Primario,128.25247425149703,2.7531271767917582,4658.428979693946
01,AZUAY,AZU,Sierra,2020,B,Minas y canteras,Primario,134.0320457756884,3.1666016014724176,4232.677887656146
01,AZUAY,AZU,Sierra,2021,B,Minas y canteras,Primario,275.98739836627135,6.047564605338259,4563.612236943346
01,AZUAY,AZU,Sierra,2022,B,Minas y canteras,Primario,290.8235312492062,5.98898473024983,4855.973831094983
01,AZUAY,AZU,Sierra,2023,B,Minas y canteras,Primario,278.57165273182954,5.907849563167044,4715.280065162907
01,AZUAY,AZU,Sierra,2018,C,Manufactura,Secundario,792.27147,17.034371719346318,4651.01668
01,AZUAY,AZU,Sierra,2019,C,Manufactura,Secundario,778.5365239654026,16.71242660044914,4658.428979693946
01,AZUAY,AZU,Sierra,2020,C,Manufactura,Secundario,697.4282438146407,16.47723408976068,4232.677887656146
01,AZUAY,AZU,Sierra,2021,C,Manufactura,Secundario,764.8874173386032,16.760569864956707,4563.612236943346
01,AZUAY,AZU,Sierra,2022,C,Manufactura,Secundario,751.4049546729563,15.473826276850433,4855.973831094983
01,AZUAY,AZU,Sierra,2023,C,Manufactura,Secundario,834.8592802005013,17.705401771753678,4715.280065162907
01,AZUAY,AZU,Sierra,2018,D,Electricidad,Secundario,183.41573,3.943562077270383,4651.01668
01,AZUAY,AZU,Sierra,2019,D,Electricidad,Secundario,219.53013418496346,4.712535817158392,4658.428979693946
01,AZUAY,AZU,Sierra,2020,D,Electricidad,Secundario,203.6675791000672,4.811790183562694,4232.677887656146
01,AZUAY,AZU,Sierra,2021,D,Electricidad,Secundario,206.1584617654809,4.517440375336609,4563.612236943346
01,AZUAY,AZU,Sierra,2022,D,Electricidad,Secundario,203.42073999455687,4.189082294718362,4855.973831094983
01,AZUAY,AZU,Sierra,2023,D,Electricidad,Secundario,183.362449924812,3.8886863005130343,4715.280065162907
01,AZUAY,AZU,Sierra,2018,E,Agua,Secundario,20.9535,0.4505144023693331,4651.01668
01,AZUAY,AZU,Sierra,2019,E,Agua,Secundario,20.476024377910846,0.4395478490101636,4658.428979693946
01,AZUAY,AZU,Sierra,2020,E,Agua,Secundario,15.286952961719274,0.36116504415091355,4232.677887656146
01,AZUAY,AZU,Sierra,2021,E,Agua,Secundario,19.376731488801052,0.4245919785196159,4563.612236943346
01,AZUAY,AZU,Sierra,2022,E,Agua,Secundario,45.08571349360429,0.9284587409614977,4855.973831094983
01,AZUAY,AZU,Sierra,2023,E,Agua,Secundario,48.38547989974937,1.026142227631981,4715.280065162907
01,AZUAY,AZU,Sierra,2018,F,Construcción,Secundario,377.16297,8.109258597627734,4651.01668
01,AZUAY,AZU,Sierra,2019,F,Construcción,Secundario,339.18640287425154,7.281132853001782,4658.428979693946
01,AZUAY,AZU,Sierra,2020,F,Construcción,Secundario,225.11875030221626,5.3185892306791205,4232.677887656146
01,AZUAY,AZU,Sierra,2021,F,Construcción,Secundario,291.8283229512516,6.39467833372966,4563.612236943346
01,AZUAY,AZU,Sierra,2022,F,Construcción,Secundario,327.54006257461674,6.745095298439018,4855.973831094983
01,AZUAY,AZU,Sierra,2023,F,Construcción,Secundario,329.5275308270676,6.988503891034156,4715.280065162907
01,AZUAY,AZU,Sierra,2018,G,Comercio,Terciario,783.5545500000001,16.846952051782367,4651.01668
01,AZUAY,AZU,Sierra,2019,G,Comercio,Terciario,746.0183428343314,16.014376221816825,4658.428979693946
01,AZUAY,AZU,Sierra,2020,G,Comercio,Terciario,654.5359011417058,15.46387224623314,4232.677887656146
01,AZUAY,AZU,Sierra,2021,G,Comercio,Terciario,750.7155463504611,16.450029217497267,4563.612236943346
01,AZUAY,AZU,Sierra,2022,G,Comercio,Terciario,865.9340457443528,17.832345804653805,4855.973831094983
01,AZUAY,AZU,Sierra,2023,G,Comercio,Terciario,846.4920793984962,17.952106082785797,4715.280065162907
01,AZUAY,AZU,Sierra,2018,H,Transporte,Terciario,180.63419,3.883757088568429,4651.01668
01,AZUAY,AZU,Sierra,2019,H,Transporte,Terciario,180.831673825682,3.881816694295991,4658.428979693946
01,AZUAY,AZU,Sierra,2020,H,Transporte,Terciario,133.50332260577568,3.154110143725192,4232.677887656146
01,AZUAY,AZU,Sierra,2021,H,Transporte,Terciario,155.05889264822133,3.3977227818128113,4563.612236943346
01,AZUAY,AZU,Sierra,2022,H,Transporte,Terciario,160.66843549668874,3.3086758925234836,4855.973831094983
01,AZUAY,AZU,Sierra,2023,H,Transporte,Terciario,154.29706566416036,3.2722778611630483,4715.280065162907
01,AZUAY,AZU,Sierra,2018,I,Alojamiento,Terciario,70.50443,1.5158928649552812,4651.01668
01,AZUAY,AZU,Sierra,2019,I,Alojamiento,Terciario,76.13784356620094,1.6344103108169126,4658.428979693946
01,AZUAY,AZU,Sierra,2020,I,Alojamiento,Terciario,50.68152736064473,1.1973868247439385,4232.677887656146
01,AZUAY,AZU,Sierra,2021,I,Alojamiento,Terciario,61.201148458498025,1.3410681118580274,4563.612236943346
01,AZUAY,AZU,Sierra,2022,I,Alojamiento,Terciario,67.22881091535878,1.3844557910271773,4855.973831094983
01,AZUAY,AZU,Sierra,2023,I,Alojamiento,Terciario,80.06188731829575,1.6979243271211655,4715.280065162907
01,AZUAY,AZU,Sierra,2018,J,Información y comunicaciones,Terciario,83.69025,1.7993969008943658,4651.01668
01,AZUAY,AZU,Sierra,2019,J,Información y comunicaciones,Terciario,82.50316582834331,1.7710512747532259,4658.428979693946
01,AZUAY,AZU,Sierra,2020,J,Información y comunicaciones,Terciario,79.67806151779718,1.882450392697354,4232.677887656146
01,AZUAY,AZU,Sierra,2021,J,Información y comunicaciones,Terciario,67.36808347826086,1.476200868533546,4563.612236943346
01,AZUAY,AZU,Sierra,2022,J,Información y comunicaciones,Terciario,73.87115466932778,1.521242849298272,4855.973831094983
01,AZUAY,AZU,Sierra,2023,J,Información y comunicaciones,Terciario,70.54432842105263,1.49607928789306,4715.280065162907
01,AZUAY,AZU,Sierra,2018,K,Financiero,Terciario,295.56735,6.354897656484002,4651.01668
01,AZUAY,AZU,Sierra,2019,K,Financiero,Terciario,308.58687744510985,6.62426922875153,4658.428979693946
01,AZUAY,AZU,Sierra,2020,K,Financiero,Terciario,300.49841214237745,7.0994868997408895,4232.677887656146
01,AZUAY,AZU,Sierra,2021,K,Financiero,Terciario,340.4181638998682,7.459401592977503,4563.612236943346
01,AZUAY,AZU,Sierra,2022,K,Financiero,Terciario,396.3124580386465,8.161338421984068,4855.973831094983
01,AZUAY,AZU,Sierra,2023,K,Financiero,Terciario,405.7055077694235,8.604059613909845,4715.280065162907
01,AZUAY,AZU,Sierra,2018,L,Inmobiliario,Terciario,283.77785,6.101415443644464,4651.01668
01,AZUAY,AZU,Sierra,2019,L,Inmobiliario,Terciario,303.18865820359287,6.508388547409219,4658.428979693946
01,AZUAY,AZU,Sierra,2020,L,Inmobiliario,Terciario,330.2017353928811,7.801248858455681,4232.677887656146
01,AZUAY,AZU,Sierra,2021,L,Inmobiliario,Terciario,215.91201075098812,4.7311646901798,4563.612236943346
01,AZUAY,AZU,Sierra,2022,L,Inmobiliario,Terciario,209.03454313344824,4.30468841893064,4855.973831094983
01,AZUAY,AZU,Sierra,2023,L,Inmobiliario,Terciario,194.8142037092732,4.1315510641369,4715.280065162907
01,AZUAY,AZU,Sierra,2018,M-N,Act. Profesionales y servicios admin.,Terciario,344.42085,7.405280903013231,4651.01668
01,AZUAY,AZU,Sierra,2019,M-N,Act. Profesionales y servicios admin.,Terciario,327.84464180971395,7.037665342517534,4658.428979693946
01,AZUAY,AZU,Sierra,2020,M-N,Act. Profesionales y servicios admin.,Terciario,269.38242987239767,6.364349875477266,4232.677887656146
01,AZUAY,AZU,Sierra,2021,M-N,Act. Profesionales y servicios admin.,Terciario,317.64443341238467,6.960372987893011,4563.612236943346
01,AZUAY,AZU,Sierra,2022,M-N,Act. Profesionales y servicios admin.,Terciario,329.9700315630954,6.795136115646855,4855.973831094983
01,AZUAY,AZU,Sierra,2023,M-N,Act. Profesionales y servicios admin.,Terciario,322.486944962406,6.8391896240687995,4715.280065162907
01,AZUAY,AZU,Sierra,2018,O,Admin. Publica,Terciario,410.54284,8.826948347990013,4651.01668
01,AZUAY,AZU,Sierra,2019,O,Admin. Publica,Terciario,409.65544729208256,8.793854088530004,4658.428979693946
01,AZUAY,AZU,Sierra,2020,O,Admin. Publica,Terciario,418.6381676830087,9.890621937093126,4232.677887656146
01,AZUAY,AZU,Sierra,2021,O,Admin. Publica,Terciario,416.61592621870886,9.129082502806007,4563.612236943346
01,AZUAY,AZU,Sierra,2022,O,Admin. Publica,Terciario,462.1411777120566,9.516961865666552,4855.973831094983
01,AZUAY,AZU,Sierra,2023,O,Admin. Publica,Terciario,268.4414776942356,5.693012376454913,4715.280065162907
01,AZUAY,AZU,Sierra,2018,P,Educación,Terciario,289.59697,6.226530453982376,4651.01668
01,AZUAY,AZU,Sierra,2019,P,Educación,Terciario,292.79911025948104,6.285361686005947,4658.428979693946
01,AZUAY,AZU,Sierra,2020,P,Educación,Terciario,274.20956282068505,6.478394295497152,4232.677887656146
01,AZUAY,AZU,Sierra,2021,P,Educación,Terciario,271.3517988932806,5.94598718744406,4563.612236943346
01,AZUAY,AZU,Sierra,2022,P,Educación,Terciario,220.20496793976233,4.534723118351482,4855.973831094983
01,AZUAY,AZU,Sierra,2023,P,Educación,Terciario,241.11110255639096,5.113399399915833,4715.280065162907
01,AZUAY,AZU,Sierra,2018,Q,Salud,Terciario,235.86593,5.071276803075237,4651.01668
01,AZUAY,AZU,Sierra,2019,Q,Salud,Terciario,239.60373099135066,5.143444969018126,4658.428979693946
01,AZUAY,AZU,Sierra,2020,Q,Salud,Terciario,259.59648064472805,6.133149923876681,4232.677887656146
01,AZUAY,AZU,Sierra,2021,Q,Salud,Terciario,209.9672674571805,4.600900702243145,4563.612236943346
01,AZUAY,AZU,Sierra,2022,Q,Salud,Terciario,267.66768091445164,5.512131865300739,4855.973831094983
01,AZUAY,AZU,Sierra,2023,Q,Salud,Terciario,272.2101002506265,5.772935997200879,4715.280065162907
01,AZUAY,AZU,Sierra,2018,R-S-U,Otros servicios,Terciario,48.60728,1.0450893502278302,4651.01668
01,AZUAY,AZU,Sierra,2019,R-S-U,Otros servicios,Terciario,54.88780455089821,1.1782471041235942,4658.428979693946
01,AZUAY,AZU,Sierra,2020,R-S-U,Otros servicios,Terciario,45.50419169912693,1.0750686186594032,4232.677887656146
01,AZUAY,AZU,Sierra,2021,R-S-U,Otros servicios,Terciario,48.24734903820817,1.057218416754086,4563.612236943346
01,AZUAY,AZU,Sierra,2022,R-S-U,Otros servicios,Terciario,50.18765316157127,1.0335239625921617,4855.973831094983
01,AZUAY,AZU,Sierra,2023,R-S-U,Otros servicios,Terciario,45.73421814536341,0.9699152015010448,4715.280065162907
01,AZUAY,AZU,Sierra,2018,T,Servicios hogares,Terciario,37.80414,0.8128145435935095,4651.01668
01,AZUAY,AZU,Sierra,2019,T,Servicios hogares,Terciario,46.82100098469728,1.0050813522925786,4658.428979693946
01,AZUAY,AZU,Sierra,2020,T,Servicios hogares,Terciario,42.47766694425789,1.003564837006295,4232.677887656146
01,AZUAY,AZU,Sierra,2021,T,Servicios hogares,Terciario,48.871449591567846,1.0708939991865165,4563.612236943346
01,AZUAY,AZU,Sierra,2022,T,Servicios hogares,Terciario,42.45392361426109,0.8742617874587695,4855.973831094983
01,AZUAY,AZU,Sierra,2023,T,Servicios hogares,Terciario,45.06339268170426,0.9556885711760449,4715.280065162907
02,BOLÍVAR,BOL,Sierra,2018,A,Agricultura,Primario,112.61377000000002,27.055141727102455,416.23796
02,BOLÍVAR,BOL,Sierra,2019,A,Agricultura,Primario,118.72963257485031,28.661411179189784,414.249081570193
02,BOLÍVAR,BOL,Sierra,2020,A,Agricultura,Primario,138.9812663532572,33.76049387847428,411.6683448220282
02,BOLÍVAR,BOL,Sierra,2021,A,Agricultura,Primario,145.25475457180502,34.322409251090576,423.20675541501976
02,BOLÍVAR,BOL,Sierra,2022,A,Agricultura,Primario,157.10135081919628,34.693423647226254,452.82746498775293
02,BOLÍVAR,BOL,Sierra,2023,A,Agricultura,Primario,177.39385042606514,39.66295612540607,447.2532250626566
02,BOLÍVAR,BOL,Sierra,2018,B,Minas y canteras,Primario,0.14567,0.034996808075842004,416.23796
02,BOLÍVAR,BOL,Sierra,2019,B,Minas y canteras,Primario,0.359448995342648,0.08677122324089949,414.249081570193
02,BOLÍVAR,BOL,Sierra,2020,B,Minas y canteras,Primario,0.6863148959032908,0.1667154894311821,411.6683448220282
02,BOLÍVAR,BOL,Sierra,2021,B,Minas y canteras,Primario,1.145110724637681,0.27057950044174567,423.20675541501976
02,BOLÍVAR,BOL,Sierra,2022,B,Minas y canteras,Primario,0.8978073627869001,0.19826698515541277,452.82746498775293
02,BOLÍVAR,BOL,Sierra,2023,B,Minas y canteras,Primario,1.0385233082706766,0.2322002950621961,447.2532250626566
02,BOLÍVAR,BOL,Sierra,2018,C,Manufactura,Secundario,5.97037,1.4343646120118407,416.23796
02,BOLÍVAR,BOL,Sierra,2019,C,Manufactura,Secundario,5.550670605455756,1.3399355248818372,414.249081570193
02,BOLÍVAR,BOL,Sierra,2020,C,Manufactura,Secundario,5.012420899932842,1.217587157958381,411.6683448220282
02,BOLÍVAR,BOL,Sierra,2021,C,Manufactura,Secundario,5.179704664031622,1.2239182380139748,423.20675541501976
02,BOLÍVAR,BOL,Sierra,2022,C,Manufactura,Secundario,5.212319869364059,1.1510608945738374,452.82746498775293
02,BOLÍVAR,BOL,Sierra,2023,C,Manufactura,Secundario,5.7642496240601515,1.2888111926420711,447.2532250626566
02,BOLÍVAR,BOL,Sierra,2018,D,Electricidad,Secundario,4.85906,1.1673755079906696,416.23796
02,BOLÍVAR,BOL,Sierra,2019,D,Electricidad,Secundario,5.530116939454425,1.3349738564278184,414.249081570193
02,BOLÍVAR,BOL,Sierra,2020,D,Electricidad,Secundario,5.419420067159168,1.3164529494008297,411.6683448220282
02,BOLÍVAR,BOL,Sierra,2021,D,Electricidad,Secundario,5.311913992094862,1.2551581287698745,423.20675541501976
02,BOLÍVAR,BOL,Sierra,2022,D,Electricidad,Secundario,5.100774453415586,1.126427800388287,452.82746498775293
02,BOLÍVAR,BOL,Sierra,2023,D,Electricidad,Secundario,4.590733834586466,1.026428335747236,447.2532250626566
02,BOLÍVAR,BOL,Sierra,2018,E,Agua,Secundario,0.6901499999999999,0.16580659774519363,416.23796
02,BOLÍVAR,BOL,Sierra,2019,E,Agua,Secundario,0.7865329607451763,0.18986957261651793,414.249081570193
02,BOLÍVAR,BOL,Sierra,2020,E,Agua,Secundario,0.46217950302216254,0.11226986695369334,411.6683448220282
02,BOLÍVAR,BOL,Sierra,2021,E,Agua,Secundario,0.6813278524374176,0.16099172419146998,423.20675541501976
02,BOLÍVAR,BOL,Sierra,2022,E,Agua,Secundario,0.47563675950285766,0.10503708283589239,452.82746498775293
02,BOLÍVAR,BOL,Sierra,2023,E,Agua,Secundario,0.35417503759398483,0.079188928720272,447.2532250626566
02,BOLÍVAR,BOL,Sierra,2018,F,Construcción,Secundario,21.32061,5.122216628199888,416.23796
02,BOLÍVAR,BOL,Sierra,2019,F,Construcción,Secundario,21.485265415835002,5.18655716372286,414.249081570193
02,BOLÍVAR,BOL,Sierra,2020,F,Construcción,Secundario,16.86931449294829,4.097792483957251,411.6683448220282
02,BOLÍVAR,BOL,Sierra,2021,F,Construcción,Secundario,19.182222081686426,4.5325888200615525,423.20675541501976
02,BOLÍVAR,BOL,Sierra,2022,F,Construcción,Secundario,23.95051710786537,5.289104340990697,452.82746498775293
02,BOLÍVAR,BOL,Sierra,2023,F,Construcción,Secundario,29.291351779448622,6.549165022867109,447.2532250626566
02,BOLÍVAR,BOL,Sierra,2018,G,Comercio,Terciario,37.45665,8.998854885796579,416.23796
02,BOLÍVAR,BOL,Sierra,2019,G,Comercio,Terciario,38.57659933466401,9.312416382057167,414.249081570193
02,BOLÍVAR,BOL,Sierra,2020,G,Comercio,Terciario,30.261257756883815,7.350882849631374,411.6683448220282
02,BOLÍVAR,BOL,Sierra,2021,G,Comercio,Terciario,36.59903747035573,8.648027707985122,423.20675541501976
02,BOLÍVAR,BOL,Sierra,2022,G,Comercio,Terciario,36.3294126680577,8.022793553178197,452.82746498775293
02,BOLÍVAR,BOL,Sierra,2023,G,Comercio,Terciario,40.7365184962406,9.108155338742105,447.2532250626566
02,BOLÍVAR,BOL,Sierra,2018,H,Transporte,Terciario,15.44665,3.7110142477154175,416.23796
02,BOLÍVAR,BOL,Sierra,2019,H,Transporte,Terciario,16.624363433133738,4.013132236798164,414.249081570193
02,BOLÍVAR,BOL,Sierra,2020,H,Transporte,Terciario,12.702820362659503,3.0856927724552556,411.6683448220282
02,BOLÍVAR,BOL,Sierra,2021,H,Transporte,Terciario,13.525715731225297,3.1960065755475093,423.20675541501976
02,BOLÍVAR,BOL,Sierra,2022,H,Transporte,Terciario,12.96728115395083,2.8636251456835864,452.82746498775293
02,BOLÍVAR,BOL,Sierra,2023,H,Transporte,Terciario,13.81881984962406,3.0897082626264245,447.2532250626566
02,BOLÍVAR,BOL,Sierra,2018,I,Alojamiento,Terciario,2.57079,0.6176250719660457,416.23796
02,BOLÍVAR,BOL,Sierra,2019,I,Alojamiento,Terciario,2.8548481703260147,0.6891622208321713,414.249081570193
02,BOLÍVAR,BOL,Sierra,2020,I,Alojamiento,Terciario,1.6233705305574213,0.3943394120476362,411.6683448220282
02,BOLÍVAR,BOL,Sierra,2021,I,Alojamiento,Terciario,1.9028374176548088,0.44962359256027995,423.20675541501976
02,BOLÍVAR,BOL,Sierra,2022,I,Alojamiento,Terciario,1.8741903002812303,0.4138861807624498,452.82746498775293
02,BOLÍVAR,BOL,Sierra,2023,I,Alojamiento,Terciario,0.8424567418546367,0.18836236267197742,447.2532250626566
02,BOLÍVAR,BOL,Sierra,2018,J,Información y comunicaciones,Terciario,0.9947299999999999,0.23898108668416496,416.23796
02,BOLÍVAR,BOL,Sierra,2019,J,Información y comunicaciones,Terciario,1.0531802528276781,0.25423840382111274,414.249081570193
02,BOLÍVAR,BOL,Sierra,2020,J,Información y comunicaciones,Terciario,0.4973805775688382,0.12082070040723314,411.6683448220282
02,BOLÍVAR,BOL,Sierra,2021,J,Información y comunicaciones,Terciario,0.6399232674571805,0.15120818826004717,423.20675541501976
02,BOLÍVAR,BOL,Sierra,2022,J,Información y comunicaciones,Terciario,0.7441041023314888,0.16432397764380607,452.82746498775293
02,BOLÍVAR,BOL,Sierra,2023,J,Información y comunicaciones,Terciario,0.8821393483709272,0.19723487700895764,447.2532250626566
02,BOLÍVAR,BOL,Sierra,2018,K,Financiero,Terciario,23.01497,5.529281855984496,416.23796
02,BOLÍVAR,BOL,Sierra,2019,K,Financiero,Terciario,23.674921304058554,5.715141531351089,414.249081570193
02,BOLÍVAR,BOL,Sierra,2020,K,Financiero,Terciario,22.33164249832102,5.424668371811634,411.6683448220282
02,BOLÍVAR,BOL,Sierra,2021,K,Financiero,Terciario,25.626445955204215,6.055301723639435,423.20675541501976
02,BOLÍVAR,BOL,Sierra,2022,K,Financiero,Terciario,32.00665770117028,7.068179422826291,452.82746498775293
02,BOLÍVAR,BOL,Sierra,2023,K,Financiero,Terciario,33.263108571428575,7.43719814804436,447.2532250626566
02,BOLÍVAR,BOL,Sierra,2018,L,Inmobiliario,Terciario,7.06511,1.6973728201051148,416.23796
02,BOLÍVAR,BOL,Sierra,2019,L,Inmobiliario,Terciario,5.068049713905523,1.2234305251070932,414.249081570193
02,BOLÍVAR,BOL,Sierra,2020,L,Inmobiliario,Terciario,6.433827159167225,1.562866623118347,411.6683448220282
02,BOLÍVAR,BOL,Sierra,2021,L,Inmobiliario,Terciario,7.753427140974967,1.8320660154329367,423.20675541501976
02,BOLÍVAR,BOL,Sierra,2022,L,Inmobiliario,Terciario,6.1015791417944305,1.347440165087922,452.82746498775293
02,BOLÍVAR,BOL,Sierra,2023,L,Inmobiliario,Terciario,5.338069172932331,1.193522790625939,447.2532250626566
02,BOLÍVAR,BOL,Sierra,2018,M-N,Act. Profesionales y servicios admin.,Terciario,15.891360000000002,3.81785457530111,416.23796
02,BOLÍVAR,BOL,Sierra,2019,M-N,Act. Profesionales y servicios admin.,Terciario,12.507996487025949,3.0194385560530237,414.249081570193
02,BOLÍVAR,BOL,Sierra,2020,M-N,Act. Profesionales y servicios admin.,Terciario,10.617482444593687,2.5791350192796143,411.6683448220282
02,BOLÍVAR,BOL,Sierra,2021,M-N,Act. Profesionales y servicios admin.,Terciario,10.392223873517786,2.4555902618630463,423.20675541501976
02,BOLÍVAR,BOL,Sierra,2022,M-N,Act. Profesionales y servicios admin.,Terciario,10.209791367141433,2.2546758217100558,452.82746498775293
02,BOLÍVAR,BOL,Sierra,2023,M-N,Act. Profesionales y servicios admin.,Terciario,10.640036691729323,2.3789737212601962,447.2532250626566
02,BOLÍVAR,BOL,Sierra,2018,O,Admin. Publica,Terciario,83.43668,20.045427860544002,416.23796
02,BOLÍVAR,BOL,Sierra,2019,O,Admin. Publica,Terciario,78.13330033266801,18.861429948500348,414.249081570193
02,BOLÍVAR,BOL,Sierra,2020,O,Admin. Publica,Terciario,83.81955631967763,20.36094282544711,411.6683448220282
02,BOLÍVAR,BOL,Sierra,2021,O,Admin. Publica,Terciario,78.70122877470357,18.596401821971114,423.20675541501976
02,BOLÍVAR,BOL,Sierra,2022,O,Admin. Publica,Terciario,77.71561771568538,17.162302140349915,452.82746498775293
02,BOLÍVAR,BOL,Sierra,2023,O,Admin. Publica,Terciario,33.03794205513783,7.386853845606028,447.2532250626566
02,BOLÍVAR,BOL,Sierra,2018,P,Educación,Terciario,61.20175,14.703548422157365,416.23796
02,BOLÍVAR,BOL,Sierra,2019,P,Educación,Terciario,59.87511057884232,14.453890966248695,414.249081570193
02,BOLÍVAR,BOL,Sierra,2020,P,Educación,Terciario,52.81938912021491,12.830568535224563,411.6683448220282
02,BOLÍVAR,BOL,Sierra,2021,P,Educación,Terciario,52.168122476943346,12.326864306734524,423.20675541501976
02,BOLÍVAR,BOL,Sierra,2022,P,Educación,Terciario,60.07531045994738,13.266710856765759,452.82746498775293
02,BOLÍVAR,BOL,Sierra,2023,P,Educación,Terciario,64.61053012531328,14.446073612160507,447.2532250626566
02,BOLÍVAR,BOL,Sierra,2018,Q,Salud,Terciario,16.42772,3.946713557792759,416.23796
02,BOLÍVAR,BOL,Sierra,2019,Q,Salud,Terciario,15.231087052561545,3.676794404668026,414.249081570193
02,BOLÍVAR,BOL,Sierra,2020,Q,Salud,Terciario,17.468298401611822,4.2432940548692635,411.6683448220282
02,BOLÍVAR,BOL,Sierra,2021,Q,Salud,Terciario,12.904290276679841,3.0491692562953507,423.20675541501976
02,BOLÍVAR,BOL,Sierra,2022,Q,Salud,Terciario,15.287156469200763,3.3759340259129855,452.82746498775293
02,BOLÍVAR,BOL,Sierra,2023,Q,Salud,Terciario,16.24042947368421,3.6311486566494975,447.2532250626566
02,BOLÍVAR,BOL,Sierra,2018,R-S-U,Otros servicios,Terciario,2.95633,0.7102499733565867,416.23796
02,BOLÍVAR,BOL,Sierra,2019,R-S-U,Otros servicios,Terciario,3.3089601064537595,0.7987851400686976,414.249081570193
02,BOLÍVAR,BOL,Sierra,2020,R-S-U,Otros servicios,Terciario,2.885013404969779,0.7008101160211926,411.6683448220282
02,BOLÍVAR,BOL,Sierra,2021,R-S-U,Otros servicios,Terciario,3.0242784716732545,0.7146101599223011,423.20675541501976
02,BOLÍVAR,BOL,Sierra,2022,R-S-U,Otros servicios,Terciario,3.0784490900843697,0.6798282631040564,452.82746498775293
02,BOLÍVAR,BOL,Sierra,2023,R-S-U,Otros servicios,Terciario,3.574214536340852,0.799147850938388,447.2532250626566
02,BOLÍVAR,BOL,Sierra,2018,T,Servicios hogares,Terciario,4.175590000000001,1.003173761470482,416.23796
02,BOLÍVAR,BOL,Sierra,2019,T,Servicios hogares,Terciario,4.8989973120425825,1.1826211644146916,414.249081570193
02,BOLÍVAR,BOL,Sierra,2020,T,Servicios hogares,Terciario,2.777390033579584,0.674666893511159,411.6683448220282
02,BOLÍVAR,BOL,Sierra,2021,T,Servicios hogares,Terciario,3.214190671936759,0.7594847272191455,423.20675541501976
02,BOLÍVAR,BOL,Sierra,2022,T,Servicios hogares,Terciario,3.6995084459765946,0.8169796958045933,452.82746498775293
02,BOLÍVAR,BOL,Sierra,2023,T,Servicios hogares,Terciario,5.836075989974937,1.3048706332206659,447.2532250626566
03,CAÑAR,CAÑ,Sierra,2018,A,Agricultura,Primario,144.48276,17.999485589312556,802.7049400000001
03,CAÑAR,CAÑ,Sierra,2019,A,Agricultura,Primario,124.94149280106454,15.828211505967401,789.3595100998006
03,CAÑAR,CAÑ,Sierra,2020,A,Agricultura,Primario,114.16861979852251,16.032024058113016,712.1285458697113
03,CAÑAR,CAÑ,Sierra,2021,A,Agricultura,Primario,116.91376695652174,15.402015945115483,759.080937022398
03,CAÑAR,CAÑ,Sierra,2022,A,Agricultura,Primario,93.25048733738547,11.967337949669538,779.2082727968792
03,CAÑAR,CAÑ,Sierra,2023,A,Agricultura,Primario,106.82872421052632,14.037446469783458,761.0267611027568
03,CAÑAR,CAÑ,Sierra,2018,B,Minas y canteras,Primario,0.66875,0.08331205735447447,802.7049400000001
03,CAÑAR,CAÑ,Sierra,2019,B,Minas y canteras,Primario,0.6002691151031272,0.07604508559442501,789.3595100998006
03,CAÑAR,CAÑ,Sierra,2020,B,Minas y canteras,Primario,0.3883532034922767,0.05453414355381402,712.1285458697113
03,CAÑAR,CAÑ,Sierra,2021,B,Minas y canteras,Primario,0.6009262714097496,0.07916497992519318,759.080937022398
03,CAÑAR,CAÑ,Sierra,2022,B,Minas y canteras,Primario,0.6148225927605915,0.078903499131722,779.2082727968792
03,CAÑAR,CAÑ,Sierra,2023,B,Minas y canteras,Primario,0.7184144360902256,0.09440067981961839,761.0267611027568
03,CAÑAR,CAÑ,Sierra,2018,C,Manufactura,Secundario,94.00228,11.710689110745973,802.7049400000001
03,CAÑAR,CAÑ,Sierra,2019,C,Manufactura,Secundario,96.63543228210247,12.24225857111478,789.3595100998006
03,CAÑAR,CAÑ,Sierra,2020,C,Manufactura,Secundario,82.55383274680995,11.592546489761657,712.1285458697113
03,CAÑAR,CAÑ,Sierra,2021,C,Manufactura,Secundario,89.36504453227931,11.772795254591204,759.080937022398
03,CAÑAR,CAÑ,Sierra,2022,C,Manufactura,Secundario,91.17630037557834,11.701146350552902,779.2082727968792
03,CAÑAR,CAÑ,Sierra,2023,C,Manufactura,Secundario,103.82986506265665,13.643392107815396,761.0267611027568
03,CAÑAR,CAÑ,Sierra,2018,D,Electricidad,Secundario,14.495669999999999,1.805852845505099,802.7049400000001
03,CAÑAR,CAÑ,Sierra,2019,D,Electricidad,Secundario,16.284827677977383,2.0630431976322745,789.3595100998006
03,CAÑAR,CAÑ,Sierra,2020,D,Electricidad,Secundario,15.023909523169912,2.1097187593879485,712.1285458697113
03,CAÑAR,CAÑ,Sierra,2021,D,Electricidad,Secundario,14.903480790513834,1.963358591110829,759.080937022398
03,CAÑAR,CAÑ,Sierra,2022,D,Electricidad,Secundario,13.99119911457861,1.795566038378776,779.2082727968792
03,CAÑAR,CAÑ,Sierra,2023,D,Electricidad,Secundario,12.713671979949876,1.6705946005797851,761.0267611027568
03,CAÑAR,CAÑ,Sierra,2018,E,Agua,Secundario,3.26775,0.4070922996935835,802.7049400000001
03,CAÑAR,CAÑ,Sierra,2019,E,Agua,Secundario,3.862528170326015,0.4893243345909225,789.3595100998006
03,CAÑAR,CAÑ,Sierra,2020,E,Agua,Secundario,4.238027562122229,0.5951211458524519,712.1285458697113
03,CAÑAR,CAÑ,Sierra,2021,E,Agua,Secundario,5.501122740447958,0.7247083245202927,759.080937022398
03,CAÑAR,CAÑ,Sierra,2022,E,Agua,Secundario,3.920431214732832,0.503130081083571,779.2082727968792
03,CAÑAR,CAÑ,Sierra,2023,E,Agua,Secundario,3.9328469172932334,0.5167816847326615,761.0267611027568
03,CAÑAR,CAÑ,Sierra,2018,F,Construcción,Secundario,56.2193,7.003731657612571,802.7049400000001
03,CAÑAR,CAÑ,Sierra,2019,F,Construcción,Secundario,52.616124125083175,6.6656730490813745,789.3595100998006
03,CAÑAR,CAÑ,Sierra,2020,F,Construcción,Secundario,36.73088193418402,5.15790051490285,712.1285458697113
03,CAÑAR,CAÑ,Sierra,2021,F,Construcción,Secundario,45.903179762845845,6.047204919004756,759.080937022398
03,CAÑAR,CAÑ,Sierra,2022,F,Construcción,Secundario,46.948805602830454,6.025193422846124,779.2082727968792
03,CAÑAR,CAÑ,Sierra,2023,F,Construcción,Secundario,47.176729423558896,6.199089419036725,761.0267611027568
03,CAÑAR,CAÑ,Sierra,2018,G,Comercio,Terciario,79.74956,9.93510267919866,802.7049400000001
03,CAÑAR,CAÑ,Sierra,2019,G,Comercio,Terciario,78.24987784431138,9.913084829296357,789.3595100998006
03,CAÑAR,CAÑ,Sierra,2020,G,Comercio,Terciario,63.45810331766286,8.911046142682357,712.1285458697113
03,CAÑAR,CAÑ,Sierra,2021,G,Comercio,Terciario,74.65727198945982,9.835218927024238,759.080937022398
03,CAÑAR,CAÑ,Sierra,2022,G,Comercio,Terciario,87.32300271069582,11.2066318799799,779.2082727968792
03,CAÑAR,CAÑ,Sierra,2023,G,Comercio,Terciario,94.2136226566416,12.379804163538543,761.0267611027568
03,CAÑAR,CAÑ,Sierra,2018,H,Transporte,Terciario,57.62678,7.1790737951606465,802.7049400000001
03,CAÑAR,CAÑ,Sierra,2019,H,Transporte,Terciario,61.019031164338,7.730195225825964,789.3595100998006
03,CAÑAR,CAÑ,Sierra,2020,H,Transporte,Terciario,52.59879908663533,7.386138274010243,712.1285458697113
03,CAÑAR,CAÑ,Sierra,2021,H,Transporte,Terciario,59.04019372859025,7.777852248560442,759.080937022398
03,CAÑAR,CAÑ,Sierra,2022,H,Transporte,Terciario,57.3284699700626,7.357271729712083,779.2082727968792
03,CAÑAR,CAÑ,Sierra,2023,H,Transporte,Terciario,66.09859488721803,8.685449482937846,761.0267611027568
03,CAÑAR,CAÑ,Sierra,2018,I,Alojamiento,Terciario,4.506399999999999,0.5614018022612393,802.7049400000001
03,CAÑAR,CAÑ,Sierra,2019,I,Alojamiento,Terciario,5.177482475049901,0.6559093047976707,789.3595100998006
03,CAÑAR,CAÑ,Sierra,2020,I,Alojamiento,Terciario,3.0710690127602422,0.43125205843414044,712.1285458697113
03,CAÑAR,CAÑ,Sierra,2021,I,Alojamiento,Terciario,3.4613995256916996,0.4559987422776717,759.080937022398
03,CAÑAR,CAÑ,Sierra,2022,I,Alojamiento,Terciario,4.09402908101243,0.52540883149474,779.2082727968792
03,CAÑAR,CAÑ,Sierra,2023,I,Alojamiento,Terciario,2.17399619047619,0.2856661948820284,761.0267611027568
03,CAÑAR,CAÑ,Sierra,2018,J,Información y comunicaciones,Terciario,3.1641300000000006,0.39418344678431905,802.7049400000001
03,CAÑAR,CAÑ,Sierra,2019,J,Información y comunicaciones,Terciario,3.1491538522954095,0.39895051773016005,789.3595100998006
03,CAÑAR,CAÑ,Sierra,2020,J,Información y comunicaciones,Terciario,2.8778418804566823,0.40411831503566814,712.1285458697113
03,CAÑAR,CAÑ,Sierra,2021,J,Información y comunicaciones,Terciario,2.8684093807641635,0.377879253827122,759.080937022398
03,CAÑAR,CAÑ,Sierra,2022,J,Información y comunicaciones,Terciario,3.0983723487253925,0.39763083335911437,779.2082727968792
03,CAÑAR,CAÑ,Sierra,2023,J,Información y comunicaciones,Terciario,2.598094035087719,0.3413932555174514,761.0267611027568
03,CAÑAR,CAÑ,Sierra,2018,K,Financiero,Terciario,57.792350000000006,7.199700303326899,802.7049400000001
03,CAÑAR,CAÑ,Sierra,2019,K,Financiero,Terciario,58.136024271457096,7.364961532433659,789.3595100998006
03,CAÑAR,CAÑ,Sierra,2020,K,Financiero,Terciario,54.43777998656817,7.64437548562025,712.1285458697113
03,CAÑAR,CAÑ,Sierra,2021,K,Financiero,Terciario,62.40442772068512,8.221050572745943,759.080937022398
03,CAÑAR,CAÑ,Sierra,2022,K,Financiero,Terciario,69.32494593486346,8.896844188528629,779.2082727968792
03,CAÑAR,CAÑ,Sierra,2023,K,Financiero,Terciario,69.46431318295738,9.127709659289897,761.0267611027568
03,CAÑAR,CAÑ,Sierra,2018,L,Inmobiliario,Terciario,15.937400000000002,1.9854618061774978,802.7049400000001
03,CAÑAR,CAÑ,Sierra,2019,L,Inmobiliario,Terciario,15.305126280771791,1.9389297379639765,789.3595100998006
03,CAÑAR,CAÑ,Sierra,2020,L,Inmobiliario,Terciario,12.029545520483547,1.689237931866929,712.1285458697113
03,CAÑAR,CAÑ,Sierra,2021,L,Inmobiliario,Terciario,13.241382450592884,1.744396651895129,759.080937022398
03,CAÑAR,CAÑ,Sierra,2022,L,Inmobiliario,Terciario,12.260043675950286,1.5733975246366747,779.2082727968792
03,CAÑAR,CAÑ,Sierra,2023,L,Inmobiliario,Terciario,14.065914987468672,1.8482812571645475,761.0267611027568
03,CAÑAR,CAÑ,Sierra,2018,M-N,Act. Profesionales y servicios admin.,Terciario,31.946549999999995,3.9798621396300353,802.7049400000001
03,CAÑAR,CAÑ,Sierra,2019,M-N,Act. Profesionales y servicios admin.,Terciario,32.29521288090487,4.091318653628651,789.3595100998006
03,CAÑAR,CAÑ,Sierra,2020,M-N,Act. Profesionales y servicios admin.,Terciario,25.130688515782406,3.5289539594415076,712.1285458697113
03,CAÑAR,CAÑ,Sierra,2021,M-N,Act. Profesionales y servicios admin.,Terciario,27.34029259552042,3.6017625080622597,759.080937022398
03,CAÑAR,CAÑ,Sierra,2022,M-N,Act. Profesionales y servicios admin.,Terciario,30.383389668874173,3.8992642570151963,779.2082727968792
03,CAÑAR,CAÑ,Sierra,2023,M-N,Act. Profesionales y servicios admin.,Terciario,30.221598395989975,3.97116106038081,761.0267611027568
03,CAÑAR,CAÑ,Sierra,2018,O,Admin. Publica,Terciario,124.3019,15.48537872459088,802.7049400000001
03,CAÑAR,CAÑ,Sierra,2019,O,Admin. Publica,Terciario,120.04574765136395,15.207994090827675,789.3595100998006
03,CAÑAR,CAÑ,Sierra,2020,O,Admin. Publica,Terciario,130.1076057488247,18.27024158818495,712.1285458697113
03,CAÑAR,CAÑ,Sierra,2021,O,Admin. Publica,Terciario,130.19508764163373,17.151673990436688,759.080937022398
03,CAÑAR,CAÑ,Sierra,2022,O,Admin. Publica,Terciario,132.7969141177538,17.042544176423387,779.2082727968792
03,CAÑAR,CAÑ,Sierra,2023,O,Admin. Publica,Terciario,67.43906786967419,8.861589541470579,761.0267611027568
03,CAÑAR,CAÑ,Sierra,2018,P,Educación,Terciario,77.84566000000001,9.697917144997264,802.7049400000001
03,CAÑAR,CAÑ,Sierra,2019,P,Educación,Terciario,82.12026123752497,10.403404302703887,789.3595100998006
03,CAÑAR,CAÑ,Sierra,2020,P,Educación,Terciario,76.89766146406987,10.798283808459887,712.1285458697113
03,CAÑAR,CAÑ,Sierra,2021,P,Educación,Terciario,76.72416231884057,10.107507457610767,759.080937022398
03,CAÑAR,CAÑ,Sierra,2022,P,Educación,Terciario,93.55211554023406,12.006047523653644,779.2082727968792
03,CAÑAR,CAÑ,Sierra,2023,P,Educación,Terciario,100.3376449122807,13.184509407643908,761.0267611027568
03,CAÑAR,CAÑ,Sierra,2018,Q,Salud,Terciario,25.37112,3.160703109663184,802.7049400000001
03,CAÑAR,CAÑ,Sierra,2019,Q,Salud,Terciario,26.94278408516301,3.4132462763078095,789.3595100998006
03,CAÑAR,CAÑ,Sierra,2020,Q,Salud,Terciario,28.895142941571528,4.057574030582126,712.1285458697113
03,CAÑAR,CAÑ,Sierra,2021,Q,Salud,Terciario,24.244053965744396,3.193869425946213,759.080937022398
03,CAÑAR,CAÑ,Sierra,2022,Q,Salud,Terciario,27.66446657352808,3.5503301927518853,779.2082727968792
03,CAÑAR,CAÑ,Sierra,2023,Q,Salud,Terciario,27.882661654135337,3.663821442196368,761.0267611027568
03,CAÑAR,CAÑ,Sierra,2018,R-S-U,Otros servicios,Terciario,6.78086,0.8447512481983728,802.7049400000001
03,CAÑAR,CAÑ,Sierra,2019,R-S-U,Otros servicios,Terciario,6.640505229540919,0.8412523247742141,789.3595100998006
03,CAÑAR,CAÑ,Sierra,2020,R-S-U,Otros servicios,Terciario,4.289046393552721,0.6022854186128119,712.1285458697113
03,CAÑAR,CAÑ,Sierra,2021,R-S-U,Otros servicios,Terciario,5.782008115942029,0.7617116744655413,759.080937022398
03,CAÑAR,CAÑ,Sierra,2022,R-S-U,Otros servicios,Terciario,5.050297741086818,0.6481319458993101,779.2082727968792
03,CAÑAR,CAÑ,Sierra,2023,R-S-U,Otros servicios,Terciario,5.165712280701754,0.678781948904982,761.0267611027568
03,CAÑAR,CAÑ,Sierra,2018,T,Servicios hogares,Terciario,4.54572,0.566300239786739,802.7049400000001
03,CAÑAR,CAÑ,Sierra,2019,T,Servicios hogares,Terciario,5.337628955422489,0.6761974597287921,789.3595100998006
03,CAÑAR,CAÑ,Sierra,2020,T,Servicios hogares,Terciario,5.23163723304231,0.7346478754973929,712.1285458697113
03,CAÑAR,CAÑ,Sierra,2021,T,Servicios hogares,Terciario,5.934726534914361,0.7818305328802174,759.080937022398
03,CAÑAR,CAÑ,Sierra,2022,T,Servicios hogares,Terciario,6.430179196226074,0.8252195748828076,779.2082727968792
03,CAÑAR,CAÑ,Sierra,2023,T,Servicios hogares,Terciario,6.1652880200501246,0.8101276243054037,761.0267611027568
04,CARCHI,CAR,Sierra,2018,A,Agricultura,Primario,182.02467,30.386234657678095,599.03661
04,CARCHI,CAR,Sierra,2019,A,Agricultura,Primario,199.70628343313373,33.00517980561634,605.0755808915503
04,CARCHI,CAR,Sierra,2020,A,Agricultura,Primario,180.1636448623237,33.50708852854842,537.6881512961719
04,CARCHI,CAR,Sierra,2021,A,Agricultura,Primario,182.5672111725955,31.61660627024652,577.4408853754941
04,CARCHI,CAR,Sierra,2022,A,Agricultura,Primario,172.35177437721129,30.073230197999173,573.1069567268439
04,CARCHI,CAR,Sierra,2023,A,Agricultura,Primario,195.50841844611523,35.01922128660118,558.2888804010024
04,CARCHI,CAR,Sierra,2018,B,Minas y canteras,Primario,0.09437,0.015753628146366546,599.03661
04,CARCHI,CAR,Sierra,2019,B,Minas y canteras,Primario,0.13485966733200266,0.022288069720693953,605.0755808915503
04,CARCHI,CAR,Sierra,2020,B,Minas y canteras,Primario,0.05140265950302216,0.009559939042567503,537.6881512961719
04,CARCHI,CAR,Sierra,2021,B,Minas y canteras,Primario,0.05435404479578392,0.009412919343326196,577.4408853754941
04,CARCHI,CAR,Sierra,2022,B,Minas y canteras,Primario,0.06013271160301189,0.010492406504092139,573.1069567268439
04,CARCHI,CAR,Sierra,2023,B,Minas y canteras,Primario,0.08454817042606516,0.015144161632833653,558.2888804010024
04,CARCHI,CAR,Sierra,2018,C,Manufactura,Secundario,33.56004,5.602335389818663,599.03661
04,CARCHI,CAR,Sierra,2019,C,Manufactura,Secundario,22.9507398003992,3.793036857739717,605.0755808915503
04,CARCHI,CAR,Sierra,2020,C,Manufactura,Secundario,20.38956335795836,3.792079722940981,537.6881512961719
04,CARCHI,CAR,Sierra,2021,C,Manufactura,Secundario,19.617530013175223,3.3973226541481347,577.4408853754941
04,CARCHI,CAR,Sierra,2022,C,Manufactura,Secundario,16.629082492969243,2.9015670282458372,573.1069567268439
04,CARCHI,CAR,Sierra,2023,C,Manufactura,Secundario,18.004981453634088,3.2250295654646823,558.2888804010024
04,CARCHI,CAR,Sierra,2018,D,Electricidad,Secundario,4.77508,0.7971265729485215,599.03661
04,CARCHI,CAR,Sierra,2019,D,Electricidad,Secundario,5.71904255489022,0.9451782116976991,605.0755808915503
04,CARCHI,CAR,Sierra,2020,D,Electricidad,Secundario,6.136006877098724,1.1411832048571329,537.6881512961719
04,CARCHI,CAR,Sierra,2021,D,Electricidad,Secundario,7.496904980237153,1.2982982622302748,577.4408853754941
04,CARCHI,CAR,Sierra,2022,D,Electricidad,Secundario,6.486864018869637,1.131876684226227,573.1069567268439
04,CARCHI,CAR,Sierra,2023,D,Electricidad,Secundario,4.332584862155389,0.7760471351396827,558.2888804010024
04,CARCHI,CAR,Sierra,2018,E,Agua,Secundario,2.19089,0.3657355766620007,599.03661
04,CARCHI,CAR,Sierra,2019,E,Agua,Secundario,2.484491922821025,0.41060852582420254,605.0755808915503
04,CARCHI,CAR,Sierra,2020,E,Agua,Secundario,1.7280141840161183,0.32137851277743434,537.6881512961719
04,CARCHI,CAR,Sierra,2021,E,Agua,Secundario,2.053514835309618,0.3556233871410531,577.4408853754941
04,CARCHI,CAR,Sierra,2022,E,Agua,Secundario,1.6261524158577518,0.2837432693445412,573.1069567268439
04,CARCHI,CAR,Sierra,2023,E,Agua,Secundario,1.4918436090225564,0.2672171453515265,558.2888804010024
04,CARCHI,CAR,Sierra,2018,F,Construcción,Secundario,24.70839,4.124687804974057,599.03661
04,CARCHI,CAR,Sierra,2019,F,Construcción,Secundario,22.78225777777778,3.765192068106467,605.0755808915503
04,CARCHI,CAR,Sierra,2020,F,Construcción,Secundario,14.242556776359974,2.6488507775420223,537.6881512961719
04,CARCHI,CAR,Sierra,2021,F,Construcción,Secundario,18.262711357048747,3.162698004172843,577.4408853754941
04,CARCHI,CAR,Sierra,2022,F,Construcción,Secundario,23.33592373763948,4.071826988616005,573.1069567268439
04,CARCHI,CAR,Sierra,2023,F,Construcción,Secundario,23.48718395989975,4.206994762824149,558.2888804010024
04,CARCHI,CAR,Sierra,2018,G,Comercio,Terciario,64.14096999999998,10.707353929503572,599.03661
04,CARCHI,CAR,Sierra,2019,G,Comercio,Terciario,65.30289948103793,10.792519404735716,605.0755808915503
04,CARCHI,CAR,Sierra,2020,G,Comercio,Terciario,50.94194460711887,9.474254637063554,537.6881512961719
04,CARCHI,CAR,Sierra,2021,G,Comercio,Terciario,62.76034466403162,10.868704702684894,577.4408853754941
04,CARCHI,CAR,Sierra,2022,G,Comercio,Terciario,64.24170700535245,11.209374838555929,573.1069567268439
04,CARCHI,CAR,Sierra,2023,G,Comercio,Terciario,63.06184360902256,11.295557877442786,558.2888804010024
04,CARCHI,CAR,Sierra,2018,H,Transporte,Terciario,65.82598,10.988640577409784,599.03661
04,CARCHI,CAR,Sierra,2019,H,Transporte,Terciario,68.00590669328011,11.239241648634476,605.0755808915503
04,CARCHI,CAR,Sierra,2020,H,Transporte,Terciario,59.23159059771659,11.015974678804177,537.6881512961719
04,CARCHI,CAR,Sierra,2021,H,Transporte,Terciario,65.99656031620553,11.429145733816505,577.4408853754941
04,CARCHI,CAR,Sierra,2022,H,Transporte,Terciario,63.12123860292117,11.013867108405424,573.1069567268439
04,CARCHI,CAR,Sierra,2023,H,Transporte,Terciario,66.9468188471178,11.991429741361117,558.2888804010024
04,CARCHI,CAR,Sierra,2018,I,Alojamiento,Terciario,4.3118,0.7197890626417641,599.03661
04,CARCHI,CAR,Sierra,2019,I,Alojamiento,Terciario,4.804554517631404,0.7940420452188997,605.0755808915503
04,CARCHI,CAR,Sierra,2020,I,Alojamiento,Terciario,3.347394922766958,0.6225532243360019,537.6881512961719
04,CARCHI,CAR,Sierra,2021,I,Alojamiento,Terciario,3.7215083003952563,0.644482992917147,577.4408853754941
04,CARCHI,CAR,Sierra,2022,I,Alojamiento,Terciario,3.4543549451147597,0.6027417578113932,573.1069567268439
04,CARCHI,CAR,Sierra,2023,I,Alojamiento,Terciario,1.641885513784461,0.2940924620610647,558.2888804010024
04,CARCHI,CAR,Sierra,2018,J,Información y comunicaciones,Terciario,1.7913,0.2990301377406633,599.03661
04,CARCHI,CAR,Sierra,2019,J,Información y comunicaciones,Terciario,1.8261742115768465,0.30180927296488563,605.0755808915503
04,CARCHI,CAR,Sierra,2020,J,Información y comunicaciones,Terciario,1.6378044862323706,0.3046011860749053,537.6881512961719
04,CARCHI,CAR,Sierra,2021,J,Información y comunicaciones,Terciario,1.9654545454545453,0.34037329105583924,577.4408853754941
04,CARCHI,CAR,Sierra,2022,J,Información y comunicaciones,Terciario,2.216830234963259,0.3868091651904082,573.1069567268439
04,CARCHI,CAR,Sierra,2023,J,Información y comunicaciones,Terciario,2.4605854636591475,0.4407369643278192,558.2888804010024
04,CARCHI,CAR,Sierra,2018,K,Financiero,Terciario,29.50216,4.924934387566062,599.03661
04,CARCHI,CAR,Sierra,2019,K,Financiero,Terciario,28.555406307385233,4.719312299020594,605.0755808915503
04,CARCHI,CAR,Sierra,2020,K,Financiero,Terciario,25.958221840161187,4.827746673901088,537.6881512961719
04,CARCHI,CAR,Sierra,2021,K,Financiero,Terciario,32.59388943346509,5.644541330368418,577.4408853754941
04,CARCHI,CAR,Sierra,2022,K,Financiero,Terciario,38.65865745441349,6.745452485030487,573.1069567268439
04,CARCHI,CAR,Sierra,2023,K,Financiero,Terciario,35.03465283208019,6.2753628205734335,558.2888804010024
04,CARCHI,CAR,Sierra,2018,L,Inmobiliario,Terciario,7.6435,1.2759654205441635,599.03661
04,CARCHI,CAR,Sierra,2019,L,Inmobiliario,Terciario,6.989417218895542,1.1551312661795021,605.0755808915503
04,CARCHI,CAR,Sierra,2020,L,Inmobiliario,Terciario,5.895326474143721,1.0964211243882198,537.6881512961719
04,CARCHI,CAR,Sierra,2021,L,Inmobiliario,Terciario,6.828635573122529,1.182568769560204,577.4408853754941
04,CARCHI,CAR,Sierra,2022,L,Inmobiliario,Terciario,6.149744526898305,1.0730535469366873,573.1069567268439
04,CARCHI,CAR,Sierra,2023,L,Inmobiliario,Terciario,6.048313383458646,1.083366263557734,558.2888804010024
04,CARCHI,CAR,Sierra,2018,M-N,Act. Profesionales y servicios admin.,Terciario,15.66157,2.6144595736811476,599.03661
04,CARCHI,CAR,Sierra,2019,M-N,Act. Profesionales y servicios admin.,Terciario,20.119487318695946,3.3251196964602063,605.0755808915503
04,CARCHI,CAR,Sierra,2020,M-N,Act. Profesionales y servicios admin.,Terciario,15.019273284083276,2.7933056080698884,537.6881512961719
04,CARCHI,CAR,Sierra,2021,M-N,Act. Profesionales y servicios admin.,Terciario,15.906147457180497,2.754593216383901,577.4408853754941
04,CARCHI,CAR,Sierra,2022,M-N,Act. Profesionales y servicios admin.,Terciario,15.633378005987483,2.7278290417679774,573.1069567268439
04,CARCHI,CAR,Sierra,2023,M-N,Act. Profesionales y servicios admin.,Terciario,16.26394125313283,2.9131766409982807,558.2888804010024
04,CARCHI,CAR,Sierra,2018,O,Admin. Publica,Terciario,96.04571,16.033362301512756,599.03661
04,CARCHI,CAR,Sierra,2019,O,Admin. Publica,Terciario,87.60696931470395,14.478682016157258,605.0755808915503
04,CARCHI,CAR,Sierra,2020,O,Admin. Publica,Terciario,91.14803621222298,16.951840205609514,537.6881512961719
04,CARCHI,CAR,Sierra,2021,O,Admin. Publica,Terciario,96.30595499341239,16.67806305935321,577.4408853754941
04,CARCHI,CAR,Sierra,2022,O,Admin. Publica,Terciario,91.69780074389912,16.000119989400936,573.1069567268439
04,CARCHI,CAR,Sierra,2023,O,Admin. Publica,Terciario,55.260983859649116,9.89827771958431,558.2888804010024
04,CARCHI,CAR,Sierra,2018,P,Educación,Terciario,45.71687,7.631732224179087,599.03661
04,CARCHI,CAR,Sierra,2019,P,Educación,Terciario,44.84708854291417,7.411815971293058,605.0755808915503
04,CARCHI,CAR,Sierra,2020,P,Educación,Terciario,40.43229764942915,7.51965568740198,537.6881512961719
04,CARCHI,CAR,Sierra,2021,P,Educación,Terciario,40.307873728590245,6.980432932520726,577.4408853754941
04,CARCHI,CAR,Sierra,2022,P,Educación,Terciario,44.146330893586146,7.7029829031768875,573.1069567268439
04,CARCHI,CAR,Sierra,2023,P,Educación,Terciario,48.13611368421052,8.62207996147725,558.2888804010024
04,CARCHI,CAR,Sierra,2018,Q,Salud,Terciario,11.95835,1.9962636340373252,599.03661
04,CARCHI,CAR,Sierra,2019,Q,Salud,Terciario,11.781293306719894,1.947077964931375,605.0755808915503
04,CARCHI,CAR,Sierra,2020,Q,Salud,Terciario,12.23316631296172,2.2751415078558037,537.6881512961719
04,CARCHI,CAR,Sierra,2021,Q,Salud,Terciario,10.574358471673255,1.8312451957393072,577.4408853754941
04,CARCHI,CAR,Sierra,2022,Q,Salud,Terciario,11.588373894584052,2.022026387669089,573.1069567268439
04,CARCHI,CAR,Sierra,2023,Q,Salud,Terciario,11.380031077694234,2.038376811216497,558.2888804010024
04,CARCHI,CAR,Sierra,2018,R-S-U,Otros servicios,Terciario,3.54566,0.591893707464724,599.03661
04,CARCHI,CAR,Sierra,2019,R-S-U,Otros servicios,Terciario,4.434618549567532,0.7329032421095777,605.0755808915503
04,CARCHI,CAR,Sierra,2020,R-S-U,Otros servicios,Terciario,3.54571282740094,0.659436667676888,537.6881512961719
04,CARCHI,CAR,Sierra,2021,R-S-U,Otros servicios,Terciario,3.9000265612648217,0.6753984104760336,577.4408853754941
04,CARCHI,CAR,Sierra,2022,R-S-U,Otros servicios,Terciario,3.3479765871359883,0.5841800640943383,573.1069567268439
04,CARCHI,CAR,Sierra,2023,R-S-U,Otros servicios,Terciario,2.9512042105263157,0.528615975372204,558.2888804010024
04,CARCHI,CAR,Sierra,2018,T,Servicios hogares,Terciario,5.5393,0.9247014134912388,599.03661
04,CARCHI,CAR,Sierra,2019,T,Servicios hogares,Terciario,7.024090272787759,1.1608616335893267,605.0755808915503
04,CARCHI,CAR,Sierra,2020,T,Servicios hogares,Terciario,5.586193364674278,1.0389281131094268,537.6881512961719
04,CARCHI,CAR,Sierra,2021,T,Servicios hogares,Terciario,6.527904927536232,1.1304888678416516,577.4408853754941
04,CARCHI,CAR,Sierra,2022,T,Servicios hogares,Terciario,8.360634077837249,1.4588261370245625,573.1069567268439
04,CARCHI,CAR,Sierra,2023,T,Servicios hogares,Terciario,6.1929461654135345,1.1092727050134554,558.2888804010024
05,COTOPAXI,COT,Sierra,2018,A,Agricultura,Primario,486.03872,27.41771935082224,1772.71754
05,COTOPAXI,COT,Sierra,2019,A,Agricultura,Primario,498.99782046573523,28.760458847244063,1735.013419347971
05,COTOPAXI,COT,Sierra,2020,A,Agricultura,Primario,484.5327206984554,30.71999663508326,1577.2551229550036
05,COTOPAXI,COT,Sierra,2021,A,Agricultura,Primario,488.6971969433465,29.611779734418764,1650.3472649275361
05,COTOPAXI,COT,Sierra,2022,A,Agricultura,Primario,433.33036924249296,27.003260630939696,1604.733499279688
05,COTOPAXI,COT,Sierra,2023,A,Agricultura,Primario,467.29304501253137,29.281713606686438,1595.8527949874685
05,COTOPAXI,COT,Sierra,2018,B,Minas y canteras,Primario,1.68395,0.0949925728156331,1772.71754
05,COTOPAXI,COT,Sierra,2019,B,Minas y canteras,Primario,1.9387490618762475,0.11174259750710411,1735.013419347971
05,COTOPAXI,COT,Sierra,2020,B,Minas y canteras,Primario,2.541224660846206,0.16111690644473517,1577.2551229550036
05,COTOPAXI,COT,Sierra,2021,B,Minas y canteras,Primario,3.2234742555994735,0.1953209681443021,1650.3472649275361
05,COTOPAXI,COT,Sierra,2022,B,Minas y canteras,Primario,1.5872132377755601,0.09890821363721813,1604.733499279688
05,COTOPAXI,COT,Sierra,2023,B,Minas y canteras,Primario,2.163837593984962,0.13559130270545747,1595.8527949874685
05,COTOPAXI,COT,Sierra,2018,C,Manufactura,Secundario,215.00411000000003,12.128503562953409,1772.71754
05,COTOPAXI,COT,Sierra,2019,C,Manufactura,Secundario,212.86453226879578,12.26875422950859,1735.013419347971
05,COTOPAXI,COT,Sierra,2020,C,Manufactura,Secundario,200.03882809939557,12.682718552507902,1577.2551229550036
05,COTOPAXI,COT,Sierra,2021,C,Manufactura,Secundario,202.94579689064562,12.297157162226497,1650.3472649275361
05,COTOPAXI,COT,Sierra,2022,C,Manufactura,Secundario,199.87811527170462,12.455533293311525,1604.733499279688
05,COTOPAXI,COT,Sierra,2023,C,Manufactura,Secundario,223.5595733333333,14.008784145726224,1595.8527949874685
05,COTOPAXI,COT,Sierra,2018,D,Electricidad,Secundario,28.20645,1.5911418126996135,1772.71754
05,COTOPAXI,COT,Sierra,2019,D,Electricidad,Secundario,29.771885136393884,1.7159455255154363,1735.013419347971
05,COTOPAXI,COT,Sierra,2020,D,Electricidad,Secundario,27.2488639355272,1.727612961210497,1577.2551229550036
05,COTOPAXI,COT,Sierra,2021,D,Electricidad,Secundario,30.5042409486166,1.8483528646897225,1650.3472649275361
05,COTOPAXI,COT,Sierra,2022,D,Electricidad,Secundario,30.17926700172367,1.8806404312784737,1604.733499279688
05,COTOPAXI,COT,Sierra,2023,D,Electricidad,Secundario,24.60995388471178,1.5421192958405057,1595.8527949874685
05,COTOPAXI,COT,Sierra,2018,E,Agua,Secundario,4.06398,0.22925141249519085,1772.71754
05,COTOPAXI,COT,Sierra,2019,E,Agua,Secundario,4.235756327345309,0.24413392312188187,1735.013419347971
05,COTOPAXI,COT,Sierra,2020,E,Agua,Secundario,3.019100711887172,0.19141486167633148,1577.2551229550036
05,COTOPAXI,COT,Sierra,2021,E,Agua,Secundario,4.072758682476943,0.24678192093442655,1650.3472649275361
05,COTOPAXI,COT,Sierra,2022,E,Agua,Secundario,3.1448758704526893,0.19597496231394937,1604.733499279688
05,COTOPAXI,COT,Sierra,2023,E,Agua,Secundario,2.331143458646616,0.1460750932647846,1595.8527949874685
05,COTOPAXI,COT,Sierra,2018,F,Construcción,Secundario,91.91251,5.184836722493308,1772.71754
05,COTOPAXI,COT,Sierra,2019,F,Construcción,Secundario,84.6260873453094,4.8775465596751655,1735.013419347971
05,COTOPAXI,COT,Sierra,2020,F,Construcción,Secundario,67.41108803223639,4.273949537468677,1577.2551229550036
05,COTOPAXI,COT,Sierra,2021,F,Construcción,Secundario,74.9231074571805,4.539838920535931,1650.3472649275361
05,COTOPAXI,COT,Sierra,2022,F,Construcción,Secundario,76.97562051710062,4.796785294982154,1604.733499279688
05,COTOPAXI,COT,Sierra,2023,F,Construcción,Secundario,79.3093219047619,4.9697141336513235,1595.8527949874685
05,COTOPAXI,COT,Sierra,2018,G,Comercio,Terciario,195.66574,11.03761516343997,1772.71754
05,COTOPAXI,COT,Sierra,2019,G,Comercio,Terciario,208.84596034597473,12.037138042682134,1735.013419347971
05,COTOPAXI,COT,Sierra,2020,G,Comercio,Terciario,160.32011734049698,10.164501291340592,1577.2551229550036
05,COTOPAXI,COT,Sierra,2021,G,Comercio,Terciario,197.16974334650857,11.94716697125959,1650.3472649275361
05,COTOPAXI,COT,Sierra,2022,G,Comercio,Terciario,205.27786276694187,12.79202203101539,1604.733499279688
05,COTOPAXI,COT,Sierra,2023,G,Comercio,Terciario,206.66129463659146,12.949897088610498,1595.8527949874685
05,COTOPAXI,COT,Sierra,2018,H,Transporte,Terciario,118.57468,6.688864826147091,1772.71754
05,COTOPAXI,COT,Sierra,2019,H,Transporte,Terciario,116.37845929474386,6.707640298164358,1735.013419347971
05,COTOPAXI,COT,Sierra,2020,H,Transporte,Terciario,101.17167602417729,6.414414164946956,1577.2551229550036
05,COTOPAXI,COT,Sierra,2021,H,Transporte,Terciario,95.2310606587615,5.770364982120471,1650.3472649275361
05,COTOPAXI,COT,Sierra,2022,H,Transporte,Terciario,90.16846619613537,5.618905957693849,1604.733499279688
05,COTOPAXI,COT,Sierra,2023,H,Transporte,Terciario,96.91966355889724,6.073220779718489,1595.8527949874685
05,COTOPAXI,COT,Sierra,2018,I,Alojamiento,Terciario,15.45545,0.8718506841197047,1772.71754
05,COTOPAXI,COT,Sierra,2019,I,Alojamiento,Terciario,17.51282416500333,1.009376871078309,1735.013419347971
05,COTOPAXI,COT,Sierra,2020,I,Alojamiento,Terciario,12.458018858294157,0.7898543917837422,1577.2551229550036
05,COTOPAXI,COT,Sierra,2021,I,Alojamiento,Terciario,14.587284110671936,0.8838917978461,1650.3472649275361
05,COTOPAXI,COT,Sierra,2022,I,Alojamiento,Terciario,14.264986330400072,0.8889317968873431,1604.733499279688
05,COTOPAXI,COT,Sierra,2023,I,Alojamiento,Terciario,11.528838496240601,0.7224249337064407,1595.8527949874685
05,COTOPAXI,COT,Sierra,2018,J,Información y comunicaciones,Terciario,7.2498,0.40896532224755894,1772.71754
05,COTOPAXI,COT,Sierra,2019,J,Información y comunicaciones,Terciario,6.712963406520293,0.3869113248151745,1735.013419347971
05,COTOPAXI,COT,Sierra,2020,J,Información y comunicaciones,Terciario,4.751155191403627,0.301229339645592,1577.2551229550036
05,COTOPAXI,COT,Sierra,2021,J,Información y comunicaciones,Terciario,4.852133860342557,0.2940068410726639,1650.3472649275361
05,COTOPAXI,COT,Sierra,2022,J,Información y comunicaciones,Terciario,5.2518798584777295,0.32727427082659677,1604.733499279688
05,COTOPAXI,COT,Sierra,2023,J,Información y comunicaciones,Terciario,5.517239298245614,0.34572357272394527,1595.8527949874685
05,COTOPAXI,COT,Sierra,2018,K,Financiero,Terciario,57.71076000000001,3.2554966427420813,1772.71754
05,COTOPAXI,COT,Sierra,2019,K,Financiero,Terciario,60.19412268795743,3.4693750501698575,1735.013419347971
05,COTOPAXI,COT,Sierra,2020,K,Financiero,Terciario,59.96244975151108,3.8016963063762836,1577.2551229550036
05,COTOPAXI,COT,Sierra,2021,K,Financiero,Terciario,68.12191641633729,4.127732257569948,1650.3472649275361
05,COTOPAXI,COT,Sierra,2022,K,Financiero,Terciario,83.57934982491156,5.208300933608451,1604.733499279688
05,COTOPAXI,COT,Sierra,2023,K,Financiero,Terciario,80.94985042606517,5.072513622830784,1595.8527949874685
05,COTOPAXI,COT,Sierra,2018,L,Inmobiliario,Terciario,42.22875,2.3821476939862625,1772.71754
05,COTOPAXI,COT,Sierra,2019,L,Inmobiliario,Terciario,45.72928510978045,2.635673280669253,1735.013419347971
05,COTOPAXI,COT,Sierra,2020,L,Inmobiliario,Terciario,38.89342989926125,2.465893395000931,1577.2551229550036
05,COTOPAXI,COT,Sierra,2021,L,Inmobiliario,Terciario,40.96785032938077,2.48237756986131,1650.3472649275361
05,COTOPAXI,COT,Sierra,2022,L,Inmobiliario,Terciario,33.21434527805498,2.069773285904719,1604.733499279688
05,COTOPAXI,COT,Sierra,2023,L,Inmobiliario,Terciario,36.94138746867167,2.3148367809802757,1595.8527949874685
05,COTOPAXI,COT,Sierra,2018,M-N,Act. Profesionales y servicios admin.,Terciario,93.25557,5.260599497424727,1772.71754
05,COTOPAXI,COT,Sierra,2019,M-N,Act. Profesionales y servicios admin.,Terciario,63.0383638057219,3.633306987874026,1735.013419347971
05,COTOPAXI,COT,Sierra,2020,M-N,Act. Profesionales y servicios admin.,Terciario,43.99100002686367,2.7890858864002976,1577.2551229550036
05,COTOPAXI,COT,Sierra,2021,M-N,Act. Profesionales y servicios admin.,Terciario,41.92645712779973,2.54046272677288,1650.3472649275361
05,COTOPAXI,COT,Sierra,2022,M-N,Act. Profesionales y servicios admin.,Terciario,41.67877896035562,2.597239914232728,1604.733499279688
05,COTOPAXI,COT,Sierra,2023,M-N,Act. Profesionales y servicios admin.,Terciario,42.97776120300752,2.6930905743937994,1595.8527949874685
05,COTOPAXI,COT,Sierra,2018,O,Admin. Publica,Terciario,212.50163,11.98733724945261,1772.71754
05,COTOPAXI,COT,Sierra,2019,O,Admin. Publica,Terciario,172.0933537724551,9.918848572198874,1735.013419347971
05,COTOPAXI,COT,Sierra,2020,O,Admin. Publica,Terciario,173.21874052384152,10.982290563071016,1577.2551229550036
05,COTOPAXI,COT,Sierra,2021,O,Admin. Publica,Terciario,186.96078355731225,11.328572327201778,1650.3472649275361
05,COTOPAXI,COT,Sierra,2022,O,Admin. Publica,Terciario,194.7155748961263,12.133826269815374,1604.733499279688
05,COTOPAXI,COT,Sierra,2023,O,Admin. Publica,Terciario,120.5185638095238,7.551985006892203,1595.8527949874685
05,COTOPAXI,COT,Sierra,2018,P,Educación,Terciario,144.71222,8.163298254498006,1772.71754
05,COTOPAXI,COT,Sierra,2019,P,Educación,Terciario,147.86127201596807,8.522197601879949,1735.013419347971
05,COTOPAXI,COT,Sierra,2020,P,Educación,Terciario,137.35550194761586,8.708515188733635,1577.2551229550036
05,COTOPAXI,COT,Sierra,2021,P,Educación,Terciario,135.3922498023715,8.203864282364618,1650.3472649275361
05,COTOPAXI,COT,Sierra,2022,P,Educación,Terciario,126.78302214642115,7.900565558289266,1604.733499279688
05,COTOPAXI,COT,Sierra,2023,P,Educación,Terciario,137.72193964912282,8.629990189678132,1595.8527949874685
05,COTOPAXI,COT,Sierra,2018,Q,Salud,Terciario,38.28574,2.159720267674454,1772.71754
05,COTOPAXI,COT,Sierra,2019,Q,Salud,Terciario,39.62098373918829,2.283612524108206,1735.013419347971
05,COTOPAXI,COT,Sierra,2020,Q,Salud,Terciario,41.05464456682337,2.602917179936438,1577.2551229550036
05,COTOPAXI,COT,Sierra,2021,Q,Salud,Terciario,37.62600790513834,2.2798842828264045,1650.3472649275361
05,COTOPAXI,COT,Sierra,2022,Q,Salud,Terciario,37.61260996824821,2.3438539785659906,1604.733499279688
05,COTOPAXI,COT,Sierra,2023,Q,Salud,Terciario,38.445085914786965,2.409062166356569,1595.8527949874685
05,COTOPAXI,COT,Sierra,2018,R-S-U,Otros servicios,Terciario,10.47372,0.5908284745690506,1772.71754
05,COTOPAXI,COT,Sierra,2019,R-S-U,Otros servicios,Terciario,12.435768463073854,0.7167534455005711,1735.013419347971
05,COTOPAXI,COT,Sierra,2020,R-S-U,Otros servicios,Terciario,9.132906165211551,0.5790379775784756,1577.2551229550036
05,COTOPAXI,COT,Sierra,2021,R-S-U,Otros servicios,Terciario,10.16528632411067,0.6159483243399086,1650.3472649275361
05,COTOPAXI,COT,Sierra,2022,R-S-U,Otros servicios,Terciario,8.882611993105325,0.5535256786932183,1604.733499279688
05,COTOPAXI,COT,Sierra,2023,R-S-U,Otros servicios,Terciario,8.460895238095238,0.5301801810712545,1595.8527949874685
05,COTOPAXI,COT,Sierra,2018,T,Servicios hogares,Terciario,9.69376,0.546830489419087,1772.71754
05,COTOPAXI,COT,Sierra,2019,T,Servicios hogares,Terciario,12.155231936127747,0.7005843182870458,1735.013419347971
05,COTOPAXI,COT,Sierra,2020,T,Servicios hogares,Terciario,10.153656521155138,0.643754860794629,1577.2551229550036
05,COTOPAXI,COT,Sierra,2021,T,Servicios hogares,Terciario,12.97991631093544,0.7864960658146918,1650.3472649275361
05,COTOPAXI,COT,Sierra,2022,T,Servicios hogares,Terciario,18.20854991925973,1.134677498004058,1604.733499279688
05,COTOPAXI,COT,Sierra,2023,T,Servicios hogares,Terciario,9.943400100250626,0.6230775251628837,1595.8527949874685
06,CHIMBORAZO,CHI,Sierra,2018,A,Agricultura,Primario,141.3064,10.545404514888437,1339.98084
06,CHIMBORAZO,CHI,Sierra,2019,A,Agricultura,Primario,157.67522725216236,11.432008080756253,1379.2434901929475
06,CHIMBORAZO,CHI,Sierra,2020,A,Agricultura,Primario,135.8364720483546,11.400059051008084,1191.5418283411686
06,CHIMBORAZO,CHI,Sierra,2021,A,Agricultura,Primario,157.8779415019763,12.729831514674322,1240.2201971014492
06,CHIMBORAZO,CHI,Sierra,2022,A,Agricultura,Primario,171.0269063304001,12.905851004465996,1325.1889106050985
06,CHIMBORAZO,CHI,Sierra,2023,A,Agricultura,Primario,188.7660411027569,14.761847810522315,1278.7426311779448
06,CHIMBORAZO,CHI,Sierra,2018,B,Minas y canteras,Primario,2.89749,0.21623368883393884,1339.98084
06,CHIMBORAZO,CHI,Sierra,2019,B,Minas y canteras,Primario,2.271430259481038,0.16468667611135718,1379.2434901929475
06,CHIMBORAZO,CHI,Sierra,2020,B,Minas y canteras,Primario,1.730549469442579,0.14523614935547852,1191.5418283411686
06,CHIMBORAZO,CHI,Sierra,2021,B,Minas y canteras,Primario,2.018946613965744,0.16278936745944605,1240.2201971014492
06,CHIMBORAZO,CHI,Sierra,2022,B,Minas y canteras,Primario,1.9825170498049536,0.14960259884001825,1325.1889106050985
06,CHIMBORAZO,CHI,Sierra,2023,B,Minas y canteras,Primario,2.1859264160401,0.17094342229182435,1278.7426311779448
06,CHIMBORAZO,CHI,Sierra,2018,C,Manufactura,Secundario,119.88049999999998,8.946433890801005,1339.98084
06,CHIMBORAZO,CHI,Sierra,2019,C,Manufactura,Secundario,122.18833224218231,8.85908348388064,1379.2434901929475
06,CHIMBORAZO,CHI,Sierra,2020,C,Manufactura,Secundario,104.53386852921425,8.772991937240121,1191.5418283411686
06,CHIMBORAZO,CHI,Sierra,2021,C,Manufactura,Secundario,108.79376210803689,8.772132752095283,1240.2201971014492
06,CHIMBORAZO,CHI,Sierra,2022,C,Manufactura,Secundario,107.89867644017053,8.142135477944997,1325.1889106050985
06,CHIMBORAZO,CHI,Sierra,2023,C,Manufactura,Secundario,112.7531554887218,8.817501875639861,1278.7426311779448
06,CHIMBORAZO,CHI,Sierra,2018,D,Electricidad,Secundario,18.39947,1.373114409606036,1339.98084
06,CHIMBORAZO,CHI,Sierra,2019,D,Electricidad,Secundario,19.57843757817698,1.4195055272972925,1379.2434901929475
06,CHIMBORAZO,CHI,Sierra,2020,D,Electricidad,Secundario,18.14683572867696,1.522970935392212,1191.5418283411686
06,CHIMBORAZO,CHI,Sierra,2021,D,Electricidad,Secundario,22.989947826086954,1.8536988737820397,1240.2201971014492
06,CHIMBORAZO,CHI,Sierra,2022,D,Electricidad,Secundario,23.120425902204484,1.7446890565698587,1325.1889106050985
06,CHIMBORAZO,CHI,Sierra,2023,D,Electricidad,Secundario,17.437626666666667,1.3636541272268037,1278.7426311779448
06,CHIMBORAZO,CHI,Sierra,2018,E,Agua,Secundario,0.79069,0.05900756013794944,1339.98084
06,CHIMBORAZO,CHI,Sierra,2019,E,Agua,Secundario,0.9875666267465071,0.07160205096261522,1379.2434901929475
06,CHIMBORAZO,CHI,Sierra,2020,E,Agua,Secundario,0.7396164942914708,0.06207222245157304,1191.5418283411686
06,CHIMBORAZO,CHI,Sierra,2021,E,Agua,Secundario,0.9061451383399208,0.07306324638622207,1240.2201971014492
06,CHIMBORAZO,CHI,Sierra,2022,E,Agua,Secundario,0.7447822189966434,0.0562019658507832,1325.1889106050985
06,CHIMBORAZO,CHI,Sierra,2023,E,Agua,Secundario,0.9336956390977443,0.0730166975224442,1278.7426311779448
06,CHIMBORAZO,CHI,Sierra,2018,F,Construcción,Secundario,104.89133,7.827823120217152,1339.98084
06,CHIMBORAZO,CHI,Sierra,2019,F,Construcción,Secundario,99.32732210246175,7.201579910198921,1379.2434901929475
06,CHIMBORAZO,CHI,Sierra,2020,F,Construcción,Secundario,68.29732685023505,5.731844676012481,1191.5418283411686
06,CHIMBORAZO,CHI,Sierra,2021,F,Construcción,Secundario,79.6136059025033,6.419312158322395,1240.2201971014492
06,CHIMBORAZO,CHI,Sierra,2022,F,Construcción,Secundario,83.94631600108863,6.334667859751229,1325.1889106050985
06,CHIMBORAZO,CHI,Sierra,2023,F,Construcción,Secundario,85.63458426065162,6.696780272490583,1278.7426311779448
06,CHIMBORAZO,CHI,Sierra,2018,G,Comercio,Terciario,178.81466,13.344568419351429,1339.98084
06,CHIMBORAZO,CHI,Sierra,2019,G,Comercio,Terciario,190.9908886227545,13.847510608589936,1379.2434901929475
06,CHIMBORAZO,CHI,Sierra,2020,G,Comercio,Terciario,137.43403519140364,11.534134339432756,1191.5418283411686
06,CHIMBORAZO,CHI,Sierra,2021,G,Comercio,Terciario,167.17281011857705,13.479284606820704,1240.2201971014492
06,CHIMBORAZO,CHI,Sierra,2022,G,Comercio,Terciario,188.20993373128914,14.202498392878194,1325.1889106050985
06,CHIMBORAZO,CHI,Sierra,2023,G,Comercio,Terciario,195.4082648621554,15.281281791798115,1278.7426311779448
06,CHIMBORAZO,CHI,Sierra,2018,H,Transporte,Terciario,54.56546999999999,4.072108225069845,1339.98084
06,CHIMBORAZO,CHI,Sierra,2019,H,Transporte,Terciario,60.199276114437794,4.364659071620218,1379.2434901929475
06,CHIMBORAZO,CHI,Sierra,2020,H,Transporte,Terciario,44.69961735392881,3.7514098364602413,1191.5418283411686
06,CHIMBORAZO,CHI,Sierra,2021,H,Transporte,Terciario,44.06653617918314,3.5531219602915822,1240.2201971014492
06,CHIMBORAZO,CHI,Sierra,2022,H,Transporte,Terciario,43.87593426109045,3.310919213854282,1325.1889106050985
06,CHIMBORAZO,CHI,Sierra,2023,H,Transporte,Terciario,49.72324832080201,3.8884484734037708,1278.7426311779448
06,CHIMBORAZO,CHI,Sierra,2018,I,Alojamiento,Terciario,19.919220000000003,1.4865302103871876,1339.98084
06,CHIMBORAZO,CHI,Sierra,2019,I,Alojamiento,Terciario,20.403826373918832,1.4793491155839686,1379.2434901929475
06,CHIMBORAZO,CHI,Sierra,2020,I,Alojamiento,Terciario,11.86462065815984,0.9957368156078443,1191.5418283411686
06,CHIMBORAZO,CHI,Sierra,2021,I,Alojamiento,Terciario,14.192915098814229,1.1443867090686686,1240.2201971014492
06,CHIMBORAZO,CHI,Sierra,2022,I,Alojamiento,Terciario,14.112820771114942,1.0649667121550876,1325.1889106050985
06,CHIMBORAZO,CHI,Sierra,2023,I,Alojamiento,Terciario,10.483228671679196,0.8198075528319813,1278.7426311779448
06,CHIMBORAZO,CHI,Sierra,2018,J,Información y comunicaciones,Terciario,6.04557,0.45116839133311787,1339.98084
06,CHIMBORAZO,CHI,Sierra,2019,J,Información y comunicaciones,Terciario,6.0010100332668,0.4350943162637147,1379.2434901929475
06,CHIMBORAZO,CHI,Sierra,2020,J,Información y comunicaciones,Terciario,3.4963101141705843,0.29342739222491665,1191.5418283411686
06,CHIMBORAZO,CHI,Sierra,2021,J,Información y comunicaciones,Terciario,3.902315256916996,0.31464696882353616,1240.2201971014492
06,CHIMBORAZO,CHI,Sierra,2022,J,Información y comunicaciones,Terciario,4.0204008926789445,0.30338322789338595,1325.1889106050985
06,CHIMBORAZO,CHI,Sierra,2023,J,Información y comunicaciones,Terciario,4.470215939849624,0.34957901854979034,1278.7426311779448
06,CHIMBORAZO,CHI,Sierra,2018,K,Financiero,Terciario,56.80689999999999,4.239381512350579,1339.98084
06,CHIMBORAZO,CHI,Sierra,2019,K,Financiero,Terciario,59.741581796407196,4.331474625125816,1379.2434901929475
06,CHIMBORAZO,CHI,Sierra,2020,K,Financiero,Terciario,55.05027868368033,4.620087803406768,1191.5418283411686
06,CHIMBORAZO,CHI,Sierra,2021,K,Financiero,Terciario,97.74003583662714,7.880861484521693,1240.2201971014492
06,CHIMBORAZO,CHI,Sierra,2022,K,Financiero,Terciario,98.80168407148689,7.455667888616178,1325.1889106050985
06,CHIMBORAZO,CHI,Sierra,2023,K,Financiero,Terciario,85.60355248120301,6.694353530885822,1278.7426311779448
06,CHIMBORAZO,CHI,Sierra,2018,L,Inmobiliario,Terciario,42.55398,3.1757155572463267,1339.98084
06,CHIMBORAZO,CHI,Sierra,2019,L,Inmobiliario,Terciario,50.293399760479055,3.646448224558473,1379.2434901929475
06,CHIMBORAZO,CHI,Sierra,2020,L,Inmobiliario,Terciario,40.293826621893885,3.3816543963034706,1191.5418283411686
06,CHIMBORAZO,CHI,Sierra,2021,L,Inmobiliario,Terciario,36.40551884057971,2.935407674029498,1240.2201971014492
06,CHIMBORAZO,CHI,Sierra,2022,L,Inmobiliario,Terciario,29.948497214914273,2.2599417317218116,1325.1889106050985
06,CHIMBORAZO,CHI,Sierra,2023,L,Inmobiliario,Terciario,32.412641804511274,2.534727553006783,1278.7426311779448
06,CHIMBORAZO,CHI,Sierra,2018,M-N,Act. Profesionales y servicios admin.,Terciario,75.0908,5.603871171769889,1339.98084
06,CHIMBORAZO,CHI,Sierra,2019,M-N,Act. Profesionales y servicios admin.,Terciario,76.41317663339987,5.540223838410877,1379.2434901929475
06,CHIMBORAZO,CHI,Sierra,2020,M-N,Act. Profesionales y servicios admin.,Terciario,55.94602229684352,4.695262974924684,1191.5418283411686
06,CHIMBORAZO,CHI,Sierra,2021,M-N,Act. Profesionales y servicios admin.,Terciario,55.78718440052701,4.498167706904685,1240.2201971014492
06,CHIMBORAZO,CHI,Sierra,2022,M-N,Act. Profesionales y servicios admin.,Terciario,60.04526320602377,4.531071964570419,1325.1889106050985
06,CHIMBORAZO,CHI,Sierra,2023,M-N,Act. Profesionales y servicios admin.,Terciario,63.95771308270677,5.0016095126030615,1278.7426311779448
06,CHIMBORAZO,CHI,Sierra,2018,O,Admin. Publica,Terciario,249.10855999999998,18.590456860562274,1339.98084
06,CHIMBORAZO,CHI,Sierra,2019,O,Admin. Publica,Terciario,247.81621141716573,17.96754620770389,1379.2434901929475
06,CHIMBORAZO,CHI,Sierra,2020,O,Admin. Publica,Terciario,251.4883853324379,21.1061315138683,1191.5418283411686
06,CHIMBORAZO,CHI,Sierra,2021,O,Admin. Publica,Terciario,197.6519249538867,15.936841329936744,1240.2201971014492
06,CHIMBORAZO,CHI,Sierra,2022,O,Admin. Publica,Terciario,233.71183894039737,17.636114901812867,1325.1889106050985
06,CHIMBORAZO,CHI,Sierra,2023,O,Admin. Publica,Terciario,156.93421092731828,12.272540783500315,1278.7426311779448
06,CHIMBORAZO,CHI,Sierra,2018,P,Educación,Terciario,183.37153,13.684638207214963,1339.98084
06,CHIMBORAZO,CHI,Sierra,2019,P,Educación,Terciario,178.82199760479045,12.965223245663054,1379.2434901929475
06,CHIMBORAZO,CHI,Sierra,2020,P,Educación,Terciario,167.0933495231699,14.023288612183476,1191.5418283411686
06,CHIMBORAZO,CHI,Sierra,2021,P,Educación,Terciario,164.39324374176547,13.25516582667926,1240.2201971014492
06,CHIMBORAZO,CHI,Sierra,2022,P,Educación,Terciario,149.71270624693824,11.297461444842416,1325.1889106050985
06,CHIMBORAZO,CHI,Sierra,2023,P,Educación,Terciario,160.2505309273183,12.531883040428522,1278.7426311779448
06,CHIMBORAZO,CHI,Sierra,2018,Q,Salud,Terciario,68.33788,5.099914712213348,1339.98084
06,CHIMBORAZO,CHI,Sierra,2019,Q,Salud,Terciario,65.32042113107121,4.735960082141355,1379.2434901929475
06,CHIMBORAZO,CHI,Sierra,2020,Q,Salud,Terciario,75.4831742108798,6.334916023549536,1191.5418283411686
06,CHIMBORAZO,CHI,Sierra,2021,Q,Salud,Terciario,66.58942166007905,5.369161203446526,1240.2201971014492
06,CHIMBORAZO,CHI,Sierra,2022,Q,Salud,Terciario,82.68073063231425,6.239165599005892,1325.1889106050985
06,CHIMBORAZO,CHI,Sierra,2023,Q,Salud,Terciario,84.60960260651629,6.616624842528015,1278.7426311779448
06,CHIMBORAZO,CHI,Sierra,2018,R-S-U,Otros servicios,Terciario,10.11119,0.7545772072382767,1339.98084
06,CHIMBORAZO,CHI,Sierra,2019,R-S-U,Otros servicios,Terciario,10.730284497671326,0.7779833346300751,1379.2434901929475
06,CHIMBORAZO,CHI,Sierra,2020,R-S-U,Otros servicios,Terciario,11.656434331766285,0.9782648040139764,1191.5418283411686
06,CHIMBORAZO,CHI,Sierra,2021,R-S-U,Otros servicios,Terciario,9.349430724637681,0.7538524809133473,1240.2201971014492
06,CHIMBORAZO,CHI,Sierra,2022,R-S-U,Otros servicios,Terciario,9.197334533248663,0.6940395033225143,1325.1889106050985
06,CHIMBORAZO,CHI,Sierra,2023,R-S-U,Otros servicios,Terciario,8.629784260651627,0.6748648281712554,1278.7426311779448
06,CHIMBORAZO,CHI,Sierra,2018,T,Servicios hogares,Terciario,7.0892,0.5290523407782458,1339.98084
06,CHIMBORAZO,CHI,Sierra,2019,T,Servicios hogares,Terciario,10.48310014637392,0.7600616005015474,1379.2434901929475
06,CHIMBORAZO,CHI,Sierra,2020,T,Servicios hogares,Terciario,7.751104902619208,0.650510516564079,1191.5418283411686
06,CHIMBORAZO,CHI,Sierra,2021,T,Servicios hogares,Terciario,10.768511198945982,0.86827413584405,1240.2201971014492
06,CHIMBORAZO,CHI,Sierra,2022,T,Servicios hogares,Terciario,22.152142160936226,1.6716214559040696,1325.1889106050985
06,CHIMBORAZO,CHI,Sierra,2023,T,Servicios hogares,Terciario,18.548607719298243,1.4505348665987419,1278.7426311779448
07,EL ORO,ORO,Costa,2018,A,Agricultura,Primario,934.46673,27.81649584552169,3359.39773
07,EL ORO,ORO,Costa,2019,A,Agricultura,Primario,926.5720518429807,27.368529337226168,3385.538332827678
07,EL ORO,ORO,Costa,2020,A,Agricultura,Primario,877.4675889858966,27.09096841056329,3238.9672295500336
07,EL ORO,ORO,Costa,2021,A,Agricultura,Primario,915.5179018708827,25.65435648012827,3568.6644589196308
07,EL ORO,ORO,Costa,2022,A,Agricultura,Primario,744.3338310659531,20.39375274197958,3649.8129622498413
07,EL ORO,ORO,Costa,2023,A,Agricultura,Primario,849.0713074686716,22.460813459255796,3780.234001804511
07,EL ORO,ORO,Costa,2018,B,Minas y canteras,Primario,91.65422,2.728293205103761,3359.39773
07,EL ORO,ORO,Costa,2019,B,Minas y canteras,Primario,88.31079728542915,2.608471344989025,3385.538332827678
07,EL ORO,ORO,Costa,2020,B,Minas y canteras,Primario,122.22061560779048,3.7734440315646447,3238.9672295500336
07,EL ORO,ORO,Costa,2021,B,Minas y canteras,Primario,280.63644268774704,7.863906677645627,3568.6644589196308
07,EL ORO,ORO,Costa,2022,B,Minas y canteras,Primario,299.09638264719223,8.194841372441761,3649.8129622498413
07,EL ORO,ORO,Costa,2023,B,Minas y canteras,Primario,366.2847819548872,9.68947376749798,3780.234001804511
07,EL ORO,ORO,Costa,2018,C,Manufactura,Secundario,259.01948,7.710295142695116,3359.39773
07,EL ORO,ORO,Costa,2019,C,Manufactura,Secundario,241.51038871590154,7.133588959076609,3385.538332827678
07,EL ORO,ORO,Costa,2020,C,Manufactura,Secundario,251.47667857622568,7.764100738097357,3238.9672295500336
07,EL ORO,ORO,Costa,2021,C,Manufactura,Secundario,289.9558924901185,8.125053387000108,3568.6644589196308
07,EL ORO,ORO,Costa,2022,C,Manufactura,Secundario,367.7978146348544,10.077168842321555,3649.8129622498413
07,EL ORO,ORO,Costa,2023,C,Manufactura,Secundario,312.055517593985,8.254925950219587,3780.234001804511
07,EL ORO,ORO,Costa,2018,D,Electricidad,Secundario,57.80666,1.7207447478986064,3359.39773
07,EL ORO,ORO,Costa,2019,D,Electricidad,Secundario,65.23673548902195,1.9269235517571222,3385.538332827678
07,EL ORO,ORO,Costa,2020,D,Electricidad,Secundario,60.39802390866353,1.8647309351460835,3238.9672295500336
07,EL ORO,ORO,Costa,2021,D,Electricidad,Secundario,62.65856210803689,1.7557986420221192,3568.6644589196308
07,EL ORO,ORO,Costa,2022,D,Electricidad,Secundario,61.841861678308994,1.6943844059392028,3649.8129622498413
07,EL ORO,ORO,Costa,2023,D,Electricidad,Secundario,53.94236411027569,1.4269583333869298,3780.234001804511
07,EL ORO,ORO,Costa,2018,E,Agua,Secundario,4.09607,0.12192870059479383,3359.39773
07,EL ORO,ORO,Costa,2019,E,Agua,Secundario,6.070936526946109,0.1793196806569762,3385.538332827678
07,EL ORO,ORO,Costa,2020,E,Agua,Secundario,5.011602740094022,0.15472841757618672,3238.9672295500336
07,EL ORO,ORO,Costa,2021,E,Agua,Secundario,7.315216231884058,0.2049847027114073,3568.6644589196308
07,EL ORO,ORO,Costa,2022,E,Agua,Secundario,8.015482246212466,0.2196135070239739,3649.8129622498413
07,EL ORO,ORO,Costa,2023,E,Agua,Secundario,7.473428771929824,0.19769751735904048,3780.234001804511
07,EL ORO,ORO,Costa,2018,F,Construcción,Secundario,226.27728,6.735650202395058,3359.39773
07,EL ORO,ORO,Costa,2019,F,Construcción,Secundario,204.04624904856954,6.026995679536303,3385.538332827678
07,EL ORO,ORO,Costa,2020,F,Construcción,Secundario,137.46602423102752,4.244131369310726,3238.9672295500336
07,EL ORO,ORO,Costa,2021,F,Construcción,Secundario,175.38500679841894,4.914583839902802,3568.6644589196308
07,EL ORO,ORO,Costa,2022,F,Construcción,Secundario,196.0092686782183,5.3703921462702295,3649.8129622498413
07,EL ORO,ORO,Costa,2023,F,Construcción,Secundario,193.64215799498746,5.122491303515908,3780.234001804511
07,EL ORO,ORO,Costa,2018,G,Comercio,Terciario,635.79804,18.92595313505793,3359.39773
07,EL ORO,ORO,Costa,2019,G,Comercio,Terciario,671.6993285961411,19.84025175798623,3385.538332827678
07,EL ORO,ORO,Costa,2020,G,Comercio,Terciario,611.7285157824043,18.88652994699756,3238.9672295500336
07,EL ORO,ORO,Costa,2021,G,Comercio,Terciario,712.6888284584979,19.970743583840765,3568.6644589196308
07,EL ORO,ORO,Costa,2022,G,Comercio,Terciario,778.9050591381657,21.340958213322473,3649.8129622498413
07,EL ORO,ORO,Costa,2023,G,Comercio,Terciario,825.5391071679197,21.838307014164865,3780.234001804511
07,EL ORO,ORO,Costa,2018,H,Transporte,Terciario,141.30571,4.206281046692259,3359.39773
07,EL ORO,ORO,Costa,2019,H,Transporte,Terciario,145.0733683566201,4.28509011255092,3385.538332827678
07,EL ORO,ORO,Costa,2020,H,Transporte,Terciario,134.97250535930158,4.167146370852673,3238.9672295500336
07,EL ORO,ORO,Costa,2021,H,Transporte,Terciario,127.04042287220025,3.5598870203297337,3568.6644589196308
07,EL ORO,ORO,Costa,2022,H,Transporte,Terciario,121.58743552209017,3.331333325287454,3649.8129622498413
07,EL ORO,ORO,Costa,2023,H,Transporte,Terciario,129.4421746365915,3.424184179466184,3780.234001804511
07,EL ORO,ORO,Costa,2018,I,Alojamiento,Terciario,33.51264,0.9975788130332515,3359.39773
07,EL ORO,ORO,Costa,2019,I,Alojamiento,Terciario,34.41500231536927,1.0165296898772693,3385.538332827678
07,EL ORO,ORO,Costa,2020,I,Alojamiento,Terciario,26.69613130960376,0.8242173945462382,3238.9672295500336
07,EL ORO,ORO,Costa,2021,I,Alojamiento,Terciario,32.17532563899868,0.9016069179207551,3568.6644589196308
07,EL ORO,ORO,Costa,2022,I,Alojamiento,Terciario,31.81794069853942,0.8717690749535285,3649.8129622498413
07,EL ORO,ORO,Costa,2023,I,Alojamiento,Terciario,28.825677192982457,0.7625368476983805,3780.234001804511
07,EL ORO,ORO,Costa,2018,J,Información y comunicaciones,Terciario,14.3087,0.4259305134435511,3359.39773
07,EL ORO,ORO,Costa,2019,J,Información y comunicaciones,Terciario,14.408169900199603,0.4255798778141607,3385.538332827678
07,EL ORO,ORO,Costa,2020,J,Información y comunicaciones,Terciario,12.498189496306246,0.38586958775876623,3238.9672295500336
07,EL ORO,ORO,Costa,2021,J,Información y comunicaciones,Terciario,11.36776305665349,0.3185439031187298,3568.6644589196308
07,EL ORO,ORO,Costa,2022,J,Información y comunicaciones,Terciario,13.056458270888143,0.3577295167158318,3649.8129622498413
07,EL ORO,ORO,Costa,2023,J,Información y comunicaciones,Terciario,13.048688922305764,0.34518204206609737,3780.234001804511
07,EL ORO,ORO,Costa,2018,K,Financiero,Terciario,75.81262,2.256732488772623,3359.39773
07,EL ORO,ORO,Costa,2019,K,Financiero,Terciario,77.69529910844977,2.2949171289860097,3385.538332827678
07,EL ORO,ORO,Costa,2020,K,Financiero,Terciario,69.07693216924112,2.1326838857470465,3238.9672295500336
07,EL ORO,ORO,Costa,2021,K,Financiero,Terciario,91.6990187088274,2.5695612396293526,3568.6644589196308
07,EL ORO,ORO,Costa,2022,K,Financiero,Terciario,132.68577939218002,3.635413122934086,3649.8129622498413
07,EL ORO,ORO,Costa,2023,K,Financiero,Terciario,106.23421072681705,2.8102548857056386,3780.234001804511
07,EL ORO,ORO,Costa,2018,L,Inmobiliario,Terciario,106.23195000000001,3.162231999245889,3359.39773
07,EL ORO,ORO,Costa,2019,L,Inmobiliario,Terciario,109.84392452428477,3.2445039377988865,3385.538332827678
07,EL ORO,ORO,Costa,2020,L,Inmobiliario,Terciario,118.18686538616521,3.648905870609381,3238.9672295500336
07,EL ORO,ORO,Costa,2021,L,Inmobiliario,Terciario,120.37059899868245,3.3729873005522957,3568.6644589196308
07,EL ORO,ORO,Costa,2022,L,Inmobiliario,Terciario,128.01871307629506,3.507541739820578,3649.8129622498413
07,EL ORO,ORO,Costa,2023,L,Inmobiliario,Terciario,118.09992260651627,3.124143176061079,3780.234001804511
07,EL ORO,ORO,Costa,2018,M-N,Act. Profesionales y servicios admin.,Terciario,158.94013,4.731209067049051,3359.39773
07,EL ORO,ORO,Costa,2019,M-N,Act. Profesionales y servicios admin.,Terciario,154.18864904856954,4.554331804590371,3385.538332827678
07,EL ORO,ORO,Costa,2020,M-N,Act. Profesionales y servicios admin.,Terciario,139.7147314976494,4.313558044767837,3238.9672295500336
07,EL ORO,ORO,Costa,2021,M-N,Act. Profesionales y servicios admin.,Terciario,150.0311633201581,4.204126362879692,3568.6644589196308
07,EL ORO,ORO,Costa,2022,M-N,Act. Profesionales y servicios admin.,Terciario,163.25220325501226,4.472892308278156,3649.8129622498413
07,EL ORO,ORO,Costa,2023,M-N,Act. Profesionales y servicios admin.,Terciario,159.55909614035087,4.22087881502004,3780.234001804511
07,EL ORO,ORO,Costa,2018,O,Admin. Publica,Terciario,295.60856,8.799451084941943,3359.39773
07,EL ORO,ORO,Costa,2019,O,Admin. Publica,Terciario,293.722664324684,8.675803829382732,3385.538332827678
07,EL ORO,ORO,Costa,2020,O,Admin. Publica,Terciario,314.32101050369374,9.704359081995408,3238.9672295500336
07,EL ORO,ORO,Costa,2021,O,Admin. Publica,Terciario,268.31890065876155,7.51874836503939,3568.6644589196308
07,EL ORO,ORO,Costa,2022,O,Admin. Publica,Terciario,303.3553086891046,8.311530257213738,3649.8129622498413
07,EL ORO,ORO,Costa,2023,O,Admin. Publica,Terciario,297.8744090225564,7.879787570831984,3780.234001804511
07,EL ORO,ORO,Costa,2018,P,Educación,Terciario,177.19418,5.274581762606596,3359.39773
07,EL ORO,ORO,Costa,2019,P,Educación,Terciario,178.29494717232203,5.266369175132217,3385.538332827678
07,EL ORO,ORO,Costa,2020,P,Educación,Terciario,164.29881853593017,5.0725681024798455,3238.9672295500336
07,EL ORO,ORO,Costa,2021,P,Educación,Terciario,161.87199283267458,4.535926386356854,3568.6644589196308
07,EL ORO,ORO,Costa,2022,P,Educación,Terciario,135.38872376666967,3.7094701883904886,3649.8129622498413
07,EL ORO,ORO,Costa,2023,P,Educación,Terciario,152.17113904761902,4.025442313226627,3780.234001804511
07,EL ORO,ORO,Costa,2018,Q,Salud,Terciario,91.30836,2.7179979073213216,3359.39773
07,EL ORO,ORO,Costa,2019,Q,Salud,Terciario,106.9333793213573,3.1585339998807256,3385.538332827678
07,EL ORO,ORO,Costa,2020,Q,Salud,Terciario,125.87920419073204,3.88639943752131,3238.9672295500336
07,EL ORO,ORO,Costa,2021,Q,Salud,Terciario,105.24109217391305,2.94903298938263,3568.6644589196308
07,EL ORO,ORO,Costa,2022,Q,Salud,Terciario,109.40790626145333,2.9976304921118864,3649.8129622498413
07,EL ORO,ORO,Costa,2023,Q,Salud,Terciario,106.80531609022556,2.8253625579591524,3780.234001804511
07,EL ORO,ORO,Costa,2018,R-S-U,Otros servicios,Terciario,29.99692,0.89292553043429,3359.39773
07,EL ORO,ORO,Costa,2019,R-S-U,Otros servicios,Terciario,31.794519973386564,0.939127454712086,3385.538332827678
07,EL ORO,ORO,Costa,2020,R-S-U,Otros servicios,Terciario,27.78032440564137,0.8576908142877596,3238.9672295500336
07,EL ORO,ORO,Costa,2021,R-S-U,Otros servicios,Terciario,27.134062292490118,0.7603422121872624,3568.6644589196308
07,EL ORO,ORO,Costa,2022,R-S-U,Otros servicios,Terciario,24.593839702440352,0.6738383571107726,3649.8129622498413
07,EL ORO,ORO,Costa,2023,R-S-U,Otros servicios,Terciario,23.787003909774434,0.6292468640412102,3780.234001804511
07,EL ORO,ORO,Costa,2018,T,Servicios hogares,Terciario,26.05948,0.7757188071922642,3359.39773
07,EL ORO,ORO,Costa,2019,T,Servicios hogares,Terciario,35.72192127744511,1.055132678046193,3385.538332827678
07,EL ORO,ORO,Costa,2020,T,Servicios hogares,Terciario,39.77346686366689,1.2279675601778883,3238.9672295500336
07,EL ORO,ORO,Costa,2021,T,Servicios hogares,Terciario,29.256267720685113,0.8198099893522095,3568.6644589196308
07,EL ORO,ORO,Costa,2022,T,Servicios hogares,Terciario,30.648953526263266,0.8397403878847107,3649.8129622498413
07,EL ORO,ORO,Costa,2023,T,Servicios hogares,Terciario,36.37769844611529,0.9623134025235008,3780.234001804511
08,ESMERALDAS,ESM,Costa,2018,A,Agricultura,Primario,255.25794999999997,10.319746486514717,2473.49051
08,ESMERALDAS,ESM,Costa,2019,A,Agricultura,Primario,251.97922938123756,11.703449400893707,2153.0338684763806
08,ESMERALDAS,ESM,Costa,2020,A,Agricultura,Primario,239.8207694828744,12.289052347983956,1951.4992913364674
08,ESMERALDAS,ESM,Costa,2021,A,Agricultura,Primario,225.70390281949932,11.290279590312961,1999.0993226877467
08,ESMERALDAS,ESM,Costa,2022,A,Agricultura,Primario,220.14936237321962,12.62517347203826,1743.7333662052074
08,ESMERALDAS,ESM,Costa,2023,A,Agricultura,Primario,279.12666265664166,16.40425050007475,1701.5508429072681
08,ESMERALDAS,ESM,Costa,2018,B,Minas y canteras,Primario,1.13214,0.04577094577169006,2473.49051
08,ESMERALDAS,ESM,Costa,2019,B,Minas y canteras,Primario,0.4816902727877579,0.022372628681806648,2153.0338684763806
08,ESMERALDAS,ESM,Costa,2020,B,Minas y canteras,Primario,0.3353243250503694,0.017182907856488405,1951.4992913364674
08,ESMERALDAS,ESM,Costa,2021,B,Minas y canteras,Primario,0.5231205270092225,0.026167810727177776,1999.0993226877467
08,ESMERALDAS,ESM,Costa,2022,B,Minas y canteras,Primario,0.520411561280958,0.029844675302251142,1743.7333662052074
08,ESMERALDAS,ESM,Costa,2023,B,Minas y canteras,Primario,0.6109198997493733,0.03590371115244233,1701.5508429072681
08,ESMERALDAS,ESM,Costa,2018,C,Manufactura,Secundario,962.8262299999999,38.925810554251925,2473.49051
08,ESMERALDAS,ESM,Costa,2019,C,Manufactura,Secundario,634.2303657218896,29.45751922475377,2153.0338684763806
08,ESMERALDAS,ESM,Costa,2020,C,Manufactura,Secundario,485.9190874949631,24.899782933673812,1951.4992913364674
08,ESMERALDAS,ESM,Costa,2021,C,Manufactura,Secundario,641.1120219235835,32.070043476460285,1999.0993226877467
08,ESMERALDAS,ESM,Costa,2022,C,Manufactura,Secundario,456.97685131089554,26.2068077704672,1743.7333662052074
08,ESMERALDAS,ESM,Costa,2023,C,Manufactura,Secundario,430.5590512280701,25.303919246539664,1701.5508429072681
08,ESMERALDAS,ESM,Costa,2018,D,Electricidad,Secundario,33.99437,1.3743481069591814,2473.49051
08,ESMERALDAS,ESM,Costa,2019,D,Electricidad,Secundario,30.909251363938793,1.4356138013663522,2153.0338684763806
08,ESMERALDAS,ESM,Costa,2020,D,Electricidad,Secundario,25.371086098052388,1.3000817479506857,1951.4992913364674
08,ESMERALDAS,ESM,Costa,2021,D,Electricidad,Secundario,28.0491739657444,1.4030905642063287,1999.0993226877467
08,ESMERALDAS,ESM,Costa,2022,D,Electricidad,Secundario,34.72281102422208,1.9912913119158497,1743.7333662052074
08,ESMERALDAS,ESM,Costa,2023,D,Electricidad,Secundario,31.2257728320802,1.8351360444056948,1701.5508429072681
08,ESMERALDAS,ESM,Costa,2018,E,Agua,Secundario,4.83744,0.1955713992207716,2473.49051
08,ESMERALDAS,ESM,Costa,2019,E,Agua,Secundario,5.281881889554225,0.24532274976668203,2153.0338684763806
08,ESMERALDAS,ESM,Costa,2020,E,Agua,Secundario,4.46061754197448,0.22857387454748518,1951.4992913364674
08,ESMERALDAS,ESM,Costa,2021,E,Agua,Secundario,5.329579552042161,0.2665990374543599,1999.0993226877467
08,ESMERALDAS,ESM,Costa,2022,E,Agua,Secundario,3.9384920402794155,0.22586549736388553,1743.7333662052074
08,ESMERALDAS,ESM,Costa,2023,E,Agua,Secundario,4.756041904761905,0.2795121829351709,1701.5508429072681
08,ESMERALDAS,ESM,Costa,2018,F,Construcción,Secundario,78.12316,3.1584176160837583,2473.49051
08,ESMERALDAS,ESM,Costa,2019,F,Construcción,Secundario,72.37779353293413,3.3616653501207168,2153.0338684763806
08,ESMERALDAS,ESM,Costa,2020,F,Construcción,Secundario,46.87938707857622,2.4022241405207625,1951.4992913364674
08,ESMERALDAS,ESM,Costa,2021,F,Construcción,Secundario,52.20618814229249,2.6114854599671604,1999.0993226877467
08,ESMERALDAS,ESM,Costa,2022,F,Construcción,Secundario,52.696321886963624,3.022040118532788,1743.7333662052074
08,ESMERALDAS,ESM,Costa,2023,F,Construcción,Secundario,46.41409022556391,2.727752180843497,1701.5508429072681
08,ESMERALDAS,ESM,Costa,2018,G,Comercio,Terciario,172.89178,6.989789501961745,2473.49051
08,ESMERALDAS,ESM,Costa,2019,G,Comercio,Terciario,182.09834602794416,8.457755760099035,2153.0338684763806
08,ESMERALDAS,ESM,Costa,2020,G,Comercio,Terciario,153.91030973807923,7.886772514924926,1951.4992913364674
08,ESMERALDAS,ESM,Costa,2021,G,Comercio,Terciario,187.47887093544136,9.378166897849777,1999.0993226877467
08,ESMERALDAS,ESM,Costa,2022,G,Comercio,Terciario,205.3941072448517,11.778985894606112,1743.7333662052074
08,ESMERALDAS,ESM,Costa,2023,G,Comercio,Terciario,208.4594698746867,12.251145520783444,1701.5508429072681
08,ESMERALDAS,ESM,Costa,2018,H,Transporte,Terciario,327.6871,13.247962693820886,2473.49051
08,ESMERALDAS,ESM,Costa,2019,H,Transporte,Terciario,345.82761857618107,16.062339921336676,2153.0338684763806
08,ESMERALDAS,ESM,Costa,2020,H,Transporte,Terciario,445.34957130960373,22.820893314524852,1951.4992913364674
08,ESMERALDAS,ESM,Costa,2021,H,Transporte,Terciario,322.82350397891963,16.148447469077738,1999.0993226877467
08,ESMERALDAS,ESM,Costa,2022,H,Transporte,Terciario,236.75406131906013,13.57742335540067,1743.7333662052074
08,ESMERALDAS,ESM,Costa,2023,H,Transporte,Terciario,165.9951795488722,9.755522748015744,1701.5508429072681
08,ESMERALDAS,ESM,Costa,2018,I,Alojamiento,Terciario,17.23225,0.6966774252956401,2473.49051
08,ESMERALDAS,ESM,Costa,2019,I,Alojamiento,Terciario,17.739634970059885,0.8239366426043983,2153.0338684763806
08,ESMERALDAS,ESM,Costa,2020,I,Alojamiento,Terciario,9.702476722632639,0.4971806428885753,1951.4992913364674
08,ESMERALDAS,ESM,Costa,2021,I,Alojamiento,Terciario,12.41816537549407,0.6211880137500176,1999.0993226877467
08,ESMERALDAS,ESM,Costa,2022,I,Alojamiento,Terciario,12.752088948562099,0.7313095680627928,1743.7333662052074
08,ESMERALDAS,ESM,Costa,2023,I,Alojamiento,Terciario,9.721776842105262,0.5713480077677047,1701.5508429072681
08,ESMERALDAS,ESM,Costa,2018,J,Información y comunicaciones,Terciario,2.82147,0.11406835759398164,2473.49051
08,ESMERALDAS,ESM,Costa,2019,J,Información y comunicaciones,Terciario,3.1761818230206256,0.14752121968560986,2153.0338684763806
08,ESMERALDAS,ESM,Costa,2020,J,Información y comunicaciones,Terciario,2.6652617327065142,0.1365750807360649,1951.4992913364674
08,ESMERALDAS,ESM,Costa,2021,J,Información y comunicaciones,Terciario,2.732474729907773,0.1366852911657245,1999.0993226877467
08,ESMERALDAS,ESM,Costa,2022,J,Información y comunicaciones,Terciario,2.9181174780005446,0.16734883523798627,1743.7333662052074
08,ESMERALDAS,ESM,Costa,2023,J,Información y comunicaciones,Terciario,3.4536495238095237,0.20297069218975683,1701.5508429072681
08,ESMERALDAS,ESM,Costa,2018,K,Financiero,Terciario,14.758079999999998,0.5966499543998653,2473.49051
08,ESMERALDAS,ESM,Costa,2019,K,Financiero,Terciario,17.983136872920827,0.8352463533537817,2153.0338684763806
08,ESMERALDAS,ESM,Costa,2020,K,Financiero,Terciario,14.329392827400941,0.7342760968971492,1951.4992913364674
08,ESMERALDAS,ESM,Costa,2021,K,Financiero,Terciario,24.16173027667984,1.208630807007373,1999.0993226877467
08,ESMERALDAS,ESM,Costa,2022,K,Financiero,Terciario,31.95342076748617,1.8324717176815095,1743.7333662052074
08,ESMERALDAS,ESM,Costa,2023,K,Financiero,Terciario,30.82072942355889,1.8113316773361074,1701.5508429072681
08,ESMERALDAS,ESM,Costa,2018,L,Inmobiliario,Terciario,49.14554,1.9868901781232222,2473.49051
08,ESMERALDAS,ESM,Costa,2019,L,Inmobiliario,Terciario,38.82635539587492,1.8033323100184597,2153.0338684763806
08,ESMERALDAS,ESM,Costa,2020,L,Inmobiliario,Terciario,32.914024875755544,1.6866019384108852,1951.4992913364674
08,ESMERALDAS,ESM,Costa,2021,L,Inmobiliario,Terciario,31.322831093544135,1.5668471665245352,1999.0993226877467
08,ESMERALDAS,ESM,Costa,2022,L,Inmobiliario,Terciario,31.863021130363784,1.8272874596478905,1743.7333662052074
08,ESMERALDAS,ESM,Costa,2023,L,Inmobiliario,Terciario,27.330667268170426,1.6062210178494154,1701.5508429072681
08,ESMERALDAS,ESM,Costa,2018,M-N,Act. Profesionales y servicios admin.,Terciario,59.427510000000005,2.402576834628729,2473.49051
08,ESMERALDAS,ESM,Costa,2019,M-N,Act. Profesionales y servicios admin.,Terciario,51.501953320026615,2.392064243581666,2153.0338684763806
08,ESMERALDAS,ESM,Costa,2020,M-N,Act. Profesionales y servicios admin.,Terciario,38.95034756212223,1.9959191240826648,1951.4992913364674
08,ESMERALDAS,ESM,Costa,2021,M-N,Act. Profesionales y servicios admin.,Terciario,37.83186171277997,1.8924453269243187,1999.0993226877467
08,ESMERALDAS,ESM,Costa,2022,M-N,Act. Profesionales y servicios admin.,Terciario,41.95789560010886,2.4062105143643353,1743.7333662052074
08,ESMERALDAS,ESM,Costa,2023,M-N,Act. Profesionales y servicios admin.,Terciario,42.1919871679198,2.479619539068877,1701.5508429072681
08,ESMERALDAS,ESM,Costa,2018,O,Admin. Publica,Terciario,246.37155,9.96048090760615,2473.49051
08,ESMERALDAS,ESM,Costa,2019,O,Admin. Publica,Terciario,248.5871640186294,11.545901235383027,2153.0338684763806
08,ESMERALDAS,ESM,Costa,2020,O,Admin. Publica,Terciario,213.98461507051712,10.965139266024105,1951.4992913364674
08,ESMERALDAS,ESM,Costa,2021,O,Admin. Publica,Terciario,210.5924776811594,10.534367917148922,1999.0993226877467
08,ESMERALDAS,ESM,Costa,2022,O,Admin. Publica,Terciario,208.43773361153956,11.953532440865734,1743.7333662052074
08,ESMERALDAS,ESM,Costa,2023,O,Admin. Publica,Terciario,196.9449363408521,11.574437352947513,1701.5508429072681
08,ESMERALDAS,ESM,Costa,2018,P,Educación,Terciario,170.3887,6.888593237416544,2473.49051
08,ESMERALDAS,ESM,Costa,2019,P,Educación,Terciario,170.1706053493014,7.903758869790776,2153.0338684763806
08,ESMERALDAS,ESM,Costa,2020,P,Educación,Terciario,158.6963730826058,8.132023095633508,1951.4992913364674
08,ESMERALDAS,ESM,Costa,2021,P,Educación,Terciario,150.6940528063241,7.538097336940675,1999.0993226877467
08,ESMERALDAS,ESM,Costa,2022,P,Educación,Terciario,133.51935669055612,7.6570970813689865,1743.7333662052074
08,ESMERALDAS,ESM,Costa,2023,P,Educación,Terciario,150.62465764411027,8.8521984677668,1701.5508429072681
08,ESMERALDAS,ESM,Costa,2018,Q,Salud,Terciario,46.24963,1.86981230827524,2473.49051
08,ESMERALDAS,ESM,Costa,2019,Q,Salud,Terciario,43.116848117099146,2.0026089114711083,2153.0338684763806
08,ESMERALDAS,ESM,Costa,2020,Q,Salud,Terciario,41.49544080591001,2.126336452702077,1951.4992913364674
08,ESMERALDAS,ESM,Costa,2021,Q,Salud,Terciario,36.79487451910409,1.8405726069495216,1999.0993226877467
08,ESMERALDAS,ESM,Costa,2022,Q,Salud,Terciario,39.048058786174366,2.2393365604486046,1743.7333662052074
08,ESMERALDAS,ESM,Costa,2023,Q,Salud,Terciario,39.15813834586466,2.3013204988314717,1701.5508429072681
08,ESMERALDAS,ESM,Costa,2018,R-S-U,Otros servicios,Terciario,11.49136,0.46458071917162924,2473.49051
08,ESMERALDAS,ESM,Costa,2019,R-S-U,Otros servicios,Terciario,13.740666081170993,0.6382001826517822,2153.0338684763806
08,ESMERALDAS,ESM,Costa,2020,R-S-U,Otros servicios,Terciario,12.165481262592344,0.6233915285852305,1951.4992913364674
08,ESMERALDAS,ESM,Costa,2021,R-S-U,Otros servicios,Terciario,11.244272569169961,0.5624669290594464,1999.0993226877467
08,ESMERALDAS,ESM,Costa,2022,R-S-U,Otros servicios,Terciario,11.088917093350268,0.6359296271013314,1743.7333662052074
08,ESMERALDAS,ESM,Costa,2023,R-S-U,Otros servicios,Terciario,11.524098446115287,0.6772702969266098,1701.5508429072681
08,ESMERALDAS,ESM,Costa,2018,T,Servicios hogares,Terciario,18.85425,0.7622527729043116,2473.49051
08,ESMERALDAS,ESM,Costa,2019,T,Servicios hogares,Terciario,25.005145761809715,1.1613911944406567,2153.0338684763806
08,ESMERALDAS,ESM,Costa,2020,T,Servicios hogares,Terciario,24.54972432505037,1.2579929920567743,1951.4992913364674
08,ESMERALDAS,ESM,Costa,2021,T,Servicios hogares,Terciario,18.080220079051383,0.90441829847368,1999.0993226877467
08,ESMERALDAS,ESM,Costa,2022,T,Servicios hogares,Terciario,19.042337338292665,1.09204409959382,1743.7333662052074
08,ESMERALDAS,ESM,Costa,2023,T,Servicios hogares,Terciario,22.63301373433584,1.3301403145653348,1701.5508429072681
09,GUAYAS,GUA,Costa,2018,A,Agricultura,Primario,2077.79971,7.047194623997887,29484.06878
09,GUAYAS,GUA,Costa,2019,A,Agricultura,Primario,2312.212565375915,7.653171244109762,30212.476522794415
09,GUAYAS,GUA,Costa,2020,A,Agricultura,Primario,2152.818670893217,7.414983008771162,29033.359460792482
09,GUAYAS,GUA,Costa,2021,A,Agricultura,Primario,2330.910841633729,7.637780390518438,30518.170495283266
09,GUAYAS,GUA,Costa,2022,A,Agricultura,Primario,2172.0705618724483,6.667516135927966,32576.90746585866
09,GUAYAS,GUA,Costa,2023,A,Agricultura,Primario,2280.215653333333,6.737836127752149,33841.957716090226
09,GUAYAS,GUA,Costa,2018,B,Minas y canteras,Primario,54.02082,0.18322037030602803,29484.06878
09,GUAYAS,GUA,Costa,2019,B,Minas y canteras,Primario,59.50439409181637,0.19695305032979366,30212.476522794415
09,GUAYAS,GUA,Costa,2020,B,Minas y canteras,Primario,53.362091712558765,0.18379578768561222,29033.359460792482
09,GUAYAS,GUA,Costa,2021,B,Minas y canteras,Primario,86.35343810276679,0.28295745354759433,30518.170495283266
09,GUAYAS,GUA,Costa,2022,B,Minas y canteras,Primario,108.59944793250477,0.3333632820927507,32576.90746585866
09,GUAYAS,GUA,Costa,2023,B,Minas y canteras,Primario,124.80613233082707,0.3687911124346324,33841.957716090226
09,GUAYAS,GUA,Costa,2018,C,Manufactura,Secundario,5578.57297,18.92063477271538,29484.06878
09,GUAYAS,GUA,Costa,2019,C,Manufactura,Secundario,5595.63786389887,18.520950639968646,30212.476522794415
09,GUAYAS,GUA,Costa,2020,C,Manufactura,Secundario,5472.907741356616,18.850411536933553,29033.359460792482
09,GUAYAS,GUA,Costa,2021,C,Manufactura,Secundario,5924.727263241107,19.4137694595972,30518.170495283266
09,GUAYAS,GUA,Costa,2022,C,Manufactura,Secundario,6634.1036431896955,20.36443652652538,32576.90746585866
09,GUAYAS,GUA,Costa,2023,C,Manufactura,Secundario,7092.676424060153,20.958233219137693,33841.957716090226
09,GUAYAS,GUA,Costa,2018,D,Electricidad,Secundario,368.12992,1.2485723145840524,29484.06878
09,GUAYAS,GUA,Costa,2019,D,Electricidad,Secundario,426.0535502860945,1.4101907533619422,30212.476522794415
09,GUAYAS,GUA,Costa,2020,D,Electricidad,Secundario,400.75492083277373,1.3803256952539895,29033.359460792482
09,GUAYAS,GUA,Costa,2021,D,Electricidad,Secundario,428.4745203689065,1.4039980556341978,30518.170495283266
09,GUAYAS,GUA,Costa,2022,D,Electricidad,Secundario,422.39007431007894,1.2965935294894193,32576.90746585866
09,GUAYAS,GUA,Costa,2023,D,Electricidad,Secundario,393.8320968421052,1.1637391079619988,33841.957716090226
09,GUAYAS,GUA,Costa,2018,E,Agua,Secundario,113.47916000000001,0.3848829713657994,29484.06878
09,GUAYAS,GUA,Costa,2019,E,Agua,Secundario,141.189626081171,0.4673222533566477,30212.476522794415
09,GUAYAS,GUA,Costa,2020,E,Agua,Secundario,113.18149480188046,0.3898325819122797,29033.359460792482
09,GUAYAS,GUA,Costa,2021,E,Agua,Secundario,153.5437067720685,0.50312225235061,30518.170495283266
09,GUAYAS,GUA,Costa,2022,E,Agua,Secundario,202.02330391363512,0.6201426704648381,32576.90746585866
09,GUAYAS,GUA,Costa,2023,E,Agua,Secundario,205.83135238095238,0.6082134908025414,33841.957716090226
09,GUAYAS,GUA,Costa,2018,F,Construcción,Secundario,1582.91716,5.368720212299002,29484.06878
09,GUAYAS,GUA,Costa,2019,F,Construcción,Secundario,1464.3295933998672,4.846771142031585,30212.476522794415
09,GUAYAS,GUA,Costa,2020,F,Construcción,Secundario,1076.8047389657488,3.708853398174256,29033.359460792482
09,GUAYAS,GUA,Costa,2021,F,Construcción,Secundario,1197.8907412911726,3.9251721903720034,30518.170495283266
09,GUAYAS,GUA,Costa,2022,F,Construcción,Secundario,1343.5988134192144,4.124390305701474,32576.90746585866
09,GUAYAS,GUA,Costa,2023,F,Construcción,Secundario,1363.2744046115286,4.0283556171555555,33841.957716090226
09,GUAYAS,GUA,Costa,2018,G,Comercio,Terciario,5214.118769999999,17.68452925851572,29484.06878
09,GUAYAS,GUA,Costa,2019,G,Comercio,Terciario,5222.695586959415,17.28655240499416,30212.476522794415
09,GUAYAS,GUA,Costa,2020,G,Comercio,Terciario,5058.705040376092,17.423767467238914,29033.359460792482
09,GUAYAS,GUA,Costa,2021,G,Comercio,Terciario,5918.399029670619,19.39303350633465,30518.170495283266
09,GUAYAS,GUA,Costa,2022,G,Comercio,Terciario,6462.7629503111675,19.838479011810097,32576.90746585866
09,GUAYAS,GUA,Costa,2023,G,Comercio,Terciario,6321.060720802005,18.67817687685557,33841.957716090226
09,GUAYAS,GUA,Costa,2018,H,Transporte,Terciario,1537.5683700000002,5.214912437875544,29484.06878
09,GUAYAS,GUA,Costa,2019,H,Transporte,Terciario,1626.6103228210247,5.383902645629846,30212.476522794415
09,GUAYAS,GUA,Costa,2020,H,Transporte,Terciario,1637.7625176628612,5.640968003976752,29033.359460792482
09,GUAYAS,GUA,Costa,2021,H,Transporte,Terciario,1799.3512299341237,5.895999664240104,30518.170495283266
09,GUAYAS,GUA,Costa,2022,H,Transporte,Terciario,1916.2719473972604,5.882301594789367,32576.90746585866
09,GUAYAS,GUA,Costa,2023,H,Transporte,Terciario,1860.6918440100249,5.498180275561762,33841.957716090226
09,GUAYAS,GUA,Costa,2018,I,Alojamiento,Terciario,437.95773,1.4854046545200061,29484.06878
09,GUAYAS,GUA,Costa,2019,I,Alojamiento,Terciario,476.40797061876265,1.5768583891470365,30212.476522794415
09,GUAYAS,GUA,Costa,2020,I,Alojamiento,Terciario,409.20690589657494,1.4094369838570704,29033.359460792482
09,GUAYAS,GUA,Costa,2021,I,Alojamiento,Terciario,445.13039894598154,1.4585749791743863,30518.170495283266
09,GUAYAS,GUA,Costa,2022,I,Alojamiento,Terciario,443.98683892225347,1.362888234211801,32576.90746585866
09,GUAYAS,GUA,Costa,2023,I,Alojamiento,Terciario,530.741414736842,1.5682940661689317,33841.957716090226
09,GUAYAS,GUA,Costa,2018,J,Información y comunicaciones,Terciario,990.3741700000002,3.359014583061219,29484.06878
09,GUAYAS,GUA,Costa,2019,J,Información y comunicaciones,Terciario,992.192382381903,3.2840485010665157,30212.476522794415
09,GUAYAS,GUA,Costa,2020,J,Información y comunicaciones,Terciario,903.1498182404299,3.110731362176914,29033.359460792482
09,GUAYAS,GUA,Costa,2021,J,Información y comunicaciones,Terciario,904.1710144927536,2.9627300713602662,30518.170495283266
09,GUAYAS,GUA,Costa,2022,J,Información y comunicaciones,Terciario,949.7695708536696,2.9154687928835776,32576.90746585866
09,GUAYAS,GUA,Costa,2023,J,Información y comunicaciones,Terciario,940.9117764411027,2.780311305671729,33841.957716090226
09,GUAYAS,GUA,Costa,2018,K,Financiero,Terciario,958.9589499999998,3.2524647705695653,29484.06878
09,GUAYAS,GUA,Costa,2019,K,Financiero,Terciario,981.2553604258152,3.247848152022517,30212.476522794415
09,GUAYAS,GUA,Costa,2020,K,Financiero,Terciario,1002.0985741840162,3.451541925546991,29033.359460792482
09,GUAYAS,GUA,Costa,2021,K,Financiero,Terciario,971.2748279314887,3.1826115791626632,30518.170495283266
09,GUAYAS,GUA,Costa,2022,K,Financiero,Terciario,1156.0770057370953,3.5487622849059273,32576.90746585866
09,GUAYAS,GUA,Costa,2023,K,Financiero,Terciario,1259.9830111278197,3.723138660293161,33841.957716090226
09,GUAYAS,GUA,Costa,2018,L,Inmobiliario,Terciario,3447.5225,11.692831561763843,29484.06878
09,GUAYAS,GUA,Costa,2019,L,Inmobiliario,Terciario,3437.834994544246,11.378858637922322,30212.476522794415
09,GUAYAS,GUA,Costa,2020,L,Inmobiliario,Terciario,3573.845425171256,12.309445036829045,29033.359460792482
09,GUAYAS,GUA,Costa,2021,L,Inmobiliario,Terciario,3358.822950830039,11.005977410569752,30518.170495283266
09,GUAYAS,GUA,Costa,2022,L,Inmobiliario,Terciario,3623.2024990946206,11.121996472169187,32576.90746585866
09,GUAYAS,GUA,Costa,2023,L,Inmobiliario,Terciario,3881.2987025563907,11.468895313674537,33841.957716090226
09,GUAYAS,GUA,Costa,2018,M-N,Act. Profesionales y servicios admin.,Terciario,2332.9402400000004,7.912545101585536,29484.06878
09,GUAYAS,GUA,Costa,2019,M-N,Act. Profesionales y servicios admin.,Terciario,2354.0459601330676,7.791635215196642,30212.476522794415
09,GUAYAS,GUA,Costa,2020,M-N,Act. Profesionales y servicios admin.,Terciario,2171.2929927736736,7.478614370155314,29033.359460792482
09,GUAYAS,GUA,Costa,2021,M-N,Act. Profesionales y servicios admin.,Terciario,2333.964645270092,7.647786900039824,30518.170495283266
09,GUAYAS,GUA,Costa,2022,M-N,Act. Profesionales y servicios admin.,Terciario,2416.797355435,7.418743961402287,32576.90746585866
09,GUAYAS,GUA,Costa,2023,M-N,Act. Profesionales y servicios admin.,Terciario,2617.0127248120302,7.733041766575361,33841.957716090226
09,GUAYAS,GUA,Costa,2018,O,Admin. Publica,Terciario,1476.15129,5.0066064525033305,29484.06878
09,GUAYAS,GUA,Costa,2019,O,Admin. Publica,Terciario,1753.8281091151034,5.80497963413192,30212.476522794415
09,GUAYAS,GUA,Costa,2020,O,Admin. Publica,Terciario,1882.9435269845533,6.485448332382399,29033.359460792482
09,GUAYAS,GUA,Costa,2021,O,Admin. Publica,Terciario,1629.3080486956524,5.338812983391223,30518.170495283266
09,GUAYAS,GUA,Costa,2022,O,Admin. Publica,Terciario,1618.6949376685113,4.968841623057499,32576.90746585866
09,GUAYAS,GUA,Costa,2023,O,Admin. Publica,Terciario,1760.7098065162909,5.202742173745929,33841.957716090226
09,GUAYAS,GUA,Costa,2018,P,Educación,Terciario,1298.00437,4.4023922874595875,29484.06878
09,GUAYAS,GUA,Costa,2019,P,Educación,Terciario,1332.2535468795743,4.409613842395306,30212.476522794415
09,GUAYAS,GUA,Costa,2020,P,Educación,Terciario,1259.4306914170584,4.337874482344461,29033.359460792482
09,GUAYAS,GUA,Costa,2021,P,Educación,Terciario,1240.7939265349144,4.065754618962775,30518.170495283266
09,GUAYAS,GUA,Costa,2022,P,Educación,Terciario,1224.3428098484987,3.758315030767232,32576.90746585866
09,GUAYAS,GUA,Costa,2023,P,Educación,Terciario,1321.076998897243,3.9036660053184047,33841.957716090226
09,GUAYAS,GUA,Costa,2018,Q,Salud,Terciario,1415.84591,4.802070977939158,29484.06878
09,GUAYAS,GUA,Costa,2019,Q,Salud,Terciario,1395.8036209181637,4.619957651816697,30212.476522794415
09,GUAYAS,GUA,Costa,2020,Q,Salud,Terciario,1344.237463640027,4.629975616343419,29033.359460792482
09,GUAYAS,GUA,Costa,2021,Q,Salud,Terciario,1292.20045828722,4.234200272545617,30518.170495283266
09,GUAYAS,GUA,Costa,2022,Q,Salud,Terciario,1398.1547986283226,4.2918585814004,32576.90746585866
09,GUAYAS,GUA,Costa,2023,Q,Salud,Terciario,1440.421519197995,4.25631853594907,33841.957716090226
09,GUAYAS,GUA,Costa,2018,R-S-U,Otros servicios,Terciario,336.02886,1.1396963645259817,29484.06878
09,GUAYAS,GUA,Costa,2019,R-S-U,Otros servicios,Terciario,351.94461572854294,1.1648982679821405,30212.476522794415
09,GUAYAS,GUA,Costa,2020,R-S-U,Otros servicios,Terciario,336.8692633445266,1.1602834449779915,29033.359460792482
09,GUAYAS,GUA,Costa,2021,R-S-U,Otros servicios,Terciario,308.7226717259552,1.0116028147023748,30518.170495283266
09,GUAYAS,GUA,Costa,2022,R-S-U,Otros servicios,Terciario,280.7459917336478,0.8617944844146916,32576.90746585866
09,GUAYAS,GUA,Costa,2023,R-S-U,Otros servicios,Terciario,268.7759669172932,0.794209274688335,33841.957716090226
09,GUAYAS,GUA,Costa,2018,T,Servicios hogares,Terciario,263.67788,0.894306284412351,29484.06878
09,GUAYAS,GUA,Costa,2019,T,Servicios hogares,Terciario,288.6764591350633,0.955487574536518,30212.476522794415
09,GUAYAS,GUA,Costa,2020,T,Servicios hogares,Terciario,183.98758253861652,0.6337109654398723,29033.359460792482
09,GUAYAS,GUA,Costa,2021,T,Servicios hogares,Terciario,194.1307815546772,0.6361153974963246,30518.170495283266
09,GUAYAS,GUA,Costa,2022,T,Servicios hogares,Terciario,203.31491559103694,0.6241074779861028,32576.90746585866
09,GUAYAS,GUA,Costa,2023,T,Servicios hogares,Terciario,178.6371665162907,0.5278570702526388,33841.957716090226
10,IMBABURA,IMB,Sierra,2018,A,Agricultura,Primario,143.78865,9.174427155997861,1567.2766000000001
10,IMBABURA,IMB,Sierra,2019,A,Agricultura,Primario,136.26718318030606,8.620454548144945,1580.7424355555556
10,IMBABURA,IMB,Sierra,2020,A,Agricultura,Primario,124.01149678979182,9.33206353597054,1328.8754015849565
10,IMBABURA,IMB,Sierra,2021,A,Agricultura,Primario,125.75522613965744,9.420473297552416,1334.9140979183135
10,IMBABURA,IMB,Sierra,2022,A,Agricultura,Primario,120.48416836070031,8.244680173162225,1461.3564847899847
10,IMBABURA,IMB,Sierra,2023,A,Agricultura,Primario,124.76911659147866,7.997780286906258,1560.04681443609
10,IMBABURA,IMB,Sierra,2018,B,Minas y canteras,Primario,14.76363,0.9419926259346946,1567.2766000000001
10,IMBABURA,IMB,Sierra,2019,B,Minas y canteras,Primario,14.221215595475718,0.8996541925868927,1580.7424355555556
10,IMBABURA,IMB,Sierra,2020,B,Minas y canteras,Primario,11.855550194761586,0.8921491195202658,1328.8754015849565
10,IMBABURA,IMB,Sierra,2021,B,Minas y canteras,Primario,16.887789828722,1.265084386707511,1334.9140979183135
10,IMBABURA,IMB,Sierra,2022,B,Minas y canteras,Primario,16.200016111766306,1.1085601822949074,1461.3564847899847
10,IMBABURA,IMB,Sierra,2023,B,Minas y canteras,Primario,19.912102456140353,1.2763785209444485,1560.04681443609
10,IMBABURA,IMB,Sierra,2018,C,Manufactura,Secundario,237.4599,15.151116273923822,1567.2766000000001
10,IMBABURA,IMB,Sierra,2019,C,Manufactura,Secundario,228.8315186161012,14.476205197570838,1580.7424355555556
10,IMBABURA,IMB,Sierra,2020,C,Manufactura,Secundario,189.47566742780396,14.258347110783701,1328.8754015849565
10,IMBABURA,IMB,Sierra,2021,C,Manufactura,Secundario,203.13374735177868,15.216990191994281,1334.9140979183135
10,IMBABURA,IMB,Sierra,2022,C,Manufactura,Secundario,191.17199507937954,13.081817959486685,1461.3564847899847
10,IMBABURA,IMB,Sierra,2023,C,Manufactura,Secundario,206.09359117794486,13.21073119542515,1560.04681443609
10,IMBABURA,IMB,Sierra,2018,D,Electricidad,Secundario,24.36556,1.5546432582480971,1567.2766000000001
10,IMBABURA,IMB,Sierra,2019,D,Electricidad,Secundario,26.895072361942784,1.7014202792936628,1580.7424355555556
10,IMBABURA,IMB,Sierra,2020,D,Electricidad,Secundario,24.998005211551376,1.881139885781325,1328.8754015849565
10,IMBABURA,IMB,Sierra,2021,D,Electricidad,Secundario,26.96744326745718,2.0201631932354784,1334.9140979183135
10,IMBABURA,IMB,Sierra,2022,D,Electricidad,Secundario,27.741122409507398,1.89831315618339,1461.3564847899847
10,IMBABURA,IMB,Sierra,2023,D,Electricidad,Secundario,26.57581192982456,1.7035265662480081,1560.04681443609
10,IMBABURA,IMB,Sierra,2018,E,Agua,Secundario,0.9183600000000001,0.05859591089409489,1567.2766000000001
10,IMBABURA,IMB,Sierra,2019,E,Agua,Secundario,1.2654013572854292,0.08005107782411756,1580.7424355555556
10,IMBABURA,IMB,Sierra,2020,E,Agua,Secundario,1.3367014640698454,0.10058892372268721,1328.8754015849565
10,IMBABURA,IMB,Sierra,2021,E,Agua,Secundario,1.3109272200263504,0.0982031144978266,1334.9140979183135
10,IMBABURA,IMB,Sierra,2022,E,Agua,Secundario,0.6956521890592398,0.04760318213247014,1461.3564847899847
10,IMBABURA,IMB,Sierra,2023,E,Agua,Secundario,0.9247149874686716,0.05927482296759974,1560.04681443609
10,IMBABURA,IMB,Sierra,2018,F,Construcción,Secundario,104.0311,6.637698795477453,1567.2766000000001
10,IMBABURA,IMB,Sierra,2019,F,Construcción,Secundario,101.80054653359949,6.440046413875228,1580.7424355555556
10,IMBABURA,IMB,Sierra,2020,F,Construcción,Secundario,68.32774017461384,5.14177176378756,1328.8754015849565
10,IMBABURA,IMB,Sierra,2021,F,Construcción,Secundario,84.96287220026349,6.364669631758026,1334.9140979183135
10,IMBABURA,IMB,Sierra,2022,F,Construcción,Secundario,101.03265924702896,6.913621713701748,1461.3564847899847
10,IMBABURA,IMB,Sierra,2023,F,Construcción,Secundario,106.80121684210526,6.84602640470829,1560.04681443609
10,IMBABURA,IMB,Sierra,2018,G,Comercio,Terciario,224.79919999999998,14.343300984650698,1567.2766000000001
10,IMBABURA,IMB,Sierra,2019,G,Comercio,Terciario,246.38357886892885,15.586573329534028,1580.7424355555556
10,IMBABURA,IMB,Sierra,2020,G,Comercio,Terciario,185.59095360644727,13.966016180681198,1328.8754015849565
10,IMBABURA,IMB,Sierra,2021,G,Comercio,Terciario,195.2764272990777,14.62838901795965,1334.9140979183135
10,IMBABURA,IMB,Sierra,2022,G,Comercio,Terciario,195.01527380930784,13.344811881225132,1461.3564847899847
10,IMBABURA,IMB,Sierra,2023,G,Comercio,Terciario,210.27876330827064,13.479003409540635,1560.04681443609
10,IMBABURA,IMB,Sierra,2018,H,Transporte,Terciario,76.27587,4.8667778233912244,1567.2766000000001
10,IMBABURA,IMB,Sierra,2019,H,Transporte,Terciario,77.2203833399867,4.8850705594455315,1580.7424355555556
10,IMBABURA,IMB,Sierra,2020,H,Transporte,Terciario,58.04490530557421,4.367971988671305,1328.8754015849565
10,IMBABURA,IMB,Sierra,2021,H,Transporte,Terciario,57.41982693017128,4.301387409100907,1334.9140979183135
10,IMBABURA,IMB,Sierra,2022,H,Transporte,Terciario,58.05477112219904,3.972663188376123,1461.3564847899847
10,IMBABURA,IMB,Sierra,2023,H,Transporte,Terciario,67.3968880200501,4.320183689129357,1560.04681443609
10,IMBABURA,IMB,Sierra,2018,I,Alojamiento,Terciario,31.238330000000005,1.9931599820988843,1567.2766000000001
10,IMBABURA,IMB,Sierra,2019,I,Alojamiento,Terciario,33.06507475715236,2.091743348784811,1580.7424355555556
10,IMBABURA,IMB,Sierra,2020,I,Alojamiento,Terciario,21.963420067159166,1.6527824987175834,1328.8754015849565
10,IMBABURA,IMB,Sierra,2021,I,Alojamiento,Terciario,26.42554750988142,1.979569138650183,1334.9140979183135
10,IMBABURA,IMB,Sierra,2022,I,Alojamiento,Terciario,28.928867625873178,1.9795900539648696,1461.3564847899847
10,IMBABURA,IMB,Sierra,2023,I,Alojamiento,Terciario,19.113097744360903,1.2251618071647237,1560.04681443609
10,IMBABURA,IMB,Sierra,2018,J,Información y comunicaciones,Terciario,10.12723,0.6461673708393273,1567.2766000000001
10,IMBABURA,IMB,Sierra,2019,J,Información y comunicaciones,Terciario,12.832982568196941,0.8118326097626879,1580.7424355555556
10,IMBABURA,IMB,Sierra,2020,J,Información y comunicaciones,Terciario,9.874350893216924,0.7430607024134644,1328.8754015849565
10,IMBABURA,IMB,Sierra,2021,J,Información y comunicaciones,Terciario,8.199049064558631,0.6142005000429885,1334.9140979183135
10,IMBABURA,IMB,Sierra,2022,J,Información y comunicaciones,Terciario,8.360949258822462,0.5721361861971711,1461.3564847899847
10,IMBABURA,IMB,Sierra,2023,J,Información y comunicaciones,Terciario,9.099605213032582,0.5832905223630623,1560.04681443609
10,IMBABURA,IMB,Sierra,2018,K,Financiero,Terciario,67.36019,4.297913335782592,1567.2766000000001
10,IMBABURA,IMB,Sierra,2019,K,Financiero,Terciario,71.89651353293414,4.5482750330331925,1580.7424355555556
10,IMBABURA,IMB,Sierra,2020,K,Financiero,Terciario,64.51727688381465,4.855028304900863,1328.8754015849565
10,IMBABURA,IMB,Sierra,2021,K,Financiero,Terciario,72.52111641633728,5.432642934060541,1334.9140979183135
10,IMBABURA,IMB,Sierra,2022,K,Financiero,Terciario,84.81787738365237,5.804051117331701,1461.3564847899847
10,IMBABURA,IMB,Sierra,2023,K,Financiero,Terciario,93.23458085213032,5.976396348453929,1560.04681443609
10,IMBABURA,IMB,Sierra,2018,L,Inmobiliario,Terciario,81.98838,5.231264219729944,1567.2766000000001
10,IMBABURA,IMB,Sierra,2019,L,Inmobiliario,Terciario,80.31539119095144,5.080865129221663,1580.7424355555556
10,IMBABURA,IMB,Sierra,2020,L,Inmobiliario,Terciario,58.6504950973808,4.4135435893709865,1328.8754015849565
10,IMBABURA,IMB,Sierra,2021,L,Inmobiliario,Terciario,63.93948859025031,4.7897830047610235,1334.9140979183135
10,IMBABURA,IMB,Sierra,2022,L,Inmobiliario,Terciario,66.01280447065227,4.517228010942117,1461.3564847899847
10,IMBABURA,IMB,Sierra,2023,L,Inmobiliario,Terciario,74.64173894736842,4.784583273826252,1560.04681443609
10,IMBABURA,IMB,Sierra,2018,M-N,Act. Profesionales y servicios admin.,Terciario,99.1184,6.324244233596034,1567.2766000000001
10,IMBABURA,IMB,Sierra,2019,M-N,Act. Profesionales y servicios admin.,Terciario,89.22963821689955,5.644792991562827,1580.7424355555556
10,IMBABURA,IMB,Sierra,2020,M-N,Act. Profesionales y servicios admin.,Terciario,78.11117431833445,5.877990835346252,1328.8754015849565
10,IMBABURA,IMB,Sierra,2021,M-N,Act. Profesionales y servicios admin.,Terciario,73.49877586297761,5.50588056396983,1334.9140979183135
10,IMBABURA,IMB,Sierra,2022,M-N,Act. Profesionales y servicios admin.,Terciario,72.72018056790348,4.976210892057202,1461.3564847899847
10,IMBABURA,IMB,Sierra,2023,M-N,Act. Profesionales y servicios admin.,Terciario,75.76321784461153,4.856470789435742,1560.04681443609
10,IMBABURA,IMB,Sierra,2018,O,Admin. Publica,Terciario,204.03290000000004,13.018308319029329,1567.2766000000001
10,IMBABURA,IMB,Sierra,2019,O,Admin. Publica,Terciario,204.42950387225548,12.932499265790145,1580.7424355555556
10,IMBABURA,IMB,Sierra,2020,O,Admin. Publica,Terciario,196.82932846205506,14.81172186852851,1328.8754015849565
10,IMBABURA,IMB,Sierra,2021,O,Admin. Publica,Terciario,142.10329001317524,10.645126172146462,1334.9140979183135
10,IMBABURA,IMB,Sierra,2022,O,Admin. Publica,Terciario,213.8007768484079,14.630295829503487,1461.3564847899847
10,IMBABURA,IMB,Sierra,2023,O,Admin. Publica,Terciario,228.4045642105263,14.640878856772494,1560.04681443609
10,IMBABURA,IMB,Sierra,2018,P,Educación,Terciario,153.76,9.810648611738348,1567.2766000000001
10,IMBABURA,IMB,Sierra,2019,P,Educación,Terciario,155.40759952095812,9.831304330508452,1580.7424355555556
10,IMBABURA,IMB,Sierra,2020,P,Educación,Terciario,144.97127715245136,10.909320541229327,1328.8754015849565
10,IMBABURA,IMB,Sierra,2021,P,Educación,Terciario,144.8874833201581,10.853693398406532,1334.9140979183135
10,IMBABURA,IMB,Sierra,2022,P,Educación,Terciario,175.47495051437903,12.007675905280358,1461.3564847899847
10,IMBABURA,IMB,Sierra,2023,P,Educación,Terciario,187.28224521303255,12.00491187059213,1560.04681443609
10,IMBABURA,IMB,Sierra,2018,Q,Salud,Terciario,62.75008999999999,4.003766150786657,1567.2766000000001
10,IMBABURA,IMB,Sierra,2019,Q,Salud,Terciario,65.01531827012641,4.112960897850296,1580.7424355555556
10,IMBABURA,IMB,Sierra,2020,Q,Salud,Terciario,65.7971010879785,4.951337123819281,1328.8754015849565
10,IMBABURA,IMB,Sierra,2021,Q,Salud,Terciario,61.14780500658761,4.580654672981765,1334.9140979183135
10,IMBABURA,IMB,Sierra,2022,Q,Salud,Terciario,70.98921614805407,4.857761736230713,1461.3564847899847
10,IMBABURA,IMB,Sierra,2023,Q,Salud,Terciario,73.48021934837092,4.7101291235886285,1560.04681443609
10,IMBABURA,IMB,Sierra,2018,R-S-U,Otros servicios,Terciario,14.88839,0.9499529310907849,1567.2766000000001
10,IMBABURA,IMB,Sierra,2019,R-S-U,Otros servicios,Terciario,16.739189780439126,1.0589447973259538,1580.7424355555556
10,IMBABURA,IMB,Sierra,2020,R-S-U,Otros servicios,Terciario,12.00530374748153,0.9034183139489784,1328.8754015849565
10,IMBABURA,IMB,Sierra,2021,R-S-U,Otros servicios,Terciario,12.926047747035572,0.9683055836471169,1334.9140979183135
10,IMBABURA,IMB,Sierra,2022,R-S-U,Otros servicios,Terciario,11.419790271251022,0.781451370018876,1461.3564847899847
10,IMBABURA,IMB,Sierra,2023,R-S-U,Otros servicios,Terciario,11.14088,0.7141375436241054,1560.04681443609
10,IMBABURA,IMB,Sierra,2018,T,Servicios hogares,Terciario,15.61042,0.996022016790144,1567.2766000000001
10,IMBABURA,IMB,Sierra,2019,T,Servicios hogares,Terciario,18.92632399201597,1.197305997884739,1580.7424355555556
10,IMBABURA,IMB,Sierra,2020,T,Servicios hogares,Terciario,12.514653700470113,0.9417477128061683,1328.8754015849565
10,IMBABURA,IMB,Sierra,2021,T,Servicios hogares,Terciario,17.55123415019763,1.3147837885274647,1334.9140979183135
10,IMBABURA,IMB,Sierra,2022,T,Servicios hogares,Terciario,18.43541337204028,1.2615274619108205,1461.3564847899847
10,IMBABURA,IMB,Sierra,2023,T,Servicios hogares,Terciario,25.134459749373434,1.6111349683091902,1560.04681443609
11,LOJA,LOJ,Sierra,2018,A,Agricultura,Primario,94.11417,6.163986165381989,1526.83941
11,LOJA,LOJ,Sierra,2019,A,Agricultura,Primario,87.36560883566203,5.382042777316276,1623.2797183233536
11,LOJA,LOJ,Sierra,2020,A,Agricultura,Primario,67.12596437877771,4.722934148537103,1421.2767374613836
11,LOJA,LOJ,Sierra,2021,A,Agricultura,Primario,67.5322255599473,4.673701084201476,1444.94105085639
11,LOJA,LOJ,Sierra,2022,A,Agricultura,Primario,77.74649590129728,4.576802493031731,1698.7076899138167
11,LOJA,LOJ,Sierra,2023,A,Agricultura,Primario,86.44897764411029,4.852394803407436,1781.5734528320802
11,LOJA,LOJ,Sierra,2018,B,Minas y canteras,Primario,4.26247,0.27916950349087466,1526.83941
11,LOJA,LOJ,Sierra,2019,B,Minas y canteras,Primario,2.2661267332002666,0.13960174008339699,1623.2797183233536
11,LOJA,LOJ,Sierra,2020,B,Minas y canteras,Primario,2.42432881128274,0.17057401612109405,1421.2767374613836
11,LOJA,LOJ,Sierra,2021,B,Minas y canteras,Primario,5.18008115942029,0.35849775022656816,1444.94105085639
11,LOJA,LOJ,Sierra,2022,B,Minas y canteras,Primario,4.689501471468747,0.2760628858816002,1698.7076899138167
11,LOJA,LOJ,Sierra,2023,B,Minas y canteras,Primario,5.356643007518795,0.3006692201774562,1781.5734528320802
11,LOJA,LOJ,Sierra,2018,C,Manufactura,Secundario,72.96896000000001,4.779085444224944,1526.83941
11,LOJA,LOJ,Sierra,2019,C,Manufactura,Secundario,74.10059901530275,4.564869392432222,1623.2797183233536
11,LOJA,LOJ,Sierra,2020,C,Manufactura,Secundario,66.41859954331767,4.673164471962821,1421.2767374613836
11,LOJA,LOJ,Sierra,2021,C,Manufactura,Secundario,68.46065328063243,4.737954758781132,1444.94105085639
11,LOJA,LOJ,Sierra,2022,C,Manufactura,Secundario,67.27729148144789,3.9604984354230583,1698.7076899138167
11,LOJA,LOJ,Sierra,2023,C,Manufactura,Secundario,74.32545604010026,4.1718996161482265,1781.5734528320802
11,LOJA,LOJ,Sierra,2018,D,Electricidad,Secundario,14.65639,0.959916930622062,1526.83941
11,LOJA,LOJ,Sierra,2019,D,Electricidad,Secundario,16.795377139055223,1.034656994076336,1623.2797183233536
11,LOJA,LOJ,Sierra,2020,D,Electricidad,Secundario,15.95853087978509,1.122830653535458,1421.2767374613836
11,LOJA,LOJ,Sierra,2021,D,Electricidad,Secundario,16.07044806324111,1.1121871064370725,1444.94105085639
11,LOJA,LOJ,Sierra,2022,D,Electricidad,Secundario,16.184094696543593,0.9527298188286113,1698.7076899138167
11,LOJA,LOJ,Sierra,2023,D,Electricidad,Secundario,14.439078496240601,0.8104677622630436,1781.5734528320802
11,LOJA,LOJ,Sierra,2018,E,Agua,Secundario,4.9518,0.3243170151076989,1526.83941
11,LOJA,LOJ,Sierra,2019,E,Agua,Secundario,5.548619241516967,0.3418153494363868,1623.2797183233536
11,LOJA,LOJ,Sierra,2020,E,Agua,Secundario,4.21083637340497,0.29627139194061275,1421.2767374613836
11,LOJA,LOJ,Sierra,2021,E,Agua,Secundario,4.839897760210803,0.334954686029737,1444.94105085639
11,LOJA,LOJ,Sierra,2022,E,Agua,Secundario,3.6825173255919443,0.2167834611838824,1698.7076899138167
11,LOJA,LOJ,Sierra,2023,E,Agua,Secundario,4.096345664160401,0.22992853074054512,1781.5734528320802
11,LOJA,LOJ,Sierra,2018,F,Construcción,Secundario,102.32995,6.7020768084575435,1526.83941
11,LOJA,LOJ,Sierra,2019,F,Construcción,Secundario,100.59075214903528,6.196760238767292,1623.2797183233536
11,LOJA,LOJ,Sierra,2020,F,Construcción,Secundario,68.40405125587642,4.812859413857463,1421.2767374613836
11,LOJA,LOJ,Sierra,2021,F,Construcción,Secundario,86.97585433465086,6.019335825714266,1444.94105085639
11,LOJA,LOJ,Sierra,2022,F,Construcción,Secundario,95.18796215912184,5.603551613047161,1698.7076899138167
11,LOJA,LOJ,Sierra,2023,F,Construcción,Secundario,99.50590275689221,5.585282077408178,1781.5734528320802
11,LOJA,LOJ,Sierra,2018,G,Comercio,Terciario,213.77635,14.001233436855026,1526.83941
11,LOJA,LOJ,Sierra,2019,G,Comercio,Terciario,261.52476614770467,16.110887310156706,1623.2797183233536
11,LOJA,LOJ,Sierra,2020,G,Comercio,Terciario,208.51089343183347,14.67067517085136,1421.2767374613836
11,LOJA,LOJ,Sierra,2021,G,Comercio,Terciario,213.76725523056655,14.794185209415334,1444.94105085639
11,LOJA,LOJ,Sierra,2022,G,Comercio,Terciario,232.44225172820467,13.683475568418574,1698.7076899138167
11,LOJA,LOJ,Sierra,2023,G,Comercio,Terciario,239.17440100250627,13.424896998902987,1781.5734528320802
11,LOJA,LOJ,Sierra,2018,H,Transporte,Terciario,74.89725,4.905378359339048,1526.83941
11,LOJA,LOJ,Sierra,2019,H,Transporte,Terciario,96.76459816367267,5.961055083200232,1623.2797183233536
11,LOJA,LOJ,Sierra,2020,H,Transporte,Terciario,62.62370149093351,4.406158198493347,1421.2767374613836
11,LOJA,LOJ,Sierra,2021,H,Transporte,Terciario,61.91467657444005,4.284927508824278,1444.94105085639
11,LOJA,LOJ,Sierra,2022,H,Transporte,Terciario,58.86253223260456,3.465136031472897,1698.7076899138167
11,LOJA,LOJ,Sierra,2023,H,Transporte,Terciario,59.64581293233082,3.3479289241493126,1781.5734528320802
11,LOJA,LOJ,Sierra,2018,I,Alojamiento,Terciario,17.12224,1.121417215710983,1526.83941
11,LOJA,LOJ,Sierra,2019,I,Alojamiento,Terciario,19.40805429141717,1.195607514363777,1623.2797183233536
11,LOJA,LOJ,Sierra,2020,I,Alojamiento,Terciario,13.466294801880457,0.9474787314068974,1421.2767374613836
11,LOJA,LOJ,Sierra,2021,I,Alojamiento,Terciario,15.917343241106721,1.1015911847526794,1444.94105085639
11,LOJA,LOJ,Sierra,2022,I,Alojamiento,Terciario,17.51822715413227,1.0312679019555773,1698.7076899138167
11,LOJA,LOJ,Sierra,2023,I,Alojamiento,Terciario,12.096645614035088,0.6789866336863991,1781.5734528320802
11,LOJA,LOJ,Sierra,2018,J,Información y comunicaciones,Terciario,10.25758,0.6718178698308555,1526.83941
11,LOJA,LOJ,Sierra,2019,J,Información y comunicaciones,Terciario,12.076749753825684,0.7439721951494267,1623.2797183233536
11,LOJA,LOJ,Sierra,2020,J,Información y comunicaciones,Terciario,9.76418213566152,0.687000770384931,1421.2767374613836
11,LOJA,LOJ,Sierra,2021,J,Información y comunicaciones,Terciario,10.967350303030303,0.7590171444385331,1444.94105085639
11,LOJA,LOJ,Sierra,2022,J,Información y comunicaciones,Terciario,12.880654137712055,0.7582619549079423,1698.7076899138167
11,LOJA,LOJ,Sierra,2023,J,Información y comunicaciones,Terciario,13.978473784461151,0.7846139468591797,1781.5734528320802
11,LOJA,LOJ,Sierra,2018,K,Financiero,Terciario,80.28065000000001,5.257962918313722,1526.83941
11,LOJA,LOJ,Sierra,2019,K,Financiero,Terciario,84.85916231536928,5.227636454610439,1623.2797183233536
11,LOJA,LOJ,Sierra,2020,K,Financiero,Terciario,80.05361708529215,5.6325144129411475,1421.2767374613836
11,LOJA,LOJ,Sierra,2021,K,Financiero,Terciario,89.66617148880104,6.205524539264599,1444.94105085639
11,LOJA,LOJ,Sierra,2022,K,Financiero,Terciario,101.53242167830898,5.9770390327402465,1698.7076899138167
11,LOJA,LOJ,Sierra,2023,K,Financiero,Terciario,103.16890606516291,5.790887033097645,1781.5734528320802
11,LOJA,LOJ,Sierra,2018,L,Inmobiliario,Terciario,64.11455000000001,4.19916787450489,1526.83941
11,LOJA,LOJ,Sierra,2019,L,Inmobiliario,Terciario,69.51419954757154,4.282330319470207,1623.2797183233536
11,LOJA,LOJ,Sierra,2020,L,Inmobiliario,Terciario,67.3563521289456,4.739144063474527,1421.2767374613836
11,LOJA,LOJ,Sierra,2021,L,Inmobiliario,Terciario,62.646950197628456,4.335605951571433,1444.94105085639
11,LOJA,LOJ,Sierra,2022,L,Inmobiliario,Terciario,49.41250850766579,2.9088293884260166,1698.7076899138167
11,LOJA,LOJ,Sierra,2023,L,Inmobiliario,Terciario,53.8777373433584,3.024165928029046,1781.5734528320802
11,LOJA,LOJ,Sierra,2018,M-N,Act. Profesionales y servicios admin.,Terciario,89.00685,5.829483403234922,1526.83941
11,LOJA,LOJ,Sierra,2019,M-N,Act. Profesionales y servicios admin.,Terciario,86.29160473719229,5.3158801753724125,1623.2797183233536
11,LOJA,LOJ,Sierra,2020,M-N,Act. Profesionales y servicios admin.,Terciario,74.5000895097381,5.241772242245137,1421.2767374613836
11,LOJA,LOJ,Sierra,2021,M-N,Act. Profesionales y servicios admin.,Terciario,84.64829048748354,5.858252171416547,1444.94105085639
11,LOJA,LOJ,Sierra,2022,M-N,Act. Profesionales y servicios admin.,Terciario,83.51959915086637,4.916655151840969,1698.7076899138167
11,LOJA,LOJ,Sierra,2023,M-N,Act. Profesionales y servicios admin.,Terciario,91.98717493734337,5.163254694389156,1781.5734528320802
11,LOJA,LOJ,Sierra,2018,O,Admin. Publica,Terciario,277.51996,18.17610668040066,1526.83941
11,LOJA,LOJ,Sierra,2019,O,Admin. Publica,Terciario,283.3572023952096,17.455845668291996,1623.2797183233536
11,LOJA,LOJ,Sierra,2020,O,Admin. Publica,Terciario,285.89438022834116,20.11532115406265,1421.2767374613836
11,LOJA,LOJ,Sierra,2021,O,Admin. Publica,Terciario,265.63822376811595,18.38401806154494,1444.94105085639
11,LOJA,LOJ,Sierra,2022,O,Admin. Publica,Terciario,271.888154876168,16.00558804145769,1698.7076899138167
11,LOJA,LOJ,Sierra,2023,O,Admin. Publica,Terciario,291.0771300250627,16.3382053971646,1781.5734528320802
11,LOJA,LOJ,Sierra,2018,P,Educación,Terciario,265.45496999999995,17.38591290357117,1526.83941
11,LOJA,LOJ,Sierra,2019,P,Educación,Terciario,274.6611304324685,16.920135656974715,1623.2797183233536
11,LOJA,LOJ,Sierra,2020,P,Educación,Terciario,256.14800762928144,18.022387961319954,1421.2767374613836
11,LOJA,LOJ,Sierra,2021,P,Educación,Terciario,257.75643151515146,17.838543057682802,1444.94105085639
11,LOJA,LOJ,Sierra,2022,P,Educación,Terciario,442.6310067313799,26.05692605970581,1698.7076899138167
11,LOJA,LOJ,Sierra,2023,P,Educación,Terciario,463.7531887719298,26.03053991597843,1781.5734528320802
11,LOJA,LOJ,Sierra,2018,Q,Salud,Terciario,94.88778,6.214653576436045,1526.83941
11,LOJA,LOJ,Sierra,2019,Q,Salud,Terciario,110.94639755156355,6.8347060767910905,1623.2797183233536
11,LOJA,LOJ,Sierra,2020,Q,Salud,Terciario,113.71900561450639,8.00118672297598,1421.2767374613836
11,LOJA,LOJ,Sierra,2021,Q,Salud,Terciario,104.71942808959156,7.247314901014564,1444.94105085639
11,LOJA,LOJ,Sierra,2022,Q,Salud,Terciario,123.24850617073393,7.25542757606442,1698.7076899138167
11,LOJA,LOJ,Sierra,2023,Q,Salud,Terciario,124.37644631578948,6.981269625345749,1781.5734528320802
11,LOJA,LOJ,Sierra,2018,R-S-U,Otros servicios,Terciario,13.92989,0.9123349783065923,1526.83941
11,LOJA,LOJ,Sierra,2019,R-S-U,Otros servicios,Terciario,15.449142035928146,0.9517239611596449,1623.2797183233536
11,LOJA,LOJ,Sierra,2020,R-S-U,Otros servicios,Terciario,12.638721074546677,0.8892512444213612,1421.2767374613836
11,LOJA,LOJ,Sierra,2021,R-S-U,Otros servicios,Terciario,13.23947025032938,0.9162636941128214,1444.94105085639
11,LOJA,LOJ,Sierra,2022,R-S-U,Otros servicios,Terciario,13.679704791798967,0.8053006925807819,1698.7076899138167
11,LOJA,LOJ,Sierra,2023,R-S-U,Otros servicios,Terciario,14.426008020050125,0.8097341143649063,1781.5734528320802
11,LOJA,LOJ,Sierra,2018,T,Servicios hogares,Terciario,32.3076,2.115978916210972,1526.83941
11,LOJA,LOJ,Sierra,2019,T,Servicios hogares,Terciario,21.75962783765802,1.340473092347449,1623.2797183233536
11,LOJA,LOJ,Sierra,2020,T,Servicios hogares,Terciario,12.059181087978509,0.8484752314681545,1421.2767374613836
11,LOJA,LOJ,Sierra,2021,T,Servicios hogares,Terciario,15.00029955204216,1.038125364571223,1444.94105085639
11,LOJA,LOJ,Sierra,2022,T,Servicios hogares,Terciario,26.324259718769845,1.5496638930330267,1698.7076899138167
11,LOJA,LOJ,Sierra,2023,T,Servicios hogares,Terciario,29.83912441102757,1.6748747778877022,1781.5734528320802
12,LOS RÍOS,RIO,Costa,2018,A,Agricultura,Primario,1346.1381399999998,42.857261746323346,3140.9802799999998
12,LOS RÍOS,RIO,Costa,2019,A,Agricultura,Primario,1301.413111270792,41.39176321652634,3144.135475608783
12,LOS RÍOS,RIO,Costa,2020,A,Agricultura,Primario,1449.6909438280727,44.56232116134174,3253.176463989255
12,LOS RÍOS,RIO,Costa,2021,A,Agricultura,Primario,1455.780808853755,43.60859860350931,3338.288446482213
12,LOS RÍOS,RIO,Costa,2022,A,Agricultura,Primario,1450.3665536278693,43.504442223619044,3333.83553378935
12,LOS RÍOS,RIO,Costa,2023,A,Agricultura,Primario,1707.2263603007518,46.38747746008799,3680.3604200501254
12,LOS RÍOS,RIO,Costa,2018,B,Minas y canteras,Primario,0.52698,0.016777564741667212,3140.9802799999998
12,LOS RÍOS,RIO,Costa,2019,B,Minas y canteras,Primario,0.5505960878243513,0.017511843624287284,3144.135475608783
12,LOS RÍOS,RIO,Costa,2020,B,Minas y canteras,Primario,0.6234579986568167,0.019164592070492613,3253.176463989255
12,LOS RÍOS,RIO,Costa,2021,B,Minas y canteras,Primario,0.5825869828722002,0.01745166699079322,3338.288446482213
12,LOS RÍOS,RIO,Costa,2022,B,Minas y canteras,Primario,0.44379392905742543,0.013311812312258675,3333.83553378935
12,LOS RÍOS,RIO,Costa,2023,B,Minas y canteras,Primario,0.5097579949874688,0.013850762882090932,3680.3604200501254
12,LOS RÍOS,RIO,Costa,2018,C,Manufactura,Secundario,297.09542,9.458684662611127,3140.9802799999998
12,LOS RÍOS,RIO,Costa,2019,C,Manufactura,Secundario,320.6109121490353,10.19710870082521,3144.135475608783
12,LOS RÍOS,RIO,Costa,2020,C,Manufactura,Secundario,308.7192620013432,9.489779156423987,3253.176463989255
12,LOS RÍOS,RIO,Costa,2021,C,Manufactura,Secundario,311.098446798419,9.319100245104496,3338.288446482213
12,LOS RÍOS,RIO,Costa,2022,C,Manufactura,Secundario,231.18031481810766,6.934364712207033,3333.83553378935
12,LOS RÍOS,RIO,Costa,2023,C,Manufactura,Secundario,247.0692701754386,6.7131813729285135,3680.3604200501254
12,LOS RÍOS,RIO,Costa,2018,D,Electricidad,Secundario,35.88663,1.1425296181738522,3140.9802799999998
12,LOS RÍOS,RIO,Costa,2019,D,Electricidad,Secundario,40.965677817697944,1.3029234311147477,3144.135475608783
12,LOS RÍOS,RIO,Costa,2020,D,Electricidad,Secundario,39.19873482874412,1.2049372440336699,3253.176463989255
12,LOS RÍOS,RIO,Costa,2021,D,Electricidad,Secundario,40.812704505928856,1.2225637526600208,3338.288446482213
12,LOS RÍOS,RIO,Costa,2022,D,Electricidad,Secundario,39.29577193867368,1.1786955757235205,3333.83553378935
12,LOS RÍOS,RIO,Costa,2023,D,Electricidad,Secundario,37.127540451127814,1.0088017534603892,3680.3604200501254
12,LOS RÍOS,RIO,Costa,2018,E,Agua,Secundario,1.62372,0.05169468940441741,3140.9802799999998
12,LOS RÍOS,RIO,Costa,2019,E,Agua,Secundario,2.158094903526281,0.06863873774740638,3144.135475608783
12,LOS RÍOS,RIO,Costa,2020,E,Agua,Secundario,1.9257967494963064,0.05919742660177648,3253.176463989255
12,LOS RÍOS,RIO,Costa,2021,E,Agua,Secundario,2.856480421607378,0.08556721407994118,3338.288446482213
12,LOS RÍOS,RIO,Costa,2022,E,Agua,Secundario,2.912176793976232,0.08735214333342214,3333.83553378935
12,LOS RÍOS,RIO,Costa,2023,E,Agua,Secundario,3.9134815037593986,0.10633419168512027,3680.3604200501254
12,LOS RÍOS,RIO,Costa,2018,F,Construcción,Secundario,138.67129,4.414904827100666,3140.9802799999998
12,LOS RÍOS,RIO,Costa,2019,F,Construcción,Secundario,137.20968984697274,4.363987840581377,3144.135475608783
12,LOS RÍOS,RIO,Costa,2020,F,Construcción,Secundario,147.1770259771659,4.52410213851996,3253.176463989255
12,LOS RÍOS,RIO,Costa,2021,F,Construcción,Secundario,119.1805763372859,3.5701102001199074,3338.288446482213
12,LOS RÍOS,RIO,Costa,2022,F,Construcción,Secundario,135.48901817653996,4.064058253723709,3333.83553378935
12,LOS RÍOS,RIO,Costa,2023,F,Construcción,Secundario,143.1449904761905,3.8894285922746907,3680.3604200501254
12,LOS RÍOS,RIO,Costa,2018,G,Comercio,Terciario,426.84067,13.589409418387053,3140.9802799999998
12,LOS RÍOS,RIO,Costa,2019,G,Comercio,Terciario,442.9770726280773,14.088994449016415,3144.135475608783
12,LOS RÍOS,RIO,Costa,2020,G,Comercio,Terciario,434.30470640698456,13.350173629204612,3253.176463989255
12,LOS RÍOS,RIO,Costa,2021,G,Comercio,Terciario,503.5156294071146,15.083047420234283,3338.288446482213
12,LOS RÍOS,RIO,Costa,2022,G,Comercio,Terciario,553.4755270253107,16.601764586635497,3333.83553378935
12,LOS RÍOS,RIO,Costa,2023,G,Comercio,Terciario,588.9006989473685,16.001169226228875,3680.3604200501254
12,LOS RÍOS,RIO,Costa,2018,H,Transporte,Terciario,81.05695000000001,2.5806258802745496,3140.9802799999998
12,LOS RÍOS,RIO,Costa,2019,H,Transporte,Terciario,78.38514778443114,2.493058851710384,3144.135475608783
12,LOS RÍOS,RIO,Costa,2020,H,Transporte,Terciario,70.69812094022835,2.173202767289597,3253.176463989255
12,LOS RÍOS,RIO,Costa,2021,H,Transporte,Terciario,74.82300922266138,2.241358421304414,3338.288446482213
12,LOS RÍOS,RIO,Costa,2022,H,Transporte,Terciario,66.95105050893588,2.0082289552189474,3333.83553378935
12,LOS RÍOS,RIO,Costa,2023,H,Transporte,Terciario,76.19276250626567,2.0702527418558625,3680.3604200501254
12,LOS RÍOS,RIO,Costa,2018,I,Alojamiento,Terciario,22.19784,0.7067169488883261,3140.9802799999998
12,LOS RÍOS,RIO,Costa,2019,I,Alojamiento,Terciario,24.193325988023958,0.7694746672243672,3144.135475608783
12,LOS RÍOS,RIO,Costa,2020,I,Alojamiento,Terciario,19.95171653458697,0.6132995475480875,3253.176463989255
12,LOS RÍOS,RIO,Costa,2021,I,Alojamiento,Terciario,23.2151614229249,0.6954210756529542,3338.288446482213
12,LOS RÍOS,RIO,Costa,2022,I,Alojamiento,Terciario,22.898853669599927,0.6868621273459257,3333.83553378935
12,LOS RÍOS,RIO,Costa,2023,I,Alojamiento,Terciario,11.831504360902255,0.3214767851660874,3680.3604200501254
12,LOS RÍOS,RIO,Costa,2018,J,Información y comunicaciones,Terciario,7.19838,0.22917622392713655,3140.9802799999998
12,LOS RÍOS,RIO,Costa,2019,J,Información y comunicaciones,Terciario,7.938358163672656,0.25248142852799915,3144.135475608783
12,LOS RÍOS,RIO,Costa,2020,J,Información y comunicaciones,Terciario,6.370142001343184,0.19581298684091994,3253.176463989255
12,LOS RÍOS,RIO,Costa,2021,J,Información y comunicaciones,Terciario,8.29538234519104,0.24849207844614093,3338.288446482213
12,LOS RÍOS,RIO,Costa,2022,J,Información y comunicaciones,Terciario,9.274859504672051,0.278203870906911,3333.83553378935
12,LOS RÍOS,RIO,Costa,2023,J,Información y comunicaciones,Terciario,9.548977042606516,0.2594576604667556,3680.3604200501254
12,LOS RÍOS,RIO,Costa,2018,K,Financiero,Terciario,37.51851,1.194484099085143,3140.9802799999998
12,LOS RÍOS,RIO,Costa,2019,K,Financiero,Terciario,40.880871430472396,1.3002261431676012,3144.135475608783
12,LOS RÍOS,RIO,Costa,2020,K,Financiero,Terciario,34.671553418401615,1.0657753676197792,3253.176463989255
12,LOS RÍOS,RIO,Costa,2021,K,Financiero,Terciario,43.78673075098814,1.3116521071487777,3338.288446482213
12,LOS RÍOS,RIO,Costa,2022,K,Financiero,Terciario,52.71696146602558,1.5812706095344093,3333.83553378935
12,LOS RÍOS,RIO,Costa,2023,K,Financiero,Terciario,54.81344962406015,1.4893500464096832,3680.3604200501254
12,LOS RÍOS,RIO,Costa,2018,L,Inmobiliario,Terciario,47.71105,1.518985977205817,3140.9802799999998
12,LOS RÍOS,RIO,Costa,2019,L,Inmobiliario,Terciario,44.061075928143715,1.401373327261364,3144.135475608783
12,LOS RÍOS,RIO,Costa,2020,L,Inmobiliario,Terciario,41.65449713901948,1.280425381165461,3253.176463989255
12,LOS RÍOS,RIO,Costa,2021,L,Inmobiliario,Terciario,50.114766166007904,1.5012113833008445,3338.288446482213
12,LOS RÍOS,RIO,Costa,2022,L,Inmobiliario,Terciario,50.643863311258286,1.5190870334774662,3333.83553378935
12,LOS RÍOS,RIO,Costa,2023,L,Inmobiliario,Terciario,51.63767258145363,1.4030602084550823,3680.3604200501254
12,LOS RÍOS,RIO,Costa,2018,M-N,Act. Profesionales y servicios admin.,Terciario,67.93946000000001,2.1630018001895897,3140.9802799999998
12,LOS RÍOS,RIO,Costa,2019,M-N,Act. Profesionales y servicios admin.,Terciario,74.83914006653362,2.3802772064725644,3144.135475608783
12,LOS RÍOS,RIO,Costa,2020,M-N,Act. Profesionales y servicios admin.,Terciario,64.74259406312962,1.990134712327842,3253.176463989255
12,LOS RÍOS,RIO,Costa,2021,M-N,Act. Profesionales y servicios admin.,Terciario,69.91000200263503,2.0941869800467376,3338.288446482213
12,LOS RÍOS,RIO,Costa,2022,M-N,Act. Profesionales y servicios admin.,Terciario,66.43591106595301,1.992777099908096,3333.83553378935
12,LOS RÍOS,RIO,Costa,2023,M-N,Act. Profesionales y servicios admin.,Terciario,81.33957112781955,2.2100979753149215,3680.3604200501254
12,LOS RÍOS,RIO,Costa,2018,O,Admin. Publica,Terciario,269.43289,8.577987315475918,3140.9802799999998
12,LOS RÍOS,RIO,Costa,2019,O,Admin. Publica,Terciario,261.88847797737867,8.32942727846899,3144.135475608783
12,LOS RÍOS,RIO,Costa,2020,O,Admin. Publica,Terciario,268.9720974613835,8.267983628885368,3253.176463989255
12,LOS RÍOS,RIO,Costa,2021,O,Admin. Publica,Terciario,298.30512358366275,8.93587023308329,3338.288446482213
12,LOS RÍOS,RIO,Costa,2022,O,Admin. Publica,Terciario,308.95343873718593,9.267206963446666,3333.83553378935
12,LOS RÍOS,RIO,Costa,2023,O,Admin. Publica,Terciario,297.21890626566415,8.075809767066676,3680.3604200501254
12,LOS RÍOS,RIO,Costa,2018,P,Educación,Terciario,245.59197,7.818959309098242,3140.9802799999998
12,LOS RÍOS,RIO,Costa,2019,P,Educación,Terciario,241.4978603858949,7.680898684530598,3144.135475608783
12,LOS RÍOS,RIO,Costa,2020,P,Educación,Terciario,223.286880322364,6.863657191487092,3253.176463989255
12,LOS RÍOS,RIO,Costa,2021,P,Educación,Terciario,219.7808080105402,6.583637439782608,3338.288446482213
12,LOS RÍOS,RIO,Costa,2022,P,Educación,Terciario,228.40442037194956,6.8511004234314274,3333.83553378935
12,LOS RÍOS,RIO,Costa,2023,P,Educación,Terciario,249.41766817042605,6.776990286376057,3680.3604200501254
12,LOS RÍOS,RIO,Costa,2018,Q,Salud,Terciario,87.09003,2.7727022214860897,3140.9802799999998
12,LOS RÍOS,RIO,Costa,2019,Q,Salud,Terciario,88.90638328675983,2.8276893275263637,3144.135475608783
12,LOS RÍOS,RIO,Costa,2020,Q,Salud,Terciario,108.54736676964407,3.3366578164818113,3253.176463989255
12,LOS RÍOS,RIO,Costa,2021,Q,Salud,Terciario,86.72957681159419,2.598025251622195,3338.288446482213
12,LOS RÍOS,RIO,Costa,2022,Q,Salud,Terciario,86.00813449696089,2.5798553535483237,3333.83553378935
12,LOS RÍOS,RIO,Costa,2023,Q,Salud,Terciario,89.56736521303257,2.4336574408604443,3680.3604200501254
12,LOS RÍOS,RIO,Costa,2018,R-S-U,Otros servicios,Terciario,12.86794,0.4096791082050347,3140.9802799999998
12,LOS RÍOS,RIO,Costa,2019,R-S-U,Otros servicios,Terciario,17.496423260146376,0.5564780333378806,3144.135475608783
12,LOS RÍOS,RIO,Costa,2020,R-S-U,Otros servicios,Terciario,15.830483814640697,0.4866162038818004,3253.176463989255
12,LOS RÍOS,RIO,Costa,2021,R-S-U,Otros servicios,Terciario,16.83102819499341,0.5041813631392289,3338.288446482213
12,LOS RÍOS,RIO,Costa,2022,R-S-U,Otros servicios,Terciario,15.475128498593849,0.4641839209447832,3333.83553378935
12,LOS RÍOS,RIO,Costa,2023,R-S-U,Otros servicios,Terciario,15.012728220551377,0.4079146199585232,3680.3604200501254
12,LOS RÍOS,RIO,Costa,2018,T,Servicios hogares,Terciario,15.592409999999997,0.4964185894220259,3140.9802799999998
12,LOS RÍOS,RIO,Costa,2019,T,Servicios hogares,Terciario,18.163256633399868,0.5776868323360973,3144.135475608783
12,LOS RÍOS,RIO,Costa,2020,T,Servicios hogares,Terciario,16.8110837340497,0.5167590482759998,3253.176463989255
12,LOS RÍOS,RIO,Costa,2021,T,Servicios hogares,Terciario,12.66962466403162,0.3795245637740647,3338.288446482213
12,LOS RÍOS,RIO,Costa,2022,T,Servicios hogares,Terciario,12.909755848680035,0.3872343346825622,3333.83553378935
12,LOS RÍOS,RIO,Costa,2023,T,Servicios hogares,Terciario,15.887715087719295,0.4316891085222275,3680.3604200501254
13,MANABÍ,MAN,Costa,2018,A,Agricultura,Primario,622.21809,12.449243472045717,4998.03937
13,MANABÍ,MAN,Costa,2019,A,Agricultura,Primario,625.2531268130406,12.75635612423867,4901.5025977910855
13,MANABÍ,MAN,Costa,2020,A,Agricultura,Primario,582.3983542243116,12.768878675663375,4561.07673208865
13,MANABÍ,MAN,Costa,2021,A,Agricultura,Primario,639.5192185507245,13.155555163328971,4861.210421080369
13,MANABÍ,MAN,Costa,2022,A,Agricultura,Primario,636.0449892189058,12.115483149908215,5249.852452014878
13,MANABÍ,MAN,Costa,2023,A,Agricultura,Primario,731.5973353383459,13.150554971113213,5563.243049022556
13,MANABÍ,MAN,Costa,2018,B,Minas y canteras,Primario,10.60699,0.21222301816322026,4998.03937
13,MANABÍ,MAN,Costa,2019,B,Minas y canteras,Primario,7.241544856952761,0.1477413244709131,4901.5025977910855
13,MANABÍ,MAN,Costa,2020,B,Minas y canteras,Primario,5.21791032907992,0.11440084514189891,4561.07673208865
13,MANABÍ,MAN,Costa,2021,B,Minas y canteras,Primario,6.664225981554677,0.13708984808918434,4861.210421080369
13,MANABÍ,MAN,Costa,2022,B,Minas y canteras,Primario,5.798928988478636,0.11045889463527732,5249.852452014878
13,MANABÍ,MAN,Costa,2023,B,Minas y canteras,Primario,7.034780952380952,0.12645108060876364,5563.243049022556
13,MANABÍ,MAN,Costa,2018,C,Manufactura,Secundario,719.87402,14.403128241064653,4998.03937
13,MANABÍ,MAN,Costa,2019,C,Manufactura,Secundario,711.557740199601,14.517134817398079,4901.5025977910855
13,MANABÍ,MAN,Costa,2020,C,Manufactura,Secundario,752.8923901678978,16.506900330596423,4561.07673208865
13,MANABÍ,MAN,Costa,2021,C,Manufactura,Secundario,794.8194051119897,16.35023659262515,4861.210421080369
13,MANABÍ,MAN,Costa,2022,C,Manufactura,Secundario,924.802270336569,17.615776420185536,5249.852452014878
13,MANABÍ,MAN,Costa,2023,C,Manufactura,Secundario,904.0434780952381,16.250296277349875,5563.243049022556
13,MANABÍ,MAN,Costa,2018,D,Electricidad,Secundario,76.70935,1.5347888306049897,4998.03937
13,MANABÍ,MAN,Costa,2019,D,Electricidad,Secundario,86.01417027278777,1.7548530997729344,4901.5025977910855
13,MANABÍ,MAN,Costa,2020,D,Electricidad,Secundario,84.61542382807255,1.8551633484430479,4561.07673208865
13,MANABÍ,MAN,Costa,2021,D,Electricidad,Secundario,87.55055472990777,1.801003189457705,4861.210421080369
13,MANABÍ,MAN,Costa,2022,D,Electricidad,Secundario,90.52822141340833,1.724395537605326,5249.852452014878
13,MANABÍ,MAN,Costa,2023,D,Electricidad,Secundario,87.78589794486214,1.5779626590336702,5563.243049022556
13,MANABÍ,MAN,Costa,2018,E,Agua,Secundario,25.05419,0.5012803650644312,4998.03937
13,MANABÍ,MAN,Costa,2019,E,Agua,Secundario,28.81360798403194,0.5878525494818079,4901.5025977910855
13,MANABÍ,MAN,Costa,2020,E,Agua,Secundario,21.79406098052384,0.47782710663899985,4561.07673208865
13,MANABÍ,MAN,Costa,2021,E,Agua,Secundario,26.458441317523057,0.5442768163827572,4861.210421080369
13,MANABÍ,MAN,Costa,2022,E,Agua,Secundario,17.445219776830267,0.3322992395745302,5249.852452014878
13,MANABÍ,MAN,Costa,2023,E,Agua,Secundario,21.161656942355886,0.38038346978340126,5563.243049022556
13,MANABÍ,MAN,Costa,2018,F,Construcción,Secundario,333.51227,6.672862002685664,4998.03937
13,MANABÍ,MAN,Costa,2019,F,Construcción,Secundario,286.6542345708583,5.8482930254906345,4901.5025977910855
13,MANABÍ,MAN,Costa,2020,F,Construcción,Secundario,226.6202352182673,4.968568794818133,4561.07673208865
13,MANABÍ,MAN,Costa,2021,F,Construcción,Secundario,237.07057602108037,4.876780790912423,4861.210421080369
13,MANABÍ,MAN,Costa,2022,F,Construcción,Secundario,282.590039270616,5.38281869545036,5249.852452014878
13,MANABÍ,MAN,Costa,2023,F,Construcción,Secundario,293.4165662155388,5.274200023798909,5563.243049022556
13,MANABÍ,MAN,Costa,2018,G,Comercio,Terciario,784.7347,15.700850711786208,4998.03937
13,MANABÍ,MAN,Costa,2019,G,Comercio,Terciario,804.1229562208918,16.405641743070344,4901.5025977910855
13,MANABÍ,MAN,Costa,2020,G,Comercio,Terciario,700.0259821087977,15.347822964342797,4561.07673208865
13,MANABÍ,MAN,Costa,2021,G,Comercio,Terciario,857.0903156785243,17.63121201176151,4861.210421080369
13,MANABÍ,MAN,Costa,2022,G,Comercio,Terciario,979.5255402413137,18.65815371373675,5249.852452014878
13,MANABÍ,MAN,Costa,2023,G,Comercio,Terciario,1037.39656160401,18.64733488115852,5563.243049022556
13,MANABÍ,MAN,Costa,2018,H,Transporte,Terciario,184.23663,3.686178046252565,4998.03937
13,MANABÍ,MAN,Costa,2019,H,Transporte,Terciario,179.4522966866268,3.661169062064741,4901.5025977910855
13,MANABÍ,MAN,Costa,2020,H,Transporte,Terciario,149.70774586971123,3.2822895702777557,4561.07673208865
13,MANABÍ,MAN,Costa,2021,H,Transporte,Terciario,164.51730888010542,3.3842869291706696,4861.210421080369
13,MANABÍ,MAN,Costa,2022,H,Transporte,Terciario,176.32029456953643,3.358576192019744,5249.852452014878
13,MANABÍ,MAN,Costa,2023,H,Transporte,Terciario,167.7954656641604,3.016144795141415,5563.243049022556
13,MANABÍ,MAN,Costa,2018,I,Alojamiento,Terciario,67.23007000000001,1.3451288599993563,4998.03937
13,MANABÍ,MAN,Costa,2019,I,Alojamiento,Terciario,56.51661753825682,1.1530467731206882,4901.5025977910855
13,MANABÍ,MAN,Costa,2020,I,Alojamiento,Terciario,40.6014042175957,0.8901714792902231,4561.07673208865
13,MANABÍ,MAN,Costa,2021,I,Alojamiento,Terciario,52.099867826086964,1.0717468143357625,4861.210421080369
13,MANABÍ,MAN,Costa,2022,I,Alojamiento,Terciario,55.759670942574616,1.0621188205236933,5249.852452014878
13,MANABÍ,MAN,Costa,2023,I,Alojamiento,Terciario,71.74355167919799,1.2895994485051863,5563.243049022556
13,MANABÍ,MAN,Costa,2018,J,Información y comunicaciones,Terciario,26.29803,0.5261669237311349,4998.03937
13,MANABÍ,MAN,Costa,2019,J,Información y comunicaciones,Terciario,27.8815382568197,0.5688365496202086,4901.5025977910855
13,MANABÍ,MAN,Costa,2020,J,Información y comunicaciones,Terciario,23.106813593015445,0.5066087450459129,4561.07673208865
13,MANABÍ,MAN,Costa,2021,J,Información y comunicaciones,Terciario,29.191797839262186,0.6005047161232432,4861.210421080369
13,MANABÍ,MAN,Costa,2022,J,Información y comunicaciones,Terciario,35.76554433457317,0.6812676101181941,5249.852452014878
13,MANABÍ,MAN,Costa,2023,J,Información y comunicaciones,Terciario,33.71535458646617,0.6060377784930653,5563.243049022556
13,MANABÍ,MAN,Costa,2018,K,Financiero,Terciario,107.50442,2.1509318362972394,4998.03937
13,MANABÍ,MAN,Costa,2019,K,Financiero,Terciario,107.41791148369929,2.1915302367096228,4901.5025977910855
13,MANABÍ,MAN,Costa,2020,K,Financiero,Terciario,91.48535038280725,2.0057840671519127,4561.07673208865
13,MANABÍ,MAN,Costa,2021,K,Financiero,Terciario,104.94684121212121,2.1588623433584577,4861.210421080369
13,MANABÍ,MAN,Costa,2022,K,Financiero,Terciario,126.91590435997462,2.4175137400531073,5249.852452014878
13,MANABÍ,MAN,Costa,2023,K,Financiero,Terciario,134.59072661654133,2.4192853957762726,5563.243049022556
13,MANABÍ,MAN,Costa,2018,L,Inmobiliario,Terciario,278.0743,5.563667658744352,4998.03937
13,MANABÍ,MAN,Costa,2019,L,Inmobiliario,Terciario,251.9499799334664,5.140260051009875,4901.5025977910855
13,MANABÍ,MAN,Costa,2020,L,Inmobiliario,Terciario,234.8995885560779,5.150090699055408,4561.07673208865
13,MANABÍ,MAN,Costa,2021,L,Inmobiliario,Terciario,238.25487198945982,4.901142953127081,4861.210421080369
13,MANABÍ,MAN,Costa,2022,L,Inmobiliario,Terciario,212.23614203030027,4.0427067992900385,5249.852452014878
13,MANABÍ,MAN,Costa,2023,L,Inmobiliario,Terciario,203.82185383458645,3.6637236956669956,5563.243049022556
13,MANABÍ,MAN,Costa,2018,M-N,Act. Profesionales y servicios admin.,Terciario,271.07554,5.423637549297656,4998.03937
13,MANABÍ,MAN,Costa,2019,M-N,Act. Profesionales y servicios admin.,Terciario,259.9303060013307,5.3030739210149775,4901.5025977910855
13,MANABÍ,MAN,Costa,2020,M-N,Act. Profesionales y servicios admin.,Terciario,213.13592069845538,4.672929950925299,4561.07673208865
13,MANABÍ,MAN,Costa,2021,M-N,Act. Profesionales y servicios admin.,Terciario,200.3755619499341,4.121927351283059,4861.210421080369
13,MANABÍ,MAN,Costa,2022,M-N,Act. Profesionales y servicios admin.,Terciario,196.23332415494878,3.7378826538188714,5249.852452014878
13,MANABÍ,MAN,Costa,2023,M-N,Act. Profesionales y servicios admin.,Terciario,203.96315067669173,3.6662635243399513,5563.243049022556
13,MANABÍ,MAN,Costa,2018,O,Admin. Publica,Terciario,646.78255,12.940725394886194,4998.03937
13,MANABÍ,MAN,Costa,2019,O,Admin. Publica,Terciario,589.1121068795743,12.019010397853588,4901.5025977910855
13,MANABÍ,MAN,Costa,2020,O,Admin. Publica,Terciario,579.7401024042981,12.710597441293608,4561.07673208865
13,MANABÍ,MAN,Costa,2021,O,Admin. Publica,Terciario,597.4543300131751,12.290237991392997,4861.210421080369
13,MANABÍ,MAN,Costa,2022,O,Admin. Publica,Terciario,620.0193445994738,11.810224197091715,5249.852452014878
13,MANABÍ,MAN,Costa,2023,O,Admin. Publica,Terciario,699.419519197995,12.572154641363023,5563.243049022556
13,MANABÍ,MAN,Costa,2018,P,Educación,Terciario,461.13193,9.226256455038689,4998.03937
13,MANABÍ,MAN,Costa,2019,P,Educación,Terciario,477.3136828210247,9.738109351122883,4901.5025977910855
13,MANABÍ,MAN,Costa,2020,P,Educación,Terciario,443.5946083546005,9.725655462750034,4561.07673208865
13,MANABÍ,MAN,Costa,2021,P,Educación,Terciario,436.8461628458498,8.986366048906063,4861.210421080369
13,MANABÍ,MAN,Costa,2022,P,Educación,Terciario,498.5879427669418,9.49718010790161,5249.852452014878
13,MANABÍ,MAN,Costa,2023,P,Educación,Terciario,534.1016485213033,9.600544930625372,5563.243049022556
13,MANABÍ,MAN,Costa,2018,Q,Salud,Terciario,290.99440000000004,5.822171024635207,4998.03937
13,MANABÍ,MAN,Costa,2019,Q,Salud,Terciario,301.7550349966734,6.1563781509095294,4901.5025977910855
13,MANABÍ,MAN,Costa,2020,Q,Salud,Terciario,333.8716368032236,7.320017978525304,4561.07673208865
13,MANABÍ,MAN,Costa,2021,Q,Salud,Terciario,302.67785992094855,6.226388773635529,4861.210421080369
13,MANABÍ,MAN,Costa,2022,Q,Salud,Terciario,317.8926304926064,6.0552679032074535,5249.852452014878
13,MANABÍ,MAN,Costa,2023,Q,Salud,Terciario,343.6815749373434,6.177719936175126,5563.243049022556
13,MANABÍ,MAN,Costa,2018,R-S-U,Otros servicios,Terciario,35.61291000000001,0.7125376045207104,4998.03937
13,MANABÍ,MAN,Costa,2019,R-S-U,Otros servicios,Terciario,35.774716380572194,0.7298724353771525,4901.5025977910855
13,MANABÍ,MAN,Costa,2020,R-S-U,Otros servicios,Terciario,37.904426165211554,0.8310411859230883,4561.07673208865
13,MANABÍ,MAN,Costa,2021,R-S-U,Otros servicios,Terciario,37.86686587615283,0.7789596128557873,4861.210421080369
13,MANABÍ,MAN,Costa,2022,R-S-U,Otros servicios,Terciario,33.439136177084286,0.6369538283737944,5249.852452014878
13,MANABÍ,MAN,Costa,2023,R-S-U,Otros servicios,Terciario,31.672487218045113,0.5693169782256747,5563.243049022556
13,MANABÍ,MAN,Costa,2018,T,Servicios hogares,Terciario,56.38898,1.1282220051820038,4998.03937
13,MANABÍ,MAN,Costa,2019,T,Servicios hogares,Terciario,64.74102589487693,1.3208403872733467,4901.5025977910855
13,MANABÍ,MAN,Costa,2020,T,Servicios hogares,Terciario,39.46477818670248,0.8652513541167814,4561.07673208865
13,MANABÍ,MAN,Costa,2021,T,Servicios hogares,Terciario,47.80621533596838,0.9834220532536379,4861.210421080369
13,MANABÍ,MAN,Costa,2022,T,Servicios hogares,Terciario,39.94730834074209,0.760922496505791,5249.852452014878
13,MANABÍ,MAN,Costa,2023,T,Servicios hogares,Terciario,56.30143899749373,1.0120255128415738,5563.243049022556
14,MORONA SANTIAGO,MOR,Amazonia,2018,A,Agricultura,Primario,45.1127,9.956424984703753,453.10139000000004
14,MORONA SANTIAGO,MOR,Amazonia,2019,A,Agricultura,Primario,44.08558222222222,9.876952037374535,446.3480439654026
14,MORONA SANTIAGO,MOR,Amazonia,2020,A,Agricultura,Primario,42.03722423102754,9.869270605407552,425.9405371658832
14,MORONA SANTIAGO,MOR,Amazonia,2021,A,Agricultura,Primario,36.06052026350461,8.370410197864324,430.80947541501973
14,MORONA SANTIAGO,MOR,Amazonia,2022,A,Agricultura,Primario,38.66815108772567,8.363554799223872,462.34109796607095
14,MORONA SANTIAGO,MOR,Amazonia,2023,A,Agricultura,Primario,43.694809223057646,8.854855165492754,493.4559448621554
14,MORONA SANTIAGO,MOR,Amazonia,2018,B,Minas y canteras,Primario,1.0538299999999998,0.2325814979291941,453.10139000000004
14,MORONA SANTIAGO,MOR,Amazonia,2019,B,Minas y canteras,Primario,1.763832761144378,0.3951698198281108,446.3480439654026
14,MORONA SANTIAGO,MOR,Amazonia,2020,B,Minas y canteras,Primario,2.1836484083277368,0.5126650829848842,425.9405371658832
14,MORONA SANTIAGO,MOR,Amazonia,2021,B,Minas y canteras,Primario,2.960551673254282,0.6872067218118261,430.80947541501973
14,MORONA SANTIAGO,MOR,Amazonia,2022,B,Minas y canteras,Primario,2.7864768865100245,0.6026885558667144,462.34109796607095
14,MORONA SANTIAGO,MOR,Amazonia,2023,B,Minas y canteras,Primario,4.053911378446115,0.8215346112769106,493.4559448621554
14,MORONA SANTIAGO,MOR,Amazonia,2018,C,Manufactura,Secundario,6.02755,1.3302872454220456,453.10139000000004
14,MORONA SANTIAGO,MOR,Amazonia,2019,C,Manufactura,Secundario,5.880720053226881,1.3175189479899925,446.3480439654026
14,MORONA SANTIAGO,MOR,Amazonia,2020,C,Manufactura,Secundario,4.086728596373405,0.959459886951737,425.9405371658832
14,MORONA SANTIAGO,MOR,Amazonia,2021,C,Manufactura,Secundario,4.105464242424242,0.9529651682960892,430.80947541501973
14,MORONA SANTIAGO,MOR,Amazonia,2022,C,Manufactura,Secundario,3.4066671069581784,0.7368298258460635,462.34109796607095
14,MORONA SANTIAGO,MOR,Amazonia,2023,C,Manufactura,Secundario,4.073936441102758,0.8255927370052848,493.4559448621554
14,MORONA SANTIAGO,MOR,Amazonia,2018,D,Electricidad,Secundario,17.76761,3.9213320444680164,453.10139000000004
14,MORONA SANTIAGO,MOR,Amazonia,2019,D,Electricidad,Secundario,21.63550530938124,4.847227539560643,446.3480439654026
14,MORONA SANTIAGO,MOR,Amazonia,2020,D,Electricidad,Secundario,20.649980604432507,4.848090003790914,425.9405371658832
14,MORONA SANTIAGO,MOR,Amazonia,2021,D,Electricidad,Secundario,21.00081370223979,4.874733472844041,430.80947541501973
14,MORONA SANTIAGO,MOR,Amazonia,2022,D,Electricidad,Secundario,21.181088647373674,4.581268838213481,462.34109796607095
14,MORONA SANTIAGO,MOR,Amazonia,2023,D,Electricidad,Secundario,19.28950676691729,3.9090636089723727,493.4559448621554
14,MORONA SANTIAGO,MOR,Amazonia,2018,E,Agua,Secundario,0.71934,0.15875916867083545,453.10139000000004
14,MORONA SANTIAGO,MOR,Amazonia,2019,E,Agua,Secundario,0.9968227811044579,0.2233285873168795,446.3480439654026
14,MORONA SANTIAGO,MOR,Amazonia,2020,E,Agua,Secundario,0.6763353660174615,0.15878633447702623,425.9405371658832
14,MORONA SANTIAGO,MOR,Amazonia,2021,E,Agua,Secundario,0.8365925691699605,0.19419084697801275,430.80947541501973
14,MORONA SANTIAGO,MOR,Amazonia,2022,E,Agua,Secundario,0.5818718533974419,0.12585337015402917,462.34109796607095
14,MORONA SANTIAGO,MOR,Amazonia,2023,E,Agua,Secundario,0.6709573934837092,0.13597108322833926,493.4559448621554
14,MORONA SANTIAGO,MOR,Amazonia,2018,F,Construcción,Secundario,30.58344,6.7498005247787916,453.10139000000004
14,MORONA SANTIAGO,MOR,Amazonia,2019,F,Construcción,Secundario,29.719990632069198,6.658478968124,446.3480439654026
14,MORONA SANTIAGO,MOR,Amazonia,2020,F,Construcción,Secundario,22.572060282068502,5.29934540446846,425.9405371658832
14,MORONA SANTIAGO,MOR,Amazonia,2021,F,Construcción,Secundario,27.44572121212121,6.370732952352408,430.80947541501973
14,MORONA SANTIAGO,MOR,Amazonia,2022,F,Construcción,Secundario,28.97624983398349,6.267288363819633,462.34109796607095
14,MORONA SANTIAGO,MOR,Amazonia,2023,F,Construcción,Secundario,34.30710696741854,6.9524153725622,493.4559448621554
14,MORONA SANTIAGO,MOR,Amazonia,2018,G,Comercio,Terciario,42.58488,9.39853219165803,453.10139000000004
14,MORONA SANTIAGO,MOR,Amazonia,2019,G,Comercio,Terciario,44.46556487025949,9.962083506678503,446.3480439654026
14,MORONA SANTIAGO,MOR,Amazonia,2020,G,Comercio,Terciario,40.070721504365345,9.407585803170395,425.9405371658832
14,MORONA SANTIAGO,MOR,Amazonia,2021,G,Comercio,Terciario,39.18043847167325,9.09460926641152,430.80947541501973
14,MORONA SANTIAGO,MOR,Amazonia,2022,G,Comercio,Terciario,39.505243131633854,8.544609879031986,462.34109796607095
14,MORONA SANTIAGO,MOR,Amazonia,2023,G,Comercio,Terciario,42.38619729323308,8.589661900835639,493.4559448621554
14,MORONA SANTIAGO,MOR,Amazonia,2018,H,Transporte,Terciario,13.959650000000002,3.080910875157545,453.10139000000004
14,MORONA SANTIAGO,MOR,Amazonia,2019,H,Transporte,Terciario,14.26031159015303,3.194886094596256,446.3480439654026
14,MORONA SANTIAGO,MOR,Amazonia,2020,H,Transporte,Terciario,12.083150141034253,2.8368161953856137,425.9405371658832
14,MORONA SANTIAGO,MOR,Amazonia,2021,H,Transporte,Terciario,12.16194044795784,2.8230438609182515,430.80947541501973
14,MORONA SANTIAGO,MOR,Amazonia,2022,H,Transporte,Terciario,12.533563465481269,2.7108910543793034,462.34109796607095
14,MORONA SANTIAGO,MOR,Amazonia,2023,H,Transporte,Terciario,12.173824561403508,2.4670539869175574,493.4559448621554
14,MORONA SANTIAGO,MOR,Amazonia,2018,I,Alojamiento,Terciario,4.09792,0.9044156761470098,453.10139000000004
14,MORONA SANTIAGO,MOR,Amazonia,2019,I,Alojamiento,Terciario,4.13995262807718,0.9275166955583379,446.3480439654026
14,MORONA SANTIAGO,MOR,Amazonia,2020,I,Alojamiento,Terciario,2.702846581598388,0.6345596029864986,425.9405371658832
14,MORONA SANTIAGO,MOR,Amazonia,2021,I,Alojamiento,Terciario,3.4956804216073776,0.8114214336255763,430.80947541501973
14,MORONA SANTIAGO,MOR,Amazonia,2022,I,Alojamiento,Terciario,4.57192941304545,0.9888650247962517,462.34109796607095
14,MORONA SANTIAGO,MOR,Amazonia,2023,I,Alojamiento,Terciario,2.917062656641604,0.5911495619850059,493.4559448621554
14,MORONA SANTIAGO,MOR,Amazonia,2018,J,Información y comunicaciones,Terciario,1.39055,0.3068959907626856,453.10139000000004
14,MORONA SANTIAGO,MOR,Amazonia,2019,J,Información y comunicaciones,Terciario,1.2267056287425149,0.2748316353857707,446.3480439654026
14,MORONA SANTIAGO,MOR,Amazonia,2020,J,Información y comunicaciones,Terciario,0.8227051712558765,0.19315024034340095,425.9405371658832
14,MORONA SANTIAGO,MOR,Amazonia,2021,J,Información y comunicaciones,Terciario,0.8547337022397893,0.19840178803318628,430.80947541501973
14,MORONA SANTIAGO,MOR,Amazonia,2022,J,Información y comunicaciones,Terciario,0.9808909806767667,0.21215742770692422,462.34109796607095
14,MORONA SANTIAGO,MOR,Amazonia,2023,J,Información y comunicaciones,Terciario,1.0358752882205513,0.2099225470897748,493.4559448621554
14,MORONA SANTIAGO,MOR,Amazonia,2018,K,Financiero,Terciario,12.90596,2.848360275390018,453.10139000000004
14,MORONA SANTIAGO,MOR,Amazonia,2019,K,Financiero,Terciario,12.713643220226215,2.8483698746110506,446.3480439654026
14,MORONA SANTIAGO,MOR,Amazonia,2020,K,Financiero,Terciario,10.963452948287442,2.5739397854066444,425.9405371658832
14,MORONA SANTIAGO,MOR,Amazonia,2021,K,Financiero,Terciario,14.990718735177866,3.479663190030019,430.80947541501973
14,MORONA SANTIAGO,MOR,Amazonia,2022,K,Financiero,Terciario,17.926080899936498,3.877241495250333,462.34109796607095
14,MORONA SANTIAGO,MOR,Amazonia,2023,K,Financiero,Terciario,18.6157788471178,3.7725310721138503,493.4559448621554
14,MORONA SANTIAGO,MOR,Amazonia,2018,L,Inmobiliario,Terciario,8.81437,1.94534163755269,453.10139000000004
14,MORONA SANTIAGO,MOR,Amazonia,2019,L,Inmobiliario,Terciario,8.244411656686628,1.8470813904419552,446.3480439654026
14,MORONA SANTIAGO,MOR,Amazonia,2020,L,Inmobiliario,Terciario,5.585779234385494,1.3113988331686082,425.9405371658832
14,MORONA SANTIAGO,MOR,Amazonia,2021,L,Inmobiliario,Terciario,7.399828616600789,1.7176568852094478,430.80947541501973
14,MORONA SANTIAGO,MOR,Amazonia,2022,L,Inmobiliario,Terciario,6.813410621427924,1.473676177913115,462.34109796607095
14,MORONA SANTIAGO,MOR,Amazonia,2023,L,Inmobiliario,Terciario,6.804243007518797,1.3788957410209195,493.4559448621554
14,MORONA SANTIAGO,MOR,Amazonia,2018,M-N,Act. Profesionales y servicios admin.,Terciario,27.44486,6.057112294446944,453.10139000000004
14,MORONA SANTIAGO,MOR,Amazonia,2019,M-N,Act. Profesionales y servicios admin.,Terciario,22.19333620758483,4.972204204238674,446.3480439654026
14,MORONA SANTIAGO,MOR,Amazonia,2020,M-N,Act. Profesionales y servicios admin.,Terciario,21.685902269979852,5.091298051665424,425.9405371658832
14,MORONA SANTIAGO,MOR,Amazonia,2021,M-N,Act. Profesionales y servicios admin.,Terciario,23.73612205533597,5.509656451374429,430.80947541501973
14,MORONA SANTIAGO,MOR,Amazonia,2022,M-N,Act. Profesionales y servicios admin.,Terciario,23.588593827451692,5.101989403758942,462.34109796607095
14,MORONA SANTIAGO,MOR,Amazonia,2023,M-N,Act. Profesionales y servicios admin.,Terciario,23.51031879699248,4.764421027202332,493.4559448621554
14,MORONA SANTIAGO,MOR,Amazonia,2018,O,Admin. Publica,Terciario,161.97863,35.74887068874364,453.10139000000004
14,MORONA SANTIAGO,MOR,Amazonia,2019,O,Admin. Publica,Terciario,154.94767371922825,34.71454077465131,446.3480439654026
14,MORONA SANTIAGO,MOR,Amazonia,2020,O,Admin. Publica,Terciario,165.27229743451983,38.80173005701833,425.9405371658832
14,MORONA SANTIAGO,MOR,Amazonia,2021,O,Admin. Publica,Terciario,164.9804972859025,38.29546625616086,430.80947541501973
14,MORONA SANTIAGO,MOR,Amazonia,2022,O,Admin. Publica,Terciario,185.75136923160665,40.17626164941064,462.34109796607095
14,MORONA SANTIAGO,MOR,Amazonia,2023,O,Admin. Publica,Terciario,199.48397293233083,40.4258931337945,493.4559448621554
14,MORONA SANTIAGO,MOR,Amazonia,2018,P,Educación,Terciario,54.45651,12.01861464163683,453.10139000000004
14,MORONA SANTIAGO,MOR,Amazonia,2019,P,Educación,Terciario,55.43973152361943,12.42074033328052,446.3480439654026
14,MORONA SANTIAGO,MOR,Amazonia,2020,P,Educación,Terciario,50.642306192075225,11.889524892145333,425.9405371658832
14,MORONA SANTIAGO,MOR,Amazonia,2021,P,Educación,Terciario,50.600029090909096,11.745338015642211,430.80947541501973
14,MORONA SANTIAGO,MOR,Amazonia,2022,P,Educación,Terciario,52.444578238229155,11.343265495743971,462.34109796607095
14,MORONA SANTIAGO,MOR,Amazonia,2023,P,Educación,Terciario,58.8056838095238,11.91710920129879,493.4559448621554
14,MORONA SANTIAGO,MOR,Amazonia,2018,Q,Salud,Terciario,17.33952,3.8268520871233696,453.10139000000004
14,MORONA SANTIAGO,MOR,Amazonia,2019,Q,Salud,Terciario,16.20203262807718,3.6299100773774273,446.3480439654026
14,MORONA SANTIAGO,MOR,Amazonia,2020,Q,Salud,Terciario,16.949776977837473,3.97937634455214,425.9405371658832
14,MORONA SANTIAGO,MOR,Amazonia,2021,Q,Salud,Terciario,13.291813017127799,3.0853112049875757,430.80947541501973
14,MORONA SANTIAGO,MOR,Amazonia,2022,Q,Salud,Terciario,14.635524557742901,3.1655253279726683,462.34109796607095
14,MORONA SANTIAGO,MOR,Amazonia,2023,Q,Salud,Terciario,14.938216140350876,3.0272643983494407,493.4559448621554
14,MORONA SANTIAGO,MOR,Amazonia,2018,R-S-U,Otros servicios,Terciario,4.1693500000000006,0.9201803596320903,453.10139000000004
14,MORONA SANTIAGO,MOR,Amazonia,2019,R-S-U,Otros servicios,Terciario,5.0950876912841,1.1415055493508628,446.3480439654026
14,MORONA SANTIAGO,MOR,Amazonia,2020,R-S-U,Otros servicios,Terciario,4.347186245802552,1.020608715650263,425.9405371658832
14,MORONA SANTIAGO,MOR,Amazonia,2021,R-S-U,Otros servicios,Terciario,4.665491225296443,1.0829592874673772,430.80947541501973
14,MORONA SANTIAGO,MOR,Amazonia,2022,R-S-U,Otros servicios,Terciario,4.084277572348726,0.8833905508976516,462.34109796607095
14,MORONA SANTIAGO,MOR,Amazonia,2023,R-S-U,Otros servicios,Terciario,4.674716591478697,0.9473422379751769,493.4559448621554
14,MORONA SANTIAGO,MOR,Amazonia,2018,T,Servicios hogares,Terciario,2.69472,0.5947278157765085,453.10139000000004
14,MORONA SANTIAGO,MOR,Amazonia,2019,T,Servicios hogares,Terciario,3.3371388423153694,0.7476539636351668,446.3480439654026
14,MORONA SANTIAGO,MOR,Amazonia,2020,T,Servicios hogares,Terciario,2.6084349764942916,0.6123941604267716,425.9405371658832
14,MORONA SANTIAGO,MOR,Amazonia,2021,T,Servicios hogares,Terciario,3.0425186824769432,0.7062329999928476,430.80947541501973
14,MORONA SANTIAGO,MOR,Amazonia,2022,T,Servicios hogares,Terciario,3.905130610541595,0.84464276001442,462.34109796607095
14,MORONA SANTIAGO,MOR,Amazonia,2023,T,Servicios hogares,Terciario,2.0198267669172933,0.4093226128791543,493.4559448621554
15,NAPO,NAP,Amazonia,2018,A,Agricultura,Primario,21.13385,3.970508535122764,532.27061
15,NAPO,NAP,Amazonia,2019,A,Agricultura,Primario,23.78973764471058,4.77550280545162,498.16194469727213
15,NAPO,NAP,Amazonia,2020,A,Agricultura,Primario,25.363217622565482,5.975818580500523,424.43085044996644
15,NAPO,NAP,Amazonia,2021,A,Agricultura,Primario,27.99977380764163,6.2563889899689125,447.538889486166
15,NAPO,NAP,Amazonia,2022,A,Agricultura,Primario,23.827548768937675,4.868688121618434,489.403884038828
15,NAPO,NAP,Amazonia,2023,A,Agricultura,Primario,33.695320100250626,7.227888220589112,466.1848533333333
15,NAPO,NAP,Amazonia,2018,B,Minas y canteras,Primario,133.50457,25.08208559552067,532.27061
15,NAPO,NAP,Amazonia,2019,B,Minas y canteras,Primario,90.03054073186959,18.072544820054496,498.16194469727213
15,NAPO,NAP,Amazonia,2020,B,Minas y canteras,Primario,38.51091492276696,9.073542811965497,424.43085044996644
15,NAPO,NAP,Amazonia,2021,B,Minas y canteras,Primario,62.97437238471672,14.071262601786326,447.538889486166
15,NAPO,NAP,Amazonia,2022,B,Minas y canteras,Primario,73.76215935407785,15.071837751950854,489.403884038828
15,NAPO,NAP,Amazonia,2023,B,Minas y canteras,Primario,51.568918295739344,11.061903433157305,466.1848533333333
15,NAPO,NAP,Amazonia,2018,C,Manufactura,Secundario,5.0552,0.9497424627672002,532.27061
15,NAPO,NAP,Amazonia,2019,C,Manufactura,Secundario,4.509288196939455,0.9051852003026251,498.16194469727213
15,NAPO,NAP,Amazonia,2020,C,Manufactura,Secundario,3.782241826729349,0.8911326362632572,424.43085044996644
15,NAPO,NAP,Amazonia,2021,C,Manufactura,Secundario,3.757245638998683,0.8395350051729582,447.538889486166
15,NAPO,NAP,Amazonia,2022,C,Manufactura,Secundario,3.4934373872811406,0.7138148063826932,489.403884038828
15,NAPO,NAP,Amazonia,2023,C,Manufactura,Secundario,4.177491929824561,0.8961020290458803,466.1848533333333
15,NAPO,NAP,Amazonia,2018,D,Electricidad,Secundario,113.53146999999998,21.32965222333053,532.27061
15,NAPO,NAP,Amazonia,2019,D,Electricidad,Secundario,118.0283763140386,23.692772515123213,498.16194469727213
15,NAPO,NAP,Amazonia,2020,D,Electricidad,Secundario,121.43443470785762,28.611123479623867,424.43085044996644
15,NAPO,NAP,Amazonia,2021,D,Electricidad,Secundario,110.36917733860344,24.661360148013483,447.538889486166
15,NAPO,NAP,Amazonia,2022,D,Electricidad,Secundario,119.57346723033658,24.432472060407665,489.403884038828
15,NAPO,NAP,Amazonia,2023,D,Electricidad,Secundario,109.66138005012532,23.523153801763442,466.1848533333333
15,NAPO,NAP,Amazonia,2018,E,Agua,Secundario,0.49129000000000006,0.09230079413928191,532.27061
15,NAPO,NAP,Amazonia,2019,E,Agua,Secundario,0.5080377910844978,0.10198245700867958,498.16194469727213
15,NAPO,NAP,Amazonia,2020,E,Agua,Secundario,0.5703281128274009,0.1343748015071853,424.43085044996644
15,NAPO,NAP,Amazonia,2021,E,Agua,Secundario,0.6343451910408432,0.1417407974911757,447.538889486166
15,NAPO,NAP,Amazonia,2022,E,Agua,Secundario,0.36799767758323504,0.07519304394283048,489.403884038828
15,NAPO,NAP,Amazonia,2023,E,Agua,Secundario,0.47074446115288215,0.1009780686324205,466.1848533333333
15,NAPO,NAP,Amazonia,2018,F,Construcción,Secundario,17.30717,3.251573480639857,532.27061
15,NAPO,NAP,Amazonia,2019,F,Construcción,Secundario,15.709124896872922,3.153417290118216,498.16194469727213
15,NAPO,NAP,Amazonia,2020,F,Construcción,Secundario,11.680827615849564,2.7521155927911387,424.43085044996644
15,NAPO,NAP,Amazonia,2021,F,Construcción,Secundario,12.359610434782608,2.7616841184400935,447.538889486166
15,NAPO,NAP,Amazonia,2022,F,Construcción,Secundario,14.985728836070036,3.062037169055469,489.403884038828
15,NAPO,NAP,Amazonia,2023,F,Construcción,Secundario,16.359401904761903,3.5092092305848768,466.1848533333333
15,NAPO,NAP,Amazonia,2018,G,Comercio,Terciario,33.13921,6.226007857168743,532.27061
15,NAPO,NAP,Amazonia,2019,G,Comercio,Terciario,28.833921490352633,5.7880618536357105,498.16194469727213
15,NAPO,NAP,Amazonia,2020,G,Comercio,Terciario,21.187461114842176,4.991970091801759,424.43085044996644
15,NAPO,NAP,Amazonia,2021,G,Comercio,Terciario,26.76494819499341,5.9804742836366955,447.538889486166
15,NAPO,NAP,Amazonia,2022,G,Comercio,Terciario,25.90235654177629,5.292634036333325,489.403884038828
15,NAPO,NAP,Amazonia,2023,G,Comercio,Terciario,28.543366215538846,6.122757101919323,466.1848533333333
15,NAPO,NAP,Amazonia,2018,H,Transporte,Terciario,10.64571,2.0000559489842957,532.27061
15,NAPO,NAP,Amazonia,2019,H,Transporte,Terciario,10.820144244843648,2.1720134105022693,498.16194469727213
15,NAPO,NAP,Amazonia,2020,H,Transporte,Terciario,7.776851685695096,1.8323012282095787,424.43085044996644
15,NAPO,NAP,Amazonia,2021,H,Transporte,Terciario,7.7611056653491435,1.7341745818469367,447.538889486166
15,NAPO,NAP,Amazonia,2022,H,Transporte,Terciario,7.671648444162208,1.5675495627152727,489.403884038828
15,NAPO,NAP,Amazonia,2023,H,Transporte,Terciario,8.085243909774436,1.7343429010966371,466.1848533333333
15,NAPO,NAP,Amazonia,2018,I,Alojamiento,Terciario,6.308470000000001,1.185199761452168,532.27061
15,NAPO,NAP,Amazonia,2019,I,Alojamiento,Terciario,7.405864111776449,1.4866378675867977,498.16194469727213
15,NAPO,NAP,Amazonia,2020,I,Alojamiento,Terciario,3.3978481128274005,0.800565771603342,424.43085044996644
15,NAPO,NAP,Amazonia,2021,I,Alojamiento,Terciario,4.48694324110672,1.002581752450234,447.538889486166
15,NAPO,NAP,Amazonia,2022,I,Alojamiento,Terciario,5.632360613263178,1.1508614453121755,489.403884038828
15,NAPO,NAP,Amazonia,2023,I,Alojamiento,Terciario,4.4884505263157894,0.9628048818451079,466.1848533333333
15,NAPO,NAP,Amazonia,2018,J,Información y comunicaciones,Terciario,1.26037,0.2367912066382925,532.27061
15,NAPO,NAP,Amazonia,2019,J,Información y comunicaciones,Terciario,1.117503020625416,0.2243252485503506,498.16194469727213
15,NAPO,NAP,Amazonia,2020,J,Información y comunicaciones,Terciario,0.7216573807924781,0.17002943589689642,424.43085044996644
15,NAPO,NAP,Amazonia,2021,J,Información y comunicaciones,Terciario,0.8644631357048748,0.1931593334151124,447.538889486166
15,NAPO,NAP,Amazonia,2022,J,Información y comunicaciones,Terciario,0.9963157470742994,0.20357740908228147,489.403884038828
15,NAPO,NAP,Amazonia,2023,J,Información y comunicaciones,Terciario,0.9547290225563909,0.2047962338823001,466.1848533333333
15,NAPO,NAP,Amazonia,2018,K,Financiero,Terciario,6.76851,1.2716294818532248,532.27061
15,NAPO,NAP,Amazonia,2019,K,Financiero,Terciario,6.864684284763807,1.3780025467291375,498.16194469727213
15,NAPO,NAP,Amazonia,2020,K,Financiero,Terciario,6.019585762256548,1.4182724361046795,424.43085044996644
15,NAPO,NAP,Amazonia,2021,K,Financiero,Terciario,7.7222572859025025,1.725494134100542,447.538889486166
15,NAPO,NAP,Amazonia,2022,K,Financiero,Terciario,9.724737381837976,1.9870576632093997,489.403884038828
15,NAPO,NAP,Amazonia,2023,K,Financiero,Terciario,9.398718395989974,2.016092614075058,466.1848533333333
15,NAPO,NAP,Amazonia,2018,L,Inmobiliario,Terciario,9.86093,1.8526159090392007,532.27061
15,NAPO,NAP,Amazonia,2019,L,Inmobiliario,Terciario,10.500091443779109,2.107766672173224,498.16194469727213
15,NAPO,NAP,Amazonia,2020,L,Inmobiliario,Terciario,13.123233310946944,3.0919602797567993,424.43085044996644
15,NAPO,NAP,Amazonia,2021,L,Inmobiliario,Terciario,11.623472779973648,2.5971983782948866,447.538889486166
15,NAPO,NAP,Amazonia,2022,L,Inmobiliario,Terciario,12.254991229247935,2.504064971473675,489.403884038828
15,NAPO,NAP,Amazonia,2023,L,Inmobiliario,Terciario,10.590987067669172,2.271842809121978,466.1848533333333
15,NAPO,NAP,Amazonia,2018,M-N,Act. Profesionales y servicios admin.,Terciario,13.417409999999999,2.520787311551919,532.27061
15,NAPO,NAP,Amazonia,2019,M-N,Act. Profesionales y servicios admin.,Terciario,14.04024526946108,2.8184098401962823,498.16194469727213
15,NAPO,NAP,Amazonia,2020,M-N,Act. Profesionales y servicios admin.,Terciario,10.762114922766958,2.53565802564949,424.43085044996644
15,NAPO,NAP,Amazonia,2021,M-N,Act. Profesionales y servicios admin.,Terciario,10.311208010540183,2.3039803361845976,447.538889486166
15,NAPO,NAP,Amazonia,2022,M-N,Act. Profesionales y servicios admin.,Terciario,10.756066871087725,2.197789437697713,489.403884038828
15,NAPO,NAP,Amazonia,2023,M-N,Act. Profesionales y servicios admin.,Terciario,11.567899147869674,2.4813974682266973,466.1848533333333
15,NAPO,NAP,Amazonia,2018,O,Admin. Publica,Terciario,100.03668000000002,18.794327193830977,532.27061
15,NAPO,NAP,Amazonia,2019,O,Admin. Publica,Terciario,104.53642560212909,20.9844261921,498.16194469727213
15,NAPO,NAP,Amazonia,2020,O,Admin. Publica,Terciario,103.86643191403626,24.47193266086119,424.43085044996644
15,NAPO,NAP,Amazonia,2021,O,Admin. Publica,Terciario,103.1861010803689,23.056342924486454,447.538889486166
15,NAPO,NAP,Amazonia,2022,O,Admin. Publica,Terciario,122.10618521999457,24.949982867383007,489.403884038828
15,NAPO,NAP,Amazonia,2023,O,Admin. Publica,Terciario,115.67083067669172,24.812224131611654,466.1848533333333
15,NAPO,NAP,Amazonia,2018,P,Educación,Terciario,37.86594,7.114039229030511,532.27061
15,NAPO,NAP,Amazonia,2019,P,Educación,Terciario,38.645244976713236,7.757566668445048,498.16194469727213
15,NAPO,NAP,Amazonia,2020,P,Educación,Terciario,35.931539771658834,8.465817160455112,424.43085044996644
15,NAPO,NAP,Amazonia,2021,P,Educación,Terciario,35.10402382081686,7.843792940792461,447.538889486166
15,NAPO,NAP,Amazonia,2022,P,Educación,Terciario,35.24281189512837,7.201171270707018,489.403884038828
15,NAPO,NAP,Amazonia,2023,P,Educación,Terciario,39.31325012531329,8.43297456882482,466.1848533333333
15,NAPO,NAP,Amazonia,2018,Q,Salud,Terciario,13.88364,2.6083799742390434,532.27061
15,NAPO,NAP,Amazonia,2019,Q,Salud,Terciario,15.348314996673324,3.0809890558782715,498.16194469727213
15,NAPO,NAP,Amazonia,2020,Q,Salud,Terciario,13.261350812625924,3.124502094644325,424.43085044996644
15,NAPO,NAP,Amazonia,2021,Q,Salud,Terciario,12.1718284057971,2.7197253002464152,447.538889486166
15,NAPO,NAP,Amazonia,2022,Q,Salud,Terciario,14.882607348271796,3.0409663334611072,489.403884038828
15,NAPO,NAP,Amazonia,2023,Q,Salud,Terciario,15.424566015037591,3.3086802166025455,466.1848533333333
15,NAPO,NAP,Amazonia,2018,R-S-U,Otros servicios,Terciario,5.46522,1.0267747076999048,532.27061
15,NAPO,NAP,Amazonia,2019,R-S-U,Otros servicios,Terciario,5.458749487691285,1.0957780990293247,498.16194469727213
15,NAPO,NAP,Amazonia,2020,R-S-U,Otros servicios,Terciario,4.726529590329081,1.113615936569687,424.43085044996644
15,NAPO,NAP,Amazonia,2021,R-S-U,Otros servicios,Terciario,6.220219025032938,1.3898722929251075,447.538889486166
15,NAPO,NAP,Amazonia,2022,R-S-U,Otros servicios,Terciario,5.408687174090538,1.1051582037835703,489.403884038828
15,NAPO,NAP,Amazonia,2023,R-S-U,Otros servicios,Terciario,5.057152882205513,1.0847956226045654,466.1848533333333
15,NAPO,NAP,Amazonia,2018,T,Servicios hogares,Terciario,2.59497,0.48752832699141513,532.27061
15,NAPO,NAP,Amazonia,2019,T,Servicios hogares,Terciario,2.015650192947439,0.4046174571147398,498.16194469727213
15,NAPO,NAP,Amazonia,2020,T,Servicios hogares,Terciario,2.3142812625923437,0.5452669757956626,424.43085044996644
15,NAPO,NAP,Amazonia,2021,T,Servicios hogares,Terciario,3.2277940447957842,0.7212320807476016,447.538889486166
15,NAPO,NAP,Amazonia,2022,T,Servicios hogares,Terciario,2.8147763186065498,0.5751438454835052,489.403884038828
15,NAPO,NAP,Amazonia,2023,T,Servicios hogares,Terciario,1.1564026065162907,0.24805666641628,466.1848533333333
16,PASTAZA,PAS,Amazonia,2018,A,Agricultura,Primario,15.63864,1.7855011502984044,875.8683800000001
16,PASTAZA,PAS,Amazonia,2019,A,Agricultura,Primario,17.786986453759148,2.2719182087154057,782.906109274784
16,PASTAZA,PAS,Amazonia,2020,A,Agricultura,Primario,13.639865896574882,2.2147718383164055,615.8587381598388
16,PASTAZA,PAS,Amazonia,2021,A,Agricultura,Primario,13.35362761528327,1.5145176791247839,881.7082691963109
16,PASTAZA,PAS,Amazonia,2022,A,Agricultura,Primario,13.392278835162843,1.256994240485998,1065.4208590474464
16,PASTAZA,PAS,Amazonia,2023,A,Agricultura,Primario,17.79013373433584,2.0302562857699753,876.2506418045112
16,PASTAZA,PAS,Amazonia,2018,B,Minas y canteras,Primario,546.42505,62.38666248004067,875.8683800000001
16,PASTAZA,PAS,Amazonia,2019,B,Minas y canteras,Primario,456.5176856952762,58.31065568234669,782.906109274784
16,PASTAZA,PAS,Amazonia,2020,B,Minas y canteras,Primario,325.4238233445265,52.84066023271503,615.8587381598388
16,PASTAZA,PAS,Amazonia,2021,B,Minas y canteras,Primario,581.4900536495388,65.95039129887881,881.7082691963109
16,PASTAZA,PAS,Amazonia,2022,B,Minas y canteras,Primario,758.510662229883,71.19352467981896,1065.4208590474464
16,PASTAZA,PAS,Amazonia,2023,B,Minas y canteras,Primario,553.393671378446,63.15472365746996,876.2506418045112
16,PASTAZA,PAS,Amazonia,2018,C,Manufactura,Secundario,8.84497,1.0098515030306265,875.8683800000001
16,PASTAZA,PAS,Amazonia,2019,C,Manufactura,Secundario,8.584587837658018,1.0965028546794753,782.906109274784
16,PASTAZA,PAS,Amazonia,2020,C,Manufactura,Secundario,6.927207844190733,1.1248046694748461,615.8587381598388
16,PASTAZA,PAS,Amazonia,2021,C,Manufactura,Secundario,10.735003109354414,1.217523242595821,881.7082691963109
16,PASTAZA,PAS,Amazonia,2022,C,Manufactura,Secundario,7.210424051528625,0.6767676820195917,1065.4208590474464
16,PASTAZA,PAS,Amazonia,2023,C,Manufactura,Secundario,8.005294436090225,0.9135850011595404,876.2506418045112
16,PASTAZA,PAS,Amazonia,2018,D,Electricidad,Secundario,7.02888,0.8025041388067918,875.8683800000001
16,PASTAZA,PAS,Amazonia,2019,D,Electricidad,Secundario,7.09524758483034,0.906270560514946,782.906109274784
16,PASTAZA,PAS,Amazonia,2020,D,Electricidad,Secundario,7.036103908663533,1.1424866568731538,615.8587381598388
16,PASTAZA,PAS,Amazonia,2021,D,Electricidad,Secundario,7.03969096179183,0.7984149868763968,881.7082691963109
16,PASTAZA,PAS,Amazonia,2022,D,Electricidad,Secundario,6.923809924702895,0.6498661881740535,1065.4208590474464
16,PASTAZA,PAS,Amazonia,2023,D,Electricidad,Secundario,6.411874285714286,0.7317397534237419,876.2506418045112
16,PASTAZA,PAS,Amazonia,2018,E,Agua,Secundario,0.15227,0.017385032212260017,875.8683800000001
16,PASTAZA,PAS,Amazonia,2019,E,Agua,Secundario,0.2156934131736527,0.027550355096021963,782.906109274784
16,PASTAZA,PAS,Amazonia,2020,E,Agua,Secundario,0.15241004701141705,0.024747565889348615,615.8587381598388
16,PASTAZA,PAS,Amazonia,2021,E,Agua,Secundario,0.1609815019762845,0.018257909968681745,881.7082691963109
16,PASTAZA,PAS,Amazonia,2022,E,Agua,Secundario,0.1883063122561916,0.017674359447453408,1065.4208590474464
16,PASTAZA,PAS,Amazonia,2023,E,Agua,Secundario,0.16481804511278195,0.01880946355409944,876.2506418045112
16,PASTAZA,PAS,Amazonia,2018,F,Construcción,Secundario,22.49978,2.5688540097771306,875.8683800000001
16,PASTAZA,PAS,Amazonia,2019,F,Construcción,Secundario,23.558473878908853,3.009105894030048,782.906109274784
16,PASTAZA,PAS,Amazonia,2020,F,Construcción,Secundario,17.07627862995299,2.772759006550143,615.8587381598388
16,PASTAZA,PAS,Amazonia,2021,F,Construcción,Secundario,20.924038366271407,2.3731248869134407,881.7082691963109
16,PASTAZA,PAS,Amazonia,2022,F,Construcción,Secundario,23.36054605824186,2.192612042449372,1065.4208590474464
16,PASTAZA,PAS,Amazonia,2023,F,Construcción,Secundario,25.987084511278198,2.9657136065271876,876.2506418045112
16,PASTAZA,PAS,Amazonia,2018,G,Comercio,Terciario,34.92853,3.987874296820716,875.8683800000001
16,PASTAZA,PAS,Amazonia,2019,G,Comercio,Terciario,38.382140039920166,4.902521462691617,782.906109274784
16,PASTAZA,PAS,Amazonia,2020,G,Comercio,Terciario,28.762520241773004,4.670311300236522,615.8587381598388
16,PASTAZA,PAS,Amazonia,2021,G,Comercio,Terciario,34.88856938076416,3.9569289071730687,881.7082691963109
16,PASTAZA,PAS,Amazonia,2022,G,Comercio,Terciario,38.44422932414043,3.6083608648803818,1065.4208590474464
16,PASTAZA,PAS,Amazonia,2023,G,Comercio,Terciario,40.11041724310777,4.577505034462077,876.2506418045112
16,PASTAZA,PAS,Amazonia,2018,H,Transporte,Terciario,14.11542,1.6115914585248525,875.8683800000001
16,PASTAZA,PAS,Amazonia,2019,H,Transporte,Terciario,19.75168276779774,2.5228673698936874,782.906109274784
16,PASTAZA,PAS,Amazonia,2020,H,Transporte,Terciario,17.547164969778375,2.8492191281085986,615.8587381598388
16,PASTAZA,PAS,Amazonia,2021,H,Transporte,Terciario,12.516490118577073,1.4195727267008649,881.7082691963109
16,PASTAZA,PAS,Amazonia,2022,H,Transporte,Terciario,12.451482696180713,1.1686914697083297,1065.4208590474464
16,PASTAZA,PAS,Amazonia,2023,H,Transporte,Terciario,13.562960802005012,1.547840327291979,876.2506418045112
16,PASTAZA,PAS,Amazonia,2018,I,Alojamiento,Terciario,4.36592,0.4984675893882594,875.8683800000001
16,PASTAZA,PAS,Amazonia,2019,I,Alojamiento,Terciario,4.582686999334665,0.5853431139501092,782.906109274784
16,PASTAZA,PAS,Amazonia,2020,I,Alojamiento,Terciario,2.8720238549361987,0.46634458147296737,615.8587381598388
16,PASTAZA,PAS,Amazonia,2021,I,Alojamiento,Terciario,3.1080090645586296,0.3524985727299147,881.7082691963109
16,PASTAZA,PAS,Amazonia,2022,I,Alojamiento,Terciario,3.8491525573800236,0.36128000730353726,1065.4208590474464
16,PASTAZA,PAS,Amazonia,2023,I,Alojamiento,Terciario,2.703496541353383,0.30853004977958404,876.2506418045112
16,PASTAZA,PAS,Amazonia,2018,J,Información y comunicaciones,Terciario,0.97021,0.11077120971075584,875.8683800000001
16,PASTAZA,PAS,Amazonia,2019,J,Información y comunicaciones,Terciario,0.8410392015968065,0.10742529552820476,782.906109274784
16,PASTAZA,PAS,Amazonia,2020,J,Información y comunicaciones,Terciario,0.6485179314976495,0.10530303319806666,615.8587381598388
16,PASTAZA,PAS,Amazonia,2021,J,Información y comunicaciones,Terciario,0.9217696969696969,0.10454361484098391,881.7082691963109
16,PASTAZA,PAS,Amazonia,2022,J,Información y comunicaciones,Terciario,0.8997748562097433,0.08445252864808737,1065.4208590474464
16,PASTAZA,PAS,Amazonia,2023,J,Información y comunicaciones,Terciario,0.9463137844611528,0.10799578788465783,876.2506418045112
16,PASTAZA,PAS,Amazonia,2018,K,Financiero,Terciario,10.94664,1.2498042228673674,875.8683800000001
16,PASTAZA,PAS,Amazonia,2019,K,Financiero,Terciario,12.403597072521626,1.584301990440621,782.906109274784
16,PASTAZA,PAS,Amazonia,2020,K,Financiero,Terciario,11.964062431161853,1.9426634209835183,615.8587381598388
16,PASTAZA,PAS,Amazonia,2021,K,Financiero,Terciario,15.04014861660079,1.7057964796349352,881.7082691963109
16,PASTAZA,PAS,Amazonia,2022,K,Financiero,Terciario,19.071400845504854,1.790034490460032,1065.4208590474464
16,PASTAZA,PAS,Amazonia,2023,K,Financiero,Terciario,19.07464962406015,2.1768485766559524,876.2506418045112
16,PASTAZA,PAS,Amazonia,2018,L,Inmobiliario,Terciario,11.59542,1.323876996221738,875.8683800000001
16,PASTAZA,PAS,Amazonia,2019,L,Inmobiliario,Terciario,10.539917924151696,1.3462556747596413,782.906109274784
16,PASTAZA,PAS,Amazonia,2020,L,Inmobiliario,Terciario,10.124495688381465,1.6439639581364147,615.8587381598388
16,PASTAZA,PAS,Amazonia,2021,L,Inmobiliario,Terciario,10.462202476943345,1.1865832319435754,881.7082691963109
16,PASTAZA,PAS,Amazonia,2022,L,Inmobiliario,Terciario,7.754560145151047,0.7278400905426344,1065.4208590474464
16,PASTAZA,PAS,Amazonia,2023,L,Inmobiliario,Terciario,7.226701152882205,0.8247299126651548,876.2506418045112
16,PASTAZA,PAS,Amazonia,2018,M-N,Act. Profesionales y servicios admin.,Terciario,17.66561,2.01692519143116,875.8683800000001
16,PASTAZA,PAS,Amazonia,2019,M-N,Act. Profesionales y servicios admin.,Terciario,18.56232196939455,2.3709512225660196,782.906109274784
16,PASTAZA,PAS,Amazonia,2020,M-N,Act. Profesionales y servicios admin.,Terciario,15.711911242444595,2.5512199907061732,615.8587381598388
16,PASTAZA,PAS,Amazonia,2021,M-N,Act. Profesionales y servicios admin.,Terciario,13.785438102766797,1.56349198304927,881.7082691963109
16,PASTAZA,PAS,Amazonia,2022,M-N,Act. Profesionales y servicios admin.,Terciario,13.670144301914181,1.2830745883965662,1065.4208590474464
16,PASTAZA,PAS,Amazonia,2023,M-N,Act. Profesionales y servicios admin.,Terciario,14.429457042606517,1.6467271296818842,876.2506418045112
16,PASTAZA,PAS,Amazonia,2018,O,Admin. Publica,Terciario,113.39416,12.946484036791006,875.8683800000001
16,PASTAZA,PAS,Amazonia,2019,O,Admin. Publica,Terciario,99.1629428077179,12.666007025998791,782.906109274784
16,PASTAZA,PAS,Amazonia,2020,O,Admin. Publica,Terciario,95.00777090664876,15.426877142399272,615.8587381598388
16,PASTAZA,PAS,Amazonia,2021,O,Admin. Publica,Terciario,98.34061533596838,11.153418740827643,881.7082691963109
16,PASTAZA,PAS,Amazonia,2022,O,Admin. Publica,Terciario,98.38013427923433,9.23392229876111,1065.4208590474464
16,PASTAZA,PAS,Amazonia,2023,O,Admin. Publica,Terciario,101.32922005012533,11.563953875280761,876.2506418045112
16,PASTAZA,PAS,Amazonia,2018,P,Educación,Terciario,44.04912,5.029193998303717,875.8683800000001
16,PASTAZA,PAS,Amazonia,2019,P,Educación,Terciario,41.7320773918829,5.330406404739882,782.906109274784
16,PASTAZA,PAS,Amazonia,2020,P,Educación,Terciario,37.37596561450638,6.06891861698419,615.8587381598388
16,PASTAZA,PAS,Amazonia,2021,P,Educación,Terciario,36.68375884057971,4.160532471133276,881.7082691963109
16,PASTAZA,PAS,Amazonia,2022,P,Educación,Terciario,37.73564516374853,3.5418534228329808,1065.4208590474464
16,PASTAZA,PAS,Amazonia,2023,P,Educación,Terciario,41.076539348370936,4.687761399384514,876.2506418045112
16,PASTAZA,PAS,Amazonia,2018,Q,Salud,Terciario,16.41702,1.8743706674283638,875.8683800000001
16,PASTAZA,PAS,Amazonia,2019,Q,Salud,Terciario,15.622147065868267,1.995404925418102,782.906109274784
16,PASTAZA,PAS,Amazonia,2020,Q,Salud,Terciario,18.01352617864338,2.9249444819873913,615.8587381598388
16,PASTAZA,PAS,Amazonia,2021,Q,Salud,Terciario,14.944925006587617,1.694996579788247,881.7082691963109
16,PASTAZA,PAS,Amazonia,2022,Q,Salud,Terciario,17.21145099519187,1.6154602990014668,1065.4208590474464
16,PASTAZA,PAS,Amazonia,2023,Q,Salud,Terciario,17.62500471177945,2.011411332662,876.2506418045112
16,PASTAZA,PAS,Amazonia,2018,R-S-U,Otros servicios,Terciario,4.04582,0.4619210023314233,875.8683800000001
16,PASTAZA,PAS,Amazonia,2019,R-S-U,Otros servicios,Terciario,5.030014424484365,0.6424799046649071,782.906109274784
16,PASTAZA,PAS,Amazonia,2020,R-S-U,Otros servicios,Terciario,5.375491954331767,0.872844959607705,615.8587381598388
16,PASTAZA,PAS,Amazonia,2021,R-S-U,Otros servicios,Terciario,5.622166007905138,0.6376446954534994,881.7082691963109
16,PASTAZA,PAS,Amazonia,2022,R-S-U,Otros servicios,Terciario,4.894856209743264,0.45942935772062654,1065.4208590474464
16,PASTAZA,PAS,Amazonia,2023,R-S-U,Otros servicios,Terciario,5.356661854636592,0.611316169036444,876.2506418045112
16,PASTAZA,PAS,Amazonia,2018,T,Servicios hogares,Terciario,2.78492,0.3179610160147578,875.8683800000001
16,PASTAZA,PAS,Amazonia,2019,T,Servicios hogares,Terciario,2.5368667465069863,0.32403205396582213,782.906109274784
16,PASTAZA,PAS,Amazonia,2020,T,Servicios hogares,Terciario,2.199597474815312,0.3571594163602551,615.8587381598388
16,PASTAZA,PAS,Amazonia,2021,T,Servicios hogares,Terciario,1.6907813438735178,0.19176199236678226,881.7082691963109
16,PASTAZA,PAS,Amazonia,2022,T,Servicios hogares,Terciario,1.472000261271886,0.13816138934880132,1065.4208590474464
16,PASTAZA,PAS,Amazonia,2023,T,Servicios hogares,Terciario,1.0563432581453633,0.12055263731048202,876.2506418045112
17,PICHINCHA,PIC,Sierra,2018,A,Agricultura,Primario,830.9454199999999,2.939556533704549,28267.71353
17,PICHINCHA,PIC,Sierra,2019,A,Agricultura,Primario,837.2208227811045,2.9823046865334164,28072.947293466405
17,PICHINCHA,PIC,Sierra,2020,A,Agricultura,Primario,746.1459653458699,3.026038114440785,24657.520398871726
17,PICHINCHA,PIC,Sierra,2021,A,Agricultura,Primario,831.7895085111988,3.0863425041043113,26950.654614808955
17,PICHINCHA,PIC,Sierra,2022,A,Agricultura,Primario,801.0755868565726,2.9933809724585725,26761.564739907466
17,PICHINCHA,PIC,Sierra,2023,A,Agricultura,Primario,866.0114079197994,3.03190079633358,28563.316087619045
17,PICHINCHA,PIC,Sierra,2018,B,Minas y canteras,Primario,35.12249,0.1242494903690217,28267.71353
17,PICHINCHA,PIC,Sierra,2019,B,Minas y canteras,Primario,36.004018842315375,0.12825165261751773,28072.947293466405
17,PICHINCHA,PIC,Sierra,2020,B,Minas y canteras,Primario,27.340346326393554,0.11088035570537169,24657.520398871726
17,PICHINCHA,PIC,Sierra,2021,B,Minas y canteras,Primario,30.355683794466405,0.11263430973504607,26950.654614808955
17,PICHINCHA,PIC,Sierra,2022,B,Minas y canteras,Primario,21.609438708155675,0.08074803890645146,26761.564739907466
17,PICHINCHA,PIC,Sierra,2023,B,Minas y canteras,Primario,25.565022155388473,0.08950299074857698,28563.316087619045
17,PICHINCHA,PIC,Sierra,2018,C,Manufactura,Secundario,3668.4969199999996,12.977692433831592,28267.71353
17,PICHINCHA,PIC,Sierra,2019,C,Manufactura,Secundario,3495.2518006121095,12.450605075675762,28072.947293466405
17,PICHINCHA,PIC,Sierra,2020,C,Manufactura,Secundario,3034.730867750168,12.307526542243195,24657.520398871726
17,PICHINCHA,PIC,Sierra,2021,C,Manufactura,Secundario,3412.177717417654,12.66083427725988,26950.654614808955
17,PICHINCHA,PIC,Sierra,2022,C,Manufactura,Secundario,3414.215089844869,12.757905313187882,26761.564739907466
17,PICHINCHA,PIC,Sierra,2023,C,Manufactura,Secundario,3737.7220848120296,13.085742822529522,28563.316087619045
17,PICHINCHA,PIC,Sierra,2018,D,Electricidad,Secundario,209.43008999999998,0.7408808985478634,28267.71353
17,PICHINCHA,PIC,Sierra,2019,D,Electricidad,Secundario,221.61669152361944,0.7894315092993378,28072.947293466405
17,PICHINCHA,PIC,Sierra,2020,D,Electricidad,Secundario,201.71338917394226,0.8180603155180689,24657.520398871726
17,PICHINCHA,PIC,Sierra,2021,D,Electricidad,Secundario,211.65665180500656,0.7853488341196159,26950.654614808955
17,PICHINCHA,PIC,Sierra,2022,D,Electricidad,Secundario,210.49181584686565,0.7865452483537906,26761.564739907466
17,PICHINCHA,PIC,Sierra,2023,D,Electricidad,Secundario,185.19355107769425,0.6483615225543354,28563.316087619045
17,PICHINCHA,PIC,Sierra,2018,E,Agua,Secundario,127.85155999999999,0.45228829655540936,28267.71353
17,PICHINCHA,PIC,Sierra,2019,E,Agua,Secundario,142.65346938123753,0.5081528059379721,28072.947293466405
17,PICHINCHA,PIC,Sierra,2020,E,Agua,Secundario,129.34830291470786,0.5245795230919754,24657.520398871726
17,PICHINCHA,PIC,Sierra,2021,E,Agua,Secundario,155.80345191040843,0.5781063730630013,26950.654614808955
17,PICHINCHA,PIC,Sierra,2022,E,Agua,Secundario,107.815363599746,0.4028739150628559,26761.564739907466
17,PICHINCHA,PIC,Sierra,2023,E,Agua,Secundario,127.72430696741857,0.4471620402043637,28563.316087619045
17,PICHINCHA,PIC,Sierra,2018,F,Construcción,Secundario,1659.50822,5.870684299382031,28267.71353
17,PICHINCHA,PIC,Sierra,2019,F,Construcción,Secundario,1535.876124231537,5.4710184441125325,28072.947293466405
17,PICHINCHA,PIC,Sierra,2020,F,Construcción,Secundario,1023.4084865547348,4.150492304171687,24657.520398871726
17,PICHINCHA,PIC,Sierra,2021,F,Construcción,Secundario,1311.4699876679842,4.866189732353857,26950.654614808955
17,PICHINCHA,PIC,Sierra,2022,F,Construcción,Secundario,1441.7109674535063,5.387244660263058,26761.564739907466
17,PICHINCHA,PIC,Sierra,2023,F,Construcción,Secundario,1423.1168589473682,4.9823236720200965,28563.316087619045
17,PICHINCHA,PIC,Sierra,2018,G,Comercio,Terciario,4862.44712,17.201416431645857,28267.71353
17,PICHINCHA,PIC,Sierra,2019,G,Comercio,Terciario,4693.304738363275,16.718247248145467,28072.947293466405
17,PICHINCHA,PIC,Sierra,2020,G,Comercio,Terciario,4117.894385386166,16.700358830787344,24657.520398871726
17,PICHINCHA,PIC,Sierra,2021,G,Comercio,Terciario,4847.840841949933,17.987840782487417,26950.654614808955
17,PICHINCHA,PIC,Sierra,2022,G,Comercio,Terciario,5075.52234389912,18.96571591843575,26761.564739907466
17,PICHINCHA,PIC,Sierra,2023,G,Comercio,Terciario,5147.82026887218,18.022488191080644,28563.316087619045
17,PICHINCHA,PIC,Sierra,2018,H,Transporte,Terciario,1922.36846,6.8005799547948085,28267.71353
17,PICHINCHA,PIC,Sierra,2019,H,Transporte,Terciario,1996.2625922554892,7.1109832942980375,28072.947293466405
17,PICHINCHA,PIC,Sierra,2020,H,Transporte,Terciario,1545.178014989926,6.266558802322352,24657.520398871726
17,PICHINCHA,PIC,Sierra,2021,H,Transporte,Terciario,1520.896290698287,5.6432628907743805,26950.654614808955
17,PICHINCHA,PIC,Sierra,2022,H,Transporte,Terciario,1573.3476621609364,5.879131797606452,26761.564739907466
17,PICHINCHA,PIC,Sierra,2023,H,Transporte,Terciario,1877.1271338345862,6.57181094826815,28563.316087619045
17,PICHINCHA,PIC,Sierra,2018,I,Alojamiento,Terciario,513.29001,1.8158172200777927,28267.71353
17,PICHINCHA,PIC,Sierra,2019,I,Alojamiento,Terciario,542.4942409580839,1.9324449096384761,28072.947293466405
17,PICHINCHA,PIC,Sierra,2020,I,Alojamiento,Terciario,395.02883223640026,1.6020622749012343,24657.520398871726
17,PICHINCHA,PIC,Sierra,2021,I,Alojamiento,Terciario,439.6240349934123,1.6312183925649284,26950.654614808955
17,PICHINCHA,PIC,Sierra,2022,I,Alojamiento,Terciario,439.3302213335753,1.6416462400587357,26761.564739907466
17,PICHINCHA,PIC,Sierra,2023,I,Alojamiento,Terciario,524.4615079699248,1.8361366248971913,28563.316087619045
17,PICHINCHA,PIC,Sierra,2018,J,Información y comunicaciones,Terciario,1363.33778,4.822950319462927,28267.71353
17,PICHINCHA,PIC,Sierra,2019,J,Información y comunicaciones,Terciario,1278.3057973652697,4.553514755690713,28072.947293466405
17,PICHINCHA,PIC,Sierra,2020,J,Información y comunicaciones,Terciario,1244.2107871591675,5.045968803968219,24657.520398871726
17,PICHINCHA,PIC,Sierra,2021,J,Información y comunicaciones,Terciario,1200.1195147299075,4.453025471486919,26950.654614808955
17,PICHINCHA,PIC,Sierra,2022,J,Información y comunicaciones,Terciario,1216.0546196425657,4.544034070732631,26761.564739907466
17,PICHINCHA,PIC,Sierra,2023,J,Información y comunicaciones,Terciario,1181.3125122807016,4.135768090290991,28563.316087619045
17,PICHINCHA,PIC,Sierra,2018,K,Financiero,Terciario,1902.51564,6.7303485228152455,28267.71353
17,PICHINCHA,PIC,Sierra,2019,K,Financiero,Terciario,1984.9466283433137,7.070674153280952,28072.947293466405
17,PICHINCHA,PIC,Sierra,2020,K,Financiero,Terciario,1894.7827947884487,7.684401205545184,24657.520398871726
17,PICHINCHA,PIC,Sierra,2021,K,Financiero,Terciario,1950.4618847957843,7.237159589155347,26950.654614808955
17,PICHINCHA,PIC,Sierra,2022,K,Financiero,Terciario,2058.268153990747,7.691135305408394,26761.564739907466
17,PICHINCHA,PIC,Sierra,2023,K,Financiero,Terciario,2255.8047815538853,7.897559144162812,28563.316087619045
17,PICHINCHA,PIC,Sierra,2018,L,Inmobiliario,Terciario,2481.5053900000003,8.77858546064019,28267.71353
17,PICHINCHA,PIC,Sierra,2019,L,Inmobiliario,Terciario,2557.6078871590157,9.110578452709396,28072.947293466405
17,PICHINCHA,PIC,Sierra,2020,L,Inmobiliario,Terciario,2450.5262085157824,9.938250760315352,24657.520398871726
17,PICHINCHA,PIC,Sierra,2021,L,Inmobiliario,Terciario,2470.2750583399206,9.165918578402707,26950.654614808955
17,PICHINCHA,PIC,Sierra,2022,L,Inmobiliario,Terciario,2357.7942429320515,8.810375125098922,26761.564739907466
17,PICHINCHA,PIC,Sierra,2023,L,Inmobiliario,Terciario,2417.538203709273,8.46378689467772,28563.316087619045
17,PICHINCHA,PIC,Sierra,2018,M-N,Act. Profesionales y servicios admin.,Terciario,3534.5435900000007,12.503818486234675,28267.71353
17,PICHINCHA,PIC,Sierra,2019,M-N,Act. Profesionales y servicios admin.,Terciario,3589.7744180971395,12.787308651887116,28072.947293466405
17,PICHINCHA,PIC,Sierra,2020,M-N,Act. Profesionales y servicios admin.,Terciario,3131.4937430221626,12.699953979011827,24657.520398871726
17,PICHINCHA,PIC,Sierra,2021,M-N,Act. Profesionales y servicios admin.,Terciario,3349.8371750197625,12.429520629079935,26950.654614808955
17,PICHINCHA,PIC,Sierra,2022,M-N,Act. Profesionales y servicios admin.,Terciario,3552.5724460056244,13.274905561512051,26761.564739907466
17,PICHINCHA,PIC,Sierra,2023,M-N,Act. Profesionales y servicios admin.,Terciario,3823.0359947869674,13.384426314716613,28563.316087619045
17,PICHINCHA,PIC,Sierra,2018,O,Admin. Publica,Terciario,1973.62936,6.981920762375859,28267.71353
17,PICHINCHA,PIC,Sierra,2019,O,Admin. Publica,Terciario,1816.3912369394545,6.470254861206522,28072.947293466405
17,PICHINCHA,PIC,Sierra,2020,O,Admin. Publica,Terciario,1667.613109684352,6.763101409664284,24657.520398871726
17,PICHINCHA,PIC,Sierra,2021,O,Admin. Publica,Terciario,1807.3816387878785,6.706262480892583,26950.654614808955
17,PICHINCHA,PIC,Sierra,2022,O,Admin. Publica,Terciario,1535.875794828994,5.739110585483294,26761.564739907466
17,PICHINCHA,PIC,Sierra,2023,O,Admin. Publica,Terciario,1888.8828727819548,6.612967720511636,28563.316087619045
17,PICHINCHA,PIC,Sierra,2018,P,Educación,Terciario,1095.94555,3.8770222743232954,28267.71353
17,PICHINCHA,PIC,Sierra,2019,P,Educación,Terciario,1107.8787415036597,3.946428317348437,28072.947293466405
17,PICHINCHA,PIC,Sierra,2020,P,Educación,Terciario,1036.16616402955,4.2022318029876295,24657.520398871726
17,PICHINCHA,PIC,Sierra,2021,P,Educación,Terciario,1025.80384400527,3.806229787982988,26950.654614808955
17,PICHINCHA,PIC,Sierra,2022,P,Educación,Terciario,765.0011938093078,2.858581705682255,26761.564739907466
17,PICHINCHA,PIC,Sierra,2023,P,Educación,Terciario,832.5706746867168,2.9148249878717687,28563.316087619045
17,PICHINCHA,PIC,Sierra,2018,Q,Salud,Terciario,1356.5146000000002,4.798812604918882,28267.71353
17,PICHINCHA,PIC,Sierra,2019,Q,Salud,Terciario,1463.9759582701267,5.214899393947308,28072.947293466405
17,PICHINCHA,PIC,Sierra,2020,Q,Salud,Terciario,1395.4703196239088,5.659410585696048,24657.520398871726
17,PICHINCHA,PIC,Sierra,2021,Q,Salud,Terciario,1700.9271713306982,6.311264774979031,26950.654614808955
17,PICHINCHA,PIC,Sierra,2022,Q,Salud,Terciario,1471.3487630735735,5.497992278752909,26761.564739907466
17,PICHINCHA,PIC,Sierra,2023,Q,Salud,Terciario,1436.4546061152882,5.029019045649006,28563.316087619045
17,PICHINCHA,PIC,Sierra,2018,R-S-U,Otros servicios,Terciario,458.62152,1.62242170564405,28267.71353
17,PICHINCHA,PIC,Sierra,2019,R-S-U,Otros servicios,Terciario,495.057000239521,1.7634664257526633,28072.947293466405
17,PICHINCHA,PIC,Sierra,2020,R-S-U,Otros servicios,Terciario,422.54826466084626,1.713668924634373,24657.520398871726
17,PICHINCHA,PIC,Sierra,2021,R-S-U,Otros servicios,Terciario,466.51968653491434,1.7310143044858333,26950.654614808955
17,PICHINCHA,PIC,Sierra,2022,R-S-U,Otros servicios,Terciario,484.6603242529257,1.8110313390240182,26761.564739907466
17,PICHINCHA,PIC,Sierra,2023,R-S-U,Otros servicios,Terciario,555.846849924812,1.9460165206999458,28563.316087619045
17,PICHINCHA,PIC,Sierra,2018,T,Servicios hogares,Terciario,271.63981,0.9609543046759466,28267.71353
17,PICHINCHA,PIC,Sierra,2019,T,Servicios hogares,Terciario,278.32512660013305,0.9914353619183741,28072.947293466405
17,PICHINCHA,PIC,Sierra,2020,T,Servicios hogares,Terciario,193.9204167092008,0.7864554649950697,24657.520398871726
17,PICHINCHA,PIC,Sierra,2021,T,Servicios hogares,Terciario,217.71447251646902,0.8078262870722197,26950.654614808955
17,PICHINCHA,PIC,Sierra,2022,T,Servicios hogares,Terciario,234.87071166832988,0.8776419239719762,26761.564739907466
17,PICHINCHA,PIC,Sierra,2023,T,Servicios hogares,Terciario,257.1274492230577,0.9002016727830535,28563.316087619045
18,TUNGURAHUA,TUN,Sierra,2018,A,Agricultura,Primario,190.17145,7.531829797976732,2524.90371
18,TUNGURAHUA,TUN,Sierra,2019,A,Agricultura,Primario,202.2063857351963,7.769807293979898,2602.463331257485
18,TUNGURAHUA,TUN,Sierra,2020,A,Agricultura,Primario,201.50868760241772,9.272228948560937,2173.2496977837477
18,TUNGURAHUA,TUN,Sierra,2021,A,Agricultura,Primario,217.55590851119896,9.122912976738572,2384.7197607378125
18,TUNGURAHUA,TUN,Sierra,2022,A,Agricultura,Primario,238.25583185702627,9.636882283053557,2472.3331141649282
18,TUNGURAHUA,TUN,Sierra,2023,A,Agricultura,Primario,264.4861461654136,10.195279031905248,2594.2021335338345
18,TUNGURAHUA,TUN,Sierra,2018,B,Minas y canteras,Primario,1.44133,0.05708455313727588,2524.90371
18,TUNGURAHUA,TUN,Sierra,2019,B,Minas y canteras,Primario,1.200768383233533,0.04613968499811036,2602.463331257485
18,TUNGURAHUA,TUN,Sierra,2020,B,Minas y canteras,Primario,0.5306726124916051,0.02441839117855524,2173.2496977837477
18,TUNGURAHUA,TUN,Sierra,2021,B,Minas y canteras,Primario,0.6118248221343873,0.02565604697908377,2384.7197607378125
18,TUNGURAHUA,TUN,Sierra,2022,B,Minas y canteras,Primario,0.6175637122380478,0.02497898477756871,2472.3331141649282
18,TUNGURAHUA,TUN,Sierra,2023,B,Minas y canteras,Primario,0.743396290726817,0.02865606658468664,2594.2021335338345
18,TUNGURAHUA,TUN,Sierra,2018,C,Manufactura,Secundario,414.3809800000001,16.41175377733514,2524.90371
18,TUNGURAHUA,TUN,Sierra,2019,C,Manufactura,Secundario,426.2832730272788,16.37999152215923,2602.463331257485
18,TUNGURAHUA,TUN,Sierra,2020,C,Manufactura,Secundario,313.90799129617193,14.44417508104528,2173.2496977837477
18,TUNGURAHUA,TUN,Sierra,2021,C,Manufactura,Secundario,344.7009673781291,14.45456917216476,2384.7197607378125
18,TUNGURAHUA,TUN,Sierra,2022,C,Manufactura,Secundario,344.20747298557575,13.922374416840572,2472.3331141649282
18,TUNGURAHUA,TUN,Sierra,2023,C,Manufactura,Secundario,365.7047807518797,14.097004085557316,2594.2021335338345
18,TUNGURAHUA,TUN,Sierra,2018,D,Electricidad,Secundario,61.29781,2.4277286201935993,2524.90371
18,TUNGURAHUA,TUN,Sierra,2019,D,Electricidad,Secundario,73.28401607451764,2.8159480748229218,2602.463331257485
18,TUNGURAHUA,TUN,Sierra,2020,D,Electricidad,Secundario,71.03908147750168,3.268795184922673,2173.2496977837477
18,TUNGURAHUA,TUN,Sierra,2021,D,Electricidad,Secundario,71.43715646903821,2.9956206026881813,2384.7197607378125
18,TUNGURAHUA,TUN,Sierra,2022,D,Electricidad,Secundario,66.82474889231607,2.7029023115635953,2472.3331141649282
18,TUNGURAHUA,TUN,Sierra,2023,D,Electricidad,Secundario,61.059949874686716,2.3537082590981666,2594.2021335338345
18,TUNGURAHUA,TUN,Sierra,2018,E,Agua,Secundario,5.09692,0.2018659159085318,2524.90371
18,TUNGURAHUA,TUN,Sierra,2019,E,Agua,Secundario,5.5820414637391895,0.21449068644675198,2602.463331257485
18,TUNGURAHUA,TUN,Sierra,2020,E,Agua,Secundario,4.183624983210208,0.19250549016418206,2173.2496977837477
18,TUNGURAHUA,TUN,Sierra,2021,E,Agua,Secundario,5.613952463768116,0.2354135087986693,2384.7197607378125
18,TUNGURAHUA,TUN,Sierra,2022,E,Agua,Secundario,5.180658506758596,0.20954532692526953,2472.3331141649282
18,TUNGURAHUA,TUN,Sierra,2023,E,Agua,Secundario,5.201418145363408,0.2005016524397816,2594.2021335338345
18,TUNGURAHUA,TUN,Sierra,2018,F,Construcción,Secundario,180.98184,7.1678709680378265,2524.90371
18,TUNGURAHUA,TUN,Sierra,2019,F,Construcción,Secundario,188.24643385229544,7.233394284227497,2602.463331257485
18,TUNGURAHUA,TUN,Sierra,2020,F,Construcción,Secundario,124.5210285560779,5.729715673402041,2173.2496977837477
18,TUNGURAHUA,TUN,Sierra,2021,F,Construcción,Secundario,147.39133617918313,6.180656469822746,2384.7197607378125
18,TUNGURAHUA,TUN,Sierra,2022,F,Construcción,Secundario,159.01977151773568,6.431971913762408,2472.3331141649282
18,TUNGURAHUA,TUN,Sierra,2023,F,Construcción,Secundario,165.6132709774436,6.3839771325700205,2594.2021335338345
18,TUNGURAHUA,TUN,Sierra,2018,G,Comercio,Terciario,493.66212,19.5517206475965,2524.90371
18,TUNGURAHUA,TUN,Sierra,2019,G,Comercio,Terciario,493.987409075183,18.981531964044738,2602.463331257485
18,TUNGURAHUA,TUN,Sierra,2020,G,Comercio,Terciario,392.19587803895234,18.046517086320485,2173.2496977837477
18,TUNGURAHUA,TUN,Sierra,2021,G,Comercio,Terciario,461.89100268774695,19.368774909838535,2384.7197607378125
18,TUNGURAHUA,TUN,Sierra,2022,G,Comercio,Terciario,497.85141255919444,20.136906701884794,2472.3331141649282
18,TUNGURAHUA,TUN,Sierra,2023,G,Comercio,Terciario,499.6438588471179,19.260020350322534,2594.2021335338345
18,TUNGURAHUA,TUN,Sierra,2018,H,Transporte,Terciario,112.54891,4.457552561479662,2524.90371
18,TUNGURAHUA,TUN,Sierra,2019,H,Transporte,Terciario,112.36483065868266,4.31763357850614,2602.463331257485
18,TUNGURAHUA,TUN,Sierra,2020,H,Transporte,Terciario,74.06121241101413,3.407855640635349,2173.2496977837477
18,TUNGURAHUA,TUN,Sierra,2021,H,Transporte,Terciario,71.00875425559946,2.9776561348923423,2384.7197607378125
18,TUNGURAHUA,TUN,Sierra,2022,H,Transporte,Terciario,67.51668576612538,2.730889514009938,2472.3331141649282
18,TUNGURAHUA,TUN,Sierra,2023,H,Transporte,Terciario,74.2206472180451,2.8610202057362963,2594.2021335338345
18,TUNGURAHUA,TUN,Sierra,2018,I,Alojamiento,Terciario,43.8892,1.7382524262677723,2524.90371
18,TUNGURAHUA,TUN,Sierra,2019,I,Alojamiento,Terciario,48.728889527611464,1.8724140679463919,2602.463331257485
18,TUNGURAHUA,TUN,Sierra,2020,I,Alojamiento,Terciario,31.561364244459373,1.4522658982373378,2173.2496977837477
18,TUNGURAHUA,TUN,Sierra,2021,I,Alojamiento,Terciario,36.320738023715414,1.5230610582300907,2384.7197607378125
18,TUNGURAHUA,TUN,Sierra,2022,I,Alojamiento,Terciario,38.57523955366053,1.5602767819857464,2472.3331141649282
18,TUNGURAHUA,TUN,Sierra,2023,I,Alojamiento,Terciario,35.171388671679196,1.3557690134102451,2594.2021335338345
18,TUNGURAHUA,TUN,Sierra,2018,J,Información y comunicaciones,Terciario,17.28725,0.6846696739971917,2524.90371
18,TUNGURAHUA,TUN,Sierra,2019,J,Información y comunicaciones,Terciario,16.64624798403194,0.6396342950964321,2602.463331257485
18,TUNGURAHUA,TUN,Sierra,2020,J,Información y comunicaciones,Terciario,13.748398334452656,0.6326193602361062,2173.2496977837477
18,TUNGURAHUA,TUN,Sierra,2021,J,Información y comunicaciones,Terciario,15.810180764163373,0.6629785614420302,2384.7197607378125
18,TUNGURAHUA,TUN,Sierra,2022,J,Información y comunicaciones,Terciario,16.60102183434637,0.6714718877983253,2472.3331141649282
18,TUNGURAHUA,TUN,Sierra,2023,J,Información y comunicaciones,Terciario,15.60670456140351,0.6015994035184907,2594.2021335338345
18,TUNGURAHUA,TUN,Sierra,2018,K,Financiero,Terciario,150.02587,5.941845204069188,2524.90371
18,TUNGURAHUA,TUN,Sierra,2019,K,Financiero,Terciario,157.66850278110448,6.0584332116188,2602.463331257485
18,TUNGURAHUA,TUN,Sierra,2020,K,Financiero,Terciario,149.62602079247816,6.884897807420145,2173.2496977837477
18,TUNGURAHUA,TUN,Sierra,2021,K,Financiero,Terciario,179.16621934123847,7.513093248567115,2384.7197607378125
18,TUNGURAHUA,TUN,Sierra,2022,K,Financiero,Terciario,203.85477286401166,8.245441186547673,2472.3331141649282
18,TUNGURAHUA,TUN,Sierra,2023,K,Financiero,Terciario,220.11086175438592,8.48472287140362,2594.2021335338345
18,TUNGURAHUA,TUN,Sierra,2018,L,Inmobiliario,Terciario,99.45529,3.93897357772903,2524.90371
18,TUNGURAHUA,TUN,Sierra,2019,L,Inmobiliario,Terciario,107.29125727212244,4.122680845623302,2602.463331257485
18,TUNGURAHUA,TUN,Sierra,2020,L,Inmobiliario,Terciario,88.01451433176629,4.049903442826766,2173.2496977837477
18,TUNGURAHUA,TUN,Sierra,2021,L,Inmobiliario,Terciario,89.83052163372858,3.7669215105566853,2384.7197607378125
18,TUNGURAHUA,TUN,Sierra,2022,L,Inmobiliario,Terciario,77.37682680939852,3.129708790699664,2472.3331141649282
18,TUNGURAHUA,TUN,Sierra,2023,L,Inmobiliario,Terciario,79.39092050125313,3.0603213016830897,2594.2021335338345
18,TUNGURAHUA,TUN,Sierra,2018,M-N,Act. Profesionales y servicios admin.,Terciario,174.12269,6.896211103432534,2524.90371
18,TUNGURAHUA,TUN,Sierra,2019,M-N,Act. Profesionales y servicios admin.,Terciario,155.01065559547573,5.956305079640683,2602.463331257485
18,TUNGURAHUA,TUN,Sierra,2020,M-N,Act. Profesionales y servicios admin.,Terciario,125.83567000671592,5.790207638590334,2173.2496977837477
18,TUNGURAHUA,TUN,Sierra,2021,M-N,Act. Profesionales y servicios admin.,Terciario,136.89841960474308,5.740650195408615,2384.7197607378125
18,TUNGURAHUA,TUN,Sierra,2022,M-N,Act. Profesionales y servicios admin.,Terciario,145.326781369863,5.878122997958127,2472.3331141649282
18,TUNGURAHUA,TUN,Sierra,2023,M-N,Act. Profesionales y servicios admin.,Terciario,155.1714023057644,5.981469227087142,2594.2021335338345
18,TUNGURAHUA,TUN,Sierra,2018,O,Admin. Publica,Terciario,265.49815,10.515179210537102,2524.90371
18,TUNGURAHUA,TUN,Sierra,2019,O,Admin. Publica,Terciario,279.9923451230872,10.75874314001564,2602.463331257485
18,TUNGURAHUA,TUN,Sierra,2020,O,Admin. Publica,Terciario,261.25254726662195,12.021285337485333,2173.2496977837477
18,TUNGURAHUA,TUN,Sierra,2021,O,Admin. Publica,Terciario,290.39268658761523,12.17722481981573,2384.7197607378125
18,TUNGURAHUA,TUN,Sierra,2022,O,Admin. Publica,Terciario,280.94382988297195,11.363510372988934,2472.3331141649282
18,TUNGURAHUA,TUN,Sierra,2023,O,Admin. Publica,Terciario,305.0897076691729,11.76044471344175,2594.2021335338345
18,TUNGURAHUA,TUN,Sierra,2018,P,Educación,Terciario,186.65292,7.39247676102468,2524.90371
18,TUNGURAHUA,TUN,Sierra,2019,P,Educación,Terciario,193.52722501663342,7.436309387810776,2602.463331257485
18,TUNGURAHUA,TUN,Sierra,2020,P,Educación,Terciario,190.69296805910008,8.774553989519305,2173.2496977837477
18,TUNGURAHUA,TUN,Sierra,2021,P,Educación,Terciario,190.47859794466402,7.987462555588985,2384.7197607378125
18,TUNGURAHUA,TUN,Sierra,2022,P,Educación,Terciario,201.47259677401797,8.149087823954853,2472.3331141649282
18,TUNGURAHUA,TUN,Sierra,2023,P,Educación,Terciario,214.63735719298245,8.273732968548693,2594.2021335338345
18,TUNGURAHUA,TUN,Sierra,2018,Q,Salud,Terciario,75.30189,2.982366800831387,2524.90371
18,TUNGURAHUA,TUN,Sierra,2019,Q,Salud,Terciario,75.27562027944114,2.892475731562707,2602.463331257485
18,TUNGURAHUA,TUN,Sierra,2020,Q,Salud,Terciario,82.70595997313633,3.805635406620731,2173.2496977837477
18,TUNGURAHUA,TUN,Sierra,2021,Q,Salud,Terciario,72.98087673254281,3.0603544254593307,2384.7197607378125
18,TUNGURAHUA,TUN,Sierra,2022,Q,Salud,Terciario,79.29814144243855,3.207421402403649,2472.3331141649282
18,TUNGURAHUA,TUN,Sierra,2023,Q,Salud,Terciario,77.26532370927319,2.9783848648687217,2594.2021335338345
18,TUNGURAHUA,TUN,Sierra,2018,R-S-U,Otros servicios,Terciario,34.62229,1.371232093440902,2524.90371
18,TUNGURAHUA,TUN,Sierra,2019,R-S-U,Otros servicios,Terciario,42.54765966733201,1.6348994875856098,2602.463331257485
18,TUNGURAHUA,TUN,Sierra,2020,R-S-U,Otros servicios,Terciario,30.0872321289456,1.384435123107491,2173.2496977837477
18,TUNGURAHUA,TUN,Sierra,2021,R-S-U,Otros servicios,Terciario,33.2548568115942,1.394497473418236,2384.7197607378125
18,TUNGURAHUA,TUN,Sierra,2022,R-S-U,Otros servicios,Terciario,32.88883017690284,1.3302750340749123,2472.3331141649282
18,TUNGURAHUA,TUN,Sierra,2023,R-S-U,Otros servicios,Terciario,30.92829934837093,1.1922085387479138,2594.2021335338345
18,TUNGURAHUA,TUN,Sierra,2018,T,Servicios hogares,Terciario,18.4668,0.7313863070049511,2524.90371
18,TUNGURAHUA,TUN,Sierra,2019,T,Servicios hogares,Terciario,22.619769740518965,0.8691676639143773,2602.463331257485
18,TUNGURAHUA,TUN,Sierra,2020,T,Servicios hogares,Terciario,17.776845668233715,0.8179844997269443,2173.2496977837477
18,TUNGURAHUA,TUN,Sierra,2021,T,Servicios hogares,Terciario,19.375760527009223,0.8124963295902963,2384.7197607378125
18,TUNGURAHUA,TUN,Sierra,2022,T,Servicios hogares,Terciario,16.520927660346548,0.6682322687704148,2472.3331141649282
18,TUNGURAHUA,TUN,Sierra,2023,T,Servicios hogares,Terciario,24.15669954887218,0.931180313076291,2594.2021335338345
19,ZAMORA CHINCHIPE,ZAM,Amazonia,2018,A,Agricultura,Primario,13.159960000000002,4.185945879372252,314.38438
19,ZAMORA CHINCHIPE,ZAM,Amazonia,2019,A,Agricultura,Primario,10.388237072521624,2.992206071215354,347.17652545575515
19,ZAMORA CHINCHIPE,ZAM,Amazonia,2020,A,Agricultura,Primario,11.478509818670249,1.6795469278937558,683.4289431296172
19,ZAMORA CHINCHIPE,ZAM,Amazonia,2021,A,Agricultura,Primario,11.965974598155467,1.1391589286750818,1050.4218767852435
19,ZAMORA CHINCHIPE,ZAM,Amazonia,2022,A,Agricultura,Primario,10.965843694094167,0.8745097347735913,1253.9418668602013
19,ZAMORA CHINCHIPE,ZAM,Amazonia,2023,A,Agricultura,Primario,13.333563107769422,0.854029900287468,1561.2524928320802
19,ZAMORA CHINCHIPE,ZAM,Amazonia,2018,B,Minas y canteras,Primario,10.12024,3.2190657818305093,314.38438
19,ZAMORA CHINCHIPE,ZAM,Amazonia,2019,B,Minas y canteras,Primario,11.679415568862277,3.3641144237877696,347.17652545575515
19,ZAMORA CHINCHIPE,ZAM,Amazonia,2020,B,Minas y canteras,Primario,347.00327392881127,50.77386280127144,683.4289431296172
19,ZAMORA CHINCHIPE,ZAM,Amazonia,2021,B,Minas y canteras,Primario,694.6836597628458,66.1337768296378,1050.4218767852435
19,ZAMORA CHINCHIPE,ZAM,Amazonia,2022,B,Minas y canteras,Primario,862.1907653451874,68.75843196017242,1253.9418668602013
19,ZAMORA CHINCHIPE,ZAM,Amazonia,2023,B,Minas y canteras,Primario,1123.2834710776942,71.94758543123802,1561.2524928320802
19,ZAMORA CHINCHIPE,ZAM,Amazonia,2018,C,Manufactura,Secundario,4.35432,1.3850306430618469,314.38438
19,ZAMORA CHINCHIPE,ZAM,Amazonia,2019,C,Manufactura,Secundario,4.487383632734531,1.2925365926868841,347.17652545575515
19,ZAMORA CHINCHIPE,ZAM,Amazonia,2020,C,Manufactura,Secundario,3.671103398253862,0.5371594860239349,683.4289431296172
19,ZAMORA CHINCHIPE,ZAM,Amazonia,2021,C,Manufactura,Secundario,3.75650255599473,0.35761846159290706,1050.4218767852435
19,ZAMORA CHINCHIPE,ZAM,Amazonia,2022,C,Manufactura,Secundario,3.3310427723850142,0.2656457097748682,1253.9418668602013
19,ZAMORA CHINCHIPE,ZAM,Amazonia,2023,C,Manufactura,Secundario,4.024802005012532,0.25779315155562205,1561.2524928320802
19,ZAMORA CHINCHIPE,ZAM,Amazonia,2018,D,Electricidad,Secundario,7.18413,2.2851421562356244,314.38438
19,ZAMORA CHINCHIPE,ZAM,Amazonia,2019,D,Electricidad,Secundario,18.241258496340656,5.254173931372373,347.17652545575515
19,ZAMORA CHINCHIPE,ZAM,Amazonia,2020,D,Electricidad,Secundario,28.182303505708532,4.1236625678528736,683.4289431296172
19,ZAMORA CHINCHIPE,ZAM,Amazonia,2021,D,Electricidad,Secundario,36.11463652173912,3.4381078041011404,1050.4218767852435
19,ZAMORA CHINCHIPE,ZAM,Amazonia,2022,D,Electricidad,Secundario,47.40618096706886,3.780572466710217,1253.9418668602013
19,ZAMORA CHINCHIPE,ZAM,Amazonia,2023,D,Electricidad,Secundario,43.70431759398496,2.7993113090059007,1561.2524928320802
19,ZAMORA CHINCHIPE,ZAM,Amazonia,2018,E,Agua,Secundario,0.44549000000000005,0.14170233266678198,314.38438
19,ZAMORA CHINCHIPE,ZAM,Amazonia,2019,E,Agua,Secundario,0.5043553426480374,0.14527345764116573,347.17652545575515
19,ZAMORA CHINCHIPE,ZAM,Amazonia,2020,E,Agua,Secundario,0.3943530423102753,0.05770212781806102,683.4289431296172
19,ZAMORA CHINCHIPE,ZAM,Amazonia,2021,E,Agua,Secundario,0.4889486166007905,0.04654783258105685,1050.4218767852435
19,ZAMORA CHINCHIPE,ZAM,Amazonia,2022,E,Agua,Secundario,0.3954184232967432,0.031534031500746386,1253.9418668602013
19,ZAMORA CHINCHIPE,ZAM,Amazonia,2023,E,Agua,Secundario,0.46757814536340847,0.029948912652509607,1561.2524928320802
19,ZAMORA CHINCHIPE,ZAM,Amazonia,2018,F,Construcción,Secundario,32.77024,10.423622191407855,314.38438
19,ZAMORA CHINCHIPE,ZAM,Amazonia,2019,F,Construcción,Secundario,33.23449740518963,9.57279509654667,347.17652545575515
19,ZAMORA CHINCHIPE,ZAM,Amazonia,2020,F,Construcción,Secundario,26.178821974479515,3.8305111654474535,683.4289431296172
19,ZAMORA CHINCHIPE,ZAM,Amazonia,2021,F,Construcción,Secundario,28.429077628458494,2.706443787658352,1050.4218767852435
19,ZAMORA CHINCHIPE,ZAM,Amazonia,2022,F,Construcción,Secundario,39.630436839335935,3.1604684305316546,1253.9418668602013
19,ZAMORA CHINCHIPE,ZAM,Amazonia,2023,F,Construcción,Secundario,49.06587969924812,3.142725467182032,1561.2524928320802
19,ZAMORA CHINCHIPE,ZAM,Amazonia,2018,G,Comercio,Terciario,32.12429,10.218157148901609,314.38438
19,ZAMORA CHINCHIPE,ZAM,Amazonia,2019,G,Comercio,Terciario,33.45409341317365,9.636047071228928,347.17652545575515
19,ZAMORA CHINCHIPE,ZAM,Amazonia,2020,G,Comercio,Terciario,23.846763411685696,3.489282046277485,683.4289431296172
19,ZAMORA CHINCHIPE,ZAM,Amazonia,2021,G,Comercio,Terciario,30.903405322793148,2.9419994009808006,1050.4218767852435
19,ZAMORA CHINCHIPE,ZAM,Amazonia,2022,G,Comercio,Terciario,33.114595271704616,2.6408397507790107,1253.9418668602013
19,ZAMORA CHINCHIPE,ZAM,Amazonia,2023,G,Comercio,Terciario,41.83508872180452,2.6795850712088547,1561.2524928320802
19,ZAMORA CHINCHIPE,ZAM,Amazonia,2018,H,Transporte,Terciario,19.12011,6.081762077365294,314.38438
19,ZAMORA CHINCHIPE,ZAM,Amazonia,2019,H,Transporte,Terciario,24.300717391882905,6.999527793528723,347.17652545575515
19,ZAMORA CHINCHIPE,ZAM,Amazonia,2020,H,Transporte,Terciario,31.77506557421088,4.649359072898456,683.4289431296172
19,ZAMORA CHINCHIPE,ZAM,Amazonia,2021,H,Transporte,Terciario,31.07596901185771,2.958427437456267,1050.4218767852435
19,ZAMORA CHINCHIPE,ZAM,Amazonia,2022,H,Transporte,Terciario,32.56817650367414,2.5972636662354205,1253.9418668602013
19,ZAMORA CHINCHIPE,ZAM,Amazonia,2023,H,Transporte,Terciario,43.95113002506265,2.8151199262674163,1561.2524928320802
19,ZAMORA CHINCHIPE,ZAM,Amazonia,2018,I,Alojamiento,Terciario,7.131469999999999,2.2683919601858076,314.38438
19,ZAMORA CHINCHIPE,ZAM,Amazonia,2019,I,Alojamiento,Terciario,6.5881504191616775,1.897637062446287,347.17652545575515
19,ZAMORA CHINCHIPE,ZAM,Amazonia,2020,I,Alojamiento,Terciario,5.914224956346541,0.8653752545602779,683.4289431296172
19,ZAMORA CHINCHIPE,ZAM,Amazonia,2021,I,Alojamiento,Terciario,5.453020500658761,0.5191267071995321,1050.4218767852435
19,ZAMORA CHINCHIPE,ZAM,Amazonia,2022,I,Alojamiento,Terciario,5.597709806767668,0.44640903655159175,1253.9418668602013
19,ZAMORA CHINCHIPE,ZAM,Amazonia,2023,I,Alojamiento,Terciario,2.8525112781954887,0.18270659558858998,1561.2524928320802
19,ZAMORA CHINCHIPE,ZAM,Amazonia,2018,J,Información y comunicaciones,Terciario,0.92096,0.29294076251498247,314.38438
19,ZAMORA CHINCHIPE,ZAM,Amazonia,2019,J,Información y comunicaciones,Terciario,0.9953718163672656,0.2867048153847941,347.17652545575515
19,ZAMORA CHINCHIPE,ZAM,Amazonia,2020,J,Información y comunicaciones,Terciario,0.6097714976494293,0.08922236960833275,683.4289431296172
19,ZAMORA CHINCHIPE,ZAM,Amazonia,2021,J,Información y comunicaciones,Terciario,0.8971984189723319,0.08541315054463229,1050.4218767852435
19,ZAMORA CHINCHIPE,ZAM,Amazonia,2022,J,Información y comunicaciones,Terciario,1.1344509770479905,0.09047077915091796,1253.9418668602013
19,ZAMORA CHINCHIPE,ZAM,Amazonia,2023,J,Información y comunicaciones,Terciario,1.612804411027569,0.10330195906377544,1561.2524928320802
19,ZAMORA CHINCHIPE,ZAM,Amazonia,2018,K,Financiero,Terciario,11.90321,3.7861963752779317,314.38438
19,ZAMORA CHINCHIPE,ZAM,Amazonia,2019,K,Financiero,Terciario,11.90802757152362,3.4299633467128534,347.17652545575515
19,ZAMORA CHINCHIPE,ZAM,Amazonia,2020,K,Financiero,Terciario,10.143151752854266,1.4841560128264197,683.4289431296172
19,ZAMORA CHINCHIPE,ZAM,Amazonia,2021,K,Financiero,Terciario,13.107766218708827,1.2478573141321467,1050.4218767852435
19,ZAMORA CHINCHIPE,ZAM,Amazonia,2022,K,Financiero,Terciario,15.951758555747075,1.2721290338354652,1253.9418668602013
19,ZAMORA CHINCHIPE,ZAM,Amazonia,2023,K,Financiero,Terciario,15.72432,1.0071606016446708,1561.2524928320802
19,ZAMORA CHINCHIPE,ZAM,Amazonia,2018,L,Inmobiliario,Terciario,6.695770000000001,2.1298036499141597,314.38438
19,ZAMORA CHINCHIPE,ZAM,Amazonia,2019,L,Inmobiliario,Terciario,7.559316141051231,2.177369605023772,347.17652545575515
19,ZAMORA CHINCHIPE,ZAM,Amazonia,2020,L,Inmobiliario,Terciario,6.7671919408999335,0.9901822287348587,683.4289431296172
19,ZAMORA CHINCHIPE,ZAM,Amazonia,2021,L,Inmobiliario,Terciario,8.632742028985508,0.8218357042796486,1050.4218767852435
19,ZAMORA CHINCHIPE,ZAM,Amazonia,2022,L,Inmobiliario,Terciario,9.23991261906922,0.7368692969958354,1253.9418668602013
19,ZAMORA CHINCHIPE,ZAM,Amazonia,2023,L,Inmobiliario,Terciario,9.838025864661653,0.6301367594177976,1561.2524928320802
19,ZAMORA CHINCHIPE,ZAM,Amazonia,2018,M-N,Act. Profesionales y servicios admin.,Terciario,20.5965,6.551375103305068,314.38438
19,ZAMORA CHINCHIPE,ZAM,Amazonia,2019,M-N,Act. Profesionales y servicios admin.,Terciario,24.40271520958084,7.028907031529921,347.17652545575515
19,ZAMORA CHINCHIPE,ZAM,Amazonia,2020,M-N,Act. Profesionales y servicios admin.,Terciario,22.20343382135662,3.248828432650324,683.4289431296172
19,ZAMORA CHINCHIPE,ZAM,Amazonia,2021,M-N,Act. Profesionales y servicios admin.,Terciario,22.56109976284585,2.147813203576149,1050.4218767852435
19,ZAMORA CHINCHIPE,ZAM,Amazonia,2022,M-N,Act. Profesionales y servicios admin.,Terciario,22.380056217000817,1.784776217181359,1253.9418668602013
19,ZAMORA CHINCHIPE,ZAM,Amazonia,2023,M-N,Act. Profesionales y servicios admin.,Terciario,23.8968543358396,1.530620732107924,1561.2524928320802
19,ZAMORA CHINCHIPE,ZAM,Amazonia,2018,O,Admin. Publica,Terciario,103.27104,32.84865488546218,314.38438
19,ZAMORA CHINCHIPE,ZAM,Amazonia,2019,O,Admin. Publica,Terciario,115.86005461077843,33.372087717821195,347.17652545575515
19,ZAMORA CHINCHIPE,ZAM,Amazonia,2020,O,Admin. Publica,Terciario,124.22411734049699,18.176595912318128,683.4289431296172
19,ZAMORA CHINCHIPE,ZAM,Amazonia,2021,O,Admin. Publica,Terciario,123.53687567852435,11.760691433484034,1050.4218767852435
19,ZAMORA CHINCHIPE,ZAM,Amazonia,2022,O,Admin. Publica,Terciario,131.36059616438357,10.475812287319426,1253.9418668602013
19,ZAMORA CHINCHIPE,ZAM,Amazonia,2023,O,Admin. Publica,Terciario,143.6305205012531,9.199698393480881,1561.2524928320802
19,ZAMORA CHINCHIPE,ZAM,Amazonia,2018,P,Educación,Terciario,27.73032,8.820514556098493,314.38438
19,ZAMORA CHINCHIPE,ZAM,Amazonia,2019,P,Educación,Terciario,27.065675795076515,7.795940626903307,347.17652545575515
19,ZAMORA CHINCHIPE,ZAM,Amazonia,2020,P,Educación,Terciario,24.291913069173944,3.5544167851502313,683.4289431296172
19,ZAMORA CHINCHIPE,ZAM,Amazonia,2021,P,Educación,Terciario,24.075602002635048,2.2919935822659236,1050.4218767852435
19,ZAMORA CHINCHIPE,ZAM,Amazonia,2022,P,Educación,Terciario,23.322466464664792,1.8599320336167506,1253.9418668602013
19,ZAMORA CHINCHIPE,ZAM,Amazonia,2023,P,Educación,Terciario,26.57355027568922,1.7020661550704936,1561.2524928320802
19,ZAMORA CHINCHIPE,ZAM,Amazonia,2018,Q,Salud,Terciario,11.23023,3.572133577374296,314.38438
19,ZAMORA CHINCHIPE,ZAM,Amazonia,2019,Q,Salud,Terciario,11.220970751829675,3.2320649378869653,347.17652545575515
19,ZAMORA CHINCHIPE,ZAM,Amazonia,2020,Q,Salud,Terciario,11.209143317662862,1.6401329546174879,683.4289431296172
19,ZAMORA CHINCHIPE,ZAM,Amazonia,2021,Q,Salud,Terciario,8.913280632411066,0.8485429358811201,1050.4218767852435
19,ZAMORA CHINCHIPE,ZAM,Amazonia,2022,Q,Salud,Terciario,10.035257508845143,0.8002968697402899,1253.9418668602013
19,ZAMORA CHINCHIPE,ZAM,Amazonia,2023,Q,Salud,Terciario,9.995201403508771,0.6402040316603549,1561.2524928320802
19,ZAMORA CHINCHIPE,ZAM,Amazonia,2018,R-S-U,Otros servicios,Terciario,2.06275,0.6561235644086388,314.38438
19,ZAMORA CHINCHIPE,ZAM,Amazonia,2019,R-S-U,Otros servicios,Terciario,2.3094655489021956,0.665213624645402,347.17652545575515
19,ZAMORA CHINCHIPE,ZAM,Amazonia,2020,R-S-U,Otros servicios,Terciario,3.0920179449294825,0.45242712882048064,683.4289431296172
19,ZAMORA CHINCHIPE,ZAM,Amazonia,2021,R-S-U,Otros servicios,Terciario,2.973649749670619,0.2830909956646472,1050.4218767852435
19,ZAMORA CHINCHIPE,ZAM,Amazonia,2022,R-S-U,Otros servicios,Terciario,2.652773292207203,0.2115547269228354,1253.9418668602013
19,ZAMORA CHINCHIPE,ZAM,Amazonia,2023,R-S-U,Otros servicios,Terciario,2.5646686716791978,0.1642699488682283,1561.2524928320802
19,ZAMORA CHINCHIPE,ZAM,Amazonia,2018,T,Servicios hogares,Terciario,3.56335,1.1334373546166636,314.38438
19,ZAMORA CHINCHIPE,ZAM,Amazonia,2019,T,Servicios hogares,Terciario,2.976819268130406,0.8574367936376441,347.17652545575515
19,ZAMORA CHINCHIPE,ZAM,Amazonia,2020,T,Servicios hogares,Terciario,2.443782834116857,0.357576725229996,683.4289431296172
19,ZAMORA CHINCHIPE,ZAM,Amazonia,2021,T,Servicios hogares,Terciario,2.852467773386034,0.2715544902887828,1050.4218767852435
19,ZAMORA CHINCHIPE,ZAM,Amazonia,2022,T,Servicios hogares,Terciario,2.6644254377211287,0.212483968207609,1253.9418668602013
19,ZAMORA CHINCHIPE,ZAM,Amazonia,2023,T,Servicios hogares,Terciario,4.898205714285714,0.31373565369945183,1561.2524928320802
20,GALÁPAGOS,GAL,Isla,2018,A,Agricultura,Primario,22.12703,6.519883880397906,339.37767
20,GALÁPAGOS,GAL,Isla,2019,A,Agricultura,Primario,23.2372002661344,6.416754303198248,362.1332400798404
20,GALÁPAGOS,GAL,Isla,2020,A,Agricultura,Primario,13.323672370718606,5.453224041117907,244.32651712558766
20,GALÁPAGOS,GAL,Isla,2021,A,Agricultura,Primario,12.658349617918313,5.751505337174099,220.08759230566534
20,GALÁPAGOS,GAL,Isla,2022,A,Agricultura,Primario,12.482886183434639,5.25936722928673,237.34578019051077
20,GALÁPAGOS,GAL,Isla,2023,A,Agricultura,Primario,12.345540651629072,4.6437510031368765,265.8527695238095
20,GALÁPAGOS,GAL,Isla,2018,B,Minas y canteras,Primario,0.0,0.0,339.37767
20,GALÁPAGOS,GAL,Isla,2019,B,Minas y canteras,Primario,0.0,0.0,362.1332400798404
20,GALÁPAGOS,GAL,Isla,2020,B,Minas y canteras,Primario,0.0,0.0,244.32651712558766
20,GALÁPAGOS,GAL,Isla,2021,B,Minas y canteras,Primario,0.0,0.0,220.08759230566534
20,GALÁPAGOS,GAL,Isla,2022,B,Minas y canteras,Primario,0.0,0.0,237.34578019051077
20,GALÁPAGOS,GAL,Isla,2023,B,Minas y canteras,Primario,0.0,0.0,265.8527695238095
20,GALÁPAGOS,GAL,Isla,2018,C,Manufactura,Secundario,4.4313400000000005,1.3057252706107625,339.37767
20,GALÁPAGOS,GAL,Isla,2019,C,Manufactura,Secundario,4.312967664670659,1.1909891684397071,362.1332400798404
20,GALÁPAGOS,GAL,Isla,2020,C,Manufactura,Secundario,3.084563599731364,1.2624759833767243,244.32651712558766
20,GALÁPAGOS,GAL,Isla,2021,C,Manufactura,Secundario,2.9147777602108036,1.3243716875064264,220.08759230566534
20,GALÁPAGOS,GAL,Isla,2022,C,Manufactura,Secundario,2.9378497178626515,1.2377931115963057,237.34578019051077
20,GALÁPAGOS,GAL,Isla,2023,C,Manufactura,Secundario,3.7229277192982453,1.4003719900931193,265.8527695238095
20,GALÁPAGOS,GAL,Isla,2018,D,Electricidad,Secundario,3.33554,0.9828401497364277,339.37767
20,GALÁPAGOS,GAL,Isla,2019,D,Electricidad,Secundario,3.894279281437126,1.0753719488933258,362.1332400798404
20,GALÁPAGOS,GAL,Isla,2020,D,Electricidad,Secundario,3.3629399597045,1.3764121877838975,244.32651712558766
20,GALÁPAGOS,GAL,Isla,2021,D,Electricidad,Secundario,3.4475088274044796,1.5664257995137039,220.08759230566534
20,GALÁPAGOS,GAL,Isla,2022,D,Electricidad,Secundario,3.439541438809762,1.4491689871414353,237.34578019051077
20,GALÁPAGOS,GAL,Isla,2023,D,Electricidad,Secundario,3.874392581453634,1.4573452021558297,265.8527695238095
20,GALÁPAGOS,GAL,Isla,2018,E,Agua,Secundario,0.86726,0.2555442142083184,339.37767
20,GALÁPAGOS,GAL,Isla,2019,E,Agua,Secundario,0.8422900332667997,0.23259119573809298,362.1332400798404
20,GALÁPAGOS,GAL,Isla,2020,E,Agua,Secundario,0.5356926796507723,0.2192527794170691,244.32651712558766
20,GALÁPAGOS,GAL,Isla,2021,E,Agua,Secundario,0.4251128326745718,0.1931562012292634,220.08759230566534
20,GALÁPAGOS,GAL,Isla,2022,E,Agua,Secundario,0.3172917427197678,0.13368333006177174,237.34578019051077
20,GALÁPAGOS,GAL,Isla,2023,E,Agua,Secundario,0.4245878696741855,0.15970789788449422,265.8527695238095
20,GALÁPAGOS,GAL,Isla,2018,F,Construcción,Secundario,13.43652,3.959164431767122,339.37767
20,GALÁPAGOS,GAL,Isla,2019,F,Construcción,Secundario,13.046074251497009,3.602561932348632,362.1332400798404
20,GALÁPAGOS,GAL,Isla,2020,F,Construcción,Secundario,6.542379798522497,2.677719911653966,244.32651712558766
20,GALÁPAGOS,GAL,Isla,2021,F,Construcción,Secundario,7.35218213438735,3.3405709324023967,220.08759230566534
20,GALÁPAGOS,GAL,Isla,2022,F,Construcción,Secundario,10.100270750249479,4.25550887913081,237.34578019051077
20,GALÁPAGOS,GAL,Isla,2023,F,Construcción,Secundario,12.189797493734336,4.585168518488061,265.8527695238095
20,GALÁPAGOS,GAL,Isla,2018,G,Comercio,Terciario,27.93444,8.231077784227818,339.37767
20,GALÁPAGOS,GAL,Isla,2019,G,Comercio,Terciario,30.237554757152363,8.349842381352737,362.1332400798404
20,GALÁPAGOS,GAL,Isla,2020,G,Comercio,Terciario,23.566518415043653,9.645501721342056,244.32651712558766
20,GALÁPAGOS,GAL,Isla,2021,G,Comercio,Terciario,18.308762687747034,8.318852733106,220.08759230566534
20,GALÁPAGOS,GAL,Isla,2022,G,Comercio,Terciario,18.306389737820922,7.712961959183307,237.34578019051077
20,GALÁPAGOS,GAL,Isla,2023,G,Comercio,Terciario,21.18718536340852,7.969518392213333,265.8527695238095
20,GALÁPAGOS,GAL,Isla,2018,H,Transporte,Terciario,76.24014,22.46468955956943,339.37767
20,GALÁPAGOS,GAL,Isla,2019,H,Transporte,Terciario,83.11898528276781,22.9525975755339,362.1332400798404
20,GALÁPAGOS,GAL,Isla,2020,H,Transporte,Terciario,36.584017192746806,14.973412474071345,244.32651712558766
20,GALÁPAGOS,GAL,Isla,2021,H,Transporte,Terciario,31.819805006587615,14.457791406248452,220.08759230566534
20,GALÁPAGOS,GAL,Isla,2022,H,Transporte,Terciario,37.77906373219632,15.917310053657635,237.34578019051077
20,GALÁPAGOS,GAL,Isla,2023,H,Transporte,Terciario,49.860502456140345,18.75493061270324,265.8527695238095
20,GALÁPAGOS,GAL,Isla,2018,I,Alojamiento,Terciario,32.11232,9.462119296181152,339.37767
20,GALÁPAGOS,GAL,Isla,2019,I,Alojamiento,Terciario,36.771389061876256,10.154104896244592,362.1332400798404
20,GALÁPAGOS,GAL,Isla,2020,I,Alojamiento,Terciario,11.856035030221626,4.852537157940756,244.32651712558766
20,GALÁPAGOS,GAL,Isla,2021,I,Alojamiento,Terciario,14.617175862977602,6.641526543975617,220.08759230566534
20,GALÁPAGOS,GAL,Isla,2022,I,Alojamiento,Terciario,20.731927090628684,8.734904439416514,237.34578019051077
20,GALÁPAGOS,GAL,Isla,2023,I,Alojamiento,Terciario,19.771352180451128,7.43695550581068,265.8527695238095
20,GALÁPAGOS,GAL,Isla,2018,J,Información y comunicaciones,Terciario,1.48713,0.43819323763994256,339.37767
20,GALÁPAGOS,GAL,Isla,2019,J,Información y comunicaciones,Terciario,1.5716649900199602,0.434001857899996,362.1332400798404
20,GALÁPAGOS,GAL,Isla,2020,J,Información y comunicaciones,Terciario,1.3460850503693758,0.5509369454472545,244.32651712558766
20,GALÁPAGOS,GAL,Isla,2021,J,Información y comunicaciones,Terciario,1.3811237944664032,0.6275336923801912,220.08759230566534
20,GALÁPAGOS,GAL,Isla,2022,J,Información y comunicaciones,Terciario,1.4198616855665427,0.5982249545059785,237.34578019051077
20,GALÁPAGOS,GAL,Isla,2023,J,Información y comunicaciones,Terciario,1.587737744360902,0.5972244514152807,265.8527695238095
20,GALÁPAGOS,GAL,Isla,2018,K,Financiero,Terciario,2.53198,0.7460655852814359,339.37767
20,GALÁPAGOS,GAL,Isla,2019,K,Financiero,Terciario,2.7715728010645377,0.7653461473057492,362.1332400798404
20,GALÁPAGOS,GAL,Isla,2020,K,Financiero,Terciario,1.8203349361987908,0.7450419044213323,244.32651712558766
20,GALÁPAGOS,GAL,Isla,2021,K,Financiero,Terciario,2.6012264558629776,1.181905089974497,220.08759230566534
20,GALÁPAGOS,GAL,Isla,2022,K,Financiero,Terciario,3.50117364782727,1.475136252693002,237.34578019051077
20,GALÁPAGOS,GAL,Isla,2023,K,Financiero,Terciario,4.537698045112783,1.7068462567610718,265.8527695238095
20,GALÁPAGOS,GAL,Isla,2018,L,Inmobiliario,Terciario,16.51255,4.86553814810503,339.37767
20,GALÁPAGOS,GAL,Isla,2019,L,Inmobiliario,Terciario,14.41811651363939,3.9814396796219516,362.1332400798404
20,GALÁPAGOS,GAL,Isla,2020,L,Inmobiliario,Terciario,12.52206764271323,5.125136554980109,244.32651712558766
20,GALÁPAGOS,GAL,Isla,2021,L,Inmobiliario,Terciario,8.273882476943346,3.7593588944588427,220.08759230566534
20,GALÁPAGOS,GAL,Isla,2022,L,Inmobiliario,Terciario,7.471317499773203,3.147861947988369,237.34578019051077
20,GALÁPAGOS,GAL,Isla,2023,L,Inmobiliario,Terciario,7.732538947368421,2.9085794220683874,265.8527695238095
20,GALÁPAGOS,GAL,Isla,2018,M-N,Act. Profesionales y servicios admin.,Terciario,84.37735,24.862375300060254,339.37767
20,GALÁPAGOS,GAL,Isla,2019,M-N,Act. Profesionales y servicios admin.,Terciario,82.10497107119097,22.672586215253006,362.1332400798404
20,GALÁPAGOS,GAL,Isla,2020,M-N,Act. Profesionales y servicios admin.,Terciario,60.070234734721296,24.586047982603645,244.32651712558766
20,GALÁPAGOS,GAL,Isla,2021,M-N,Act. Profesionales y servicios admin.,Terciario,53.8607962055336,24.472436470080446,220.08759230566534
20,GALÁPAGOS,GAL,Isla,2022,M-N,Act. Profesionales y servicios admin.,Terciario,57.6039954567722,24.270073565468532,237.34578019051077
20,GALÁPAGOS,GAL,Isla,2023,M-N,Act. Profesionales y servicios admin.,Terciario,63.686569022556384,23.955578546964386,265.8527695238095
20,GALÁPAGOS,GAL,Isla,2018,O,Admin. Publica,Terciario,38.71105,11.406481163006394,339.37767
20,GALÁPAGOS,GAL,Isla,2019,O,Admin. Publica,Terciario,48.00115566200932,13.255108990112696,362.1332400798404
20,GALÁPAGOS,GAL,Isla,2020,O,Admin. Publica,Terciario,53.54632918737408,21.91588936695333,244.32651712558766
20,GALÁPAGOS,GAL,Isla,2021,O,Admin. Publica,Terciario,48.44760495388669,22.012874258990923,220.08759230566534
20,GALÁPAGOS,GAL,Isla,2022,O,Admin. Publica,Terciario,48.48144477546947,20.42650378555489,237.34578019051077
20,GALÁPAGOS,GAL,Isla,2023,O,Admin. Publica,Terciario,51.502284310776936,19.37248365064124,265.8527695238095
20,GALÁPAGOS,GAL,Isla,2018,P,Educación,Terciario,6.401719999999999,1.8863114948016464,339.37767
20,GALÁPAGOS,GAL,Isla,2019,P,Educación,Terciario,6.301870073186961,1.7402075743716792,362.1332400798404
20,GALÁPAGOS,GAL,Isla,2020,P,Educación,Terciario,5.694725802552048,2.330784996057088,244.32651712558766
20,GALÁPAGOS,GAL,Isla,2021,P,Educación,Terciario,5.452356679841897,2.4773575932756238,220.08759230566534
20,GALÁPAGOS,GAL,Isla,2022,P,Educación,Terciario,5.019495962986483,2.1148452519178873,237.34578019051077
20,GALÁPAGOS,GAL,Isla,2023,P,Educación,Terciario,5.674961403508771,2.134625647749939,265.8527695238095
20,GALÁPAGOS,GAL,Isla,2018,Q,Salud,Terciario,5.73548,1.6899992271147362,339.37767
20,GALÁPAGOS,GAL,Isla,2019,Q,Salud,Terciario,5.332445508982038,1.472509264216226,362.1332400798404
20,GALÁPAGOS,GAL,Isla,2020,Q,Salud,Terciario,6.061423022162526,2.48086990044018,244.32651712558766
20,GALÁPAGOS,GAL,Isla,2021,Q,Salud,Terciario,4.5912225559947295,2.086088773972446,220.08759230566534
20,GALÁPAGOS,GAL,Isla,2022,Q,Salud,Terciario,4.629779450240407,1.9506474673888088,237.34578019051077
20,GALÁPAGOS,GAL,Isla,2023,Q,Salud,Terciario,4.664350676691729,1.754486396755026,265.8527695238095
20,GALÁPAGOS,GAL,Isla,2018,R-S-U,Otros servicios,Terciario,3.1358200000000003,0.9239912572916185,339.37767
20,GALÁPAGOS,GAL,Isla,2019,R-S-U,Otros servicios,Terciario,3.9288922954091823,1.084930036950756,362.1332400798404
20,GALÁPAGOS,GAL,Isla,2020,R-S-U,Otros servicios,Terciario,2.53862877098724,1.0390312115333535,244.32651712558766
20,GALÁPAGOS,GAL,Isla,2021,R-S-U,Otros servicios,Terciario,2.3225306982872196,1.0552756172922315,220.08759230566534
20,GALÁPAGOS,GAL,Isla,2022,R-S-U,Otros servicios,Terciario,2.110929423931779,0.889389911308891,237.34578019051077
20,GALÁPAGOS,GAL,Isla,2023,R-S-U,Otros servicios,Terciario,2.062345864661654,0.7757473688747683,265.8527695238095
20,GALÁPAGOS,GAL,Isla,2018,T,Servicios hogares,Terciario,0.0,0.0,339.37767
20,GALÁPAGOS,GAL,Isla,2019,T,Servicios hogares,Terciario,2.2418105655355958,0.619056832518699,362.1332400798404
20,GALÁPAGOS,GAL,Isla,2020,T,Servicios hogares,Terciario,1.8708689321692409,0.7657248808599785,244.32651712558766
20,GALÁPAGOS,GAL,Isla,2021,T,Servicios hogares,Terciario,1.6131737549407115,0.7329689684188463,220.08759230566534
20,GALÁPAGOS,GAL,Isla,2022,T,Servicios hogares,Terciario,1.012561894221174,0.42661887369913176,237.34578019051077
20,GALÁPAGOS,GAL,Isla,2023,T,Servicios hogares,Terciario,1.027997192982456,0.38667913628426187,265.8527695238095
21,SUCUMBIOS,SUC,Amazonia,2018,A,Agricultura,Primario,50.57468000000001,1.5471526580613355,3268.88751
21,SUCUMBIOS,SUC,Amazonia,2019,A,Agricultura,Primario,58.8211398003992,2.0636022879918023,2850.41066986028
21,SUCUMBIOS,SUC,Amazonia,2020,A,Agricultura,Primario,61.93341700470114,3.0665258853888546,2019.6606622431166
21,SUCUMBIOS,SUC,Amazonia,2021,A,Agricultura,Primario,80.38795783926219,2.6966340928080377,2981.0480425823453
21,SUCUMBIOS,SUC,Amazonia,2022,A,Agricultura,Primario,74.1512073010977,2.025115000480484,3661.580072415857
21,SUCUMBIOS,SUC,Amazonia,2023,A,Agricultura,Primario,80.0335883709273,2.735559712681978,2925.675063859649
21,SUCUMBIOS,SUC,Amazonia,2018,B,Minas y canteras,Primario,2425.89601,74.21166995128566,3268.88751
21,SUCUMBIOS,SUC,Amazonia,2019,B,Minas y canteras,Primario,2029.8144506719898,71.21129850287454,2850.41066986028
21,SUCUMBIOS,SUC,Amazonia,2020,B,Minas y canteras,Primario,1268.358926312962,62.800595665623916,2019.6606622431166
21,SUCUMBIOS,SUC,Amazonia,2021,B,Minas y canteras,Primario,2176.4420856917,73.00929252405969,2981.0480425823453
21,SUCUMBIOS,SUC,Amazonia,2022,B,Minas y canteras,Primario,2879.433692025764,78.63910211107184,3661.580072415857
21,SUCUMBIOS,SUC,Amazonia,2023,B,Minas y canteras,Primario,2105.4972455137845,71.96620265601682,2925.675063859649
21,SUCUMBIOS,SUC,Amazonia,2018,C,Manufactura,Secundario,197.25435,6.034296053215975,3268.88751
21,SUCUMBIOS,SUC,Amazonia,2019,C,Manufactura,Secundario,134.88028103792416,4.731959589687323,2850.41066986028
21,SUCUMBIOS,SUC,Amazonia,2020,C,Manufactura,Secundario,106.93130917394225,5.294518587849309,2019.6606622431166
21,SUCUMBIOS,SUC,Amazonia,2021,C,Manufactura,Secundario,143.7426995520421,4.8218847029222776,2981.0480425823453
21,SUCUMBIOS,SUC,Amazonia,2022,C,Manufactura,Secundario,90.97363900208654,2.484545939263414,3661.580072415857
21,SUCUMBIOS,SUC,Amazonia,2023,C,Manufactura,Secundario,92.5017201002506,3.1617222719948677,2925.675063859649
21,SUCUMBIOS,SUC,Amazonia,2018,D,Electricidad,Secundario,49.91863,1.5270831390585233,3268.88751
21,SUCUMBIOS,SUC,Amazonia,2019,D,Electricidad,Secundario,54.94977575515636,1.9277845236893483,2850.41066986028
21,SUCUMBIOS,SUC,Amazonia,2020,D,Electricidad,Secundario,52.73353284083277,2.611009553568508,2019.6606622431166
21,SUCUMBIOS,SUC,Amazonia,2021,D,Electricidad,Secundario,53.4472655599473,1.7929018518483313,2981.0480425823453
21,SUCUMBIOS,SUC,Amazonia,2022,D,Electricidad,Secundario,55.55478420030845,1.5172352673323954,3661.580072415857
21,SUCUMBIOS,SUC,Amazonia,2023,D,Electricidad,Secundario,48.86892731829573,1.6703470567174399,2925.675063859649
21,SUCUMBIOS,SUC,Amazonia,2018,E,Agua,Secundario,0.78508,0.024016733448255,3268.88751
21,SUCUMBIOS,SUC,Amazonia,2019,E,Agua,Secundario,0.775505628742515,0.027206803459675813,2850.41066986028
21,SUCUMBIOS,SUC,Amazonia,2020,E,Agua,Secundario,0.6417302350570854,0.03177416122688422,2019.6606622431166
21,SUCUMBIOS,SUC,Amazonia,2021,E,Agua,Secundario,0.6744716732542818,0.022625320478566253,2981.0480425823453
21,SUCUMBIOS,SUC,Amazonia,2022,E,Agua,Secundario,1.1133147491608455,0.0304053093785355,3661.580072415857
21,SUCUMBIOS,SUC,Amazonia,2023,E,Agua,Secundario,1.1785196992481202,0.040281975049319976,2925.675063859649
21,SUCUMBIOS,SUC,Amazonia,2018,F,Construcción,Secundario,59.75088000000001,1.8278658967986332,3268.88751
21,SUCUMBIOS,SUC,Amazonia,2019,F,Construcción,Secundario,58.6887017431803,2.0589560081199485,2850.41066986028
21,SUCUMBIOS,SUC,Amazonia,2020,F,Construcción,Secundario,41.80206893216925,2.069757049470983,2019.6606622431166
21,SUCUMBIOS,SUC,Amazonia,2021,F,Construcción,Secundario,48.97618466403162,1.6429183281999642,2981.0480425823453
21,SUCUMBIOS,SUC,Amazonia,2022,F,Construcción,Secundario,57.486413847409956,1.5699892590217552,3661.580072415857
21,SUCUMBIOS,SUC,Amazonia,2023,F,Construcción,Secundario,55.894416641604,1.9104793055133815,2925.675063859649
21,SUCUMBIOS,SUC,Amazonia,2018,G,Comercio,Terciario,80.92580000000001,2.4756373461135106,3268.88751
21,SUCUMBIOS,SUC,Amazonia,2019,G,Comercio,Terciario,86.62491635395877,3.0390328407732525,2850.41066986028
21,SUCUMBIOS,SUC,Amazonia,2020,G,Comercio,Terciario,72.5054966286098,3.589984099016034,2019.6606622431166
21,SUCUMBIOS,SUC,Amazonia,2021,G,Comercio,Terciario,79.24470977602107,2.6582835514242507,2981.0480425823453
21,SUCUMBIOS,SUC,Amazonia,2022,G,Comercio,Terciario,79.81708215912184,2.1798535217191004,3661.580072415857
21,SUCUMBIOS,SUC,Amazonia,2023,G,Comercio,Terciario,87.99656160401001,3.0077352981202905,2925.675063859649
21,SUCUMBIOS,SUC,Amazonia,2018,H,Transporte,Terciario,47.629760000000005,1.4570632930712262,3268.88751
21,SUCUMBIOS,SUC,Amazonia,2019,H,Transporte,Terciario,53.60221977378578,1.8805086698757418,2850.41066986028
21,SUCUMBIOS,SUC,Amazonia,2020,H,Transporte,Terciario,48.14282788448623,2.383708747934758,2019.6606622431166
21,SUCUMBIOS,SUC,Amazonia,2021,H,Transporte,Terciario,45.83850181818182,1.5376639746628848,2981.0480425823453
21,SUCUMBIOS,SUC,Amazonia,2022,H,Transporte,Terciario,46.71697566179807,1.2758692897018877,3661.580072415857
21,SUCUMBIOS,SUC,Amazonia,2023,H,Transporte,Terciario,52.57984942355889,1.797186915015565,2925.675063859649
21,SUCUMBIOS,SUC,Amazonia,2018,I,Alojamiento,Terciario,14.41922,0.4411048087733065,3268.88751
21,SUCUMBIOS,SUC,Amazonia,2019,I,Alojamiento,Terciario,16.80830573519628,0.5896801437394347,2850.41066986028
21,SUCUMBIOS,SUC,Amazonia,2020,I,Alojamiento,Terciario,13.756812249832102,0.6811447342125896,2019.6606622431166
21,SUCUMBIOS,SUC,Amazonia,2021,I,Alojamiento,Terciario,15.324254018445323,0.5140559225999801,2981.0480425823453
21,SUCUMBIOS,SUC,Amazonia,2022,I,Alojamiento,Terciario,17.4992112346911,0.47791420339321916,3661.580072415857
21,SUCUMBIOS,SUC,Amazonia,2023,I,Alojamiento,Terciario,34.78274225563911,1.1888791986951737,2925.675063859649
21,SUCUMBIOS,SUC,Amazonia,2018,J,Información y comunicaciones,Terciario,1.47279,0.045054777672664546,3268.88751
21,SUCUMBIOS,SUC,Amazonia,2019,J,Información y comunicaciones,Terciario,1.1179533200266136,0.039220780775473765,2850.41066986028
21,SUCUMBIOS,SUC,Amazonia,2020,J,Información y comunicaciones,Terciario,0.8786531631967763,0.043504989705592856,2019.6606622431166
21,SUCUMBIOS,SUC,Amazonia,2021,J,Información y comunicaciones,Terciario,0.96490814229249,0.03236808426128666,2981.0480425823453
21,SUCUMBIOS,SUC,Amazonia,2022,J,Información y comunicaciones,Terciario,1.1294940397350997,0.03084717573825652,3661.580072415857
21,SUCUMBIOS,SUC,Amazonia,2023,J,Información y comunicaciones,Terciario,1.427867067669173,0.04880470443581942,2925.675063859649
21,SUCUMBIOS,SUC,Amazonia,2018,K,Financiero,Terciario,6.54313,0.20016381658847598,3268.88751
21,SUCUMBIOS,SUC,Amazonia,2019,K,Financiero,Terciario,7.56163768463074,0.26528239472950726,2850.41066986028
21,SUCUMBIOS,SUC,Amazonia,2020,K,Financiero,Terciario,4.973300738750839,0.24624437321204695,2019.6606622431166
21,SUCUMBIOS,SUC,Amazonia,2021,K,Financiero,Terciario,6.723068247694335,0.2255270009627369,2981.0480425823453
21,SUCUMBIOS,SUC,Amazonia,2022,K,Financiero,Terciario,11.568393330309354,0.31593992488266676,3661.580072415857
21,SUCUMBIOS,SUC,Amazonia,2023,K,Financiero,Terciario,12.172118897243106,0.4160447975786223,2925.675063859649
21,SUCUMBIOS,SUC,Amazonia,2018,L,Inmobiliario,Terciario,14.02664,0.4290952183912869,3268.88751
21,SUCUMBIOS,SUC,Amazonia,2019,L,Inmobiliario,Terciario,15.472077285429146,0.5428016899118452,2850.41066986028
21,SUCUMBIOS,SUC,Amazonia,2020,L,Inmobiliario,Terciario,14.500782162525184,0.7179811160167882,2019.6606622431166
21,SUCUMBIOS,SUC,Amazonia,2021,L,Inmobiliario,Terciario,15.482084848484847,0.5193503971533927,2981.0480425823453
21,SUCUMBIOS,SUC,Amazonia,2022,L,Inmobiliario,Terciario,10.021103017327407,0.2736824763937397,3661.580072415857
21,SUCUMBIOS,SUC,Amazonia,2023,L,Inmobiliario,Terciario,10.036665062656642,0.343054674342951,2925.675063859649
21,SUCUMBIOS,SUC,Amazonia,2018,M-N,Act. Profesionales y servicios admin.,Terciario,50.00456,1.529711862125228,3268.88751
21,SUCUMBIOS,SUC,Amazonia,2019,M-N,Act. Profesionales y servicios admin.,Terciario,51.36295089820359,1.8019491521451987,2850.41066986028
21,SUCUMBIOS,SUC,Amazonia,2020,M-N,Act. Profesionales y servicios admin.,Terciario,48.44060776359973,2.3984528029475825,2019.6606622431166
21,SUCUMBIOS,SUC,Amazonia,2021,M-N,Act. Profesionales y servicios admin.,Terciario,45.485794993412384,1.5258323362682247,2981.0480425823453
21,SUCUMBIOS,SUC,Amazonia,2022,M-N,Act. Profesionales y servicios admin.,Terciario,44.87505798421482,1.2255653869835192,3661.580072415857
21,SUCUMBIOS,SUC,Amazonia,2023,M-N,Act. Profesionales y servicios admin.,Terciario,49.88341112781954,1.7050222611533512,2925.675063859649
21,SUCUMBIOS,SUC,Amazonia,2018,O,Admin. Publica,Terciario,185.33056,5.6695300597847735,3268.88751
21,SUCUMBIOS,SUC,Amazonia,2019,O,Admin. Publica,Terciario,196.56312356620097,6.895958033157236,2850.41066986028
21,SUCUMBIOS,SUC,Amazonia,2020,O,Admin. Publica,Terciario,201.91841396910678,9.997640581108712,2019.6606622431166
21,SUCUMBIOS,SUC,Amazonia,2021,O,Admin. Publica,Terciario,193.83555963109353,6.502262186394778,2981.0480425823453
21,SUCUMBIOS,SUC,Amazonia,2022,O,Admin. Publica,Terciario,214.97452993921803,5.871086407715262,3661.580072415857
21,SUCUMBIOS,SUC,Amazonia,2023,O,Admin. Publica,Terciario,210.41148471177942,7.191895207740449,2925.675063859649
21,SUCUMBIOS,SUC,Amazonia,2018,P,Educación,Terciario,54.36361000000001,1.663061510489237,3268.88751
21,SUCUMBIOS,SUC,Amazonia,2019,P,Educación,Terciario,53.65643582168995,1.8824107132717145,2850.41066986028
21,SUCUMBIOS,SUC,Amazonia,2020,P,Educación,Terciario,49.16717410342512,2.434427476981112,2019.6606622431166
21,SUCUMBIOS,SUC,Amazonia,2021,P,Educación,Terciario,49.221471409749675,1.651146533254505,2981.0480425823453
21,SUCUMBIOS,SUC,Amazonia,2022,P,Educación,Terciario,48.91898283951737,1.3360074577651209,3661.580072415857
21,SUCUMBIOS,SUC,Amazonia,2023,P,Educación,Terciario,55.10803007518796,1.8836004980842813,2925.675063859649
21,SUCUMBIOS,SUC,Amazonia,2018,Q,Salud,Terciario,18.31936,0.56041573605572,3268.88751
21,SUCUMBIOS,SUC,Amazonia,2019,Q,Salud,Terciario,18.103747065868266,0.635127676769315,2850.41066986028
21,SUCUMBIOS,SUC,Amazonia,2020,Q,Salud,Terciario,22.789508985896575,1.128383070083943,2019.6606622431166
21,SUCUMBIOS,SUC,Amazonia,2021,Q,Salud,Terciario,14.912942714097497,0.5002583823231208,2981.0480425823453
21,SUCUMBIOS,SUC,Amazonia,2022,Q,Salud,Terciario,19.05818234600381,0.5204906616566083,3661.580072415857
21,SUCUMBIOS,SUC,Amazonia,2023,Q,Salud,Terciario,19.814766516290728,0.6772716068526906,2925.675063859649
21,SUCUMBIOS,SUC,Amazonia,2018,R-S-U,Otros servicios,Terciario,7.45239,0.22797939596275676,3268.88751
21,SUCUMBIOS,SUC,Amazonia,2019,R-S-U,Otros servicios,Terciario,7.332975648702596,0.25726032133685633,2850.41066986028
21,SUCUMBIOS,SUC,Amazonia,2020,R-S-U,Otros servicios,Terciario,6.4637657488247156,0.32004216696708826,2019.6606622431166
21,SUCUMBIOS,SUC,Amazonia,2021,R-S-U,Otros servicios,Terciario,6.227996627140975,0.20891969999067667,2981.0480425823453
21,SUCUMBIOS,SUC,Amazonia,2022,R-S-U,Otros servicios,Terciario,5.4054303039100065,0.1476256205519379,3661.580072415857
21,SUCUMBIOS,SUC,Amazonia,2023,R-S-U,Otros servicios,Terciario,5.036722606516291,0.17215591262112603,2925.675063859649
21,SUCUMBIOS,SUC,Amazonia,2018,T,Servicios hogares,Terciario,4.22006,0.12909774310343275,3268.88751
21,SUCUMBIOS,SUC,Amazonia,2019,T,Servicios hogares,Terciario,4.274472069194944,0.1499598676917831,2850.41066986028
21,SUCUMBIOS,SUC,Amazonia,2020,T,Servicios hogares,Terciario,3.7223343451981195,0.18430493868529108,2019.6606622431166
21,SUCUMBIOS,SUC,Amazonia,2021,T,Servicios hogares,Terciario,4.116085375494071,0.13807511038730175,2981.0480425823453
21,SUCUMBIOS,SUC,Amazonia,2022,T,Servicios hogares,Terciario,2.882578434183072,0.07872498695027004,3661.580072415857
21,SUCUMBIOS,SUC,Amazonia,2023,T,Servicios hogares,Terciario,2.45042686716792,0.08375594738587389,2925.675063859649
22,ORELLANA,ORE,Amazonia,2018,A,Agricultura,Primario,34.97697,0.6505861734927711,5376.224
22,ORELLANA,ORE,Amazonia,2019,A,Agricultura,Primario,31.574973998669332,0.5842402483632533,5404.450324524286
22,ORELLANA,ORE,Amazonia,2020,A,Agricultura,Primario,32.75954417730021,0.9724106355947509,3368.9002339288113
22,ORELLANA,ORE,Amazonia,2021,A,Agricultura,Primario,35.1484007378129,0.6712795143200019,5236.030593517785
22,ORELLANA,ORE,Amazonia,2022,A,Agricultura,Primario,69.95959627687563,1.0135861639643358,6902.185405062143
22,ORELLANA,ORE,Amazonia,2023,A,Agricultura,Primario,68.27028230576443,1.2442021028245365,5487.073374235588
22,ORELLANA,ORE,Amazonia,2018,B,Minas y canteras,Primario,4687.931320000001,87.19747019469428,5376.224
22,ORELLANA,ORE,Amazonia,2019,B,Minas y canteras,Primario,4722.776013626082,87.38679662194497,5404.450324524286
22,ORELLANA,ORE,Amazonia,2020,B,Minas y canteras,Primario,2774.1100105842847,82.34467683684173,3368.9002339288113
22,ORELLANA,ORE,Amazonia,2021,B,Minas y canteras,Primario,4623.369931805005,88.2991389990873,5236.030593517785
22,ORELLANA,ORE,Amazonia,2022,B,Minas y canteras,Primario,6242.046663304001,90.43580108303107,6902.185405062143
22,ORELLANA,ORE,Amazonia,2023,B,Minas y canteras,Primario,4754.217616842105,86.643959221785,5487.073374235588
22,ORELLANA,ORE,Amazonia,2018,C,Manufactura,Secundario,26.890700000000002,0.5001781919800962,5376.224
22,ORELLANA,ORE,Amazonia,2019,C,Manufactura,Secundario,27.632262514970062,0.5112871958426657,5404.450324524286
22,ORELLANA,ORE,Amazonia,2020,C,Manufactura,Secundario,23.08953122901276,0.6853729592961484,3368.9002339288113
22,ORELLANA,ORE,Amazonia,2021,C,Manufactura,Secundario,24.55810065876153,0.4690213362993811,5236.030593517785
22,ORELLANA,ORE,Amazonia,2022,C,Manufactura,Secundario,24.038156523632406,0.34826877449572047,6902.185405062143
22,ORELLANA,ORE,Amazonia,2023,C,Manufactura,Secundario,28.464632380952377,0.518758005216539,5487.073374235588
22,ORELLANA,ORE,Amazonia,2018,D,Electricidad,Secundario,42.56452,0.7917177558077937,5376.224
22,ORELLANA,ORE,Amazonia,2019,D,Electricidad,Secundario,48.21266629407852,0.8920919501341208,5404.450324524286
22,ORELLANA,ORE,Amazonia,2020,D,Electricidad,Secundario,45.73299363331095,1.3575051339521897,3368.9002339288113
22,ORELLANA,ORE,Amazonia,2021,D,Electricidad,Secundario,44.28798482213438,0.8458312844268517,5236.030593517785
22,ORELLANA,ORE,Amazonia,2022,D,Electricidad,Secundario,47.2209023024585,0.6841442171029792,6902.185405062143
22,ORELLANA,ORE,Amazonia,2023,D,Electricidad,Secundario,43.33694957393483,0.7898008030550925,5487.073374235588
22,ORELLANA,ORE,Amazonia,2018,E,Agua,Secundario,7.200129999999999,0.1339254093579434,5376.224
22,ORELLANA,ORE,Amazonia,2019,E,Agua,Secundario,10.305672175648702,0.19068862801613104,5404.450324524286
22,ORELLANA,ORE,Amazonia,2020,E,Agua,Secundario,8.270272773673607,0.2454888004810049,3368.9002339288113
22,ORELLANA,ORE,Amazonia,2021,E,Agua,Secundario,8.72449791831357,0.16662427314910105,5236.030593517785
22,ORELLANA,ORE,Amazonia,2022,E,Agua,Secundario,11.170921455139254,0.16184615161085603,6902.185405062143
22,ORELLANA,ORE,Amazonia,2023,E,Agua,Secundario,15.404343057644107,0.28073878381096207,5487.073374235588
22,ORELLANA,ORE,Amazonia,2018,F,Construcción,Secundario,23.96283,0.445718593570506,5376.224
22,ORELLANA,ORE,Amazonia,2019,F,Construcción,Secundario,25.291506161011313,0.4679755505614262,5404.450324524286
22,ORELLANA,ORE,Amazonia,2020,F,Construcción,Secundario,12.93547067830759,0.38396716376555456,3368.9002339288113
22,ORELLANA,ORE,Amazonia,2021,F,Construcción,Secundario,20.773430303030302,0.396740048248531,5236.030593517785
22,ORELLANA,ORE,Amazonia,2022,F,Construcción,Secundario,25.769608041368052,0.37335432952102854,6902.185405062143
22,ORELLANA,ORE,Amazonia,2023,F,Construcción,Secundario,29.30314065162907,0.5340395262294325,5487.073374235588
22,ORELLANA,ORE,Amazonia,2018,G,Comercio,Terciario,96.19418,1.7892517127262555,5376.224
22,ORELLANA,ORE,Amazonia,2019,G,Comercio,Terciario,103.5708636061211,1.916399585285071,5404.450324524286
22,ORELLANA,ORE,Amazonia,2020,G,Comercio,Terciario,86.36789190060442,2.563682089210525,3368.9002339288113
22,ORELLANA,ORE,Amazonia,2021,G,Comercio,Terciario,99.57147783926217,1.901659588516,5236.030593517785
22,ORELLANA,ORE,Amazonia,2022,G,Comercio,Terciario,96.97928851310897,1.4050519193816966,6902.185405062143
22,ORELLANA,ORE,Amazonia,2023,G,Comercio,Terciario,103.09487458646616,1.8788681607675506,5487.073374235588
22,ORELLANA,ORE,Amazonia,2018,H,Transporte,Terciario,104.62433,1.94605600510693,5376.224
22,ORELLANA,ORE,Amazonia,2019,H,Transporte,Terciario,101.64935600798405,1.880845412654089,5404.450324524286
22,ORELLANA,ORE,Amazonia,2020,H,Transporte,Terciario,74.54601756883815,2.2127701146525967,3368.9002339288113
22,ORELLANA,ORE,Amazonia,2021,H,Transporte,Terciario,74.59302007905137,1.4246100886308355,5236.030593517785
22,ORELLANA,ORE,Amazonia,2022,H,Transporte,Terciario,78.21726168193777,1.133224581660358,6902.185405062143
22,ORELLANA,ORE,Amazonia,2023,H,Transporte,Terciario,87.69889022556391,1.5982817112917027,5487.073374235588
22,ORELLANA,ORE,Amazonia,2018,I,Alojamiento,Terciario,16.85623,0.3135328810704316,5376.224
22,ORELLANA,ORE,Amazonia,2019,I,Alojamiento,Terciario,18.376608489687293,0.3400273364767184,5404.450324524286
22,ORELLANA,ORE,Amazonia,2020,I,Alojamiento,Terciario,15.30205356615178,0.45421509999144516,3368.9002339288113
22,ORELLANA,ORE,Amazonia,2021,I,Alojamiento,Terciario,14.001199683794466,0.2674010289612894,5236.030593517785
22,ORELLANA,ORE,Amazonia,2022,I,Alojamiento,Terciario,13.029581928694551,0.18877473095895836,6902.185405062143
22,ORELLANA,ORE,Amazonia,2023,I,Alojamiento,Terciario,45.18404250626566,0.8234634280348094,5487.073374235588
22,ORELLANA,ORE,Amazonia,2018,J,Información y comunicaciones,Terciario,1.06647,0.019836785074431422,5376.224
22,ORELLANA,ORE,Amazonia,2019,J,Información y comunicaciones,Terciario,1.196065256154358,0.022131117585203062,5404.450324524286
22,ORELLANA,ORE,Amazonia,2020,J,Información y comunicaciones,Terciario,0.7667268770987241,0.02275896654275711,3368.9002339288113
22,ORELLANA,ORE,Amazonia,2021,J,Información y comunicaciones,Terciario,0.8249608432147562,0.01575546262537234,5236.030593517785
22,ORELLANA,ORE,Amazonia,2022,J,Información y comunicaciones,Terciario,0.9261736514560465,0.01341855654553672,6902.185405062143
22,ORELLANA,ORE,Amazonia,2023,J,Información y comunicaciones,Terciario,1.1153158897243107,0.020326243402562245,5487.073374235588
22,ORELLANA,ORE,Amazonia,2018,K,Financiero,Terciario,6.34551,0.11802912229847565,5376.224
22,ORELLANA,ORE,Amazonia,2019,K,Financiero,Terciario,6.839357445109781,0.126550472932912,5404.450324524286
22,ORELLANA,ORE,Amazonia,2020,K,Financiero,Terciario,5.758360456682338,0.17092701050297765,3368.9002339288113
22,ORELLANA,ORE,Amazonia,2021,K,Financiero,Terciario,6.759865718050066,0.1291028690019266,5236.030593517785
22,ORELLANA,ORE,Amazonia,2022,K,Financiero,Terciario,11.290518312619067,0.16357889059801942,6902.185405062143
22,ORELLANA,ORE,Amazonia,2023,K,Financiero,Terciario,10.70858365914787,0.1951602052458374,5487.073374235588
22,ORELLANA,ORE,Amazonia,2018,L,Inmobiliario,Terciario,23.36582,0.43461395953740023,5376.224
22,ORELLANA,ORE,Amazonia,2019,L,Inmobiliario,Terciario,22.3949602661344,0.4143799817071251,5404.450324524286
22,ORELLANA,ORE,Amazonia,2020,L,Inmobiliario,Terciario,17.64983897918066,0.523905065558959,3368.9002339288113
22,ORELLANA,ORE,Amazonia,2021,L,Inmobiliario,Terciario,17.874881475625823,0.34138229630963113,5236.030593517785
22,ORELLANA,ORE,Amazonia,2022,L,Inmobiliario,Terciario,16.18754258550304,0.23452778555659934,6902.185405062143
22,ORELLANA,ORE,Amazonia,2023,L,Inmobiliario,Terciario,15.77522606516291,0.28749799737023896,5487.073374235588
22,ORELLANA,ORE,Amazonia,2018,M-N,Act. Profesionales y servicios admin.,Terciario,63.51258,1.181360374865333,5376.224
22,ORELLANA,ORE,Amazonia,2019,M-N,Act. Profesionales y servicios admin.,Terciario,69.79989950765138,1.2915263406328996,5404.450324524286
22,ORELLANA,ORE,Amazonia,2020,M-N,Act. Profesionales y servicios admin.,Terciario,53.596903586299526,1.5909317541230605,3368.9002339288113
22,ORELLANA,ORE,Amazonia,2021,M-N,Act. Profesionales y servicios admin.,Terciario,55.683648168642954,1.0634706420084599,5236.030593517785
22,ORELLANA,ORE,Amazonia,2022,M-N,Act. Profesionales y servicios admin.,Terciario,57.56499897305633,0.8340111949301956,6902.185405062143
22,ORELLANA,ORE,Amazonia,2023,M-N,Act. Profesionales y servicios admin.,Terciario,59.407227268170416,1.082676013539668,5487.073374235588
22,ORELLANA,ORE,Amazonia,2018,O,Admin. Publica,Terciario,170.415,3.1697898004249816,5376.224
22,ORELLANA,ORE,Amazonia,2019,O,Admin. Publica,Terciario,142.10238296739857,2.6293586661823336,5404.450324524286
22,ORELLANA,ORE,Amazonia,2020,O,Admin. Publica,Terciario,150.04766603089323,4.453906486150457,3368.9002339288113
22,ORELLANA,ORE,Amazonia,2021,O,Admin. Publica,Terciario,141.94301196310937,2.710889660171869,5236.030593517785
22,ORELLANA,ORE,Amazonia,2022,O,Admin. Publica,Terciario,140.9490225455865,2.042092674621763,6902.185405062143
22,ORELLANA,ORE,Amazonia,2023,O,Admin. Publica,Terciario,154.65797854636588,2.818587760691491,5487.073374235588
22,ORELLANA,ORE,Amazonia,2018,P,Educación,Terciario,47.18321,0.8776273086835669,5376.224
22,ORELLANA,ORE,Amazonia,2019,P,Educación,Terciario,48.96652753160347,0.9060408476585199,5404.450324524286
22,ORELLANA,ORE,Amazonia,2020,P,Educación,Terciario,45.34546869039624,1.3460021235925517,3368.9002339288113
22,ORELLANA,ORE,Amazonia,2021,P,Educación,Terciario,44.95424295125164,0.8585557732780453,5236.030593517785
22,ORELLANA,ORE,Amazonia,2022,P,Educación,Terciario,42.87523463304001,0.621183467508636,6902.185405062143
22,ORELLANA,ORE,Amazonia,2023,P,Educación,Terciario,48.198214937343344,0.8783956701519033,5487.073374235588
22,ORELLANA,ORE,Amazonia,2018,Q,Salud,Terciario,11.76718,0.2188744367794199,5376.224
22,ORELLANA,ORE,Amazonia,2019,Q,Salud,Terciario,11.131981583499668,0.20597805354940577,5404.450324524286
22,ORELLANA,ORE,Amazonia,2020,Q,Salud,Terciario,12.295093942243117,0.36495868350202165,3368.9002339288113
22,ORELLANA,ORE,Amazonia,2021,Q,Salud,Terciario,11.844118893280632,0.22620415755293088,5236.030593517785
22,ORELLANA,ORE,Amazonia,2022,Q,Salud,Terciario,13.600498855121113,0.1970462695068485,6902.185405062143
22,ORELLANA,ORE,Amazonia,2023,Q,Salud,Terciario,13.494423258145364,0.24593116107227728,5487.073374235588
22,ORELLANA,ORE,Amazonia,2018,R-S-U,Otros servicios,Terciario,7.92992,0.14749980655567924,5376.224
22,ORELLANA,ORE,Amazonia,2019,R-S-U,Otros servicios,Terciario,9.346384351297408,0.1729386670256813,5404.450324524286
22,ORELLANA,ORE,Amazonia,2020,R-S-U,Otros servicios,Terciario,6.890824983210209,0.2045422691301882,3368.9002339288113
22,ORELLANA,ORE,Amazonia,2021,R-S-U,Otros servicios,Terciario,8.002667088274043,0.15283843257488525,5236.030593517785
22,ORELLANA,ORE,Amazonia,2022,R-S-U,Otros servicios,Terciario,6.9454523523541685,0.10062685866508733,6902.185405062143
22,ORELLANA,ORE,Amazonia,2023,R-S-U,Otros servicios,Terciario,6.685053834586466,0.12183277639362296,5487.073374235588
22,ORELLANA,ORE,Amazonia,2018,T,Servicios hogares,Terciario,3.4371,0.06393148797371538,5376.224
22,ORELLANA,ORE,Amazonia,2019,T,Servicios hogares,Terciario,3.2828427411842984,0.060743323447482386,5404.450324524286
22,ORELLANA,ORE,Amazonia,2020,T,Servicios hogares,Terciario,3.4355642713230354,0.1019788071110815,3368.9002339288113
22,ORELLANA,ORE,Amazonia,2021,T,Servicios hogares,Terciario,3.11515256916996,0.05949454483758221,5236.030593517785
22,ORELLANA,ORE,Amazonia,2022,T,Servicios hogares,Terciario,3.413983126190692,0.04946235034032608,6902.185405062143
22,ORELLANA,ORE,Amazonia,2023,T,Servicios hogares,Terciario,2.0565786466165417,0.03748042911678845,5487.073374235588
23,SANTO DOMINGO DE LOS TSACHILAS,SDT,Costa,2018,A,Agricultura,Primario,267.38773,14.80516046307883,1806.04412
23,SANTO DOMINGO DE LOS TSACHILAS,SDT,Costa,2019,A,Agricultura,Primario,197.4090260013307,11.151715227015096,1770.212222807718
23,SANTO DOMINGO DE LOS TSACHILAS,SDT,Costa,2020,A,Agricultura,Primario,256.9930051309604,15.234942075044755,1686.8656530826058
23,SANTO DOMINGO DE LOS TSACHILAS,SDT,Costa,2021,A,Agricultura,Primario,275.943140342556,15.975347907019232,1727.3059838735176
23,SANTO DOMINGO DE LOS TSACHILAS,SDT,Costa,2022,A,Agricultura,Primario,297.9223621300916,16.39479487703341,1817.176514647555
23,SANTO DOMINGO DE LOS TSACHILAS,SDT,Costa,2023,A,Agricultura,Primario,359.45177824561404,19.042662106806024,1887.6130670676691
23,SANTO DOMINGO DE LOS TSACHILAS,SDT,Costa,2018,B,Minas y canteras,Primario,3.1960300000000004,0.17696300796904121,1806.04412
23,SANTO DOMINGO DE LOS TSACHILAS,SDT,Costa,2019,B,Minas y canteras,Primario,2.0479716833000667,0.1156907435681241,1770.212222807718
23,SANTO DOMINGO DE LOS TSACHILAS,SDT,Costa,2020,B,Minas y canteras,Primario,2.421237985224983,0.143534725530772,1686.8656530826058
23,SANTO DOMINGO DE LOS TSACHILAS,SDT,Costa,2021,B,Minas y canteras,Primario,3.8192088537549407,0.22110783436240347,1727.3059838735176
23,SANTO DOMINGO DE LOS TSACHILAS,SDT,Costa,2022,B,Minas y canteras,Primario,3.3514817817291127,0.18443347438810254,1817.176514647555
23,SANTO DOMINGO DE LOS TSACHILAS,SDT,Costa,2023,B,Minas y canteras,Primario,4.843596190476189,0.25659899663655755,1887.6130670676691
23,SANTO DOMINGO DE LOS TSACHILAS,SDT,Costa,2018,C,Manufactura,Secundario,208.22751999999997,11.529481350654931,1806.04412
23,SANTO DOMINGO DE LOS TSACHILAS,SDT,Costa,2019,C,Manufactura,Secundario,203.76954506986033,11.511023505795439,1770.212222807718
23,SANTO DOMINGO DE LOS TSACHILAS,SDT,Costa,2020,C,Manufactura,Secundario,186.15674648757556,11.035659309761254,1686.8656530826058
23,SANTO DOMINGO DE LOS TSACHILAS,SDT,Costa,2021,C,Manufactura,Secundario,168.29082308300394,9.74296532601644,1727.3059838735176
23,SANTO DOMINGO DE LOS TSACHILAS,SDT,Costa,2022,C,Manufactura,Secundario,156.79763096071846,8.628640624443118,1817.176514647555
23,SANTO DOMINGO DE LOS TSACHILAS,SDT,Costa,2023,C,Manufactura,Secundario,180.70337604010024,9.573115337711434,1887.6130670676691
23,SANTO DOMINGO DE LOS TSACHILAS,SDT,Costa,2018,D,Electricidad,Secundario,22.2771,1.2334748499942516,1806.04412
23,SANTO DOMINGO DE LOS TSACHILAS,SDT,Costa,2019,D,Electricidad,Secundario,25.87176196939455,1.4615062327588937,1770.212222807718
23,SANTO DOMINGO DE LOS TSACHILAS,SDT,Costa,2020,D,Electricidad,Secundario,24.746062484889187,1.4669847856388463,1686.8656530826058
23,SANTO DOMINGO DE LOS TSACHILAS,SDT,Costa,2021,D,Electricidad,Secundario,25.23341449275362,1.4608537646680986,1727.3059838735176
23,SANTO DOMINGO DE LOS TSACHILAS,SDT,Costa,2022,D,Electricidad,Secundario,24.648690744806316,1.3564279829792418,1817.176514647555
23,SANTO DOMINGO DE LOS TSACHILAS,SDT,Costa,2023,D,Electricidad,Secundario,22.582644812030075,1.1963598475778356,1887.6130670676691
23,SANTO DOMINGO DE LOS TSACHILAS,SDT,Costa,2018,E,Agua,Secundario,1.39691,0.07734639395188198,1806.04412
23,SANTO DOMINGO DE LOS TSACHILAS,SDT,Costa,2019,E,Agua,Secundario,1.78227502328676,0.10068143244768184,1770.212222807718
23,SANTO DOMINGO DE LOS TSACHILAS,SDT,Costa,2020,E,Agua,Secundario,1.0985866487575555,0.06512591247263706,1686.8656530826058
23,SANTO DOMINGO DE LOS TSACHILAS,SDT,Costa,2021,E,Agua,Secundario,1.4185751778656126,0.08212645536515945,1727.3059838735176
23,SANTO DOMINGO DE LOS TSACHILAS,SDT,Costa,2022,E,Agua,Secundario,5.733208977592308,0.31550093958287123,1817.176514647555
23,SANTO DOMINGO DE LOS TSACHILAS,SDT,Costa,2023,E,Agua,Secundario,6.774332631578947,0.35888354185334176,1887.6130670676691
23,SANTO DOMINGO DE LOS TSACHILAS,SDT,Costa,2018,F,Construcción,Secundario,146.72679,8.124208504939514,1806.04412
23,SANTO DOMINGO DE LOS TSACHILAS,SDT,Costa,2019,F,Construcción,Secundario,151.68593500998006,8.56879943860021,1770.212222807718
23,SANTO DOMINGO DE LOS TSACHILAS,SDT,Costa,2020,F,Construcción,Secundario,122.64300830087306,7.270466861231848,1686.8656530826058
23,SANTO DOMINGO DE LOS TSACHILAS,SDT,Costa,2021,F,Construcción,Secundario,128.03147762845848,7.412205991514334,1727.3059838735176
23,SANTO DOMINGO DE LOS TSACHILAS,SDT,Costa,2022,F,Construcción,Secundario,142.84932511294562,7.861059394147603,1817.176514647555
23,SANTO DOMINGO DE LOS TSACHILAS,SDT,Costa,2023,F,Construcción,Secundario,126.20080962406016,6.685735113081624,1887.6130670676691
23,SANTO DOMINGO DE LOS TSACHILAS,SDT,Costa,2018,G,Comercio,Terciario,373.19492,20.663665735917903,1806.04412
23,SANTO DOMINGO DE LOS TSACHILAS,SDT,Costa,2019,G,Comercio,Terciario,410.18471920159686,23.171499660702064,1770.212222807718
23,SANTO DOMINGO DE LOS TSACHILAS,SDT,Costa,2020,G,Comercio,Terciario,355.63552687709875,21.08262304275415,1686.8656530826058
23,SANTO DOMINGO DE LOS TSACHILAS,SDT,Costa,2021,G,Comercio,Terciario,423.99080706192353,24.54636358701866,1727.3059838735176
23,SANTO DOMINGO DE LOS TSACHILAS,SDT,Costa,2022,G,Comercio,Terciario,460.92821801687387,25.365076771657037,1817.176514647555
23,SANTO DOMINGO DE LOS TSACHILAS,SDT,Costa,2023,G,Comercio,Terciario,489.3225269172932,25.922819430225495,1887.6130670676691
23,SANTO DOMINGO DE LOS TSACHILAS,SDT,Costa,2018,H,Transporte,Terciario,85.55707000000001,4.737263561423959,1806.04412
23,SANTO DOMINGO DE LOS TSACHILAS,SDT,Costa,2019,H,Transporte,Terciario,87.09206695941451,4.919865869035665,1770.212222807718
23,SANTO DOMINGO DE LOS TSACHILAS,SDT,Costa,2020,H,Transporte,Terciario,67.52788287441237,4.0031571424203705,1686.8656530826058
23,SANTO DOMINGO DE LOS TSACHILAS,SDT,Costa,2021,H,Transporte,Terciario,64.02639957839261,3.70672018600967,1727.3059838735176
23,SANTO DOMINGO DE LOS TSACHILAS,SDT,Costa,2022,H,Transporte,Terciario,73.29997986754967,4.03372920994229,1817.176514647555
23,SANTO DOMINGO DE LOS TSACHILAS,SDT,Costa,2023,H,Transporte,Terciario,83.70973754385965,4.43468733101638,1887.6130670676691
23,SANTO DOMINGO DE LOS TSACHILAS,SDT,Costa,2018,I,Alojamiento,Terciario,22.01507,1.2189663450746706,1806.04412
23,SANTO DOMINGO DE LOS TSACHILAS,SDT,Costa,2019,I,Alojamiento,Terciario,23.781422115768464,1.3434220942192434,1770.212222807718
23,SANTO DOMINGO DE LOS TSACHILAS,SDT,Costa,2020,I,Alojamiento,Terciario,17.01627014103425,1.0087507626904633,1686.8656530826058
23,SANTO DOMINGO DE LOS TSACHILAS,SDT,Costa,2021,I,Alojamiento,Terciario,22.11307025032938,1.2802057340611062,1727.3059838735176
23,SANTO DOMINGO DE LOS TSACHILAS,SDT,Costa,2022,I,Alojamiento,Terciario,20.97097754150413,1.1540418540777526,1817.176514647555
23,SANTO DOMINGO DE LOS TSACHILAS,SDT,Costa,2023,I,Alojamiento,Terciario,22.651983358395988,1.2000331929035082,1887.6130670676691
23,SANTO DOMINGO DE LOS TSACHILAS,SDT,Costa,2018,J,Información y comunicaciones,Terciario,10.41027,0.5764128287187137,1806.04412
23,SANTO DOMINGO DE LOS TSACHILAS,SDT,Costa,2019,J,Información y comunicaciones,Terciario,10.07681000665336,0.5692430476313525,1770.212222807718
23,SANTO DOMINGO DE LOS TSACHILAS,SDT,Costa,2020,J,Información y comunicaciones,Terciario,7.7023789388851585,0.4566089139825514,1686.8656530826058
23,SANTO DOMINGO DE LOS TSACHILAS,SDT,Costa,2021,J,Información y comunicaciones,Terciario,8.081037575757575,0.467840536141471,1727.3059838735176
23,SANTO DOMINGO DE LOS TSACHILAS,SDT,Costa,2022,J,Información y comunicaciones,Terciario,8.579283723124377,0.47212164883103536,1817.176514647555
23,SANTO DOMINGO DE LOS TSACHILAS,SDT,Costa,2023,J,Información y comunicaciones,Terciario,9.263094536340851,0.49073057916105106,1887.6130670676691
23,SANTO DOMINGO DE LOS TSACHILAS,SDT,Costa,2018,K,Financiero,Terciario,33.73742,1.8680285617828651,1806.04412
23,SANTO DOMINGO DE LOS TSACHILAS,SDT,Costa,2019,K,Financiero,Terciario,33.7251536393879,1.9051474848533545,1770.212222807718
23,SANTO DOMINGO DE LOS TSACHILAS,SDT,Costa,2020,K,Financiero,Terciario,28.099305735392882,1.6657702220709607,1686.8656530826058
23,SANTO DOMINGO DE LOS TSACHILAS,SDT,Costa,2021,K,Financiero,Terciario,35.5622187088274,2.0588256534073035,1727.3059838735176
23,SANTO DOMINGO DE LOS TSACHILAS,SDT,Costa,2022,K,Financiero,Terciario,45.51937387644017,2.5049505928304794,1817.176514647555
23,SANTO DOMINGO DE LOS TSACHILAS,SDT,Costa,2023,K,Financiero,Terciario,46.21743939849624,2.4484593905833236,1887.6130670676691
23,SANTO DOMINGO DE LOS TSACHILAS,SDT,Costa,2018,L,Inmobiliario,Terciario,122.54654999999998,6.78535749170956,1806.04412
23,SANTO DOMINGO DE LOS TSACHILAS,SDT,Costa,2019,L,Inmobiliario,Terciario,120.72200729208251,6.819634715921596,1770.212222807718
23,SANTO DOMINGO DE LOS TSACHILAS,SDT,Costa,2020,L,Inmobiliario,Terciario,116.88610235057084,6.929188589320748,1686.8656530826058
23,SANTO DOMINGO DE LOS TSACHILAS,SDT,Costa,2021,L,Inmobiliario,Terciario,109.87331309617917,6.360964074806602,1727.3059838735176
23,SANTO DOMINGO DE LOS TSACHILAS,SDT,Costa,2022,L,Inmobiliario,Terciario,91.92029941758142,5.0584133504173945,1817.176514647555
23,SANTO DOMINGO DE LOS TSACHILAS,SDT,Costa,2023,L,Inmobiliario,Terciario,83.04150355889723,4.3992863266145354,1887.6130670676691
23,SANTO DOMINGO DE LOS TSACHILAS,SDT,Costa,2018,M-N,Act. Profesionales y servicios admin.,Terciario,87.93777,4.8690820465670575,1806.04412
23,SANTO DOMINGO DE LOS TSACHILAS,SDT,Costa,2019,M-N,Act. Profesionales y servicios admin.,Terciario,84.550487079175,4.776291000017513,1770.212222807718
23,SANTO DOMINGO DE LOS TSACHILAS,SDT,Costa,2020,M-N,Act. Profesionales y servicios admin.,Terciario,71.18069383478846,4.219701415148959,1686.8656530826058
23,SANTO DOMINGO DE LOS TSACHILAS,SDT,Costa,2021,M-N,Act. Profesionales y servicios admin.,Terciario,75.90189638998682,4.3942357114849635,1727.3059838735176
23,SANTO DOMINGO DE LOS TSACHILAS,SDT,Costa,2022,M-N,Act. Profesionales y servicios admin.,Terciario,72.18736233693187,3.972501391860259,1817.176514647555
23,SANTO DOMINGO DE LOS TSACHILAS,SDT,Costa,2023,M-N,Act. Profesionales y servicios admin.,Terciario,73.48116170426066,3.8928084884690213,1887.6130670676691
23,SANTO DOMINGO DE LOS TSACHILAS,SDT,Costa,2018,O,Admin. Publica,Terciario,173.64303,9.614550833896573,1806.04412
23,SANTO DOMINGO DE LOS TSACHILAS,SDT,Costa,2019,O,Admin. Publica,Terciario,174.5919450698603,9.86276915391204,1770.212222807718
23,SANTO DOMINGO DE LOS TSACHILAS,SDT,Costa,2020,O,Admin. Publica,Terciario,192.4768090261921,11.410322373596072,1686.8656530826058
23,SANTO DOMINGO DE LOS TSACHILAS,SDT,Costa,2021,O,Admin. Publica,Terciario,161.99221375494068,9.37831601738969,1727.3059838735176
23,SANTO DOMINGO DE LOS TSACHILAS,SDT,Costa,2022,O,Admin. Publica,Terciario,193.59451433548037,10.653588838232835,1817.176514647555
23,SANTO DOMINGO DE LOS TSACHILAS,SDT,Costa,2023,O,Admin. Publica,Terciario,142.08439719298244,7.527199279972395,1887.6130670676691
23,SANTO DOMINGO DE LOS TSACHILAS,SDT,Costa,2018,P,Educación,Terciario,143.54803,7.948201730531368,1806.04412
23,SANTO DOMINGO DE LOS TSACHILAS,SDT,Costa,2019,P,Educación,Terciario,144.74809208250167,8.176877902973576,1770.212222807718
23,SANTO DOMINGO DE LOS TSACHILAS,SDT,Costa,2020,P,Educación,Terciario,133.75909351242444,7.929445552939613,1686.8656530826058
23,SANTO DOMINGO DE LOS TSACHILAS,SDT,Costa,2021,P,Educación,Terciario,129.70026371541502,7.508818062712875,1727.3059838735176
23,SANTO DOMINGO DE LOS TSACHILAS,SDT,Costa,2022,P,Educación,Terciario,123.0280227451692,6.770284656085307,1817.176514647555
23,SANTO DOMINGO DE LOS TSACHILAS,SDT,Costa,2023,P,Educación,Terciario,136.30195067669175,7.220862848148818,1887.6130670676691
23,SANTO DOMINGO DE LOS TSACHILAS,SDT,Costa,2018,Q,Salud,Terciario,65.18428999999999,3.6092302108322794,1806.04412
23,SANTO DOMINGO DE LOS TSACHILAS,SDT,Costa,2019,Q,Salud,Terciario,63.12768319361278,3.56610819766494,1770.212222807718
23,SANTO DOMINGO DE LOS TSACHILAS,SDT,Costa,2020,Q,Salud,Terciario,70.21717426460712,4.162582487603035,1686.8656530826058
23,SANTO DOMINGO DE LOS TSACHILAS,SDT,Costa,2021,Q,Salud,Terciario,63.75437175230566,3.690971509826836,1727.3059838735176
23,SANTO DOMINGO DE LOS TSACHILAS,SDT,Costa,2022,Q,Salud,Terciario,66.78656423841059,3.6752931649770955,1817.176514647555
23,SANTO DOMINGO DE LOS TSACHILAS,SDT,Costa,2023,Q,Salud,Terciario,65.77701593984962,3.4846662744304666,1887.6130670676691
23,SANTO DOMINGO DE LOS TSACHILAS,SDT,Costa,2018,R-S-U,Otros servicios,Terciario,13.972370000000002,0.7736449982185375,1806.04412
23,SANTO DOMINGO DE LOS TSACHILAS,SDT,Costa,2019,R-S-U,Otros servicios,Terciario,16.60834278110446,0.9382119593978463,1770.212222807718
23,SANTO DOMINGO DE LOS TSACHILAS,SDT,Costa,2020,R-S-U,Otros servicios,Terciario,14.319938535930154,0.8489080626996979,1686.8656530826058
23,SANTO DOMINGO DE LOS TSACHILAS,SDT,Costa,2021,R-S-U,Otros servicios,Terciario,16.617485955204213,0.962046453283232,1727.3059838735176
23,SANTO DOMINGO DE LOS TSACHILAS,SDT,Costa,2022,R-S-U,Otros servicios,Terciario,15.156108035924884,0.8340471007498377,1817.176514647555
23,SANTO DOMINGO DE LOS TSACHILAS,SDT,Costa,2023,R-S-U,Otros servicios,Terciario,14.74388350877193,0.7810861116614306,1887.6130670676691
23,SANTO DOMINGO DE LOS TSACHILAS,SDT,Costa,2018,T,Servicios hogares,Terciario,25.08525,1.3889610847380627,1806.04412
23,SANTO DOMINGO DE LOS TSACHILAS,SDT,Costa,2019,T,Servicios hogares,Terciario,18.436978629407854,1.0415123334853673,1770.212222807718
23,SANTO DOMINGO DE LOS TSACHILAS,SDT,Costa,2020,T,Servicios hogares,Terciario,17.985829952988585,1.0662277650932654,1686.8656530826058
23,SANTO DOMINGO DE LOS TSACHILAS,SDT,Costa,2021,T,Servicios hogares,Terciario,12.956266455862977,0.7500851949119226,1727.3059838735176
23,SANTO DOMINGO DE LOS TSACHILAS,SDT,Costa,2022,T,Servicios hogares,Terciario,13.903110804681123,0.7650941277643388,1817.176514647555
23,SANTO DOMINGO DE LOS TSACHILAS,SDT,Costa,2023,T,Servicios hogares,Terciario,20.461835187969925,1.0840058031467519,1887.6130670676691
24,SANTA ELENA,SEL,Costa,2018,A,Agricultura,Primario,85.34221000000001,5.409669514200107,1577.58639
24,SANTA ELENA,SEL,Costa,2019,A,Agricultura,Primario,92.60581301397207,6.845549429847854,1352.7886105123089
24,SANTA ELENA,SEL,Costa,2020,A,Agricultura,Primario,69.58581748824713,7.1893406450001756,967.9026342511753
24,SANTA ELENA,SEL,Costa,2021,A,Agricultura,Primario,83.30404342555994,7.496582471654934,1111.2269322793147
24,SANTA ELENA,SEL,Costa,2022,A,Agricultura,Primario,79.2325264918806,6.931762805879515,1143.03574301007
24,SANTA ELENA,SEL,Costa,2023,A,Agricultura,Primario,80.95458105263157,7.056154881149873,1147.2903077694234
24,SANTA ELENA,SEL,Costa,2018,B,Minas y canteras,Primario,342.00689,21.679122751559742,1577.58639
24,SANTA ELENA,SEL,Costa,2019,B,Minas y canteras,Primario,258.93762597471726,19.141026466556077,1352.7886105123089
24,SANTA ELENA,SEL,Costa,2020,B,Minas y canteras,Primario,61.30473692411014,6.333771058649818,967.9026342511753
24,SANTA ELENA,SEL,Costa,2021,B,Minas y canteras,Primario,87.57611678524373,7.881028999685085,1111.2269322793147
24,SANTA ELENA,SEL,Costa,2022,B,Minas y canteras,Primario,109.86349560010886,9.611553818150458,1143.03574301007
24,SANTA ELENA,SEL,Costa,2023,B,Minas y canteras,Primario,90.26207939849623,7.867414096261732,1147.2903077694234
24,SANTA ELENA,SEL,Costa,2018,C,Manufactura,Secundario,433.49934999999994,27.478644133079772,1577.58639
24,SANTA ELENA,SEL,Costa,2019,C,Manufactura,Secundario,289.8004664803727,21.422450206069044,1352.7886105123089
24,SANTA ELENA,SEL,Costa,2020,C,Manufactura,Secundario,207.57932249832103,21.446302050713626,967.9026342511753
24,SANTA ELENA,SEL,Costa,2021,C,Manufactura,Secundario,272.6038541238471,24.53178970065911,1111.2269322793147
24,SANTA ELENA,SEL,Costa,2022,C,Manufactura,Secundario,195.36916475006808,17.092130840596724,1143.03574301007
24,SANTA ELENA,SEL,Costa,2023,C,Manufactura,Secundario,188.46598556390978,16.42705288170069,1147.2903077694234
24,SANTA ELENA,SEL,Costa,2018,D,Electricidad,Secundario,25.13689,1.5933764489436297,1577.58639
24,SANTA ELENA,SEL,Costa,2019,D,Electricidad,Secundario,27.47635885562209,2.031090344944332,1352.7886105123089
24,SANTA ELENA,SEL,Costa,2020,D,Electricidad,Secundario,24.10392822028207,2.4903257174137403,967.9026342511753
24,SANTA ELENA,SEL,Costa,2021,D,Electricidad,Secundario,24.741305296442683,2.226485389954874,1111.2269322793147
24,SANTA ELENA,SEL,Costa,2022,D,Electricidad,Secundario,27.871148892316068,2.4383444754684738,1143.03574301007
24,SANTA ELENA,SEL,Costa,2023,D,Electricidad,Secundario,23.778456741854637,2.072575404919529,1147.2903077694234
24,SANTA ELENA,SEL,Costa,2018,E,Agua,Secundario,1.2980699999999998,0.082282023236775,1577.58639
24,SANTA ELENA,SEL,Costa,2019,E,Agua,Secundario,1.457248915502329,0.10772184982770223,1352.7886105123089
24,SANTA ELENA,SEL,Costa,2020,E,Agua,Secundario,1.1983819476158497,0.12381224156322151,967.9026342511753
24,SANTA ELENA,SEL,Costa,2021,E,Agua,Secundario,1.573146350461133,0.1415684145842599,1111.2269322793147
24,SANTA ELENA,SEL,Costa,2022,E,Agua,Secundario,1.2232078526716867,0.10701396348730893,1143.03574301007
24,SANTA ELENA,SEL,Costa,2023,E,Agua,Secundario,1.530442506265664,0.13339627258258374,1147.2903077694234
24,SANTA ELENA,SEL,Costa,2018,F,Construcción,Secundario,74.20098,4.703449552452085,1577.58639
24,SANTA ELENA,SEL,Costa,2019,F,Construcción,Secundario,65.89739475715237,4.8712263131929125,1352.7886105123089
24,SANTA ELENA,SEL,Costa,2020,F,Construcción,Secundario,45.00540711887172,4.649786613473831,967.9026342511753
24,SANTA ELENA,SEL,Costa,2021,F,Construcción,Secundario,49.14369538866929,4.422471590736849,1111.2269322793147
24,SANTA ELENA,SEL,Costa,2022,F,Construcción,Secundario,69.43216477546949,6.074365145627628,1143.03574301007
24,SANTA ELENA,SEL,Costa,2023,F,Construcción,Secundario,71.24335859649122,6.20970630659327,1147.2903077694234
24,SANTA ELENA,SEL,Costa,2018,G,Comercio,Terciario,159.39687,10.103844138766943,1577.58639
24,SANTA ELENA,SEL,Costa,2019,G,Comercio,Terciario,164.31801399866936,12.14661423978438,1352.7886105123089
24,SANTA ELENA,SEL,Costa,2020,G,Comercio,Terciario,127.68311532572196,13.191731358857691,967.9026342511753
24,SANTA ELENA,SEL,Costa,2021,G,Comercio,Terciario,140.58872832674572,12.651666751666504,1111.2269322793147
24,SANTA ELENA,SEL,Costa,2022,G,Comercio,Terciario,146.02851750703076,12.775498789082421,1143.03574301007
24,SANTA ELENA,SEL,Costa,2023,G,Comercio,Terciario,167.5889483709273,14.607370709577063,1147.2903077694234
24,SANTA ELENA,SEL,Costa,2018,H,Transporte,Terciario,33.01681,2.0928685876910995,1577.58639
24,SANTA ELENA,SEL,Costa,2019,H,Transporte,Terciario,33.777998775781775,2.4969162597391956,1352.7886105123089
24,SANTA ELENA,SEL,Costa,2020,H,Transporte,Terciario,31.605292357286775,3.265337983271265,967.9026342511753
24,SANTA ELENA,SEL,Costa,2021,H,Transporte,Terciario,30.146074940711458,2.7128639582984864,1111.2269322793147
24,SANTA ELENA,SEL,Costa,2022,H,Transporte,Terciario,28.814686150775653,2.5208910856011437,1143.03574301007
24,SANTA ELENA,SEL,Costa,2023,H,Transporte,Terciario,30.769201403508767,2.681901973296597,1147.2903077694234
24,SANTA ELENA,SEL,Costa,2018,I,Alojamiento,Terciario,22.38097,1.418684272498066,1577.58639
24,SANTA ELENA,SEL,Costa,2019,I,Alojamiento,Terciario,23.348174051896212,1.725929230218321,1352.7886105123089
24,SANTA ELENA,SEL,Costa,2020,I,Alojamiento,Terciario,15.63583247817327,1.6154344378109937,967.9026342511753
24,SANTA ELENA,SEL,Costa,2021,I,Alojamiento,Terciario,19.752909828722,1.7775765916873014,1111.2269322793147
24,SANTA ELENA,SEL,Costa,2022,I,Alojamiento,Terciario,22.694845613716776,1.9854887086865871,1143.03574301007
24,SANTA ELENA,SEL,Costa,2023,I,Alojamiento,Terciario,15.778269874686716,1.3752639386767793,1147.2903077694234
24,SANTA ELENA,SEL,Costa,2018,J,Información y comunicaciones,Terciario,3.07687,0.19503654566898238,1577.58639
24,SANTA ELENA,SEL,Costa,2019,J,Información y comunicaciones,Terciario,2.777826959414505,0.20534080031635732,1352.7886105123089
24,SANTA ELENA,SEL,Costa,2020,J,Información y comunicaciones,Terciario,1.6415821625251847,0.16960199346861024,967.9026342511753
24,SANTA ELENA,SEL,Costa,2021,J,Información y comunicaciones,Terciario,1.5655669038208169,0.14088633548590962,1111.2269322793147
24,SANTA ELENA,SEL,Costa,2022,J,Información y comunicaciones,Terciario,1.8262636886510026,0.1597731041937254,1143.03574301007
24,SANTA ELENA,SEL,Costa,2023,J,Información y comunicaciones,Terciario,2.1509555889724314,0.18748137018208993,1147.2903077694234
24,SANTA ELENA,SEL,Costa,2018,K,Financiero,Terciario,10.26221,0.6505006676686657,1577.58639
24,SANTA ELENA,SEL,Costa,2019,K,Financiero,Terciario,12.402066054557553,0.9167778290106108,1352.7886105123089
24,SANTA ELENA,SEL,Costa,2020,K,Financiero,Terciario,11.62701087978509,1.2012583154895955,967.9026342511753
24,SANTA ELENA,SEL,Costa,2021,K,Financiero,Terciario,12.799921791831355,1.1518728911273368,1111.2269322793147
24,SANTA ELENA,SEL,Costa,2022,K,Financiero,Terciario,15.56498373219632,1.3617232730804634,1143.03574301007
24,SANTA ELENA,SEL,Costa,2023,K,Financiero,Terciario,16.931647518796993,1.4757945224618623,1147.2903077694234
24,SANTA ELENA,SEL,Costa,2018,L,Inmobiliario,Terciario,48.3614,3.0655310103176032,1577.58639
24,SANTA ELENA,SEL,Costa,2019,L,Inmobiliario,Terciario,55.23095270791751,4.082748204614262,1352.7886105123089
24,SANTA ELENA,SEL,Costa,2020,L,Inmobiliario,Terciario,52.97466777703157,5.473140159187168,967.9026342511753
24,SANTA ELENA,SEL,Costa,2021,L,Inmobiliario,Terciario,45.09377412384717,4.058016667338345,1111.2269322793147
24,SANTA ELENA,SEL,Costa,2022,L,Inmobiliario,Terciario,47.32332657171369,4.140144073455871,1143.03574301007
24,SANTA ELENA,SEL,Costa,2023,L,Inmobiliario,Terciario,47.20623458646617,4.114584971805884,1147.2903077694234
24,SANTA ELENA,SEL,Costa,2018,M-N,Act. Profesionales y servicios admin.,Terciario,40.51428,2.5681179970118784,1577.58639
24,SANTA ELENA,SEL,Costa,2019,M-N,Act. Profesionales y servicios admin.,Terciario,41.45247148369927,3.064223867763122,1352.7886105123089
24,SANTA ELENA,SEL,Costa,2020,M-N,Act. Profesionales y servicios admin.,Terciario,37.698320591000666,3.8948463674929696,967.9026342511753
24,SANTA ELENA,SEL,Costa,2021,M-N,Act. Profesionales y servicios admin.,Terciario,35.584739077733865,3.202292713041389,1111.2269322793147
24,SANTA ELENA,SEL,Costa,2022,M-N,Act. Profesionales y servicios admin.,Terciario,35.8635369681575,3.1375691606733542,1143.03574301007
24,SANTA ELENA,SEL,Costa,2023,M-N,Act. Profesionales y servicios admin.,Terciario,37.47082185463659,3.2660279269235564,1147.2903077694234
24,SANTA ELENA,SEL,Costa,2018,O,Admin. Publica,Terciario,142.25733,9.017403477980055,1577.58639
24,SANTA ELENA,SEL,Costa,2019,O,Admin. Publica,Terciario,126.05425266799735,9.318104224743575,1352.7886105123089
24,SANTA ELENA,SEL,Costa,2020,O,Admin. Publica,Terciario,129.05004830087307,13.332957648236338,967.9026342511753
24,SANTA ELENA,SEL,Costa,2021,O,Admin. Publica,Terciario,156.43326924901186,14.077526804371157,1111.2269322793147
24,SANTA ELENA,SEL,Costa,2022,O,Admin. Publica,Terciario,191.17471709697907,16.725174017178116,1143.03574301007
24,SANTA ELENA,SEL,Costa,2023,O,Admin. Publica,Terciario,194.04655117794485,16.913465568728864,1147.2903077694234
24,SANTA ELENA,SEL,Costa,2018,P,Educación,Terciario,98.92094,6.270397654736359,1577.58639
24,SANTA ELENA,SEL,Costa,2019,P,Educación,Terciario,99.86533982701266,7.382183664984663,1352.7886105123089
24,SANTA ELENA,SEL,Costa,2020,P,Educación,Terciario,93.37228959032909,9.646868009876554,967.9026342511753
24,SANTA ELENA,SEL,Costa,2021,P,Educación,Terciario,92.2815363372859,8.304472620007584,1111.2269322793147
24,SANTA ELENA,SEL,Costa,2022,P,Educación,Terciario,115.32439775741632,10.089308095801194,1143.03574301007
24,SANTA ELENA,SEL,Costa,2023,P,Educación,Terciario,124.58636551378444,10.859183998164063,1147.2903077694234
24,SANTA ELENA,SEL,Costa,2018,Q,Salud,Terciario,34.089800000000004,2.160883246463606,1577.58639
24,SANTA ELENA,SEL,Costa,2019,Q,Salud,Terciario,34.26537282767798,2.532943621893851,1352.7886105123089
24,SANTA ELENA,SEL,Costa,2020,Q,Salud,Terciario,39.021093136333114,4.031510170082558,967.9026342511753
24,SANTA ELENA,SEL,Costa,2021,Q,Salud,Terciario,36.90739710144928,3.321319527933502,1111.2269322793147
24,SANTA ELENA,SEL,Costa,2022,Q,Salud,Terciario,33.78278851129456,2.955532118560962,1143.03574301007
24,SANTA ELENA,SEL,Costa,2023,Q,Salud,Terciario,33.45483087719299,2.9159865337166755,1147.2903077694234
24,SANTA ELENA,SEL,Costa,2018,R-S-U,Otros servicios,Terciario,8.60324,0.5453419257756147,1577.58639
24,SANTA ELENA,SEL,Costa,2019,R-S-U,Otros servicios,Terciario,9.762380944777114,0.7216486647592372,1352.7886105123089
24,SANTA ELENA,SEL,Costa,2020,R-S-U,Otros servicios,Terciario,9.943530852921425,1.0273275948478338,967.9026342511753
24,SANTA ELENA,SEL,Costa,2021,R-S-U,Otros servicios,Terciario,10.583929380764163,0.9524543613296638,1111.2269322793147
24,SANTA ELENA,SEL,Costa,2022,R-S-U,Otros servicios,Terciario,9.844057262088361,0.8612204230958712,1143.03574301007
24,SANTA ELENA,SEL,Costa,2023,R-S-U,Otros servicios,Terciario,9.50788090225564,0.8287249389163744,1147.2903077694234
24,SANTA ELENA,SEL,Costa,2018,T,Servicios hogares,Terciario,15.22128,0.9648460519490156,1577.58639
24,SANTA ELENA,SEL,Costa,2019,T,Servicios hogares,Terciario,13.358852215568865,0.9875047817345084,1352.7886105123089
24,SANTA ELENA,SEL,Costa,2020,T,Servicios hogares,Terciario,8.87225660174614,0.91664763456401,967.9026342511753
24,SANTA ELENA,SEL,Costa,2021,T,Servicios hogares,Terciario,10.546923847167324,0.9491242104377182,1111.2269322793147
24,SANTA ELENA,SEL,Costa,2022,T,Servicios hogares,Terciario,11.801913787535154,1.0325061013801717,1143.03574301007
24,SANTA ELENA,SEL,Costa,2023,T,Servicios hogares,Terciario,11.563696240601503,1.0079137043425208,1147.2903077694234
99,ECUADOR,ECU,Nacional,2018,A,Agricultura,Primario,8216.83103,8.097941192224532,101468.14894
99,ECUADOR,ECU,Nacional,2019,A,Agricultura,Primario,8383.808360665336,8.294880823878726,101072.0773290752
99,ECUADOR,ECU,Nacional,2020,A,Agricultura,Primario,8120.022294909336,8.950713285219175,90719.27606393553
99,ECUADOR,ECU,Nacional,2021,A,Agricultura,Primario,8580.20003667984,8.605953472844503,99700.74860100131
99,ECUADOR,ECU,Nacional,2022,A,Agricultura,Primario,8200.214616217001,7.767445637148295,105571.57396762406
99,ECUADOR,ECU,Nacional,2023,A,Agricultura,Primario,9127.924006416039,8.488440752961841,107533.5773914787
99,ECUADOR,ECU,Nacional,2018,B,Minas y canteras,Primario,8481.790990000001,8.359067430130652,101468.14894
99,ECUADOR,ECU,Nacional,2019,B,Minas y canteras,Primario,7916.905920212909,7.832930844427661,101072.0773290752
99,ECUADOR,ECU,Nacional,2020,B,Minas y canteras,Primario,5182.656760993956,5.712850659590156,90719.27606393553
99,ECUADOR,ECU,Nacional,2021,B,Minas y canteras,Primario,8944.141384769433,8.97098718943782,99700.74860100131
99,ECUADOR,ECU,Nacional,2022,B,Minas y canteras,Primario,11685.486905793341,11.06878155418708,105571.57396762406
99,ECUADOR,ECU,Nacional,2023,B,Minas y canteras,Primario,9522.706949774436,8.855566029489358,107533.5773914787
99,ECUADOR,ECU,Nacional,2018,C,Manufactura,Secundario,14365.968950000002,14.158106854294608,101468.14894
99,ECUADOR,ECU,Nacional,2019,C,Manufactura,Secundario,13650.598195608785,13.505805516556793,101072.0773290752
99,ECUADOR,ECU,Nacional,2020,C,Manufactura,Secundario,12531.71379771659,13.81372773398755,90719.27606393553
99,ECUADOR,ECU,Nacional,2021,C,Manufactura,Secundario,13815.439841264822,13.856906828807974,99700.74860100131
99,ECUADOR,ECU,Nacional,2022,C,Manufactura,Secundario,14291.490205076658,13.537252186331397,105571.57396762406
99,ECUADOR,ECU,Nacional,2023,C,Manufactura,Secundario,15183.16092571429,14.119460445772775,107533.5773914787
99,ECUADOR,ECU,Nacional,2018,D,Electricidad,Secundario,1425.17301,1.4045520933300275,101468.14894
99,ECUADOR,ECU,Nacional,2019,D,Electricidad,Secundario,1609.590216260812,1.5925172003937675,101072.0773290752
99,ECUADOR,ECU,Nacional,2020,D,Electricidad,Secundario,1527.6720913364675,1.6839553374079195,90719.27606393553
99,ECUADOR,ECU,Nacional,2021,D,Electricidad,Secundario,1586.7239631093544,1.5914865087516692,99700.74860100131
99,ECUADOR,ECU,Nacional,2022,D,Electricidad,Secundario,1606.1394070434549,1.5213748802646576,105571.57396762406
99,ECUADOR,ECU,Nacional,2023,D,Electricidad,Secundario,1459.7375344360903,1.3574713776348006,107533.5773914787
99,ECUADOR,ECU,Nacional,2018,E,Agua,Secundario,333.22202,0.32840060992641185,101468.14894
99,ECUADOR,ECU,Nacional,2019,E,Agua,Secundario,388.7844803193613,0.38466062100765835,101072.0773290752
99,ECUADOR,ECU,Nacional,2020,E,Agua,Secundario,324.4650208193418,0.3576583003050764,90719.27606393553
99,ECUADOR,ECU,Nacional,2021,E,Agua,Secundario,410.59992621870884,0.4118323402584613,99700.74860100131
99,ECUADOR,ECU,Nacional,2022,E,Agua,Secundario,427.79799740905383,0.40522081970687285,105571.57396762406
99,ECUADOR,ECU,Nacional,2023,E,Agua,Secundario,465.5982556390978,0.4329794162283615,107533.5773914787
99,ECUADOR,ECU,Nacional,2018,F,Construcción,Secundario,5503.80601,5.4241710994989205,101468.14894
99,ECUADOR,ECU,Nacional,2019,F,Construcción,Secundario,5127.986575542249,5.073593727421185,101072.0773290752
99,ECUADOR,ECU,Nacional,2020,F,Construcción,Secundario,3654.7149597313633,4.028598020508517,90719.27606393553
99,ECUADOR,ECU,Nacional,2021,F,Construcción,Secundario,4285.681706245059,4.298545162781273,99700.74860100131
99,ECUADOR,ECU,Nacional,2022,F,Construcción,Secundario,4802.622811445161,4.549162838964582,105571.57396762406
99,ECUADOR,ECU,Nacional,2023,F,Construcción,Secundario,4849.907157293233,4.510132811481779,107533.5773914787
99,ECUADOR,ECU,Nacional,2018,G,Comercio,Terciario,15248.873999999998,15.02823709636897,101468.14894
99,ECUADOR,ECU,Nacional,2019,G,Comercio,Terciario,15286.850139081838,15.124701641691004,101072.0773290752
99,ECUADOR,ECU,Nacional,2020,G,Comercio,Terciario,13739.444039650773,15.145010670023126,90719.27606393553
99,ECUADOR,ECU,Nacional,2021,G,Comercio,Terciario,16080.464802318838,16.12873025324239,99700.74860100131
99,ECUADOR,ECU,Nacional,2022,G,Comercio,Terciario,17367.236350786538,16.450674834224408,105571.57396762406
99,ECUADOR,ECU,Nacional,2023,G,Comercio,Terciario,17546.912640401006,16.31761266206278,107533.5773914787
99,ECUADOR,ECU,Nacional,2018,H,Transporte,Terciario,5355.528,5.278038533221714,101468.14894
99,ECUADOR,ECU,Nacional,2019,H,Transporte,Terciario,5589.393351962742,5.530106335664333,101072.0773290752
99,ECUADOR,ECU,Nacional,2020,H,Transporte,Terciario,4909.894391618535,5.412184272897226,90719.27606393553
99,ECUADOR,ECU,Nacional,2021,H,Transporte,Terciario,4942.653289275363,4.957488643395926,99700.74860100131
99,ECUADOR,ECU,Nacional,2022,H,Transporte,Terciario,5033.849104483354,4.768186089587997,105571.57396762406
99,ECUADOR,ECU,Nacional,2023,H,Transporte,Terciario,5308.703459849624,4.936786805225641,107533.5773914787
99,ECUADOR,ECU,Nacional,2018,I,Alojamiento,Terciario,1430.62599,1.4099261738242173,101468.14894
99,ECUADOR,ECU,Nacional,2019,I,Alojamiento,Terciario,1521.6627438456421,1.5055223797284203,101072.0773290752
99,ECUADOR,ECU,Nacional,2020,I,Alojamiento,Terciario,1139.678494345198,1.2562693881529605,90719.27606393553
99,ECUADOR,ECU,Nacional,2021,I,Alojamiento,Terciario,1284.7459387615281,1.2886020985690223,99700.74860100131
99,ECUADOR,ECU,Nacional,2022,I,Alojamiento,Terciario,1311.1748369917445,1.24197716081589,105571.57396762406
99,ECUADOR,ECU,Nacional,2023,I,Alojamiento,Terciario,1501.5687689223057,1.396372003375101,107533.5773914787
99,ECUADOR,ECU,Nacional,2018,J,Información y comunicaciones,Terciario,2567.00199,2.529859879002933,101468.14894
99,ECUADOR,ECU,Nacional,2019,J,Información y comunicaciones,Terciario,2487.6249959813713,2.4612386147778933,101072.0773290752
99,ECUADOR,ECU,Nacional,2020,J,Información y comunicaciones,Terciario,2333.4645755271995,2.572181653965869,90719.27606393553
99,ECUADOR,ECU,Nacional,2021,J,Información y comunicaciones,Terciario,2288.8066093280636,2.2956764532308402,99700.74860100131
99,ECUADOR,ECU,Nacional,2022,J,Información y comunicaciones,Terciario,2371.777046771296,2.2466057458787683,105571.57396762406
99,ECUADOR,ECU,Nacional,2023,J,Información y comunicaciones,Terciario,2327.243038195488,2.1642012612703296,107533.5773914787
99,ECUADOR,ECU,Nacional,2018,K,Financiero,Terciario,4017.07399,3.9589506973024315,101468.14894
99,ECUADOR,ECU,Nacional,2019,K,Financiero,Terciario,4170.68205988024,4.126443395737418,101072.0773290752
99,ECUADOR,ECU,Nacional,2020,K,Financiero,Terciario,4010.24886307589,4.4205035986504315,90719.27606393553
99,ECUADOR,ECU,Nacional,2021,K,Financiero,Terciario,4269.8966119631095,4.282712689601838,99700.74860100131
99,ECUADOR,ECU,Nacional,2022,K,Financiero,Terciario,4817.624471247393,4.563372781317845,105571.57396762406
99,ECUADOR,ECU,Nacional,2023,K,Financiero,Terciario,5122.163197393484,4.763315163175609,107533.5773914787
99,ECUADOR,ECU,Nacional,2018,L,Inmobiliario,Terciario,7316.734990000001,7.210868697650651,101468.14894
99,ECUADOR,ECU,Nacional,2019,L,Inmobiliario,Terciario,7388.900853013974,7.3105263573012795,101072.0773290752
99,ECUADOR,ECU,Nacional,2020,L,Inmobiliario,Terciario,7349.929821356615,8.101839146265522,90719.27606393553
99,ECUADOR,ECU,Nacional,2021,L,Inmobiliario,Terciario,7041.403044848484,7.062537787983837,99700.74860100131
99,ECUADOR,ECU,Nacional,2022,L,Inmobiliario,Terciario,7102.255838040461,6.727431988670103,105571.57396762406
99,ECUADOR,ECU,Nacional,2023,L,Inmobiliario,Terciario,7395.510075187968,6.877396116251604,107533.5773914787
99,ECUADOR,ECU,Nacional,2018,M-N,Act. Profesionales y servicios admin.,Terciario,7768.852029999999,7.656444028158892,101468.14894
99,ECUADOR,ECU,Nacional,2019,M-N,Act. Profesionales y servicios admin.,Terciario,7755.500602847638,7.673237562533633,101072.0773290752
99,ECUADOR,ECU,Nacional,2020,M-N,Act. Profesionales y servicios admin.,Terciario,6799.214282659503,7.494784545974191,90719.27606393553
99,ECUADOR,ECU,Nacional,2021,M-N,Act. Profesionales y servicios admin.,Terciario,7242.903376864295,7.264642922441962,99700.74860100131
99,ECUADOR,ECU,Nacional,2022,M-N,Act. Profesionales y servicios admin.,Terciario,7565.226142313345,7.165968885368133,105571.57396762406
99,ECUADOR,ECU,Nacional,2023,M-N,Act. Profesionales y servicios admin.,Terciario,8093.906035689224,7.526863917326172,107533.5773914787
99,ECUADOR,ECU,Nacional,2018,O,Admin. Publica,Terciario,8020.00201,7.903960103522118,101468.14894
99,ECUADOR,ECU,Nacional,2019,O,Admin. Publica,Terciario,8008.479797099136,7.923533391942418,101072.0773290752
99,ECUADOR,ECU,Nacional,2020,O,Admin. Publica,Terciario,8035.381093995971,8.857413156971115,90719.27606393553
99,ECUADOR,ECU,Nacional,2021,O,Admin. Publica,Terciario,7808.62137486166,7.832058920752413,99700.74860100131
99,ECUADOR,ECU,Nacional,2022,O,Admin. Publica,Terciario,7881.520757456229,7.465570949878305,105571.57396762406
99,ECUADOR,ECU,Nacional,2023,O,Admin. Publica,Terciario,7980.071338345864,7.42100424065147,107533.5773914787
99,ECUADOR,ECU,Nacional,2018,P,Educación,Terciario,5371.08899,5.293374370292322,101468.14894
99,ECUADOR,ECU,Nacional,2019,P,Educación,Terciario,5453.751174344645,5.395902922414533,101072.0773290752
99,ECUADOR,ECU,Nacional,2020,P,Educación,Terciario,5101.674027454667,5.623583265654809,90719.27606393553
99,ECUADOR,ECU,Nacional,2021,P,Educación,Terciario,5037.324035625824,5.052443543613707,99700.74860100131
99,ECUADOR,ECU,Nacional,2022,P,Educación,Terciario,4983.209090200491,4.720218618440515,105571.57396762406
99,ECUADOR,ECU,Nacional,2023,P,Educación,Terciario,5393.441986165413,5.01558872772404,107533.5773914787
99,ECUADOR,ECU,Nacional,2018,Q,Salud,Terciario,4111.15595,4.051671379588292,101468.14894
99,ECUADOR,ECU,Nacional,2019,Q,Salud,Terciario,4240.583556939455,4.195603443602692,101072.0773290752
99,ECUADOR,ECU,Nacional,2020,Q,Salud,Terciario,4256.272496225655,4.691695834550085,90719.27606393553
99,ECUADOR,ECU,Nacional,2021,Q,Salud,Terciario,4306.656442687747,4.319582854811678,99700.74860100131
99,ECUADOR,ECU,Nacional,2022,Q,Salud,Terciario,4332.519827763766,4.103869692321186,105571.57396762406
99,ECUADOR,ECU,Nacional,2023,Q,Salud,Terciario,4377.166795789473,4.0705116503790135,107533.5773914787
99,ECUADOR,ECU,Nacional,2018,R-S-U,Otros servicios,Terciario,1087.372,1.0716387470939115,101468.14894
99,ECUADOR,ECU,Nacional,2019,R-S-U,Otros servicios,Terciario,1177.8541677178978,1.1653606009135293,101072.0773290752
99,ECUADOR,ECU,Nacional,2020,R-S-U,Otros servicios,Terciario,1042.5407200537272,1.1491942675104503,90719.27606393553
99,ECUADOR,ECU,Nacional,2021,R-S-U,Otros servicios,Terciario,1071.4434769960474,1.0746594103158889,99700.74860100131
99,ECUADOR,ECU,Nacional,2022,R-S-U,Otros servicios,Terciario,1044.2385574308264,0.9891285297603558,105571.57396762406
99,ECUADOR,ECU,Nacional,2023,R-S-U,Otros servicios,Terciario,1093.3194373934837,1.0167237656506365,107533.5773914787
99,ECUADOR,ECU,Nacional,2018,T,Servicios hogares,Terciario,847.0469900000002,0.8347910145683989,101468.14894
99,ECUADOR,ECU,Nacional,2019,T,Servicios hogares,Terciario,913.1201377511644,0.9034346200070521,101072.0773290752
99,ECUADOR,ECU,Nacional,2020,T,Servicios hogares,Terciario,660.2883324647414,0.7278368623658273,90719.27606393553
99,ECUADOR,ECU,Nacional,2021,T,Servicios hogares,Terciario,703.0427391831356,0.7051529191587984,99700.74860100131
99,ECUADOR,ECU,Nacional,2022,T,Servicios hogares,Terciario,747.1900011539509,0.7077568071336077,105571.57396762406
99,ECUADOR,ECU,Nacional,2023,T,Servicios hogares,Terciario,784.5357888721803,0.7295728533386907,107533.5773914787
