hs_code,export_value,import_value,national_export_share,year
270900,11128147697,895965,0.32238859595897357,2024
030613,5921523520,2133086,0.17154981273887013,2024
080300,3483237663,300257,0.10091132236398338,2024
180100,2673933993,386723,0.07746534725834363,2024
160414,1308985885,20045305,0.03792204534713631,2024
710812,1044798826,1707,0.03026840007385318,2024
260300,965565721,0,0.027972973182520115,2024
060310,950875447,2737350,0.027547387816647468,2024
261690,743123460,1346,0.021528697804591553,2024
271000,574365510,3232935175,0.016639686619730868,2024
000000,543574172,57935258,0.01574764452109892,2024
081090,247603093,5159053,0.007173198602395325,2024
271029,222014476,1249656817,0.006431882209786169,2024
071080,188453724,973227,0.005459608655264231,2024
441010,181202016,16464407,0.005249522662151944,2024
180310,171110530,139920,0.00495716672913744,2024
200899,153560141,3571858,0.004448722249220162,2024
440723,131069173,304199,0.003797146462062617,2024
210110,122319015,34339616,0.003543649543361612,2024
030420,113734454,14007798,0.0032949500613750223,2024
230120,99427964,37688665,0.002880483130329122,2024
240110,81370928,0,0.0023573608064952995,2024
740400,77424853,9830830,0.0022430408303916603,2024
732111,77256216,8365565,0.002238155323195221,2024
200891,74730947,58228,0.002164996883040064,2024
151110,71849330,2423279,0.002081514844158431,2024
080450,70617862,503663,0.002045838534830201,2024
030269,70424701,5970419,0.0020402425537846924,2024
880330,66994438,3528060,0.0019408659367185703,2024
080430,66908003,0,0.0019383618669442963,2024
071490,65255544,84075,0.0018904892154127761,2024
030379,62832249,3405223,0.001820285018459584,2024
230990,58986827,326093586,0.0017088810154570033,2024
151190,57129523,10740582,0.0016550738909352461,2024
442190,55027037,2700806,0.0015941637082148882,2024
160420,53955434,1796242,0.0015631187763895712,2024
160520,51517247,58989,0.0014924831499566718,2024
854459,46986349,49383410,0.0013612205279618982,2024
880240,46331884,20346942,0.0013422603147980156,2024
999999,46114605,866362074,0.0013359656219480767,2024
200799,44847774,10817863,0.001299264826943585,2024
390760,44420196,65820464,0.0012868776557057242,2024
160413,43557051,209850,0.0012618718674797084,2024
392020,39772238,13144745,0.001152223740741939,2024
100630,38974860,694043,0.0011291232588946435,2024
441211,37985064,270607,0.0011004483211229392,2024
081190,37720978,260385,0.0010927976035848019,2024
170490,36702523,45067836,0.001063292398726143,2024
711210,35683603,3293,0.001033773722560201,2024
180400,34615293,927396,0.0010028241907668928,2024
440332,34172244,0,0.0009899888160989653,2024
780110,32272810,546987,0.0009349611621667823,2024
760429,31858160,8980466,0.0009229485222419522,2024
160419,29174608,19613,0.0008452045359991988,2024
441212,28691836,660007,0.0008312183640426328,2024
850421,28396396,6508019,0.000822659303776404,2024
150420,28385922,20095863,0.0008223558662011654,2024
401120,28247302,71369468,0.0008183399681030587,2024
760421,27250075,5387531,0.0007894497501498004,2024
760200,26793446,8183248,0.0007762209553680924,2024
200980,25942210,888948,0.000751560177461297,2024
401110,24801007,76899038,0.0007184988951264703,2024
151620,24171774,8117099,0.0007002696669633915,2024
440399,23794786,1524,0.0006893481160168538,2024
300490,23530214,339982645,0.0006816833187898138,2024
170111,22012407,1431218,0.0006377116102009156,2024
854449,20878689,21944162,0.0006048671724575212,2024
850710,20456264,19111992,0.0005926292864808026,2024
340220,19809653,34306598,0.000573896608042519,2024
190530,18524042,30302422,0.0005366517460470993,2024
060491,17812794,4473191,0.0005160464979553218,2024
060390,17238949,255671,0.0004994218907982878,2024
271011,16907466,95178896,0.0004898186448795552,2024
252310,16086389,27087,0.00046603158988966077,2024
630531,16011686,3882955,0.0004638674026466737,2024
710813,16002257,152491,0.00046359423929963106,2024
030343,15594102,60673746,0.00045176976311846857,2024
160415,14946624,223078,0.00043301196721047595,2024
110630,14465122,510025,0.00041906258785659787,2024
230910,14070866,18745664,0.00040764077339571804,2024
180500,13887077,5234807,0.0004023163043757142,2024
691090,13865649,517621,0.0004016955233596542,2024
240120,13758389,0,0.00039858814181295874,2024
701090,13584771,16023974,0.0003935583322905443,2024
350300,13536121,2914977,0.0003921489148726184,2024
780191,12887741,2892988,0.00037336498752555135,2024
730660,12638385,4703389,0.0003661410062374869,2024
190590,12454060,20038922,0.0003608010090009155,2024
640192,12234425,732838,0.0003544380615274076,2024
180690,12192862,31110847,0.0003532339584207014,2024
071333,11825721,301726,0.00034259768051248473,2024
200590,11808125,654549,0.000342087914656661,2024
080440,11592168,410385,0.0003358315208781815,2024
481840,11573653,29938807,0.0003352951310838773,2024
760820,11019604,2945499,0.00031924402499992167,2024
210390,10877585,21026190,0.0003151296559911566,2024
392330,10829304,13290603,0.00031373092870739746,2024
392321,10704500,32031079,0.0003101152877736497,2024
030490,10307823,1819208,0.00029862333560323653,2024
090111,10296281,56585056,0.0002982889574770762,2024
151790,10199770,2048393,0.00029549298040777613,2024
481930,10085092,3287312,0.0002921706952967194,2024
392190,9970374,25447009,0.0002888472513635308,2024
731021,9626264,22130785,0.00027887819426831,2024
854470,9510198,18300023,0.0002755156980292763,2024
030623,9301257,171327,0.0002694625616527324,2024
760120,9084883,27183511,0.0002631940871535278,2024
842129,8810239,12792409,0.0002552374985136748,2024
340211,8174487,15975267,0.00023681941131364927,2024
030342,8163652,54220588,0.0002365055153686703,2024
490199,8078299,25506120,0.00023403279173306432,2024
730630,7962252,4775913,0.00023067084593454324,2024
480580,7940969,9267612,0.00023005426564871143,2024
830990,7932478,43848279,0.0002298082766806619,2024
210690,7921821,149117036,0.0002294995374941699,2024
530410,7843501,165479,0.0002272305637599056,2024
180620,7828295,3747228,0.00022679003752646302,2024
030231,7786046,0,0.00022556606062019472,2024
940161,7558933,8517833,0.0002189864713491277,2024
030410,7495303,223190,0.00021714307504280445,2024
060299,7054774,5109817,0.00020438070616918697,2024
650400,6990271,1066921,0.00020251201856983495,2024
691010,6958650,6578367,0.00020159594070401306,2024
070920,6765412,0,0.00019599772892590062,2024
441119,6154701,3913299,0.0001783050933509991,2024
390422,6152927,4703915,0.00017825369958944924,2024
151329,6129290,315338,0.00017756892262115498,2024
610990,6113740,11801276,0.00017711843051737805,2024
151219,6001630,5976743,0.00017387054178718945,2024
890200,5733785,109320,0.00016611092393920652,2024
720720,5675467,52218,0.00016442141921199987,2024
350691,5595739,17038257,0.0001621116549386926,2024
940360,5536503,10095248,0.00016039555524355878,2024
481910,5514888,2644187,0.0001597693567340322,2024
071029,5400002,14120,0.00015644104574788958,2024
392010,5305710,36120218,0.00015370935433635678,2024
392410,5278699,32728391,0.0001529268307212366,2024
960630,5278694,11487,0.0001529266858684701,2024
720421,5098678,0,0.00014771152274605792,2024
440333,5093554,0,0.00014756307763096125,2024
820712,4842055,10032701,0.00014027701244718013,2024
740322,4680282,981965,0.00013559035912857518,2024
030749,4663377,41595,0.00013510061192508006,2024
730890,4630765,31752153,0.00013415582424094026,2024
250810,4617061,3137497,0.00013375881177855062,2024
030559,4571004,4173,0.00013242451500532524,2024
441121,4523869,5062154,0.00013105898797564512,2024
482020,4514288,7451485,0.00013078142110450127,2024
520942,4483789,4266678,0.0001298978481994792,2024
690890,4420628,41184043,0.0001280680390826525,2024
081040,4411536,2641159,0.00012780463881207116,2024
480560,4340241,15772700,0.00012573918321472216,2024
220720,4258788,26820,0.00012337944473697661,2024
030374,4227824,74455,0.0001224824005246712,2024
521149,4110037,4828200,0.0001190700459634124,2024
030569,4080559,2782,0.00011821605199330716,2024
030199,4076514,0,0.00011809886610521856,2024
030799,4061687,25421,0.00011766931971147575,2024
520922,3978391,4880163,0.00011525618850400282,2024
220290,3963054,16512326,0.00011481186712807825,2024
440799,3923711,345543,0.00011367207864969265,2024
391723,3910689,3221323,0.00011329482410465193,2024
650100,3845079,2017086,0.00011139406610279951,2024
170410,3811079,4325227,0.00011040906729068273,2024
530511,3776930,79684,0.00010941975186612461,2024
680710,3723675,623815,0.00010787692505026346,2024
340120,3719208,1108157,0.0001077475135886833,2024
901580,3714561,6614315,0.00010761288742750957,2024
392690,3597392,65221069,0.00010421843666818865,2024
722990,3591628,1539561,0.00010405145039898155,2024
650200,3577923,19415,0.0001036544089660386,2024
030371,3563550,0,0.00010323801520349287,2024
390210,3537697,112231157,0.00010248903948909125,2024
690790,3533594,14273382,0.0001023701733089114,2024
030239,3501814,5390,0.00010144948912511518,2024
530519,3491874,73669,0.00010116152182533751,2024
380820,3472586,92750379,0.00010060273779333432,2024
391990,3454142,31911596,0.00010006840490831427,2024
480570,3454080,12142184,0.00010006660873400981,2024
842952,3451297,96154354,9.998598368418273e-05,2024
030611,3449141,0,9.99235231712732e-05,2024
843780,3448638,1462165,9.990895098296454e-05,2024
382390,3442587,74023619,9.973365016496104e-05,2024
392350,3401930,17229114,9.855579437954246e-05,2024
410439,3358811,112617,9.73066130919053e-05,2024
843143,3323130,25060826,9.627291477969533e-05,2024
841370,3240374,43913778,9.387542767100308e-05,2024
850423,3237821,20316945,9.380146584843443e-05,2024
060499,3225220,64250,9.343640790633197e-05,2024
151920,3190200,261607,9.24218591298517e-05,2024
520912,3176698,690921,9.203069871922813e-05,2024
020741,3133750,102212,9.078647139620485e-05,2024
350610,3121537,6287103,9.043265402878185e-05,2024
410431,3101887,475884,8.986338265648494e-05,2024
051191,3066061,17373732,8.882548361404683e-05,2024
080610,3056818,25034247,8.855770878991755e-05,2024
481920,3004787,9559117,8.705034193129261e-05,2024
392329,2927469,21462395,8.481039669143245e-05,2024
842121,2892717,17099364,8.380361202323591e-05,2024
847989,2871422,50572027,8.318668409076453e-05,2024
151919,2862364,234722,8.29242688189953e-05,2024
071410,2826180,0,8.187599831847666e-05,2024
392062,2825911,8222556,8.186820523963962e-05,2024
090412,2811312,352499,8.144526413204865e-05,2024
180320,2781435,2532,8.057971091117768e-05,2024
030378,2761491,0,8.000192219621129e-05,2024
071030,2754015,0,7.97853383397588e-05,2024
611030,2720048,6913659,7.880129555590083e-05,2024
090411,2716864,588815,7.870905331420142e-05,2024
848180,2683013,61350578,7.772837111452598e-05,2024
890190,2667783,165169,7.728714958780425e-05,2024
200559,2657768,14953,7.699700949652926e-05,2024
260800,2650564,0,7.67883056305737e-05,2024
441139,2639362,1048814,7.646377749253451e-05,2024
392310,2607621,9412394,7.55442231603169e-05,2024
320890,2588597,16596425,7.499308735438427e-05,2024
030232,2553221,0,7.396822506093005e-05,2024
121190,2540419,1941901,7.359734403761478e-05,2024
482360,2465014,2185142,7.141281946621285e-05,2024
340111,2405066,15298746,6.967609273713118e-05,2024
730420,2401557,63338785,6.957443506561007e-05,2024
310520,2398586,21618444,6.948836355176303e-05,2024
160411,2385255,34421,6.910215710575336e-05,2024
190219,2375643,5052102,6.88236921474573e-05,2024
521142,2370493,22043716,6.86744937979749e-05,2024
180632,2355977,8417141,6.825395724630762e-05,2024
350400,2354003,11748374,6.819676937409825e-05,2024
030211,2351686,0,6.812964460210783e-05,2024
901590,2296188,3502771,6.652183683520027e-05,2024
271600,2288934,323945097,6.631168444157982e-05,2024
391590,2281570,2528005,6.609834528709665e-05,2024
710691,2213460,69374,6.412516090200036e-05,2024
410410,2209298,101508,6.400458545917594e-05,2024
830300,2207376,619861,6.394890405573805e-05,2024
841850,2177273,28988896,6.307680348982183e-05,2024
854451,2160790,6902201,6.259928185981827e-05,2024
200520,2109515,637879,6.111381673948626e-05,2024
640411,2109084,13842151,6.110133043101503e-05,2024
847199,2103899,50625442,6.095111811216721e-05,2024
480529,2022748,6089378,5.8600128741517536e-05,2024
070310,1996907,189909,5.7851500673755485e-05,2024
880390,1989727,1404180,5.764349210107906e-05,2024
841869,1956288,28020487,5.66747457693622e-05,2024
880310,1924698,647627,5.5759565990692525e-05,2024
151321,1902467,8158999,5.511552162033464e-05,2024
940350,1856872,6101082,5.3794609242732734e-05,2024
630140,1855428,1469871,5.375277576377107e-05,2024
841381,1849133,6016695,5.3570406130762976e-05,2024
940180,1830204,3651900,5.302202252739361e-05,2024
845012,1810135,3547014,5.244061249326502e-05,2024
010600,1808875,243684,5.240410959611011e-05,2024
854441,1794159,5728200,5.1977778933783326e-05,2024
030375,1781235,0,5.160336350296576e-05,2024
320810,1756485,6254883,5.0886342308851336e-05,2024
841950,1753647,7842951,5.0804123878592887e-05,2024
610910,1750578,17169192,5.0715213250522694e-05,2024
140490,1711649,639345,4.958741858120228e-05,2024
850110,1705295,3587784,4.940333968554963e-05,2024
680221,1705165,1817966,4.939957351362095e-05,2024
721660,1695964,264081,4.913301545273017e-05,2024
390230,1691929,23688228,4.901611927017455e-05,2024
441219,1691330,323473,4.899876590874931e-05,2024
151710,1682252,9411750,4.873577122591413e-05,2024
854460,1681279,40069502,4.8707582877555615e-05,2024
070990,1667772,109969,4.831627761416557e-05,2024
560300,1660361,33452116,4.810157684367741e-05,2024
940340,1658563,937246,4.804948778884841e-05,2024
100890,1641718,301127,4.756147881855114e-05,2024
721240,1636638,5179745,4.7414308407799574e-05,2024
530521,1635629,34508,4.7385077119522344e-05,2024
691490,1612443,1569092,4.6713365870765296e-05,2024
847990,1594291,13815162,4.618749238730812e-05,2024
300450,1578386,19408009,4.572671573711055e-05,2024
260700,1575099,0,4.56314895284215e-05,2024
761690,1571212,12247980,4.551888098775391e-05,2024
851660,1569908,19099284,4.5481103386253904e-05,2024
847330,1565892,45357214,4.5364757644210934e-05,2024
261900,1560167,28719,4.5198901226582446e-05,2024
721621,1516595,1483965,4.3936596278301495e-05,2024
841391,1516070,32828253,4.392138673782028e-05,2024
901890,1477602,67784863,4.280694749357003e-05,2024
880320,1475354,542351,4.274182168975713e-05,2024
903010,1465950,1836251,4.246938260654695e-05,2024
090121,1446448,4867320,4.190439887613808e-05,2024
300420,1443368,43210599,4.1815169571981625e-05,2024
070690,1436106,0,4.1604785413934794e-05,2024
540233,1435054,10100982,4.1574308391865774e-05,2024
840710,1421911,183510,4.119354840987604e-05,2024
200819,1419581,3077245,4.1126047020692745e-05,2024
732690,1418140,33641495,4.108430045339097e-05,2024
570292,1413502,493243,4.094993502719692e-05,2024
761510,1411448,14242300,4.089042951072375e-05,2024
392220,1382663,951002,4.00565121340537e-05,2024
700719,1370324,1941869,3.969904447691521e-05,2024
330499,1366368,66405735,3.9584436968070085e-05,2024
870322,1293523,280951256,3.747407701310988e-05,2024
391732,1292447,7470626,3.744290469776172e-05,2024
210320,1290991,2046946,3.740072357216048e-05,2024
721420,1286635,6987452,3.727452784199634e-05,2024
850720,1284640,11173280,3.721673158816772e-05,2024
870324,1279510,46528827,3.706811264975128e-05,2024
441820,1275297,314437,3.694605970870869e-05,2024
030349,1274231,6833352,3.69151770988935e-05,2024
071090,1272061,492125,3.685231099823781e-05,2024
390120,1249583,88457132,3.620111090121543e-05,2024
880211,1244796,3905659,3.6062428862580046e-05,2024
290410,1235713,657972,3.579928932697838e-05,2024
720449,1223149,48695821,3.543530329534793e-05,2024
340119,1223145,7402298,3.543518741313474e-05,2024
220710,1214367,6208114,3.518088389628882e-05,2024
080530,1212805,224819,3.5135631892038045e-05,2024
320300,1210424,4021989,3.5066653004636576e-05,2024
851740,1209223,40043114,3.503185937012621e-05,2024
380840,1206161,10630071,3.494315153592911e-05,2024
650590,1202419,9084137,3.483474372548967e-05,2024
530490,1199901,25314,3.476179587228643e-05,2024
440890,1185415,1311733,3.4342128437218086e-05,2024
220840,1178260,1884715,3.4134844128374095e-05,2024
293621,1168795,1079622,3.386063784141276e-05,2024
720211,1164178,184995,3.372688079683797e-05,2024
090420,1162873,1917124,3.368907422478466e-05,2024
853710,1161250,27861304,3.364205501678273e-05,2024
252329,1159400,726067,3.358845949318226e-05,2024
392112,1153316,5550201,3.3412202646919954e-05,2024
902300,1132627,3903770,3.281283086974689e-05,2024
200820,1132043,1838,3.279591206662112e-05,2024
071390,1130578,702713,3.2753470206040204e-05,2024
261610,1123571,4845,3.255047353908425e-05,2024
330300,1119219,22636795,3.242439369113331e-05,2024
281700,1118667,1748924,3.240840194571306e-05,2024
730900,1115360,3865752,3.231259632595805e-05,2024
852721,1113689,565216,3.226418653139784e-05,2024
903090,1109701,1127016,3.2148651964847206e-05,2024
841350,1101703,5764597,3.191694547957338e-05,2024
340213,1088172,9682891,3.1524944922904196e-05,2024
841182,1086028,8023253,3.146283205663424e-05,2024
560110,1080077,2793729,3.129042829396051e-05,2024
040310,1076696,14967,3.119247885326149e-05,2024
611710,1076306,586801,3.118118033747544e-05,2024
846229,1068532,1010679,3.095596325614027e-05,2024
681310,1067967,5124495,3.093959489352715e-05,2024
440722,1058089,20371,3.065342376805393e-05,2024
441129,1050103,3675156,3.0422064929419674e-05,2024
640299,1049888,47504047,3.04158362604607e-05,2024
940320,1048387,27473315,3.0372351459961076e-05,2024
848071,1043573,7379101,3.0232887216386656e-05,2024
521132,1040738,816283,3.0150755697788096e-05,2024
380830,1038547,59849705,3.0087281215513158e-05,2024
840999,1032834,168014473,2.992177244452424e-05,2024
380992,1021538,12604680,2.959452107447509e-05,2024
482010,1017453,3555577,2.9476176364254588e-05,2024
300440,990042,11695275,2.868206452781538e-05,2024
210220,989279,1826261,2.8659959995649348e-05,2024
060410,988356,18222,2.8633220174955706e-05,2024
854380,978477,36122421,2.8347020078929186e-05,2024
902230,976052,1833973,2.827676648718262e-05,2024
220110,969896,238980,2.809842376108289e-05,2024
611212,963557,459797,2.7914779423729704e-05,2024
730799,962132,9497304,2.787349638528069e-05,2024
852520,954177,432214598,2.7643035633798663e-05,2024
330210,954072,26636417,2.763999372570242e-05,2024
841780,946469,840595,2.7419730608981127e-05,2024
391610,927513,283614,2.6870564800672725e-05,2024
521143,926874,2409836,2.685205261711559e-05,2024
180610,908820,143937,2.6329018247881577e-05,2024
760320,900172,37149,2.6078480902964345e-05,2024
381600,898911,3486038,2.604194903525613e-05,2024
030614,883885,0,2.560663750140711e-05,2024
121220,879367,358584,2.5475748541608766e-05,2024
151211,874364,64908659,2.5330808863461114e-05,2024
330510,861458,24546151,2.49569149026029e-05,2024
870323,859352,257899644,2.4895902917358256e-05,2024
850153,857534,11707774,2.4843234451463305e-05,2024
310100,854840,7875117,2.47651877808797e-05,2024
060120,853433,11993,2.4724426212390043e-05,2024
071021,852864,572747,2.4707941967563737e-05,2024
320910,849942,5540296,2.4623290010828287e-05,2024
850422,848025,2085095,2.456775346015688e-05,2024
391390,839126,5610789,2.430994450636196e-05,2024
854211,838623,7567518,2.429537231805329e-05,2024
530529,838023,17679,2.427798998607476e-05,2024
281121,837301,946642,2.425707324659393e-05,2024
711290,836701,0,2.4239690914615396e-05,2024
300210,831216,97599985,2.408078742977832e-05,2024
611010,830185,232774,2.4050918789328546e-05,2024
740321,828892,123763,2.401345986391481e-05,2024
848340,821104,11924042,2.3787837194833472e-05,2024
880520,820935,105151,2.3782941171326184e-05,2024
390690,820558,23915668,2.377201927273301e-05,2024
210500,816636,962106,2.365839676270001e-05,2024
790310,816416,62780,2.3652023240974544e-05,2024
320120,815685,82162,2.3630845766514033e-05,2024
262019,805614,4148,2.3339083324254385e-05,2024
790390,803164,9774,2.326810546867538e-05,2024
070390,800498,0,2.3190869973584105e-05,2024
290613,798307,37622773,2.312739549130917e-05,2024
293627,795075,4555597,2.303376266305148e-05,2024
392390,793758,7058010,2.2995608444358603e-05,2024
081110,791939,130984,2.2942911007910356e-05,2024
850434,787912,1546788,2.282624658978111e-05,2024
852530,776784,17946068,2.250386227268595e-05,2024
110100,773283,530695,2.2402436365591217e-05,2024
060291,770262,561451,2.231491632407931e-05,2024
890400,768078,9246628,2.2251644635677457e-05,2024
841931,762661,1251800,2.2094711148464615e-05,2024
160590,761543,430638,2.2062322069877952e-05,2024
392113,745452,2952685,2.1596156896767037e-05,2024
030229,743391,0,2.153644858642078e-05,2024
902790,739224,8370557,2.141572829082988e-05,2024
902690,739118,4700949,2.141265741218034e-05,2024
950800,731828,1672042,2.120146207864118e-05,2024
620293,723289,1949381,2.0954082524033383e-05,2024
722910,723181,202827,2.0950953704277248e-05,2024
200190,720954,1177967,2.0886436282083597e-05,2024
380890,720103,9644968,2.086178234122738e-05,2024
390511,719090,2233425,2.083243517073696e-05,2024
940380,713927,2430092,2.0682860204061698e-05,2024
480411,711221,196446861,2.060446588683852e-05,2024
200710,709558,1880021,2.055628785670469e-05,2024
847191,708581,37278464,2.0527983626132983e-05,2024
300290,707499,18496888,2.049663748746503e-05,2024
151800,704973,4383809,2.0423457869835414e-05,2024
853720,703949,23918359,2.0393792023258718e-05,2024
850440,692245,70010036,2.0054720667464166e-05,2024
040610,692084,112852,2.005005640838326e-05,2024
841121,689534,1919684,1.99761814974745e-05,2024
761010,689192,778290,1.996627356824674e-05,2024
847982,681605,9020788,1.9746473980378208e-05,2024
901850,680836,7170256,1.972419562489239e-05,2024
550932,679896,1579519,1.969696330479269e-05,2024
220890,678458,16638283,1.965530364915081e-05,2024
090240,678026,69696,1.9642788370126267e-05,2024
262011,677422,0,1.9625290155934547e-05,2024
731300,677087,294633,1.9615585020579866e-05,2024
382100,676341,4028061,1.9593972987819892e-05,2024
843069,667791,421925,1.9346274757125818e-05,2024
210230,665183,510787,1.9270719554125803e-05,2024
540720,658025,1147312,1.9063348333621923e-05,2024
030739,651468,0,1.887338841564987e-05,2024
590390,647919,4055529,1.8770571921996857e-05,2024
842720,646659,15084854,1.873406902484194e-05,2024
620211,641759,117093,1.8592113313683934e-05,2024
841939,640393,1816895,1.855253953787948e-05,2024
200490,640393,215735,1.855253953787948e-05,2024
960200,639068,1565935,1.8514153554760222e-05,2024
110230,637043,36538,1.845548818433268e-05,2024
940600,636370,6573469,1.8435991001963425e-05,2024
150790,633163,17278072,1.8343082437538174e-05,2024
630120,626324,15594,1.8144952823536215e-05,2024
200110,623025,138697,1.8049378968207587e-05,2024
620193,622959,3025087,1.804746691168995e-05,2024
640419,621610,16344591,1.800838563529155e-05,2024
843041,621245,4571714,1.7997811383337946e-05,2024
050800,618258,21221,1.7911276340638156e-05,2024
380810,618163,63416541,1.7908524138074887e-05,2024
080110,617970,1245725,1.790293282128846e-05,2024
340290,616572,36604504,1.786243198777848e-05,2024
481940,613036,7358837,1.7759992111318338e-05,2024
230890,607872,916725,1.7610388174089778e-05,2024
110412,606838,12459266,1.7580432621980108e-05,2024
620343,605964,3801466,1.7555112358398048e-05,2024
071022,602268,75200,1.744803719341029e-05,2024
200960,594364,1091262,1.721905394014644e-05,2024
842199,594290,15149805,1.721691011920242e-05,2024
401519,593462,10992549,1.7192922501072046e-05,2024
700729,590662,3055779,1.71118049518389e-05,2024
730840,590527,2729554,1.710789392714373e-05,2024
470790,589048,6436207,1.706504647881665e-05,2024
903089,587286,967932,1.7014000363906364e-05,2024
030219,583605,0,1.690735975721807e-05,2024
190190,581112,2454511,1.6835136167847276e-05,2024
310590,578513,45188577,1.6759841699826936e-05,2024
262100,578500,8458,1.6759465082634066e-05,2024
847193,574967,53617639,1.6657112117833816e-05,2024
070960,571041,187882,1.6543373725587624e-05,2024
611593,570975,3613360,1.6541461669069984e-05,2024
440910,570905,113155,1.6539433730339156e-05,2024
842612,567224,606224,1.6432793123650866e-05,2024
390750,565464,470098,1.6381804949847172e-05,2024
300239,564023,16975608,1.63400583825454e-05,2024
841720,563933,574909,1.633745103274862e-05,2024
300660,562425,14910509,1.6293763438375914e-05,2024
180200,559584,0,1.6211458096457565e-05,2024
030619,559432,0,1.6207054572356338e-05,2024
853650,557783,14004933,1.6159282129968675e-05,2024
847120,556517,92369200,1.6122605409493973e-05,2024
551513,554346,354613,1.6059710338284985e-05,2024
081340,553846,231780,1.604522506163621e-05,2024
610230,549181,817816,1.591007743050313e-05,2024
210330,545512,415200,1.5803784470454407e-05,2024
110422,544851,1187037,1.5784634934724728e-05,2024
390110,544700,88580764,1.5780260381176796e-05,2024
843699,542015,11172405,1.570247444557287e-05,2024
081120,541405,156957,1.568480240806136e-05,2024
210310,541242,379399,1.568008020787386e-05,2024
160540,540571,0,1.56606409666112e-05,2024
830910,539096,1640096,1.5617909400497313e-05,2024
190410,532789,8450548,1.543519212084965e-05,2024
441810,531157,2659,1.5387912177868044e-05,2024
051199,530183,18466296,1.535969485895623e-05,2024
090210,519760,173842,1.5057734781935839e-05,2024
611511,519242,139465,1.5042728035327707e-05,2024
330290,515453,33146132,1.493295860888328e-05,2024
220300,504783,9216197,1.4623842805198397e-05,2024
903180,504021,14634391,1.4601767243585662e-05,2024
391510,501765,158715,1.4536409675346384e-05,2024
190211,499799,415744,1.4479453567563395e-05,2024
190490,498961,410566,1.4455176243900047e-05,2024
611592,497142,1290643,1.4402478807451799e-05,2024
530599,494823,10453,1.4335296094354775e-05,2024
721310,493682,75800,1.4302240693042267e-05,2024
441890,490859,908719,1.4220456821083276e-05,2024
850790,490046,5474532,1.4196903761252367e-05,2024
681110,489729,3349057,1.4187720095857043e-05,2024
842911,489130,6809668,1.4170366734431809e-05,2024
701931,488056,1239340,1.4139252360190238e-05,2024
940370,485043,5453167,1.4051964083104712e-05,2024
870899,478635,126001271,1.3866320777573995e-05,2024
140190,474569,2520,1.3748526507866147e-05,2024
030624,473424,0,1.371535522434045e-05,2024
140410,473071,175320,1.3705128619026415e-05,2024
903190,472412,2056800,1.3686037024403328e-05,2024
741300,472252,880891,1.368140173587572e-05,2024
290723,471428,0,1.3657529999958536e-05,2024
731411,470581,755857,1.3632991941315509e-05,2024
852990,470326,38896173,1.3625604450224633e-05,2024
900190,467790,243364,1.355213512706204e-05,2024
490290,466321,505474,1.3509577384267935e-05,2024
860900,465542,28082487,1.3487009323249143e-05,2024
360500,462981,77700,1.341281573625411e-05,2024
940490,460320,4941809,1.3335725093929323e-05,2024
901420,458613,765778,1.3286272359450402e-05,2024
902730,457839,3589085,1.3263849151198096e-05,2024
850300,457477,29861093,1.3253361810904382e-05,2024
030562,455438,2720,1.3194290852730673e-05,2024
851140,453433,8067943,1.313620489336908e-05,2024
843930,453356,1290943,1.3133974160765168e-05,2024
220830,452061,12665674,1.3096457294244838e-05,2024
841990,450925,6162652,1.3063546745698818e-05,2024
970300,450824,51151,1.3060620719815766e-05,2024
721012,450489,11383350,1.3050915584461085e-05,2024
621430,449830,299069,1.3031823989837998e-05,2024
721331,448678,11660114,1.2998449912439218e-05,2024
721440,445673,383293,1.2911393399780073e-05,2024
901819,445123,30579821,1.289545959546642e-05,2024
391910,440604,15183054,1.276454166511478e-05,2024
200540,439557,23293,1.2734209495812244e-05,2024
848310,434498,12113892,1.2587647466679926e-05,2024
940390,433162,5218208,1.2548942807474395e-05,2024
731100,430539,2639166,1.2472953046174916e-05,2024
620333,429617,1716257,1.2446242196034572e-05,2024
090300,428411,153923,1.2411303708757725e-05,2024
130219,422915,5264168,1.2252081547834377e-05,2024
550931,421615,48737,1.2214419828547557e-05,2024
030791,416255,0,1.2059137662872678e-05,2024
730729,415612,2308871,1.2040509597102351e-05,2024
481810,414555,4074874,1.2009887722266838e-05,2024
121110,412642,315882,1.195446705380862e-05,2024
030629,410650,0,1.1896757711639896e-05,2024
841229,408631,3309062,1.1838266164532137e-05,2024
281122,406447,2795730,1.1774994476130283e-05,2024
630510,403069,1131770,1.167713194709115e-05,2024
846789,402217,11583148,1.1652449035681637e-05,2024
071320,402062,629180,1.1647958599920515e-05,2024
850590,399036,766269,1.1560293705642123e-05,2024
848330,396350,10722850,1.1482478799484895e-05,2024
721041,394957,1134487,1.1442122818741405e-05,2024
400110,393132,1017738,1.1389251558973373e-05,2024
690810,390548,5858053,1.1314391649252497e-05,2024
080590,387358,16540,1.1221975584233305e-05,2024
480522,386483,13801191,1.1196626350097946e-05,2024
902620,382319,6085653,1.1075992966166939e-05,2024
852810,378709,102830690,1.0971409268762774e-05,2024
621420,378690,44585,1.097085882825012e-05,2024
842230,378638,20416113,1.0969352359478647e-05,2024
050690,375278,3586364,1.0872011300398871e-05,2024
020890,373687,29166,1.0825919150102466e-05,2024
100400,372061,4618566,1.0778813030440646e-05,2024
851730,369841,10781558,1.071449840212008e-05,2024
320610,369172,21686795,1.0695117101964017e-05,2024
680291,368989,825453,1.0689815490710566e-05,2024
610520,367633,1848679,1.0650531420439083e-05,2024
902780,367329,13994275,1.0641724372236627e-05,2024
852110,366272,8744029,1.0611102497401116e-05,2024
540110,366146,2050771,1.0607452207685623e-05,2024
940330,366060,1191381,1.0604960740102034e-05,2024
330590,365863,38227018,1.0599253541102416e-05,2024
730110,363933,239948,1.054334037323814e-05,2024
840219,362859,3563962,1.051222599899657e-05,2024
283421,361964,6908858,1.0486297353795259e-05,2024
851782,360811,14320207,1.0452894305843182e-05,2024
460210,360507,1167326,1.0444087257640726e-05,2024
870321,359185,28514647,1.040578818618136e-05,2024
620213,357208,972822,1.03485134023121e-05,2024
200970,357147,702814,1.034674619856095e-05,2024
900319,356292,1266936,1.0321976375491542e-05,2024
120220,354177,15338694,1.0260703655267219e-05,2024
842710,354025,13566861,1.0256300131165991e-05,2024
283322,353510,719759,1.024138029621775e-05,2024
420222,353482,7326587,1.0240569120725419e-05,2024
262090,353106,0,1.022967619268554e-05,2024
850164,352618,12950959,1.0215538562676334e-05,2024
870190,352330,17555744,1.0207195043326639e-05,2024
120799,351926,658011,1.0195490939794427e-05,2024
220810,351712,6912099,1.0189291241388752e-05,2024
851781,350277,11368145,1.0147718497406765e-05,2024
721622,348632,0,1.010006193723229e-05,2024
140390,347271,127279,1.0060633014194322e-05,2024
890110,346658,939024,1.0042874065022922e-05,2024
350790,344804,15778377,9.98916265920926e-06,2024
320720,343387,2571100,9.948111385186627e-06,2024
841830,343202,12222013,9.942751832826582e-06,2024
841810,343186,74535908,9.94228830397382e-06,2024
170199,341855,61467443,9.903728497534778e-06,2024
610510,339831,3890404,9.845092097660532e-06,2024
843880,339226,18847270,9.827564912915513e-06,2024
070700,338343,37733,9.801983914353775e-06,2024
902000,337254,4754937,9.770434981812739e-06,2024
841480,337181,27957847,9.768320131422018e-06,2024
842290,335671,9859794,9.724574595942714e-06,2024
610343,334477,1747884,9.689983755305436e-06,2024
721719,334111,484438,9.679380532798533e-06,2024
847192,334074,72332320,9.678308622326523e-06,2024
392490,331879,17925694,9.614718257838395e-06,2024
521119,330835,125564,9.58447300019575e-06,2024
630499,329732,86075,9.55251847990855e-06,2024
440920,328985,502730,9.53087747659528e-06,2024
321410,328659,9261904,9.521433076220277e-06,2024
621142,327355,888151,9.483655474720268e-06,2024
843420,327130,874087,9.477137100228318e-06,2024
400400,325667,31081,9.434753180754e-06,2024
871499,324454,1932646,9.399611899604068e-06,2024
284700,324328,6602672,9.395961609888577e-06,2024
691190,323491,198805,9.371713256778525e-06,2024
401091,322427,2888223,9.34088858806993e-06,2024
292249,317037,11369854,9.184737305796122e-06,2024
852691,315842,23222531,9.150117494605547e-06,2024
870590,315224,2810446,9.13221369266766e-06,2024
591190,314330,2570555,9.106314018019648e-06,2024
853120,312907,3699668,9.06508892067723e-06,2024
300390,312407,2118601,9.050603644028455e-06,2024
180631,311014,7092758,9.010247663284964e-06,2024
610342,309877,1699322,8.977308144185646e-06,2024
051000,309809,0,8.975338146561414e-06,2024
848190,309121,9166632,8.955406405892698e-06,2024
441111,308519,1316018,8.937966132807572e-06,2024
700100,306251,11298,8.872260917928723e-06,2024
481820,305481,4364758,8.849953591889606e-06,2024
852910,303354,1415145,8.788333225025712e-06,2024
730810,300815,2700721,8.714776990203227e-06,2024
701990,299761,1770360,8.684242027027607e-06,2024
060110,298982,16509824,8.661673966008813e-06,2024
732010,298349,3152078,8.643335605771463e-06,2024
853669,297826,14443629,8.628184006396843e-06,2024
842890,295717,7407637,8.567085109492305e-06,2024
700721,294538,9365336,8.532928827154491e-06,2024
482190,294264,2023302,8.524990895550962e-06,2024
310290,294201,7848406,8.523165750693215e-06,2024
200911,294134,2853157,8.52122472362228e-06,2024
940510,293332,14859825,8.497990339877642e-06,2024
350699,292887,3221780,8.485098443660232e-06,2024
950390,292660,23756215,8.478522128061687e-06,2024
401693,291728,10491383,8.451521572388368e-06,2024
480300,290200,34807168,8.407254566949708e-06,2024
852692,287338,1583760,8.324340843412114e-06,2024
151590,286036,811381,8.2866211830187e-06,2024
950699,285375,6181903,8.267471647289018e-06,2024
392510,284980,922999,8.256028278736485e-06,2024
521112,283902,105363,8.224798022281723e-06,2024
711011,283716,0,8.219409499368378e-06,2024
200990,281979,296077,8.16908764829053e-06,2024
848390,281896,9204583,8.166683092366833e-06,2024
580632,280126,3368483,8.115405213030166e-06,2024
300410,279484,12605187,8.096806117813137e-06,2024
701329,278685,12777937,8.073658645728392e-06,2024
251020,278212,91700,8.05995557401865e-06,2024
190110,276566,26435087,8.012270043290879e-06,2024
490110,276133,2624519,7.999725793713039e-06,2024
842641,275902,3787382,7.993033595901304e-06,2024
841989,275325,8900472,7.976317586648616e-06,2024
160412,273838,0,7.933238373895155e-06,2024
903300,273381,1770195,7.919998831038175e-06,2024
854219,273185,3055697,7.914320602591854e-06,2024
350510,273162,8285649,7.91365427986601e-06,2024
320649,272536,8998217,7.895518713501742e-06,2024
261390,271839,40488,7.875326237853348e-06,2024
950590,271818,8446659,7.8747178562341e-06,2024
600292,270695,7275639,7.842183924880948e-06,2024
902290,268652,4316681,7.782997084494049e-06,2024
271500,268621,1326212,7.782098997341824e-06,2024
040120,268326,9829,7.773552684119047e-06,2024
903289,268291,10431044,7.772538714753632e-06,2024
760529,266648,3622901,7.724940095685753e-06,2024
110290,266140,15264,7.710223054610597e-06,2024
840890,265173,15741661,7.682208529571864e-06,2024
292320,265162,30645400,7.681889853485592e-06,2024
620439,264562,421888,7.664507521507059e-06,2024
300190,264074,1392344,7.650369891497854e-06,2024
610442,263957,1573178,7.646980336762041e-06,2024
392119,261980,4009768,7.58970555289278e-06,2024
843149,261380,36077816,7.572323220914248e-06,2024
610463,260798,3609300,7.555462358895072e-06,2024
903039,260373,1300918,7.5431498737436126e-06,2024
847910,259757,2900947,7.52530401291232e-06,2024
844210,259089,295641,7.505951683309556e-06,2024
843141,259041,3581894,7.504561096751273e-06,2024
293628,256980,8607628,7.444852786405017e-06,2024
847790,256772,10438952,7.438826911319126e-06,2024
310490,256678,4809360,7.436103679309157e-06,2024
210210,255535,9733671,7.402990336890054e-06,2024
843049,255303,798205,7.396269168525022e-06,2024
845190,252249,430894,7.307793098754297e-06,2024
680790,251597,117769,7.288904298004293e-06,2024
040110,250318,0,7.2518509603367235e-06,2024
310270,248509,6629477,7.199443229421451e-06,2024
110210,248211,13318,7.19081000453878e-06,2024
071420,247713,1337,7.176382668996599e-06,2024
482110,247589,2074376,7.172790320387703e-06,2024
190540,244625,3209747,7.086921600413757e-06,2024
870390,244488,60177754,7.082952634611993e-06,2024
841290,243697,4264894,7.060036926953629e-06,2024
080810,242181,52003836,7.016117568154539e-06,2024
321000,241992,2141785,7.010642133581302e-06,2024
722020,241581,945192,6.998735236176008e-06,2024
310430,241127,7878360,6.985582604978919e-06,2024
860799,240544,94085,6.968692772406446e-06,2024
283524,238215,5250316,6.901220353776447e-06,2024
210420,238074,375675,6.897135505761492e-06,2024
720921,237449,118205,6.879028909950521e-06,2024
761490,235867,2232729,6.833197494633794e-06,2024
160416,234924,66467,6.805878262874201e-06,2024
140310,234515,85517,6.794029306575503e-06,2024
711311,233801,1706319,6.77334433152105e-06,2024
620331,233697,325802,6.770331393978105e-06,2024
852390,233477,6249573,6.763957872252643e-06,2024
841840,232648,738969,6.739941283568972e-06,2024
071339,232221,15951,6.727570857310917e-06,2024
620219,232126,116374,6.72481865474765e-06,2024
844350,231779,4209170,6.714765872753399e-06,2024
732599,231243,1294696,6.699237656185911e-06,2024
846693,231144,1449258,6.696369571409454e-06,2024
845610,229597,4123970,6.65155212545814e-06,2024
391733,229524,1298622,6.649437275067419e-06,2024
020750,228800,7462,6.6284625944799905e-06,2024
330610,228057,27035704,6.606937473379909e-06,2024
844230,227081,259118,6.578662213361498e-06,2024
390319,226635,18161767,6.56574134659079e-06,2024
851531,226288,1100361,6.555688564596539e-06,2024
842940,226070,3591714,6.549372983977673e-06,2024
400211,225599,4369748,6.535727853374525e-06,2024
843139,224459,9473218,6.502701422615316e-06,2024
854420,224101,3009249,6.4923299645347915e-06,2024
392590,222842,31161319,6.455856037933174e-06,2024
391239,222693,8461395,6.451539425491838e-06,2024
841330,222163,13757432,6.4361850322441355e-06,2024
070410,221724,0,6.42346695934651e-06,2024
846593,219563,1538382,6.360861593670499e-06,2024
440130,219396,108425,6.356023511269808e-06,2024
310510,218720,5422182,6.3364394172406626e-06,2024
901380,218676,1350929,6.33516471289557e-06,2024
110220,218345,4841586,6.3255754597540805e-06,2024
560811,218171,15809039,6.320534583480306e-06,2024
600293,218063,36678592,6.3174057637241705e-06,2024
330741,217921,1631683,6.313291945155918e-06,2024
200290,216451,12333623,6.270705231808516e-06,2024
830220,216116,1732961,6.261000096453836e-06,2024
721070,212938,18358726,6.168931678074215e-06,2024
292310,212750,1333423,6.163485214054275e-06,2024
530591,209030,4415,6.0557147557873795e-06,2024
440710,208466,3633845,6.03937536372756e-06,2024
560749,208103,2037372,6.0288590528805485e-06,2024
271490,208079,744243,6.0281637596014075e-06,2024
440721,207448,4022,6.009883340470651e-06,2024
551321,206949,734593,5.995427034375173e-06,2024
060240,206581,74707,5.984765870761674e-06,2024
390940,205967,4434896,5.966977951036976e-06,2024
250100,205876,6673735,5.964341630686899e-06,2024
842139,205071,9720485,5.94102033528237e-06,2024
300439,204525,19049973,5.925202413181906e-06,2024
847780,204481,11588805,5.923927708836814e-06,2024
950370,204246,16656321,5.917119628811889e-06,2024
853530,203828,4019702,5.905009937533512e-06,2024
610130,203742,662870,5.902518469949923e-06,2024
844140,203586,352897,5.897999063635504e-06,2024
870893,202041,22207203,5.8532395587907856e-06,2024
852790,201885,2008175,5.848720152476368e-06,2024
901490,200640,493165,5.812651813620915e-06,2024
310420,199693,56942359,5.7852166996481325e-06,2024
310250,199499,1431341,5.779596412308408e-06,2024
853690,199292,13007677,5.7735995077758145e-06,2024
760719,197835,1658665,5.7313894116212806e-06,2024
842951,194951,14643109,5.647838335911139e-06,2024
842611,194714,1905464,5.640972314779619e-06,2024
293100,194442,8562746,5.633092324282685e-06,2024
841899,194156,16668896,5.624806746039585e-06,2024
721739,193854,281073,5.6160576389437245e-06,2024
030541,193499,184775,5.605773092523093e-06,2024
611520,193498,22863,5.605744121969796e-06,2024
220820,192805,261929,5.585667528534592e-06,2024
400122,192732,4272942,5.58355267814387e-06,2024
081020,191962,0,5.561245352104755e-06,2024
030621,190753,0,5.5262199531680145e-06,2024
721450,190156,193277,5.508924532849375e-06,2024
330749,189980,7501433,5.503825715469006e-06,2024
721350,189013,5181920,5.475811190430273e-06,2024
252220,188403,892090,5.458139152918766e-06,2024
330720,187534,18413301,5.432963742103193e-06,2024
850132,185816,3256608,5.383192331537998e-06,2024
491191,185622,982573,5.377572044198272e-06,2024
830140,185313,14387029,5.368620143229329e-06,2024
283650,185303,1840345,5.3683304376963535e-06,2024
391729,184792,310203,5.353526484961304e-06,2024
848130,183881,2791403,5.327134310907234e-06,2024
440320,182720,0,5.2934994985287754e-06,2024
851680,182704,1360422,5.293035969676015e-06,2024
610822,182189,5186956,5.2781161347277756e-06,2024
280440,180410,20689,5.22657752041143e-06,2024
121490,179692,190992,5.205776663143787e-06,2024
850213,179033,57046820,5.1866850685207e-06,2024
620462,179022,12749824,5.186366392434427e-06,2024
850212,178116,26998760,5.160119071146844e-06,2024
491199,178016,9299119,5.157222015817089e-06,2024
030310,178015,3157328,5.157193045263792e-06,2024
841440,175749,823496,5.091545771491538e-06,2024
902710,175730,2956419,5.0909953309788845e-06,2024
732181,175482,257951,5.0838106337610916e-06,2024
330129,175326,823419,5.079291227446673e-06,2024
732510,175252,608792,5.077147406502654e-06,2024
401130,173983,118258,5.04038377436806e-06,2024
491110,173378,1493247,5.022856589623041e-06,2024
844180,173048,4766325,5.013296307034849e-06,2024
720911,172928,86086,5.009819840639143e-06,2024
070910,172833,11451,5.007067638075875e-06,2024
420292,172617,14008423,5.0008099985636035e-06,2024
880220,172555,1420449,4.999013824259156e-06,2024
732310,172405,811612,4.9946682412645226e-06,2024
261790,172313,89631,4.9920029503611475e-06,2024
848120,170578,3394348,4.941739040389894e-06,2024
470720,169061,312159,4.897790711037507e-06,2024
420212,168321,27898771,4.876352501597318e-06,2024
382340,168117,4209601,4.870442508724618e-06,2024
480810,167018,142997,4.838603870650608e-06,2024
820711,166920,4721985,4.8357647564274475e-06,2024
550962,165977,102239,4.808445524667856e-06,2024
382200,165756,49567957,4.802043032389097e-06,2024
630699,165682,213389,4.799899211445078e-06,2024
100590,165268,33892927,4.787905402379891e-06,2024
846221,164544,1202829,4.766930721792463e-06,2024
848590,163703,12736524,4.742566486469221e-06,2024
470321,163340,19141339,4.73205017562221e-06,2024
481091,162525,21141239,4.708439174684705e-06,2024
847410,162447,29496480,4.706179471527495e-06,2024
284440,161828,1501876,4.688246699036311e-06,2024
851690,159975,1555950,4.634564263775946e-06,2024
620520,159191,8769692,4.6118513499906655e-06,2024
850152,159063,7601698,4.608143119168578e-06,2024
970110,156908,128192,4.545711576812353e-06,2024
950510,156681,16110702,4.539135261213808e-06,2024
842959,156671,11812984,4.538845555680833e-06,2024
843820,156670,2234559,4.538816585127535e-06,2024
940540,156522,42834423,4.534528943239498e-06,2024
731815,156183,13842546,4.524707925671628e-06,2024
790200,155535,0,4.505935007134814e-06,2024
902119,154961,16241929,4.489305909542019e-06,2024
090500,154582,215557,4.478326069842246e-06,2024
330491,154245,5436187,4.468562993380971e-06,2024
310540,154242,14696801,4.468476081721078e-06,2024
871680,151782,4434447,4.397208520609099e-06,2024
842330,151650,2677277,4.3933844075738225e-06,2024
611120,150979,4103902,4.373945166311165e-06,2024
950341,149807,12297112,4.339991677846433e-06,2024
853180,148825,1603176,4.311542594508237e-06,2024
481139,148459,58793696,4.300939372001333e-06,2024
870850,148291,5533526,4.2960723190473435e-06,2024
831120,147501,2425899,4.273185581942278e-06,2024
732620,147037,4781019,4.259743245212213e-06,2024
210610,146203,7085710,4.235581803762054e-06,2024
700311,145047,95883,4.202091844150084e-06,2024
841459,144855,11039132,4.196529497916954e-06,2024
732190,144832,11355418,4.19586317519111e-06,2024
841191,144271,372032,4.179610694791184e-06,2024
310560,144006,1918316,4.171933498167332e-06,2024
871200,143968,12206655,4.1708326171420246e-06,2024
731824,143806,952381,4.166139387507821e-06,2024
382350,143393,574266,4.154174548995932e-06,2024
950349,143309,11763750,4.151741022518938e-06,2024
730792,142892,2931365,4.139660301793858e-06,2024
720441,142777,10188,4.13632868816464e-06,2024
310221,142566,19634760,4.130215901418857e-06,2024
200410,142146,17408082,4.1180482690338846e-06,2024
844190,141812,4399698,4.108372104232502e-06,2024
611020,140944,7809080,4.083225663970226e-06,2024
841490,139855,13534264,4.051676731429192e-06,2024
903281,139381,778371,4.037944689166152e-06,2024
030264,138671,0,4.0173755963248895e-06,2024
843120,137155,3315918,3.9734562375258005e-06,2024
847490,136826,25104081,3.9639249254909055e-06,2024
851790,136705,8917134,3.960419488541902e-06,2024
761210,136622,52345,3.958014932618205e-06,2024
391722,136615,1594882,3.957812138745122e-06,2024
283330,136545,225013,3.9557842000142934e-06,2024
842240,135034,11842201,3.912009693981692e-06,2024
030380,134983,24310,3.9105321957635164e-06,2024
731441,134112,1929134,3.8852988438413485e-06,2024
282749,133580,1398919,3.869886509487051e-06,2024
382310,133255,1150313,3.860471079665346e-06,2024
854140,132850,10553687,3.848738005579837e-06,2024
731430,130774,1571079,3.7885951369341183e-06,2024
730690,130090,1564567,3.7687792784785925e-06,2024
740610,129158,8830,3.741778722805274e-06,2024
844330,128750,4985547,3.7299587370598725e-06,2024
846599,128651,2431706,3.7270906522834145e-06,2024
390421,128369,5168313,3.718920956253505e-06,2024
850490,128325,4999194,3.7176462519084127e-06,2024
690490,128291,2297294,3.7166612530962957e-06,2024
620463,128286,4241443,3.716516400329808e-06,2024
080520,127963,716341,3.7071589116146986e-06,2024
291822,127633,85356,3.697598629026506e-06,2024
840810,127578,3177158,3.696005248595141e-06,2024
090830,127557,79504,3.695396866975892e-06,2024
950380,126583,10390722,3.667179548064076e-06,2024
620299,126481,64801,3.6642245516277258e-06,2024
570490,126231,432954,3.656981913303338e-06,2024
390810,125909,2325547,3.647653395141526e-06,2024
851410,125562,993536,3.6376006131472754e-06,2024
253090,125406,1378365,3.6330812068328572e-06,2024
701920,124969,1184755,3.6204210750418265e-06,2024
610610,124101,1429881,3.5952746347795513e-06,2024
300590,123712,6298773,3.5840050895468034e-06,2024
850431,123112,3287338,3.566622757568272e-06,2024
848360,122831,5971231,3.5584820320916595e-06,2024
610332,122577,146338,3.551123511554081e-06,2024
845819,122366,693271,3.5450107248082976e-06,2024
902580,121851,4060515,3.5300908898600584e-06,2024
730620,121776,841760,3.527918098362742e-06,2024
903120,121334,1641576,3.515113113805224e-06,2024
853110,121239,10187865,3.512360911241956e-06,2024
560290,120815,104755,3.500077396643794e-06,2024
840290,120791,789213,3.4993821033646527e-06,2024
852729,120401,180611,3.4880835875786073e-06,2024
060210,120242,1461199,3.4834772696042964e-06,2024
340219,118255,2009915,3.42591278020206e-06,2024
382000,118084,5424697,3.4209588155881786e-06,2024
843062,117925,74253,3.4163524976138676e-06,2024
721729,117919,170213,3.416178674294082e-06,2024
850433,117176,933826,3.394653553194001e-06,2024
390730,117062,3576027,3.3913509101180796e-06,2024
200551,116724,56572,3.381558863103507e-06,2024
902750,116593,13907866,3.3777637206215276e-06,2024
871639,116591,2033159,3.3777057795149327e-06,2024
091099,116214,144823,3.3667838809217553e-06,2024
620113,115892,564994,3.3574553627599437e-06,2024
732020,115849,1616777,3.356209628968149e-06,2024
081350,115766,61776,3.353805073044452e-06,2024
381590,115407,4848225,3.3434046444106305e-06,2024
481121,115230,16643113,3.3382768564769636e-06,2024
390590,115201,4512099,3.3374367104313346e-06,2024
640110,115102,780530,3.334568625654877e-06,2024
940171,115097,7204448,3.3344237728883894e-06,2024
040690,114953,3019991,3.3302520132135417e-06,2024
291560,114506,1101678,3.3173021758895357e-06,2024
140210,114486,42390,3.316722764823585e-06,2024
820330,114298,224659,3.311276300803645e-06,2024
090140,114274,45998,3.310581007524504e-06,2024
760410,114136,1104303,3.3065830711694417e-06,2024
731829,113588,1361463,3.290707207962383e-06,2024
080710,112932,701468,3.2717025249991882e-06,2024
100640,112593,0,3.261881507431318e-06,2024
620342,111508,13726045,3.230448457103474e-06,2024
950210,111333,9138931,3.225378610276402e-06,2024
903081,111204,3343303,3.221641408901018e-06,2024
071010,111027,8471,3.216513620967351e-06,2024
847290,110949,22498903,3.214253917810142e-06,2024
380991,110304,9493537,3.1955679109332205e-06,2024
152200,110110,49838,3.1899476235934955e-06,2024
870829,109763,31017856,3.179894841599245e-06,2024
842839,109321,7154469,3.1670898570417266e-06,2024
621149,109262,850863,3.165380594397171e-06,2024
381121,109107,31916274,3.1608901586360503e-06,2024
841199,107892,3152909,3.1256909363795243e-06,2024
820559,107798,5515737,3.1229677043695543e-06,2024
640199,106401,263235,3.0824958414128737e-06,2024
290949,106312,1302276,3.0799174621693913e-06,2024
711790,105978,2425123,3.0702412973680088e-06,2024
210410,104632,2043638,3.0312469326295033e-06,2024
560890,104612,1207504,3.0306675215635525e-06,2024
200600,104467,269069,3.0264667913354073e-06,2024
690710,104256,2050099,3.020354004589624e-06,2024
591120,104143,176812,3.0170803320670004e-06,2024
830242,103725,10193109,3.0049706407886235e-06,2024
330790,103323,7592374,2.9933244783630073e-06,2024
100510,101956,12344940,2.953721732005253e-06,2024
901820,101827,709763,2.949984530629869e-06,2024
330190,101806,667886,2.9493761490106204e-06,2024
482390,101805,3876463,2.949347178457323e-06,2024
120210,101240,15708,2.9329788158442056e-06,2024
120792,100929,189287,2.923968973768667e-06,2024
844110,100674,3482329,2.916581482677791e-06,2024
390930,100388,3813255,2.908295904434691e-06,2024
732219,100088,55957,2.899604738445425e-06,2024
340399,99972,24024935,2.896244154262909e-06,2024
401699,99387,9436063,2.879296380583841e-06,2024
441090,99302,229763,2.876833883553549e-06,2024
391231,99132,2636275,2.871908889492965e-06,2024
854220,99110,780054,2.871271537320419e-06,2024
060220,99073,1579284,2.8701996268484096e-06,2024
090930,98870,3469707,2.8643186045290064e-06,2024
701310,98383,384929,2.8502099450730983e-06,2024
730830,98032,3342820,2.8400412808656577e-06,2024
820600,98029,2071179,2.839954369205765e-06,2024
841410,97631,1654082,2.828424088993339e-06,2024
190300,97581,51135,2.8269755613284616e-06,2024
732619,96787,1631029,2.8039729420102047e-06,2024
852490,95406,5489697,2.7639646079062848e-06,2024
841340,95009,652908,2.7524632982471566e-06,2024
391740,94772,8155675,2.7455972771156367e-06,2024
390799,94597,7133837,2.740527430288565e-06,2024
630590,94453,24052,2.7363556706137174e-06,2024
903140,94409,2336932,2.735080966268625e-06,2024
820900,94351,654827,2.733400674177367e-06,2024
870431,94087,26579185,2.725752448106813e-06,2024
283526,93987,17510132,2.722855392777058e-06,2024
190230,93511,2001105,2.709065409407423e-06,2024
391290,93309,977067,2.7032133576413173e-06,2024
310559,93205,2484399,2.700200420098372e-06,2024
701939,93191,1088274,2.6997948323522063e-06,2024
700992,93127,5271632,2.697940716941163e-06,2024
300432,92787,12805813,2.688090728819995e-06,2024
848210,92509,7799406,2.6800369150032754e-06,2024
320412,92448,2286619,2.678269711252125e-06,2024
070190,92333,7131,2.6749380976229064e-06,2024
520943,91956,408477,2.664016199029729e-06,2024
091010,91739,97049,2.6577295889641604e-06,2024
960621,91690,327235,2.65631003185258e-06,2024
842490,91606,6777862,2.6538765053755858e-06,2024
847720,91329,6062241,2.645851662112164e-06,2024
081320,90971,1581718,2.63548020403164e-06,2024
090122,90050,49257,2.6087983244445942e-06,2024
283210,89998,12539177,2.6072918556731216e-06,2024
841221,89734,3431604,2.5996436296025676e-06,2024
110812,89680,6156867,2.5980792197244997e-06,2024
120710,89578,168000,2.5951242232881494e-06,2024
610462,89560,2509232,2.5946027533287935e-06,2024
620640,89461,5129604,2.591734668552336e-06,2024
840212,89165,256514,2.5831593847762605e-06,2024
842410,88843,2745174,2.5738308666144485e-06,2024
854390,88795,1434011,2.572440280056166e-06,2024
847520,88352,36651,2.5596063249453503e-06,2024
847420,87456,37697075,2.533648709190743e-06,2024
740329,87217,348709,2.5267247469526284e-06,2024
480419,86866,30770040,2.5165560827451873e-06,2024
870840,86710,16623512,2.512036676430769e-06,2024
902519,86559,4164409,2.507662122882839e-06,2024
280421,86266,319954,2.499173750766656e-06,2024
610620,86214,2255177,2.4976672819951833e-06,2024
520929,86034,987600,2.4924525824016236e-06,2024
590310,85908,6529695,2.4888022926861323e-06,2024
847431,85722,1311914,2.4834137697727872e-06,2024
870870,85706,20132524,2.4829502409200265e-06,2024
830130,85230,1130567,2.4691602575503916e-06,2024
441131,85151,300104,2.466871583839885e-06,2024
950100,84690,7033314,2.4535161587697135e-06,2024
010119,83827,1172791,2.4285145712739255e-06,2024
130239,83773,3827557,2.4269501613958576e-06,2024
091030,83667,310987,2.423879282746317e-06,2024
330710,83504,261542,2.419157082558816e-06,2024
902610,83312,4870962,2.413594736325686e-06,2024
151560,83143,238700,2.4086987128183997e-06,2024
847740,82881,671468,2.401108427854441e-06,2024
620442,82787,1352776,2.398385195844471e-06,2024
071290,82194,1262042,2.3812056577390225e-06,2024
220900,81985,964526,2.375150812099834e-06,2024
731210,81942,15264401,2.3739050783080395e-06,2024
721712,81766,609435,2.36880626092767e-06,2024
848050,81285,654646,2.3548714247915474e-06,2024
481890,80896,2580533,2.3436018795587995e-06,2024
600192,80824,23035956,2.3415159997213757e-06,2024
620291,80767,14291,2.339864678183415e-06,2024
845720,80664,45254,2.3368807111937673e-06,2024
721341,80445,2090615,2.3305361600216034e-06,2024
130214,80004,1088250,2.317760146017383e-06,2024
170191,79985,36930,2.317209705504729e-06,2024
151540,79639,228635,2.307185894063776e-06,2024
841460,79595,3830612,2.305911189718684e-06,2024
853590,79323,4683339,2.2980311992217495e-06,2024
721650,79202,471809,2.2945257622727457e-06,2024
110429,78944,104542,2.2870513595219772e-06,2024
481190,78335,8121298,2.2694082925637676e-06,2024
960910,78066,7666122,2.261615213726726e-06,2024
292130,78046,111981,2.261035802660775e-06,2024
842481,77783,16879758,2.253416547143519e-06,2024
220850,77672,466676,2.2502008157274905e-06,2024
681019,77064,1288731,2.2325867193225788e-06,2024
621490,76917,30753,2.2283280479878383e-06,2024
761300,76840,747397,2.226097315383927e-06,2024
620630,76703,2782791,2.222128349582162e-06,2024
391721,76605,2233995,2.2192892353590023e-06,2024
290943,76597,4748003,2.2190574709326216e-06,2024
630222,76342,776117,2.2116699798417457e-06,2024
711220,76332,1772,2.21138027430877e-06,2024
902211,76223,28783903,2.208222483999337e-06,2024
650699,75602,980538,2.190231770401557e-06,2024
848280,75579,2067168,2.1895654476757132e-06,2024
520512,75255,2511923,2.1801789884073063e-06,2024
220210,74986,7067162,2.1723859095702647e-06,2024
902130,74845,14279728,2.1683010615553097e-06,2024
851521,74796,2052097,2.16688150444373e-06,2024
853810,74679,6147312,2.1634919497079163e-06,2024
760110,74587,2779758,2.160826658804541e-06,2024
091050,74117,92364,2.1472104987546917e-06,2024
841360,73643,8044033,2.133478456491652e-06,2024
330420,73269,11159620,2.1226434695583673e-06,2024
401210,73149,127223,2.119167003162661e-06,2024
020820,72711,5675,2.106477900818333e-06,2024
940429,72426,620058,2.0982212931285306e-06,2024
870860,72042,2725151,2.0870966006622703e-06,2024
442090,71375,159032,2.067773241612803e-06,2024
680223,71368,304322,2.06757044773972e-06,2024
480890,71229,520999,2.0635435408313605e-06,2024
420229,71128,322837,2.0606175149483076e-06,2024
390390,70937,5553825,2.055084139268475e-06,2024
330125,70737,77505,2.0492900286089644e-06,2024
901839,70541,31565243,2.043611800162644e-06,2024
853890,70254,7705840,2.0352972513662466e-06,2024
551311,69268,1805670,2.00673228581486e-06,2024
251830,69106,267353,2.0020390561806567e-06,2024
740323,68976,275782,1.998272884251975e-06,2024
870210,68975,24940829,1.9982439136986774e-06,2024
200919,68948,518903,1.9974617087596432e-06,2024
871491,68810,762061,1.993463772404581e-06,2024
630790,68760,8886257,1.9920152447397037e-06,2024
340319,68405,9653731,1.9817306983190724e-06,2024
020739,68143,0,1.9741404133551137e-06,2024
850134,68096,1166576,1.9727787973501287e-06,2024
200120,67967,110849,1.9690415959747443e-06,2024
080720,67918,0,1.9676220388631644e-06,2024
340490,67396,5738472,1.952499410041842e-06,2024
610443,67391,1718898,1.9523545572753543e-06,2024
731420,67063,264357,1.942852215793757e-06,2024
381190,66806,7582754,1.935406783596286e-06,2024
620530,66789,3245630,1.9349142841902275e-06,2024
820890,66784,2367712,1.93476943142374e-06,2024
610210,66390,21133,1.9233550334245045e-06,2024
842691,66321,2811181,1.9213560652469733e-06,2024
841981,65895,5664008,1.9090146095422157e-06,2024
420299,65847,1586989,1.9076240229839332e-06,2024
030729,65672,0,1.9025541761568616e-06,2024
130110,65576,513496,1.8997730030402965e-06,2024
721711,65416,184966,1.8951377145126882e-06,2024
680100,65275,0,1.8910528664977334e-06,2024
300510,65195,7507220,1.8887352222339292e-06,2024
960310,65083,14448,1.8854905202646033e-06,2024
611241,65055,1241575,1.8846793447722719e-06,2024
720430,64572,2417106,1.870686567529554e-06,2024
090230,64204,176250,1.8600254039160546e-06,2024
090112,64133,17925,1.8579684946319284e-06,2024
821520,63846,2211822,1.849653945835531e-06,2024
842131,63731,10888656,1.8463223322063124e-06,2024
844220,63478,71610,1.8389927822220316e-06,2024
390720,63101,19148751,1.8280708836288545e-06,2024
640399,63058,19010927,1.8268251498370596e-06,2024
390740,63046,1335854,1.826477503197489e-06,2024
400220,62928,3028416,1.8230589779083777e-06,2024
842390,62880,945113,1.8216683913500953e-06,2024
731520,62875,37416,1.8215235385836075e-06,2024
320417,62852,7074911,1.820857215857764e-06,2024
847480,62831,1336844,1.8202488342385152e-06,2024
842389,62815,334518,1.8197853053857543e-06,2024
721633,62805,2714485,1.819495599852779e-06,2024
902229,62711,1057254,1.816772367842809e-06,2024
480799,62701,530646,1.8164826623098335e-06,2024
841280,62437,1753854,1.8088344362392795e-06,2024
390330,62341,1182676,1.8060532631227147e-06,2024
230810,62172,94424,1.8011572396154283e-06,2024
730410,62064,11659472,1.7980284198592925e-06,2024
081290,62044,30074,1.7974490087933415e-06,2024
090610,62004,7773626,1.7962901866614394e-06,2024
853190,61947,4029228,1.794638865123479e-06,2024
200830,61407,20129,1.7789947663428007e-06,2024
842123,61193,25021241,1.7727950679371244e-06,2024
550969,60752,58614,1.7600190539329037e-06,2024
840991,60585,29295768,1.7551809715322125e-06,2024
280430,60550,191159,1.7541670021667982e-06,2024
110313,60325,1257409,1.7476486276748488e-06,2024
621710,60260,904741,1.745765541710508e-06,2024
780200,60232,3824539,1.7449543662181765e-06,2024
490300,60195,471103,1.7438824557461671e-06,2024
843621,60173,1247671,1.743245103573621e-06,2024
850530,59829,112194,1.733279233239263e-06,2024
730719,59442,1932709,1.7220676291131102e-06,2024
842831,59413,64820,1.7212274830674812e-06,2024
160430,59138,150406,1.7132605809106541e-06,2024
843010,59121,900036,1.7127680815045958e-06,2024
741999,58755,3363958,1.7021648589976917e-06,2024
293990,58635,93955,1.6986883926019854e-06,2024
200892,58363,2700097,1.690808402105051e-06,2024
010111,58346,450164,1.6903159026989928e-06,2024
902219,58270,4388631,1.6881141406483788e-06,2024
130190,58155,455382,1.6847825270191603e-06,2024
690919,57464,1281905,1.6647638746905514e-06,2024
482311,57299,3713231,1.6599837333964554e-06,2024
620443,57281,1991851,1.6594622634370995e-06,2024
681099,57267,2138724,1.6590566756909337e-06,2024
611790,56950,200536,1.6498730102956096e-06,2024
961610,56903,3299569,1.6485113942906246e-06,2024
890399,56857,1615896,1.647178748838937e-06,2024
310410,56794,1063589,1.6453536039811914e-06,2024
401220,56319,3488,1.6315925911648539e-06,2024
843710,56126,2586133,1.6260012743784263e-06,2024
761290,56089,21222319,1.624929363906417e-06,2024
720844,56037,3610315,1.6234228951349441e-06,2024
741022,55548,0,1.609256294572441e-06,2024
854190,55306,331069,1.6022454206744334e-06,2024
420500,55293,730862,1.6018688034815652e-06,2024
850730,55262,113585,1.600970716329341e-06,2024
120999,55128,4992277,1.597088662187469e-06,2024
400219,54935,3248804,1.5914973454010414e-06,2024
621133,54886,1523976,1.5900777882894614e-06,2024
701391,54738,207502,1.5857901464014237e-06,2024
152190,54714,59170,1.5850948531222823e-06,2024
401691,54177,854095,1.5695376660014967e-06,2024
420340,53915,13274,1.561947381037538e-06,2024
080420,53667,13046,1.554762683819745e-06,2024
847590,53552,2927232,1.5514310701905264e-06,2024
950330,53272,4503503,1.5433193152672118e-06,2024
841891,53005,409983,1.5355841775367653e-06,2024
170290,52977,3710934,1.5347730020444339e-06,2024
901920,52878,6852444,1.531904917267976e-06,2024
902190,52256,10795709,1.5138852331168985e-06,2024
851220,52153,26310398,1.5109012661272508e-06,2024
381230,52049,7138012,1.5078883285843051e-06,2024
870892,51902,898156,1.503629657249565e-06,2024
321490,51799,1707665,1.5006456902599172e-06,2024
843920,51594,234623,1.4947067268339189e-06,2024
320990,51446,1544295,1.4904190849458812e-06,2024
702000,51405,713763,1.4892312922606815e-06,2024
220421,51277,19842592,1.4855230614385948e-06,2024
870839,51099,22126794,1.4803663029516305e-06,2024
071350,51045,357117,1.4788018930735626e-06,2024
420232,50809,4628202,1.4719648424953402e-06,2024
120760,50751,94656,1.4702845504040821e-06,2024
520623,50730,163554,1.4696761687848337e-06,2024
842699,50674,1518712,1.4680538178001707e-06,2024
160510,50641,499775,1.4670977895413515e-06,2024
848490,50463,5795118,1.4619410310543871e-06,2024
100620,49985,39296,1.448093106578157e-06,2024
293361,49894,1745761,1.4454567862280798e-06,2024
842119,49805,3814474,1.4428784069845977e-06,2024
030549,49664,1852,1.4387935589696427e-06,2024
340600,49616,2490417,1.4374029724113603e-06,2024
854430,49611,5150093,1.4372581196448724e-06,2024
640291,49493,5109535,1.4338395943557612e-06,2024
847759,48974,602902,1.4188038771943317e-06,2024
121410,48728,36768,1.4116771210831336e-06,2024
761090,48725,4536241,1.411590209423241e-06,2024
844832,48670,306954,1.4099968289918756e-06,2024
740620,48574,60363,1.4072156558753105e-06,2024
080820,48464,12615752,1.4040288950125798e-06,2024
870490,48463,7486674,1.4039999244592822e-06,2024
401410,48420,1649344,1.4027541906674876e-06,2024
841430,48349,13993205,1.4006972813833614e-06,2024
640610,48074,3367195,1.3927303792265343e-06,2024
630539,48062,172586,1.3923827325869638e-06,2024
290611,47924,432655,1.3883847962319016e-06,2024
480421,47800,14003482,1.384792447623005e-06,2024
852610,47079,1416546,1.3639046786954697e-06,2024
280429,46950,1083577,1.3601674773200855e-06,2024
842099,46679,311174,1.3523164573764488e-06,2024
441520,46664,92192,1.3518818990769856e-06,2024
710692,46549,441325,1.3485502854477669e-06,2024
871492,46346,304797,1.3426692631283639e-06,2024
847710,46093,3840293,1.3353397131440832e-06,2024
030520,45981,0,1.3320950111747572e-06,2024
920600,45672,2053607,1.3231431102058135e-06,2024
391000,45378,4635806,1.314625767536333e-06,2024
845090,45233,1183710,1.310425037308188e-06,2024
151490,45114,319752,1.3069775414657793e-06,2024
903040,45072,7377327,1.305760778227282e-06,2024
842211,45067,665731,1.3056159254607943e-06,2024
200880,45038,75089,1.3047757794151653e-06,2024
251110,44878,1949795,1.3001404908875569e-06,2024
850910,44850,3855435,1.2993293153952255e-06,2024
071140,44717,6262,1.295476231806651e-06,2024
844360,44453,3056258,1.287828005736097e-06,2024
190120,44413,3305545,1.286669183604195e-06,2024
848140,44313,2245065,1.2837721282744397e-06,2024
830790,44254,498003,1.2820628656298842e-06,2024
251990,44187,4632611,1.2801218385589482e-06,2024
030721,44024,0,1.275399638371447e-06,2024
841690,43970,1831606,1.2738352284933794e-06,2024
401700,43945,268605,1.2731109646609405e-06,2024
650510,43918,409098,1.2723287597219066e-06,2024
420100,43825,1546697,1.2696344982652343e-06,2024
720845,43748,1617773,1.2674037656613226e-06,2024
470710,43680,13849158,1.2654337680370891e-06,2024
160249,43641,310714,1.2643039164584847e-06,2024
851679,43618,6333697,1.2636375937326409e-06,2024
900311,43439,3492640,1.258451864692379e-06,2024
843999,43402,5138550,1.2573799542203695e-06,2024
040210,43372,1296483,1.256510837621443e-06,2024
080232,43093,8006703,1.2484280532514258e-06,2024
848060,43046,3778833,1.2470664372464408e-06,2024
401140,42974,15799839,1.2449805574090172e-06,2024
851110,42941,6315762,1.2440245291501978e-06,2024
844390,42786,3034027,1.2395340933890772e-06,2024
902890,42719,246057,1.2375930663181412e-06,2024
843890,42527,13106384,1.2320307200850113e-06,2024
842091,42494,461224,1.231074691826192e-06,2024
750800,42455,644001,1.2299448402475874e-06,2024
800200,42214,0,1.2229629369028772e-06,2024
291811,41877,785312,1.2131998604416021e-06,2024
870880,41824,13781995,1.2116644211168319e-06,2024
120740,41758,448544,1.2097523645991935e-06,2024
850450,41709,803249,1.2083328074876134e-06,2024
300610,41524,6396468,1.2029732551275662e-06,2024
842833,41520,10803893,1.202857372914376e-06,2024
110423,41515,710867,1.2027125201478882e-06,2024
030760,41480,0,1.201698550782474e-06,2024
842820,41204,2718704,1.1937026780723494e-06,2024
850780,41076,17610514,1.1899944472502626e-06,2024
610690,40938,652197,1.1859965108952003e-06,2024
851511,40834,524055,1.182983573352255e-06,2024
844512,40809,11104,1.182259309519816e-06,2024
842790,40785,1455016,1.1815640162406748e-06,2024
731822,40550,1193123,1.17475593621575e-06,2024
852510,40317,1912369,1.1680057972974204e-06,2024
481950,40200,857417,1.1646162425616066e-06,2024
845969,40057,206099,1.1604734534400568e-06,2024
900990,40031,6060325,1.1597202190543203e-06,2024
841090,40008,2626574,1.1590538963284767e-06,2024
200811,39789,1450365,1.1527093451563126e-06,2024
611090,39720,96908,1.1507103769787815e-06,2024
960329,39710,1012149,1.150420671445806e-06,2024
843390,39647,4092581,1.1485955265880602e-06,2024
950350,39623,3348952,1.147900233308919e-06,2024
620111,39530,159270,1.1452059718522467e-06,2024
281830,39452,489251,1.1429462686950376e-06,2024
840910,39299,89378,1.138513774040512e-06,2024
730650,39294,401095,1.1383689212740243e-06,2024
550320,39260,7332113,1.1373839224619074e-06,2024
391620,39258,4173010,1.1373259813553123e-06,2024
847981,39179,1083109,1.1350373076448058e-06,2024
080940,39122,1551092,1.1333859861068452e-06,2024
851430,39071,506639,1.13190848788867e-06,2024
330123,39057,188778,1.1315029001425044e-06,2024
842489,38980,15505282,1.1292721675385928e-06,2024
902140,38853,8326205,1.1255929072698036e-06,2024
030551,38845,0,1.1253611428434232e-06,2024
830210,38704,6002267,1.1212762948284683e-06,2024
130212,38676,206957,1.1204651193361369e-06,2024
851590,38549,2473055,1.1167858590673477e-06,2024
110620,38544,7499109,1.1166410063008599e-06,2024
580134,38389,879784,1.1121505705397393e-06,2024
842810,38381,8849731,1.111918806113359e-06,2024
830160,38241,754907,1.1078629286517016e-06,2024
970600,38212,11306,1.1070227826060726e-06,2024
901849,38177,8805804,1.1060088132406581e-06,2024
040130,37837,0,1.0961588251194903e-06,2024
390950,37820,5160529,1.095666325713432e-06,2024
721732,37737,280013,1.093261769789735e-06,2024
851650,37736,6255660,1.0932327992364376e-06,2024
721722,37719,279883,1.0927402998303791e-06,2024
722590,37660,113617,1.0910310371858236e-06,2024
691200,37312,2259172,1.0809492846382755e-06,2024
490191,37297,183876,1.080514726338812e-06,2024
621210,37267,15520430,1.0796456097398856e-06,2024
050300,37196,1323912,1.0775887004557594e-06,2024
848250,37163,1248027,1.0766326721969402e-06,2024
320820,37112,10176381,1.075155173978765e-06,2024
560741,37081,724712,1.0742570868265407e-06,2024
731010,36975,2562784,1.0711862081770002e-06,2024
850990,36894,2074714,1.0688395933598986e-06,2024
720835,36891,1334578,1.0687526817000058e-06,2024
640191,36886,89018,1.068607828933518e-06,2024
400821,36793,1517633,1.0659135674768457e-06,2024
392610,36762,4209881,1.0650154803246216e-06,2024
480830,36692,34296,1.0629875415937928e-06,2024
293339,36679,3234593,1.0626109244009246e-06,2024
820110,36442,2395358,1.0557449032694048e-06,2024
293890,36425,2016541,1.0552524038633465e-06,2024
841451,36277,22734871,1.0509647619753086e-06,2024
030377,36264,0,1.0505881447824405e-06,2024
610811,36211,26503,1.0490527054576702e-06,2024
220410,36166,3190262,1.0477490305592803e-06,2024
650300,36153,336762,1.0473724133664122e-06,2024
320490,36125,602217,1.0465612378740808e-06,2024
550340,36120,277497,1.046416385107593e-06,2024
392041,35995,5839705,1.0427950659453989e-06,2024
853630,35993,6232777,1.0427371248388038e-06,2024
843131,35949,2313455,1.0414624204937115e-06,2024
961210,35931,2875978,1.0409409505343556e-06,2024
620452,35818,1110557,1.0376672780117322e-06,2024
120100,35773,75589,1.0363636031133423e-06,2024
721731,35770,100381,1.0362766914534495e-06,2024
711810,35697,58356,1.0341618410627282e-06,2024
950310,35633,3010745,1.032307725651685e-06,2024
960390,35461,8217263,1.0273247904845058e-06,2024
850519,35392,830490,1.0253258223069747e-06,2024
550510,35276,11066,1.0219652381244586e-06,2024
850520,35208,750044,1.0199952405002251e-06,2024
620449,35115,457997,1.0173009790435528e-06,2024
902680,35102,3541381,1.0169243618506846e-06,2024
120810,35092,0,1.016634656317709e-06,2024
441229,35032,135952,1.0148964231198559e-06,2024
846490,34938,1652973,1.0121731911098859e-06,2024
670100,34795,54882,1.008030401988336e-06,2024
391190,34762,3073185,1.0070743737295168e-06,2024
390920,34699,997526,1.005249228871771e-06,2024
110813,34220,1850925,9.913723338422432e-07,2024
740819,34164,2406121,9.897499828575805e-07,2024
721631,34088,2087185,9.875482208069665e-07,2024
730449,33959,318737,9.838110194315822e-07,2024
780199,33932,3632154,9.830288144925483e-07,2024
721933,33917,5388962,9.82594256193085e-07,2024
292241,33870,6030404,9.812326401881e-07,2024
481610,33846,598078,9.805373469089588e-07,2024
390469,33744,19198,9.775823504726085e-07,2024
270119,33711,169323,9.76626322213789e-07,2024
847110,33683,4775930,9.758151467214577e-07,2024
620433,33166,2601111,9.608373706666232e-07,2024
852090,33163,1444231,9.607504590067305e-07,2024
400950,32771,5701228,9.4939400211409e-07,2024
200950,32754,18886,9.489015027080315e-07,2024
630691,32729,42131,9.481772388755927e-07,2024
320419,32711,3965080,9.476557689162368e-07,2024
842519,32660,751421,9.461782706980615e-07,2024
846719,32653,1175648,9.459754768249788e-07,2024
720822,32555,24509469,9.431363626018186e-07,2024
740729,32496,304744,9.41427099957263e-07,2024
293211,32385,335322,9.382113685412347e-07,2024
270210,32288,98944,9.354012248713721e-07,2024
100300,32237,10640298,9.339237266531969e-07,2024
442010,32129,463354,9.307949068970612e-07,2024
830241,32125,7686087,9.306790246838711e-07,2024
280920,31907,4019602,9.243634440650046e-07,2024
900912,31881,14749757,9.236102096792682e-07,2024
831110,31776,9995827,9.205683015830253e-07,2024
293629,31758,9281127,9.200468316236693e-07,2024
391739,31745,6016002,9.196702144308012e-07,2024
520911,31692,1292,9.181347751060308e-07,2024
392042,31676,8670595,9.176712462532701e-07,2024
820540,31619,1690164,9.160199247153095e-07,2024
481830,31536,1822939,9.136153687916127e-07,2024
731029,31216,1014718,9.04344791736396e-07,2024
283010,30850,199058,8.937415692294918e-07,2024
841790,30819,1007027,8.928434820772676e-07,2024
382320,30786,705389,8.918874538184483e-07,2024
842542,30781,3081169,8.917426010519606e-07,2024
870310,30728,5647223,8.902071617271904e-07,2024
950320,30714,2594164,8.898015739810246e-07,2024
340590,30658,1661531,8.881792229963617e-07,2024
140299,30643,9984,8.877446646968984e-07,2024
722300,30629,507475,8.873390769507327e-07,2024
853649,30585,4897646,8.860643726056403e-07,2024
741210,30550,771091,8.85050403240226e-07,2024
621132,30452,250564,8.822112890170659e-07,2024
830710,30433,2928612,8.816608485044124e-07,2024
293040,30422,21744754,8.813421724181393e-07,2024
841319,30401,3166528,8.807337907988907e-07,2024
722610,30303,7452416,8.778946765757306e-07,2024
721460,30275,28096,8.770835010833991e-07,2024
392290,30235,835298,8.75924678951497e-07,2024
820412,30169,1513695,8.740126224338586e-07,2024
910221,30094,3232533,8.718398309365421e-07,2024
390890,30007,2685168,8.69319392799655e-07,2024
940599,30001,3485457,8.691455694798698e-07,2024
854320,29923,302733,8.668858663226607e-07,2024
731816,29846,2682998,8.646551337187491e-07,2024
870432,29830,23767,8.641916048659883e-07,2024
691390,29799,592770,8.632935177137641e-07,2024
848350,29527,3004619,8.554135272168299e-07,2024
190520,29462,880305,8.53530441252489e-07,2024
390220,29410,605526,8.520239724810162e-07,2024
940110,29407,41869,8.519370608211236e-07,2024
820750,29375,5296486,8.51010003115602e-07,2024
950410,29317,9677240,8.493297110243439e-07,2024
847090,28965,521474,8.391320762636055e-07,2024
401099,28909,3132527,8.375097252789425e-07,2024
030710,28779,59568,8.337435533502607e-07,2024
580135,28744,658772,8.327295839848464e-07,2024
850890,28713,2472093,8.318314968326222e-07,2024
940169,28679,983076,8.308464980205055e-07,2024
850133,28557,782982,8.273120905182041e-07,2024
540772,28547,3382739,8.270223849852286e-07,2024
880212,28495,0,8.255159162137559e-07,2024
853620,28391,19035421,8.225029786708104e-07,2024
854520,28374,548560,8.220104792647519e-07,2024
711719,28341,11203521,8.210544510059327e-07,2024
901410,28330,103503,8.207357749196597e-07,2024
020649,28296,3613773,8.197507761075429e-07,2024
071331,28130,0,8.149416642601492e-07,2024
440410,28122,0,8.147098998337688e-07,2024
420231,28022,452528,8.118128445040135e-07,2024
843290,28017,2038067,8.116679917375258e-07,2024
410422,27947,1856207,8.096400530066971e-07,2024
080620,27863,3931854,8.072065265297027e-07,2024
851830,27820,7528001,8.05960792737908e-07,2024
845430,27744,73903,8.037590306872939e-07,2024
200870,27721,7098347,8.030927079614503e-07,2024
482359,27714,16279143,8.028899140883674e-07,2024
610719,27628,3353,8.003984465047779e-07,2024
283329,27580,3936111,7.990078599464954e-07,2024
160250,27462,8051246,7.955893346573842e-07,2024
846694,27447,1673106,7.951547763579208e-07,2024
293623,27402,877086,7.93851101459531e-07,2024
030530,27313,0,7.912727222160489e-07,2024
843359,27277,1752186,7.902297822973369e-07,2024
940310,27127,650898,7.858841993027041e-07,2024
271312,26981,66916,7.816544985212615e-07,2024
150990,26900,11351655,7.793078837041598e-07,2024
520210,26897,626072,7.79220972044267e-07,2024
391890,26889,5513136,7.789892076178867e-07,2024
610590,26878,38598,7.786705315316135e-07,2024
730722,26805,917925,7.765556811408922e-07,2024
670290,26756,1142739,7.751361240293122e-07,2024
841231,26728,1721701,7.743249485369807e-07,2024
961511,26660,6037508,7.723549509127472e-07,2024
392210,26631,1146673,7.715148048671182e-07,2024
851610,26521,5873362,7.683280440043874e-07,2024
440792,26499,0,7.676906918318412e-07,2024
440110,26497,0,7.676327507252461e-07,2024
170310,26475,6376766,7.669953985527e-07,2024
851180,26408,1478819,7.650543714817639e-07,2024
940179,26305,3655668,7.620704044921161e-07,2024
844520,26303,27615,7.62012463385521e-07,2024
291470,26299,374148,7.618965811723307e-07,2024
440121,26209,0,7.59289231375551e-07,2024
630710,26076,2126135,7.554361477869766e-07,2024
091040,25812,33961,7.477879217164227e-07,2024
720843,25798,15220340,7.47382333970257e-07,2024
902520,25735,870988,7.455571891125112e-07,2024
292390,25710,1017088,7.448329252800723e-07,2024
251741,25652,294576,7.431526331888143e-07,2024
294000,25550,569426,7.40197636752464e-07,2024
731512,25542,1760456,7.399658723260835e-07,2024
890790,25537,2821435,7.398210195595958e-07,2024
284910,25401,609358,7.358810243111287e-07,2024
850211,25319,28152148,7.335054389407294e-07,2024
960711,25270,2032009,7.320858818291493e-07,2024
120730,25269,47626,7.320569112758518e-07,2024
690510,25175,12309,7.293336792658819e-07,2024
440200,24954,7596,7.229311869871227e-07,2024
903210,24878,2459864,7.207294249365088e-07,2024
293970,24808,38955,7.187014862056801e-07,2024
071310,24784,1060158,7.180061929265388e-07,2024
621010,24743,589611,7.168184002413392e-07,2024
620339,24625,238909,7.13399874952228e-07,2024
620690,24618,969936,7.131970810791452e-07,2024
392640,24604,13729217,7.127914933329794e-07,2024
730820,24563,1079770,7.116037006477797e-07,2024
830249,24439,1717567,7.080113520388833e-07,2024
392620,24308,3673095,7.042162095569039e-07,2024
750300,24238,100945,7.021882708260753e-07,2024
850131,24193,2935952,7.008845959276854e-07,2024
820590,24053,230576,6.96828718466028e-07,2024
330690,23980,3860974,6.947138680753067e-07,2024
847690,23969,171257,6.943951919890337e-07,2024
851310,23964,7866800,6.942503392225459e-07,2024
151610,23942,868223,6.936129870499997e-07,2024
620319,23936,114247,6.934391637302144e-07,2024
620444,23890,1463280,6.92106518278527e-07,2024
480452,23882,352234,6.918747538521466e-07,2024
621790,23872,213064,6.915850483191711e-07,2024
140291,23839,7766,6.906290200603519e-07,2024
220190,23832,124918,6.90426226187269e-07,2024
901320,23755,342091,6.881954935833574e-07,2024
620191,23723,95581,6.872684358778358e-07,2024
470100,23648,290804,6.850956443805193e-07,2024
851420,23589,148471,6.833863817359637e-07,2024
854800,23587,195947,6.833284406293686e-07,2024
370199,23545,278449,6.821116773908714e-07,2024
854280,23486,957926,6.804024147463158e-07,2024
282110,23478,1350737,6.801706503199354e-07,2024
200791,23403,94240,6.77997858822619e-07,2024
960629,23287,117763,6.746372746401029e-07,2024
830170,23221,1625389,6.727252181224645e-07,2024
441300,23163,86672,6.710449260312064e-07,2024
851539,23157,5639506,6.708711027114211e-07,2024
330119,23094,28640,6.690459578536753e-07,2024
381400,23063,2633517,6.681478707014512e-07,2024
300640,22965,4310164,6.65308756478291e-07,2024
210120,22852,1744235,6.620350839556676e-07,2024
283711,22796,11664488,6.604127329710047e-07,2024
551512,22731,1304249,6.585296470066637e-07,2024
560819,22614,791766,6.551400922708502e-07,2024
741012,22606,158210,6.549083278444697e-07,2024
151911,22596,638345,6.546186223114942e-07,2024
721090,22563,388665,6.53662594052675e-07,2024
761610,22519,455341,6.523878897075826e-07,2024
260600,22440,447620,6.50099215997076e-07,2024
871419,22372,42560316,6.481292183728424e-07,2024
730711,22279,1652699,6.454349569161701e-07,2024
540760,22269,3462351,6.451452513831945e-07,2024
940190,22164,4906919,6.421033432869515e-07,2024
600299,22109,192999,6.405099628555862e-07,2024
290711,22064,243219,6.392062879571962e-07,2024
080510,22063,5091977,6.391773174038987e-07,2024
850230,22026,3449666,6.381054069318893e-07,2024
854129,21937,221675,6.355270276884072e-07,2024
846390,21935,391785,6.354690865818121e-07,2024
441600,21926,46026,6.352083516021341e-07,2024
810420,21791,0,6.312973269069645e-07,2024
901540,21702,162420,6.287189476634823e-07,2024
294190,21615,3353865,6.261985095265952e-07,2024
420211,21578,90311,6.251265990545859e-07,2024
850140,21494,4653908,6.226930725775914e-07,2024
621410,21470,94321,6.219977792984502e-07,2024
300220,21468,30842431,6.219398381918551e-07,2024
300231,21417,676751,6.204623399736799e-07,2024
070200,21315,6773,6.175073435373295e-07,2024
482030,21225,1137731,6.148999937405498e-07,2024
330114,21223,26319,6.148420526339547e-07,2024
560900,21165,675419,6.131617605426967e-07,2024
030341,21136,5057374,6.123216144970676e-07,2024
120600,21131,1151349,6.121767617305799e-07,2024
250900,21052,431470,6.098880880200733e-07,2024
620432,21032,624109,6.093086769541222e-07,2024
190220,21000,447085,6.083816192486006e-07,2024
871494,20991,1163146,6.081208842689226e-07,2024
251311,20961,95091,6.07251767669996e-07,2024
732490,20868,3645405,6.045575062133236e-07,2024
284290,20837,477283,6.036594190610995e-07,2024
580890,20826,511768,6.033407429748264e-07,2024
844010,20820,727291,6.031669196550411e-07,2024
910400,20788,95354,6.022398619495194e-07,2024
441221,20738,26589,6.007913342846418e-07,2024
852190,20704,6823568,5.99806335472525e-07,2024
811300,20702,93602,5.997483943659299e-07,2024
845899,20689,310881,5.993717771730618e-07,2024
730459,20652,625989,5.982998667010523e-07,2024
845140,20617,460980,5.972858973356379e-07,2024
820231,20553,1318634,5.954317819245946e-07,2024
843680,20438,3460731,5.92100168295376e-07,2024
611430,20433,2584083,5.919553155288883e-07,2024
340700,20404,5748419,5.911151694832593e-07,2024
950360,20231,1768007,5.861032637627828e-07,2024
611190,20122,18066,5.829454734533496e-07,2024
851580,20018,2124522,5.79932535910404e-07,2024
480253,20017,1240017,5.799035653571065e-07,2024
392111,19985,376099,5.789765076515849e-07,2024
551529,19938,62365,5.776148916465999e-07,2024
840410,19930,253969,5.773831272202194e-07,2024
540252,19846,120984,5.749496007432251e-07,2024
250510,19797,406365,5.73530043631645e-07,2024
711319,19783,3223522,5.731244558854793e-07,2024
420221,19777,965665,5.729506325656939e-07,2024
630900,19777,134058,5.729506325656939e-07,2024
731814,19624,3626263,5.685181379111685e-07,2024
903110,19582,566461,5.673013746726712e-07,2024
070511,19553,0,5.664612286270423e-07,2024
970190,19526,40517,5.656790236880083e-07,2024
842191,19509,2656696,5.651865242819499e-07,2024
380290,19452,4672858,5.635352027439894e-07,2024
400811,19448,387253,5.634193205307992e-07,2024
720824,19408,110385306,5.622604983988971e-07,2024
401010,19378,4666961,5.613913817999705e-07,2024
820411,19352,3392853,5.606381474142341e-07,2024
620590,19341,683969,5.603194713279611e-07,2024
847329,19288,226051,5.587840320031908e-07,2024
760810,19279,667868,5.585232970235128e-07,2024
293622,19238,1045793,5.573355043383132e-07,2024
130232,19161,876270,5.551047717344016e-07,2024
681190,19145,40978,5.546412428816409e-07,2024
070810,19101,0,5.533665385365485e-07,2024
611420,19044,3532424,5.51715216998588e-07,2024
691110,19033,27683804,5.513965409123149e-07,2024
070820,18982,0,5.499190426941398e-07,2024
960321,18949,9659173,5.489630144353206e-07,2024
741110,18916,3503318,5.480069861765014e-07,2024
720711,18892,3950464,5.4731169289736e-07,2024
847050,18883,5711315,5.470509579176821e-07,2024
850619,18829,1218854,5.454865480396143e-07,2024
900110,18800,7389512,5.446464019939852e-07,2024
400940,18797,706809,5.445594903340926e-07,2024
610333,18340,426366,5.313199474771111e-07,2024
040221,18290,51339,5.298714198122335e-07,2024
844839,18282,482876,5.296396553858531e-07,2024
650692,18276,273190,5.294658320660677e-07,2024
848410,18274,3840786,5.294078909594726e-07,2024
721721,18247,50510,5.286256860204388e-07,2024
200510,18231,8855,5.281621571676779e-07,2024
820320,18208,3304297,5.274958344418343e-07,2024
731511,17941,4927233,5.197606967113877e-07,2024
680911,17928,9977233,5.193840795185196e-07,2024
621040,17913,810346,5.189495212190563e-07,2024
842539,17818,906263,5.161973186557888e-07,2024
030110,17747,0,5.141404093716625e-07,2024
440310,17605,0,5.100265908034101e-07,2024
420291,17494,218945,5.068108593873818e-07,2024
070519,17458,0,5.057679194686699e-07,2024
611780,17441,2123291,5.052754200626116e-07,2024
480220,17285,47163,5.007560137481933e-07,2024
853610,17285,1040271,5.007560137481933e-07,2024
490890,17208,2436943,4.985252811442818e-07,2024
853641,17195,2023430,4.981486639514136e-07,2024
903290,17155,1405407,4.969898418195115e-07,2024
853910,17055,344720,4.940927864897563e-07,2024
420310,16966,4178235,4.915144072462741e-07,2024
847340,16961,5177666,4.913695544797864e-07,2024
843110,16955,1535583,4.911957311600011e-07,2024
283321,16874,4765418,4.888491163428993e-07,2024
590700,16866,1615846,4.886173519165189e-07,2024
480439,16860,171204,4.884435285967335e-07,2024
850940,16683,19237616,4.833157406630668e-07,2024
670419,16676,1801168,4.831129467899839e-07,2024
960340,16676,3446809,4.831129467899839e-07,2024
030731,16671,2142,4.829680940234961e-07,2024
370130,16609,8804439,4.811719197190479e-07,2024
293690,16535,1738511,4.790280987750291e-07,2024
730791,16515,1895899,4.78448687709078e-07,2024
950691,16512,21041895,4.783617760491853e-07,2024
680800,16416,330833,4.755806029326203e-07,2024
640590,16257,566050,4.709742849583095e-07,2024
900490,16217,3759338,4.698154628264074e-07,2024
551299,16143,406763,4.676716418823885e-07,2024
330126,16133,88494,4.67381936349413e-07,2024
841940,16096,3183302,4.6631002587740356e-07,2024
300650,16055,34213,4.6512223319220387e-07,2024
731582,16053,1285726,4.650642920856088e-07,2024
844711,16040,971146,4.646876748927406e-07,2024
292429,16001,2160468,4.6355782331413603e-07,2024
630190,15938,135573,4.6173267845639027e-07,2024
580500,15913,2292,4.6100841462395146e-07,2024
830230,15849,1754421,4.591542992129081e-07,2024
480523,15841,5022628,4.5892253478652765e-07,2024
270300,15831,3118114,4.5863282925355213e-07,2024
620461,15814,31583,4.5814032984749376e-07,2024
860800,15776,509760,4.5703944882218675e-07,2024
060230,15731,0,4.557357739237969e-07,2024
200930,15722,78090,4.554750389441189e-07,2024
121210,15625,145049,4.5266489527425635e-07,2024
283531,15620,999571,4.525200425077686e-07,2024
910211,15603,4994387,4.520275431017102e-07,2024
853400,15587,2455873,4.5156401424894934e-07,2024
960820,15584,12491960,4.514771025890567e-07,2024
890600,15567,2313817,4.509846031829983e-07,2024
722830,15480,15531593,4.4846416504611126e-07,2024
841582,15436,15099844,4.4718946070101894e-07,2024
283326,15413,2199541,4.465231379751752e-07,2024
680520,15323,4147059,4.439157881783955e-07,2024
970500,15311,38384,4.435681415388249e-07,2024
080910,15275,1951,4.42525201620113e-07,2024
901730,15268,1050988,4.423224077470301e-07,2024
540774,15249,632785,4.4177196723437667e-07,2024
845710,15238,3054563,4.4145329114810355e-07,2024
902121,15197,1392271,4.402654984629039e-07,2024
400270,15139,45625,4.3858520637164586e-07,2024
330130,15137,25143,4.3852726526505077e-07,2024
390190,15119,72692076,4.380057953056948e-07,2024
310310,15108,179644,4.3768711921942174e-07,2024
870333,15103,27898322,4.37542266452934e-07,2024
482351,15068,440892,4.3652829708751965e-07,2024
170210,15062,1355573,4.3635447376773434e-07,2024
610453,15030,341419,4.354274160622127e-07,2024
820232,15028,3454236,4.3536947495561755e-07,2024
380110,15021,220665,4.351666810825347e-07,2024
620469,15008,2663824,4.347900638896665e-07,2024
520832,14987,897819,4.341816822704179e-07,2024
850120,14797,656087,4.2867727714388297e-07,2024
611490,14797,1796020,4.2867727714388297e-07,2024
720834,14769,919941,4.278661016515515e-07,2024
950490,14758,6055856,4.275474255652784e-07,2024
280490,14732,39784,4.2679419117954206e-07,2024
721050,14729,57556977,4.267072795196494e-07,2024
110610,14716,1572,4.2633066232678123e-07,2024
283529,14418,119084,4.176974374441106e-07,2024
902111,14386,6849592,4.167703797385889e-07,2024
741129,14379,801857,4.1656758586550605e-07,2024
621143,14362,2589404,4.160750864594477e-07,2024
681091,14257,114493,4.130331783632047e-07,2024
902480,14234,1212390,4.1236685563736096e-07,2024
844859,14119,503177,4.0903524200814244e-07,2024
850151,14100,2293065,4.0848480149548893e-07,2024
871690,14068,8358580,4.075577437899673e-07,2024
550953,14062,10285403,4.073839204701819e-07,2024
630493,14054,1767962,4.0715215604380153e-07,2024
660199,13866,2748026,4.0170569202386166e-07,2024
292129,13772,599928,3.9898246001389173e-07,2024
940150,13723,35995,3.9756290290231165e-07,2024
961700,13710,4286475,3.971862857094435e-07,2024
902920,13699,1213611,3.9686760962317044e-07,2024
730490,13672,1297793,3.960854046841365e-07,2024
611110,13626,10003,3.947527592324491e-07,2024
540773,13618,1355274,3.9452099480606865e-07,2024
850810,13531,8216906,3.920005566691816e-07,2024
391810,13454,9747836,3.8976982406527006e-07,2024
844319,13444,3738945,3.8948011853229453e-07,2024
850161,13418,1059829,3.887268841465582e-07,2024
851999,13413,415506,3.885820313800704e-07,2024
284160,13341,185911,3.8649615154264667e-07,2024
841920,13245,2299824,3.837149784260816e-07,2024
580620,13196,1971768,3.822954213145016e-07,2024
940130,13102,7249625,3.7957218930453164e-07,2024
200940,13090,0,3.79224542664961e-07,2024
282732,13085,2132545,3.790796898984732e-07,2024
630299,13083,20602,3.7902174879187814e-07,2024
390710,13033,213985,3.775732211270005e-07,2024
631010,12961,1301,3.7548734128957677e-07,2024
560210,12849,515983,3.7224263932025087e-07,2024
030622,12819,0,3.713735227213243e-07,2024
440820,12638,113700,3.6612985257446733e-07,2024
220600,12606,632621,3.652027948689456e-07,2024
630292,12561,19781,3.6389911997055577e-07,2024
650610,12540,11122181,3.632907383513072e-07,2024
290129,12536,101584,3.6317485613811696e-07,2024
690290,12509,333941,3.6239265119908306e-07,2024
291219,12508,595838,3.623636806457855e-07,2024
330410,12491,8623552,3.618711812397271e-07,2024
701810,12461,2940355,3.6100206464080053e-07,2024
960350,12434,1247962,3.6021985970176663e-07,2024
720923,12420,5022009,3.598142719556009e-07,2024
070110,12404,144155,3.5935074310284006e-07,2024
490700,12353,116403,3.578732448846649e-07,2024
681130,12334,26399,3.573228043720114e-07,2024
732410,12321,6756179,3.569461871791432e-07,2024
360200,12253,11586346,3.549761895549096e-07,2024
950662,12199,4415815,3.5341177967684183e-07,2024
110819,12143,54443,3.5178942869217885e-07,2024
480820,12120,9204,3.511231059663352e-07,2024
850620,12112,442620,3.5089134153995474e-07,2024
854411,12106,7241097,3.5071751822016944e-07,2024
482319,12034,921300,3.486316383827457e-07,2024
730431,12013,1023897,3.4802325676349704e-07,2024
630392,12011,3698457,3.4796531565690196e-07,2024
401490,11956,419454,3.463719352255366e-07,2024
910700,11952,1070563,3.4625605301234636e-07,2024
830890,11940,666048,3.4590840637277575e-07,2024
610349,11892,95192,3.445178198144932e-07,2024
870831,11861,5526486,3.436197326622691e-07,2024
730441,11835,912521,3.4286649827653275e-07,2024
390490,11816,49133,3.4231605776387925e-07,2024
050900,11732,417620,3.3988253128688484e-07,2024
721190,11681,4590,3.384050330687097e-07,2024
732394,11625,494168,3.367826820840467e-07,2024
640340,11615,903945,3.364929765510712e-07,2024
960190,11578,11873,3.3542106607906176e-07,2024
732113,11576,1303009,3.353631249724667e-07,2024
621050,11528,1752790,3.3397253841418414e-07,2024
070490,11502,0,3.332193040284478e-07,2024
630622,11501,2566957,3.3319033347515025e-07,2024
920290,11499,652002,3.331323923685551e-07,2024
720833,11453,4377847,3.317997469168677e-07,2024
880110,11323,0,3.280335749881859e-07,2024
870891,11322,9306006,3.2800460443488836e-07,2024
320411,11265,3020364,3.2635328289692785e-07,2024
721520,11257,476296,3.2612151847054746e-07,2024
741220,11254,1891039,3.260346068106548e-07,2024
841239,11210,396098,3.2475990246556247e-07,2024
950291,11210,974816,3.2475990246556247e-07,2024
283521,11196,92471,3.243543147193967e-07,2024
511219,11146,54771,3.229057870545191e-07,2024
611130,11102,364377,3.2163108270942684e-07,2024
110814,11086,1052688,3.2116755385666596e-07,2024
610120,11059,347380,3.2038534891763207e-07,2024
070940,11057,0,3.2032740781103693e-07,2024
730640,11050,3372578,3.201246139379541e-07,2024
391310,11004,778904,3.187919684862667e-07,2024
330122,10984,60248,3.1821255742031564e-07,2024
901600,10915,665168,3.162135892427845e-07,2024
853310,10898,27837,3.1572108983672615e-07,2024
711019,10860,4287,3.1462020881141914e-07,2024
721690,10839,205959,3.1401182719217055e-07,2024
080540,10828,14762,3.136931511058975e-07,2024
620453,10825,731690,3.136062394460048e-07,2024
293379,10817,760907,3.1337447501962436e-07,2024
621290,10811,665213,3.1320065169983906e-07,2024
870810,10801,8763844,3.1291094616686354e-07,2024
482090,10782,152861,3.1236050565421003e-07,2024
851190,10753,2310537,3.11520359608581e-07,2024
842420,10698,3530520,3.099269791772156e-07,2024
630130,10676,60811,3.092896270046695e-07,2024
870421,10625,131211242,3.0781212878649433e-07,2024
600230,10608,30817458,3.073196293804359e-07,2024
851720,10526,4886433,3.0494404401003663e-07,2024
701399,10451,3182435,3.027712525127202e-07,2024
292230,10435,1786485,3.023077236599594e-07,2024
830629,10374,1528610,3.0054051990880864e-07,2024
560790,10342,255630,2.99613462203287e-07,2024
080212,10323,7628331,2.990630216906335e-07,2024
630621,10238,455171,2.9660052466034153e-07,2024
620412,10163,5464,2.944277331630251e-07,2024
843850,10051,4429285,2.9118303119369926e-07,2024
852820,10001,185287,2.8973450352882164e-07,2024
843330,9884,86153,2.86344948793008e-07,2024
680299,9870,740514,2.8593936104684224e-07,2024
340410,9855,837658,2.8550480274737895e-07,2024
330121,9852,53145,2.854178910874863e-07,2024
441900,9850,1613117,2.853599499808912e-07,2024
100110,9830,30185133,2.8478053891494014e-07,2024
843360,9825,894430,2.846356861484524e-07,2024
730300,9804,414939,2.840273045292038e-07,2024
330111,9738,12237,2.8211524801156534e-07,2024
740722,9727,89286,2.817965719252923e-07,2024
150910,9688,22085638,2.806667203466877e-07,2024
300431,9656,9457512,2.79739662641166e-07,2024
630240,9604,19874,2.782331938696933e-07,2024
848220,9592,2513955,2.778855472301227e-07,2024
853529,9582,1649631,2.775958416971472e-07,2024
581092,9537,1886578,2.7629216679875733e-07,2024
820140,9433,1036052,2.7327922925581187e-07,2024
292520,9376,2279898,2.7162790771785135e-07,2024
540752,9365,27640567,2.713092316315783e-07,2024
701890,9347,1170035,2.707877616722223e-07,2024
291513,9315,22455,2.6986070396670067e-07,2024
848030,9309,194486,2.6968688064691536e-07,2024
831190,9293,789250,2.6922335179415454e-07,2024
940290,9291,7851059,2.691654106875594e-07,2024
270750,9195,479624812,2.663842375709944e-07,2024
843810,9189,7095202,2.662104142512091e-07,2024
851632,9125,2992923,2.643562988401657e-07,2024
283523,9041,74674,2.619227723631713e-07,2024
700991,9036,2498720,2.6177791959668355e-07,2024
790790,8991,369161,2.604742446982937e-07,2024
320643,8990,318689,2.6044527414499615e-07,2024
381129,8941,261605,2.5902571703341607e-07,2024
903031,8939,919650,2.58967775926821e-07,2024
871496,8856,762501,2.565632200031241e-07,2024
846890,8840,573210,2.560996911503633e-07,2024
830250,8816,2703547,2.55404397871222e-07,2024
560750,8796,5093887,2.54824986805271e-07,2024
491000,8788,259095,2.5459322237889054e-07,2024
400910,8754,1106310,2.5360822356677374e-07,2024
620729,8730,22590,2.5291293028763253e-07,2024
821210,8717,7407604,2.5253631309476433e-07,2024
900211,8671,1883756,2.5120366764307693e-07,2024
640391,8659,5811514,2.5085602100350627e-07,2024
621520,8648,395577,2.505373449172332e-07,2024
841620,8647,817663,2.5050837436393566e-07,2024
851671,8643,3299786,2.5039249215074544e-07,2024
660110,8540,2014381,2.4740852516109753e-07,2024
151530,8520,21243,2.468291140951465e-07,2024
610220,8475,299546,2.455254391967566e-07,2024
292143,8434,2744,2.44337646511557e-07,2024
120890,8427,11639,2.4413485263847414e-07,2024
381900,8418,3511208,2.4387411765879616e-07,2024
293359,8418,1799321,2.4387411765879616e-07,2024
732393,8346,15227601,2.417882378213724e-07,2024
251690,8294,64486,2.4028176904989965e-07,2024
851130,8258,2420198,2.392388291311878e-07,2024
831000,8258,348450,2.392388291311878e-07,2024
660191,8229,2558636,2.3839868308555875e-07,2024
392069,8227,1642780,2.3834074197896364e-07,2024
760720,8211,4265672,2.378772131262028e-07,2024
901910,8199,4888349,2.3752956648663218e-07,2024
160239,8190,2427451,2.372688315069542e-07,2024
230630,8179,0,2.3695015542068113e-07,2024
843991,8142,1350377,2.358782449486717e-07,2024
880190,8109,0,2.3492221668985246e-07,2024
790600,8074,331519,2.3390824732443813e-07,2024
890710,8071,90204,2.3382133566454548e-07,2024
620292,8064,622052,2.336185417914626e-07,2024
721530,8054,339897,2.3332883625848708e-07,2024
853329,8039,227732,2.328942779590238e-07,2024
960622,7990,482608,2.3147472084744372e-07,2024
840734,7928,5658461,2.2967854654299547e-07,2024
071210,7918,149383,2.2938884101001995e-07,2024
750511,7885,98271,2.2843281275120072e-07,2024
280410,7873,4859,2.280851661116301e-07,2024
760691,7871,2816903,2.2802722500503498e-07,2024
392030,7831,739269,2.2686840287313288e-07,2024
848299,7826,800150,2.2672355010664512e-07,2024
030261,7817,0,2.2646281512696717e-07,2024
190510,7766,6235,2.2498531690879198e-07,2024
841420,7744,866504,2.2434796473624585e-07,2024
580410,7648,744706,2.215667916196808e-07,2024
640520,7613,393952,2.2055282225426647e-07,2024
920590,7612,333989,2.2052385170096893e-07,2024
841311,7592,2129446,2.1994444063501788e-07,2024
902910,7586,519483,2.1977061731523255e-07,2024
940560,7557,939176,2.1893047126960352e-07,2024
540239,7550,160782,2.1872767739652068e-07,2024
290314,7547,0,2.18640765736628e-07,2024
850880,7533,16491984,2.1823517799046228e-07,2024
620349,7484,681973,2.168156208788822e-07,2024
420330,7484,761790,2.168156208788822e-07,2024
630253,7407,747992,2.1458488827497067e-07,2024
460290,7404,290058,2.1449797661507802e-07,2024
620332,7391,309033,2.1412135942220984e-07,2024
340540,7385,1145860,2.139475361024245e-07,2024
903130,7366,189945,2.1339709558977103e-07,2024
843020,7355,39819,2.1307841950349794e-07,2024
843280,7345,1823406,2.1278871397052241e-07,2024
730439,7322,2256020,2.1212239124467872e-07,2024
610892,7312,2663831,2.118326857117032e-07,2024
842430,7311,4454282,2.1180371515840565e-07,2024
701820,7293,2743397,2.112822451990497e-07,2024
480441,7273,10668,2.1070283413309867e-07,2024
570299,7269,105539,2.1058695191990845e-07,2024
610711,7262,810032,2.1038415804682557e-07,2024
600249,7251,541154,2.100654819605525e-07,2024
283800,7218,163326,2.0910945370173326e-07,2024
581099,7207,23523,2.087907776154602e-07,2024
121230,7202,66862,2.0864592484897243e-07,2024
251400,7183,34228,2.0809548433631893e-07,2024
481140,7160,434116,2.0742916161047523e-07,2024
290517,7155,515528,2.0728430884398746e-07,2024
291539,7149,8523602,2.0711048552420216e-07,2024
721912,7137,128216,2.0676283888463153e-07,2024
441299,7100,101308,2.0569092841262208e-07,2024
050400,7088,4442001,2.0534328177305145e-07,2024
400930,7067,2943677,2.0473490015380286e-07,2024
860699,7061,10178,2.0456107683401753e-07,2024
700529,7044,6513054,2.0406857742795916e-07,2024
610831,7043,590905,2.040396068746616e-07,2024
890310,7000,143096,2.0279387308286685e-07,2024
293625,6981,1928550,2.0224343257021334e-07,2024
871493,6981,353531,2.0224343257021334e-07,2024
721733,6859,1482960,1.9870902506791195e-07,2024
845939,6842,131550,1.9821652566185358e-07,2024
610110,6770,64237,1.961306458244298e-07,2024
730290,6749,55698,1.9552226420518118e-07,2024
853290,6748,541759,1.9549329365188364e-07,2024
040900,6726,0,1.9485594147933749e-07,2024
610190,6712,63692,1.9445035373317174e-07,2024
292700,6683,94174,1.9361020768754274e-07,2024
380999,6611,561337,1.9152432785011896e-07,2024
700910,6579,3369586,1.9059727014459728e-07,2024
741820,6578,427330,1.9056829959129974e-07,2024
691310,6558,1855631,1.899888885253487e-07,2024
121299,6539,60708,1.8943844801269519e-07,2024
920930,6536,173689,1.8935153635280253e-07,2024
820780,6533,209647,1.8926462469290988e-07,2024
293229,6519,1423390,1.8885903694674414e-07,2024
841392,6504,450100,1.8842447864728085e-07,2024
901090,6451,372431,1.8688903932251058e-07,2024
840490,6409,47385,1.8567227608401338e-07,2024
080290,6405,561529,1.8555639387082316e-07,2024
851850,6291,1149890,1.8225375079490218e-07,2024
630210,6284,56779,1.8205095692181933e-07,2024
630612,6274,306187,1.817612513888438e-07,2024
130120,6257,360102,1.812687519827854e-07,2024
611211,6256,132922,1.8123978142948784e-07,2024
620341,6221,130323,1.802258120640735e-07,2024
821194,6203,282028,1.7970434210471757e-07,2024
850980,6193,3812270,1.7941463657174205e-07,2024
848079,6168,1834206,1.7869037273930324e-07,2024
854330,6160,163648,1.7845860831292283e-07,2024
850240,6149,93724,1.7813993222664973e-07,2024
731290,6143,1656523,1.7796610890686443e-07,2024
520849,6127,295943,1.775025800541036e-07,2024
071040,6119,1551325,1.7727081562772316e-07,2024
400829,6090,566490,1.7643066958209416e-07,2024
441510,6078,1543301,1.7608302294252353e-07,2024
841510,6071,51121246,1.7588022906944066e-07,2024
070930,6070,0,1.7585125851614311e-07,2024
251319,6052,26716,1.7532978855678718e-07,2024
720832,6042,5430696,1.7504008302381165e-07,2024
961320,6040,164414,1.7498214191721654e-07,2024
070951,6036,806,1.7486625970402632e-07,2024
720922,6018,3087868,1.7434478974467038e-07,2024
845522,5996,1604443,1.7370743757212423e-07,2024
731590,5981,624376,1.7327287927266094e-07,2024
540832,5969,6835,1.729252326330903e-07,2024
841821,5955,12852127,1.725196448869246e-07,2024
750610,5935,0,1.7194023382097354e-07,2024
701790,5919,657189,1.714767049682127e-07,2024
842531,5918,720245,1.7144773441491515e-07,2024
401590,5918,621403,1.7144773441491515e-07,2024
560500,5903,120157,1.7101317611545186e-07,2024
846711,5896,836479,1.70810382242369e-07,2024
390130,5883,4429290,1.7043376504950081e-07,2024
851890,5839,1761596,1.691590607044085e-07,2024
732090,5825,464524,1.6875347295824276e-07,2024
390461,5823,247253,1.6869553185164767e-07,2024
870894,5819,8952704,1.6857964963845745e-07,2024
283630,5818,1798445,1.685506790851599e-07,2024
381519,5793,477767,1.678264152527211e-07,2024
390520,5742,1837569,1.6634891703454591e-07,2024
390519,5725,5972050,1.6585641762848752e-07,2024
851821,5723,10565602,1.6579847652189243e-07,2024
540610,5722,149486,1.6576950596859487e-07,2024
846792,5721,429776,1.6574053541529732e-07,2024
853224,5718,26558,1.6565362375540467e-07,2024
720510,5714,222039,1.6553774154221445e-07,2024
871640,5705,903428,1.6527700656253647e-07,2024
870710,5699,77113,1.6510318324275117e-07,2024
551349,5689,160978,1.6481347770977564e-07,2024
901720,5662,1719629,1.6403127277074172e-07,2024
620620,5658,6638,1.639153905575515e-07,2024
910229,5652,693836,1.637415672377662e-07,2024
710490,5568,55706,1.613080407607718e-07,2024
330730,5508,217290,1.5956980756291865e-07,2024
110520,5502,123523,1.5939598424313334e-07,2024
281123,5500,113663,1.5933804313653823e-07,2024
851629,5495,1419876,1.5919319037005047e-07,2024
820420,5492,2786714,1.5910627871015782e-07,2024
560221,5490,59096,1.590483376035627e-07,2024
430219,5487,12538,1.5896142594367006e-07,2024
420219,5486,72505,1.589324553903725e-07,2024
381800,5474,14645,1.5858480875080188e-07,2024
300620,5448,1080349,1.578315743650655e-07,2024
610322,5437,463352,1.5751289827879244e-07,2024
610469,5436,585929,1.5748392772549487e-07,2024
848240,5427,360897,1.5722319274581692e-07,2024
271210,5414,615708,1.5684657555294874e-07,2024
844540,5400,337025,1.56440987806783e-07,2024
040390,5383,270338,1.559484884007246e-07,2024
901390,5379,556673,1.5583260618753438e-07,2024
920890,5377,130414,1.557746650809393e-07,2024
850220,5374,40960361,1.5568775342104662e-07,2024
321519,5370,18263706,1.5557187120785643e-07,2024
290719,5339,830606,1.5467378405563229e-07,2024
700600,5311,4595044,1.5386260856330083e-07,2024
390791,5309,4026863,1.5380466745670572e-07,2024
540249,5258,1448312,1.5232716923853056e-07,2024
847619,5237,472739,1.5171878761928197e-07,2024
530929,5229,25725,1.5148702319290153e-07,2024
611691,5210,15664,1.5093658268024805e-07,2024
846880,5204,209632,1.5076275936046272e-07,2024
100610,5151,3937754,1.4922732003569245e-07,2024
293610,5101,535601,1.4777879237081483e-07,2024
630232,5096,464339,1.4763393960432707e-07,2024
030612,5082,0,1.4722835185816132e-07,2024
841590,5056,35175767,1.4647511747242497e-07,2024
820840,5027,1653055,1.4563497142679594e-07,2024
610433,4946,791051,1.432883566096942e-07,2024
901780,4944,3117684,1.432304155030991e-07,2024
610341,4939,3117,1.4308556273661134e-07,2024
481420,4935,567041,1.4296968052342112e-07,2024
731449,4890,459710,1.4166600562503126e-07,2024
902990,4877,214981,1.4128938843216309e-07,2024
600241,4867,370908,1.4099968289918756e-07,2024
151319,4867,749523,1.4099968289918756e-07,2024
850611,4841,6337316,1.402464485134512e-07,2024
722920,4817,527987,1.3955115523430994e-07,2024
630800,4814,1766,1.394642435744173e-07,2024
960920,4812,103736,1.3940630246782218e-07,2024
850820,4804,2337892,1.3917453804144177e-07,2024
740710,4757,2881998,1.378129220364568e-07,2024
848510,4723,1107815,1.3682792322434e-07,2024
292211,4712,676625,1.3650924713806694e-07,2024
731821,4709,389691,1.364223354781743e-07,2024
610452,4706,157904,1.3633542381828161e-07,2024
846692,4689,2016457,1.3584292441222324e-07,2024
620323,4661,171634,1.3503174891989176e-07,2024
320630,4660,163094,1.3500277836659422e-07,2024
540771,4628,332769,1.3407572066107253e-07,2024
392530,4616,1162086,1.337280740215019e-07,2024
830810,4612,1456704,1.336121918083117e-07,2024
691410,4586,142627,1.3285895742257533e-07,2024
620312,4583,2557340,1.3277204576268268e-07,2024
720924,4532,1280253,1.3129454754450752e-07,2024
251520,4530,1638,1.312366064379124e-07,2024
820340,4509,298058,1.306282248186638e-07,2024
630312,4487,273216,1.2999087264611766e-07,2024
570500,4487,4041645,1.2999087264611766e-07,2024
030221,4425,0,1.281946983416694e-07,2024
570330,4424,5233352,1.2816572778837184e-07,2024
290290,4414,422983,1.2787602225539632e-07,2024
091091,4380,41920,1.2689102344327955e-07,2024
902129,4356,1156657,1.2619573016413828e-07,2024
940550,4349,876658,1.259929362910554e-07,2024
848049,4328,293637,1.2538455467180682e-07,2024
730793,4319,903087,1.2512381969212884e-07,2024
030329,4309,0,1.2483411415915332e-07,2024
220510,4299,456632,1.245444086261778e-07,2024
670210,4275,6179824,1.2384911534703653e-07,2024
820580,4256,54393,1.2329867483438305e-07,2024
845390,4243,250418,1.2292205764151487e-07,2024
470329,4225,1621647,1.224005876821589e-07,2024
722220,4218,1517523,1.2219779380907606e-07,2024
701339,4217,13101239,1.221688232557785e-07,2024
621112,4216,67235,1.2213985270248095e-07,2024
840721,4200,12595412,1.216763238497201e-07,2024
620892,4197,174941,1.2158941218982745e-07,2024
590320,4168,5690782,1.2074926614419844e-07,2024
846799,4158,621207,1.2045956061122292e-07,2024
730451,4151,1708107,1.2025676673814005e-07,2024
843629,4146,9415117,1.2011191397165229e-07,2024
871190,4138,22087497,1.1988014954527187e-07,2024
681599,4124,889302,1.1947456179910613e-07,2024
960990,4117,606037,1.1927176792602326e-07,2024
853321,4036,56957,1.1692515310892151e-07,2024
591000,4000,906576,1.1588221319020962e-07,2024
853990,3975,388601,1.1515794935777081e-07,2024
250200,3967,20780,1.149261849313904e-07,2024
600243,3962,8419272,1.1478133216490264e-07,2024
320620,3949,827088,1.1440471497203445e-07,2024
843790,3941,1800483,1.1417295054565404e-07,2024
551521,3938,130784,1.1408603888576137e-07,2024
610449,3926,149720,1.1373839224619075e-07,2024
845320,3925,367470,1.137094216928932e-07,2024
252020,3905,1405549,1.1313001062694215e-07,2024
780600,3902,257039,1.130430989670495e-07,2024
390910,3900,3735237,1.1298515786045439e-07,2024
853229,3895,1078248,1.1284030509396662e-07,2024
621440,3890,19504,1.1269545232747886e-07,2024
281129,3889,79561,1.1266648177418131e-07,2024
701200,3874,52882,1.1223192347471802e-07,2024
610290,3867,33590,1.1202912960163516e-07,2024
721713,3858,833483,1.1176839462195718e-07,2024
620791,3848,212976,1.1147868908898166e-07,2024
844849,3845,1877033,1.11391777429089e-07,2024
960810,3814,7670436,1.1049369027686488e-07,2024
640359,3804,471655,1.1020398474388936e-07,2024
960500,3797,279894,1.1000119087080648e-07,2024
961590,3787,345730,1.0971148533783096e-07,2024
291570,3783,2357301,1.0959560312464075e-07,2024
853222,3777,231189,1.0942177980485544e-07,2024
070420,3775,0,1.0936383869826034e-07,2024
621141,3771,26918,1.0924795648507012e-07,2024
280300,3758,7207045,1.0887133929220194e-07,2024
600122,3744,1346300,1.0846575154603621e-07,2024
900150,3727,9669184,1.0797325213997782e-07,2024
540269,3723,397771,1.0785736992678761e-07,2024
731589,3707,407338,1.0739384107402677e-07,2024
845020,3705,52505303,1.0733589996743166e-07,2024
150100,3693,2690405,1.0698825332786104e-07,2024
903020,3687,137786,1.0681443000807572e-07,2024
071190,3678,543806,1.0655369502839775e-07,2024
700711,3660,626107,1.060322250690418e-07,2024
850432,3660,348044,1.060322250690418e-07,2024
842630,3654,22677,1.058584017492565e-07,2024
690911,3648,91091,1.0568457842947118e-07,2024
741991,3600,368947,1.0429399187118866e-07,2024
960330,3597,1664744,1.0420708021129601e-07,2024
391710,3590,9858426,1.0400428633821314e-07,2024
854790,3567,997554,1.0333796361236944e-07,2024
611692,3565,89854,1.0328002250577433e-07,2024
620119,3549,338445,1.0281649365301349e-07,2024
722520,3544,345631,1.0267164088652572e-07,2024
293311,3526,35502,1.0215017092716979e-07,2024
620451,3505,12073,1.0154178930792119e-07,2024
845130,3500,424254,1.0139693654143342e-07,2024
900630,3499,48231,1.0136796598813587e-07,2024
401511,3490,1419841,1.011072310084579e-07,2024
292250,3473,8579225,1.006147316023995e-07,2024
291631,3468,445814,1.0046987883591174e-07,2024
846231,3466,324486,1.0041193772931665e-07,2024
630492,3458,391873,1.0018017330293622e-07,2024
902830,3425,5890357,9.9224145044117e-08,2024
730240,3420,106460,9.907929227762923e-08,2024
940520,3405,2666705,9.864473397816595e-08,2024
871110,3400,197916,9.849988121167819e-08,2024
293390,3366,1504926,9.75148823995614e-08,2024
846691,3361,333851,9.737002963307363e-08,2024
730220,3343,27591,9.68485596737177e-08,2024
630520,3339,66542,9.673267746052749e-08,2024
640699,3327,3711480,9.638503082095685e-08,2024
610311,3326,108516,9.63560602676593e-08,2024
732112,3319,163572,9.615326639457644e-08,2024
960720,3307,881563,9.580561975500581e-08,2024
253040,3304,52463,9.571870809511316e-08,2024
830621,3278,214332,9.496547370937679e-08,2024
620920,3271,997061,9.476267983629392e-08,2024
720913,3271,1458707,9.476267983629392e-08,2024
540620,3260,83794,9.444400375002084e-08,2024
420239,3260,63095,9.444400375002084e-08,2024
090220,3260,107715,9.444400375002084e-08,2024
230110,3258,65733364,9.438606264342574e-08,2024
750720,3224,283085,9.340106383130895e-08,2024
854690,3221,1420800,9.33141521714163e-08,2024
851840,3207,3142655,9.290856442525057e-08,2024
080120,3206,219948,9.287959387195302e-08,2024
950299,3199,331011,9.267679999887014e-08,2024
732290,3182,3309323,9.218430059281176e-08,2024
140110,3176,0,9.201047727302644e-08,2024
520299,3162,39200,9.160488952686071e-08,2024
340212,3156,2142705,9.14310662070754e-08,2024
730721,3142,375026,9.102547846090967e-08,2024
620212,3135,281873,9.08226845878268e-08,2024
830150,3113,90872,9.018533241528064e-08,2024
610339,3098,259828,8.975077411581735e-08,2024
621139,3066,1553065,8.882371641029568e-08,2024
720814,3053,18115140,8.84470992174275e-08,2024
482370,3041,2779476,8.809945257785687e-08,2024
851150,3038,16453987,8.801254091796421e-08,2024
780300,3020,198948,8.749107095860827e-08,2024
282590,3019,806700,8.746210040531072e-08,2024
290516,3018,253906,8.743312985201316e-08,2024
851490,3012,422860,8.725930653222784e-08,2024
481021,3001,2048366,8.694063044595477e-08,2024
854110,2998,198602,8.685371878606211e-08,2024
900290,2974,219611,8.615842550692086e-08,2024
293329,2971,1770903,8.60715138470282e-08,2024
441199,2964,14009,8.586871997394534e-08,2024
850740,2962,113107,8.581077886735023e-08,2024
846249,2950,271428,8.54631322277796e-08,2024
121292,2926,27169,8.476783894863834e-08,2024
560710,2909,79354,8.427533954257996e-08,2024
620422,2899,208268,8.398563400960443e-08,2024
843311,2888,2430266,8.366695792333135e-08,2024
681020,2861,231519,8.288475298429743e-08,2024
901110,2859,2126383,8.282681187770234e-08,2024
610432,2840,411726,8.227637136504883e-08,2024
846299,2825,477292,8.184181306558555e-08,2024
284210,2813,324282,8.149416642601492e-08,2024
293219,2806,803320,8.129137255293205e-08,2024
030233,2800,13829,8.111754923314674e-08,2024
611699,2782,109344,8.05960792737908e-08,2024
621131,2780,1408028,8.053813816719569e-08,2024
620423,2763,447132,8.004563876113729e-08,2024
290512,2759,5325900,7.992975654794709e-08,2024
293490,2746,2781429,7.955313935507891e-08,2024
080250,2745,516744,7.952416880178136e-08,2024
720914,2719,768312,7.877093441604499e-08,2024
961000,2674,1247526,7.746725951765513e-08,2024
640420,2670,143315,7.735137730446493e-08,2024
610422,2660,493471,7.70616717714894e-08,2024
844090,2651,260171,7.680093679181144e-08,2024
870120,2640,51637448,7.648226070553836e-08,2024
841320,2635,1229005,7.63374079390506e-08,2024
820790,2610,1652202,7.561314410661179e-08,2024
650691,2590,361261,7.503373304066074e-08,2024
611599,2581,47041,7.477299806098276e-08,2024
721210,2559,125844,7.413564588843661e-08,2024
853921,2554,1637734,7.399079312194885e-08,2024
251749,2549,2860060,7.384594035546109e-08,2024
848291,2543,453766,7.367211703567577e-08,2024
630419,2524,280459,7.312167652302228e-08,2024
081010,2522,0,7.306373541642717e-08,2024
741529,2504,106998,7.254226545707123e-08,2024
610411,2498,11567,7.236844213728591e-08,2024
841583,2490,3076639,7.213667771090549e-08,2024
846150,2475,787829,7.17021194114422e-08,2024
870332,2471,12641503,7.1586237198252e-08,2024
830260,2411,1268824,6.984800400039885e-08,2024
610429,2409,6661,6.979006289380374e-08,2024
080410,2394,175786,6.935550459434046e-08,2024
610412,2390,11069,6.923962238115025e-08,2024
010120,2384,27035,6.906579906136493e-08,2024
480710,2383,16370,6.903682850806739e-08,2024
340510,2374,803598,6.877609352838941e-08,2024
120991,2371,19696461,6.868918186849676e-08,2024
480630,2363,103213,6.845741744211633e-08,2024
940530,2354,4329205,6.819668246243836e-08,2024
070890,2348,0,6.802285914265304e-08,2024
090950,2335,320503,6.764624194978487e-08,2024
940421,2321,397657,6.724065420361914e-08,2024
530919,2317,194873,6.712477199042893e-08,2024
840310,2300,187988,6.663227258437054e-08,2024
722510,2297,2297113,6.654536092447787e-08,2024
845229,2296,2688470,6.651639037118033e-08,2024
500720,2275,9575,6.590800875193173e-08,2024
441400,2274,353513,6.587903819863417e-08,2024
480442,2267,43590,6.56762443255513e-08,2024
251512,2265,1866,6.56183032189562e-08,2024
848110,2259,4465325,6.544447989917089e-08,2024
842520,2251,117175,6.521271547279047e-08,2024
580390,2241,78577,6.492300993981495e-08,2024
731700,2239,4849952,6.486506883321984e-08,2024
230660,2221,0,6.434359887386389e-08,2024
350190,2205,60577,6.388007002110306e-08,2024
820730,2187,1714203,6.335860006174711e-08,2024
848320,2173,888513,6.295301231558138e-08,2024
610419,2155,9980,6.243154235622544e-08,2024
620413,2154,123964,6.240257180292789e-08,2024
160100,2148,1058532,6.222874848314257e-08,2024
283539,2138,4775092,6.193904295016705e-08,2024
611410,2134,465643,6.182316073697684e-08,2024
340530,2130,995936,6.170727852378662e-08,2024
293930,2118,260225,6.1359631884216e-08,2024
480530,2104,632851,6.095404413805027e-08,2024
080930,2098,1909397,6.078022081826495e-08,2024
690600,2090,0,6.054845639188452e-08,2024
853510,2082,2182697,6.031669196550411e-08,2024
620792,2075,130484,6.011389809242124e-08,2024
940120,2073,1049178,6.005595698582614e-08,2024
853939,2021,712029,5.8549488214353414e-08,2024
200210,2011,378939,5.825978268137789e-08,2024
820810,2004,485855,5.8056988808295025e-08,2024
731813,2002,84037,5.7999047701699915e-08,2024
850410,1999,543349,5.791213604180726e-08,2024
903220,1998,506014,5.788316548850971e-08,2024
721049,1994,97600170,5.77672832753195e-08,2024
611219,1990,7031,5.765140106212929e-08,2024
721410,1986,254084,5.753551884893908e-08,2024
392061,1968,4828860,5.701404888958314e-08,2024
846820,1968,183754,5.701404888958314e-08,2024
540241,1961,1005705,5.681125501650027e-08,2024
291213,1954,112462,5.66084611434174e-08,2024
621600,1939,471635,5.6173902843954114e-08,2024
240130,1924,0,5.573934454449083e-08,2024
853661,1919,1716747,5.5594491778003067e-08,2024
960839,1903,191919,5.513096292524223e-08,2024
841919,1902,526341,5.510199237194468e-08,2024
530890,1897,47437,5.4957139605456916e-08,2024
480791,1895,19273,5.489919849886181e-08,2024
750120,1889,0,5.4725375179076495e-08,2024
570232,1879,203351,5.443566964610097e-08,2024
570241,1867,161582,5.4088023006530344e-08,2024
480550,1839,100028,5.327684751419888e-08,2024
950790,1817,678624,5.2639495341652726e-08,2024
721540,1811,76188,5.246567202186741e-08,2024
843340,1797,205963,5.206008427570167e-08,2024
871420,1785,978220,5.1712437636131045e-08,2024
820551,1784,4272451,5.1683467082833496e-08,2024
290549,1778,98720,5.150964376304818e-08,2024
901831,1741,8128457,5.043773329103874e-08,2024
610832,1738,807679,5.0350821631146084e-08,2024
253030,1722,38089,4.9887292778385244e-08,2024
961490,1722,19931,4.9887292778385244e-08,2024
440122,1715,0,4.968449890530238e-08,2024
481099,1710,937725,4.953964613881462e-08,2024
821300,1710,2959189,4.953964613881462e-08,2024
970200,1708,3698,4.948170503221951e-08,2024
290550,1688,25447,4.890229396626846e-08,2024
420400,1685,29465,4.881538230637581e-08,2024
090620,1668,72326,4.832288290031741e-08,2024
391400,1666,282786,4.826494179372231e-08,2024
611300,1664,448515,4.8207000687127205e-08,2024
920420,1646,103893,4.768553072777126e-08,2024
722540,1640,3991821,4.7511707407985944e-08,2024
902410,1628,217394,4.716406076841532e-08,2024
080222,1619,819062,4.690332578873735e-08,2024
300630,1603,3161859,4.643979693597651e-08,2024
481500,1602,1335607,4.641082638267895e-08,2024
620610,1597,92613,4.626597361619119e-08,2024
283323,1583,273219,4.586038587002546e-08,2024
392099,1552,2907504,4.4962298717801334e-08,2024
630291,1541,94544,4.4643622631528255e-08,2024
640230,1518,151609,4.3977299905684556e-08,2024
911410,1511,60498,4.3774506032601684e-08,2024
820570,1500,558313,4.345582994632861e-08,2024
551343,1491,42191,4.3195094966650637e-08,2024
392059,1486,85461,4.3050242200162875e-08,2024
300340,1485,21848,4.3021271646865326e-08,2024
441191,1484,7011,4.299230109356777e-08,2024
480429,1478,681895,4.2818477773782454e-08,2024
291734,1477,564583,4.2789507220484906e-08,2024
681510,1477,192515,4.2789507220484906e-08,2024
300120,1476,47387,4.276053666718735e-08,2024
870990,1476,413575,4.276053666718735e-08,2024
890510,1475,268127,4.27315661138898e-08,2024
841210,1472,12545,4.2644654453997144e-08,2024
481960,1467,143040,4.249980168750938e-08,2024
030339,1458,0,4.223906670783141e-08,2024
851822,1425,15321476,4.128303844901218e-08,2024
411100,1410,95809,4.084848014954889e-08,2024
320413,1396,1035693,4.044289240338316e-08,2024
841581,1394,2575864,4.038495129678806e-08,2024
250840,1390,2906125,4.0269069083597844e-08,2024
030270,1387,0,4.0182157423705186e-08,2024
853940,1375,946540,3.983451078413456e-08,2024
490900,1367,129520,3.960274635775414e-08,2024
080920,1363,12178272,3.948686414456393e-08,2024
610459,1363,59247,3.948686414456393e-08,2024
821192,1354,4194704,3.9226129164885956e-08,2024
830630,1338,227683,3.876260031212512e-08,2024
840820,1330,19813617,3.85308358857447e-08,2024
961800,1329,708160,3.850186533244715e-08,2024
820830,1328,1072768,3.84728947791496e-08,2024
960719,1324,1834750,3.8357012565959385e-08,2024
720912,1321,677921,3.8270100906066727e-08,2024
701710,1311,114069,3.79803953730912e-08,2024
590210,1309,775864,3.79224542664961e-08,2024
860390,1301,0,3.769068984011568e-08,2024
400920,1301,2538782,3.769068984011568e-08,2024
920410,1298,81053,3.760377818022302e-08,2024
360490,1289,121316,3.734304320054505e-08,2024
441830,1284,148373,3.719819043405729e-08,2024
841382,1283,155883,3.7169219880759735e-08,2024
210130,1271,1791469,3.682157324118911e-08,2024
900410,1263,4292881,3.658980881480869e-08,2024
590699,1254,235977,3.632907383513072e-08,2024
731519,1248,191980,3.61552505153454e-08,2024
910919,1240,24233,3.592348608896498e-08,2024
291535,1236,1846705,3.5807603875774775e-08,2024
853080,1233,3360713,3.5720692215882116e-08,2024
320210,1229,939245,3.560481000269191e-08,2024
741510,1224,311066,3.545995723620415e-08,2024
291534,1221,1825162,3.537304557631149e-08,2024
540242,1205,1138192,3.490951672355065e-08,2024
430213,1199,2111,3.473569340376534e-08,2024
711620,1197,678236,3.467775229717023e-08,2024
610331,1188,27642,3.441701731749226e-08,2024
551342,1187,33589,3.4388046764194705e-08,2024
830610,1184,347035,3.4301135104302046e-08,2024
611591,1183,10609,3.42721645510045e-08,2024
040299,1182,7327984,3.424319399770694e-08,2024
920300,1181,73746,3.4214223444409394e-08,2024
330124,1181,77386,3.4214223444409394e-08,2024
252390,1179,1030370,3.4156282337814284e-08,2024
820190,1176,415390,3.406937067792163e-08,2024
600242,1171,73805,3.392451791143387e-08,2024
530720,1163,24211,3.369275348505345e-08,2024
391731,1162,997662,3.3663782931755895e-08,2024
842382,1160,1331644,3.360584182516079e-08,2024
090700,1153,1327222,3.3403047952077927e-08,2024
580310,1146,40193,3.3200254078995055e-08,2024
851020,1145,2859096,3.3171283525697506e-08,2024
510111,1144,0,3.314231297239995e-08,2024
080221,1143,0,3.31133424191024e-08,2024
293500,1143,2669374,3.31133424191024e-08,2024
731990,1139,124382,3.299746020591219e-08,2024
961420,1138,13176,3.296848965261464e-08,2024
330530,1135,316293,3.288157799272198e-08,2024
848010,1127,42056,3.264981356634156e-08,2024
630629,1122,58566,3.25049607998538e-08,2024
610444,1113,361388,3.224422582017583e-08,2024
950430,1100,2298317,3.186760862730765e-08,2024
610329,1093,8133,3.166481475422478e-08,2024
731910,1091,119124,3.1606873647629674e-08,2024
480990,1082,1433147,3.1346138667951706e-08,2024
630252,1082,20116,3.1346138667951706e-08,2024
961410,1076,12454,3.117231534816639e-08,2024
610319,1074,57301,3.1114374241571285e-08,2024
680690,1067,404866,3.091158036848842e-08,2024
640220,1056,2670786,3.059290428221534e-08,2024
610312,1047,55881,3.033216930253737e-08,2024
620930,1044,240386,3.0245257642644714e-08,2024
252700,1033,22245,2.9926581556371635e-08,2024
853225,1029,643397,2.981069934318143e-08,2024
551411,1006,27848,2.9144376617337723e-08,2024
392051,989,2861432,2.865187721127933e-08,2024
630491,985,1042969,2.853599499808912e-08,2024
610431,957,7068,2.7724819505757652e-08,2024
620429,954,128490,2.7637907845864997e-08,2024
900510,951,705338,2.755099618597234e-08,2024
680510,951,1948983,2.755099618597234e-08,2024
610421,931,1927,2.697158512002129e-08,2024
460199,930,1089,2.694261456672374e-08,2024
851829,843,5798378,2.4422176429836678e-08,2024
621220,843,3458706,2.4422176429836678e-08,2024
401695,839,477344,2.4306294216646468e-08,2024
821420,830,1880120,2.40455592369685e-08,2024
732399,801,8415376,2.3205413191339476e-08,2024
020230,733,9527170,2.1235415567105914e-08,2024
670411,668,1472894,1.9352329602765006e-08,2024
848020,633,57526,1.8338360237350673e-08,2024
030212,626,3182,1.8135566364267808e-08,2024
021019,424,2279676,1.228351459816222e-08,2024
170112,255,0,7.387491090875863e-09,2024
481200,195,72626,5.649257893022719e-09,2024
290219,0,413500,0.0,2024
290230,0,2425663,0.0,2024
290241,0,276506,0.0,2024
621030,0,142284,0.0,2024
620459,0,381478,0.0,2024
620510,0,72115,0.0,2024
620711,0,174748,0.0,2024
591140,0,195241,0.0,2024
600110,0,618242,0.0,2024
600121,0,111826,0.0,2024
600129,0,10505,0.0,2024
600191,0,218358,0.0,2024
580900,0,3604,0.0,2024
581010,0,96452,0.0,2024
581091,0,45628,0.0,2024
581100,0,1157984,0.0,2024
590110,0,774439,0.0,2024
590190,0,926342,0.0,2024
580610,0,309249,0.0,2024
621230,0,1055635,0.0,2024
621310,0,31403,0.0,2024
620799,0,25487,0.0,2024
620811,0,3629,0.0,2024
620819,0,7786,0.0,2024
620821,0,93531,0.0,2024
620822,0,459647,0.0,2024
620829,0,80755,0.0,2024
620891,0,138825,0.0,2024
620899,0,63759,0.0,2024
620910,0,5399,0.0,2024
620990,0,33785,0.0,2024
621020,0,105214,0.0,2024
285100,0,1107560,0.0,2024
621320,0,12889,0.0,2024
621390,0,9515,0.0,2024
621111,0,337023,0.0,2024
621120,0,70437,0.0,2024
590220,0,1254698,0.0,2024
590410,0,7694,0.0,2024
590491,0,3103,0.0,2024
590492,0,9183,0.0,2024
590500,0,40031,0.0,2024
580230,0,105211,0.0,2024
580421,0,772859,0.0,2024
580429,0,17411,0.0,2024
580430,0,5584,0.0,2024
630221,0,198252,0.0,2024
630229,0,37903,0.0,2024
630231,0,861068,0.0,2024
630239,0,133369,0.0,2024
284329,0,4132,0.0,2024
284390,0,91280,0.0,2024
284410,0,2985,0.0,2024
284430,0,7475,0.0,2024
284590,0,14412,0.0,2024
284610,0,7247,0.0,2024
284690,0,20573,0.0,2024
284810,0,119991,0.0,2024
284890,0,390894,0.0,2024
284920,0,290180,0.0,2024
284990,0,29248,0.0,2024
285000,0,76051,0.0,2024
580122,0,167617,0.0,2024
580123,0,17953,0.0,2024
580124,0,1345,0.0,2024
580125,0,6042,0.0,2024
580126,0,7844,0.0,2024
580131,0,119571,0.0,2024
580132,0,132716,0.0,2024
580133,0,392108,0.0,2024
630311,0,5729,0.0,2024
630319,0,8820,0.0,2024
630391,0,53355,0.0,2024
630399,0,134965,0.0,2024
621510,0,91571,0.0,2024
621590,0,26002,0.0,2024
630110,0,23492,0.0,2024
630631,0,3344,0.0,2024
630649,0,52848,0.0,2024
630251,0,80534,0.0,2024
630259,0,14860,0.0,2024
630260,0,4376057,0.0,2024
630293,0,1727689,0.0,2024
580631,0,44418,0.0,2024
580639,0,57801,0.0,2024
580640,0,93369,0.0,2024
580710,0,364260,0.0,2024
580790,0,247249,0.0,2024
580810,0,47383,0.0,2024
580121,0,3699,0.0,2024
630611,0,16867,0.0,2024
630619,0,52671,0.0,2024
580136,0,1043198,0.0,2024
580190,0,801157,0.0,2024
580211,0,501230,0.0,2024
580219,0,380589,0.0,2024
580220,0,486320,0.0,2024
290614,0,10730,0.0,2024
290619,0,89605,0.0,2024
290621,0,65391,0.0,2024
290629,0,122211,0.0,2024
290712,0,21059,0.0,2024
290713,0,85622,0.0,2024
290714,0,140746,0.0,2024
290715,0,58196,0.0,2024
570252,0,23436,0.0,2024
570259,0,21094,0.0,2024
570291,0,57177,0.0,2024
284321,0,58914,0.0,2024
640351,0,51876,0.0,2024
630720,0,428377,0.0,2024
631090,0,25671,0.0,2024
640219,0,6164510,0.0,2024
640319,0,1974571,0.0,2024
640320,0,4894,0.0,2024
283990,0,221765,0.0,2024
284011,0,50371,0.0,2024
284019,0,1124799,0.0,2024
630411,0,2498,0.0,2024
284120,0,21351,0.0,2024
284130,0,55709,0.0,2024
284140,0,3808,0.0,2024
284150,0,32400,0.0,2024
284170,0,612137,0.0,2024
284190,0,84814,0.0,2024
290721,0,117050,0.0,2024
570390,0,314213,0.0,2024
580110,0,5947,0.0,2024
570231,0,23882,0.0,2024
570239,0,36312,0.0,2024
570242,0,687117,0.0,2024
570249,0,34384,0.0,2024
570251,0,12534,0.0,2024
640620,0,6241691,0.0,2024
640691,0,44382,0.0,2024
570310,0,97121,0.0,2024
570320,0,402147,0.0,2024
290544,0,459957,0.0,2024
560420,0,226651,0.0,2024
560490,0,94361,0.0,2024
560600,0,389216,0.0,2024
560721,0,110978,0.0,2024
560729,0,56114,0.0,2024
650700,0,314982,0.0,2024
284020,0,224613,0.0,2024
284030,0,29655,0.0,2024
284110,0,52844,0.0,2024
680530,0,2668233,0.0,2024
680610,0,1006429,0.0,2024
680620,0,317542,0.0,2024
660200,0,204723,0.0,2024
660310,0,2296,0.0,2024
660320,0,27277,0.0,2024
660390,0,15548,0.0,2024
670300,0,102215,0.0,2024
670420,0,107783,0.0,2024
670490,0,766160,0.0,2024
680210,0,121853,0.0,2024
680222,0,392034,0.0,2024
640510,0,1120359,0.0,2024
551694,0,48868,0.0,2024
560121,0,2670947,0.0,2024
560122,0,188175,0.0,2024
681210,0,24221,0.0,2024
681220,0,15049,0.0,2024
283620,0,6829474,0.0,2024
283640,0,357331,0.0,2024
680229,0,517737,0.0,2024
680292,0,137848,0.0,2024
680293,0,2527702,0.0,2024
680300,0,273222,0.0,2024
680410,0,160609,0.0,2024
680421,0,1011939,0.0,2024
680422,0,6491079,0.0,2024
680423,0,20267,0.0,2024
680430,0,523801,0.0,2024
681260,0,17974,0.0,2024
680919,0,1302707,0.0,2024
680990,0,32564,0.0,2024
681011,0,4680,0.0,2024
681120,0,3689542,0.0,2024
570110,0,61991,0.0,2024
570190,0,47751,0.0,2024
570210,0,71824,0.0,2024
570220,0,20588,0.0,2024
551624,0,8828,0.0,2024
551641,0,53255,0.0,2024
551642,0,6118,0.0,2024
551643,0,1140531,0.0,2024
551691,0,25008,0.0,2024
551692,0,257518,0.0,2024
551693,0,75874,0.0,2024
690310,0,258829,0.0,2024
690320,0,643788,0.0,2024
690390,0,507239,0.0,2024
283660,0,25356,0.0,2024
283670,0,25645,0.0,2024
283691,0,57270,0.0,2024
283693,0,140038,0.0,2024
283699,0,3535051,0.0,2024
283719,0,2717,0.0,2024
283720,0,1969,0.0,2024
283911,0,852816,0.0,2024
283919,0,258481,0.0,2024
283920,0,154687,0.0,2024
681230,0,4575,0.0,2024
681240,0,10518,0.0,2024
681250,0,39955,0.0,2024
551611,0,123757,0.0,2024
700210,0,15603,0.0,2024
700220,0,19244,0.0,2024
700231,0,12948,0.0,2024
700232,0,48810,0.0,2024
681270,0,82013,0.0,2024
681290,0,21390,0.0,2024
681390,0,324746,0.0,2024
681410,0,10045,0.0,2024
681490,0,16605,0.0,2024
681520,0,35786,0.0,2024
681591,0,512410,0.0,2024
690100,0,78354,0.0,2024
690210,0,2359765,0.0,2024
690220,0,862601,0.0,2024
700319,0,140907,0.0,2024
700320,0,156382,0.0,2024
690410,0,40668,0.0,2024
690590,0,8088,0.0,2024
690990,0,69451,0.0,2024
560129,0,2278,0.0,2024
560130,0,95830,0.0,2024
560229,0,207046,0.0,2024
560410,0,1074211,0.0,2024
551511,0,2507826,0.0,2024
551519,0,462951,0.0,2024
551522,0,34452,0.0,2024
551591,0,21982,0.0,2024
551592,0,4356,0.0,2024
551599,0,6745,0.0,2024
551431,0,4537,0.0,2024
551432,0,3513,0.0,2024
701010,0,829928,0.0,2024
701110,0,3041,0.0,2024
701190,0,9278,0.0,2024
701321,0,168942,0.0,2024
700239,0,5429,0.0,2024
283340,0,106626,0.0,2024
283410,0,423411,0.0,2024
283422,0,204248,0.0,2024
283429,0,994208,0.0,2024
283510,0,122290,0.0,2024
283522,0,247542,0.0,2024
283525,0,4663372,0.0,2024
283610,0,415276,0.0,2024
700530,0,9753,0.0,2024
700800,0,95061,0.0,2024
551612,0,1021509,0.0,2024
551613,0,119046,0.0,2024
551614,0,764152,0.0,2024
551621,0,4771,0.0,2024
551622,0,305995,0.0,2024
551623,0,89187,0.0,2024
551412,0,64693,0.0,2024
551413,0,165014,0.0,2024
551419,0,148249,0.0,2024
551421,0,174983,0.0,2024
551422,0,453257,0.0,2024
551423,0,244239,0.0,2024
551429,0,1530859,0.0,2024
710420,0,16323,0.0,2024
710510,0,4117,0.0,2024
710590,0,5080,0.0,2024
701331,0,77321,0.0,2024
701332,0,823396,0.0,2024
701400,0,1309767,0.0,2024
701510,0,34360,0.0,2024
701590,0,15090,0.0,2024
701610,0,402448,0.0,2024
701690,0,1243995,0.0,2024
701720,0,127082,0.0,2024
700410,0,233338,0.0,2024
700490,0,127466,0.0,2024
700510,0,2844862,0.0,2024
700521,0,4295688,0.0,2024
283319,0,191423,0.0,2024
283324,0,92009,0.0,2024
283325,0,7251863,0.0,2024
283327,0,34029,0.0,2024
711029,0,2983,0.0,2024
701910,0,1105936,0.0,2024
701932,0,173573,0.0,2024
710110,0,185932,0.0,2024
710122,0,260858,0.0,2024
710221,0,10301,0.0,2024
710239,0,96477,0.0,2024
710310,0,18737,0.0,2024
710391,0,23695,0.0,2024
710399,0,363238,0.0,2024
710410,0,2608,0.0,2024
551322,0,163931,0.0,2024
551323,0,547189,0.0,2024
551329,0,41754,0.0,2024
551331,0,248874,0.0,2024
551332,0,17367,0.0,2024
720110,0,208194,0.0,2024
720130,0,2540,0.0,2024
720219,0,439940,0.0,2024
720221,0,709100,0.0,2024
720229,0,90291,0.0,2024
710700,0,3401,0.0,2024
283110,0,209400,0.0,2024
283190,0,6048,0.0,2024
283220,0,64328,0.0,2024
283230,0,25827,0.0,2024
283311,0,3563067,0.0,2024
711419,0,5853,0.0,2024
711420,0,46119,0.0,2024
711590,0,97359,0.0,2024
711610,0,76762,0.0,2024
711711,0,49831,0.0,2024
551433,0,33128,0.0,2024
551439,0,12359,0.0,2024
551441,0,22556,0.0,2024
551442,0,27400,0.0,2024
551443,0,6976,0.0,2024
551449,0,19277,0.0,2024
551291,0,1512,0.0,2024
551312,0,5786,0.0,2024
551313,0,248419,0.0,2024
551319,0,121365,0.0,2024
720230,0,5074718,0.0,2024
720241,0,52328,0.0,2024
720249,0,12273,0.0,2024
720250,0,16613,0.0,2024
720270,0,90601,0.0,2024
720291,0,856,0.0,2024
720292,0,940485,0.0,2024
720299,0,86069,0.0,2024
720410,0,82479,0.0,2024
720429,0,1516653,0.0,2024
720521,0,11307,0.0,2024
720529,0,272491,0.0,2024
720610,0,19949,0.0,2024
720690,0,45997,0.0,2024
711320,0,281172,0.0,2024
711411,0,12877,0.0,2024
551030,0,88391,0.0,2024
551090,0,18695,0.0,2024
720931,0,98432,0.0,2024
720932,0,282961,0.0,2024
720933,0,1053964,0.0,2024
282735,0,16498,0.0,2024
282736,0,73982,0.0,2024
720712,0,25869,0.0,2024
720719,0,32805,0.0,2024
720811,0,273428,0.0,2024
720812,0,940873,0.0,2024
720813,0,550714,0.0,2024
720821,0,451845,0.0,2024
720823,0,14825462,0.0,2024
720831,0,828604,0.0,2024
720841,0,774912,0.0,2024
720942,0,458990,0.0,2024
720842,0,19385032,0.0,2024
720890,0,273873,0.0,2024
551333,0,61066,0.0,2024
551339,0,54597,0.0,2024
551341,0,1498868,0.0,2024
550959,0,98230,0.0,2024
550961,0,30563,0.0,2024
550991,0,22750,0.0,2024
550992,0,7349127,0.0,2024
550999,0,288324,0.0,2024
551011,0,63614,0.0,2024
551012,0,7715,0.0,2024
721121,0,1616013,0.0,2024
721122,0,93670,0.0,2024
282737,0,255926,0.0,2024
282738,0,215715,0.0,2024
282739,0,883338,0.0,2024
282741,0,371723,0.0,2024
282751,0,16115,0.0,2024
282760,0,206594,0.0,2024
282810,0,3929792,0.0,2024
282890,0,402851,0.0,2024
282919,0,185242,0.0,2024
282990,0,632211,0.0,2024
283020,0,4368,0.0,2024
283090,0,26709,0.0,2024
720934,0,60525,0.0,2024
720941,0,98197,0.0,2024
721339,0,372235,0.0,2024
721349,0,301693,0.0,2024
721430,0,45329,0.0,2024
720943,0,1773221,0.0,2024
720944,0,83021,0.0,2024
720990,0,503272,0.0,2024
721011,0,1813355,0.0,2024
721020,0,1024718,0.0,2024
721031,0,14368,0.0,2024
721039,0,110189,0.0,2024
721060,0,42379604,0.0,2024
721111,0,137093,0.0,2024
721112,0,63212,0.0,2024
721119,0,602230,0.0,2024
282611,0,224670,0.0,2024
282619,0,445880,0.0,2024
282690,0,18083,0.0,2024
282710,0,212116,0.0,2024
282720,0,413567,0.0,2024
282731,0,376907,0.0,2024
721129,0,1686805,0.0,2024
721130,0,374802,0.0,2024
721141,0,777269,0.0,2024
721149,0,6002,0.0,2024
721221,0,1058931,0.0,2024
721229,0,1260030,0.0,2024
721230,0,1634421,0.0,2024
721250,0,571461,0.0,2024
721260,0,81143,0.0,2024
721320,0,48140,0.0,2024
550610,0,223413,0.0,2024
550620,0,381739,0.0,2024
550630,0,463123,0.0,2024
550690,0,87384,0.0,2024
550700,0,46740,0.0,2024
550810,0,3390824,0.0,2024
550820,0,70228,0.0,2024
550911,0,13344,0.0,2024
721723,0,158771,0.0,2024
721510,0,301422,0.0,2024
282490,0,648108,0.0,2024
282510,0,57190,0.0,2024
282520,0,144503,0.0,2024
282550,0,145034,0.0,2024
282560,0,33384,0.0,2024
282580,0,211584,0.0,2024
721932,0,1962024,0.0,2024
721934,0,10017081,0.0,2024
282733,0,164877,0.0,2024
282734,0,129002,0.0,2024
721590,0,237874,0.0,2024
721610,0,150298,0.0,2024
721632,0,2616617,0.0,2024
721640,0,409792,0.0,2024
551110,0,565422,0.0,2024
551120,0,14034,0.0,2024
551211,0,278993,0.0,2024
551219,0,1959017,0.0,2024
551221,0,26575,0.0,2024
551229,0,219703,0.0,2024
550410,0,11545,0.0,2024
722240,0,782588,0.0,2024
722410,0,12833,0.0,2024
722490,0,482629,0.0,2024
722530,0,4595371,0.0,2024
721810,0,60814,0.0,2024
721890,0,169069,0.0,2024
721911,0,13282,0.0,2024
721913,0,136066,0.0,2024
721914,0,16015,0.0,2024
721921,0,571619,0.0,2024
721922,0,2062029,0.0,2024
721923,0,1652068,0.0,2024
721924,0,158981,0.0,2024
721931,0,64589,0.0,2024
550110,0,125248,0.0,2024
550120,0,548911,0.0,2024
550130,0,6653423,0.0,2024
550190,0,5019,0.0,2024
722840,0,438852,0.0,2024
722850,0,738086,0.0,2024
722860,0,77625,0.0,2024
722870,0,2782221,0.0,2024
722880,0,133945,0.0,2024
721935,0,1489169,0.0,2024
721990,0,307927,0.0,2024
722011,0,230174,0.0,2024
722012,0,70509,0.0,2024
722090,0,127412,0.0,2024
722210,0,757856,0.0,2024
722230,0,396569,0.0,2024
722692,0,22320,0.0,2024
722699,0,35216,0.0,2024
722790,0,3295227,0.0,2024
722810,0,137121,0.0,2024
722820,0,103441,0.0,2024
550912,0,236172,0.0,2024
550921,0,3371659,0.0,2024
550922,0,316299,0.0,2024
550941,0,58845,0.0,2024
550951,0,243257,0.0,2024
550952,0,19571,0.0,2024
540822,0,174579,0.0,2024
540823,0,34644,0.0,2024
540824,0,483910,0.0,2024
540833,0,2306,0.0,2024
540834,0,9277,0.0,2024
730120,0,55304,0.0,2024
730210,0,2165033,0.0,2024
730230,0,5964,0.0,2024
550200,0,1523,0.0,2024
550310,0,193506,0.0,2024
550330,0,162854,0.0,2024
550390,0,993353,0.0,2024
540754,0,14879356,0.0,2024
540781,0,124429,0.0,2024
540782,0,117070,0.0,2024
540783,0,762020,0.0,2024
540784,0,97765,0.0,2024
730511,0,703727,0.0,2024
730512,0,885938,0.0,2024
722550,0,5737718,0.0,2024
722691,0,340730,0.0,2024
730610,0,1333000,0.0,2024
730723,0,156511,0.0,2024
730519,0,242578,0.0,2024
730520,0,110698,0.0,2024
281530,0,7535,0.0,2024
281610,0,314458,0.0,2024
281810,0,42129,0.0,2024
281820,0,461183,0.0,2024
281910,0,79402,0.0,2024
281990,0,40737,0.0,2024
282010,0,34011,0.0,2024
282090,0,105995,0.0,2024
282120,0,3456,0.0,2024
282200,0,57074,0.0,2024
282300,0,207792,0.0,2024
282410,0,588303,0.0,2024
540341,0,28513,0.0,2024
540342,0,51107,0.0,2024
540349,0,10283,0.0,2024
540410,0,925810,0.0,2024
540490,0,367623,0.0,2024
540710,0,3638558,0.0,2024
281410,0,751719,0.0,2024
281420,0,11493,0.0,2024
281511,0,3033231,0.0,2024
281512,0,3800466,0.0,2024
281520,0,265113,0.0,2024
731419,0,540889,0.0,2024
282420,0,1401392,0.0,2024
730531,0,571889,0.0,2024
730539,0,266250,0.0,2024
730590,0,93525,0.0,2024
731812,0,672915,0.0,2024
280800,0,1788389,0.0,2024
281000,0,1455607,0.0,2024
281111,0,15783,0.0,2024
281119,0,367308,0.0,2024
281290,0,62842,0.0,2024
281390,0,43622,0.0,2024
540791,0,194612,0.0,2024
540792,0,894705,0.0,2024
540793,0,272964,0.0,2024
540794,0,601349,0.0,2024
540810,0,2816,0.0,2024
540821,0,1113,0.0,2024
540310,0,11494,0.0,2024
540339,0,16199,0.0,2024
290890,0,7342,0.0,2024
290911,0,10676,0.0,2024
290919,0,32688,0.0,2024
290920,0,6323,0.0,2024
290930,0,132206,0.0,2024
290941,0,540726,0.0,2024
732182,0,1018,0.0,2024
732183,0,181687,0.0,2024
732211,0,8645,0.0,2024
731442,0,205570,0.0,2024
731450,0,1231915,0.0,2024
731581,0,625957,0.0,2024
731600,0,241548,0.0,2024
731811,0,150796,0.0,2024
732392,0,207681,0.0,2024
731819,0,2280021,0.0,2024
731823,0,330371,0.0,2024
731920,0,31995,0.0,2024
731930,0,87988,0.0,2024
540741,0,26244,0.0,2024
540742,0,492284,0.0,2024
540744,0,9231,0.0,2024
540751,0,2480368,0.0,2024
540753,0,1766927,0.0,2024
290729,0,516835,0.0,2024
290730,0,59318,0.0,2024
290810,0,9690,0.0,2024
290820,0,19633,0.0,2024
740200,0,80186,0.0,2024
740311,0,24401356,0.0,2024
740312,0,894,0.0,2024
740319,0,164762,0.0,2024
740500,0,611,0.0,2024
740721,0,3616030,0.0,2024
280200,0,283677,0.0,2024
280469,0,97978,0.0,2024
280470,0,53566,0.0,2024
280480,0,6109,0.0,2024
280519,0,28930,0.0,2024
280521,0,44217,0.0,2024
280522,0,2540,0.0,2024
280610,0,992407,0.0,2024
280700,0,47131,0.0,2024
732391,0,341778,0.0,2024
540210,0,1834485,0.0,2024
540220,0,366673,0.0,2024
540231,0,639177,0.0,2024
540232,0,108079,0.0,2024
740929,0,104009,0.0,2024
740931,0,1332,0.0,2024
740939,0,19820,0.0,2024
740940,0,7891,0.0,2024
740990,0,73756,0.0,2024
741011,0,300111,0.0,2024
732421,0,8819,0.0,2024
732429,0,41970,0.0,2024
732591,0,622172,0.0,2024
732611,0,20594204,0.0,2024
740811,0,57149417,0.0,2024
740821,0,1183603,0.0,2024
740822,0,8760,0.0,2024
740829,0,118938,0.0,2024
740911,0,2770884,0.0,2024
740919,0,852631,0.0,2024
740921,0,41258,0.0,2024
290942,0,44258,0.0,2024
290944,0,96851,0.0,2024
540259,0,115969,0.0,2024
540261,0,67094,0.0,2024
540262,0,432804,0.0,2024
531010,0,68306,0.0,2024
531090,0,127748,0.0,2024
531100,0,6925,0.0,2024
540120,0,284909,0.0,2024
750210,0,379350,0.0,2024
750220,0,52607,0.0,2024
750400,0,96220,0.0,2024
750512,0,355553,0.0,2024
750521,0,3387,0.0,2024
271111,0,48640,0.0,2024
741021,0,2548,0.0,2024
741121,0,260116,0.0,2024
741122,0,35144,0.0,2024
741410,0,1331,0.0,2024
741490,0,1527,0.0,2024
741521,0,110297,0.0,2024
741531,0,24567,0.0,2024
741532,0,207809,0.0,2024
521223,0,7029,0.0,2024
530129,0,15133,0.0,2024
530290,0,3142,0.0,2024
530620,0,10015,0.0,2024
530710,0,2723,0.0,2024
280110,0,1181086,0.0,2024
280120,0,102280,0.0,2024
750522,0,126867,0.0,2024
750620,0,7720,0.0,2024
750711,0,22460,0.0,2024
741539,0,59662,0.0,2024
741600,0,44352,0.0,2024
741700,0,7579,0.0,2024
741810,0,69175,0.0,2024
741910,0,31959,0.0,2024
271112,0,447801130,0.0,2024
271113,0,95217506,0.0,2024
271114,0,97314,0.0,2024
271119,0,54483,0.0,2024
271129,0,40730,0.0,2024
271220,0,8449164,0.0,2024
271290,0,3650645,0.0,2024
271311,0,17667123,0.0,2024
540243,0,1001288,0.0,2024
540251,0,61921,0.0,2024
290722,0,40077,0.0,2024
521213,0,3709,0.0,2024
521214,0,73250,0.0,2024
521215,0,13598,0.0,2024
521221,0,4924,0.0,2024
270740,0,1067,0.0,2024
270760,0,429941,0.0,2024
270791,0,18819,0.0,2024
270799,0,647627,0.0,2024
761410,0,322811,0.0,2024
761520,0,464465,0.0,2024
750712,0,26254,0.0,2024
760310,0,672144,0.0,2024
760511,0,9779153,0.0,2024
760519,0,45725,0.0,2024
760521,0,10732416,0.0,2024
760611,0,4771176,0.0,2024
760612,0,4665480,0.0,2024
760692,0,1086803,0.0,2024
760711,0,5770257,0.0,2024
760900,0,1843804,0.0,2024
521111,0,11188,0.0,2024
521121,0,4548,0.0,2024
521122,0,10551,0.0,2024
521129,0,6630,0.0,2024
521131,0,42305,0.0,2024
521139,0,168069,0.0,2024
270112,0,17342,0.0,2024
780500,0,41205,0.0,2024
790111,0,10494264,0.0,2024
790112,0,623426,0.0,2024
761100,0,312645,0.0,2024
270120,0,19928,0.0,2024
270400,0,137639,0.0,2024
270600,0,13516,0.0,2024
270720,0,32366,0.0,2024
270730,0,470624,0.0,2024
780411,0,44615,0.0,2024
780419,0,93277,0.0,2024
261000,0,68996,0.0,2024
261400,0,144529,0.0,2024
261510,0,402311,0.0,2024
261800,0,1536,0.0,2024
270111,0,3285730,0.0,2024
530830,0,5021,0.0,2024
530911,0,60676,0.0,2024
530921,0,3523,0.0,2024
521042,0,119924,0.0,2024
521049,0,449987,0.0,2024
521051,0,720407,0.0,2024
521052,0,50241,0.0,2024
810890,0,420672,0.0,2024
810990,0,52681,0.0,2024
811000,0,4298472,0.0,2024
790120,0,453920,0.0,2024
790400,0,383295,0.0,2024
790500,0,103866,0.0,2024
790710,0,46877,0.0,2024
800110,0,362393,0.0,2024
800120,0,9511,0.0,2024
800300,0,379697,0.0,2024
800400,0,16967,0.0,2024
800510,0,35541,0.0,2024
800520,0,22476,0.0,2024
800600,0,4237,0.0,2024
800700,0,106387,0.0,2024
810110,0,28671,0.0,2024
820160,0,592570,0.0,2024
820210,0,889804,0.0,2024
820220,0,977264,0.0,2024
810191,0,2913,0.0,2024
810192,0,117747,0.0,2024
810199,0,68668,0.0,2024
810293,0,14042,0.0,2024
810299,0,15835,0.0,2024
810390,0,1092,0.0,2024
810411,0,137706,0.0,2024
810430,0,10403,0.0,2024
810490,0,27351,0.0,2024
810590,0,29731,0.0,2024
810600,0,6107,0.0,2024
810810,0,33715,0.0,2024
291221,0,13175,0.0,2024
291229,0,134122,0.0,2024
820510,0,254368,0.0,2024
820520,0,1200236,0.0,2024
820530,0,249198,0.0,2024
820560,0,23879,0.0,2024
811100,0,30062,0.0,2024
811220,0,21618,0.0,2024
811230,0,72222,0.0,2024
811240,0,56184,0.0,2024
811299,0,185283,0.0,2024
820120,0,145565,0.0,2024
820130,0,1473518,0.0,2024
820150,0,1257282,0.0,2024
820240,0,1851762,0.0,2024
820291,0,1301459,0.0,2024
820299,0,791555,0.0,2024
820310,0,2832647,0.0,2024
521141,0,2547,0.0,2024
521151,0,558659,0.0,2024
521152,0,70726,0.0,2024
521159,0,362585,0.0,2024
521211,0,6997,0.0,2024
521212,0,12495,0.0,2024
290960,0,656514,0.0,2024
291010,0,187022,0.0,2024
291090,0,32142,0.0,2024
291100,0,47256,0.0,2024
291211,0,135415,0.0,2024
291212,0,2018,0.0,2024
821490,0,1203889,0.0,2024
821510,0,200933,0.0,2024
821591,0,508955,0.0,2024
821599,0,5466051,0.0,2024
830110,0,5938460,0.0,2024
820720,0,699229,0.0,2024
820740,0,676141,0.0,2024
820760,0,62908,0.0,2024
820770,0,524004,0.0,2024
820820,0,432059,0.0,2024
821000,0,982150,0.0,2024
520951,0,6306,0.0,2024
520952,0,1800,0.0,2024
520959,0,39033,0.0,2024
521011,0,19561,0.0,2024
521019,0,19266,0.0,2024
521021,0,195315,0.0,2024
260111,0,42029,0.0,2024
260200,0,89419,0.0,2024
821110,0,839803,0.0,2024
821191,0,555466,0.0,2024
821193,0,455689,0.0,2024
821220,0,801171,0.0,2024
821290,0,10047,0.0,2024
821410,0,1295244,0.0,2024
252921,0,15265,0.0,2024
252922,0,819,0.0,2024
252930,0,22207,0.0,2024
253010,0,36193,0.0,2024
253020,0,1560741,0.0,2024
291230,0,12948,0.0,2024
291241,0,249312,0.0,2024
291242,0,221294,0.0,2024
291249,0,30538,0.0,2024
291250,0,262607,0.0,2024
521041,0,435746,0.0,2024
520932,0,620336,0.0,2024
520939,0,979171,0.0,2024
520941,0,2254,0.0,2024
520949,0,197544,0.0,2024
520843,0,730904,0.0,2024
520851,0,9857,0.0,2024
520852,0,489289,0.0,2024
840220,0,21912,0.0,2024
840390,0,314524,0.0,2024
840420,0,19271,0.0,2024
830400,0,413844,0.0,2024
830510,0,367750,0.0,2024
830520,0,1183828,0.0,2024
830590,0,1095223,0.0,2024
830120,0,1273483,0.0,2024
252890,0,700406,0.0,2024
252910,0,252894,0.0,2024
830820,0,349783,0.0,2024
831130,0,1008350,0.0,2024
840120,0,81593,0.0,2024
840130,0,56836,0.0,2024
840211,0,16331,0.0,2024
521022,0,39675,0.0,2024
521029,0,244869,0.0,2024
521031,0,378330,0.0,2024
521032,0,114986,0.0,2024
521039,0,68486,0.0,2024
290950,0,525816,0.0,2024
520831,0,66994,0.0,2024
520833,0,41168,0.0,2024
520839,0,645654,0.0,2024
520841,0,29343,0.0,2024
520842,0,395879,0.0,2024
841122,0,7589,0.0,2024
840510,0,1168445,0.0,2024
840590,0,117852,0.0,2024
252010,0,2243287,0.0,2024
252210,0,1640162,0.0,2024
252230,0,21649,0.0,2024
252321,0,1367560,0.0,2024
252330,0,48257,0.0,2024
252400,0,17783,0.0,2024
252510,0,5295,0.0,2024
252520,0,11621,0.0,2024
252620,0,2197648,0.0,2024
252810,0,45468,0.0,2024
840619,0,1620,0.0,2024
520790,0,103038,0.0,2024
520812,0,344610,0.0,2024
251612,0,30233,0.0,2024
251710,0,4942,0.0,2024
251810,0,417942,0.0,2024
840690,0,692359,0.0,2024
840729,0,72761,0.0,2024
840731,0,1310,0.0,2024
840732,0,72583,0.0,2024
840733,0,105459,0.0,2024
840790,0,9427267,0.0,2024
841011,0,73620,0.0,2024
841013,0,1910895,0.0,2024
841111,0,2380,0.0,2024
841112,0,1582870,0.0,2024
251321,0,19260,0.0,2024
251329,0,21364,0.0,2024
251511,0,8804,0.0,2024
520853,0,28090,0.0,2024
520859,0,113938,0.0,2024
520919,0,501039,0.0,2024
520921,0,43383,0.0,2024
520931,0,62485,0.0,2024
520622,0,84554,0.0,2024
520625,0,11033,0.0,2024
520631,0,49288,0.0,2024
520632,0,18197,0.0,2024
520642,0,9417,0.0,2024
520645,0,2161,0.0,2024
520710,0,162759,0.0,2024
520523,0,1477439,0.0,2024
520524,0,109725,0.0,2024
520525,0,3167,0.0,2024
520532,0,84413,0.0,2024
520534,0,2714,0.0,2024
520542,0,152772,0.0,2024
250830,0,11868,0.0,2024
251010,0,17157,0.0,2024
251200,0,1390233,0.0,2024
251820,0,779921,0.0,2024
251910,0,175035,0.0,2024
841181,0,1103535,0.0,2024
841630,0,2249968,0.0,2024
250490,0,17809,0.0,2024
250590,0,297071,0.0,2024
250610,0,137162,0.0,2024
250700,0,4016337,0.0,2024
250820,0,758934,0.0,2024
520813,0,181516,0.0,2024
520819,0,1040026,0.0,2024
520821,0,459448,0.0,2024
520822,0,690285,0.0,2024
520823,0,774401,0.0,2024
520829,0,738788,0.0,2024
520511,0,303663,0.0,2024
520514,0,13536,0.0,2024
520521,0,6568,0.0,2024
520522,0,1238875,0.0,2024
240391,0,158956,0.0,2024
240399,0,58152,0.0,2024
250310,0,1243262,0.0,2024
250390,0,252740,0.0,2024
250410,0,42126,0.0,2024
842122,0,423909,0.0,2024
841710,0,52055,0.0,2024
841822,0,144543,0.0,2024
841829,0,82229,0.0,2024
841861,0,829029,0.0,2024
841911,0,3012413,0.0,2024
950631,0,23518,0.0,2024
841932,0,78231,0.0,2024
841960,0,325674,0.0,2024
842010,0,1158504,0.0,2024
841610,0,279895,0.0,2024
511211,0,82388,0.0,2024
511220,0,8395,0.0,2024
511230,0,57164,0.0,2024
511290,0,96333,0.0,2024
520100,0,19698010,0.0,2024
230320,0,518553,0.0,2024
230330,0,22084440,0.0,2024
230400,0,318247797,0.0,2024
230610,0,473045,0.0,2024
610441,0,110950,0.0,2024
842111,0,410638,0.0,2024
842112,0,35897,0.0,2024
960400,0,71442,0.0,2024
240220,0,5761712,0.0,2024
240290,0,1779,0.0,2024
240310,0,17586,0.0,2024
842219,0,309685,0.0,2024
842220,0,2969002,0.0,2024
842310,0,1927456,0.0,2024
230230,0,16433940,0.0,2024
230240,0,922,0.0,2024
230250,0,9994,0.0,2024
230310,0,2258345,0.0,2024
520543,0,32988,0.0,2024
520545,0,162078,0.0,2024
520611,0,159258,0.0,2024
520612,0,1596269,0.0,2024
520614,0,1666,0.0,2024
520621,0,32626,0.0,2024
510990,0,1774,0.0,2024
511119,0,255160,0.0,2024
511130,0,101662,0.0,2024
320641,0,165057,0.0,2024
500790,0,80014,0.0,2024
020322,0,110033,0.0,2024
510121,0,39422,0.0,2024
510310,0,791004,0.0,2024
510529,0,238423,0.0,2024
510530,0,5431,0.0,2024
020442,0,298485,0.0,2024
842320,0,208258,0.0,2024
842381,0,1205697,0.0,2024
010392,0,263883,0.0,2024
842511,0,1533109,0.0,2024
010511,0,21373777,0.0,2024
220429,0,61816,0.0,2024
220430,0,212843,0.0,2024
220590,0,13685,0.0,2024
490400,0,1626,0.0,2024
200560,0,48473,0.0,2024
200570,0,1770279,0.0,2024
200580,0,1963228,0.0,2024
842541,0,48840,0.0,2024
842549,0,788263,0.0,2024
842619,0,269943,0.0,2024
842620,0,255417,0.0,2024
842649,0,75913,0.0,2024
520291,0,13634,0.0,2024
520300,0,248567,0.0,2024
520411,0,485712,0.0,2024
520419,0,45070,0.0,2024
520420,0,59047,0.0,2024
500500,0,6565,0.0,2024
500710,0,14827,0.0,2024
842832,0,2620858,0.0,2024
842840,0,766633,0.0,2024
842860,0,58742,0.0,2024
842919,0,270494,0.0,2024
842920,0,9252822,0.0,2024
842930,0,49942,0.0,2024
200920,0,6944,0.0,2024
510610,0,3389,0.0,2024
510620,0,37190,0.0,2024
510710,0,3124,0.0,2024
510720,0,5293,0.0,2024
510820,0,319275,0.0,2024
510910,0,16820,0.0,2024
482290,0,767830,0.0,2024
482320,0,936082,0.0,2024
482340,0,243054,0.0,2024
010519,0,3336797,0.0,2024
200310,0,1012943,0.0,2024
200320,0,11052,0.0,2024
843352,0,61433,0.0,2024
843353,0,8489,0.0,2024
200840,0,15382,0.0,2024
200860,0,963262,0.0,2024
843031,0,206975,0.0,2024
843039,0,584787,0.0,2024
843050,0,653353,0.0,2024
843061,0,660320,0.0,2024
843142,0,69721,0.0,2024
843210,0,236638,0.0,2024
843221,0,1383570,0.0,2024
843229,0,1734825,0.0,2024
843230,0,1266189,0.0,2024
020311,0,429899,0.0,2024
843351,0,8354561,0.0,2024
490510,0,4534,0.0,2024
490600,0,990556,0.0,2024
490810,0,37654,0.0,2024
961519,0,2475440,0.0,2024
291300,0,66203,0.0,2024
291411,0,162578,0.0,2024
291412,0,500379,0.0,2024
291413,0,36042,0.0,2024
291419,0,349932,0.0,2024
291421,0,32348,0.0,2024
291422,0,435756,0.0,2024
291423,0,32129,0.0,2024
291429,0,310581,0.0,2024
291430,0,34642,0.0,2024
481850,0,45363,0.0,2024
170220,0,123925,0.0,2024
170230,0,5818856,0.0,2024
170240,0,424807,0.0,2024
170250,0,325074,0.0,2024
170260,0,179926,0.0,2024
843410,0,461243,0.0,2024
843490,0,1279642,0.0,2024
843510,0,227017,0.0,2024
843590,0,141762,0.0,2024
843610,0,17611286,0.0,2024
843691,0,3278687,0.0,2024
190240,0,35855,0.0,2024
843240,0,249677,0.0,2024
843319,0,284059,0.0,2024
843320,0,641364,0.0,2024
844340,0,32718,0.0,2024
843830,0,980349,0.0,2024
843840,0,243139,0.0,2024
843860,0,1540206,0.0,2024
843910,0,545614,0.0,2024
291441,0,141343,0.0,2024
291449,0,438338,0.0,2024
291450,0,135368,0.0,2024
291469,0,413168,0.0,2024
482210,0,70122,0.0,2024
961620,0,842465,0.0,2024
481620,0,723472,0.0,2024
481690,0,27209,0.0,2024
481710,0,83390,0.0,2024
481720,0,6539,0.0,2024
481730,0,118908,0.0,2024
481129,0,531735,0.0,2024
481131,0,14152252,0.0,2024
960850,0,242957,0.0,2024
844629,0,464572,0.0,2024
844630,0,300639,0.0,2024
844712,0,789887,0.0,2024
844720,0,804473,0.0,2024
844790,0,2206192,0.0,2024
844120,0,1171538,0.0,2024
844130,0,2426757,0.0,2024
844240,0,369478,0.0,2024
844250,0,942744,0.0,2024
844311,0,292253,0.0,2024
844312,0,19247,0.0,2024
844321,0,200306,0.0,2024
844329,0,30289,0.0,2024
844400,0,299266,0.0,2024
844511,0,18492,0.0,2024
844519,0,350835,0.0,2024
844530,0,145128,0.0,2024
844590,0,102721,0.0,2024
844610,0,33060,0.0,2024
844621,0,426171,0.0,2024
960860,0,47272,0.0,2024
482040,0,37100,0.0,2024
482050,0,363250,0.0,2024
291260,0,132643,0.0,2024
481029,0,1432338,0.0,2024
481032,0,592441,0.0,2024
481039,0,88356,0.0,2024
960891,0,2128,0.0,2024
481110,0,19109,0.0,2024
960899,0,61863,0.0,2024
845210,0,1620454,0.0,2024
845221,0,2620702,0.0,2024
961100,0,604351,0.0,2024
845230,0,351076,0.0,2024
844811,0,42468,0.0,2024
844819,0,76478,0.0,2024
844820,0,335241,0.0,2024
844831,0,92648,0.0,2024
844833,0,19385,0.0,2024
844841,0,35668,0.0,2024
844842,0,66816,0.0,2024
844851,0,387293,0.0,2024
844900,0,127510,0.0,2024
845011,0,1913577,0.0,2024
845019,0,104428,0.0,2024
291529,0,211920,0.0,2024
291531,0,1085997,0.0,2024
291532,0,6506556,0.0,2024
291533,0,2562575,0.0,2024
961220,0,65605,0.0,2024
845521,0,14026,0.0,2024
845530,0,360462,0.0,2024
845590,0,5433887,0.0,2024
845620,0,39304,0.0,2024
845630,0,331814,0.0,2024
845110,0,37967,0.0,2024
845121,0,72155,0.0,2024
845129,0,11578636,0.0,2024
845150,0,800114,0.0,2024
845180,0,746903,0.0,2024
160530,0,2640,0.0,2024
845290,0,1930347,0.0,2024
845310,0,71679,0.0,2024
845380,0,70387,0.0,2024
845410,0,245076,0.0,2024
845420,0,136198,0.0,2024
845490,0,467039,0.0,2024
845510,0,301475,0.0,2024
481310,0,301800,0.0,2024
481390,0,161878,0.0,2024
481410,0,11123,0.0,2024
481430,0,3239,0.0,2024
481490,0,41795,0.0,2024
291521,0,1286745,0.0,2024
291522,0,114285,0.0,2024
291523,0,72106,0.0,2024
291524,0,26521,0.0,2024
846130,0,27341,0.0,2024
846140,0,5078,0.0,2024
846190,0,208836,0.0,2024
846210,0,5255347,0.0,2024
845690,0,1888719,0.0,2024
845730,0,2062295,0.0,2024
845811,0,673715,0.0,2024
845891,0,3738,0.0,2024
845910,0,174847,0.0,2024
845929,0,129980,0.0,2024
845931,0,19147,0.0,2024
845940,0,242925,0.0,2024
845951,0,6096,0.0,2024
845959,0,130236,0.0,2024
845961,0,106510,0.0,2024
845970,0,126461,0.0,2024
846410,0,144739,0.0,2024
846420,0,420486,0.0,2024
846510,0,792326,0.0,2024
846591,0,1122411,0.0,2024
846592,0,608591,0.0,2024
846594,0,123153,0.0,2024
846011,0,58977,0.0,2024
846019,0,135743,0.0,2024
846021,0,99570,0.0,2024
846029,0,109302,0.0,2024
846031,0,6736,0.0,2024
846039,0,148738,0.0,2024
846040,0,403686,0.0,2024
846090,0,781698,0.0,2024
846110,0,33333,0.0,2024
846120,0,9790,0.0,2024
480610,0,89162,0.0,2024
480620,0,346035,0.0,2024
030191,0,129950,0.0,2024
480640,0,63745,0.0,2024
960831,0,31413,0.0,2024
960840,0,157113,0.0,2024
846781,0,4764980,0.0,2024
846791,0,1300332,0.0,2024
846810,0,293854,0.0,2024
020130,0,614042,0.0,2024
846239,0,873778,0.0,2024
846241,0,333646,0.0,2024
846291,0,1010915,0.0,2024
846310,0,819567,0.0,2024
846320,0,46614,0.0,2024
846330,0,805795,0.0,2024
160300,0,5660,0.0,2024
847010,0,1738536,0.0,2024
847021,0,13755,0.0,2024
846595,0,136574,0.0,2024
846596,0,913512,0.0,2024
846610,0,1052846,0.0,2024
846620,0,367304,0.0,2024
846630,0,260301,0.0,2024
290369,0,55274,0.0,2024
291540,0,153311,0.0,2024
291550,0,1075822,0.0,2024
481011,0,6166896,0.0,2024
481012,0,4266352,0.0,2024
290420,0,68975,0.0,2024
480540,0,894716,0.0,2024
610712,0,906512,0.0,2024
480431,0,883540,0.0,2024
610721,0,325240,0.0,2024
480449,0,102330,0.0,2024
151912,0,117007,0.0,2024
151913,0,185963,0.0,2024
151930,0,150106,0.0,2024
152010,0,7091,0.0,2024
152090,0,1476495,0.0,2024
152110,0,256129,0.0,2024
610722,0,106844,0.0,2024
160210,0,8314,0.0,2024
160220,0,15393,0.0,2024
160231,0,18980,0.0,2024
160241,0,58526,0.0,2024
160242,0,2543,0.0,2024
160290,0,5464,0.0,2024
847751,0,105360,0.0,2024
847810,0,313656,0.0,2024
847890,0,4205,0.0,2024
847029,0,19671,0.0,2024
847030,0,37047,0.0,2024
847040,0,6646,0.0,2024
847210,0,15006,0.0,2024
847230,0,22046,0.0,2024
480910,0,654230,0.0,2024
480920,0,2284286,0.0,2024
610729,0,1934,0.0,2024
291511,0,724240,0.0,2024
291512,0,1553928,0.0,2024
480252,0,40957060,0.0,2024
480260,0,1086273,0.0,2024
610791,0,7779,0.0,2024
470500,0,1032189,0.0,2024
470691,0,3202,0.0,2024
470692,0,161483,0.0,2024
470693,0,84080,0.0,2024
470730,0,323197,0.0,2024
151519,0,15372,0.0,2024
151521,0,108771,0.0,2024
151529,0,109816,0.0,2024
151550,0,159362,0.0,2024
610792,0,6499,0.0,2024
847321,0,99970,0.0,2024
847432,0,675159,0.0,2024
847439,0,2245515,0.0,2024
847510,0,4077,0.0,2024
847611,0,996338,0.0,2024
847730,0,4134155,0.0,2024
291633,0,48253,0.0,2024
610819,0,5913,0.0,2024
847920,0,553255,0.0,2024
847930,0,307950,0.0,2024
847940,0,1379637,0.0,2024
151221,0,4686,0.0,2024
151229,0,688984,0.0,2024
151311,0,267803,0.0,2024
151410,0,1028061,0.0,2024
480451,0,2015005,0.0,2024
480459,0,1441,0.0,2024
480510,0,8591823,0.0,2024
480521,0,3178727,0.0,2024
470200,0,19839,0.0,2024
470311,0,448291,0.0,2024
470429,0,240338,0.0,2024
848041,0,379886,0.0,2024
610821,0,1783505,0.0,2024
848230,0,716649,0.0,2024
480100,0,6971821,0.0,2024
480210,0,12725,0.0,2024
480230,0,102862,0.0,2024
480240,0,38462,0.0,2024
480251,0,105209,0.0,2024
291611,0,49864,0.0,2024
291612,0,2549833,0.0,2024
291613,0,74973,0.0,2024
291614,0,1339348,0.0,2024
291615,0,381956,0.0,2024
291619,0,1393325,0.0,2024
291620,0,321835,0.0,2024
291632,0,108006,0.0,2024
450200,0,12233,0.0,2024
450310,0,27910,0.0,2024
450390,0,59925,0.0,2024
450410,0,93617,0.0,2024
850162,0,398030,0.0,2024
850163,0,248293,0.0,2024
150200,0,783,0.0,2024
150410,0,57347,0.0,2024
150510,0,255347,0.0,2024
150590,0,240850,0.0,2024
150600,0,328928,0.0,2024
150710,0,105878705,0.0,2024
150810,0,12430,0.0,2024
150890,0,29038,0.0,2024
151000,0,989076,0.0,2024
610829,0,19018,0.0,2024
460110,0,6099,0.0,2024
460120,0,46594,0.0,2024
460191,0,82930,0.0,2024
291590,0,1230757,0.0,2024
291815,0,1035822,0.0,2024
440810,0,70223,0.0,2024
610839,0,38214,0.0,2024
441291,0,1541,0.0,2024
291639,0,1070332,0.0,2024
291711,0,491187,0.0,2024
291712,0,76713,0.0,2024
610423,0,490690,0.0,2024
441840,0,184746,0.0,2024
442110,0,171057,0.0,2024
450110,0,380742,0.0,2024
450190,0,9991,0.0,2024
441700,0,56589,0.0,2024
610439,0,28534,0.0,2024
291713,0,6859,0.0,2024
291714,0,507189,0.0,2024
291719,0,649404,0.0,2024
291720,0,955,0.0,2024
291731,0,81016,0.0,2024
291732,0,10192939,0.0,2024
291733,0,69775,0.0,2024
611239,0,2191,0.0,2024
291735,0,2763229,0.0,2024
130211,0,4637,0.0,2024
130213,0,1077857,0.0,2024
130220,0,503675,0.0,2024
130231,0,65340,0.0,2024
450490,0,179228,0.0,2024
850613,0,124669,0.0,2024
850690,0,133882,0.0,2024
291737,0,1127,0.0,2024
291739,0,2990060,0.0,2024
291812,0,135467,0.0,2024
291813,0,22731,0.0,2024
291814,0,3888445,0.0,2024
430212,0,1456,0.0,2024
611249,0,76112,0.0,2024
430230,0,5334,0.0,2024
430310,0,6069671,0.0,2024
430390,0,5828,0.0,2024
430400,0,4741,0.0,2024
610891,0,760042,0.0,2024
121020,0,1110100,0.0,2024
610899,0,19604,0.0,2024
851519,0,39391,0.0,2024
851529,0,346277,0.0,2024
851621,0,9188,0.0,2024
850930,0,134868,0.0,2024
851010,0,511601,0.0,2024
290313,0,26845,0.0,2024
851090,0,388609,0.0,2024
851120,0,329064,0.0,2024
290316,0,1414,0.0,2024
440420,0,1021,0.0,2024
440500,0,1329,0.0,2024
411000,0,224867,0.0,2024
290319,0,32446,0.0,2024
851210,0,921227,0.0,2024
851230,0,2006489,0.0,2024
850511,0,400333,0.0,2024
291821,0,156910,0.0,2024
291823,0,111937,0.0,2024
291829,0,246400,0.0,2024
291830,0,183071,0.0,2024
291890,0,5229451,0.0,2024
291900,0,183188,0.0,2024
120923,0,3604,0.0,2024
120925,0,2720169,0.0,2024
120926,0,155155,0.0,2024
120929,0,2778178,0.0,2024
120930,0,1061082,0.0,2024
290321,0,90397,0.0,2024
851240,0,1091388,0.0,2024
851290,0,2223057,0.0,2024
851390,0,133646,0.0,2024
851440,0,227303,0.0,2024
401694,0,102085,0.0,2024
290322,0,26750,0.0,2024
290323,0,235882,0.0,2024
851631,0,2585779,0.0,2024
120750,0,2388689,0.0,2024
120791,0,11056,0.0,2024
120919,0,55675,0.0,2024
120921,0,272173,0.0,2024
120922,0,232108,0.0,2024
420321,0,83331,0.0,2024
420329,0,385160,0.0,2024
290329,0,214350,0.0,2024
410900,0,227756,0.0,2024
291816,0,531927,0.0,2024
291817,0,152938,0.0,2024
291819,0,301664,0.0,2024
852410,0,13612,0.0,2024
851633,0,269291,0.0,2024
851640,0,3163201,0.0,2024
851672,0,2996156,0.0,2024
851710,0,7602637,0.0,2024
851810,0,3052627,0.0,2024
292010,0,86850,0.0,2024
292090,0,119518,0.0,2024
292111,0,197850,0.0,2024
292112,0,30343,0.0,2024
292119,0,849796,0.0,2024
292121,0,164472,0.0,2024
401320,0,519892,0.0,2024
401390,0,4028870,0.0,2024
401610,0,642892,0.0,2024
401692,0,771286,0.0,2024
852731,0,4175295,0.0,2024
852732,0,32476,0.0,2024
851910,0,12025,0.0,2024
851931,0,11197,0.0,2024
851939,0,87062,0.0,2024
852020,0,28256,0.0,2024
852031,0,35083,0.0,2024
852210,0,6170,0.0,2024
290330,0,1921764,0.0,2024
410121,0,2381,0.0,2024
410520,0,7845,0.0,2024
410800,0,16754,0.0,2024
290340,0,395831,0.0,2024
852290,0,103064,0.0,2024
852313,0,92871,0.0,2024
852320,0,1001395,0.0,2024
120400,0,814851,0.0,2024
120500,0,15556,0.0,2024
401150,0,963317,0.0,2024
401191,0,6110601,0.0,2024
401199,0,11648308,0.0,2024
401290,0,12818513,0.0,2024
401310,0,926883,0.0,2024
292144,0,1813,0.0,2024
292145,0,115191,0.0,2024
292149,0,782965,0.0,2024
292151,0,717182,0.0,2024
292159,0,38951,0.0,2024
292212,0,311054,0.0,2024
292213,0,75524,0.0,2024
292219,0,296884,0.0,2024
852719,0,1064815,0.0,2024
853340,0,568026,0.0,2024
853390,0,40307,0.0,2024
290361,0,913516,0.0,2024
852739,0,222237,0.0,2024
853010,0,364972,0.0,2024
620112,0,118391,0.0,2024
853090,0,545221,0.0,2024
853210,0,886710,0.0,2024
853221,0,16705,0.0,2024
853223,0,21695,0.0,2024
290490,0,73254,0.0,2024
853230,0,233219,0.0,2024
852711,0,1366962,0.0,2024
110811,0,762046,0.0,2024
110820,0,321721,0.0,2024
110900,0,635589,0.0,2024
400259,0,179165,0.0,2024
400291,0,17742,0.0,2024
400299,0,258115,0.0,2024
400300,0,1138414,0.0,2024
400510,0,1257800,0.0,2024
400520,0,264487,0.0,2024
100190,0,343908502,0.0,2024
100820,0,35514,0.0,2024
100830,0,802237,0.0,2024
853331,0,46747,0.0,2024
853339,0,65625,0.0,2024
110311,0,470351,0.0,2024
110321,0,152367,0.0,2024
110329,0,143892,0.0,2024
110710,0,10880799,0.0,2024
110720,0,204440,0.0,2024
854041,0,195060,0.0,2024
854049,0,765,0.0,2024
854081,0,781,0.0,2024
854089,0,178042,0.0,2024
854099,0,97421,0.0,2024
853521,0,1861298,0.0,2024
853540,0,1307804,0.0,2024
290511,0,7243873,0.0,2024
292221,0,36606,0.0,2024
292222,0,32700,0.0,2024
400690,0,1152961,0.0,2024
400700,0,2075627,0.0,2024
400819,0,188368,0.0,2024
400241,0,135922,0.0,2024
400249,0,1197209,0.0,2024
400251,0,9591,0.0,2024
853929,0,627608,0.0,2024
853931,0,66752,0.0,2024
611220,0,36134,0.0,2024
611231,0,168403,0.0,2024
854011,0,1343,0.0,2024
854020,0,564078,0.0,2024
400591,0,942021,0.0,2024
400599,0,1763320,0.0,2024
400610,0,81639,0.0,2024
292122,0,180183,0.0,2024
292142,0,43885,0.0,2024
292690,0,520701,0.0,2024
392114,0,311289,0.0,2024
392340,0,99230,0.0,2024
392520,0,724315,0.0,2024
854030,0,38542,0.0,2024
854519,0,103554,0.0,2024
854590,0,97608,0.0,2024
854610,0,11815,0.0,2024
854620,0,2388186,0.0,2024
854121,0,22556,0.0,2024
854130,0,178941,0.0,2024
854160,0,13038,0.0,2024
610451,0,2625,0.0,2024
090810,0,292980,0.0,2024
090820,0,2176,0.0,2024
090910,0,594584,0.0,2024
090920,0,44481,0.0,2024
090940,0,562756,0.0,2024
290515,0,90932,0.0,2024
091020,0,18314,0.0,2024
853922,0,2184538,0.0,2024
860719,0,259765,0.0,2024
290519,0,867902,0.0,2024
854290,0,1104249,0.0,2024
854310,0,2445095,0.0,2024
854419,0,1541573,0.0,2024
392630,0,1323634,0.0,2024
400129,0,12044,0.0,2024
400231,0,25519,0.0,2024
400239,0,1428696,0.0,2024
392092,0,1344090,0.0,2024
392093,0,30920,0.0,2024
392094,0,231173,0.0,2024
290521,0,33989,0.0,2024
292229,0,184648,0.0,2024
292242,0,2254164,0.0,2024
854511,0,2534701,0.0,2024
081310,0,44115,0.0,2024
081330,0,11854,0.0,2024
081400,0,40563,0.0,2024
870130,0,2741959,0.0,2024
870290,0,2394672,0.0,2024
854710,0,96297,0.0,2024
854720,0,245255,0.0,2024
860110,0,5216,0.0,2024
860120,0,846151,0.0,2024
860290,0,14316,0.0,2024
290522,0,279472,0.0,2024
860400,0,40158,0.0,2024
860500,0,1155,0.0,2024
860630,0,15298,0.0,2024
860711,0,4129,0.0,2024
860712,0,4205,0.0,2024
870423,0,47545398,0.0,2024
870510,0,2251575,0.0,2024
860721,0,9105,0.0,2024
860729,0,54926,0.0,2024
860730,0,3704,0.0,2024
860791,0,136439,0.0,2024
870110,0,1013011,0.0,2024
290529,0,93533,0.0,2024
292410,0,1700930,0.0,2024
292421,0,145510,0.0,2024
292511,0,110070,0.0,2024
292519,0,884511,0.0,2024
290531,0,941412,0.0,2024
290532,0,2186386,0.0,2024
290539,0,511227,0.0,2024
392063,0,23535,0.0,2024
870331,0,14856,0.0,2024
870410,0,34219182,0.0,2024
870422,0,91197442,0.0,2024
392071,0,188467,0.0,2024
392072,0,653730,0.0,2024
392073,0,58558,0.0,2024
392079,0,321118,0.0,2024
392091,0,853656,0.0,2024
292800,0,125794,0.0,2024
292910,0,11083292,0.0,2024
292990,0,898073,0.0,2024
293010,0,333502,0.0,2024
293020,0,231714,0.0,2024
293030,0,43340,0.0,2024
293090,0,13123585,0.0,2024
610321,0,1129,0.0,2024
870520,0,524425,0.0,2024
870530,0,7236975,0.0,2024
870540,0,2414970,0.0,2024
870600,0,24718936,0.0,2024
870790,0,839603,0.0,2024
870821,0,804147,0.0,2024
293212,0,3022,0.0,2024
293221,0,29750,0.0,2024
293290,0,554396,0.0,2024
610323,0,310949,0.0,2024
391110,0,112262,0.0,2024
391211,0,243541,0.0,2024
391212,0,10111,0.0,2024
391220,0,868031,0.0,2024
870911,0,650321,0.0,2024
870919,0,859395,0.0,2024
871130,0,12859700,0.0,2024
871140,0,2514837,0.0,2024
871150,0,2779635,0.0,2024
871310,0,2249908,0.0,2024
871390,0,104495,0.0,2024
620329,0,90753,0.0,2024
391520,0,66408,0.0,2024
391530,0,81826,0.0,2024
391690,0,3705963,0.0,2024
293321,0,130315,0.0,2024
293331,0,24939,0.0,2024
293340,0,204432,0.0,2024
293351,0,42006,0.0,2024
293369,0,1144889,0.0,2024
871411,0,1391542,0.0,2024
290110,0,82947497,0.0,2024
390430,0,106388,0.0,2024
390440,0,272035,0.0,2024
390450,0,833,0.0,2024
071220,0,399495,0.0,2024
071230,0,215917,0.0,2024
871495,0,274544,0.0,2024
080130,0,147091,0.0,2024
080211,0,98401,0.0,2024
290121,0,1173490,0.0,2024
290122,0,181628,0.0,2024
080231,0,470633,0.0,2024
871500,0,3247272,0.0,2024
871610,0,93996,0.0,2024
290123,0,2582,0.0,2024
871000,0,12523127,0.0,2024
871120,0,134548624,0.0,2024
871620,0,159826,0.0,2024
871631,0,820618,0.0,2024
880230,0,3941,0.0,2024
071130,0,65183,0.0,2024
390610,0,468253,0.0,2024
293319,0,301457,0.0,2024
611512,0,111466,0.0,2024
293624,0,1092261,0.0,2024
293626,0,298367,0.0,2024
293410,0,394337,0.0,2024
293420,0,307166,0.0,2024
293430,0,3939,0.0,2024
390290,0,3838367,0.0,2024
390311,0,4013254,0.0,2024
390320,0,63762,0.0,2024
390410,0,57591768,0.0,2024
880510,0,3938,0.0,2024
890391,0,382232,0.0,2024
890392,0,807232,0.0,2024
611519,0,77041,0.0,2024
890520,0,5061,0.0,2024
293710,0,5419,0.0,2024
293721,0,294417,0.0,2024
293722,0,154375,0.0,2024
381210,0,531559,0.0,2024
381220,0,2268020,0.0,2024
381300,0,469487,0.0,2024
381511,0,312558,0.0,2024
381512,0,10050,0.0,2024
381710,0,22775506,0.0,2024
890590,0,2589448,0.0,2024
890800,0,914235,0.0,2024
900653,0,55543,0.0,2024
900659,0,23124,0.0,2024
900661,0,214920,0.0,2024
900662,0,7207,0.0,2024
900669,0,2583,0.0,2024
900691,0,92754,0.0,2024
900120,0,13171,0.0,2024
900130,0,1954380,0.0,2024
900140,0,72539,0.0,2024
900219,0,32009,0.0,2024
900220,0,212432,0.0,2024
071110,0,23677,0.0,2024
900390,0,55417,0.0,2024
611610,0,3084845,0.0,2024
071340,0,26625200,0.0,2024
880400,0,63649,0.0,2024
900590,0,40736,0.0,2024
900610,0,15451,0.0,2024
900620,0,2257,0.0,2024
900640,0,426552,0.0,2024
900651,0,37741,0.0,2024
900652,0,12934,0.0,2024
381720,0,288277,0.0,2024
382330,0,21795,0.0,2024
382360,0,826293,0.0,2024
293910,0,241314,0.0,2024
611693,0,764288,0.0,2024
293940,0,122249,0.0,2024
293950,0,21153,0.0,2024
293960,0,794674,0.0,2024
294110,0,1636292,0.0,2024
294120,0,144029,0.0,2024
900699,0,68407,0.0,2024
900711,0,34906,0.0,2024
900719,0,119313,0.0,2024
900721,0,3504,0.0,2024
900729,0,29555,0.0,2024
900791,0,77109,0.0,2024
900792,0,49223,0.0,2024
900810,0,23152,0.0,2024
900820,0,30044,0.0,2024
900830,0,378122,0.0,2024
900840,0,23211,0.0,2024
900890,0,4128,0.0,2024
900911,0,6850887,0.0,2024
901010,0,6911,0.0,2024
611720,0,188626,0.0,2024
900580,0,188104,0.0,2024
380590,0,78624,0.0,2024
380610,0,128476,0.0,2024
380620,0,959,0.0,2024
070610,0,32806,0.0,2024
620321,0,7251,0.0,2024
901020,0,1828436,0.0,2024
901030,0,214152,0.0,2024
901120,0,85960,0.0,2024
901180,0,1701831,0.0,2024
901190,0,111528,0.0,2024
901210,0,318225,0.0,2024
901290,0,65656,0.0,2024
901310,0,5723,0.0,2024
901480,0,1111083,0.0,2024
901510,0,614304,0.0,2024
901520,0,152857,0.0,2024
902150,0,3014300,0.0,2024
901530,0,229302,0.0,2024
901710,0,113962,0.0,2024
070320,0,23060271,0.0,2024
294130,0,691992,0.0,2024
294140,0,213098,0.0,2024
381010,0,617111,0.0,2024
381090,0,476315,0.0,2024
381111,0,1411,0.0,2024
381119,0,411110,0.0,2024
380190,0,144350,0.0,2024
380210,0,2947385,0.0,2024
380300,0,631884,0.0,2024
380400,0,293249,0.0,2024
380510,0,8853,0.0,2024
380520,0,347136,0.0,2024
370253,0,2977,0.0,2024
370256,0,6830,0.0,2024
370294,0,23104,0.0,2024
370295,0,10959,0.0,2024
370310,0,14788,0.0,2024
370320,0,735392,0.0,2024
370390,0,298300,0.0,2024
370400,0,15269,0.0,2024
041000,0,5759,0.0,2024
050590,0,249378,0.0,2024
050790,0,5006,0.0,2024
901790,0,29949,0.0,2024
901811,0,605694,0.0,2024
620322,0,113984,0.0,2024
901832,0,2615139,0.0,2024
901841,0,324408,0.0,2024
360690,0,62866,0.0,2024
370110,0,897236,0.0,2024
370120,0,319096,0.0,2024
902221,0,35400,0.0,2024
290513,0,342769,0.0,2024
040700,0,727123,0.0,2024
040811,0,2065490,0.0,2024
040819,0,504294,0.0,2024
040891,0,608154,0.0,2024
380690,0,757230,0.0,2024
380910,0,177602,0.0,2024
293729,0,151839,0.0,2024
293792,0,15819,0.0,2024
293799,0,33104,0.0,2024
370243,0,19276,0.0,2024
370244,0,527174,0.0,2024
902511,0,128585,0.0,2024
902590,0,1348136,0.0,2024
902720,0,1058779,0.0,2024
902740,0,58543,0.0,2024
902810,0,182411,0.0,2024
902820,0,5356297,0.0,2024
370590,0,16044,0.0,2024
370710,0,76560,0.0,2024
370790,0,1906506,0.0,2024
380120,0,7464,0.0,2024
380130,0,25957,0.0,2024
360100,0,210218,0.0,2024
360300,0,8211962,0.0,2024
360410,0,4842301,0.0,2024
290514,0,405682,0.0,2024
360610,0,37378,0.0,2024
600199,0,24581,0.0,2024
300310,0,1186240,0.0,2024
300320,0,1439638,0.0,2024
910212,0,927607,0.0,2024
910219,0,198486,0.0,2024
910291,0,12256,0.0,2024
040291,0,133219,0.0,2024
600210,0,418427,0.0,2024
040410,0,3089005,0.0,2024
040490,0,98325,0.0,2024
040500,0,109223,0.0,2024
040620,0,172141,0.0,2024
040630,0,340471,0.0,2024
040640,0,47111,0.0,2024
051110,0,1971078,0.0,2024
902490,0,272809,0.0,2024
600220,0,123650,0.0,2024
910111,0,178517,0.0,2024
910112,0,3425,0.0,2024
910119,0,60755,0.0,2024
910121,0,1180172,0.0,2024
910129,0,166158,0.0,2024
910191,0,2316,0.0,2024
910199,0,139389,0.0,2024
370191,0,63901,0.0,2024
370210,0,306712,0.0,2024
370220,0,49077,0.0,2024
370239,0,471634,0.0,2024
370242,0,184022,0.0,2024
600291,0,203466,0.0,2024
294150,0,411819,0.0,2024
294200,0,1434114,0.0,2024
920120,0,25619,0.0,2024
920190,0,31112,0.0,2024
910299,0,45907,0.0,2024
910310,0,17302,0.0,2024
910390,0,12975,0.0,2024
910511,0,209888,0.0,2024
910521,0,1440872,0.0,2024
910529,0,9139,0.0,2024
910591,0,28988,0.0,2024
910599,0,6758,0.0,2024
910610,0,105852,0.0,2024
910620,0,76896,0.0,2024
910690,0,168860,0.0,2024
910811,0,76244,0.0,2024
910820,0,2195,0.0,2024
910911,0,17667,0.0,2024
920920,0,24685,0.0,2024
920991,0,9516,0.0,2024
290541,0,8948,0.0,2024
910990,0,1660,0.0,2024
911011,0,20739,0.0,2024
911090,0,5648,0.0,2024
911120,0,8428,0.0,2024
911180,0,8780,0.0,2024
911190,0,4040,0.0,2024
911290,0,1542,0.0,2024
911310,0,5740,0.0,2024
911320,0,18984,0.0,2024
911390,0,131483,0.0,2024
290542,0,701692,0.0,2024
911430,0,3419,0.0,2024
920110,0,31774,0.0,2024
340420,0,164951,0.0,2024
930510,0,48540,0.0,2024
930521,0,21298,0.0,2024
930529,0,43308,0.0,2024
930590,0,198141,0.0,2024
930610,0,42484,0.0,2024
930621,0,573965,0.0,2024
920210,0,174382,0.0,2024
290543,0,351162,0.0,2024
610413,0,26701,0.0,2024
290243,0,69814,0.0,2024
920510,0,103975,0.0,2024
920710,0,1129026,0.0,2024
920790,0,742994,0.0,2024
920810,0,83667,0.0,2024
920910,0,71579,0.0,2024
920999,0,314638,0.0,2024
930100,0,5353234,0.0,2024
930200,0,3911325,0.0,2024
930320,0,823448,0.0,2024
930330,0,1255847,0.0,2024
930390,0,99114,0.0,2024
930400,0,91397,0.0,2024
300339,0,631264,0.0,2024
290244,0,3499407,0.0,2024
350210,0,35280,0.0,2024
350290,0,1037605,0.0,2024
350520,0,297980,0.0,2024
350710,0,1129619,0.0,2024
290250,0,5295489,0.0,2024
340311,0,472589,0.0,2024
340391,0,166873,0.0,2024
310260,0,9639301,0.0,2024
310280,0,12493,0.0,2024
030322,0,101014,0.0,2024
030331,0,149458,0.0,2024
290260,0,13224,0.0,2024
030360,0,40637,0.0,2024
930630,0,155767,0.0,2024
930690,0,6441,0.0,2024
930700,0,189039,0.0,2024
590610,0,830220,0.0,2024
940140,0,521515,0.0,2024
030741,0,119626,0.0,2024
030759,0,173369,0.0,2024
920992,0,265219,0.0,2024
920993,0,45894,0.0,2024
920994,0,231785,0.0,2024
310390,0,854832,0.0,2024
590691,0,96947,0.0,2024
310530,0,37015908,0.0,2024
310551,0,707116,0.0,2024
320110,0,426691,0.0,2024
320130,0,130265,0.0,2024
590800,0,68014,0.0,2024
340520,0,317588,0.0,2024
590900,0,555201,0.0,2024
330430,0,6110583,0.0,2024
330520,0,335365,0.0,2024
591110,0,828637,0.0,2024
310210,0,90152091,0.0,2024
310229,0,443323,0.0,2024
310230,0,22631531,0.0,2024
310240,0,1195137,0.0,2024
321390,0,1776322,0.0,2024
591131,0,526706,0.0,2024
950440,0,1699710,0.0,2024
950611,0,3982,0.0,2024
950612,0,10802,0.0,2024
950619,0,24307,0.0,2024
940410,0,203503,0.0,2024
591132,0,1912674,0.0,2024
940430,0,200514,0.0,2024
290312,0,192405,0.0,2024
940591,0,23388,0.0,2024
940592,0,365758,0.0,2024
620411,0,26694,0.0,2024
030250,0,3411,0.0,2024
940210,0,1151812,0.0,2024
310320,0,20402,0.0,2024
950669,0,134887,0.0,2024
950670,0,750104,0.0,2024
950710,0,129505,0.0,2024
950720,0,334806,0.0,2024
950730,0,84597,0.0,2024
620192,0,495218,0.0,2024
950420,0,534225,0.0,2024
320190,0,136705,0.0,2024
620311,0,640988,0.0,2024
320290,0,152021,0.0,2024
320730,0,111080,0.0,2024
320740,0,2203129,0.0,2024
321100,0,1559580,0.0,2024
321210,0,554724,0.0,2024
321290,0,1514408,0.0,2024
321310,0,2040951,0.0,2024
950632,0,23693,0.0,2024
950639,0,18071,0.0,2024
950640,0,244366,0.0,2024
950651,0,85842,0.0,2024
950659,0,279017,0.0,2024
950661,0,600829,0.0,2024
321511,0,4745562,0.0,2024
321590,0,5708664,0.0,2024
330112,0,385818,0.0,2024
330113,0,54566,0.0,2024
620719,0,46461,0.0,2024
320414,0,406904,0.0,2024
320415,0,793857,0.0,2024
320416,0,1193481,0.0,2024
320420,0,1050620,0.0,2024
320500,0,760805,0.0,2024
010591,0,15037,0.0,2024
320650,0,5322,0.0,2024
320710,0,1150481,0.0,2024
020622,0,656397,0.0,2024
020629,0,244621,0.0,2024
020710,0,2323,0.0,2024
020743,0,1675,0.0,2024
020900,0,3136962,0.0,2024
021011,0,26636,0.0,2024
620721,0,44399,0.0,2024
021090,0,172434,0.0,2024
960610,0,166580,0.0,2024
620722,0,16409,0.0,2024
950621,0,4021,0.0,2024
950629,0,537749,0.0,2024
620419,0,9701,0.0,2024
020220,0,934713,0.0,2024
020610,0,148538,0.0,2024
010290,0,9944,0.0,2024
961330,0,44186,0.0,2024
961380,0,623784,0.0,2024
961390,0,288435,0.0,2024
620421,0,1157,0.0,2024
620431,0,51483,0.0,2024
620441,0,7187,0.0,2024
010310,0,510352,0.0,2024
961310,0,1648356,0.0,2024
290124,0,30552,0.0,2024
010210,0,119870,0.0,2024
020329,0,1579371,0.0,2024
290211,0,67895,0.0,2024
020319,0,72270,0.0,2024
