{"type": "FeatureCollection", "features": [{"id": "0", "type": "Feature", "properties": {"id_code": "01", "id_name": "AZUAY", "id_abbr": "AZU", "region": "Sierra", "province_label": "01 - AZUAY"}, "geometry": {"type": "Polygon", "coordinates": [[[-79.06063842799995, -3.438596724999968], [-79.04425811799985, -3.4818575369999394], [-79.06710815399998, -3.502133606999905], [-79.06806945899996, -3.5127575399999387], [-79.0460815429999, -3.5494425289999754], [-79.05664062499994, -3.5725977409998677], [-79.04486846899988, -3.576726436999877], [-79.06896209799999, -3.5907146929998817], [-79.05627441399992, -3.598543166999889], [-79.05809783899997, -3.6103310589999182], [-79.10285186799996, -3.627097129999811], [-79.11801910399998, -3.6014745239999684], [-79.13346099799992, -3.5983493329999305], [-79.1399230959999, -3.56787085499991], [-79.13617706299993, -3.527636766999933], [-79.15888214099982, -3.5042064189998996], [-79.15692901499995, -3.475664138999889], [-79.17597198499993, -3.467512129999875], [-79.18123626699997, -3.440781116999972], [-79.25676727299992, -3.4758696559999294], [-79.27680206199983, -3.4766604909999046], [-79.28916168199999, -3.4669451709999635], [-79.30204009999994, -3.4358496659999673], [-79.29961395299989, -3.4067876339999543], [-79.30883026099997, -3.394036293999932], [-79.30175781199995, -3.3637762059998977], [-79.3340148929999, -3.33993148899998], [-79.37702941899994, -3.3494520179999085], [-79.42890930199991, -3.344024180999952], [-79.48189544799999, -3.3154902459999107], [-79.51489257899982, -3.3074409959999684], [-79.56903839099988, -3.314636945999837], [-79.57980346599993, -3.3250184049999234], [-79.61042785599994, -3.32937836699989], [-79.63082885699993, -3.3185441489999334], [-79.64910125799992, -3.3264734729999645], [-79.6689910899999, -3.3216314309999007], [-79.64423370499998, -3.302308797999956], [-79.63330840999998, -3.2678220269999656], [-79.63677978499999, -3.2482731339999305], [-79.62773895199996, -3.2321529379998424], [-79.60147857599992, -3.2152004239998746], [-79.5998153679999, -3.17629289599995], [-79.61971283099996, -3.136649845999898], [-79.63680267399991, -3.1371726979999153], [-79.67560577499984, -3.1195952889999603], [-79.68881988399994, -3.1054599289999487], [-79.7355041489999, -3.0954229839999243], [-79.76304626499996, -3.0672831529998916], [-79.76377105599994, -3.0622594349998167], [-79.74951934799992, -3.0541183949998185], [-79.73405456599994, -3.0099894999999606], [-79.71237945599995, -3.0152461519999747], [-79.71532440099998, -2.991785049999976], [-79.72776031399991, -2.9858071799998243], [-79.72588348299996, -2.979266642999903], [-79.66994476199994, -2.9715051649999396], [-79.64524841299993, -2.9894785869998373], [-79.6355133059999, -2.977411985999936], [-79.64585113599998, -2.9561014179998892], [-79.60836791899999, -2.921071050999956], [-79.59384155299989, -2.917767763999848], [-79.59670257499982, -2.9100427619998754], [-79.58575439499998, -2.908101080999927], [-79.58580779999988, -2.9018230439999684], [-79.60841369599996, -2.9017863269998543], [-79.60842132599998, -2.894465921999881], [-79.56121826199995, -2.895556210999871], [-79.55077361999997, -2.88103794999995], [-79.59170532299999, -2.876597641999922], [-79.6013870239999, -2.8577480309999714], [-79.63481903099995, -2.84912705499994], [-79.67031860399999, -2.824850559999902], [-79.63777923499998, -2.8155064569999126], [-79.63013458199993, -2.8236219879999567], [-79.62187194899991, -2.814162253999939], [-79.50293731599999, -2.767744301999926], [-79.48696899299989, -2.677845953999963], [-79.46003723099994, -2.657386302999953], [-79.47309875499997, -2.607597589999898], [-79.44757080199997, -2.6112067689999208], [-79.43717193699996, -2.6017644409998866], [-79.42499542199994, -2.606784581999932], [-79.42828369099993, -2.5180390609999677], [-79.3974913649999, -2.516904949999912], [-79.39170074399988, -2.5296539989999474], [-79.37918878199997, -2.5296541729998694], [-79.37596130399993, -2.5441989889999377], [-79.36192321799996, -2.544181107999975], [-79.35578918399995, -2.5614428519999137], [-79.35605621299999, -2.567611455999895], [-79.3673553459999, -2.5676259989998584], [-79.36229705799991, -2.574966907999908], [-79.3041763299999, -2.572018146999824], [-79.30374908499994, -2.6194229109999014], [-79.28022003199999, -2.650541781999948], [-79.24053192199989, -2.6778347479998956], [-79.23263549799998, -2.693395614999929], [-79.21654510599996, -2.6858861449999267], [-79.20632934499997, -2.692664860999912], [-79.20197296099991, -2.7056381709999755], [-79.21474456699997, -2.723002909999934], [-79.17681884699994, -2.7450072759999102], [-79.16367340099993, -2.730796097999928], [-79.14533233699996, -2.7311983109999005], [-79.14363098199993, -2.714138984999977], [-79.12004089399994, -2.7167713629998502], [-79.09393310599984, -2.6969156269998393], [-79.08026122999996, -2.6481237409998926], [-79.05441284099999, -2.6377737509999406], [-79.03450775099998, -2.646167276999961], [-79.01902770999993, -2.6635403629998677], [-79.02408599799986, -2.678643225999906], [-79.01022338799993, -2.7136814579998827], [-78.98547363299991, -2.71962380399998], [-78.99477386399991, -2.748136519999946], [-78.9689712519999, -2.753370284999903], [-78.95258331199994, -2.7688372129999266], [-78.94453430199991, -2.8288938989999792], [-78.88049316399992, -2.8412771219999513], [-78.87277221699998, -2.837816476999876], [-78.88093566999993, -2.829082727999946], [-78.87489318899992, -2.8191881169998965], [-78.81542205699998, -2.822270393999929], [-78.82160949699994, -2.81025862599995], [-78.81540679899996, -2.7785499099998674], [-78.79502105599994, -2.774227142999962], [-78.79262542699996, -2.734541654999873], [-78.80085754499999, -2.712701559999971], [-78.77445983799993, -2.6752648349998935], [-78.74803924499997, -2.674192904999927], [-78.73250579899991, -2.691314696999939], [-78.70265960599983, -2.686099527999943], [-78.68668365499991, -2.6694214339999576], [-78.66683959999989, -2.677331209999977], [-78.65835571199995, -2.654667854999957], [-78.63732910199997, -2.648113012999886], [-78.61677551399998, -2.627458332999879], [-78.62528228799994, -2.6075866219998716], [-78.62216949399993, -2.5938503729999525], [-78.57985687199994, -2.573973655999964], [-78.56584167499989, -2.554430960999923], [-78.55625915599995, -2.5596294399999806], [-78.56758880599995, -2.59124660599997], [-78.56329345799992, -2.606268881999938], [-78.53629302999991, -2.626899241999979], [-78.51908874599991, -2.5881392949999054], [-78.49776458699995, -2.571812629999954], [-78.48056793099994, -2.5724787709999077], [-78.46118927099997, -2.590598820999844], [-78.43657684299995, -2.599114656999859], [-78.42213439999983, -2.630605934999892], [-78.44103240899989, -2.6490309239999306], [-78.47416687099991, -2.662858961999973], [-78.48794555699999, -2.661274194999976], [-78.52365875299995, -2.6922509659999605], [-78.55243682899993, -2.6949007509999205], [-78.57949829199993, -2.7092604629998505], [-78.59204101499995, -2.7614336009999647], [-78.60047912499994, -2.7619099609998443], [-78.61463928099994, -2.7867531769998664], [-78.59570312399984, -2.8185722829999236], [-78.58594512899998, -2.8182871349998777], [-78.57563018799988, -2.8305823809999424], [-78.57555389499998, -2.8510453699999516], [-78.59217834399988, -2.8620791439999493], [-78.63161468399994, -2.9135501389999376], [-78.62871551599994, -2.936343906999923], [-78.63730621299993, -2.9517982009999173], [-78.63141631999997, -2.97056579599996], [-78.65882110599995, -2.9898884289999046], [-78.66504669099999, -3.0226144789999694], [-78.67532348699996, -3.0288355359999173], [-78.67082214399994, -3.062981843999978], [-78.68495178099988, -3.0705723769999054], [-78.68835449299996, -3.1048331249999706], [-78.69570159999984, -3.1073036179998894], [-78.7052993769999, -3.136779783999941], [-78.74286651499989, -3.1406986699998924], [-78.75485229399993, -3.160077332999947], [-78.7725296019999, -3.1661357869998596], [-78.79037475599995, -3.1930046089999564], [-78.81111144999988, -3.2073471539998764], [-78.83503723099994, -3.2457022659999666], [-78.85677337699997, -3.229647158999967], [-78.87996673699996, -3.2506349089998707], [-78.89849853499993, -3.253978490999941], [-78.91214752199994, -3.273149728999954], [-78.93440246499995, -3.27310681299997], [-78.93438720699993, -3.296215294999911], [-78.95392608699996, -3.2998516559998734], [-78.94647216799996, -3.308509348999962], [-78.9429626459999, -3.3434164519999285], [-78.98968505799996, -3.3534419539998908], [-79.0507736209999, -3.399805544999822], [-79.05755615299995, -3.427940367999952], [-79.06875610299988, -3.437943458999939], [-79.06063842799995, -3.438596724999968]]]}}, {"id": "1", "type": "Feature", "properties": {"id_code": "02", "id_name": "BOL\u00cdVAR", "id_abbr": "BOL", "region": "Sierra", "province_label": "02 - BOL\u00cdVAR"}, "geometry": {"type": "Polygon", "coordinates": [[[-79.08863067699997, -1.1558237079999572], [-79.02729034499987, -1.2080349919999094], [-78.98599243199993, -1.2199945449998495], [-78.97357177799995, -1.211686967999924], [-78.9469451899999, -1.211075901999891], [-78.92478179899985, -1.1828958989999023], [-78.87758636499984, -1.1973524089999614], [-78.86945342899998, -1.1868784429998414], [-78.86217498799994, -1.1915590749998728], [-78.89348602299998, -1.2244150639999134], [-78.89068603399994, -1.2543383839999365], [-78.88118743899997, -1.2591040129999556], [-78.89781951899988, -1.2950735079999731], [-78.91449737499994, -1.3085081579999382], [-78.91532897899992, -1.3252140279998912], [-78.93441772599988, -1.3379328239999495], [-78.93919372499983, -1.36049282599987], [-78.9269027709999, -1.3768322469999248], [-78.93189239499992, -1.4018346059999658], [-78.91653442299992, -1.410147547999884], [-78.90921783499994, -1.4315701719999652], [-78.88574981799991, -1.4592355479999242], [-78.85254669199998, -1.4708886139998754], [-78.86814117499995, -1.482131838999976], [-78.86774444599996, -1.4913333649999458], [-78.87779235799991, -1.4914016729999275], [-78.86769103899991, -1.5128245349998224], [-78.88396453899998, -1.5399036409999098], [-78.89768981999998, -1.6010168789998716], [-78.88767242499983, -1.6295613049999247], [-78.85104370099998, -1.632018089999974], [-78.86334228499999, -1.7186549899999477], [-78.87552642899993, -1.7214156389999289], [-78.87992095999994, -1.740700006999873], [-78.9059448239999, -1.7325923449998868], [-78.93248748799988, -1.7571353899999735], [-78.98339843799988, -1.7549309719998973], [-79.01259612899997, -1.7747679939999443], [-79.00747680699999, -1.8038253779998854], [-79.01259612899997, -1.8399974099999667], [-79.02287292599993, -1.856707333999907], [-79.00814056299998, -1.9037227639999514], [-79.00804138099988, -1.9444264169999315], [-79.0377807619999, -2.060419796999952], [-79.0236968989999, -2.0734322069999394], [-79.02366638299998, -2.085579632999952], [-79.03159332199994, -2.1181526169999643], [-79.06110381999991, -2.1551520829999617], [-79.06625366099996, -2.1347775459998957], [-79.08894348199982, -2.123402117999831], [-79.1210708619999, -2.1410274509999567], [-79.11522674599996, -2.116823196999917], [-79.12487029999994, -2.1136558059998833], [-79.16192626899988, -2.1218421449999596], [-79.17568969699994, -2.1459183679999683], [-79.22991943299996, -2.1145775319999416], [-79.22977447599993, -2.1074199669999416], [-79.21427154499992, -2.1132543079999664], [-79.20544433599991, -2.1084935669998686], [-79.20719146799996, -2.0931353569999374], [-79.22193145799991, -2.0952212799999756], [-79.2219390859999, -2.0843131539999717], [-79.1996078499999, -2.0857903959998225], [-79.18806457399995, -2.076779602999977], [-79.21146392799989, -2.0769429209998975], [-79.21269226099992, -2.048504590999869], [-79.22829437199994, -2.0412304399999357], [-79.22367095999994, -2.0296983719999275], [-79.24484252999997, -2.0095901499998945], [-79.24016570999999, -1.9817084079999745], [-79.25602722099995, -1.9782431129999622], [-79.24621582099996, -1.8579748879998874], [-79.23000335699999, -1.8425260789999243], [-79.2520065299999, -1.8147742739999444], [-79.23885345399992, -1.8048235169998748], [-79.24897766099997, -1.7874617579998926], [-79.24715423599997, -1.7722507709999604], [-79.23499298099989, -1.7698017359999199], [-79.23068237299992, -1.758482097999945], [-79.24276733499994, -1.752792000999932], [-79.23178100499996, -1.743607640999869], [-79.26956939599995, -1.6984186159999695], [-79.26114654599996, -1.7032942769999408], [-79.27325439399993, -1.6688079839998977], [-79.29132842999996, -1.669455528999947], [-79.28855132999996, -1.6513286819998712], [-79.31954192999996, -1.6597050419999277], [-79.31994628899992, -1.6476443999998764], [-79.35563659599995, -1.6377166509999483], [-79.31674194399989, -1.6275819539998224], [-79.29870605399992, -1.5994184019999693], [-79.27861785999994, -1.610477565999929], [-79.24810790999993, -1.5610572099999445], [-79.24512481799997, -1.5436621899999636], [-79.2677612309999, -1.5423870089998672], [-79.28451538099995, -1.5267142049998483], [-79.30519103999995, -1.525608300999977], [-79.32183074999995, -1.5127152189999151], [-79.3185806269999, -1.491873382999927], [-79.33811950799998, -1.4701422439999305], [-79.33128356999998, -1.461150527999962], [-79.34715270899989, -1.4717208139999798], [-79.3613052369999, -1.4518185859999448], [-79.35880279499997, -1.4465025659999355], [-79.35607910199997, -1.4547963149999532], [-79.34527587799994, -1.454713105999815], [-79.31682586699992, -1.4376766679999378], [-79.33647155799997, -1.4364926819999368], [-79.32612609899991, -1.4126503469999534], [-79.32781219499998, -1.3968855139998482], [-79.32199096699998, -1.3907349109998677], [-79.2888717649999, -1.3936345569998707], [-79.29701232899993, -1.3556033369998772], [-79.27845001199995, -1.3548668619998807], [-79.26649475199991, -1.331388234999963], [-79.29367065499997, -1.3334599719999574], [-79.31627654999994, -1.3258525129999725], [-79.33718109099988, -1.292932032999886], [-79.35926818899992, -1.3046066749998886], [-79.36941528199992, -1.3282897469999284], [-79.39260101299993, -1.322224257999892], [-79.3491516119999, -1.2721841329998824], [-79.33459472599992, -1.2264647479999553], [-79.30726623499999, -1.2071335319999434], [-79.26061248799994, -1.2076963189999788], [-79.22048950099997, -1.1747608179998679], [-79.14372253399995, -1.155164359999901], [-79.13347625599994, -1.162887691999913], [-79.12211608899997, -1.151762364999911], [-79.11221313499993, -1.1560047859999258], [-79.10679626599995, -1.1498860119999108], [-79.08863067699997, -1.1558237079999572]]]}}, {"id": "2", "type": "Feature", "properties": {"id_code": "03", "id_name": "CA\u00d1AR", "id_abbr": "CA\u00d1", "region": "Sierra", "province_label": "03 - CA\u00d1AR"}, "geometry": {"type": "Polygon", "coordinates": [[[-78.8766479489999, -2.840968607999912], [-78.94453430199991, -2.8288938989999792], [-78.95258331199994, -2.7688372129999266], [-78.9689712519999, -2.753370284999903], [-78.99477386399991, -2.748136519999946], [-78.98547363299991, -2.71962380399998], [-79.01022338799993, -2.7136814579998827], [-79.02408599799986, -2.678643225999906], [-79.01902770999993, -2.6635403629998677], [-79.03450775099998, -2.646167276999961], [-79.05441284099999, -2.6377737509999406], [-79.08026122999996, -2.6481237409998926], [-79.09393310599984, -2.6969156269998393], [-79.12004089399994, -2.7167713629998502], [-79.14363098199993, -2.714138984999977], [-79.14533233699996, -2.7311983109999005], [-79.16367340099993, -2.730796097999928], [-79.1767196649999, -2.7450323099999423], [-79.21474456699997, -2.723002909999934], [-79.20197296099991, -2.7056381709999755], [-79.20632934499997, -2.692664860999912], [-79.21654510599996, -2.6858861449999267], [-79.23263549799998, -2.693395614999929], [-79.24053192199989, -2.6778347479998956], [-79.28022003199999, -2.650541781999948], [-79.30374908499994, -2.6194229109999014], [-79.3041763299999, -2.572018146999824], [-79.35094451899994, -2.5779085159999227], [-79.36468505799996, -2.572483061999833], [-79.3673553459999, -2.5676259989998584], [-79.35605621299999, -2.567611455999895], [-79.36192321799996, -2.544181107999975], [-79.37705993699996, -2.5426788329999113], [-79.39513399999998, -2.4970869989999187], [-79.46172312699997, -2.5007440659999247], [-79.50906799599989, -2.5396179939999683], [-79.51594543599998, -2.526941774999898], [-79.50083923299991, -2.525909899999874], [-79.48848000099997, -2.5109489999998686], [-79.50566101099992, -2.4995653619998848], [-79.52233895899997, -2.5053529979998643], [-79.52419280999999, -2.48785471899987], [-79.49516296399992, -2.4768247589999532], [-79.48351287899993, -2.463545321999959], [-79.46512603699989, -2.461139201999913], [-79.47117614799998, -2.448540686999877], [-79.42525482099995, -2.430624006999892], [-79.44812011699997, -2.420070171999953], [-79.4186782829999, -2.378273963999902], [-79.43063354499986, -2.380113362999964], [-79.43364715699988, -2.373265743999866], [-79.43064880399999, -2.3590073579998716], [-79.42005920499997, -2.359341620999942], [-79.41602325399998, -2.335885762999908], [-79.40185546899994, -2.3429279319999523], [-79.39333343499999, -2.358752250999828], [-79.35952758899998, -2.363285540999925], [-79.33818054099999, -2.3456857189999596], [-79.31974029499992, -2.3415446279998946], [-79.29359436099992, -2.316597460999958], [-79.25535583499993, -2.308454274999974], [-79.22701263399995, -2.316233158999921], [-79.17536926199989, -2.303794860999915], [-79.13777160699982, -2.211929798999904], [-79.12970733699996, -2.24323892599989], [-79.10027313299992, -2.2546613209999578], [-79.08924102799995, -2.2866201389999787], [-79.06198120099998, -2.300446033999947], [-79.06346893299997, -2.3146772389998205], [-79.05108642499994, -2.3224663729999406], [-79.0268325809999, -2.363170145999959], [-79.00566863999995, -2.3777475359999585], [-78.97690582199988, -2.377854108999884], [-78.97431945799991, -2.39201927299996], [-78.92790985099992, -2.4052796369999783], [-78.91199493499994, -2.419278859999906], [-78.88488006699998, -2.392722605999893], [-78.85573577899999, -2.390110252999932], [-78.84223937899998, -2.398163555999872], [-78.83319854799998, -2.383659362999879], [-78.81381225699988, -2.37708663799998], [-78.80765533399995, -2.385290859999884], [-78.79025268499993, -2.3853259089999597], [-78.79920196499995, -2.408124207999947], [-78.78339385899989, -2.4348897939999574], [-78.71797180099998, -2.4257888799999705], [-78.69991302499994, -2.4483678329999634], [-78.66082763599996, -2.4522230619999164], [-78.66916656399997, -2.4691443439999716], [-78.66524505499996, -2.4784133439999323], [-78.65513610899995, -2.4769248959999572], [-78.65380859399988, -2.4957096569999067], [-78.60920715399999, -2.5257205959999283], [-78.60418701199995, -2.543299913999874], [-78.57809448199993, -2.5469553479999263], [-78.57164764399988, -2.5645534999999313], [-78.62216949399993, -2.5938503729999525], [-78.62528228799994, -2.6075866219998716], [-78.61677551399998, -2.627458332999879], [-78.63732910199997, -2.648113012999886], [-78.65835571199995, -2.654667854999957], [-78.66683959999989, -2.677331209999977], [-78.68668365499991, -2.6694214339999576], [-78.70265960599983, -2.686099527999943], [-78.73250579899991, -2.691314696999939], [-78.74803924499997, -2.674192904999927], [-78.7746582019999, -2.6754620069999646], [-78.80085754499999, -2.712701559999971], [-78.79262542699996, -2.734541654999873], [-78.79502105599994, -2.774227142999962], [-78.81540679899996, -2.7785499099998674], [-78.82160949699994, -2.81025862599995], [-78.81542205699998, -2.822270393999929], [-78.87489318899992, -2.8191881169998965], [-78.88093566999993, -2.829082727999946], [-78.8766479489999, -2.840968607999912]]]}}, {"id": "3", "type": "Feature", "properties": {"id_code": "04", "id_name": "CARCHI", "id_abbr": "CAR", "region": "Sierra", "province_label": "04 - CARCHI"}, "geometry": {"type": "Polygon", "coordinates": [[[-77.75994110099992, 0.8391461960001152], [-77.74610137999997, 0.833055854000122], [-77.71308135999999, 0.8508861070000648], [-77.68467712399985, 0.8249722120000911], [-77.66500091499995, 0.8178502930001628], [-77.67440032999997, 0.7925825130000703], [-77.66217040899994, 0.7887250780000272], [-77.68320464999994, 0.7747282400001154], [-77.6990814209999, 0.7452638740001021], [-77.66281890899995, 0.7303475730001878], [-77.6595687869999, 0.7054698459999713], [-77.62261962899998, 0.695042730000182], [-77.56185913099995, 0.6505472060001125], [-77.53908538899998, 0.6457120769999847], [-77.56619262699991, 0.6344990140001414], [-77.61690521299988, 0.6421322240000222], [-77.63712310799991, 0.6360303760001784], [-77.67213439899996, 0.6492981910000708], [-77.68594360299994, 0.6411603090001563], [-77.68795013499994, 0.6179483530000311], [-77.65586090099998, 0.6031093590000296], [-77.67784118599991, 0.5622103810001704], [-77.70974731399991, 0.5489156250001201], [-77.7207717899999, 0.531478525000125], [-77.72791290299995, 0.5340093970000908], [-77.77190399099993, 0.46470147500014036], [-77.78475189099993, 0.46017006099998525], [-77.7826690679999, 0.4528513840000983], [-77.80712890699994, 0.42713674900011256], [-77.81326293899997, 0.40554922800015447], [-77.79629516699998, 0.38518831100009265], [-77.79718780599995, 0.36943906600004084], [-77.8150176989999, 0.34948188100014477], [-77.83440399199998, 0.34427622000009706], [-77.83798217799995, 0.35656842700012703], [-77.86473083599998, 0.3811437790001264], [-77.92404174799998, 0.4016895899999895], [-77.94487762399984, 0.43148893100010355], [-77.99173736499995, 0.4476676880000241], [-78.01110076999998, 0.47355833800008895], [-78.06748962499995, 0.4737566410000795], [-78.09505462599992, 0.483088046999967], [-78.11151885999999, 0.5204500550001399], [-78.12958526699998, 0.5303218970001353], [-78.12520599399994, 0.57074803200004], [-78.14221954399989, 0.5906081210000593], [-78.13362884399999, 0.6150678990000529], [-78.14371490399998, 0.6273164150001094], [-78.15299987699996, 0.6267011169999819], [-78.16845703099989, 0.6595157400001881], [-78.18709564199992, 0.6690450300001203], [-78.20038604699994, 0.6918631199999936], [-78.20412444999988, 0.7178902040000139], [-78.26703643799988, 0.7670135500000583], [-78.27134704499997, 0.7843955760000654], [-78.30279541099998, 0.7923474320000423], [-78.33079528799993, 0.821934701000032], [-78.35321807899993, 0.815272451000169], [-78.36438751199995, 0.8256337640001448], [-78.3867340089999, 0.8250412940001297], [-78.41790771499996, 0.8472384210000428], [-78.43572997999996, 0.8733206990000326], [-78.45178985499996, 0.8745821730001353], [-78.46196746699997, 0.8855781560001788], [-78.48776245099987, 0.8864250180000681], [-78.53236389099999, 0.9232155679999892], [-78.53038024799991, 0.9296188370000209], [-78.54688262899992, 0.9417744890001813], [-78.53633117699997, 0.9805397980001658], [-78.54940032899998, 1.0196071859999734], [-78.54151153499998, 1.0495432610000535], [-78.52400207399995, 1.0580054529999643], [-78.52217865099988, 1.0686690800000633], [-78.49988555899989, 1.0750541690001683], [-78.50798797599998, 1.0964266820000717], [-78.50026702899993, 1.1336307520001014], [-78.50677845999985, 1.1601931330001207], [-78.51347351099992, 1.1588903680000726], [-78.51263427699996, 1.1719908720000376], [-78.49573516899994, 1.184854269000084], [-78.50715618699991, 1.1831601450000448], [-78.50748416799996, 1.195508554000071], [-78.49456787199995, 1.1971144689999846], [-78.49055480899989, 1.1852784170001769], [-78.47953796299998, 1.193391919000021], [-78.46372222899993, 1.175693870000032], [-78.44430541999998, 1.1831369410001003], [-78.43962097199994, 1.194249271999979], [-78.4262466429999, 1.1774843940000324], [-78.43899536099985, 1.1590874199999917], [-78.43456268299991, 1.1450459960001353], [-78.41967010499997, 1.1382436750001261], [-78.41767883199992, 1.147780657000169], [-78.42626190199991, 1.152813315000003], [-78.41878509599991, 1.1602872610000645], [-78.39640045199991, 1.1525139810001406], [-78.37582397499995, 1.174190522000174], [-78.34512329199998, 1.183427573000131], [-78.3386764519999, 1.178524138000057], [-78.32646179199998, 1.195328950000146], [-78.31241607699997, 1.1911542420000387], [-78.30538940499997, 1.1721740950000026], [-78.29589080799997, 1.1704089649999787], [-78.29976654099994, 1.1491807700001004], [-78.28020477299992, 1.1195436720000203], [-78.28311157099989, 1.1111787570000615], [-78.26627349899991, 1.1125587220001307], [-78.26591491799991, 1.0999048960001119], [-78.25188445999999, 1.098851442000182], [-78.25328826899994, 1.0789381260000823], [-78.26374816899988, 1.0823556190001682], [-78.27811431899988, 1.0725331310001138], [-78.28237152099996, 1.0552368160001606], [-78.25217437699996, 1.0290462980000825], [-78.24031829799998, 1.0273827330000245], [-78.23172760099999, 1.0129163269999708], [-78.19562530399992, 0.9967695480000884], [-78.18136596599987, 0.9968145490000211], [-78.18904113799994, 1.0142099860000258], [-78.18415069599996, 1.023909093000043], [-78.10993957599999, 0.9318472749999955], [-78.03857421999993, 0.8752754340000024], [-78.01890563999996, 0.8420441740000797], [-77.98954772999997, 0.8315871370000423], [-77.98616790699992, 0.8178515440001775], [-77.96120452899999, 0.796175719000189], [-77.92599487199993, 0.8132864840001162], [-77.84107971299989, 0.797203123000088], [-77.81663513199999, 0.8089492910001468], [-77.79469299399994, 0.8342766770001617], [-77.75994110099992, 0.8391461960001152]]]}}, {"id": "4", "type": "Feature", "properties": {"id_code": "06", "id_name": "CHIMBORAZO ", "id_abbr": "CHI", "region": "Sierra", "province_label": "06 - CHIMBORAZO "}, "geometry": {"type": "Polygon", "coordinates": [[[-78.97595214899991, -2.389859675999901], [-78.97454833899997, -2.379079818999969], [-79.00566863999995, -2.3777475359999585], [-79.02741241399991, -2.3625345229999652], [-79.05108642499994, -2.3224663729999406], [-79.06346893299997, -2.3146772389998205], [-79.06198120099998, -2.300446033999947], [-79.08924102799995, -2.2866201389999787], [-79.10027313299992, -2.2546613209999578], [-79.12970733699996, -2.24323892599989], [-79.13716888399995, -2.212114572999951], [-79.25457000799992, -2.2162280079999164], [-79.24835205099998, -2.1963386529998843], [-79.22116088999991, -2.1995387079999773], [-79.1925659179999, -2.1914231779999795], [-79.15924835099992, -2.2032742509998116], [-79.12703704899997, -2.202695608999875], [-79.11753082399991, -2.180482387999973], [-79.13661956799996, -2.1805064669999297], [-79.09798431299993, -2.1279149049998978], [-79.08894348199982, -2.123402117999831], [-79.07073211599999, -2.1313819889999763], [-79.06063842799995, -2.1551194189999023], [-79.03159332199994, -2.1181526169999643], [-79.02295684699993, -2.0761036869998293], [-79.0377807619999, -2.060419796999952], [-79.01655578699996, -1.9952168459998916], [-79.01670074399993, -1.9596914039999547], [-79.00665283299992, -1.9247463939999534], [-79.02287292599993, -1.856707333999907], [-79.01259612899997, -1.8399974099999667], [-79.00747680699999, -1.8038253779998854], [-79.01259612899997, -1.7747679939999443], [-78.98339843799988, -1.7549309719998973], [-78.93248748799988, -1.7571353899999735], [-78.9059448239999, -1.7325923449998868], [-78.87992095999994, -1.740700006999873], [-78.87552642899993, -1.7214156389999289], [-78.86334228499999, -1.7186549899999477], [-78.85126495399999, -1.628671527999927], [-78.88767242499983, -1.6295613049999247], [-78.89768981999998, -1.6010168789998716], [-78.88396453899998, -1.5399036409999098], [-78.86769103899991, -1.5128245349998224], [-78.87779235799991, -1.4914016729999275], [-78.86774444599996, -1.4913333649999458], [-78.86814117499995, -1.482131838999976], [-78.84365081799996, -1.4595758919999753], [-78.83290100099987, -1.461583495999946], [-78.81373596099996, -1.4452177289999213], [-78.80049133299997, -1.4475477929998988], [-78.77261352599993, -1.4301253559999623], [-78.72646331899989, -1.4701313959999425], [-78.69273376499996, -1.4867733709999698], [-78.6883621209999, -1.4966715569999565], [-78.6364135739999, -1.4931646579999551], [-78.63565063599992, -1.50840389699988], [-78.56307983499994, -1.4756475679998857], [-78.53990936199995, -1.4797848459999159], [-78.54212951599993, -1.4600710869998466], [-78.51318359399994, -1.4741833209998845], [-78.49948882999996, -1.4339450599999282], [-78.4933471679999, -1.445349096999962], [-78.42332458399989, -1.4853476289999321], [-78.3954086309999, -1.484602569999936], [-78.38719940099998, -1.4941594599999348], [-78.36446380599995, -1.4969638589999477], [-78.36460113499999, -1.5141860249999581], [-78.35740661499995, -1.520868420999932], [-78.3646850589999, -1.533026695999979], [-78.37648010199996, -1.535912393999979], [-78.37038421599993, -1.575106739999967], [-78.37727355899989, -1.5851137639999706], [-78.36347961499996, -1.6070729479999386], [-78.36377716099992, -1.6447925559999703], [-78.3727951059999, -1.6571710109999458], [-78.40940856899994, -1.665099977999887], [-78.41659545899995, -1.6863629809998884], [-78.4322204579999, -1.6854119289998835], [-78.46759033299998, -1.7519086599999696], [-78.4577407839999, -1.7628998749999596], [-78.44586944499991, -1.7621221539999397], [-78.43798828099995, -1.7919331779998515], [-78.42026519799998, -1.8051124809999806], [-78.42124938899997, -1.8278230419999204], [-78.39710998499999, -1.852238773999943], [-78.40364837699991, -1.8786146649999296], [-78.42008972199994, -1.884382604999871], [-78.41977691699998, -1.8944512599999257], [-78.42971038799999, -1.8976429689998895], [-78.4332733149999, -1.9091427329999533], [-78.45732879699995, -1.9214897159998827], [-78.46359252899992, -1.9498559229999728], [-78.48931121799995, -1.9589720959998544], [-78.47894286999997, -2.003321408999909], [-78.45870208699995, -1.9899309859998766], [-78.44189453199994, -2.011637447999931], [-78.45147705099998, -2.0308442109998737], [-78.45249176099992, -2.064319371999943], [-78.43329620399999, -2.0900068279999005], [-78.45015716599994, -2.117970942999932], [-78.48284149299991, -2.1299948689999724], [-78.49368286099997, -2.121379852999837], [-78.51345062199988, -2.133076428999857], [-78.51657104599997, -2.1545853619999775], [-78.50425720199996, -2.15870642699997], [-78.50122070399988, -2.205984829999977], [-78.48854827799994, -2.2210147369999618], [-78.50508117699991, -2.2464950089999434], [-78.53634643499998, -2.242052315999956], [-78.54418945299994, -2.2535624499998903], [-78.53692626999992, -2.2789986139998746], [-78.5457992549999, -2.3003029819999483], [-78.57765960599994, -2.305846689999953], [-78.58716583199998, -2.3185858719999146], [-78.57842254699989, -2.3300945759998513], [-78.56204223699996, -2.325902699999915], [-78.54383087099995, -2.3356161119999115], [-78.49966430599989, -2.3819160469998906], [-78.48529052799995, -2.3727593429998706], [-78.4815521249999, -2.414176700999917], [-78.46258544899985, -2.4157097329999146], [-78.46071624799998, -2.4221019749999755], [-78.48493957599999, -2.4373502719998896], [-78.48155975299994, -2.455257892999839], [-78.50459289499992, -2.5299327379999568], [-78.54534149199998, -2.5862510199999065], [-78.54824066199996, -2.5986735819999467], [-78.53309631299993, -2.626877545999946], [-78.56340789799998, -2.605952977999891], [-78.56758880599995, -2.59124660599997], [-78.55673980799997, -2.558780431999935], [-78.60418701199995, -2.543299913999874], [-78.60920715399999, -2.5257205959999283], [-78.65380859399988, -2.4957096569999067], [-78.65513610899995, -2.4769248959999572], [-78.66524505499996, -2.4784133439999323], [-78.66916656399997, -2.4691443439999716], [-78.66082763599996, -2.4522230619999164], [-78.69991302499994, -2.4483678329999634], [-78.71797180099998, -2.4257888799999705], [-78.78339385899989, -2.4348897939999574], [-78.79920196499995, -2.408124207999947], [-78.79025268499993, -2.3853259089999597], [-78.80765533399995, -2.385290859999884], [-78.81381225699988, -2.37708663799998], [-78.83319854799998, -2.383659362999879], [-78.84223937899998, -2.398163555999872], [-78.85573577899999, -2.390110252999932], [-78.88488006699998, -2.392722605999893], [-78.91199493499994, -2.419278859999906], [-78.92790985099992, -2.4052796369999783], [-78.97595214899991, -2.389859675999901]]]}}, {"id": "5", "type": "Feature", "properties": {"id_code": "05", "id_name": "COTOPAXI", "id_abbr": "COT", "region": "Sierra", "province_label": "05 - COTOPAXI"}, "geometry": {"type": "Polygon", "coordinates": [[[-78.59008789099994, -1.1193225379998921], [-78.6134490959999, -1.110120176999942], [-78.66753387499989, -1.1552407729999459], [-78.67381286699992, -1.1450539829999684], [-78.72507476899995, -1.15018629899987], [-78.74480438299997, -1.1322432759999401], [-78.78043365499991, -1.146243691999814], [-78.78947448699995, -1.1418671609998796], [-78.8318786609999, -1.1661218409998924], [-78.84591674899997, -1.183051943999942], [-78.85908508299997, -1.1738905899999281], [-78.87724304199992, -1.1973458539999342], [-78.92478179899985, -1.1828958989999023], [-78.9469451899999, -1.211075901999891], [-78.97357177799995, -1.211686967999924], [-78.98587798999989, -1.2199944249999248], [-79.02729034499987, -1.2080349919999094], [-79.06877899199992, -1.1798448559998747], [-79.08863067699997, -1.1558237079999572], [-79.10679626599995, -1.1498860119999108], [-79.11221313499993, -1.1560047859999258], [-79.12211608899997, -1.151762364999911], [-79.13347625599994, -1.162887691999913], [-79.14372253399995, -1.155164359999901], [-79.22048950099997, -1.1747608179998679], [-79.26061248799994, -1.2076963189999788], [-79.28880309999988, -1.2055536509999456], [-79.28673553499988, -1.1789565089999314], [-79.29949188299992, -1.1772021049998216], [-79.2970428459999, -1.1685341589999325], [-79.31504058899992, -1.1666567329999111], [-79.33793640199991, -1.1344414939999297], [-79.33261108499994, -1.1290799369999718], [-79.33970641999991, -1.123941183999932], [-79.33256530799997, -1.1232366559999036], [-79.33224487299992, -1.1130191099998683], [-79.32652282699996, -1.1152882579999641], [-79.30843353199992, -1.0596128699999667], [-79.31208038299997, -1.0349773179999033], [-79.29370880199997, -1.008894919999932], [-79.29328918499994, -0.9876123069998926], [-79.3205108649999, -0.9982480399999076], [-79.30628967399997, -0.9287613039999769], [-79.29891967799995, -0.9288538089999179], [-79.28705596999993, -0.9085853099999781], [-79.28674316299998, -0.8904703859999472], [-79.24359893899998, -0.8787236209999492], [-79.23601532099991, -0.8373882179999441], [-79.22439575199996, -0.835109412999941], [-79.22042083799988, -0.8115004309998994], [-79.18683624199991, -0.7991983279998749], [-79.18673705999998, -0.7642930739999656], [-79.17420196499995, -0.7590164549999372], [-79.13923645099987, -0.7127718919999779], [-79.12891387999991, -0.6493809829999577], [-79.09729003799993, -0.604137359999811], [-79.08352661099997, -0.5667956479999248], [-79.11283111599994, -0.5414177179998774], [-79.10096740799992, -0.5250370499999235], [-79.07015228399996, -0.5236135119998835], [-79.0458602899999, -0.48761415399997077], [-79.03153991699992, -0.483519046999902], [-79.01527404699993, -0.44976332699991417], [-79.01151275599995, -0.4179781369999773], [-78.97330474799998, -0.40859171699997887], [-78.96451568599991, -0.40035694899995633], [-78.96862792899992, -0.3823628119999398], [-78.96211242599998, -0.3694639199999301], [-78.95522308299996, -0.36176767899996776], [-78.93303680399993, -0.360790728999973], [-78.94123840299989, -0.33149561399989125], [-78.91833495999998, -0.34031694999987394], [-78.90682220499997, -0.35965833099987776], [-78.91580200099997, -0.3721495859999209], [-78.89960479699982, -0.38557895999997527], [-78.89308929399994, -0.4127948889999402], [-78.87509155299983, -0.4142689109999651], [-78.86155700699999, -0.4337596899999312], [-78.85667419499998, -0.4649630779998688], [-78.83844757099996, -0.4777879709999411], [-78.83230590799991, -0.5246985549998726], [-78.79537963799999, -0.543573796999965], [-78.77832794199998, -0.5384931559999586], [-78.73342132499988, -0.5596558459998278], [-78.72832489099994, -0.5890247219999196], [-78.7391204839999, -0.6219936609999195], [-78.71585845899989, -0.6630641809998679], [-78.67182159299995, -0.6519219269998757], [-78.6575241079999, -0.6365448229998947], [-78.64811706499995, -0.6428086759999019], [-78.63983154199991, -0.6200337999998737], [-78.6115493769999, -0.5974880449999773], [-78.57940673799999, -0.6178661569999235], [-78.5713806139999, -0.6102277039999535], [-78.5596618649999, -0.6127536889998737], [-78.55133819499997, -0.6337897169998428], [-78.53782653699989, -0.6196984049998377], [-78.53782653699989, -0.6266049729999281], [-78.51591491699998, -0.6346207849999246], [-78.49886322099997, -0.6337333909999643], [-78.49977111899994, -0.625746248999917], [-78.49294281099992, -0.6246358149999764], [-78.48786926299982, -0.636800406999896], [-78.47355651799995, -0.6132059089998165], [-78.45663452199994, -0.6089034679998804], [-78.45077514699983, -0.6207478049999509], [-78.42989349399994, -0.6008997559998761], [-78.42000579799992, -0.6133807899998942], [-78.41627502399996, -0.6076301939999667], [-78.4069061269999, -0.6124055389999512], [-78.40912628099994, -0.6234517089998803], [-78.38570404099994, -0.6286436909999225], [-78.36414337099984, -0.6606544859998849], [-78.37145233099989, -0.6728376739999362], [-78.39637756399998, -0.6763492219999421], [-78.39653778099989, -0.7041613449998749], [-78.41122436499995, -0.7194292539999765], [-78.39292144699994, -0.7474248409998836], [-78.39794158899997, -0.7693343759999038], [-78.38896942199995, -0.8112926479999487], [-78.40305328399995, -0.8709770429998684], [-78.42762756299993, -0.8784214259998748], [-78.42133331299988, -0.9053582549999533], [-78.40744018499993, -0.9138215779999541], [-78.42974853499993, -0.9448934789999157], [-78.39546966599988, -0.963269471999979], [-78.3952560429999, -0.9941069489999563], [-78.40953063999996, -0.9982350469999801], [-78.41010284399988, -1.0193915369998763], [-78.43460082999997, -1.0464305869999748], [-78.44574737499994, -1.0474817759998132], [-78.45910644599985, -1.0839610099998254], [-78.50205230799997, -1.094195007999872], [-78.52342224199992, -1.0592792039998926], [-78.55921173099989, -1.0588567249999414], [-78.57652282799995, -1.073913692999838], [-78.56731414799998, -1.0743697889998316], [-78.56246948199998, -1.0841085899999712], [-78.57037353499999, -1.09633338499998], [-78.56747436599989, -1.1154009109999379], [-78.59008789099994, -1.1193225379998921]]]}}, {"id": "6", "type": "Feature", "properties": {"id_code": "07", "id_name": "EL ORO", "id_abbr": "ORO", "region": "Costa", "province_label": "07 - EL ORO"}, "geometry": {"type": "MultiPolygon", "coordinates": [[[[-79.41537475599989, -3.7269837859999484], [-79.40316009599997, -3.753101109999875], [-79.40506744299995, -3.782727479999892], [-79.42624664299996, -3.792067050999947], [-79.4442367559999, -3.812875032999955], [-79.48908233699996, -3.8030192859999374], [-79.50045776299999, -3.7895348069999386], [-79.5660629269999, -3.802386760999923], [-79.5919418339999, -3.7804653639999515], [-79.60557556099997, -3.751276968999946], [-79.61907196099997, -3.750124214999971], [-79.64743804999989, -3.771279095999887], [-79.66230773899991, -3.769326686999932], [-79.68029785199991, -3.7788875099998904], [-79.70614624099989, -3.8223471639999502], [-79.72454834099989, -3.8323266499999136], [-79.77622985799997, -3.8373355869998704], [-79.79159545999994, -3.8459484579998957], [-79.80747985899995, -3.835422276999907], [-79.83020019599991, -3.8376708029999804], [-79.86424255399993, -3.8203604209999753], [-79.89345550599995, -3.829771517999916], [-79.91411590599989, -3.82341670999989], [-79.93627929699988, -3.8322198389998903], [-79.95421600299994, -3.8282914159998427], [-79.98519134499998, -3.841703890999895], [-80.01155853199998, -3.867853878999938], [-80.13301835999988, -3.89000079199991], [-80.15900399899994, -3.868496000999869], [-80.15138200099989, -3.855122999999878], [-80.16310882599993, -3.827792643999942], [-80.16060599899998, -3.8024520009998923], [-80.19316863999984, -3.7749114039999654], [-80.17870300099992, -3.736094999999864], [-80.19959259099994, -3.6883378019999213], [-80.18707999899993, -3.6703930009999226], [-80.18775899999997, -3.630035998999972], [-80.19744873099995, -3.6194620119999286], [-80.18856048599991, -3.599847077999925], [-80.20923614499992, -3.592200994999871], [-80.21806335399992, -3.575695990999975], [-80.20466613899998, -3.5498280519998957], [-80.21475982699991, -3.50244188399995], [-80.22930908099988, -3.5018637169998783], [-80.23415374799998, -3.4881091119998473], [-80.2457656869999, -3.485816239999849], [-80.24029541099992, -3.4613521109999397], [-80.22167968799994, -3.446391104999975], [-80.2212679999999, -3.4362839999999437], [-80.2533719999999, -3.413407999999947], [-80.27719899999988, -3.4152859999999237], [-80.31368299999991, -3.3921249999999077], [-80.27106499999996, -3.3262719999999035], [-80.20997599999993, -3.3369259999998917], [-80.20988499999999, -3.3431139999999573], [-80.11960599999992, -3.3334109999999555], [-80.06485699999996, -3.2836629999998763], [-80.04351799999995, -3.2253339999999753], [-80.02959399999992, -3.209173999999962], [-80.01602899999995, -3.254045999999846], [-80.00107599999996, -3.2625339999999596], [-79.99429299999997, -3.2246479999998883], [-79.97632599999991, -3.217079999999953], [-79.97587599999991, -3.206763999999964], [-79.95288099999993, -3.1924499999998943], [-79.95117199999993, -3.183917999999892], [-79.93486799999994, -3.1797659999999723], [-79.93648499999995, -3.170957999999871], [-79.92713928199993, -3.170252084999902], [-79.93114471399997, -3.162748575999899], [-79.91721343899997, -3.1675734519998855], [-79.90755462599998, -3.160489557999938], [-79.89237975999998, -3.0542447569998785], [-79.8912963869999, -3.07659482899993], [-79.87783813399994, -3.075258253999948], [-79.86341094999995, -3.049761056999955], [-79.85004425099993, -3.047199010999975], [-79.84300231899994, -3.0549185279999165], [-79.81552886899988, -3.0499591829999417], [-79.77551269599996, -3.0643198489999577], [-79.76497650199997, -3.0609965329999227], [-79.7355041489999, -3.0954229839999243], [-79.68881988399994, -3.1054599289999487], [-79.67560577499984, -3.1195952889999603], [-79.63680267399991, -3.1371726979999153], [-79.61971283099996, -3.136649845999898], [-79.5998153679999, -3.17629289599995], [-79.60147857599992, -3.2152004239998746], [-79.62773895199996, -3.2321529379998424], [-79.63677978499999, -3.2482731339999305], [-79.63330840999998, -3.2678220269999656], [-79.64423370499998, -3.302308797999956], [-79.6689910899999, -3.3216314309999007], [-79.64910125799992, -3.3264734729999645], [-79.63082885699993, -3.3185441489999334], [-79.61042785599994, -3.32937836699989], [-79.57980346599993, -3.3250184049999234], [-79.56903839099988, -3.314636945999837], [-79.51489257899982, -3.3074409959999684], [-79.48189544799999, -3.3154902459999107], [-79.4615173329999, -3.3301713459998723], [-79.47470092799995, -3.3982267379999485], [-79.46128082199988, -3.431485175999967], [-79.43385314899996, -3.429656267999917], [-79.42202758699995, -3.4437174799999184], [-79.42969512899992, -3.46409749999998], [-79.44372558599997, -3.4696555129999638], [-79.4592437739999, -3.4986867899999083], [-79.48124694799998, -3.5139791969999123], [-79.47423553399989, -3.52431035099994], [-79.48260498099995, -3.540591478999943], [-79.4790725709999, -3.5807607159999293], [-79.49864196799996, -3.609540699999968], [-79.49055480899995, -3.635932921999938], [-79.48250579899991, -3.636237620999907], [-79.42811584499998, -3.5789244179999287], [-79.41543579099988, -3.6072154039998736], [-79.39187621999992, -3.6124227049999718], [-79.39128875699998, -3.6218476289999444], [-79.37249755899995, -3.638045072999887], [-79.36618804899996, -3.659255741999914], [-79.37577819799998, -3.6905908579998936], [-79.41537475599989, -3.7269837859999484]]], [[[-80.24455999899999, -3.3200909989998877], [-80.23944100099993, -3.3219869989999324], [-80.24698599999982, -3.3235219999999117], [-80.24455999899999, -3.3200909989998877]]], [[[-80.26045999999991, -3.320944999999938], [-80.25520299999988, -3.3198639999999386], [-80.25475299999994, -3.32122099999998], [-80.26045999999991, -3.320944999999938]]], [[[-80.4418409999999, -3.1775939999999423], [-80.44116999999989, -3.1768699999998944], [-80.44103199999984, -3.177005999999892], [-80.4418409999999, -3.1775939999999423]]], [[[-80.43922399999997, -3.1751319999999055], [-80.43940699999996, -3.175177999999903], [-80.43940699999996, -3.1750869999999054], [-80.43922399999997, -3.1751319999999055]]], [[[-80.43725599999993, -3.1713949999999613], [-80.43415099999999, -3.1729309999999487], [-80.43927799999994, -3.174968999999919], [-80.43725599999993, -3.1713949999999613]]], [[[-80.00215099999991, -3.24108800099998], [-80.00210600099985, -3.2383379989998957], [-80.00115999999997, -3.2410419999999363], [-80.00215099999991, -3.24108800099998]]]]}}, {"id": "7", "type": "Feature", "properties": {"id_code": "08", "id_name": "ESMERALDAS", "id_abbr": "ESM", "region": "Costa", "province_label": "08 - ESMERALDAS"}, "geometry": {"type": "MultiPolygon", "coordinates": [[[[-79.60076904299984, -0.030702256999973088], [-79.61254119899996, 0.01143370199997662], [-79.62488555799996, 0.018622858000128417], [-79.61444091899995, 0.030867510000177845], [-79.62560272199994, 0.03505390500009753], [-79.6203765869999, 0.057557549000080144], [-79.59807586699992, 0.06262500700012197], [-79.60285949599995, 0.08226723200004926], [-79.59191131599994, 0.0856079620000969], [-79.56934356799991, 0.11509034100009785], [-79.59739684999988, 0.1209290400000782], [-79.59931182999998, 0.13084116600009565], [-79.60890960699999, 0.129282863000185], [-79.6105728149999, 0.136031389999971], [-79.61666870099998, 0.1324229980000382], [-79.61352539099988, 0.1397264590000873], [-79.62596893399996, 0.15789912600013167], [-79.64778137099995, 0.1529531030000726], [-79.65131378199993, 0.14316628800003173], [-79.65547943199982, 0.17244283900009805], [-79.66532897899998, 0.1780780850000383], [-79.68280029199997, 0.16402384700018047], [-79.70195007399997, 0.1759852170000613], [-79.69895172099996, 0.1807681020001155], [-79.71154022099995, 0.1820665889999873], [-79.70487213099989, 0.21168723699997827], [-79.69622802599991, 0.21964280300011296], [-79.68484496999992, 0.21632340600018551], [-79.68762206999992, 0.22584867600011194], [-79.66548156799996, 0.26227384900010975], [-79.67328643899998, 0.2758333390000871], [-79.68643188499993, 0.2741480480001428], [-79.69540405299995, 0.2881790100000785], [-79.71872711299989, 0.29366526000012527], [-79.72242736899989, 0.31942024800002855], [-79.70561218299991, 0.34334585000004836], [-79.72167968699995, 0.372516871000073], [-79.77641296399997, 0.3812234710001121], [-79.80545806899994, 0.3628363920001334], [-79.81556701599993, 0.3457642190000456], [-79.81713867199994, 0.3318030540001473], [-79.80305480999994, 0.3288888940001016], [-79.81060791099998, 0.32219410100009327], [-79.82303619299995, 0.31802526200004877], [-79.83798980699999, 0.3241206120000584], [-79.8643646249999, 0.31463924100012264], [-79.88162994399988, 0.3225930919999769], [-79.90425872699996, 0.3151436760000479], [-79.89525604299996, 0.3125660720000951], [-79.89466857999992, 0.30209842300007494], [-79.90412139799992, 0.2975412610001058], [-79.90345764199998, 0.2884669300000837], [-79.90795898499994, 0.29427883099998553], [-79.91033172599998, 0.28175291400003744], [-79.90388488699989, 0.27613690500015764], [-79.91958618199999, 0.2758759570000393], [-79.92710113499999, 0.266571284000122], [-79.92310333199993, 0.2555136690001518], [-79.96318054299991, 0.2604207990000873], [-79.98078155499996, 0.27306556600012755], [-79.99485778699989, 0.34370681700016803], [-80.03002199999992, 0.3738850000000298], [-80.02748899999995, 0.38165200000014465], [-80.04181699999998, 0.39788499999997384], [-80.03871199999986, 0.3986540000000218], [-80.03911599999998, 0.40163900000010244], [-80.03408799999988, 0.4025430000000938], [-80.02493999999996, 0.4179280000001313], [-80.03996299999989, 0.43093300000003865], [-80.05566399999987, 0.4671490000000631], [-80.04431199999993, 0.4857090000000426], [-80.04784399999994, 0.49468800000011015], [-80.0184555059999, 0.5128210780001154], [-80.00287628099989, 0.5662752990000968], [-80.03668212899993, 0.6183903820000864], [-80.03709411599993, 0.6328719250000745], [-80.05150604199991, 0.6362053150001543], [-80.0681304929999, 0.6560490130001426], [-80.08769225999993, 0.6483703260001334], [-80.09310150099992, 0.659606158000031], [-80.10217285099998, 0.6963353150001126], [-80.09225499999997, 0.7752760000001331], [-80.05129999999991, 0.8252690000001621], [-80.04570799999988, 0.8177489999999921], [-79.99320199999994, 0.8165240000000722], [-79.95229299999988, 0.8258730000000014], [-79.91695399999998, 0.8570830000000456], [-79.90525099999996, 0.8527829990001692], [-79.88156899899991, 0.8715460010000697], [-79.86723299999983, 0.8645310000001132], [-79.80865478499999, 0.8949985499999684], [-79.73832702599998, 0.9643250710001325], [-79.70589446899993, 0.969604492999963], [-79.64937591599994, 0.997416974000032], [-79.64975738599998, 0.9897620680001182], [-79.62219238199998, 0.9931362270000932], [-79.60810089199992, 0.9850450150001393], [-79.55320739699994, 0.9938551190001021], [-79.39590454099988, 1.0826170440001874], [-79.36873626799996, 1.0693383220000214], [-79.25949096599993, 1.0872080340001276], [-79.25592041099992, 1.0754400500000543], [-79.24591827499995, 1.0731439600001522], [-79.16032409699994, 1.098788142000103], [-79.13001251099996, 1.119296550000172], [-79.08755493199993, 1.168617605999998], [-79.05111694399989, 1.2217299950000893], [-79.04683685399993, 1.2436832190000473], [-78.98305499999998, 1.2815660000001685], [-78.95959499999992, 1.315452000000107], [-78.93123599999996, 1.3372180000001777], [-78.91049199999992, 1.3753540000000157], [-78.89872699999995, 1.3727210000001264], [-78.88600899999994, 1.3831070000000523], [-78.8912049999999, 1.398979000000054], [-78.88193499999994, 1.4206290000001331], [-78.88281999999998, 1.4463580000001457], [-78.86868299999992, 1.4695810000001757], [-78.83536499999997, 1.4420090000000414], [-78.80305499999997, 1.428282000000081], [-78.77751899999998, 1.39067399999999], [-78.75790399999994, 1.3923710000000824], [-78.74457599999994, 1.3758370000000468], [-78.72077899999994, 1.3686980000001654], [-78.69525899999996, 1.330505000000187], [-78.68984999999998, 1.3343360000001212], [-78.66300199999989, 1.32100000000014], [-78.64186899999999, 1.2648860000001036], [-78.63026399999984, 1.2648690000001466], [-78.61567699999995, 1.2459690000000592], [-78.5934519999999, 1.2385690000000977], [-78.58072699999997, 1.2425410000001307], [-78.58728799999989, 1.2301790000000778], [-78.56705499999993, 1.208720000000028], [-78.5460129999999, 1.2047490000001062], [-78.53783399999998, 1.1869190000001026], [-78.53168499999998, 1.1906370000000948], [-78.51879099999996, 1.1769800000000146], [-78.50325029799995, 1.1790819280000164], [-78.51269531199995, 1.1718865640001468], [-78.51347351099992, 1.1586986790001106], [-78.50677845999985, 1.1601931330001207], [-78.50026702899993, 1.1336307520001014], [-78.50798797599998, 1.0964266820000717], [-78.49985504199998, 1.0752155790000302], [-78.52225494499999, 1.0686215160000643], [-78.52400207399995, 1.0580054529999643], [-78.54417419399994, 1.0455689430000348], [-78.54260253799998, 1.0278350120000823], [-78.5494079589999, 1.019254804000127], [-78.53633117699997, 0.9805397980001658], [-78.54688262899992, 0.9417744890001813], [-78.49595641999997, 0.8915151950001814], [-78.4531784049999, 0.878899813000146], [-78.45448303199993, 0.8425190450001878], [-78.4463806139999, 0.8327250490000324], [-78.4525527959999, 0.8234648700000662], [-78.4416046149999, 0.813887596000086], [-78.45100402799994, 0.789477528000134], [-78.46739196899989, 0.7736879600001885], [-78.49440765499997, 0.7672734270001342], [-78.50793457099985, 0.775247573000172], [-78.53630065999994, 0.772435666000149], [-78.51639556799995, 0.7523584379999875], [-78.52444457999997, 0.728547572000025], [-78.50899505599995, 0.7090898160001871], [-78.49231719899996, 0.7064107650001006], [-78.49150848399995, 0.6896163229999956], [-78.47940063399989, 0.6784698370000228], [-78.4607849119999, 0.6288149950000843], [-78.43278503499988, 0.6077861200001848], [-78.42884063699995, 0.574607849000131], [-78.46518707299998, 0.5320339210000498], [-78.49813842699996, 0.5455900440001642], [-78.51983642599998, 0.5289176700000553], [-78.55187225299994, 0.5185931920000257], [-78.56029510499991, 0.4825861460001306], [-78.60054779099994, 0.45979213800006846], [-78.61689758199992, 0.4107737840000709], [-78.65940856899994, 0.37688675500015734], [-78.68811035199985, 0.3762561380000875], [-78.71856689399988, 0.40298607900007255], [-78.76549529999994, 0.40778917100010403], [-78.7742385869999, 0.4003107850000447], [-78.79792785699993, 0.401115984000171], [-78.79684448199993, 0.4157903490000763], [-78.81237029999994, 0.41673225200014485], [-78.83363342299998, 0.43560010100009094], [-78.85168457099996, 0.42933318000018517], [-78.87251281699997, 0.3986738920000903], [-78.89235687199994, 0.38839283700002625], [-78.89117431699992, 0.3787641830000439], [-78.89936828599997, 0.3780485400000657], [-78.8953323369999, 0.36800053700011404], [-78.90275573699995, 0.3715307110001618], [-78.91101074199997, 0.36264628200001425], [-78.91099548299991, 0.4015437070000871], [-78.9277496329999, 0.39370048100005306], [-78.94347381499995, 0.38202160600002344], [-78.96124267499994, 0.3492823849999809], [-79.02291870099998, 0.30667510600011383], [-79.04399108799993, 0.3035102490001691], [-79.05782318099983, 0.3248339890000693], [-79.07036590599995, 0.323896288000185], [-79.07997894199997, 0.33377912600002446], [-79.1162414559999, 0.3347078860001602], [-79.16209411699992, 0.34810206300005575], [-79.19038390999992, 0.33982431900011534], [-79.21150970499997, 0.34612482800014277], [-79.27178192199995, 0.3370472490000225], [-79.2723083489999, 0.28931367500007354], [-79.27961730899995, 0.2922348970001849], [-79.29177856399997, 0.2818796350001094], [-79.29803466699997, 0.25945457900007796], [-79.31249236999992, 0.26275393400010216], [-79.31483459399999, 0.2548324160001698], [-79.35984802299987, 0.24752250400018738], [-79.36310577399996, 0.23955814600009262], [-79.3485717779999, 0.2124615760000097], [-79.33023071299988, 0.2105372710000779], [-79.30410003599991, 0.1732313040000122], [-79.31339263899997, 0.15816578300007222], [-79.3249130239999, 0.15620261400010804], [-79.33180236699997, 0.1150807000000782], [-79.36833953899998, 0.0529347370000437], [-79.36798095699999, 0.0224212120001539], [-79.40694427499994, 0.025887226000065766], [-79.40204620399993, 0.014121216000148706], [-79.42754364099989, 0.024264840000114418], [-79.42459869299995, 0.004748521999999866], [-79.45616912699995, -0.0019094919999247395], [-79.46362304699994, 0.004502900000147747], [-79.44726562499994, -0.02982048699993811], [-79.43244171099997, -0.027611247999914212], [-79.44863891699998, -0.03968087599997716], [-79.47549438499988, -0.029164696999941953], [-79.51284026999991, -0.02741741999994929], [-79.51460266099997, -0.03272399299993367], [-79.51594543599998, -0.026352229999929477], [-79.53603362999996, -0.02910594599995875], [-79.57933807399996, -0.018302759999869522], [-79.59822082599993, -0.02067518899997367], [-79.60076904299984, -0.030702256999973088]]], [[[-80.04055800099991, 0.4000109990001306], [-80.04585299999997, 0.40267800099996975], [-80.0540769999999, 0.3985190000000216], [-80.04415099999994, 0.40380900000002384], [-80.04055800099991, 0.4000109990001306]]], [[[-80.04113799999993, 0.4050300000001812], [-80.03979499999991, 0.4046230000000719], [-80.03992499999993, 0.4043060000001333], [-80.04113799999993, 0.4050300000001812]]], [[[-80.05519899999985, 0.45472400100004506], [-80.04765299999997, 0.4194989990001545], [-80.05344399999996, 0.4149780010000086], [-80.06243099999995, 0.43387899900017146], [-80.06098899999989, 0.4473530000000778], [-80.05519899999985, 0.45472400100004506]]], [[[-80.0606079989999, 0.8159359990000326], [-80.0604479999999, 0.8157040000000961], [-80.06054699899994, 0.815674000000115], [-80.0606079989999, 0.8159359990000326]]], [[[-80.05305499999997, 0.8234280000000354], [-80.05291699999992, 0.8234680000001617], [-80.05293999999998, 0.8233370000001514], [-80.05305499999997, 0.8234280000000354]]], [[[-79.87960799999985, 0.8719970000000217], [-79.87943299999995, 0.8720880000000761], [-79.87947799999995, 0.8719970000000217], [-79.87960799999985, 0.8719970000000217]]], [[[-79.87907399999989, 0.8727660000000697], [-79.8796999999999, 0.8726760000000695], [-79.87960799999985, 0.8730380000001787], [-79.87907399999989, 0.8727660000000697]]], [[[-79.92092900099988, 0.8537370000001374], [-79.92099799999994, 0.8538770010001144], [-79.92076899899996, 0.8537370000001374], [-79.92092900099988, 0.8537370000001374]]], [[[-78.49888299999992, 1.1809680000001208], [-78.49681099999998, 1.1857450000001677], [-78.50355499999995, 1.1869950000000244], [-78.5021591179999, 1.1871829040001103], [-78.49744612499995, 1.186061843000175], [-78.49588799999998, 1.1853160000001708], [-78.49888299999992, 1.1809680000001208]]], [[[-78.50871299999994, 1.1844730000000823], [-78.50840106499999, 1.1883126220001259], [-78.50752999999986, 1.1827710000001161], [-78.50871299999994, 1.1844730000000823]]], [[[-78.97946199899997, 1.2963450000001444], [-78.97882799899992, 1.2998249990000659], [-78.97797399999996, 1.3004120000000512], [-78.97946199899997, 1.2963450000001444]]], [[[-78.97285499999998, 1.3043860000000222], [-78.97473899999983, 1.301766000000157], [-78.97627299999994, 1.3012250000001586], [-78.97285499999998, 1.3043860000000222]]], [[[-78.96134199999989, 1.315362000000107], [-78.96713999999992, 1.3120670000001837], [-78.96839899999998, 1.3121130000000676], [-78.96134199999989, 1.315362000000107]]], [[[-78.96556899999996, 1.316541000000143], [-78.96597299999996, 1.3153660000000968], [-78.96650699999992, 1.3155020000001514], [-78.96556899999996, 1.316541000000143]]], [[[-78.96376799999996, 1.3160880000001498], [-78.96192899999994, 1.317126000000087], [-78.96161699999999, 1.3168090000001484], [-78.96376799999996, 1.3160880000001498]]], [[[-78.95918299999994, 1.322322999999983], [-78.96318799999995, 1.3176700000001347], [-78.96511799999996, 1.3177620000001298], [-78.95918299999994, 1.322322999999983]]], [[[-78.90837099999993, 1.3876480010001728], [-78.90922499899989, 1.3873780010000587], [-78.91079699899996, 1.3880120010001065], [-78.90837099999993, 1.3876480010001728]]], [[[-78.89648399999999, 1.4495960000000423], [-78.89696499999997, 1.4428810000000567], [-78.89887199999993, 1.4415410000000293], [-78.89820899999995, 1.4463480000000573], [-78.89648399999999, 1.4495960000000423]]], [[[-78.89096799999993, 1.4469300000000658], [-78.89151799999996, 1.4474270000001752], [-78.89059399999996, 1.4470400000001291], [-78.89096799999993, 1.4469300000000658]]]]}}, {"id": "8", "type": "Feature", "properties": {"id_code": "20", "id_name": "GAL\u00c1PAGOS", "id_abbr": "GAL", "region": "Isla", "province_label": "20 - GAL\u00c1PAGOS"}, "geometry": {"type": "MultiPolygon", "coordinates": [[[[-89.66604600099993, -1.3447119989999692], [-89.62432899899989, -1.3788300009999261], [-89.61816399999998, -1.3943549989999724], [-89.62595399999987, -1.3942130009999687], [-89.62966899899993, -1.4097159999998894], [-89.68557699899998, -1.4040440009998179], [-89.68981899999994, -1.3949269989998925], [-89.70423899999997, -1.3954899999999384], [-89.7446139999999, -1.3752229999998917], [-89.73332200099998, -1.3597440009999104], [-89.69981399899996, -1.344667999999956], [-89.68782799999997, -1.3500079999999457], [-89.66604600099993, -1.3447119989999692]]], [[[-89.60539999999997, -0.9349679999999125], [-89.62830352799995, -0.917568504999906], [-89.62440490799986, -0.9047852159999366], [-89.60936737099996, -0.8997677569999496], [-89.61139699999995, -0.8876769999998828], [-89.54287699999992, -0.8467489999999316], [-89.53746799999993, -0.8311839999999506], [-89.54130599999996, -0.8179389999999671], [-89.52098099999995, -0.8262119999998845], [-89.48425299999997, -0.8176179999998112], [-89.46760599999999, -0.8011869999999135], [-89.4719389999999, -0.7863819999999464], [-89.45889299999999, -0.7712909999999624], [-89.46042599999998, -0.7532589999999573], [-89.45536799999991, -0.7564519999999106], [-89.43987999999996, -0.7456209999999146], [-89.43849199999988, -0.7344319999999698], [-89.42826099999996, -0.7359049999999456], [-89.4035189999999, -0.7157039999999597], [-89.39665999999994, -0.7205469999998968], [-89.38850399999995, -0.7111779999999044], [-89.37512199999998, -0.7118079999999054], [-89.35209699999996, -0.6851099999998951], [-89.30534399999988, -0.6890099999998256], [-89.28136399999994, -0.7067129999999793], [-89.25973499999986, -0.6924679999999626], [-89.25208999999995, -0.696948999999961], [-89.25507399999992, -0.7047149999999647], [-89.25097699999998, -0.708340999999848], [-89.2536619999999, -0.7118059999999105], [-89.24178299999988, -0.7134249999998588], [-89.25546999999995, -0.7437249999999267], [-89.27497099999988, -0.7539639999999395], [-89.28348499999993, -0.7782809999999358], [-89.30682399999995, -0.7905349999999771], [-89.32140399999997, -0.8143199999999524], [-89.33636499999989, -0.8211149999999634], [-89.34739699999983, -0.816799999999887], [-89.3508609999999, -0.8270329999999717], [-89.36218299999996, -0.8298329999998941], [-89.36221299999994, -0.853181999999947], [-89.41039299999994, -0.9229709999999045], [-89.44859299999996, -0.9371779999999603], [-89.49475099999995, -0.9400779999998576], [-89.52405499999992, -0.9556039999998234], [-89.56063799999998, -0.9517489999998929], [-89.60539999999997, -0.9349679999999125]]], [[[-89.56324000099988, -0.855237999999872], [-89.56819899999994, -0.8569849999998951], [-89.56900799999994, -0.856670000999884], [-89.56324000099988, -0.855237999999872]]], [[[-89.54241899999994, -0.8338159999999561], [-89.54215199999999, -0.8336809999999559], [-89.54215199999999, -0.833896999999979], [-89.54241899999994, -0.8338159999999561]]], [[[-90.36051199999997, -1.2922419999999306], [-90.36048099999994, -1.292376999999874], [-90.36057999999997, -1.2923839999998563], [-90.36051199999997, -1.2922419999999306]]], [[[-90.2771299989999, -0.7596979999999007], [-90.27709199999998, -0.7599139999999238], [-90.27719900099993, -0.7599149999999213], [-90.2771299989999, -0.7596979999999007]]], [[[-90.27796899999987, -0.7577909999999406], [-90.27824399999997, -0.7605299999999033], [-90.28044099999994, -0.758596999999952], [-90.27796899999987, -0.7577909999999406]]], [[[-90.30799899999988, -0.7564269999999738], [-90.3092959999999, -0.7558769999999413], [-90.30726599999997, -0.7555049999999142], [-90.30799899999988, -0.7564269999999738]]], [[[-89.54360199999996, -0.8249939999998332], [-89.5446169999999, -0.8267199999999093], [-89.54392199999995, -0.8250489999999218], [-89.54360199999996, -0.8249939999998332]]], [[[-90.08496099999996, -0.7991199999999594], [-90.04482999999993, -0.7994249999998715], [-90.03287499999993, -0.8073309999999765], [-90.03055599999999, -0.8378049999999462], [-90.08802799999995, -0.8285509999998908], [-90.08496099999996, -0.7991199999999594]]], [[[-89.47093999999987, -0.8008919999999193], [-89.47132099999993, -0.8002689999999006], [-89.47071099999994, -0.8006209999999783], [-89.47093999999987, -0.8008919999999193]]], [[[-89.51888999999994, -0.7788719999999216], [-89.51851699999997, -0.7782209999999736], [-89.51819599999999, -0.7783749999999259], [-89.51888999999994, -0.7788719999999216]]], [[[-89.51991299999997, -0.775765999999976], [-89.51785999999998, -0.7777599999999438], [-89.52087399999988, -0.7762369999999237], [-89.51991299999997, -0.775765999999976]]], [[[-89.24792499999995, -0.7028309999999465], [-89.24760399999997, -0.7035529999998857], [-89.24764299999998, -0.704061999999908], [-89.24792499999995, -0.7028309999999465]]], [[[-89.25163999999995, -0.7014619999998217], [-89.25239599999998, -0.700875999999937], [-89.25155599999994, -0.700811999999928], [-89.25163999999995, -0.7014619999998217]]], [[[-90.95567299999999, -0.9767179989998453], [-90.95590999999996, -0.9777490009999497], [-90.95648199999994, -0.9769259989998886], [-90.95567299999999, -0.9767179989998453]]], [[[-90.95712999999984, -0.9738799999999515], [-90.95293399999991, -0.9755409999999642], [-90.95611599999995, -0.9764739999998824], [-90.95712999999984, -0.9738799999999515]]], [[[-90.95952599999993, -0.9751829999998449], [-90.9593119999999, -0.9749749999999722], [-90.9592669999999, -0.9752189999998677], [-90.95952599999993, -0.9751829999998449]]], [[[-90.96124299999997, -0.9676529999998706], [-90.95912899999996, -0.9724709999998709], [-90.9601439999999, -0.9761599999999362], [-90.96222699999993, -0.9742899999999395], [-90.96124299999997, -0.9676529999998706]]], [[[-90.9592209999999, -0.9711049999998522], [-90.9587249999999, -0.9713129999998955], [-90.95928999999995, -0.9711599999999407], [-90.9592209999999, -0.9711049999998522]]], [[[-90.96482099999997, -0.9712809999999195], [-90.9634319999999, -0.9702939999999671], [-90.96460699999994, -0.9713709999999196], [-90.96482099999997, -0.9712809999999195]]], [[[-90.96324899999996, -0.9680879999999661], [-90.96351599999991, -0.9660359999999173], [-90.96208999999999, -0.9665319999999156], [-90.96324899999996, -0.9680879999999661]]], [[[-90.95951799999989, -0.9680859999999711], [-90.95616099999995, -0.9643949999999677], [-90.95894599999997, -0.970318999999904], [-90.95951799999989, -0.9680859999999711]]], [[[-90.39843699999994, -1.3413149999999519], [-90.39831499999997, -1.3414469999999028], [-90.39843699999994, -1.3414339999999356], [-90.39843699999994, -1.3413149999999519]]], [[[-90.3527299999999, -1.2755099999998265], [-90.38116499999995, -1.312007999999878], [-90.38707699999998, -1.332322999999974], [-90.43316699999997, -1.35980399999994], [-90.45375799999982, -1.3605749999999261], [-90.47436499999998, -1.3460179999999582], [-90.49278299999997, -1.3436269999999126], [-90.5111159999999, -1.3155219999999304], [-90.48457299999995, -1.2772129999999606], [-90.48915099999994, -1.2604359999999701], [-90.47844699999996, -1.2332959999999389], [-90.4674379999999, -1.230357999999967], [-90.45449099999996, -1.239930999999956], [-90.42571299999997, -1.2204469999999787], [-90.41902199999998, -1.2346159999998463], [-90.35910799999994, -1.2627409999998918], [-90.3527299999999, -1.2755099999998265]]], [[[-90.44464899999991, -0.7469479999999749], [-90.46661399999994, -0.7216809999999327], [-90.48457299999995, -0.7236339999998904], [-90.48395499999998, -0.7159329999998931], [-90.5261539999999, -0.7041869999999335], [-90.54191599999996, -0.6819059999999126], [-90.53557599999993, -0.6746529999999211], [-90.55047599999989, -0.6291589999999587], [-90.53136399999988, -0.584876999999949], [-90.53650699999997, -0.5657439999998815], [-90.51731899999999, -0.5558389999999349], [-90.51422099999996, -0.5316229999999678], [-90.49095899999986, -0.5296339999999304], [-90.47581499999995, -0.522350999999901], [-90.47598999999997, -0.5147229999998899], [-90.47090099999997, -0.5220599999999536], [-90.45517699999988, -0.5115789999999265], [-90.42810099999997, -0.5121909999999161], [-90.41518399999995, -0.5037529999999606], [-90.3899229999999, -0.5126729999998929], [-90.37262699999997, -0.5088879999998994], [-90.36634099999998, -0.5160069999998882], [-90.35873399999991, -0.5124159999999733], [-90.36232799999999, -0.5036689999999453], [-90.3598179999999, -0.49422399999997424], [-90.33637199999993, -0.491032999999959], [-90.32605699999993, -0.5041329999999675], [-90.32517999999999, -0.49406499999992093], [-90.29658499999988, -0.49656599999991613], [-90.25075499999997, -0.481644999999844], [-90.23558799999995, -0.5240839999998457], [-90.16892199999995, -0.573210999999958], [-90.1840519999999, -0.6079809999999384], [-90.17694099999994, -0.6304509999998231], [-90.18782799999997, -0.653381999999965], [-90.17590299999995, -0.6659259999999563], [-90.19615199999998, -0.681199999999933], [-90.19175699999988, -0.6871979999999098], [-90.19301599999994, -0.6929549999999267], [-90.20686299999983, -0.7043939999999225], [-90.22291599999994, -0.6958909999999037], [-90.22168699999997, -0.7100689999999759], [-90.2320709999999, -0.7157599999998752], [-90.23792999999995, -0.7442919999999162], [-90.30747999999994, -0.7416239999998879], [-90.31552099999999, -0.74816299999992], [-90.30456499999997, -0.7618389999999522], [-90.31354499999992, -0.767618999999911], [-90.33248099999997, -0.7613049999999362], [-90.34582499999993, -0.7689769999998362], [-90.34440599999994, -0.7616559999999026], [-90.35873399999991, -0.7751669999999535], [-90.3744739999999, -0.7637619999999288], [-90.39769699999982, -0.7734649999999306], [-90.44464899999991, -0.7469479999999749]]], [[[-90.67040299899998, -0.5877310009998382], [-90.64452399899994, -0.6072269999999094], [-90.64244799899996, -0.6195019999998408], [-90.65749399899994, -0.6345869989999073], [-90.68494400099996, -0.6209940009999286], [-90.6881259999999, -0.6008190009998771], [-90.67040299899998, -0.5877310009998382]]], [[[-90.96488999999991, -0.9660999999998694], [-90.96433299999995, -0.9665149999999585], [-90.96459199999987, -0.9666239999999675], [-90.96488999999991, -0.9660999999998694]]], [[[-90.92961899999995, -0.963709999999935], [-90.97209199999992, -0.9564209999999207], [-90.99485799999997, -0.9593819999999482], [-91.01783799999998, -0.990118999999936], [-91.05974599999996, -1.0003529999999046], [-91.06143999999995, -1.012487999999962], [-91.07765999999998, -1.0052009999999427], [-91.12950099999995, -1.0249259999999367], [-91.13697799999989, -1.0214849999999274], [-91.13925199999994, -1.0321109999998157], [-91.16445199999998, -1.035453999999902], [-91.16116299999999, -1.047920999999917], [-91.17057799999998, -1.0545639999999707], [-91.18267099999991, -1.0443799999999328], [-91.2156139999999, -1.044877999999926], [-91.2285609999999, -1.0290059999999244], [-91.23634299999998, -1.0330529999999385], [-91.3180769999999, -1.015263999999945], [-91.37982899999986, -1.0223859999999263], [-91.41969299999988, -1.0120959999999286], [-91.44486999999998, -0.9924739999999019], [-91.44689199999993, -0.9566789999999514], [-91.48532899999987, -0.9398379999998951], [-91.51071199999996, -0.9091529999999466], [-91.50938399999995, -0.8815409999999702], [-91.48773199999982, -0.8474719999999252], [-91.45419299999998, -0.8203529999999546], [-91.43277699999993, -0.7869279999998753], [-91.37027699999999, -0.7533429999999726], [-91.36718799999994, -0.7412869999998861], [-91.33074199999993, -0.7162409999999682], [-91.32012899999995, -0.6906079999998838], [-91.25501999999994, -0.6903129999998896], [-91.24478899999997, -0.6744299999999726], [-91.21755199999996, -0.6663169999998786], [-91.21027399999997, -0.6682769999998754], [-91.2134089999999, -0.674028999999905], [-91.18894199999994, -0.679725999999846], [-91.18424199999998, -0.6910549999998921], [-91.16961699999996, -0.6879109999999287], [-91.14128899999997, -0.6665869999999359], [-91.14248699999996, -0.6543799999999464], [-91.12375599999996, -0.6527999999999565], [-91.11663099999998, -0.6385829999998691], [-91.10655999999994, -0.635494999999878], [-91.0924149999999, -0.6435009999999011], [-91.08944699999984, -0.628887999999904], [-91.07291399999997, -0.6156439999999179], [-91.0810929999999, -0.6044529999999781], [-91.07184599999994, -0.5967729999999278], [-91.08901199999997, -0.5844819999998663], [-91.09604599999994, -0.5883539999998675], [-91.10134899999997, -0.5709679999999366], [-91.13017999999988, -0.5573589999999626], [-91.22054299999996, -0.47738499999996975], [-91.22803499999992, -0.4533599999999751], [-91.22550199999995, -0.3926359999998681], [-91.23881499999993, -0.39596599999981663], [-91.2389829999999, -0.38833399999992935], [-91.27206399999994, -0.3740349999999353], [-91.2846679999999, -0.35230599999994183], [-91.33477799999991, -0.3332699999999704], [-91.35855099999992, -0.3011869999999135], [-91.3696369999999, -0.25957899999991696], [-91.38080599999995, -0.2678829999999266], [-91.38781699999998, -0.260268999999937], [-91.39600399999995, -0.22347099999990405], [-91.38257599999997, -0.19793899999990572], [-91.40469399999989, -0.16313199999996186], [-91.40500599999996, -0.061795999999901596], [-91.41883899999999, -0.030576999999937016], [-91.43888099999998, -0.0172739999999294], [-91.47046699999993, -0.014614999999935208], [-91.56114999999994, -0.05388699999991786], [-91.59440599999988, -0.011458999999945263], [-91.58689099999998, 0.007037000000025273], [-91.52188099999995, 0.03639400000002979], [-91.49128699999989, 0.07899200000014162], [-91.49071499999997, 0.09869000000014694], [-91.39112099999988, 0.12442400000009002], [-91.36132799999996, 0.16264000000018086], [-91.33452599999993, 0.16094700000007833], [-91.32521799999995, 0.1375409999999988], [-91.31100499999997, 0.13377800000006346], [-91.28888699999993, 0.06166600000011613], [-91.23725099999996, 0.006402000000036878], [-91.22030599999982, -0.0002529999999296706], [-91.21269999999993, -0.018935999999882824], [-91.19830299999995, -0.02162099999992506], [-91.18498999999997, -0.09275099999996428], [-91.19351999999998, -0.15019199999994726], [-91.17644499999994, -0.22048799999993207], [-91.11475399999995, -0.27586499999989655], [-91.11111499999987, -0.2939039999999409], [-91.09757999999988, -0.30244699999991553], [-91.1098629999999, -0.30689799999993284], [-91.01853199999988, -0.36470399999990377], [-90.96402699999993, -0.429066999999975], [-90.9480969999999, -0.424116999999967], [-90.95606199999992, -0.45110799999997653], [-90.94187199999999, -0.47460299999983135], [-90.94219199999992, -0.5035089999998377], [-90.95342299999999, -0.5143439999998805], [-90.94798999999995, -0.5478409999999485], [-90.9813769999999, -0.5764329999999518], [-90.95931999999993, -0.5733329999999341], [-90.95249899999999, -0.5804459999998812], [-90.95747399999988, -0.6129789999999389], [-90.94950099999994, -0.6197659999999132], [-90.94241299999999, -0.6147359999999367], [-90.9349749999999, -0.6273459999999318], [-90.92111199999988, -0.6270419999998467], [-90.89330299999995, -0.6073669999999538], [-90.89273799999995, -0.6234779999999205], [-90.88107299999996, -0.6284189999998944], [-90.88261399999999, -0.6430479999999079], [-90.87373399999996, -0.6505209999999693], [-90.86533399999996, -0.64702699999998], [-90.86877399999997, -0.653556999999978], [-90.85475199999996, -0.6604849999998805], [-90.85961899999995, -0.6735599999998385], [-90.83988999999997, -0.6838759999999411], [-90.85484299999985, -0.7035649999999123], [-90.82869699999992, -0.7041129999999498], [-90.82215899999989, -0.71464299999991], [-90.83066599999995, -0.7183259999999336], [-90.82858299999992, -0.7271039999999402], [-90.80310799999995, -0.7233399999998937], [-90.8049089999999, -0.7326879999999392], [-90.81355999999994, -0.7348719999998821], [-90.81296499999996, -0.7392469999998639], [-90.78523299999995, -0.7424609999999348], [-90.7833399999999, -0.7701599999999189], [-90.79177899999996, -0.7699739999998201], [-90.79832499999998, -0.7856179999999426], [-90.82467699999995, -0.7907849999999712], [-90.82947499999983, -0.8292559999999298], [-90.84000399999996, -0.8351469999999495], [-90.83846999999997, -0.8583719999999175], [-90.85177599999992, -0.8831789999998705], [-90.84764899999993, -0.9127309999999511], [-90.88311799999997, -0.9149399999999446], [-90.90613599999995, -0.954138999999941], [-90.92961899999995, -0.963709999999935]]], [[[-91.48708299999993, -0.26463999999992893], [-91.44360399999994, -0.26269099999996115], [-91.44800599999985, -0.2691580009998802], [-91.44217700099995, -0.2761209989999429], [-91.43217499999997, -0.2735330009999757], [-91.40991999999994, -0.2892929989999402], [-91.39479800099991, -0.32889399899994487], [-91.38552899999996, -0.33418299999993906], [-91.37680799999993, -0.39425799999997935], [-91.39453100099996, -0.4332939989998863], [-91.38694799899991, -0.4555399999999281], [-91.42456100099997, -0.49275499999993144], [-91.49475899899994, -0.5063919989999022], [-91.60955799999988, -0.4810299989999294], [-91.64774299899983, -0.4083809989998599], [-91.65857700099997, -0.3069180009999286], [-91.61862200099995, -0.29600499999997965], [-91.55931099999992, -0.29663899999997057], [-91.50887299899995, -0.2819899999998938], [-91.48708299999993, -0.26463999999992893]]], [[[-90.17987799999997, -0.5997469999999794], [-90.17942799999992, -0.5996019999998907], [-90.17941999999988, -0.5999269999999797], [-90.17987799999997, -0.5997469999999794]]], [[[-90.16892999999999, -0.5815059999999335], [-90.15911899999998, -0.5836339999999609], [-90.15891999999997, -0.5845099999999661], [-90.16892999999999, -0.5815059999999335]]], [[[-90.16493199999991, -0.5796249999999645], [-90.1578899999999, -0.5796839999998724], [-90.16577899999993, -0.580220999999824], [-90.16493199999991, -0.5796249999999645]]], [[[-90.14396699999998, -0.5680209999998738], [-90.14358499999997, -0.5677039999999351], [-90.1433639999999, -0.5683729999999514], [-90.14396699999998, -0.5680209999998738]]], [[[-90.14375299999995, -0.5673429999999371], [-90.14350099999996, -0.5671979999999053], [-90.14359299999995, -0.5675869999999463], [-90.14375299999995, -0.5673429999999371]]], [[[-90.14107499999989, -0.5664469999998687], [-90.14263899999997, -0.5663209999999026], [-90.14187599999997, -0.565516999999943], [-90.14107499999989, -0.5664469999998687]]], [[[-90.27448999999996, -0.4155309999999304], [-90.24779499999994, -0.46463599999992766], [-90.27099599999997, -0.48148099999986016], [-90.29410599999994, -0.4845359999999346], [-90.29852299999999, -0.461411999999882], [-90.28123499999998, -0.4403579999999465], [-90.29050399999988, -0.43618599999996377], [-90.28537799999998, -0.4222669999999198], [-90.29460899999998, -0.41475999999988744], [-90.27448999999996, -0.4155309999999304]]], [[[-90.27942699999988, -0.3883849999999711], [-90.27658799999989, -0.3963549999999145], [-90.29283099999998, -0.400291999999979], [-90.29103899999984, -0.3902869999999439], [-90.27942699999988, -0.3883849999999711]]], [[[-89.95378899999997, 0.3459290000000692], [-89.93909499999995, 0.3356249999999932], [-89.93585999999999, 0.3232830000000604], [-89.94468699999999, 0.3011790000001042], [-89.94974499999995, 0.29968900000011445], [-89.95481899999993, 0.3032500000000482], [-89.94538899999998, 0.3066630000001851], [-89.94864699999988, 0.3184630000000652], [-89.96084599999983, 0.3158640000000901], [-89.96330299999988, 0.3073550000000296], [-89.97803499999998, 0.3170440000000667], [-89.97175599999997, 0.33838200000002416], [-89.95378899999997, 0.3459290000000692]]], [[[-90.70577199999997, -0.3986509999999157], [-90.69752499999998, -0.4100099999998861], [-90.70613099999991, -0.4275089999998727], [-90.72106899999989, -0.41475299999996196], [-90.70577199999997, -0.3986509999999157]]], [[[-90.8063279999999, -0.15016499999990174], [-90.74965699999996, -0.15006899999997358], [-90.73912799999994, -0.1639609999999152], [-90.70056899999997, -0.17370599999992464], [-90.69719699999996, -0.18874099999993632], [-90.67639899999995, -0.18915799999990668], [-90.66862499999996, -0.1973329999999578], [-90.64655299999998, -0.1949139999999261], [-90.64546999999999, -0.20303399999994554], [-90.60741399999989, -0.21556099999992284], [-90.58224499999983, -0.23750199999989263], [-90.57230399999992, -0.26588499999996884], [-90.57523299999997, -0.28128799999990406], [-90.55005599999998, -0.29983699999996816], [-90.54583699999995, -0.31770999999997684], [-90.5673829999999, -0.3284629999998856], [-90.57864399999994, -0.36354099999994105], [-90.60487399999988, -0.37510799999989786], [-90.65405299999998, -0.3634889999999018], [-90.67136399999998, -0.34669399999995676], [-90.67382799999996, -0.354005999999913], [-90.74134799999985, -0.3603929999999309], [-90.77203399999996, -0.3344399999999723], [-90.78544599999998, -0.33729199999987713], [-90.78990199999998, -0.32750699999991184], [-90.8028339999999, -0.33524499999987256], [-90.8221509999999, -0.32631699999996044], [-90.83340499999991, -0.3302559999999062], [-90.83029899999997, -0.29841799999996965], [-90.84523799999994, -0.29097699999988436], [-90.84825899999998, -0.2748879999999758], [-90.87087199999996, -0.26869799999985844], [-90.86881999999997, -0.24491199999988567], [-90.85385899999994, -0.24094099999996388], [-90.83124499999991, -0.20855399999987867], [-90.83825699999994, -0.17836499999987154], [-90.82691999999997, -0.17099399999989373], [-90.82878099999994, -0.1628149999999664], [-90.8235699999999, -0.16608999999994012], [-90.8063279999999, -0.15016499999990174]]], [[[-90.49919099999994, -0.12429499999996096], [-90.49919899999998, -0.1342459999999619], [-90.51402999999999, -0.1461819999999534], [-90.51896699999998, -0.13125399999989895], [-90.49919099999994, -0.12429499999996096]]], [[[-90.44470999999999, 0.2847520000000259], [-90.44474799999995, 0.2846290000001659], [-90.44480899999985, 0.28469600000016726], [-90.44470999999999, 0.2847520000000259]]], [[[-90.4137879999999, 0.2988270000001876], [-90.48310099999992, 0.2780120000001034], [-90.50269299999997, 0.2880660000001285], [-90.50994899999989, 0.3023320000000922], [-90.5378189999999, 0.31303800000006277], [-90.54253399999993, 0.3457310000000575], [-90.53015899999991, 0.36893600000013294], [-90.52392599999996, 0.3695620000000872], [-90.51764699999995, 0.37497999999999365], [-90.49816099999998, 0.38326800000010053], [-90.4959179999999, 0.385970000000043], [-90.46180699999991, 0.3854700000000548], [-90.41937999999993, 0.3466050000000678], [-90.40072599999996, 0.3175750000000903], [-90.4137879999999, 0.2988270000001876]]], [[[-90.49781799999994, 0.38376200000010385], [-90.49780999999996, 0.3838910000001192], [-90.49768799999998, 0.3838480000001141], [-90.49781799999994, 0.38376200000010385]]], [[[-90.4814679999999, 0.3866930000001503], [-90.4814679999999, 0.38682700000003933], [-90.48134599999992, 0.38670800000016925], [-90.4814679999999, 0.3866930000001503]]], [[[-90.4814679999999, 0.38682700000003933], [-90.4814219999999, 0.3868929999999864], [-90.48132299999997, 0.3867940000001795], [-90.4814679999999, 0.38682700000003933]]], [[[-90.71829999999994, 0.5572440000000256], [-90.71847499999996, 0.5572900000001368], [-90.71832299999988, 0.5573280000000977], [-90.71829999999994, 0.5572440000000256]]], [[[-90.71879599999994, 0.5568100000000413], [-90.72455599999995, 0.5406720000000291], [-90.77995299999998, 0.5524200000000405], [-90.79053499999998, 0.6059290000000033], [-90.77911399999994, 0.6438860000001796], [-90.76126099999999, 0.6382570000001806], [-90.75689699999992, 0.6256270000000086], [-90.72965999999991, 0.5990270000000351], [-90.71879599999994, 0.5568100000000413]]], [[[-90.74626199999989, 0.6177450000001272], [-90.7461469999999, 0.6175340000000915], [-90.74626899999987, 0.6176550000001839], [-90.74626199999989, 0.6177450000001272]]], [[[-90.78823099999994, 0.6203000000001566], [-90.78797899999995, 0.6203940000001467], [-90.78785699999997, 0.6203410000001668], [-90.78823099999994, 0.6203000000001566]]], [[[-91.81730699999997, 1.3928420000001438], [-91.81153899999993, 1.3810430000000338], [-91.82424899999995, 1.374607000000026], [-91.81724499999996, 1.384668999999974], [-91.82577499999991, 1.3910300000001712], [-91.81730699999997, 1.3928420000001438]]], [[[-92.00748399999992, 1.6811120000000415], [-91.99872599999998, 1.6752190000000837], [-92.00780499999996, 1.6747710000001348], [-92.00748399999992, 1.6811120000000415]]]]}}, {"id": "9", "type": "Feature", "properties": {"id_code": "09", "id_name": "GUAYAS", "id_abbr": "GUA", "region": "Costa", "province_label": "09 - GUAYAS"}, "geometry": {"type": "MultiPolygon", "coordinates": [[[[-79.64655303899997, -2.989207505999957], [-79.66994476199994, -2.9715051649999396], [-79.72588348299996, -2.979266642999903], [-79.72776031399991, -2.9858071799998243], [-79.71532440099998, -2.991785049999976], [-79.71237945599995, -3.0152461519999747], [-79.73405456599994, -3.0099894999999606], [-79.74951934799992, -3.0541183949998185], [-79.76021575999994, -3.0634074209998516], [-79.81552886899988, -3.0499591829999417], [-79.84300231899994, -3.0549185279999165], [-79.84994506899983, -3.0471873279998363], [-79.87252807499988, -3.059669493999934], [-79.84547424199991, -2.9985263349998945], [-79.85347747699996, -2.9738728999999466], [-79.8530807489999, -2.8791325089998736], [-79.84228515599995, -2.882677076999869], [-79.81594848599997, -2.84502887799988], [-79.81862640399993, -2.795449016999953], [-79.80776977499988, -2.789490460999957], [-79.79202270499991, -2.7562475199999312], [-79.79742431599999, -2.7527344229999358], [-79.78989410299994, -2.6879458419999196], [-79.79444122299992, -2.668322562999947], [-79.78515625099993, -2.6608872419998306], [-79.78683499999994, -2.64468399999987], [-79.80163599999997, -2.6380139999998846], [-79.8034439999999, -2.6152309999998806], [-79.7862399999999, -2.5473579999999174], [-79.76898999999997, -2.533429999999953], [-79.76964599999997, -2.5210749999998825], [-79.7961039999999, -2.483812999999941], [-79.79764599999999, -2.444633999999951], [-79.81670399999996, -2.409894999999949], [-79.83325999999988, -2.395411999999851], [-79.85986299999996, -2.3966149999998265], [-79.85581999999982, -2.4315509999999563], [-79.89831499999991, -2.572288999999955], [-79.9446329999999, -2.608103999999969], [-79.93795799999998, -2.656084999999962], [-79.9895249999999, -2.651460999999813], [-80.03050999999988, -2.6138629999999807], [-80.06219499999997, -2.609779999999887], [-80.06597899999997, -2.5681359999998676], [-80.05137599999989, -2.5549449999999183], [-80.02860999999996, -2.5525939999998855], [-80.01769999999993, -2.5308939999998756], [-80.01636499999995, -2.507264999999961], [-80.03575099999989, -2.4999169999999253], [-80.02242299999989, -2.446318999999903], [-80.02512399999995, -2.429070999999908], [-80.00850699999995, -2.432070999999894], [-80.01533499999982, -2.4137549999999237], [-80.01126899999991, -2.3859089999999696], [-80.00402099999991, -2.3858119999999303], [-80.00531799999993, -2.365159999999946], [-79.98055999999997, -2.3648939999999357], [-79.93851499999994, -2.3145689999998353], [-79.91213199999999, -2.314675999999963], [-79.91173599999996, -2.297958999999878], [-79.91825103799994, -2.3057072159999734], [-79.9399185179999, -2.301472186999945], [-79.98144531199995, -2.3446834089999697], [-80.02053069999994, -2.345447777999823], [-80.0328216559999, -2.3899765019999677], [-80.04967498799994, -2.404605864999894], [-80.06695556599993, -2.4618287089998603], [-80.10609435999999, -2.527607678999857], [-80.14785766699998, -2.571228979999887], [-80.15927886899993, -2.566740989999971], [-80.17309570199996, -2.596475600999895], [-80.20984649699989, -2.605102299999942], [-80.22025299999984, -2.6271729999999707], [-80.24375199999992, -2.644935999999916], [-80.25821699999995, -2.6392369999999232], [-80.25342599999993, -2.684003999999902], [-80.24103499999984, -2.706728999999939], [-80.25385999999997, -2.7435189999998784], [-80.3139190679999, -2.7155036929999596], [-80.36446380699994, -2.674007415999938], [-80.39205932699997, -2.639300584999944], [-80.43542480399998, -2.6414425379999784], [-80.56355285599994, -2.5067679869998756], [-80.54295349099993, -2.4888727659998153], [-80.49240875199996, -2.5003013619999592], [-80.45983123799994, -2.4914593699999728], [-80.46600341699997, -2.4735915649999356], [-80.45250701999998, -2.4534516339999755], [-80.46133422899993, -2.4139261239999428], [-80.44647216699991, -2.3976457109999387], [-80.44755554299985, -2.3745985039998914], [-80.43128967299987, -2.374591825999971], [-80.41384887599992, -2.3854873169999564], [-80.39546203699996, -2.376390457999946], [-80.38269805899989, -2.379987000999961], [-80.36870574999989, -2.3436098089998723], [-80.32318878199993, -2.350263595999934], [-80.32168579199993, -2.34022164299995], [-80.2841949459999, -2.336886881999874], [-80.27918243299996, -2.3206973079999216], [-80.28894042999997, -2.304513214999929], [-80.27971649099999, -2.2942986489998702], [-80.28473663299997, -2.2745890619999614], [-80.26482391299993, -2.264774559999978], [-80.26371765099998, -2.2441854479998824], [-80.23519134399993, -2.252389669999957], [-80.23331451399991, -2.233296154999948], [-80.21665191599988, -2.2321374409999066], [-80.2003402709999, -2.210762738999904], [-80.21974181999991, -2.1949079039998196], [-80.23871612499983, -2.191906212999868], [-80.24089813199998, -2.16476154399993], [-80.25186920099992, -2.1492514619998815], [-80.24496459999989, -2.115022182999951], [-80.27693176299988, -2.077757118999955], [-80.29077911399997, -2.091332672999897], [-80.30467224199998, -2.092665432999979], [-80.31185150099998, -2.062383413999953], [-80.34318542499989, -2.021546839999928], [-80.34118652299998, -2.001017807999915], [-80.36805724999988, -1.9958961009999712], [-80.37388610799997, -1.9849356419999253], [-80.41073608499994, -1.983131169999922], [-80.41718292199982, -1.9699972869998987], [-80.44194793699995, -1.9569027409999649], [-80.43650817799988, -1.9313935029998106], [-80.42832183899998, -1.9250223639999717], [-80.43257141099997, -1.8999161709998589], [-80.41709899799997, -1.8817201849999492], [-80.44086456199994, -1.8866455559999622], [-80.44658660999988, -1.8830665339999655], [-80.4340972899999, -1.883601545999909], [-80.43302154499997, -1.8656797409999513], [-80.44075012199994, -1.8587857479999457], [-80.42540740999988, -1.8544248339998148], [-80.4319763179999, -1.8509861229999274], [-80.42820739599983, -1.8364651199999003], [-80.40977477999996, -1.8377963299999465], [-80.40747070199996, -1.8314694159999476], [-80.42622375599984, -1.8089246739999112], [-80.41919708199993, -1.786401390999913], [-80.40543365399998, -1.7745259999999234], [-80.39232635499991, -1.7761936179999793], [-80.38258361799984, -1.751784561999898], [-80.35080718899991, -1.7228409049998845], [-80.33329772899998, -1.7239583729999595], [-80.33647155799986, -1.7101349829999322], [-80.32418060399993, -1.682880639999894], [-80.29032134999983, -1.7101187699998377], [-80.28024291999992, -1.7032573229999457], [-80.30011749199997, -1.68653273599989], [-80.28802490199996, -1.6786329739998678], [-80.26386260999999, -1.6750193819999595], [-80.23988342399997, -1.6934663059998343], [-80.23104095499991, -1.6882745029999455], [-80.21028137199988, -1.6942907579999087], [-80.20826721199995, -1.6735661019998815], [-80.21990966799996, -1.6620934009998223], [-80.22518157999997, -1.648756503999948], [-80.21920776299987, -1.637508033999893], [-80.23078155499996, -1.625223278999954], [-80.22363281299988, -1.616151332999948], [-80.25259399499993, -1.6161514509999506], [-80.28423309199997, -1.5692363979998731], [-80.25196075499986, -1.565661309999939], [-80.22021484499999, -1.5743186459999379], [-80.17205805299983, -1.5270321279998598], [-80.19407653799999, -1.519369840999957], [-80.20565795999988, -1.498277304999931], [-80.20423126299988, -1.4824780219998956], [-80.19293212899998, -1.471824882999897], [-80.19935607999992, -1.4645193809999455], [-80.19211578299996, -1.435148953999942], [-80.19685363799982, -1.4246225359999585], [-80.14486694399994, -1.40721130299994], [-80.14215850699986, -1.380712985999935], [-80.15375518799988, -1.3667587049998815], [-80.13754272399996, -1.3241215939998483], [-80.09550476099992, -1.326501607999944], [-80.04050445599995, -1.2751265759998773], [-80.0256271369999, -1.277169226999888], [-80.0355682369999, -1.2706325049999236], [-80.03763580399999, -1.2537921659999256], [-80.02100372299998, -1.243441938999922], [-80.01072692799994, -1.2049381719999133], [-79.99411010699993, -1.1943380829999342], [-79.98631286699998, -1.176393508999979], [-80.0049514779999, -1.145118355999955], [-79.98361205999998, -1.1315127609998967], [-79.98034667999997, -1.1406710149999526], [-79.94709014899996, -1.1430200329999707], [-79.94039916999998, -1.1557263129999455], [-79.91606902999996, -1.1448528759998453], [-79.89916229299996, -1.1227750769999147], [-79.8615112309999, -1.1000206459999617], [-79.84403991699998, -1.0825421809999511], [-79.83341979999994, -1.050156473999948], [-79.81311798099989, -1.0468672499999343], [-79.81211090099998, -1.0326026669998782], [-79.80001830999998, -1.0223406559999262], [-79.80049896199995, -0.9895494579998854], [-79.79035186699997, -0.9776691789999177], [-79.77377319299995, -0.9794040909999353], [-79.77122497599993, -0.947571276999895], [-79.74411773799994, -0.921092926999961], [-79.73063659599995, -0.8840214019999735], [-79.71665954599996, -0.8865138889999571], [-79.71345520099999, -0.8786458969998989], [-79.7003402709999, -0.8861806989999081], [-79.70410156299994, -0.9043017619999318], [-79.68898773199993, -0.8953570129999662], [-79.68517303499988, -0.9033065439999177], [-79.67071533299992, -0.8913263089999646], [-79.66239166299994, -0.9033538689999432], [-79.6442642209999, -0.8813498009998852], [-79.62377166799996, -0.8757448799999565], [-79.62638854899996, -0.8581615089998991], [-79.61571502599998, -0.8606320609998761], [-79.60760498099995, -0.8532679079999639], [-79.60109710599988, -0.8592583529999729], [-79.57649230999988, -0.8443933129998982], [-79.56051635699998, -0.8518604629999231], [-79.53504943799987, -0.8478836419999425], [-79.52500915499985, -0.8615812659999733], [-79.51858520499997, -0.8508602379999388], [-79.50697326599993, -0.8582108019999168], [-79.53219604499992, -0.9252237679999666], [-79.54584503199993, -0.935226021999938], [-79.54359436099998, -0.9543707969999105], [-79.56391143799988, -0.962938784999892], [-79.53057861399998, -0.9640939239998829], [-79.52429199199992, -0.9713043579998271], [-79.56170654299996, -0.9835345139999276], [-79.57684326199995, -1.0182049269999425], [-79.57346344099989, -1.044288753999922], [-79.58792877199994, -1.0691882359998317], [-79.60010528499998, -1.0729359389999331], [-79.61705780099993, -1.0642116069998906], [-79.62277221699998, -1.0798569909998719], [-79.64031219599997, -1.0927065609999431], [-79.64228057799994, -1.1095837359999337], [-79.65999603299997, -1.1215728529999183], [-79.66863250799992, -1.1131476159999352], [-79.68376922499993, -1.123059272999967], [-79.68846130499998, -1.1529308549999655], [-79.69448089699995, -1.1472234729998831], [-79.70021057099996, -1.1560291049999591], [-79.71567535499997, -1.1531536579998942], [-79.71826171899994, -1.18082106199995], [-79.73252105699999, -1.177617191999957], [-79.74872589099988, -1.1920475959999521], [-79.74567413299991, -1.2194370039998148], [-79.7529830929999, -1.237369656999931], [-79.75914001399997, -1.234817861999943], [-79.75223541299994, -1.2443985939999607], [-79.77115630999998, -1.257672070999945], [-79.76395416199995, -1.26891100499995], [-79.7805709839999, -1.2769031519998748], [-79.77445983899997, -1.2883180369999536], [-79.79036712699997, -1.2946307649999653], [-79.78501892199995, -1.2973908189998724], [-79.79248046899994, -1.3017392159999304], [-79.80312347499995, -1.3449226619999308], [-79.84457397499995, -1.38078498699997], [-79.85459899999995, -1.4057879439999397], [-79.84765624999989, -1.4098550069999192], [-79.86505889999995, -1.4215890169998602], [-79.86161041299994, -1.4354072809999252], [-79.86820220999988, -1.4349657289998845], [-79.87044525199997, -1.4493892189999542], [-79.86426544299997, -1.4513942009999141], [-79.87152862599999, -1.4582685229999015], [-79.86953735299988, -1.4831582309999476], [-79.86197662299992, -1.4871206279999], [-79.87299346899994, -1.4912062889999333], [-79.8667907709999, -1.4945189939999182], [-79.87350463799987, -1.497796654999945], [-79.87186431899994, -1.5212124579999795], [-79.87810516399992, -1.5233494049999763], [-79.86787414499992, -1.5260803699998746], [-79.87456512499995, -1.5370266429999333], [-79.86807250899994, -1.5436211819999244], [-79.8715362559999, -1.554864643999963], [-79.8544311519999, -1.5656256679999387], [-79.85339355599996, -1.5785112369999297], [-79.86463928299997, -1.5838135479999664], [-79.87131500299995, -1.6018568269998354], [-79.85678100699994, -1.627701401999957], [-79.86147308399995, -1.6477794649999282], [-79.84975433299996, -1.6443562499999302], [-79.83765411299999, -1.6548236609999663], [-79.85551452499993, -1.6663426159999517], [-79.82670593299991, -1.6746910819998675], [-79.83988189799993, -1.6857095959999242], [-79.82610320999999, -1.7076653239999473], [-79.76998138499982, -1.7223757509999587], [-79.74739074599984, -1.7360851759999605], [-79.74801635799997, -1.7883815769998819], [-79.73037719699988, -1.8090976469999305], [-79.72894287199995, -1.825148343999956], [-79.71927642899988, -1.8278112419999388], [-79.73134612999996, -1.8461928359999433], [-79.7096405019999, -1.8545179359999793], [-79.69831848199988, -1.8692362309998884], [-79.68556976399992, -1.8679877519999764], [-79.68408203199994, -1.8805667159999757], [-79.67205810599995, -1.8903715609998812], [-79.67101287899993, -1.910112500999901], [-79.65697479199991, -1.9230579129999796], [-79.64819335999994, -1.9219261399999255], [-79.64819335999994, -1.899199961999841], [-79.63711547899999, -1.8991385689998879], [-79.62068939199997, -1.9134156709999388], [-79.60945129499993, -1.9033287759999666], [-79.59706115699998, -1.908118962999879], [-79.56254577699997, -1.8989920619999339], [-79.55559539899997, -1.8855472799999689], [-79.4889678959999, -1.8842645869999615], [-79.48549652099996, -1.901231884999902], [-79.46404266399998, -1.918394803999945], [-79.45573425199996, -1.9168457989998728], [-79.45565032999997, -1.926973223999937], [-79.44297027599998, -1.9383453139998892], [-79.41954040599995, -1.9351931809998746], [-79.4052886959999, -1.9436920869998175], [-79.41147613499999, -1.9552412029999573], [-79.40093231199995, -1.9676620949999801], [-79.36865234399994, -1.9712681769998994], [-79.35280609099993, -2.0094022739999673], [-79.33817291299994, -2.0214605329999245], [-79.33449554299989, -2.0418682099999046], [-79.32136535599983, -2.0509393219999765], [-79.31805419999995, -2.081219433999877], [-79.27120971699992, -2.1041023739999787], [-79.27246093699989, -2.1131975649998935], [-79.23859405499996, -2.132480143999885], [-79.23854064899996, -2.1157279009999], [-79.24538421699998, -2.117639064999935], [-79.24980926499995, -2.103523968999923], [-79.23580932599992, -2.103995560999863], [-79.22375488399996, -2.121921777999887], [-79.19401550299995, -2.1311368929999617], [-79.17585754399988, -2.1459164609998993], [-79.16192626899988, -2.1218421449999596], [-79.12487029999994, -2.1136558059998833], [-79.11522674599996, -2.116823196999917], [-79.1210708619999, -2.1410274509999567], [-79.10217285199991, -2.133480787999929], [-79.13661956799996, -2.1805064669999297], [-79.11753082399991, -2.180482387999973], [-79.12703704899997, -2.202695608999875], [-79.15924835099992, -2.2032742509998116], [-79.1925659179999, -2.1914231779999795], [-79.22116088999991, -2.1995387079999773], [-79.24835205099998, -2.1963386529998843], [-79.25457000799992, -2.2162280079999164], [-79.2489242559999, -2.2206549649999374], [-79.22401428099994, -2.2107639319999066], [-79.14297485399999, -2.21258807199996], [-79.14300536999997, -2.2348217969998814], [-79.17291259699994, -2.2849771969999324], [-79.17536926199989, -2.303794860999915], [-79.22701263399995, -2.316233158999921], [-79.25535583499993, -2.308454274999974], [-79.29359436099992, -2.316597460999958], [-79.31974029499992, -2.3415446279998946], [-79.33818054099999, -2.3456857189999596], [-79.35952758899998, -2.363285540999925], [-79.39333343499999, -2.358752250999828], [-79.40185546899994, -2.3429279319999523], [-79.41602325399998, -2.335885762999908], [-79.42005920499997, -2.359341620999942], [-79.43064880399999, -2.3590073579998716], [-79.43364715699988, -2.373265743999866], [-79.43063354499986, -2.380113362999964], [-79.4186782829999, -2.378273963999902], [-79.44812011699997, -2.420070171999953], [-79.42525482099995, -2.430624006999892], [-79.47117614799998, -2.448540686999877], [-79.46512603699989, -2.461139201999913], [-79.48351287899993, -2.463545321999959], [-79.49516296399992, -2.4768247589999532], [-79.52419280999999, -2.48785471899987], [-79.52233895899997, -2.5053529979998643], [-79.50566101099992, -2.4995653619998848], [-79.48848000099997, -2.5109489999998686], [-79.50083923299991, -2.525909899999874], [-79.51594543599998, -2.526941774999898], [-79.50878974399996, -2.5397407249999446], [-79.45465099999996, -2.4983000009999046], [-79.44710540799991, -2.504452465999975], [-79.39513399999998, -2.4970869989999187], [-79.37918878199997, -2.5296541729998694], [-79.39170074399988, -2.5296539989999474], [-79.3974913649999, -2.516904949999912], [-79.42828369099993, -2.5180390609999677], [-79.42499542199994, -2.606784581999932], [-79.43717193699996, -2.6017644409998866], [-79.44757080199997, -2.6112067689999208], [-79.47309875499997, -2.607597589999898], [-79.46003723099994, -2.657386302999953], [-79.48696899299989, -2.677845953999963], [-79.50293731599999, -2.767744301999926], [-79.62187194899991, -2.814162253999939], [-79.63013458199993, -2.8236219879999567], [-79.63777923499998, -2.8155064569999126], [-79.67031860399999, -2.824850559999902], [-79.63481903099995, -2.84912705499994], [-79.6013870239999, -2.8577480309999714], [-79.59170532299999, -2.876597641999922], [-79.55077361999997, -2.88103794999995], [-79.56121826199995, -2.895556210999871], [-79.60842132599998, -2.894465921999881], [-79.60841369599996, -2.9017863269998543], [-79.58580779999988, -2.9018230439999684], [-79.58575439499998, -2.908101080999927], [-79.59670257499982, -2.9100427619998754], [-79.59384155299989, -2.917767763999848], [-79.60836791899999, -2.921071050999956], [-79.64585113599998, -2.9561014179998892], [-79.6355133059999, -2.977411985999936], [-79.64655303899997, -2.989207505999957]]], [[[-79.81648999999993, -2.5508059999998522], [-79.83964499999996, -2.6594969999999307], [-79.85422499999999, -2.6650639999999157], [-79.88761899999992, -2.6521059999998897], [-79.85974099999999, -2.496970999999917], [-79.84818999999999, -2.4695529999999053], [-79.81648999999993, -2.5508059999998522]]], [[[-79.80853299999995, -2.538441999999918], [-79.81572699999992, -2.525586999999973], [-79.81438399999996, -2.517417999999907], [-79.79947699999985, -2.532156999999927], [-79.80853299999995, -2.538441999999918]]], [[[-79.81202699999994, -2.4310789999999542], [-79.80229899999995, -2.490207999999882], [-79.78404999999998, -2.518709999999942], [-79.79523499999988, -2.530587999999966], [-79.8136899999999, -2.5135459999999625], [-79.84235399999994, -2.4506529999999316], [-79.83465599999994, -2.409109999999828], [-79.81202699999994, -2.4310789999999542]]], [[[-80.24342300099988, -2.7208109999999692], [-80.24372100299996, -2.7207609539999], [-80.24338499899994, -2.720718999999974], [-80.24342300099988, -2.7208109999999692]]], [[[-80.24082899999985, -2.7069519999998874], [-80.24103499999984, -2.706728999999939], [-80.24094399999996, -2.70651399999997], [-80.24082899999985, -2.7069519999998874]]], [[[-80.12589299899997, -2.695564999999931], [-80.12940999999995, -2.701945000999956], [-80.14092299999993, -2.701563999999962], [-80.13819099999995, -2.696839999999952], [-80.12589299899997, -2.695564999999931]]], [[[-80.18942999899986, -2.665747999999951], [-80.17768899999999, -2.653998000999934], [-80.17234799999994, -2.653759000999969], [-80.18184699999995, -2.665805999999918], [-80.18942999899986, -2.665747999999951]]], [[[-80.18222799999984, -2.647649999999942], [-80.19013199999995, -2.6550739999999564], [-80.20004999999998, -2.6543109999998933], [-80.18978099999993, -2.645176999999876], [-80.18222799999984, -2.647649999999942]]], [[[-80.02719099999996, -2.6773529999999255], [-79.90262599999994, -2.7387109999999666], [-79.91024799999997, -2.775188999999955], [-79.93128199999995, -2.7926489999998125], [-79.96794099999988, -2.7943279999998936], [-80.00214399999999, -2.8165649999999687], [-80.04562399999986, -2.8957609999999363], [-80.06359899999995, -2.9137329999999793], [-80.06543699999997, -2.9278269999999225], [-80.09390999999994, -2.933468999999832], [-80.09759499999996, -2.9714459999999576], [-80.12392399999999, -3.008745999999917], [-80.12310799999995, -3.020170999999948], [-80.14777399999997, -3.023012999999821], [-80.16721299999995, -3.015293999999926], [-80.17067699999996, -3.027616999999907], [-80.19340499999993, -3.041347999999857], [-80.25646199999994, -3.0275349999999435], [-80.27447499999982, -3.0040089999999395], [-80.26207699999992, -2.9559549999999604], [-80.26297799999998, -2.8620279999999525], [-80.23654899999991, -2.785921999999914], [-80.21810199999993, -2.7644609999998693], [-80.22096299999998, -2.738599999999849], [-80.1237559999999, -2.706852999999967], [-80.0933149999999, -2.686657999999966], [-80.02719099999996, -2.6773529999999255]]], [[[-79.91658799999999, -2.678878999999881], [-79.91694599999994, -2.6704579999998828], [-79.91203299999995, -2.66432999999995], [-79.90872999999993, -2.67682799999983], [-79.91658799999999, -2.678878999999881]]]]}}, {"id": "10", "type": "Feature", "properties": {"id_code": "10", "id_name": "IMBABURA", "id_abbr": "IMB", "region": "Sierra", "province_label": "10 - IMBABURA"}, "geometry": {"type": "Polygon", "coordinates": [[[-78.14849853599992, 0.15825475700012248], [-78.15398406999992, 0.14120383700014827], [-78.19586944599996, 0.13497327200002474], [-78.20165252699991, 0.12786962100017263], [-78.22435760499997, 0.12918353100013746], [-78.22998046899994, 0.12111916500009556], [-78.26683044299989, 0.13777172600009635], [-78.28291320699992, 0.12867951499998753], [-78.28991699199997, 0.13471387400005597], [-78.28482818599991, 0.1508571960001177], [-78.30123138499994, 0.1545845560001453], [-78.29686737099996, 0.16167095300016854], [-78.30680847199994, 0.18287368200009269], [-78.33068084799993, 0.1914248320001093], [-78.3393325809999, 0.20385518700015837], [-78.35780334399999, 0.17109407600014492], [-78.37368011499996, 0.1591332560000751], [-78.3762741089999, 0.16797706500005916], [-78.35852813799994, 0.20019884400005594], [-78.36386108499994, 0.20850677800018502], [-78.35682678299992, 0.2172032900001568], [-78.35015106199995, 0.21098718000007466], [-78.34362030099993, 0.22737798100007467], [-78.35419464199992, 0.22974514899999576], [-78.35458373999995, 0.2445091460000981], [-78.37436675999999, 0.2610203630001138], [-78.39017486599994, 0.24476726500006407], [-78.39848327699985, 0.24971203500007277], [-78.41022491499996, 0.21784509700006538], [-78.43374633699995, 0.1950460810001573], [-78.44309997599998, 0.22147281600007318], [-78.43943023599996, 0.2368849510001496], [-78.45086669899996, 0.2364234620000616], [-78.46640014699989, 0.2597007750001694], [-78.48798370399999, 0.2635009280000986], [-78.49688720599988, 0.27722993600008294], [-78.49459838899998, 0.2590288520000854], [-78.51012420599994, 0.24387173400009488], [-78.51020049999994, 0.22659133500002326], [-78.51921844499998, 0.2280297130001827], [-78.52390289199991, 0.21356712200002903], [-78.5372695929999, 0.205496073000063], [-78.56130218499999, 0.20724801700004036], [-78.56612396299982, 0.22245240200015814], [-78.57582855299995, 0.22533480800007055], [-78.62515258899998, 0.21803036400018527], [-78.63824462999997, 0.2064498670000603], [-78.65671539299996, 0.2164837710001848], [-78.67502594099994, 0.2105142330000831], [-78.68265533399995, 0.22350111600002265], [-78.70911407599988, 0.2154662910000411], [-78.75425720099997, 0.240391389000024], [-78.77703094599997, 0.24334813700005498], [-78.81114959699994, 0.23053258700014112], [-78.83303069999994, 0.24153564800008098], [-78.85594940099998, 0.23762732700009792], [-78.90933227499988, 0.21337042800007566], [-78.92446136399997, 0.22161255899999333], [-78.94745635899994, 0.20387254800010624], [-78.96630096499996, 0.22339662900003532], [-78.98110199099995, 0.21071364000016501], [-79.01000213499992, 0.22596722800017233], [-79.01763915999999, 0.27698576500000627], [-79.03144073499999, 0.28303468300009627], [-79.03112029999994, 0.2925285400000348], [-79.05647277799994, 0.29357248600007324], [-79.05931091299993, 0.30720290600010003], [-79.08786010799997, 0.2994614240000715], [-79.11193847699997, 0.30751028700018423], [-79.11084747299992, 0.2983185950001257], [-79.13225555399993, 0.3209101859999919], [-79.17841339199998, 0.31253713400002425], [-79.23260498099995, 0.3268655840001884], [-79.26747131299999, 0.317872763000139], [-79.2750091559999, 0.3337786210000786], [-79.25832366899994, 0.3413873310000781], [-79.20527648799998, 0.3462036860000808], [-79.19038390999992, 0.33982431900011534], [-79.16209411699992, 0.34810206300005575], [-79.1162414559999, 0.3347078860001602], [-79.07997894199997, 0.33377912600002446], [-79.07036590599995, 0.323896288000185], [-79.05782318099983, 0.3248339890000693], [-79.04399108799993, 0.3035102490001691], [-79.02291870099998, 0.30667510600011383], [-78.96124267499994, 0.3492823849999809], [-78.94347381499995, 0.38202160600002344], [-78.9277496329999, 0.39370048100005306], [-78.91099548299991, 0.4015437070000871], [-78.91101074199997, 0.36264628200001425], [-78.90275573699995, 0.3715307110001618], [-78.8953323369999, 0.36800053700011404], [-78.89936828599997, 0.3780485400000657], [-78.89117431699992, 0.3787641830000439], [-78.89235687199994, 0.38839283700002625], [-78.87251281699997, 0.3986738920000903], [-78.85168457099996, 0.42933318000018517], [-78.83363342299998, 0.43560010100009094], [-78.81237029999994, 0.41673225200014485], [-78.79684448199993, 0.4157903490000763], [-78.79792785699993, 0.401115984000171], [-78.7742385869999, 0.4003107850000447], [-78.76549529999994, 0.40778917100010403], [-78.71856689399988, 0.40298607900007255], [-78.68608093199998, 0.37537422700006573], [-78.65722656199989, 0.37774255800013634], [-78.61689758199992, 0.4107737840000709], [-78.60054779099994, 0.45979213800006846], [-78.56029510499991, 0.4825861460001306], [-78.55187225299994, 0.5185931920000257], [-78.51983642599998, 0.5289176700000553], [-78.49813842699996, 0.5455900440001642], [-78.46518707299998, 0.5320339210000498], [-78.42884063699995, 0.574607849000131], [-78.43278503499988, 0.6077861200001848], [-78.4607849119999, 0.6288149950000843], [-78.47940063399989, 0.6784698370000228], [-78.49150848399995, 0.6896163229999956], [-78.49231719899996, 0.7064107650001006], [-78.50899505599995, 0.7090898160001871], [-78.52444457999997, 0.728547572000025], [-78.51639556799995, 0.7523584379999875], [-78.53630065999994, 0.772435666000149], [-78.50793457099985, 0.775247573000172], [-78.49440765499997, 0.7672734270001342], [-78.46150207499988, 0.7784576410000454], [-78.4416046149999, 0.813887596000086], [-78.4525527959999, 0.8234648700000662], [-78.4463806139999, 0.8327250490000324], [-78.45448303199993, 0.8425190450001878], [-78.45439910999994, 0.8747159240000997], [-78.43771362299992, 0.8740108010001109], [-78.41790771499996, 0.8472384210000428], [-78.3867340089999, 0.8250412940001297], [-78.36438751199995, 0.8256337640001448], [-78.35321807899993, 0.815272451000169], [-78.33079528799993, 0.821934701000032], [-78.30279541099998, 0.7923474320000423], [-78.27156829799998, 0.7845726610000838], [-78.26703643799988, 0.7670135500000583], [-78.20412444999988, 0.7178902040000139], [-78.20038604699994, 0.6918631199999936], [-78.18709564199992, 0.6690450300001203], [-78.16845703099989, 0.6595157400001881], [-78.15299987699996, 0.6267011169999819], [-78.14371490399998, 0.6273164150001094], [-78.13362884399999, 0.6150678990000529], [-78.14221954399989, 0.5906081210000593], [-78.12520599399994, 0.57074803200004], [-78.12958526699998, 0.5303218970001353], [-78.11151885999999, 0.5204500550001399], [-78.09384918199993, 0.4820045540001274], [-78.06748962499995, 0.4737566410000795], [-78.01110076999998, 0.47355833800008895], [-77.99173736499995, 0.4476676880000241], [-77.94487762399984, 0.43148893100010355], [-77.92404174799998, 0.4016895899999895], [-77.86473083599998, 0.3811437790001264], [-77.83798217799995, 0.35656842700012703], [-77.83475494399988, 0.3443896170001608], [-77.81063079799992, 0.3538879450000536], [-77.82344818199988, 0.3260233400001198], [-77.85076904199991, 0.3058100050001826], [-77.84531402599993, 0.2791170780000698], [-77.82895660499992, 0.2730601420000198], [-77.84764098999995, 0.2590121930000464], [-77.8502044679999, 0.2396535720001225], [-77.86580657899998, 0.23174527400004763], [-77.87038421599993, 0.20786093200001687], [-77.88603973399995, 0.19978287899999714], [-77.90482330299994, 0.20586341600017022], [-77.92436218299997, 0.19818473000003678], [-77.92347717399991, 0.18204788900004587], [-77.94126129199992, 0.1798746730000289], [-77.95657348699996, 0.15728332200012574], [-77.96523284799997, 0.15793183500005625], [-77.96691894499992, 0.1687181440000245], [-78.00188446099992, 0.17203834700018206], [-78.02419281099992, 0.18811902400011604], [-78.03394317499993, 0.18220955200018807], [-78.05259704699989, 0.19311438600010433], [-78.08812713699996, 0.18934905600013963], [-78.09144592199993, 0.18164792700002863], [-78.09075927799995, 0.18435317300003362], [-78.09252166799996, 0.18727239900016457], [-78.11164855899995, 0.15695263400016302], [-78.13409423799993, 0.15270201900005986], [-78.14849853599992, 0.15825475700012248]]]}}, {"id": "11", "type": "Feature", "properties": {"id_code": "11", "id_name": "LOJA", "id_abbr": "LOJ", "region": "Sierra", "province_label": "11 - LOJA"}, "geometry": {"type": "Polygon", "coordinates": [[[-79.39655303899997, -4.687313555999879], [-79.39832305899989, -4.718365190999975], [-79.41883087199994, -4.7252459529999555], [-79.42765808099995, -4.747295378999922], [-79.43035888799994, -4.732624053999871], [-79.45749664199997, -4.701439379999897], [-79.46333312999997, -4.651954173999968], [-79.48839568999995, -4.624793051999916], [-79.4944152839999, -4.581044673999941], [-79.47687530499991, -4.5683798779999165], [-79.48780059699999, -4.5274968149999495], [-79.51395416299988, -4.516103743999906], [-79.52732849199998, -4.529499053999871], [-79.54376983699996, -4.5259394639999755], [-79.55043029699982, -4.5137233739998806], [-79.56195831199994, -4.51496124199997], [-79.58112335199996, -4.497827051999934], [-79.57961273199987, -4.48764800999993], [-79.60007476799996, -4.4565882669999155], [-79.62683105399998, -4.440045356999917], [-79.65538024899996, -4.434185981999974], [-79.70700073299997, -4.471781730999965], [-79.72547149699989, -4.469141959999888], [-79.7458801279999, -4.481585978999931], [-79.79324340699992, -4.4920539859999735], [-79.81511688199998, -4.488859176999881], [-79.85305023199999, -4.4519276609999565], [-79.85368347199994, -4.435080050999943], [-79.87007903999995, -4.414278506999949], [-79.91831207299998, -4.386102198999936], [-79.93473815999994, -4.395769596999912], [-79.96101379399988, -4.3957934379999415], [-79.97763061499995, -4.379230021999945], [-79.9908142079999, -4.381050109999876], [-80.01311492999997, -4.357247828999903], [-80.03492736799996, -4.348473070999887], [-80.06126403899992, -4.310689924999906], [-80.10420227099996, -4.29135608699994], [-80.10842895399998, -4.298624514999915], [-80.13541412399996, -4.296603202999904], [-80.13486480799997, -4.286067008999908], [-80.14295959499998, -4.285870551999892], [-80.15667724499997, -4.304379461999929], [-80.17111206099997, -4.289845942999932], [-80.18823242099995, -4.336030482999945], [-80.20627593899997, -4.340303419999941], [-80.19496154899986, -4.350150583999948], [-80.21059417699996, -4.352026939999973], [-80.21183776999999, -4.359077452999941], [-80.21932983399995, -4.354242323999927], [-80.22035980199996, -4.3764691349999225], [-80.23226928699995, -4.372952459999908], [-80.23664092999996, -4.386889457999928], [-80.26260375899983, -4.411614416999953], [-80.27497863799994, -4.4038496009999335], [-80.28502654999994, -4.408116340999925], [-80.29561614999994, -4.425600051999936], [-80.29151916599989, -4.4360175129999675], [-80.32921600299994, -4.464394092999953], [-80.39240264899996, -4.48503875699987], [-80.40188598599997, -4.470193861999974], [-80.41739654499997, -4.459459780999907], [-80.42087554999989, -4.466107367999882], [-80.44677734399994, -4.446098327999891], [-80.45418548599997, -4.407934664999971], [-80.44574737599999, -4.393570423999961], [-80.45239257699996, -4.383130071999915], [-80.41129302899992, -4.31860113099998], [-80.3682098399999, -4.283605098999942], [-80.36639404199997, -4.269762991999869], [-80.30638885499991, -4.200054645999899], [-80.31288146999987, -4.197548865999977], [-80.32927703799993, -4.214058874999978], [-80.34140014599996, -4.208800315999952], [-80.35261535699993, -4.2205214499999215], [-80.36788177499994, -4.196849345999908], [-80.40865325999982, -4.217190741999957], [-80.43164825499997, -4.19557619099993], [-80.44914245699988, -4.2088503829999695], [-80.44728088499994, -4.121004581999898], [-80.46695709199992, -4.127884863999952], [-80.46302795299982, -4.1155018809998865], [-80.48637390199997, -4.08264160199991], [-80.47385406499995, -4.083013056999903], [-80.47343444799986, -4.06321001099991], [-80.48170471299989, -4.056150912999897], [-80.47093200599994, -4.048312662999933], [-80.46798705999998, -4.034094808999953], [-80.45090484699995, -4.030951498999912], [-80.45651244999993, -4.01737022299983], [-80.44371795599994, -4.0159449579999205], [-80.44416046099997, -3.9955019959999163], [-80.43162536599993, -3.990227220999941], [-80.42495727599993, -3.99662113099987], [-80.39838409399994, -3.9811756619999414], [-80.37783050599995, -3.9898023609998745], [-80.36619567799994, -3.981703758999913], [-80.35476684499997, -3.9946990009999013], [-80.33947753899997, -3.993397949999917], [-80.32419586199995, -4.011026382999944], [-80.2997817989999, -4.017186163999952], [-80.28433990499997, -4.01262187999987], [-80.25673675599995, -3.992876052999975], [-80.23469543399995, -3.948198318999914], [-80.21631622199999, -3.9565670489999434], [-80.18077089399998, -3.925133958999936], [-80.15869099999998, -3.9129929999999717], [-80.13988499899995, -3.912538999999981], [-80.12288665699992, -3.8856353749999357], [-80.10710143999995, -3.8897209159999306], [-80.10413360499996, -3.8835022449999315], [-80.05604553199998, -3.880936621999922], [-80.01155853199998, -3.867853878999938], [-79.98519134499998, -3.841703890999895], [-79.95446014399994, -3.828341959999932], [-79.93627929699988, -3.8322198389998903], [-79.91411590599989, -3.82341670999989], [-79.89345550599995, -3.829771517999916], [-79.86424255399993, -3.8203604209999753], [-79.83020019599991, -3.8376708029999804], [-79.80747985899995, -3.835422276999907], [-79.79159545999994, -3.8459484579998957], [-79.77622985799997, -3.8373355869998704], [-79.72454834099989, -3.8323266499999136], [-79.70614624099989, -3.8223471639999502], [-79.68029785199991, -3.7788875099998904], [-79.66230773899991, -3.769326686999932], [-79.64743804999989, -3.771279095999887], [-79.61852264499998, -3.750073909999969], [-79.60557556099997, -3.751276968999946], [-79.5919418339999, -3.7804653639999515], [-79.5660629269999, -3.802386760999923], [-79.50045776299999, -3.7895348069999386], [-79.48908233699996, -3.8030192859999374], [-79.44434356799997, -3.8128941059999306], [-79.42618560699998, -3.7920229429999495], [-79.40640258799993, -3.7860033509999766], [-79.40316009599997, -3.753101109999875], [-79.41597747899993, -3.7256934649999494], [-79.37577819799998, -3.6905908579998936], [-79.36618804899996, -3.659255741999914], [-79.37221527099996, -3.638492345999964], [-79.39128875699998, -3.6218476289999444], [-79.39187621999992, -3.6124227049999718], [-79.41543579099988, -3.6072154039998736], [-79.42811584499998, -3.5789244179999287], [-79.48250579899991, -3.636237620999907], [-79.49055480899995, -3.635932921999938], [-79.49864196799996, -3.609540699999968], [-79.4790725709999, -3.5807607159999293], [-79.48260498099995, -3.540591478999943], [-79.47423553399989, -3.52431035099994], [-79.48124694799998, -3.5139791969999123], [-79.4592437739999, -3.4986867899999083], [-79.44372558599997, -3.4696555129999638], [-79.42969512899992, -3.46409749999998], [-79.42202758699995, -3.4437174799999184], [-79.43385314899996, -3.429656267999917], [-79.46128082199988, -3.431485175999967], [-79.47470092799995, -3.3982267379999485], [-79.45826721299994, -3.329507349999915], [-79.42890930199991, -3.344024180999952], [-79.37726592999996, -3.3494539249999775], [-79.33434295599994, -3.339810132999901], [-79.33007049599996, -3.348504780999974], [-79.30541992099995, -3.357338428999981], [-79.30204009999994, -3.4358496659999673], [-79.28916168199999, -3.4669451709999635], [-79.27645874099994, -3.4768061629998783], [-79.25676727299992, -3.4758696559999294], [-79.18123626699997, -3.440781116999972], [-79.17597198499993, -3.467512129999875], [-79.15692901499995, -3.475664138999889], [-79.15888214099982, -3.5042064189998996], [-79.13617706299993, -3.527636766999933], [-79.1399230959999, -3.56787085499991], [-79.13342285099998, -3.59843540199995], [-79.11801910399998, -3.6014745239999684], [-79.10496520999993, -3.625961064999956], [-79.09513091899998, -3.6249928469998736], [-79.11030578599997, -3.6347131719999766], [-79.10749816899983, -3.6477918619999627], [-79.14119720499991, -3.666385888999912], [-79.14686584399999, -3.6594483859999514], [-79.15764617899998, -3.6630625729999338], [-79.15415191699992, -3.692551134999917], [-79.16162872299998, -3.7152183049999508], [-79.17632293599996, -3.711042880999969], [-79.19614410499992, -3.7261078349998797], [-79.19052886999992, -3.7522790429999304], [-79.1789932239999, -3.7655942449999316], [-79.17663574099998, -3.794244289999881], [-79.16036987399997, -3.80483460399995], [-79.15699005099992, -3.8184721479998984], [-79.14302063099996, -3.8220994479999035], [-79.14542388899997, -3.8562793719999036], [-79.12957763599996, -3.8781323429999475], [-79.14832305899995, -3.925209759999973], [-79.13952636699997, -3.949978589999887], [-79.15144348099994, -3.963797329999977], [-79.14294433499998, -3.9735364909999475], [-79.14608001699997, -4.017826079999963], [-79.13639068499998, -4.035818099999972], [-79.1399078369999, -4.056611061999888], [-79.15354156399997, -4.066674708999869], [-79.16274261499996, -4.114850042999876], [-79.15997314499992, -4.153311727999949], [-79.1347961429999, -4.161308764999944], [-79.10793304399994, -4.185014723999927], [-79.10057067899987, -4.209260462999907], [-79.1089782709999, -4.224644660999957], [-79.10580444399994, -4.26011943799989], [-79.11473083499999, -4.267402171999947], [-79.10616302399995, -4.289237499999956], [-79.12101745699994, -4.3083415029999514], [-79.10895538399996, -4.333980083999961], [-79.11570739799987, -4.341009615999894], [-79.10742187499989, -4.358709812999905], [-79.11534118599997, -4.390435694999894], [-79.11135864199991, -4.406732082999952], [-79.1199417119999, -4.426126001999933], [-79.14173889099999, -4.432395935999921], [-79.1466522209999, -4.4478168479998885], [-79.15911865299995, -4.451748369999962], [-79.16637420699993, -4.475540159999923], [-79.18932342499994, -4.474255561999939], [-79.19824218799988, -4.482196806999923], [-79.20883941699998, -4.5105414379999615], [-79.22402954199998, -4.492973326999959], [-79.24829101599988, -4.482602118999978], [-79.26327514599996, -4.48808765299998], [-79.27142333999996, -4.473773001999973], [-79.27985381999991, -4.473132131999876], [-79.29058837799994, -4.476661204999971], [-79.31534576399986, -4.510334967999938], [-79.32728576799997, -4.509111880999967], [-79.32782745299988, -4.531790255999908], [-79.33726501499996, -4.547293661999959], [-79.32743072499994, -4.577663420999954], [-79.33327484099988, -4.606092929999875], [-79.35311126799996, -4.625094889999957], [-79.35910034099999, -4.64931631099995], [-79.38071441599999, -4.656979559999854], [-79.39655303899997, -4.687313555999879]]]}}, {"id": "12", "type": "Feature", "properties": {"id_code": "12", "id_name": "LOS R\u00cdOS", "id_abbr": "RIO", "region": "Costa", "province_label": "12 - LOS R\u00cdOS"}, "geometry": {"type": "Polygon", "coordinates": [[[-79.72780609099988, -1.8499741549998703], [-79.71953582799995, -1.827016829999934], [-79.72894287199995, -1.825148343999956], [-79.73037719699988, -1.8090976469999305], [-79.74844360299988, -1.7869329439999433], [-79.74739074599984, -1.7360851759999605], [-79.76998138499982, -1.7223757509999587], [-79.82610320999999, -1.7076653239999473], [-79.83988189799993, -1.6857095959999242], [-79.82670593299991, -1.6746910819998675], [-79.85551452499993, -1.6663426159999517], [-79.83765411299999, -1.6548236609999663], [-79.84975433299996, -1.6443562499999302], [-79.86147308399995, -1.6477794649999282], [-79.85678100699994, -1.627701401999957], [-79.87131500299995, -1.6018568269998354], [-79.86463928299997, -1.5838135479999664], [-79.85339355599996, -1.5783346889999734], [-79.8544311519999, -1.5656256679999387], [-79.8715362559999, -1.554864643999963], [-79.86807250899994, -1.5436211819999244], [-79.87456512499995, -1.5370266429999333], [-79.86787414499992, -1.5260803699998746], [-79.87808227499988, -1.5235252379999338], [-79.87186431899994, -1.5212124579999795], [-79.87350463799987, -1.497796654999945], [-79.8667907709999, -1.4945189939999182], [-79.87299346899994, -1.4912062889999333], [-79.86197662299992, -1.4871206279999], [-79.86953735299988, -1.4831582309999476], [-79.87152862599999, -1.4582685229999015], [-79.86426544299997, -1.4513942009999141], [-79.87044525199997, -1.4493892189999542], [-79.86820220999988, -1.4349657289998845], [-79.86161041299994, -1.4354072809999252], [-79.86505889999995, -1.4215890169998602], [-79.84754943899992, -1.4095654479999666], [-79.85476684499997, -1.4096341139999709], [-79.84644317499988, -1.3833370209998748], [-79.80312347499995, -1.3449226619999308], [-79.79248046899994, -1.3017392159999304], [-79.78501892199995, -1.2973908189998724], [-79.79036712699997, -1.2946307649999653], [-79.77542114199997, -1.2901502849998678], [-79.7805709839999, -1.2769031519998748], [-79.76348113999995, -1.2658748619999187], [-79.77115630999998, -1.257672070999945], [-79.75223541299994, -1.2443985939999607], [-79.75914001399997, -1.234817861999943], [-79.7529830929999, -1.237369656999931], [-79.74567413299991, -1.2194370039998148], [-79.74872589099988, -1.1920475959999521], [-79.73252105699999, -1.177617191999957], [-79.73017883199998, -1.1820440289999397], [-79.71826171899994, -1.18082106199995], [-79.71567535499997, -1.1531536579998942], [-79.70021057099996, -1.1560291049999591], [-79.69448089699995, -1.1472234729998831], [-79.69274902299992, -1.1535801879999212], [-79.68846130499998, -1.1529308549999655], [-79.68376922499993, -1.123059272999967], [-79.66863250799992, -1.1131476159999352], [-79.65999603299997, -1.1215728529999183], [-79.64228057799994, -1.1095837359999337], [-79.64031219599997, -1.0927065609999431], [-79.62277221699998, -1.0798569909998719], [-79.61705780099993, -1.0642116069998906], [-79.60010528499998, -1.0729359389999331], [-79.58792877199994, -1.0691882359998317], [-79.57346344099989, -1.044288753999922], [-79.57684326199995, -1.0182049269999425], [-79.56170654299996, -0.9835345139999276], [-79.52429199199992, -0.9713043579998271], [-79.53057861399998, -0.9640939239998829], [-79.56391143799988, -0.962938784999892], [-79.54359436099998, -0.9543707969999105], [-79.54584503199993, -0.935226021999938], [-79.53219604499992, -0.9252237679999666], [-79.50697326599993, -0.8582108019999168], [-79.51858520499997, -0.8508602379999388], [-79.52500915499985, -0.8615812659999733], [-79.53504943799987, -0.8478836419999425], [-79.56051635699998, -0.8518604629999231], [-79.57649230999988, -0.8443933129998982], [-79.60109710599988, -0.8592583529999729], [-79.61122131299993, -0.8506958479999298], [-79.60583496099997, -0.8271853319999423], [-79.59818267899999, -0.8281159399998614], [-79.60620117199994, -0.8043084749999139], [-79.59579467799995, -0.7721519469998839], [-79.60135650599995, -0.7452025999999705], [-79.58863067699997, -0.7421294449998754], [-79.58812713599985, -0.7306044099999554], [-79.57720947199988, -0.72221577199997], [-79.58364868099994, -0.7131326189999072], [-79.57614135699998, -0.6996958849998691], [-79.56348419099999, -0.7216997739998874], [-79.53578185999999, -0.7178501489999576], [-79.54266357499995, -0.6580880869998964], [-79.52506256099991, -0.6571568259999481], [-79.52516174299996, -0.6463668939998684], [-79.50803375299995, -0.636094450999849], [-79.50070190399992, -0.608514785999887], [-79.4851074209999, -0.6095824239999388], [-79.48599243199993, -0.5879984489999401], [-79.49730682499995, -0.5690966839998168], [-79.4854583749999, -0.5437272779999489], [-79.46166229199991, -0.5484886769999093], [-79.45748138399995, -0.5643633009999576], [-79.45046996999997, -0.548853576999818], [-79.41668701199995, -0.5385714179999468], [-79.41645812899998, -0.5468156329999374], [-79.34732818699996, -0.544226467999863], [-79.3453216549999, -0.5560473789999492], [-79.35581970199996, -0.5586763609998684], [-79.35049438499988, -0.5721939799999518], [-79.36682891799995, -0.5802277329999583], [-79.35684203999995, -0.5886339539999312], [-79.3455886829999, -0.6305279139999698], [-79.36067962699991, -0.6408886909999296], [-79.36309814399993, -0.6556649209998682], [-79.37030792199988, -0.6549637919999327], [-79.34928131099997, -0.6903161409998688], [-79.29829406699997, -0.7001434549998748], [-79.28561401299999, -0.6962825659999794], [-79.26354980399998, -0.6617587199999662], [-79.20195007199999, -0.6287468079999599], [-79.19643402099996, -0.6080002189999618], [-79.16020965599995, -0.5861352089999627], [-79.13687896799996, -0.5495219219999399], [-79.11000823899985, -0.5426059959999634], [-79.08950805599989, -0.5556872479999129], [-79.08411407499989, -0.5702315569999428], [-79.09729003799993, -0.604137359999811], [-79.12891387999991, -0.6493809829999577], [-79.13923645099987, -0.7127718919999779], [-79.17420196499995, -0.7590164549999372], [-79.18673705999998, -0.7642930739999656], [-79.18683624199991, -0.7991983279998749], [-79.22042083799988, -0.8115004309998994], [-79.22439575199996, -0.835109412999941], [-79.23601532099991, -0.8373882179999441], [-79.24359893899998, -0.8787236209999492], [-79.28700256299999, -0.8907746079999583], [-79.28705596999993, -0.9085853099999781], [-79.29891967799995, -0.9288538089999179], [-79.30628967399997, -0.9287613039999769], [-79.30618286099997, -0.9487927549998858], [-79.31555175799991, -0.9588271979998808], [-79.3205108649999, -0.9982480399999076], [-79.29328918499994, -0.9876123069998926], [-79.29370880199997, -1.008894919999932], [-79.31208038299997, -1.0349773179999033], [-79.30843353199992, -1.0596128699999667], [-79.32652282699996, -1.1152882579999641], [-79.33248901399998, -1.1131986379999148], [-79.33256530799997, -1.1232366559999036], [-79.33994293099994, -1.1258549689999313], [-79.31504058899992, -1.1666567329999111], [-79.2970428459999, -1.1685341589999325], [-79.29949188299992, -1.1772021049998216], [-79.28673553499988, -1.1789565089999314], [-79.28880309999988, -1.2055536509999456], [-79.30726623499999, -1.2071335319999434], [-79.33245086699998, -1.2239383449999082], [-79.3491516119999, -1.2721841329998824], [-79.39260101299993, -1.322224257999892], [-79.36941528199992, -1.3282897469999284], [-79.35926818899992, -1.3046066749998886], [-79.33718109099988, -1.292932032999886], [-79.31627654999994, -1.3258525129999725], [-79.29367065499997, -1.3334599719999574], [-79.26649475199991, -1.331388234999963], [-79.27845001199995, -1.3548668619998807], [-79.29701232899993, -1.3556033369998772], [-79.2888717649999, -1.3936345569998707], [-79.32199096699998, -1.3907349109998677], [-79.32781219499998, -1.3968855139998482], [-79.32612609899991, -1.4126503469999534], [-79.33647155799997, -1.4364926819999368], [-79.31682586699992, -1.4376766679999378], [-79.34527587799994, -1.454713105999815], [-79.35607910199997, -1.4547963149999532], [-79.35880279499997, -1.4465025659999355], [-79.3613052369999, -1.4518185859999448], [-79.34715270899989, -1.4717208139999798], [-79.33128356999998, -1.461150527999962], [-79.33811950799998, -1.4701422439999305], [-79.3185806269999, -1.491873382999927], [-79.32183074999995, -1.5127152189999151], [-79.30519103999995, -1.525608300999977], [-79.28451538099995, -1.5267142049998483], [-79.2677612309999, -1.5423870089998672], [-79.24512481799997, -1.5436621899999636], [-79.24810790999993, -1.5610572099999445], [-79.27861785999994, -1.610477565999929], [-79.29870605399992, -1.5994184019999693], [-79.31674194399989, -1.6275819539998224], [-79.35563659599995, -1.6377166509999483], [-79.31994628899992, -1.6476443999998764], [-79.31954192999996, -1.6597050419999277], [-79.28855132999996, -1.6513286819998712], [-79.29132842999996, -1.669455528999947], [-79.27325439399993, -1.6688079839998977], [-79.26114654599996, -1.7032942769999408], [-79.26376342899988, -1.7052736279998726], [-79.26730346699986, -1.6976661679999552], [-79.26956939599995, -1.6984186159999695], [-79.24953460699993, -1.7235827449998737], [-79.23485565199996, -1.7327102429998718], [-79.23178100499996, -1.743607640999869], [-79.24283599799992, -1.7532503599999245], [-79.23068237299992, -1.758482097999945], [-79.23499298099989, -1.7698017359999199], [-79.24715423599997, -1.7722507709999604], [-79.24897766099997, -1.7874617579998926], [-79.23885345399992, -1.8048235169998748], [-79.2520065299999, -1.8147742739999444], [-79.23011016899994, -1.844733476999977], [-79.24621582099996, -1.8579748879998874], [-79.25602722099995, -1.9782431129999622], [-79.24016570999999, -1.9817084079999745], [-79.24484252999997, -2.0095901499998945], [-79.22367095999994, -2.0296983719999275], [-79.22829437199994, -2.0412304399999357], [-79.21269226099992, -2.048504590999869], [-79.21146392799989, -2.0769429209998975], [-79.18806457399995, -2.076779602999977], [-79.1996078499999, -2.0857903959998225], [-79.2219390859999, -2.0843131539999717], [-79.22193145799991, -2.0952212799999756], [-79.20719146799996, -2.0931353569999374], [-79.20806884699994, -2.110988615999929], [-79.24977111799996, -2.1034152509998876], [-79.24538421699998, -2.117639064999935], [-79.23854064899996, -2.1157279009999], [-79.24063110299994, -2.1322936999999342], [-79.27368926899993, -2.1121237269999256], [-79.27201080299994, -2.1035726059999433], [-79.31805419999995, -2.081219433999877], [-79.32136535599983, -2.0509393219999765], [-79.33449554299989, -2.0418682099999046], [-79.33817291299994, -2.0214605329999245], [-79.35280609099993, -2.0094022739999673], [-79.36865234399994, -1.9712681769998994], [-79.40093231199995, -1.9676620949999801], [-79.41147613499999, -1.9552412029999573], [-79.4052886959999, -1.9436920869998175], [-79.41954040599995, -1.9351931809998746], [-79.44297027599998, -1.9383453139998892], [-79.45565032999997, -1.926973223999937], [-79.45573425199996, -1.9168457989998728], [-79.46404266399998, -1.918394803999945], [-79.48549652099996, -1.901231884999902], [-79.48889923099995, -1.8843017809998628], [-79.55559539899997, -1.8855472799999689], [-79.56254577699997, -1.8989920619999339], [-79.59706115699998, -1.908118962999879], [-79.60945129499993, -1.9033287759999666], [-79.62068939199997, -1.9134156709999388], [-79.63711547899999, -1.8991385689998879], [-79.64819335999994, -1.899199961999841], [-79.64819335999994, -1.9219261399999255], [-79.65686798199994, -1.9230976099999566], [-79.67101287899993, -1.910112500999901], [-79.67205810599995, -1.8903715609998812], [-79.68408203199994, -1.8805667159999757], [-79.68556976399992, -1.8679877519999764], [-79.69831848199988, -1.8692362309998884], [-79.7110671989999, -1.8535770169999068], [-79.72780609099988, -1.8499741549998703]]]}}, {"id": "13", "type": "Feature", "properties": {"id_code": "13", "id_name": "MANAB\u00cd", "id_abbr": "MAN", "region": "Costa", "province_label": "13 - MANAB\u00cd"}, "geometry": {"type": "MultiPolygon", "coordinates": [[[[-80.83598299999994, -1.6774259999999686], [-80.83579999999995, -1.6781499999999028], [-80.83607499999988, -1.677381000999958], [-80.83598299999994, -1.6774259999999686]]], [[[-80.83607499999988, -1.6761139999999273], [-80.83584599999995, -1.6771089999999163], [-80.83643299999994, -1.6773359999999684], [-80.83692899999994, -1.6764759999999228], [-80.83607499999988, -1.6761139999999273]]], [[[-80.85607899999991, -1.6009749999999485], [-80.85580399999998, -1.6011559999999463], [-80.85598799999991, -1.6012919999998871], [-80.85607899999991, -1.6009749999999485]]], [[[-80.86897999999985, -1.5908869999998956], [-80.85998499999988, -1.5950489999999036], [-80.86614999999989, -1.6024679999999307], [-80.87207799999993, -1.5986219999999776], [-80.86897999999985, -1.5908869999998956]]], [[[-80.74778747599987, -1.6685899489999088], [-80.80339099999992, -1.7116199999998685], [-80.82324199999982, -1.6542579999999703], [-80.84551199999999, -1.6274799999999345], [-80.84412399999991, -1.6109409999999684], [-80.8543699999999, -1.5997709999999188], [-80.84255199999996, -1.5880029999999579], [-80.84195699999992, -1.5667699999999058], [-80.81356799999998, -1.5585389999999393], [-80.81581099999994, -1.5098229999998125], [-80.80932599999994, -1.510219999999947], [-80.80345899999998, -1.4956189999999765], [-80.7938079999999, -1.4952349999999797], [-80.79210699999993, -1.4786419999998657], [-80.77889999999991, -1.484760999999878], [-80.76727299999999, -1.47524599999997], [-80.76715899999994, -1.4376079999999547], [-80.75157899999988, -1.4200669999999604], [-80.76216899999997, -1.3890139999999178], [-80.74177599999996, -1.3707959999999275], [-80.73920399999986, -1.3573339999999234], [-80.76132999999993, -1.3121949999999742], [-80.84673299999997, -1.2100729999999658], [-80.87644999999992, -1.158527999999876], [-80.91258999999991, -1.0593119999999772], [-80.90323599999994, -1.0380459999998948], [-80.87367248499999, -1.0184463259999461], [-80.82937621999997, -0.9557209009998928], [-80.78781890999988, -0.9583215119999409], [-80.76403808599991, -0.9435370569999577], [-80.72459411699992, -0.936912953999979], [-80.72224426199983, -0.9302808039999491], [-80.72189331099992, -0.930004179999969], [-80.71956634399993, -0.9296591279999689], [-80.72615051299994, -0.9396938689999388], [-80.7203063959999, -0.9501268259999733], [-80.69725036599993, -0.9485772249998945], [-80.67264556799995, -0.9365945459999239], [-80.66720599999991, -0.9248239999999441], [-80.65447199999994, -0.9291839999999638], [-80.64768999999995, -0.9423629999998866], [-80.61882799999995, -0.944631999999956], [-80.58188629199992, -0.9254475829999365], [-80.54608917299998, -0.8818403469999794], [-80.50606536899994, -0.7363123289998725], [-80.47029876599993, -0.6399481289999471], [-80.45230865499991, -0.6109352099999796], [-80.42189788799993, -0.5946509229999606], [-80.42255401599994, -0.5722901229999593], [-80.43622589199998, -0.5635718689999294], [-80.45898437599999, -0.45796298899995236], [-80.47803497399991, -0.44136828099993863], [-80.49317169299991, -0.3989545089999069], [-80.48828125099993, -0.3658195739999428], [-80.46981048599997, -0.36653357599993797], [-80.4072418209999, -0.3116393689998631], [-80.37970699999994, -0.23368399999992562], [-80.34597799999995, -0.21035099999988915], [-80.3260499999999, -0.17186599999990904], [-80.30624399999994, -0.1889379999998937], [-80.26547999999997, -0.167212999999947], [-80.17767299999997, -0.07618999999988318], [-80.14160919199998, -0.04878740699996342], [-80.09587860099992, 0.01219611400000531], [-80.08869171199984, 0.04883964800001195], [-80.07418823199993, 0.04580999199998814], [-80.06659698399994, 0.05281890500003783], [-80.04125976599988, 0.12367640500013977], [-80.03160858199999, 0.17712460500018778], [-80.03982543899997, 0.36713105500012944], [-80.03002199999992, 0.3738850000000298], [-79.99752044699994, 0.3484939040000654], [-79.97676086399991, 0.2678892610000503], [-79.93248748699995, 0.2540210190001062], [-79.9213027959999, 0.2571792910001136], [-79.92742919999995, 0.2658820460001152], [-79.92057800399988, 0.2751826940001365], [-79.90367889499998, 0.2765254980000691], [-79.91033172599998, 0.28175291400003744], [-79.90795898499994, 0.29427883099998553], [-79.90345764199998, 0.2884669300000837], [-79.89448547399996, 0.30494111800015844], [-79.90425872699996, 0.3151436760000479], [-79.88162994399988, 0.3225930919999769], [-79.8643646249999, 0.31463924100012264], [-79.83798980699999, 0.3241206120000584], [-79.82303619299995, 0.31802526200004877], [-79.81060791099998, 0.32219410100009327], [-79.80305480999994, 0.3288888940001016], [-79.81713867199994, 0.3318030540001473], [-79.81556701599993, 0.3457642190000456], [-79.80545806899994, 0.3628363920001334], [-79.77641296399997, 0.3812234710001121], [-79.72167968699995, 0.372516871000073], [-79.70561218299991, 0.34334585000004836], [-79.72242736899989, 0.31942024800002855], [-79.71872711299989, 0.29366526000012527], [-79.69540405299995, 0.2881790100000785], [-79.68643188499993, 0.2741480480001428], [-79.67328643899998, 0.2758333390000871], [-79.66548156799996, 0.26227384900010975], [-79.68762206999992, 0.22584867600011194], [-79.68484496999992, 0.21632340600018551], [-79.69622802599991, 0.21964280300011296], [-79.70487213099989, 0.21168723699997827], [-79.71154022099995, 0.1820665889999873], [-79.69895172099996, 0.1807681020001155], [-79.70195007399997, 0.1759852170000613], [-79.68280029199997, 0.16402384700018047], [-79.66532897899998, 0.1780780850000383], [-79.65547943199982, 0.17244283900009805], [-79.65131378199993, 0.14316628800003173], [-79.64778137099995, 0.1529531030000726], [-79.62596893399996, 0.15789912600013167], [-79.61352539099988, 0.1397264590000873], [-79.61666870099998, 0.1324229980000382], [-79.6105728149999, 0.136031389999971], [-79.60890960699999, 0.129282863000185], [-79.59931182999998, 0.13084116600009565], [-79.59739684999988, 0.1209290400000782], [-79.56934356799991, 0.11509034100009785], [-79.59191131599994, 0.0856079620000969], [-79.60285949599995, 0.08226723200004926], [-79.5973358149999, 0.06358411900009742], [-79.62031555199991, 0.0576329270000997], [-79.62570190399998, 0.03630137800018929], [-79.61466217099996, 0.03254837100007535], [-79.62488555799996, 0.018622858000128417], [-79.61254119899996, 0.01143370199997662], [-79.61246490399998, -0.007889426999895477], [-79.60652160699993, -0.006884320999972715], [-79.60282897999991, -0.019621830999938084], [-79.61614990199996, -0.03720768599993107], [-79.60898590099998, -0.053460500999960914], [-79.54839324899996, -0.09945799399997668], [-79.54109954899997, -0.1333499699998697], [-79.5294799799999, -0.13649219199987783], [-79.5193786619999, -0.1638785589999543], [-79.47310638399989, -0.17538850099987258], [-79.46227264299995, -0.17166177899997592], [-79.44956207299998, -0.1801492569998686], [-79.42965698199998, -0.17559911399996508], [-79.41235351599994, -0.18714636499993276], [-79.40500640999988, -0.20948195299990857], [-79.41283416699991, -0.213229938999973], [-79.41390228199998, -0.23275177099986877], [-79.41075897199988, -0.4106861659998913], [-79.42913055499992, -0.4386642559998677], [-79.45763397299993, -0.4563679399998932], [-79.45629119799997, -0.46759650099988903], [-79.46398925799997, -0.4689539669999476], [-79.44949340899996, -0.47961774399988144], [-79.46112823499993, -0.496557920999976], [-79.45956420899995, -0.5119919169998752], [-79.46755981399991, -0.5317804809999416], [-79.48841857899993, -0.5460467929998458], [-79.49720764299991, -0.5682064889999765], [-79.48599243199993, -0.5879984489999401], [-79.4851074209999, -0.6095824239999388], [-79.50107574399993, -0.608945606999896], [-79.50803375299995, -0.636094450999849], [-79.52516174299996, -0.6463668939998684], [-79.52525329699995, -0.6573793889999706], [-79.54241180399993, -0.6572983249999425], [-79.53578185999999, -0.7178501489999576], [-79.56334686199995, -0.7217571729999577], [-79.56572723399995, -0.7093046899998967], [-79.57471465999998, -0.7114085549998777], [-79.57773590099993, -0.7013187989999778], [-79.58364868099994, -0.7131326189999072], [-79.57720947199988, -0.72221577199997], [-79.60454559299995, -0.7532969119998256], [-79.5954895029999, -0.7557779549999282], [-79.59589385999999, -0.7643601889999445], [-79.60176086399991, -0.7632709149999641], [-79.59775543199999, -0.7897845509999684], [-79.60632324299996, -0.7967560299999263], [-79.59818267899999, -0.8281159399998614], [-79.60977935799991, -0.8344855889999394], [-79.60902404699993, -0.85718250199983], [-79.62654876599998, -0.8583332299999142], [-79.6239242559999, -0.8759173149999242], [-79.6442642209999, -0.8813498009998852], [-79.66262817399996, -0.9033922549999716], [-79.67071533299992, -0.8913263089999646], [-79.68517303499988, -0.9033065439999177], [-79.68898773199993, -0.8953570129999662], [-79.70410156299994, -0.9043017619999318], [-79.7003402709999, -0.8861806989999081], [-79.71345520099999, -0.8786458969998989], [-79.71665954599996, -0.8865138889999571], [-79.73120117199994, -0.884472727999821], [-79.74411773799994, -0.921092926999961], [-79.77122497599993, -0.947571276999895], [-79.77377319299995, -0.9794040909999353], [-79.79711914099988, -0.9831102489999353], [-79.8037567149999, -1.0308741329998838], [-79.81211090099998, -1.0326026669998782], [-79.81613159199992, -1.0502239469999495], [-79.83341979999994, -1.050156473999948], [-79.84534454399994, -1.0839611279999417], [-79.90361785899995, -1.1266546239999116], [-79.90871429499998, -1.1394544839999412], [-79.94039916999998, -1.1557263129999455], [-79.94709014899996, -1.1430200329999707], [-79.98034667999997, -1.1406710149999526], [-79.98361205999998, -1.1315127609998967], [-80.00466155899989, -1.144865631999835], [-79.98631286699998, -1.176393508999979], [-79.99411010699993, -1.1943380829999342], [-80.01072692799994, -1.2049381719999133], [-80.02100372299998, -1.243441938999922], [-80.03763580399999, -1.2537921659999256], [-80.0355682369999, -1.2706325049999236], [-80.0256271369999, -1.277169226999888], [-80.04050445599995, -1.2751265759998773], [-80.09550476099992, -1.326501607999944], [-80.13754272399996, -1.3241215939998483], [-80.15375518799988, -1.3667587049998815], [-80.14215850699986, -1.380712985999935], [-80.14486694399994, -1.40721130299994], [-80.19697570799997, -1.4250173569999447], [-80.19211578299996, -1.435148953999942], [-80.19935607999992, -1.4645193809999455], [-80.19293212899998, -1.471824882999897], [-80.20423126299988, -1.4824780219998956], [-80.20565795999988, -1.498277304999931], [-80.19407653799999, -1.519369840999957], [-80.17205805299983, -1.5270321279998598], [-80.22021484499999, -1.5743186459999379], [-80.25196075499986, -1.565661309999939], [-80.28423309199997, -1.5692363979998731], [-80.25259399499993, -1.6161514509999506], [-80.22363281299988, -1.616151332999948], [-80.23078155499996, -1.625223278999954], [-80.21920776299987, -1.637508033999893], [-80.22518157999997, -1.648756503999948], [-80.21990966799996, -1.6620934009998223], [-80.20826721199995, -1.6735661019998815], [-80.2101440429999, -1.6940256349999459], [-80.23104095499991, -1.6882745029999455], [-80.23988342399997, -1.6934663059998343], [-80.26386260999999, -1.6750193819999595], [-80.28802490199996, -1.6786329739998678], [-80.30011749199997, -1.68653273599989], [-80.28024291999992, -1.7032573229999457], [-80.29032134999983, -1.7101187699998377], [-80.32540893599997, -1.6838454009998713], [-80.33647155799986, -1.7101349829999322], [-80.33329772899998, -1.7239583729999595], [-80.35080718899991, -1.7228409049998845], [-80.38258361799984, -1.751784561999898], [-80.39232635499991, -1.7761936179999793], [-80.40543365399998, -1.7745259999999234], [-80.41925048899992, -1.7865099909999458], [-80.42622375599984, -1.8089246739999112], [-80.40747070199996, -1.8314694159999476], [-80.40977477999996, -1.8377963299999465], [-80.42820739599983, -1.8364651199999003], [-80.4319763179999, -1.8509861229999274], [-80.42540740999988, -1.8544248339998148], [-80.44075012199994, -1.8587857479999457], [-80.43302154499997, -1.8656797409999513], [-80.4340972899999, -1.883601545999909], [-80.44329071099992, -1.8812345259999006], [-80.44687652599998, -1.8820593359999407], [-80.44658660999988, -1.8830665339999655], [-80.44086456199994, -1.8866455559999622], [-80.41709899799997, -1.8817201849999492], [-80.43257141099997, -1.8999161709998589], [-80.42832183899998, -1.9250223639999717], [-80.4407043469999, -1.9434268469998983], [-80.45532226699999, -1.9406801459999201], [-80.46525573699995, -1.9473901979998232], [-80.47354888899991, -1.9258671989998675], [-80.51912689199992, -1.919975160999968], [-80.51650238099995, -1.9024770259999286], [-80.56584167499994, -1.8394337889999406], [-80.55977630599995, -1.8246778249999238], [-80.5711898809999, -1.824402809999924], [-80.55760955799997, -1.809966205999956], [-80.54895782499989, -1.7807899709998765], [-80.57567596399997, -1.7874916799999596], [-80.59413909899996, -1.7785986659999367], [-80.6104965209999, -1.756848573999946], [-80.61089324899996, -1.7345501189998913], [-80.62091064399993, -1.7267842279999286], [-80.6167526239999, -1.7097632879999765], [-80.63426208399994, -1.6986272329999679], [-80.64662170399993, -1.6704461579999474], [-80.67141723599991, -1.6793100829999617], [-80.70833587599986, -1.6737277509999444], [-80.72360999999995, -1.686640999999895], [-80.74778747599987, -1.6685899489999088]]], [[[-80.80995199999995, -1.5000459999998839], [-80.81018100099999, -1.5008150009999213], [-80.81040199999995, -1.499277000999939], [-80.80995199999995, -1.5000459999998839]]], [[[-80.79376999999988, -1.482582999999977], [-80.79341099999994, -1.4825379999999768], [-80.79341099999994, -1.482763999999861], [-80.79376999999988, -1.482582999999977]]], [[[-80.7846909999999, -1.4739419999999086], [-80.7841489999999, -1.475524999999891], [-80.78491199999996, -1.4754349999998908], [-80.7846909999999, -1.4739419999999086]]], [[[-80.77133899999995, -1.405490999999813], [-80.77111799999994, -1.4058529999999223], [-80.77152299999989, -1.4057169999999246], [-80.77133899999995, -1.405490999999813]]], [[[-80.86556199999984, -1.59179099999983], [-80.86573799999991, -1.5917009999999436], [-80.8656079999999, -1.5917009999999436], [-80.86556199999984, -1.59179099999983]]], [[[-80.84249899999992, -1.567045999999948], [-80.84322399899997, -1.567340000999934], [-80.84299500099996, -1.5667749999998932], [-80.84249899999992, -1.567045999999948]]], [[[-80.84213999999997, -1.5656439999999066], [-80.84178199999985, -1.5658469999999625], [-80.84223199999997, -1.5657789999999068], [-80.84213999999997, -1.5656439999999066]]], [[[-81.06025699999998, -1.2879390009998701], [-81.05931099999998, -1.2885720009999204], [-81.06097399999999, -1.2879839999999376], [-81.06025699999998, -1.2879390009998701]]], [[[-81.0596999999999, -1.2879389999999376], [-81.05997499999995, -1.2878939999998806], [-81.0597459999999, -1.287802999999883], [-81.0596999999999, -1.2879389999999376]]], [[[-81.04988099999997, -1.2856299999999692], [-81.04930099999996, -1.2853129999999169], [-81.04938499999997, -1.2856299999999692], [-81.04988099999997, -1.2856299999999692]]], [[[-81.06843599999985, -1.283459999999934], [-81.06767299999996, -1.2838679999999272], [-81.06776399999995, -1.2840939999998682], [-81.06843599999985, -1.283459999999934]]], [[[-81.08477799999991, -1.2824649999998314], [-81.08424399999996, -1.282735999999943], [-81.08486899999997, -1.2831889999999362], [-81.08477799999991, -1.2824649999998314]]], [[[-80.76158099999992, -1.3767170009999745], [-80.75943000099994, -1.3788429999999607], [-80.76235200099995, -1.3776220009999633], [-80.76158099999992, -1.3767170009999745]]], [[[-81.08311499999996, -1.2812429999999608], [-81.08258099999995, -1.281650999999897], [-81.08270999999996, -1.2818769999999517], [-81.08311499999996, -1.2812429999999608]]], [[[-81.05004099999991, -1.284817999999916], [-81.07395199999996, -1.2773529999998914], [-81.08311499999996, -1.2800669999999172], [-81.07790399999993, -1.2601179999999204], [-81.06801599999989, -1.2621539999998959], [-81.05004099999991, -1.284817999999916]]], [[[-80.91443599999997, -1.0585039999999708], [-80.91407799999996, -1.0583229999999162], [-80.91425299999986, -1.0585489999999709], [-80.91443599999997, -1.0585039999999708]]], [[[-80.91290999999995, -1.058051000999967], [-80.91272699999996, -1.0583230009998488], [-80.91290999999995, -1.0583230009998488], [-80.91290999999995, -1.058051000999967]]], [[[-80.63570399999998, -0.9430259999999748], [-80.63591799999989, -0.9429109989999347], [-80.63583399999987, -0.9428809989999536], [-80.63570399999998, -0.9430259999999748]]], [[[-80.63857999999988, -0.9414719999999761], [-80.63844299999994, -0.9416649999998867], [-80.63860299999999, -0.9417519999998945], [-80.63857999999988, -0.9414719999999761]]], [[[-80.63581099999999, -0.9412479999999164], [-80.63581099999999, -0.9409669999999437], [-80.63567399999994, -0.9411519999998745], [-80.63581099999999, -0.9412479999999164]]], [[[-80.32657599999999, -0.1718949989998464], [-80.32669799999996, -0.17178799999993544], [-80.32628599899988, -0.1718730009998808], [-80.32657599999999, -0.1718949989998464]]], [[[-80.32604199999997, -0.17169099999983928], [-80.32594299999994, -0.17171799999994164], [-80.32601199999993, -0.17176599999993414], [-80.32604199999997, -0.17169099999983928]]], [[[-80.32576799999993, -0.17144399999989446], [-80.32595099999998, -0.17101799999994682], [-80.32548499999996, -0.1714799999999741], [-80.32576799999993, -0.17144399999989446]]]]}}, {"id": "14", "type": "Feature", "properties": {"id_code": "14", "id_name": "MORONA SANTIAGO", "id_abbr": "MOR", "region": "Amazonia", "province_label": "14 - MORONA SANTIAGO"}, "geometry": {"type": "Polygon", "coordinates": [[[-78.34691619899996, -3.3816659439999626], [-78.34420013399995, -3.39117669999996], [-78.35574340699998, -3.4033381949998898], [-78.35002899199998, -3.4579963689998294], [-78.3583602899999, -3.472671985999966], [-78.35374450599988, -3.4811346529999128], [-78.3663406359999, -3.5124316219999514], [-78.36514282199994, -3.5292737489999126], [-78.53480529799992, -3.528186319999918], [-78.53495788499987, -3.537534950999941], [-78.58725738599992, -3.55127334499997], [-78.63119506899994, -3.5343291759999715], [-78.6672515869999, -3.5496368399998914], [-78.68430328299996, -3.5877406589999623], [-78.72078704799992, -3.5619661809999457], [-78.75463867199994, -3.568738937999967], [-78.78633117699991, -3.550636051999959], [-78.83197784299995, -3.5492734909999513], [-78.84371185299995, -3.51669716899994], [-78.85615539599996, -3.516102075999868], [-78.87052154399998, -3.5022673609999515], [-78.86706542999991, -3.4647238259998403], [-78.88066101199996, -3.446950910999931], [-78.87476348799993, -3.4219133849999253], [-78.88137054499992, -3.40139818199998], [-78.90156555099998, -3.3941524019999747], [-78.9162216179999, -3.367054939999946], [-78.94286346399997, -3.3464028839999287], [-78.94647216799996, -3.308509348999962], [-78.95392608699996, -3.2998516559998734], [-78.93438720699993, -3.296215294999911], [-78.93440246499995, -3.27310681299997], [-78.91214752199994, -3.273149728999954], [-78.89849853499993, -3.253978490999941], [-78.87996673699996, -3.2506349089998707], [-78.85691070599995, -3.2297012809999615], [-78.83503723099994, -3.2457022659999666], [-78.81111144999988, -3.2073471539998764], [-78.79037475599995, -3.1930046089999564], [-78.7725296019999, -3.1661357869998596], [-78.75485229399993, -3.160077332999947], [-78.74286651499989, -3.1406986699998924], [-78.7052993769999, -3.136779783999941], [-78.69570159999984, -3.1073036179998894], [-78.68835449299996, -3.1048331249999706], [-78.68495178099988, -3.0705723769999054], [-78.67082214399994, -3.062981843999978], [-78.67532348699996, -3.0288355359999173], [-78.66504669099999, -3.0226144789999694], [-78.65882110599995, -2.9898884289999046], [-78.63141631999997, -2.97056579599996], [-78.63730621299993, -2.9517982009999173], [-78.62871551599994, -2.936343906999923], [-78.63161468399994, -2.9135501389999376], [-78.59217834399988, -2.8620791439999493], [-78.57555389499998, -2.8510453699999516], [-78.57563018799988, -2.8305823809999424], [-78.58594512899998, -2.8182871349998777], [-78.59570312399984, -2.8185722829999236], [-78.61463928099994, -2.7867531769998664], [-78.60047912499994, -2.7619099609998443], [-78.59204101499995, -2.7614336009999647], [-78.57945251499996, -2.7091777319999437], [-78.55243682899993, -2.6949007509999205], [-78.52365875299995, -2.6922509659999605], [-78.48846435599995, -2.6615550509999366], [-78.44499969499998, -2.6516075139999202], [-78.42213439999983, -2.630605934999892], [-78.43657684299995, -2.599114656999859], [-78.46118927099997, -2.590598820999844], [-78.48109436099998, -2.57235550799993], [-78.49776458699995, -2.571812629999954], [-78.51490783799994, -2.582900524999957], [-78.53212737999996, -2.6265301689999774], [-78.54576873899998, -2.6054735179999398], [-78.53939056499996, -2.570827245999965], [-78.50459289499992, -2.5299327379999568], [-78.48155975299994, -2.455257892999839], [-78.48493957599999, -2.4373502719998896], [-78.46071624799998, -2.4221019749999755], [-78.46258544899985, -2.4157097329999146], [-78.4815521249999, -2.414176700999917], [-78.48529052799995, -2.3727593429998706], [-78.49966430599989, -2.3819160469998906], [-78.54383087099995, -2.3356161119999115], [-78.56204223699996, -2.325902699999915], [-78.57842254699989, -2.3300945759998513], [-78.58716583199998, -2.3185858719999146], [-78.57765960599994, -2.305846689999953], [-78.5457992549999, -2.3003029819999483], [-78.53692626999992, -2.2789986139998746], [-78.54418945299994, -2.2535624499998903], [-78.53634643499998, -2.242052315999956], [-78.50508117699991, -2.2464950089999434], [-78.48854827799994, -2.2210147369999618], [-78.50122070399988, -2.205984829999977], [-78.50425720199996, -2.15870642699997], [-78.51657104599997, -2.1545853619999775], [-78.51345062199988, -2.133076428999857], [-78.49368286099997, -2.121379852999837], [-78.48284149299991, -2.1299948689999724], [-78.45015716599994, -2.117970942999932], [-78.43329620399999, -2.0900068279999005], [-78.45249176099992, -2.064319371999943], [-78.45147705099998, -2.0308442109998737], [-78.44189453199994, -2.011637447999931], [-78.45870208699995, -1.9899309859998766], [-78.47894286999997, -2.003321408999909], [-78.48931121799995, -1.9589720959998544], [-78.46359252899992, -1.9498559229999728], [-78.45732879699995, -1.9214897159998827], [-78.4332733149999, -1.9091427329999533], [-78.42971038799999, -1.8976429689998895], [-78.41977691699998, -1.8944512599999257], [-78.42008972199994, -1.884382604999871], [-78.40364837699991, -1.8786146649999296], [-78.39710998499999, -1.852238773999943], [-78.42124938899997, -1.8278230419999204], [-78.42026519799998, -1.8051124809999806], [-78.43798828099995, -1.7919331779998515], [-78.44586944499991, -1.7621221539999397], [-78.4577407839999, -1.7628998749999596], [-78.46759033299998, -1.7519086599999696], [-78.4322204579999, -1.6854119289998835], [-78.41659545899995, -1.6863629809998884], [-78.40940856899994, -1.665099977999887], [-78.3727951059999, -1.6571710109999458], [-78.36381530799997, -1.6448730219998993], [-78.36347961499996, -1.6070729479999386], [-78.37727355899989, -1.5851137639999706], [-78.37038421599993, -1.575106739999967], [-78.37648010199996, -1.535912393999979], [-78.3646850589999, -1.533026695999979], [-78.36236572199994, -1.5220466839999176], [-78.34848022399996, -1.5235463369999138], [-78.34519195499996, -1.5035542249999025], [-78.31902313199993, -1.4984207149998952], [-78.30438995299994, -1.4836640349998902], [-78.2847518929999, -1.4791640039998697], [-78.27632904099988, -1.4983339299998875], [-78.26510620199997, -1.5032956599999352], [-78.22301483199993, -1.487154721999957], [-78.21752929799993, -1.4737489229999028], [-78.1968841559999, -1.4748919019999107], [-78.19248199399982, -1.4555073979998951], [-78.18002319299995, -1.4485052829999745], [-78.12955474799998, -1.4507539259999476], [-78.06467437799995, -1.5280323019999287], [-78.05830383199992, -1.5778098099999625], [-78.0317916869999, -1.633275150999964], [-78.02166747999996, -1.675629257999958], [-77.98670959499998, -1.6762030129999062], [-77.96331024099987, -1.6616952429998264], [-77.9227523799999, -1.654556750999916], [-77.90515136799985, -1.6877249479998682], [-77.8890609739999, -1.6912699939999243], [-77.88115692099996, -1.721702336999897], [-77.88520812999997, -1.7620793569999478], [-77.86895751899993, -1.7561721799998509], [-77.86903381299999, -1.788267373999929], [-77.85710906899993, -1.8009815219999723], [-77.86163330099998, -1.8150290249998875], [-77.84632873599998, -1.8373162749999778], [-77.85597991899994, -1.84645414299996], [-77.84257507299998, -1.8494130369999766], [-77.82736205999998, -1.8682391639998173], [-77.82359313899997, -1.922140001999935], [-77.7950286869999, -1.9332714089999286], [-77.79399871899994, -1.9552378649999582], [-77.77853393499998, -1.9712398049998683], [-77.75307464599996, -1.985373377999906], [-77.74314117399996, -1.980211375999943], [-77.73187255799985, -1.9852315179999778], [-77.72821807899999, -2.0114884369999118], [-77.7153625489999, -2.0257630349998976], [-77.69237518199998, -2.027981281999871], [-77.67184448299997, -2.050521612999944], [-77.6166381829999, -2.042447804999938], [-77.58621978799982, -2.0727055069999665], [-77.56856536799995, -2.0798354139999446], [-77.54721832299992, -2.073036669999908], [-77.52296447799989, -2.08534788999998], [-77.51362609899996, -2.0822229379999726], [-77.49293518099995, -2.1026263239999707], [-77.4290084839999, -2.1252253059999475], [-77.42712402299998, -2.1384694569999283], [-77.40583801299994, -2.150102853999954], [-77.36236572299993, -2.165049314999976], [-77.35237121499989, -2.1598889829999166], [-77.34323120099992, -2.173130035999918], [-77.28009033299998, -2.201925514999857], [-77.26467132499988, -2.233798980999893], [-77.23605346699992, -2.2498242849998746], [-77.23558807499995, -2.2613120079999476], [-77.19092559699993, -2.270175217999906], [-77.16771697999997, -2.3015680319999774], [-77.13533782999991, -2.3033370969998828], [-77.12857055699999, -2.3147222979998787], [-77.11372375499991, -2.316263674999959], [-77.10317230199996, -2.3372504709999475], [-77.08715820199996, -2.343816041999901], [-77.07823944199998, -2.3658087249999653], [-77.08149719199997, -2.3764212119999115], [-77.04884338399995, -2.406523942999968], [-77.03144073399994, -2.450961111999959], [-77.00067901699998, -2.460504053999955], [-76.99695587299993, -2.514649628999905], [-76.96597290099993, -2.5141239169999494], [-76.94477081299982, -2.5545651919999273], [-76.9297027589999, -2.5441310409999005], [-76.9174194329999, -2.56421971199984], [-76.89922332799983, -2.553416967999965], [-76.88323211599999, -2.566723583999874], [-76.87339782799995, -2.557738542999971], [-76.85202026399998, -2.5595672139999124], [-76.8204727179999, -2.5435166369998683], [-76.81007385299989, -2.5671169749999194], [-76.8002700809999, -2.570695399999977], [-76.77961730899995, -2.5524244309999062], [-76.75697326699998, -2.5631809229999476], [-76.73816680899989, -2.5536890029999313], [-76.72390747099996, -2.5852398869998865], [-76.69210815499991, -2.6099712859999045], [-77.84558105399992, -2.9986279009999635], [-77.88782501299994, -3.0354900349999525], [-77.9470748899999, -3.072164058999874], [-77.94772338799993, -3.084440708999921], [-77.96148681699998, -3.095150708999938], [-77.9706573499999, -3.1177170279999586], [-77.98310089099994, -3.1196300979999023], [-77.98634338499994, -3.1336641309998754], [-78.0087509149999, -3.1564385879999577], [-78.01183319199993, -3.1781330099999536], [-78.03723144499997, -3.1905345909999596], [-78.04183959999995, -3.207911491999937], [-78.05413055399993, -3.2070970539999735], [-78.06187438899985, -3.227224111999874], [-78.09117126399997, -3.2163169389999666], [-78.08950805699999, -3.240422725999906], [-78.09925842299992, -3.2611806389999742], [-78.10766601499995, -3.2631006239999465], [-78.11333465599995, -3.286465405999934], [-78.14337921099991, -3.3270325669999465], [-78.19279479899996, -3.36169409799993], [-78.18724060099993, -3.3974022869999203], [-78.17960357599998, -3.4099705209999343], [-78.16769409299991, -3.4095177649999755], [-78.15505218499993, -3.420960187999924], [-78.14671325699999, -3.4600944519999643], [-78.15078735299994, -3.477555989999928], [-78.18435668899997, -3.499516723999932], [-78.20050048799999, -3.495594024999889], [-78.21644592199993, -3.5093989369999576], [-78.23112487799995, -3.4994490139999357], [-78.22636413699996, -3.4912345409998125], [-78.24689483699996, -3.4021961689999785], [-78.30169677699996, -3.3999152169999434], [-78.34691619899996, -3.3816659439999626]]]}}, {"id": "15", "type": "Feature", "properties": {"id_code": "15", "id_name": "NAPO", "id_abbr": "NAP", "region": "Amazonia", "province_label": "15 - NAPO"}, "geometry": {"type": "Polygon", "coordinates": [[[-77.72966766399992, -1.1597709649999501], [-77.80640411299999, -1.2029798029998915], [-77.82514190599994, -1.2031596889999605], [-77.83207702599992, -1.2181783919998566], [-77.87904357899998, -1.1999708419999706], [-77.88908386199995, -1.2223410599999056], [-77.88212585399992, -1.244686601999888], [-77.90375518699994, -1.2419410939999125], [-77.92342376699992, -1.2247183319998953], [-77.93875884999994, -1.2278689139998846], [-77.94476318399995, -1.2226146449999078], [-77.94071197399995, -1.2131839989999662], [-77.95053863499999, -1.2053357359999382], [-77.96356963999995, -1.2116107949998423], [-77.96709442099996, -1.224231242999906], [-78.01136779799998, -1.2228270779999093], [-78.05148315499991, -1.2488126749999537], [-78.09531402599998, -1.2261182069998995], [-78.11130523799989, -1.2332816129999173], [-78.12374114999989, -1.2230498779998698], [-78.11686706599994, -1.1886060239999665], [-78.12916564999983, -1.1917636399999196], [-78.13449859699995, -1.182292102999952], [-78.15261077899999, -1.1795758009999417], [-78.16949462899987, -1.1876646279999363], [-78.1870040899999, -1.1834555859999796], [-78.19001770099993, -1.1587193009999623], [-78.22916412299992, -1.1390187729999184], [-78.24617004499993, -1.154213069999912], [-78.2640457149999, -1.1570471529998372], [-78.26675414999988, -1.1390912539998794], [-78.31133270299995, -1.1428463449998958], [-78.32209014999995, -1.1648629889999143], [-78.35094451999993, -1.1737781769999174], [-78.35938262999991, -1.1609320649999404], [-78.33796691899988, -1.1350991719999115], [-78.33409881499995, -1.109963893999975], [-78.34294891299999, -1.0976936819998855], [-78.33226776199996, -1.085137725999914], [-78.32616424599996, -1.0438277719998155], [-78.36115264799992, -0.9986955519999015], [-78.37429046599982, -1.0058206319999385], [-78.39473724399994, -0.997729718999949], [-78.39546966599988, -0.963269471999979], [-78.43006896999998, -0.9422937029999616], [-78.40744018499993, -0.9138215779999541], [-78.42133331299988, -0.9053582549999533], [-78.42762756299993, -0.8784214259998748], [-78.40305328399995, -0.8709770429998684], [-78.38896942199995, -0.8112926479999487], [-78.39794158899997, -0.7693343759999038], [-78.39292144699994, -0.7474248409998836], [-78.41122436499995, -0.7194292539999765], [-78.39653778099989, -0.7041613449998749], [-78.39507293699995, -0.6766713259999619], [-78.36295318499992, -0.6764643789998104], [-78.33019256499995, -0.6588161579999223], [-78.31958007799994, -0.5826206209999327], [-78.28479003999996, -0.5776023269999655], [-78.26557922399996, -0.5286840209999468], [-78.27011108399995, -0.5097748629998478], [-78.2547607429999, -0.5030694589999598], [-78.24855804399988, -0.4588476409999771], [-78.23962402299992, -0.4610976869998922], [-78.23533630499998, -0.45086899399990443], [-78.23572540299995, -0.436824440999942], [-78.25597381699993, -0.40843853399991303], [-78.24308013999996, -0.3838687239999672], [-78.21581268299991, -0.3619736139999645], [-78.1910629279999, -0.3187294299999621], [-78.19647979699994, -0.30534991599995465], [-78.18552398599991, -0.26489022399994155], [-78.18997192399996, -0.19778744799992865], [-78.17179107699997, -0.19337698899994393], [-78.14056396399997, -0.16678841499992814], [-78.13196563599996, -0.1674382389998641], [-78.12405395499991, -0.18204064699995115], [-78.10783386299988, -0.17954406099988773], [-78.10268402099996, -0.19544796599996062], [-78.09079742399996, -0.18012537099986048], [-78.08449554399988, -0.18984566699987226], [-78.0550994869999, -0.16377159899997196], [-78.06255340599989, -0.13843829899997218], [-78.01884460499997, -0.14100573899997926], [-78.0000305179999, -0.1282755879999513], [-77.99546050999999, -0.11116003299991917], [-77.96975707999991, -0.12284170799995309], [-77.95489501899993, -0.0950478309999312], [-77.93281555199997, -0.10043931099988868], [-77.94278717099996, -0.05128621599993721], [-77.92224121099997, -0.030272191999927145], [-77.85272216799996, -0.004103289999875415], [-77.83982849199992, 0.02727278400010391], [-77.82254791199989, 0.03418531800008395], [-77.81187438899997, 0.023963534000017717], [-77.78533935599995, 0.02015403700005436], [-77.77944946199995, 0.010870013000157996], [-77.79447174099994, -0.016646164999940538], [-77.78514861999997, -0.031033694999962336], [-77.78230285599989, -0.08311337299994648], [-77.6381072989999, -0.07609386699994047], [-77.61195373599992, -0.08198343299989119], [-77.59118652299998, -0.10926838999989741], [-77.58397674499997, -0.10910747099990203], [-77.53610229399999, -0.055575276999888956], [-77.51057434099988, -0.064213491999908], [-77.50424194399994, -0.05531534099986857], [-77.50788116399997, -0.03983290599995826], [-77.48703002999997, -0.040195178999908876], [-77.48664092899998, -0.02732549799992512], [-77.46931457499994, -0.017964103999929648], [-77.4562988269999, -0.02455292999991343], [-77.45074462899998, -0.06067568299994264], [-77.43830871699998, -0.06279417199988302], [-77.45783233699996, -0.0837889749998908], [-77.44457244799992, -0.09794100399994932], [-77.45541381799995, -0.11617624799993109], [-77.45205688599992, -0.13872060099987493], [-77.42919158999996, -0.13080923199987637], [-77.3938140869999, -0.13961477599997352], [-77.37789917099991, -0.1522359699999356], [-77.34130096399991, -0.12339721599988707], [-77.33835601799996, -0.09954702099997803], [-77.30619049099994, -0.0723101039999392], [-77.30497741699998, -0.05937616499994647], [-77.29815673899998, -0.06067576599991753], [-77.2943878179999, -0.07037205899990795], [-77.30162048399995, -0.07185751299988397], [-77.28610992499995, -0.10348414599997113], [-77.27844238299997, -0.1366656869999474], [-77.29695892299992, -0.14543797099997846], [-77.29195404099988, -0.15528598299988516], [-77.29924011299994, -0.16502511499993489], [-77.29847717199993, -0.2038971639999545], [-77.28008270199996, -0.20971776499987982], [-77.26889801099992, -0.23922751899993955], [-77.26053619399988, -0.23852480999988757], [-77.2747116079999, -0.26163753799988854], [-77.25357055699999, -0.2696312079999643], [-77.26235961899994, -0.2847958209998751], [-77.25631713899992, -0.30811354499996924], [-77.26747131399992, -0.3097580079999602], [-77.27629089399994, -0.3408652839999604], [-77.29770660299988, -0.33629965799991623], [-77.32406616099996, -0.3702634569999077], [-77.33406829699993, -0.37026387399993155], [-77.32230377099995, -0.4055292009999789], [-77.32698821999998, -0.4241760079999608], [-77.35265350299989, -0.41942977899992684], [-77.36495208699989, -0.4287556699998163], [-77.3621292119999, -0.4422170529999221], [-77.37015533499994, -0.44392672099996844], [-77.37480926599994, -0.4621326329998965], [-77.38229370199997, -0.462477445999923], [-77.39066314699994, -0.49478089699994143], [-77.41764831599994, -0.5044785129999241], [-77.4286499019999, -0.5220530639999197], [-77.51217651299993, -0.48628896499985785], [-77.54723358099994, -0.4527164099999368], [-77.56194305499997, -0.4554752709998411], [-77.5713729869999, -0.4610823379998692], [-77.55941009399999, -0.49486392699986936], [-77.6098175059999, -0.5204794409999636], [-77.62869262799995, -0.5434768189999204], [-77.61965179399994, -0.5612907999999379], [-77.6050643929999, -0.5601053839998826], [-77.59048461999998, -0.573869942999977], [-77.58039092999991, -0.6096798189998935], [-77.53251647899992, -0.6248971829999164], [-77.53260040299995, -0.639310478999846], [-77.52277374199991, -0.6499524719998249], [-77.52517700199991, -0.6694941519999702], [-77.49694824199997, -0.7018135199998596], [-77.52784728999995, -0.7405756699999415], [-77.52385711599987, -0.7460783119999519], [-77.54241180499997, -0.7910922769999047], [-77.52473449699988, -0.8207126849998758], [-77.53672027599998, -0.8456621169999039], [-77.53486633399996, -0.8735139959999287], [-77.55059814399988, -0.8823201649999532], [-77.55204010099999, -0.9023615109998673], [-77.58754730199996, -0.9120062579999626], [-77.5902557369999, -0.9298663149999697], [-77.56868743899992, -0.9321644889999448], [-77.56694030699998, -0.94308489499997], [-77.5455551149999, -0.9405742279999458], [-77.51544189399993, -0.9507760999999277], [-77.48988342299998, -0.9402097469999262], [-77.46366882299998, -0.9122095099999683], [-77.45259094299996, -0.9160866129999476], [-77.45660400399993, -0.9048978689999672], [-77.4508132929999, -0.898865758999932], [-77.42576599099993, -0.9023253919999092], [-77.42279052699996, -0.8905720119998932], [-77.38448333699995, -0.8917403209999293], [-77.37937927299998, -0.8821985119999454], [-77.36503601099997, -0.8797190789998695], [-77.36957550099999, -0.8706972009999276], [-77.35533905099987, -0.8737353679999273], [-77.35198974699995, -0.8616806269999415], [-77.33148193299996, -0.8588185309999403], [-77.32411956799996, -0.8466213349999521], [-77.27759552099997, -0.8377873899999031], [-77.26074218799994, -0.823514639999928], [-77.26382446299982, -0.8134242899998299], [-77.25576782299999, -0.8117113109999536], [-77.25248718199992, -0.7921239739999351], [-77.23840331999992, -0.7894669759999147], [-77.22230529799998, -0.7712575789999505], [-77.19930267199999, -0.767233848999922], [-77.1638336179999, -0.7076344489998974], [-77.13260650699988, -0.6939712169999552], [-77.11300659099999, -0.7013388269999155], [-77.12050628699996, -0.7264276739999218], [-77.15197753899992, -0.7638661269999147], [-77.18578338599997, -0.7709901939999781], [-77.19433593699995, -0.7941061849999755], [-77.20682525699993, -0.7999576329999059], [-77.19100952099996, -0.8390592929998206], [-77.19676971399997, -0.8537014119999071], [-77.17727661199996, -0.856485902999907], [-77.16458892799989, -0.8738977309999427], [-77.15034484799992, -0.86843025599984], [-77.13587188699995, -0.9019336099999009], [-77.11991882199993, -0.9002471559999776], [-77.09271240199996, -0.9129819859998634], [-77.05228424099988, -0.9085740439999199], [-77.02280425899988, -0.9209561939999276], [-77.0374603279999, -0.9239342809999584], [-77.05545806899994, -0.9467510569999718], [-77.07173156699992, -0.9513847219999434], [-77.06867218099995, -0.9754368059999479], [-77.03216552799995, -0.9898204789999454], [-77.05245208799982, -0.9956867689999171], [-77.05634307799988, -1.0074106459998688], [-77.22488403299991, -1.0243068929999595], [-77.23214721599993, -1.0475038299999255], [-77.24401855499991, -1.0572947259999523], [-77.26016998199998, -1.0522505049999609], [-77.32071685899996, -1.0724457509999752], [-77.34940338099989, -1.0689337239999759], [-77.3526687609999, -1.1047787659999244], [-77.37322235199991, -1.091060637999874], [-77.38366699199992, -1.094762443999855], [-77.39138030999999, -1.0835458039999253], [-77.40271759099994, -1.0904467099999806], [-77.40438842699996, -1.078806398999916], [-77.43557739399995, -1.0851930379998862], [-77.45104980399992, -1.0776586529999008], [-77.44661712599998, -1.0826756949999776], [-77.45403289799992, -1.0899361379999277], [-77.44561767699997, -1.0944048169999405], [-77.4850845339999, -1.105009078999899], [-77.5056152329999, -1.120983719999856], [-77.52217102099996, -1.1208764309999424], [-77.56063079899991, -1.1590237609999576], [-77.59597778299991, -1.1241545669999482], [-77.61576080199995, -1.1490061279999395], [-77.62832641599994, -1.1427369119999184], [-77.6386108399999, -1.147055744999932], [-77.64456939699988, -1.1330615289999741], [-77.65591430599994, -1.132376671999964], [-77.66989135799992, -1.1503329279999548], [-77.68930053799994, -1.1403855069999622], [-77.72132110599989, -1.179968118999966], [-77.73083496199996, -1.1762434249998819], [-77.72966766399992, -1.1597709649999501]]]}}, {"id": "16", "type": "Feature", "properties": {"id_code": "22", "id_name": "ORELLANA", "id_abbr": "ORE", "region": "Amazonia", "province_label": "22 - ORELLANA"}, "geometry": {"type": "Polygon", "coordinates": [[[-75.48408508299997, -0.5573300719999565], [-75.46454620299994, -0.5460838669998793], [-75.42482757599998, -0.5661778449999701], [-75.40579986499989, -0.5632507189998819], [-75.38469696099992, -0.6092068549999681], [-75.3680496209999, -0.6021620039999789], [-75.3424682619999, -0.6234246499999472], [-75.31914520199996, -0.6139311189999717], [-75.30526733399995, -0.6317743649999557], [-75.28580474899996, -0.6197484729999587], [-75.28773498499999, -0.6539199949999102], [-75.26180267299998, -0.6469212759999436], [-75.27545165999999, -0.667559980999954], [-75.25572967499994, -0.6974189869998781], [-75.27500152599998, -0.7080990079999765], [-75.27990722599998, -0.7209690219999061], [-75.27498626699997, -0.7447109819999582], [-75.25412750299989, -0.7649390689999791], [-75.26895141499995, -0.7863651509998704], [-75.24227142199993, -0.7978547809998986], [-75.25153350899996, -0.8369945279999342], [-75.22226714999988, -0.8663719889999584], [-75.22122955399993, -0.9056954979999432], [-75.23375701799995, -0.932546972999944], [-75.18714904699988, -0.9727997769999206], [-75.2021789559999, -0.9795793289998755], [-75.26779937799995, -0.970973909999941], [-75.29335021999998, -0.9875403039998218], [-75.30639648399995, -0.9876298889999475], [-75.31927490299995, -0.9731369019999079], [-75.3375091549999, -0.968596755999954], [-75.34542846599999, -0.9482988109999724], [-75.37215423599997, -0.9234092829998417], [-75.38777160699993, -0.9247304799998233], [-75.55438995299994, -1.5439470999999116], [-75.56781768699994, -1.5372799629998894], [-75.58605956899993, -1.54970514799993], [-75.59600830099993, -1.5397791849999294], [-75.58831024199998, -1.5319240089999653], [-75.59558868299996, -1.5252413739999042], [-75.5894622809999, -1.516494393999892], [-75.5880355839999, -1.5097039929999028], [-75.59400176899999, -1.515726804999872], [-75.60227966399992, -1.496726869999975], [-75.63391876199995, -1.5003442769999538], [-75.63166046099997, -1.4919736379998767], [-75.64111328099989, -1.4955598109999642], [-75.63661193799993, -1.482220649999931], [-75.6500854489999, -1.4936753519999115], [-75.64951324499998, -1.4758411639999167], [-75.65956878599997, -1.4777125119998686], [-75.66358184699999, -1.4879944329999262], [-75.67526245199991, -1.4679490319999218], [-75.69965362499994, -1.4646885389998943], [-75.69994354299996, -1.447546124999917], [-75.71985626199995, -1.4623137699998665], [-75.71609496999997, -1.449755548999974], [-75.73764800999999, -1.43857574499998], [-75.73930358799993, -1.417342542999961], [-75.75083160299994, -1.4222410919999788], [-75.7470245369999, -1.406574247999913], [-75.75878906299994, -1.4015057079999451], [-75.76005554199992, -1.4149645559999158], [-75.77769470199996, -1.3951896419999343], [-75.78566741999998, -1.403538822999849], [-75.80114746099997, -1.4029657839999459], [-75.81680297899999, -1.3948955529999694], [-75.80381774799991, -1.3895207639999398], [-75.82270813099996, -1.3830246919998785], [-75.83580017199989, -1.39169538099992], [-75.83134460499991, -1.3822867869999413], [-75.84553527799989, -1.3739023199999565], [-75.84499358999994, -1.3556513789998803], [-75.85501098699996, -1.3611621849999551], [-75.87970733699996, -1.3564946639999107], [-75.87718963599985, -1.3314914699998894], [-75.88779449599997, -1.3403233289999434], [-75.90039825399998, -1.3338885299999674], [-75.89376068099995, -1.3489129539999567], [-75.90607452499995, -1.349958299999912], [-75.91506195099993, -1.3614277829999537], [-75.92012023799992, -1.3458574999999655], [-75.93378448599998, -1.3601063479998743], [-75.94037628199993, -1.3499772539999526], [-75.94911956699997, -1.3578498369999465], [-75.95980834999989, -1.3449891799999136], [-75.96855163499998, -1.3455939279998574], [-75.97241210899983, -1.3292704809999805], [-75.9973449719999, -1.334374546999868], [-76.00192260699993, -1.309439300999884], [-76.00734710799998, -1.3159100999998827], [-76.0122756959999, -1.3063766949998694], [-76.0358657839999, -1.314915894999956], [-76.04929351799996, -1.29716420099993], [-76.06297302199994, -1.3070143449999705], [-76.05728912299992, -1.2876646509998864], [-76.06785583599998, -1.287842631999979], [-76.06331634599991, -1.2783684729998868], [-76.08240508999995, -1.2965455049999264], [-76.08987426799996, -1.2816364759998464], [-76.10985565199996, -1.2802261099999441], [-76.11348724399988, -1.272505760999934], [-76.12840270999999, -1.2855871909998768], [-76.13645935099993, -1.2756329769998729], [-76.14533996699993, -1.2901371719999588], [-76.15061950699993, -1.2820044759999405], [-76.15990447899992, -1.3015997409999613], [-76.16787719799993, -1.2944977289999429], [-76.17623901399998, -1.3004231439998648], [-76.17724609399994, -1.288898468999946], [-76.18718719499998, -1.2863889939998785], [-76.20267486599988, -1.2982378009999707], [-76.22031402499994, -1.2863802909999436], [-76.2238693239999, -1.2958749529999523], [-76.23780059899991, -1.300928711999859], [-76.24742126499996, -1.2869681109999078], [-76.25330352799995, -1.3069696429998885], [-76.27165222099995, -1.295822262999934], [-76.26672363199998, -1.3057606219999798], [-76.28636169499993, -1.3096208569999703], [-76.28885650699993, -1.3205028769999103], [-76.29304504299995, -1.303642034999939], [-76.29551696899983, -1.310431479999977], [-76.30902099699983, -1.2983770379999555], [-76.31123351999992, -1.3074659109999516], [-76.34297180199997, -1.3006830209999407], [-76.35055541999998, -1.2912920709999298], [-76.36544799799998, -1.2945834399999399], [-76.35686492899993, -1.2804254289999335], [-76.37117767399997, -1.282055972999899], [-76.36511993299996, -1.2703183879999642], [-76.3871231089999, -1.2709723709999707], [-76.39600372299998, -1.254131316999917], [-76.41899108999996, -1.2720496649999404], [-76.43699646099998, -1.2570909259999326], [-76.43699646099998, -1.2656750679998936], [-76.45099639899996, -1.2716414929999473], [-76.4580612179999, -1.25705647399991], [-76.45111083999996, -1.2599434849999511], [-76.44868469099993, -1.2516293519999522], [-76.45810699499998, -1.247756360999972], [-76.46512603699995, -1.2618687149999346], [-76.4708633429999, -1.2638367419999668], [-76.46649932899999, -1.2578730579999728], [-76.47595214899997, -1.254943727999887], [-76.47273254299995, -1.2471207379999214], [-76.48316192699991, -1.2492077339998673], [-76.47512817299992, -1.2411831609999808], [-76.48454284699994, -1.2364923959998464], [-76.49293517999996, -1.2155946489999678], [-76.50134277399991, -1.220223902999976], [-76.5083694459999, -1.207883954999943], [-76.51931762599997, -1.2100464109998939], [-76.51558685399993, -1.1984273189999612], [-76.53054809499997, -1.1926511519998826], [-76.52762603799988, -1.1817356349999386], [-76.52063751299994, -1.1862059819998763], [-76.52939605799997, -1.160811661999901], [-76.51997375399992, -1.146260499999869], [-76.52593994099993, -1.1365289689999258], [-76.51626586799989, -1.1285641179999288], [-76.52452087499984, -1.106739639999887], [-76.51353454499997, -1.095347881999885], [-76.52014160199997, -1.080220459999964], [-76.51395416199995, -1.0698733329999186], [-76.53077697799995, -1.0519682169998532], [-76.54636383099995, -1.0685329429999797], [-76.56346130399999, -1.0595445639998502], [-76.60324859599996, -1.073009966999848], [-76.65285491899988, -1.0568109759999516], [-76.68808746399998, -1.0778988589999585], [-76.72057342399995, -1.0822876699999142], [-76.72749328599997, -1.1059330699998782], [-76.74494934099994, -1.093869566999956], [-76.76290893599992, -1.098968981999917], [-76.77380371099997, -1.0906615249999163], [-76.80237579299995, -1.1107386349999615], [-76.83002471799995, -1.1120203729999503], [-76.83210754299989, -1.159231899999952], [-76.85318756099997, -1.163058041999875], [-76.87912750199996, -1.151965736999955], [-76.87649536099985, -1.1465874899999449], [-76.89672851599983, -1.1271498199999428], [-76.91347503599997, -1.127396820999877], [-76.92082977299992, -1.1194220769999674], [-76.95126342699996, -1.1229393469999422], [-76.99163818399995, -1.0959346289999417], [-77.03581237799989, -1.1015512949999788], [-77.06699371199994, -1.0862125159999323], [-77.07444763199993, -1.0548857449999218], [-77.09259033199999, -1.0370630029999006], [-77.09100341699997, -1.023922561999882], [-77.06968688899997, -1.0193941599999334], [-77.05245208799982, -0.9956867689999171], [-77.03216552799995, -0.9898204789999454], [-77.06867218099995, -0.9754368059999479], [-77.07173156699992, -0.9513847219999434], [-77.05545806899994, -0.9467510569999718], [-77.0374603279999, -0.9239342809999584], [-77.02280425899988, -0.9209561939999276], [-77.05228424099988, -0.9085740439999199], [-77.09271240199996, -0.9129819859998634], [-77.11991882199993, -0.9002471559999776], [-77.13700866799996, -0.9012521509999374], [-77.15034484799992, -0.86843025599984], [-77.16458892799989, -0.8738977309999427], [-77.17727661199996, -0.856485902999907], [-77.19628143299997, -0.854556023999919], [-77.19100952099996, -0.8390592929998206], [-77.20713806199996, -0.8024300329998368], [-77.19433593699995, -0.7941061849999755], [-77.18578338599997, -0.7709901939999781], [-77.15197753899992, -0.7638661269999147], [-77.12163543799994, -0.727957128999833], [-77.11300659099999, -0.7013388269999155], [-77.12097930899995, -0.6953199499999414], [-77.14380645699993, -0.6955089559999124], [-77.16354370099998, -0.7073595529998897], [-77.19921111999997, -0.7671573159998957], [-77.22230529799998, -0.7712575789999505], [-77.23840331999992, -0.7894669759999147], [-77.25248718199992, -0.7921239739999351], [-77.25576782299999, -0.8117113109999536], [-77.26382446299982, -0.8134242899998299], [-77.26074218799994, -0.823514639999928], [-77.27759552099997, -0.8377873899999031], [-77.32411956799996, -0.8466213349999521], [-77.33148193299996, -0.8588185309999403], [-77.35198974699995, -0.8616806269999415], [-77.35533905099987, -0.8737353679999273], [-77.36957550099999, -0.8706972009999276], [-77.36503601099997, -0.8797190789998695], [-77.37937927299998, -0.8821985119999454], [-77.38448333699995, -0.8917403209999293], [-77.42279052699996, -0.8905720119998932], [-77.42576599099993, -0.9023253919999092], [-77.4508132929999, -0.898865758999932], [-77.45660400399993, -0.9048978689999672], [-77.45259094299996, -0.9160866129999476], [-77.46375274699989, -0.9122583259999146], [-77.49826049799992, -0.9450075029999425], [-77.52790832499994, -0.950592993999976], [-77.53997039799992, -0.9415948979999484], [-77.56694030699998, -0.94308489499997], [-77.56858825699999, -0.932239650999918], [-77.58274078499983, -0.9340156319998982], [-77.59101867699997, -0.9213364709998473], [-77.58748626699997, -0.9119567879999408], [-77.55192565799996, -0.9022657869999762], [-77.55059814399988, -0.8823201649999532], [-77.53486633399996, -0.8735139959999287], [-77.53672027599998, -0.8456621169999039], [-77.52473449699988, -0.8207126849998758], [-77.54241180499997, -0.7910922769999047], [-77.52385711599987, -0.7460783119999519], [-77.52784728999995, -0.7405756699999415], [-77.49694824199997, -0.7018135199998596], [-77.52517700199991, -0.6694941519999702], [-77.52277374199991, -0.6499524719998249], [-77.53260040299995, -0.639310478999846], [-77.53251647899992, -0.6248971829999164], [-77.58039092999991, -0.6096798189998935], [-77.59048461999998, -0.573869942999977], [-77.6050643929999, -0.5601053839998826], [-77.61965179399994, -0.5612907999999379], [-77.62871551399996, -0.5443370929999674], [-77.6098175059999, -0.5204794409999636], [-77.55941009399999, -0.49486392699986936], [-77.5713729869999, -0.4610823379998692], [-77.56194305499997, -0.4554752709998411], [-77.54723358099994, -0.4527164099999368], [-77.51217651299993, -0.48628896499985785], [-77.4286499019999, -0.5220530639999197], [-77.41764831599994, -0.5044785129999241], [-77.39066314699994, -0.49478089699994143], [-77.38229370199997, -0.462477445999923], [-77.37480926599994, -0.4621326329998965], [-77.37015533499994, -0.44392672099996844], [-77.3621292119999, -0.4422170529999221], [-77.36495208699989, -0.4287556699998163], [-77.35265350299989, -0.41942977899992684], [-77.32683563299997, -0.4239788649999241], [-77.32230377099995, -0.4055292009999789], [-77.33406829699993, -0.37026387399993155], [-77.32406616099996, -0.3702634569999077], [-77.29770660299988, -0.33629965799991623], [-77.27629089399994, -0.3408652839999604], [-77.26747131399992, -0.3097580079999602], [-77.25608825799992, -0.3062716419998992], [-77.26235961899994, -0.2847958209998751], [-77.25357055699999, -0.2696312079999643], [-77.2747116079999, -0.26163753799988854], [-77.26053619399988, -0.23852480999988757], [-77.26889801099992, -0.23922751899993955], [-77.28008270199996, -0.20971776499987982], [-77.29847717199993, -0.2038971639999545], [-77.29924011299994, -0.16502511499993489], [-77.29195404099988, -0.15528598299988516], [-77.29695892299992, -0.14543797099997846], [-77.27844238299997, -0.1366656869999474], [-77.30164337199983, -0.0717656599999259], [-77.29444122299998, -0.0701884539998332], [-77.30567169199998, -0.05506914899996218], [-77.28005218599992, -0.04498366199982229], [-77.25962066599999, -0.0653099329999236], [-77.20970153699994, -0.0844725379998863], [-77.2037811269999, -0.09894617599991307], [-77.1949539179999, -0.09453128299992386], [-77.16242980899995, -0.1021833799998717], [-77.16243743999996, -0.08425160499990625], [-77.11927795499992, -0.09343078699993157], [-77.09520721399997, -0.11147544399989329], [-77.06026458699989, -0.11363336499994148], [-77.01639556899988, -0.09968237599997565], [-76.97938537699997, -0.07150362399994492], [-76.93379974299995, -0.05909761699990668], [-76.93372344999995, -0.0858054609999499], [-76.9047622679999, -0.08452215699992394], [-76.90182494999988, -0.10864294299994981], [-76.87528991699992, -0.12767325399994434], [-76.84706878699996, -0.1792654089999246], [-76.83122253399995, -0.18897621299987577], [-76.80129241899994, -0.23424206699991146], [-76.76559448199998, -0.25553184699992926], [-76.76569366399997, -0.28018206299987014], [-76.75265502999997, -0.2875677939999264], [-76.75023699999986, -0.3037659999998823], [-76.71994014599994, -0.3355028209999773], [-76.72714999999994, -0.3464539999998806], [-76.70178990899996, -0.35192809299985583], [-76.68762999999996, -0.3711479999998346], [-76.63615417599988, -0.3979964559999303], [-76.64044999999999, -0.4182019999999511], [-76.63293499999997, -0.4265009999999734], [-76.59515399999992, -0.42531399999995756], [-76.55685424799998, -0.4099443259999589], [-76.53322601299999, -0.43642067999996925], [-76.50698089599996, -0.4437071969999238], [-76.46897888199999, -0.48735204299987345], [-76.42089843699995, -0.48705643399995324], [-76.38719899999995, -0.5199199999998427], [-76.36976599999997, -0.5182929999999715], [-76.33345794699989, -0.4856184729998745], [-76.29905700699999, -0.47872370399988995], [-76.26256561199995, -0.44957807599996613], [-76.17333984399994, -0.4411612749999563], [-76.12926483099989, -0.4514930549999576], [-76.09356689499998, -0.43984940699994013], [-76.07740783599996, -0.44891673399996534], [-76.0700759899999, -0.48781600499989963], [-76.05101013199999, -0.5131036029999336], [-76.01329803399994, -0.5322521929999766], [-75.98851776099997, -0.5573236929999439], [-75.93000793399995, -0.5680560469999705], [-75.94701385599996, -0.5486287469999525], [-75.94039154099994, -0.5322074879998127], [-75.95508575399992, -0.4193398059999254], [-75.93193054199998, -0.40793225099992014], [-75.86163329999994, -0.4032162419999281], [-75.85222625699998, -0.4094406359999425], [-75.85591125399998, -0.4235578769998938], [-75.83586120699988, -0.4258513449999555], [-75.82757568399995, -0.43763792499993315], [-75.77804565299994, -0.4195061919999148], [-75.74383544999989, -0.42137184699993213], [-75.72238921999985, -0.4442345199999522], [-75.71797180099992, -0.46609541799995213], [-75.70088958799988, -0.4728416799999309], [-75.65264129699989, -0.4523983889998817], [-75.64717865099993, -0.46827444299987064], [-75.59768676699997, -0.48494029099992986], [-75.59056091299993, -0.5063397279999435], [-75.5846939079999, -0.5067235829998822], [-75.58123779299996, -0.49304056099992977], [-75.57366180399998, -0.49409496699990996], [-75.56878661999991, -0.5023226729999806], [-75.57437133899998, -0.5189948089999348], [-75.55997466999992, -0.5227775569999267], [-75.55870818999995, -0.5481075649998957], [-75.5350036619999, -0.5419211969999083], [-75.50803375299995, -0.5571232439999676], [-75.4942092899999, -0.5442826739998736], [-75.48408508299997, -0.5573300719999565]]]}}, {"id": "17", "type": "Feature", "properties": {"id_code": "16", "id_name": "PASTAZA", "id_abbr": "PAS", "region": "Amazonia", "province_label": "16 - PASTAZA"}, "geometry": {"type": "Polygon", "coordinates": [[[-76.04325103799988, -2.124619482999833], [-76.54290008599997, -2.505361078999897], [-76.53740692099996, -2.514338491999922], [-76.62297058099995, -2.581829786999947], [-76.62859344399993, -2.5801048289999358], [-76.62111663899992, -2.5787715909998496], [-76.62241363499993, -2.568310735999944], [-76.64456176699991, -2.584064006999938], [-76.70053863499999, -2.6039540759999795], [-76.72390747099996, -2.5852398869998865], [-76.73816680899989, -2.5536890029999313], [-76.75697326699998, -2.5631809229999476], [-76.77961730899995, -2.5524244309999062], [-76.8002700809999, -2.570695399999977], [-76.81007385299989, -2.5671169749999194], [-76.8204727179999, -2.5435166369998683], [-76.85202026399998, -2.5595672139999124], [-76.87339782799995, -2.557738542999971], [-76.88323211599999, -2.566723583999874], [-76.89922332799983, -2.553416967999965], [-76.9174194329999, -2.56421971199984], [-76.9297027589999, -2.5441310409999005], [-76.94477081299982, -2.5545651919999273], [-76.96597290099993, -2.5141239169999494], [-76.99695587299993, -2.514649628999905], [-77.00067901699998, -2.460504053999955], [-77.03144073399994, -2.450961111999959], [-77.04884338399995, -2.406523942999968], [-77.08104705799985, -2.3772437579998495], [-77.08715820199996, -2.343816041999901], [-77.10317230199996, -2.3372504709999475], [-77.11372375499991, -2.316263674999959], [-77.12857055699999, -2.3147222979998787], [-77.14591216999997, -2.2991266249999285], [-77.16678619399988, -2.3021388059999595], [-77.19750976599988, -2.2669920919999527], [-77.23558807499995, -2.2613120079999476], [-77.23605346699992, -2.2498242849998746], [-77.26467132499988, -2.233798980999893], [-77.27942657399996, -2.202640533999954], [-77.30550384599997, -2.1858801829998242], [-77.34323120099992, -2.173130035999918], [-77.35237121499989, -2.1598889829999166], [-77.36236572299993, -2.165049314999976], [-77.40583801299994, -2.150102853999954], [-77.42712402299998, -2.1384694569999283], [-77.4290084839999, -2.1252253059999475], [-77.49293518099995, -2.1026263239999707], [-77.51362609899996, -2.0822229379999726], [-77.52296447799989, -2.08534788999998], [-77.54518890299988, -2.0731396679998966], [-77.57045745899995, -2.0793018339999207], [-77.6166381829999, -2.042447804999938], [-77.67398071299988, -2.0496656899999266], [-77.68894958399994, -2.030089139999916], [-77.71439361599994, -2.0263154509999595], [-77.7273635869999, -2.0126528739999117], [-77.73187255799985, -1.9852315179999778], [-77.74314117399996, -1.980211375999943], [-77.75307464599996, -1.985373377999906], [-77.77853393499998, -1.9712398049998683], [-77.79399871899994, -1.9552378649999582], [-77.7950286869999, -1.9332714089999286], [-77.82289123499999, -1.9232141969999361], [-77.82736205999998, -1.8682391639998173], [-77.84257507299998, -1.8494130369999766], [-77.85597991899994, -1.84645414299996], [-77.84632873599998, -1.8373162749999778], [-77.86163330099998, -1.8150290249998875], [-77.85710906899993, -1.8009815219999723], [-77.86903381299999, -1.788267373999929], [-77.86895751899993, -1.7561721799998509], [-77.88520812999997, -1.7620793569999478], [-77.88115692099996, -1.721702336999897], [-77.8890609739999, -1.6912699939999243], [-77.90515136799985, -1.6877249479998682], [-77.9227523799999, -1.654556750999916], [-77.96331024099987, -1.6616952429998264], [-77.98670959499998, -1.6762030129999062], [-78.02119445799991, -1.6760301589999358], [-78.0317916869999, -1.633275150999964], [-78.05830383199992, -1.5778098099999625], [-78.05943298199998, -1.5398489229999086], [-78.07944488499987, -1.505167007999944], [-78.12693023699995, -1.4517689929999165], [-78.17794799799987, -1.4486848109999073], [-78.16837310699998, -1.4350178239999423], [-78.15116882299998, -1.4294197559999589], [-78.14318084699994, -1.4126623859999654], [-78.14829254099993, -1.3972554209998975], [-78.12835693399995, -1.384181020999904], [-78.12912750299995, -1.3674558399999341], [-78.11856079099988, -1.3595608469999547], [-78.12170410199991, -1.3369352819998426], [-78.11006927499994, -1.2788479329999518], [-78.11833953799999, -1.2687540049999484], [-78.12393188499993, -1.2232652909999047], [-78.11070251499996, -1.2334728239999322], [-78.0973892209999, -1.2258124349999093], [-78.09199523799992, -1.2326856849999785], [-78.08274841199989, -1.229782342999954], [-78.05148315499991, -1.2488126749999537], [-78.01136779799998, -1.2228270779999093], [-77.96709442099996, -1.224231242999906], [-77.96356963999995, -1.2116107949998423], [-77.94625854399999, -1.2054647209998848], [-77.93875884999994, -1.2278689139998846], [-77.92342376699992, -1.2247183319998953], [-77.90375518699994, -1.2419410939999125], [-77.88212585399992, -1.244686601999888], [-77.88908386199995, -1.2223410599999056], [-77.87904357899998, -1.1999708419999706], [-77.83207702599992, -1.2181783919998566], [-77.82514190599994, -1.2031596889999605], [-77.80992889299995, -1.2043154229999118], [-77.7808151239999, -1.183302640999898], [-77.75433349599996, -1.1782393459999412], [-77.74057769799998, -1.1614576569999713], [-77.72840118499994, -1.1602270599999542], [-77.73083496199996, -1.1762434249998819], [-77.72132110599989, -1.179968118999966], [-77.70095062199994, -1.1475068329999658], [-77.68786621099991, -1.139846443999943], [-77.66989135799992, -1.1503329279999548], [-77.65591430599994, -1.132376671999964], [-77.64456939699988, -1.1330615289999741], [-77.6386108399999, -1.147055744999932], [-77.62832641599994, -1.1427369119999184], [-77.61576080199995, -1.1490061279999395], [-77.59597778299991, -1.1241545669999482], [-77.56063079899991, -1.1590237609999576], [-77.52217102099996, -1.1208764309999424], [-77.5056152329999, -1.120983719999856], [-77.4850845339999, -1.105009078999899], [-77.44561767699997, -1.0944048169999405], [-77.45403289799992, -1.0899361379999277], [-77.44661712599998, -1.0826756949999776], [-77.45114135799997, -1.0776875019998897], [-77.43557739399995, -1.0851930379998862], [-77.40438842699996, -1.078806398999916], [-77.40271759099994, -1.0904467099999806], [-77.39138030999999, -1.0835458039999253], [-77.38366699199992, -1.094762443999855], [-77.37322235199991, -1.091060637999874], [-77.3526687609999, -1.1047787659999244], [-77.34940338099989, -1.0689337239999759], [-77.32071685899996, -1.0724457509999752], [-77.26016998199998, -1.0522505049999609], [-77.24409484899996, -1.057318566999868], [-77.23214721599993, -1.0475038299999255], [-77.22937774599995, -1.0258693689999632], [-77.17283630399999, -1.0168566709998572], [-77.14143371599988, -1.0202422149999393], [-77.10819244299995, -1.0076547849999429], [-77.08676910399998, -1.0146130309999535], [-77.06637573299997, -1.0038305509999645], [-77.06002807599998, -1.0082824219999793], [-77.06968688899997, -1.0193941599999334], [-77.09093475399993, -1.0238554469998462], [-77.09259033199999, -1.0369502299998885], [-77.07444763199993, -1.0548857449999218], [-77.06699371199994, -1.0862125159999323], [-77.03581237799989, -1.1015512949999788], [-76.99163818399995, -1.0959346289999417], [-76.95126342699996, -1.1229393469999422], [-76.92082977299992, -1.1194220769999674], [-76.91347503599997, -1.127396820999877], [-76.89672851599983, -1.1271498199999428], [-76.87649536099985, -1.1465874899999449], [-76.87912750199996, -1.151965736999955], [-76.85831451399997, -1.1628389369999468], [-76.83210754299989, -1.159231899999952], [-76.82987976099997, -1.11188959999987], [-76.80237579299995, -1.1107386349999615], [-76.77380371099997, -1.0906615249999163], [-76.76290893599992, -1.098968981999917], [-76.74494934099994, -1.093869566999956], [-76.72749328599997, -1.1059330699998782], [-76.72057342399995, -1.0822876699999142], [-76.68808746399998, -1.0778988589999585], [-76.65285491899988, -1.0568109759999516], [-76.60324859599996, -1.073009966999848], [-76.56346130399999, -1.0595445639998502], [-76.54636383099995, -1.0685329429999797], [-76.53154754699989, -1.0517989389999798], [-76.51395416199995, -1.0698733329999186], [-76.52014160199997, -1.080220459999964], [-76.51353454499997, -1.095347881999885], [-76.52452087499984, -1.106739639999887], [-76.51626586799989, -1.1285641179999288], [-76.52593994099993, -1.1365289689999258], [-76.51997375399992, -1.146260499999869], [-76.52939605799997, -1.160811661999901], [-76.52063751299994, -1.1862059819998763], [-76.52762603799988, -1.1817356349999386], [-76.53054809499997, -1.1926511519998826], [-76.51558685399993, -1.1984273189999612], [-76.51931762599997, -1.2100464109998939], [-76.5083694459999, -1.207883954999943], [-76.50134277399991, -1.220223902999976], [-76.49293517999996, -1.2155946489999678], [-76.48454284699994, -1.2364923959998464], [-76.47512817299992, -1.2411831609999808], [-76.48316192699991, -1.2492077339998673], [-76.47273254299995, -1.2471207379999214], [-76.47595214899997, -1.254943727999887], [-76.46649932899999, -1.2578730579999728], [-76.4708633429999, -1.2638367419999668], [-76.45810699499998, -1.247756360999972], [-76.44868469099993, -1.2516293519999522], [-76.45111083999996, -1.2599434849999511], [-76.4580612179999, -1.25705647399991], [-76.45099639899996, -1.2716414929999473], [-76.43699646099998, -1.2656750679998936], [-76.43699646099998, -1.2570909259999326], [-76.41899108999996, -1.2720496649999404], [-76.39600372299998, -1.254131316999917], [-76.3871231089999, -1.2709723709999707], [-76.36511993299996, -1.2703183879999642], [-76.37117767399997, -1.282055972999899], [-76.35686492899993, -1.2804254289999335], [-76.36544799799998, -1.2945834399999399], [-76.35055541999998, -1.2912920709999298], [-76.34297180199997, -1.3006830209999407], [-76.31123351999992, -1.3074659109999516], [-76.30902099699983, -1.2983770379999555], [-76.29551696899983, -1.310431479999977], [-76.29304504299995, -1.303642034999939], [-76.28854370199991, -1.320538043999818], [-76.28636169499993, -1.3096208569999703], [-76.26672363199998, -1.3057606219999798], [-76.27165222099995, -1.295822262999934], [-76.25330352799995, -1.3069696429998885], [-76.24742126499996, -1.2869681109999078], [-76.23780059899991, -1.300928711999859], [-76.2238693239999, -1.2958749529999523], [-76.22031402499994, -1.2863802909999436], [-76.20267486599988, -1.2982378009999707], [-76.18718719499998, -1.2863889939998785], [-76.17724609399994, -1.288898468999946], [-76.17623901399998, -1.3004231439998648], [-76.16787719799993, -1.2944977289999429], [-76.16049957199994, -1.3016295429999332], [-76.15077972399996, -1.2821478849999721], [-76.14495849599996, -1.290036319999956], [-76.13461303699995, -1.2749998569999548], [-76.12867736799996, -1.2855925559998695], [-76.11376953199982, -1.2725121979999585], [-76.10985565199996, -1.2802261099999441], [-76.09017944399983, -1.2814283359999195], [-76.08240508999995, -1.2965455049999264], [-76.06391143799993, -1.2781049009999492], [-76.06785583599998, -1.287842631999979], [-76.05728912299992, -1.2876646509998864], [-76.06325530999993, -1.3068503149999628], [-76.04929351799996, -1.29716420099993], [-76.0358657839999, -1.314915894999956], [-76.0122756959999, -1.3063766949998694], [-76.00734710799998, -1.3159100999998827], [-76.00243377799995, -1.3091756109998869], [-75.9973449719999, -1.334374546999868], [-75.97241210899983, -1.3292704809999805], [-75.96855163499998, -1.3455939279998574], [-75.95980834999989, -1.3449891799999136], [-75.94911956699997, -1.3578498369999465], [-75.94037628199993, -1.3499772539999526], [-75.93378448599998, -1.3601063479998743], [-75.92012023799992, -1.3458574999999655], [-75.91506195099993, -1.3614277829999537], [-75.90607452499995, -1.349958299999912], [-75.89376068099995, -1.3489129539999567], [-75.90039825399998, -1.3338885299999674], [-75.88779449599997, -1.3403233289999434], [-75.87655639699994, -1.3317524189998835], [-75.87970733699996, -1.3564946639999107], [-75.85501098699996, -1.3611621849999551], [-75.84499358999994, -1.3556513789998803], [-75.84553527799989, -1.3739023199999565], [-75.83134460499991, -1.3822867869999413], [-75.83580017199989, -1.39169538099992], [-75.82270813099996, -1.3830246919998785], [-75.80381774799991, -1.3895207639999398], [-75.81680297899999, -1.3948955529999694], [-75.80114746099997, -1.4029657839999459], [-75.78566741999998, -1.403538822999849], [-75.77769470199996, -1.3951896419999343], [-75.76005554199992, -1.4149645559999158], [-75.75878906299994, -1.4015057079999451], [-75.7470245369999, -1.406574247999913], [-75.75083160299994, -1.4222410919999788], [-75.73930358799993, -1.417342542999961], [-75.73764800999999, -1.43857574499998], [-75.71609496999997, -1.449755548999974], [-75.71985626199995, -1.4623137699998665], [-75.69994354299996, -1.447546124999917], [-75.69965362499994, -1.4646885389998943], [-75.67526245199991, -1.4679490319999218], [-75.66358184699999, -1.4879944329999262], [-75.65956878599997, -1.4777125119998686], [-75.64951324499998, -1.4758411639999167], [-75.6500854489999, -1.4936753519999115], [-75.63661193799993, -1.482220649999931], [-75.64111328099989, -1.4955598109999642], [-75.63166046099997, -1.4919736379998767], [-75.63391876199995, -1.5003442769999538], [-75.61429595999994, -1.4966256629999748], [-75.61418914799998, -1.5024580959998843], [-75.60977172799988, -1.4926941389999797], [-75.60169982999992, -1.4972020399999337], [-75.59400176899999, -1.515726804999872], [-75.5880355839999, -1.5097039929999028], [-75.59558868299996, -1.5252413739999042], [-75.58831024199998, -1.5319240089999653], [-75.59600830099993, -1.5397791849999294], [-75.58538818299996, -1.5497043129999497], [-76.04325103799988, -2.124619482999833]]]}}, {"id": "18", "type": "Feature", "properties": {"id_code": "17", "id_name": "PICHINCHA", "id_abbr": "PIC", "region": "Sierra", "province_label": "17 - PICHINCHA"}, "geometry": {"type": "Polygon", "coordinates": [[[-78.39596557699997, -0.6764151449999076], [-78.37145233099989, -0.6728376739999362], [-78.36414337099984, -0.6606544859998849], [-78.38570404099994, -0.6286436909999225], [-78.40912628099994, -0.6234517089998803], [-78.4069061269999, -0.6124055389999512], [-78.41627502399996, -0.6076301939999667], [-78.42000579799992, -0.6133807899998942], [-78.42989349399994, -0.6008997559998761], [-78.45077514699983, -0.6207478049999509], [-78.45663452199994, -0.6089034679998804], [-78.47355651799995, -0.6132059089998165], [-78.48786926299982, -0.636800406999896], [-78.49294281099992, -0.6246358149999764], [-78.49977111899994, -0.625746248999917], [-78.49886322099997, -0.6337333909999643], [-78.51591491699998, -0.6346207849999246], [-78.53782653699989, -0.6266049729999281], [-78.53782653699989, -0.6196984049998377], [-78.55133819499997, -0.6337897169998428], [-78.5596618649999, -0.6127536889998737], [-78.5713806139999, -0.6102277039999535], [-78.57940673799999, -0.6178661569999235], [-78.6115493769999, -0.5974880449999773], [-78.63983154199991, -0.6200337999998737], [-78.64811706499995, -0.6428086759999019], [-78.6575241079999, -0.6365448229998947], [-78.67182159299995, -0.6519219269998757], [-78.71585845899989, -0.6630641809998679], [-78.7391204839999, -0.6219936609999195], [-78.72832489099994, -0.5890247219999196], [-78.73342132499988, -0.5596558459998278], [-78.77832794199998, -0.5384931559999586], [-78.79537963799999, -0.543573796999965], [-78.83230590799991, -0.5246985549998726], [-78.83844757099996, -0.4777879709999411], [-78.85667419499998, -0.4649630779998688], [-78.86155700699999, -0.4337596899999312], [-78.87509155299983, -0.4142689109999651], [-78.89308929399994, -0.4127948889999402], [-78.89960479699982, -0.38557895999997527], [-78.91580200099997, -0.3721495859999209], [-78.90682220499997, -0.35965833099987776], [-78.91833495999998, -0.34031694999987394], [-78.94802093599992, -0.3279887139999005], [-78.95484924299996, -0.3166363239999441], [-78.9292526239999, -0.31373083599987694], [-78.89923095699999, -0.3358885649999479], [-78.86748504699983, -0.33169025099994087], [-78.85654449399993, -0.34938704899991535], [-78.81966400099992, -0.34555947699993794], [-78.8171539309999, -0.3345443599999385], [-78.77378845199996, -0.29825475699988147], [-78.77317047199983, -0.27916648999996596], [-78.74590301499995, -0.2774166769999624], [-78.75901031399997, -0.24052132599996412], [-78.78392791699997, -0.2118741119999754], [-78.79473876999998, -0.2137459659999763], [-78.83222198499999, -0.18868143799988957], [-78.82944488499999, -0.17871814999995195], [-78.84263610799997, -0.1662763199998949], [-78.83316802899992, -0.16000550899991595], [-78.83511352499994, -0.13766556899997795], [-78.85893199999992, -0.13381399999997257], [-78.8811340339999, -0.11037565799995264], [-78.90756988499999, -0.10766720699984944], [-78.92877964899998, -0.12114599899996392], [-78.96495928199994, -0.10120079399996484], [-78.98312383099994, -0.11159893499990403], [-78.9906616209999, -0.10601952699994399], [-79.02427699899994, -0.11775899999997819], [-79.04558563299997, -0.10183461099995839], [-79.09458899999993, -0.09165199899990739], [-79.10187526999988, -0.08312098499987997], [-79.11679799899997, -0.09218099999986862], [-79.11969757099996, -0.08561952399992379], [-79.14945220999994, -0.09190025199984575], [-79.12715899999995, -0.04906499999992775], [-79.10189799999989, -0.036258999999915886], [-79.0976104849999, -0.026567745999841463], [-79.14252499999992, -0.01372399999991103], [-79.18359374999994, -0.014465180999877703], [-79.19781494099999, 9.457400005885575e-05], [-79.23207092299998, 0.0030151200001569123], [-79.23780059699993, 0.012159774000053858], [-79.24882507399997, 0.0062649970001871225], [-79.3032531739999, 0.02074699300010252], [-79.31285858199993, 0.010471002000087992], [-79.3222045899999, 0.0224804550001636], [-79.34056854299985, 0.01893339600002264], [-79.34279632499994, 0.024580342000092514], [-79.34868621799995, 0.017765277000137303], [-79.36515807999984, 0.01864444400013099], [-79.37152862599999, 0.03308654600010641], [-79.36801910399993, 0.05377220800011173], [-79.33180236699997, 0.1150807000000782], [-79.32483673099989, 0.15637666000009176], [-79.31339263899997, 0.15816578300007222], [-79.30410003599991, 0.1732313040000122], [-79.33023071299988, 0.2105372710000779], [-79.3485717779999, 0.2124615760000097], [-79.36300659199998, 0.2367824920000885], [-79.35984802299987, 0.24752250400018738], [-79.31492614799993, 0.25479939700016985], [-79.31241607599992, 0.26277545100003863], [-79.29803466699997, 0.25945457900007796], [-79.29177856399997, 0.2818796350001094], [-79.27961730899995, 0.2922348970001849], [-79.2723083489999, 0.28931367500007354], [-79.2740325929999, 0.32233387300010463], [-79.24151611399998, 0.3200910100001124], [-79.23260498099995, 0.3268655840001884], [-79.17841339199998, 0.31253713400002425], [-79.1394042959999, 0.32168436200009864], [-79.12876892099996, 0.31957268799999383], [-79.11162567199983, 0.29849419100008845], [-79.11193847699997, 0.30751028700018423], [-79.08705139099993, 0.2994747750000215], [-79.06858062799995, 0.30899313100013615], [-79.05899810799997, 0.306912721000117], [-79.05712890599995, 0.2944619660001422], [-79.04804229799993, 0.28973388700018177], [-79.03112029999994, 0.2925285400000348], [-79.03144073499999, 0.28303468300009627], [-79.01422882099996, 0.2687303730001531], [-79.01656341499995, 0.23787690800003247], [-79.0101394639999, 0.22610180100002708], [-78.98110199099995, 0.21071364000016501], [-78.96630096499996, 0.22339662900003532], [-78.94745635899994, 0.20387254800010624], [-78.92446136399997, 0.22161255899999333], [-78.90933227499988, 0.21337042800007566], [-78.85594940099998, 0.23762732700009792], [-78.83303069999994, 0.24153564800008098], [-78.81114959699994, 0.23053258700014112], [-78.77703094599997, 0.24334813700005498], [-78.75425720099997, 0.240391389000024], [-78.70911407599988, 0.2154662910000411], [-78.68265533399995, 0.22350111600002265], [-78.67502594099994, 0.2105142330000831], [-78.65671539299996, 0.2164837710001848], [-78.63824462999997, 0.2064498670000603], [-78.62515258899998, 0.21803036400018527], [-78.57582855299995, 0.22533480800007055], [-78.56612396299982, 0.22245240200015814], [-78.56130218499999, 0.20724801700004036], [-78.5372695929999, 0.205496073000063], [-78.52390289199991, 0.21356712200002903], [-78.51921844499998, 0.2280297130001827], [-78.51020049999994, 0.22659133500002326], [-78.51012420599994, 0.24387173400009488], [-78.49459838899998, 0.2590288520000854], [-78.49688720599988, 0.27722993600008294], [-78.48798370399999, 0.2635009280000986], [-78.46640014699989, 0.2597007750001694], [-78.45086669899996, 0.2364234620000616], [-78.43943023599996, 0.2368849510001496], [-78.44309997599998, 0.22147281600007318], [-78.43374633699995, 0.1950460810001573], [-78.41022491499996, 0.21784509700006538], [-78.39848327699985, 0.24971203500007277], [-78.39017486599994, 0.24476726500006407], [-78.37337493799998, 0.26043763900003114], [-78.35458373999995, 0.2445091460000981], [-78.35419464199992, 0.22974514899999576], [-78.34345245399999, 0.229623363000087], [-78.35015106199995, 0.21098718000007466], [-78.35682678299992, 0.2172032900001568], [-78.36386108499994, 0.20850677800018502], [-78.35852813799994, 0.20019884400005594], [-78.37495422499995, 0.16085320700000239], [-78.35780334399999, 0.17109407600014492], [-78.3393325809999, 0.20385518700015837], [-78.33294677699985, 0.20212516200012942], [-78.33068084799993, 0.1914248320001093], [-78.30680847199994, 0.18287368200009269], [-78.29686737099996, 0.16167095300016854], [-78.30123138499994, 0.1545845560001453], [-78.28491210999994, 0.15100963400010414], [-78.28991699199997, 0.13471387400005597], [-78.28291320699992, 0.12867951499998753], [-78.26683044299989, 0.13777172600009635], [-78.22998046899994, 0.12111916500009556], [-78.22435760499997, 0.12918353100013746], [-78.20165252699991, 0.12786962100017263], [-78.19586944599996, 0.13497327200002474], [-78.15398406999992, 0.14120383700014827], [-78.14830017099996, 0.15869762000011178], [-78.13409423799993, 0.15270201900005986], [-78.10773468099995, 0.15849766100018314], [-78.08812713699996, 0.18934905600013963], [-78.05048370299994, 0.1928247820001161], [-78.03394317499993, 0.18220955200018807], [-78.02419281099992, 0.18811902400011604], [-78.00188446099992, 0.17203834700018206], [-77.96684265099992, 0.1686870600000816], [-77.97674560499996, 0.10558822800015832], [-77.96237945499996, 0.11286258700010876], [-77.94602203299996, 0.09932335500008094], [-77.93676757899993, 0.10387007800011361], [-77.91824340899996, 0.08176330400010556], [-77.89331054799999, 0.08424015300016663], [-77.85937499999994, 0.062247083000102066], [-77.85471343899997, 0.024509235000152785], [-77.83951568699996, 0.02659492200018576], [-77.84491729799998, 0.003793932000064615], [-77.93453216499995, -0.04120835999992778], [-77.94345855799992, -0.05275630899996031], [-77.93493652299992, -0.06740410499992322], [-77.93903350799991, -0.0832760929999381], [-77.93111419699994, -0.0880269109998153], [-77.93281555199997, -0.10043931099988868], [-77.95489501899993, -0.0950478309999312], [-77.96975707999991, -0.12284170799995309], [-77.99546050999999, -0.11116003299991917], [-78.0000305179999, -0.1282755879999513], [-78.01884460499997, -0.14100573899997926], [-78.06255340599989, -0.13843829899997218], [-78.05423736599988, -0.1613462109999091], [-78.07263183599997, -0.18484474699988596], [-78.08449554399988, -0.18984566699987226], [-78.09079742399996, -0.18012537099986048], [-78.10268402099996, -0.19544796599996062], [-78.10783386299988, -0.17954406099988773], [-78.12405395499991, -0.18204064699995115], [-78.13196563599996, -0.1674382389998641], [-78.14056396399997, -0.16678841499992814], [-78.17179107699997, -0.19337698899994393], [-78.18987274199992, -0.1976318219998916], [-78.18552398599991, -0.26489022399994155], [-78.19647979699994, -0.30534991599995465], [-78.1910629279999, -0.3187294299999621], [-78.21581268299991, -0.3619736139999645], [-78.24308013999996, -0.3838687239999672], [-78.25597381699993, -0.40843853399991303], [-78.23572540299995, -0.436824440999942], [-78.23533630499998, -0.45086899399990443], [-78.23962402299992, -0.4610976869998922], [-78.24855804399988, -0.4588476409999771], [-78.2547607429999, -0.5030694589999598], [-78.27011108399995, -0.5097748629998478], [-78.26557922399996, -0.5286840209999468], [-78.28479003999996, -0.5776023269999655], [-78.32010650699988, -0.5832903979998605], [-78.33019256499995, -0.6588161579999223], [-78.36295318499992, -0.6764643789998104], [-78.39596557699997, -0.6764151449999076]]]}}, {"id": "19", "type": "Feature", "properties": {"id_code": "24", "id_name": "SANTA ELENA", "id_abbr": "SEL", "region": "Costa", "province_label": "24 - SANTA ELENA"}, "geometry": {"type": "MultiPolygon", "coordinates": [[[[-80.2677993769999, -2.2671275129998776], [-80.28502654999994, -2.2754831319999766], [-80.27971649099999, -2.2942986489998702], [-80.28894042999997, -2.304513214999929], [-80.27918243299996, -2.3206973079999216], [-80.2841949459999, -2.336886881999874], [-80.32168579199993, -2.34022164299995], [-80.32318878199993, -2.350263595999934], [-80.36870574999989, -2.3436098089998723], [-80.38269805899989, -2.379987000999961], [-80.39546203699996, -2.376390457999946], [-80.41384887599992, -2.3854873169999564], [-80.43128967299987, -2.374591825999971], [-80.44755554299985, -2.3745985039998914], [-80.44647216699991, -2.3976457109999387], [-80.46133422899993, -2.4139261239999428], [-80.45250701999998, -2.4534516339999755], [-80.46600341699997, -2.4735915649999356], [-80.45952606099996, -2.4908611769999425], [-80.49240875199996, -2.5003013619999592], [-80.54295349099993, -2.4888727659998153], [-80.56355285599994, -2.5067679869998756], [-80.68710327099996, -2.3996748919999504], [-80.69268035899984, -2.4071810229999073], [-80.71823120099998, -2.391412496999976], [-80.77513885599996, -2.3892552859999796], [-80.80175781299988, -2.3784754279999447], [-80.87309999999997, -2.3231069999998795], [-80.88863399999997, -2.3266819999999484], [-80.89049499999999, -2.3385659999999007], [-80.89924599999995, -2.333076999999946], [-80.89572099999987, -2.3148859999999445], [-80.92268371699993, -2.274798392999969], [-81.01127599999995, -2.18876599999993], [-80.9904709999999, -2.1842889999999784], [-80.97260299999988, -2.2051439999999616], [-80.94912699999992, -2.204980999999975], [-80.9408259999999, -2.2193919999999707], [-80.90728759799998, -2.2199709409999286], [-80.84925799999996, -2.193613999999968], [-80.81726099999992, -2.1561649999999304], [-80.80645799999996, -2.159554999999898], [-80.78949699999998, -2.1514099999999416], [-80.74958801299988, -2.106906889999948], [-80.73621368399995, -2.0634267329999716], [-80.73529052799995, -2.0285062789999415], [-80.75649261399991, -1.9941772229999515], [-80.75146484399994, -1.9820092919999297], [-80.76303100599989, -1.9760353549999081], [-80.73315429599995, -1.9606319659998803], [-80.72647094799999, -1.925351619999958], [-80.76081848199988, -1.8194135429999392], [-80.76873016299993, -1.7628263239998319], [-80.79955291699997, -1.7075361009999028], [-80.74813842799995, -1.6686546789999284], [-80.72360999999995, -1.686640999999895], [-80.70833587599986, -1.6737277509999444], [-80.67141723599991, -1.6793100829999617], [-80.64656066799995, -1.6704978949999258], [-80.63426208399994, -1.6986272329999679], [-80.6167526239999, -1.7097632879999765], [-80.62091064399993, -1.7267842279999286], [-80.61089324899996, -1.7345501189998913], [-80.6104965209999, -1.756848573999946], [-80.59413909899996, -1.7785986659999367], [-80.57567596399997, -1.7874916799999596], [-80.54895782499989, -1.7807899709998765], [-80.55760955799997, -1.809966205999956], [-80.5711898809999, -1.824402809999924], [-80.55977630599995, -1.8246778249999238], [-80.56584167499994, -1.8394337889999406], [-80.51650238099995, -1.9024770259999286], [-80.51912689199992, -1.919975160999968], [-80.47354888899991, -1.9258671989998675], [-80.46525573699995, -1.9473901979998232], [-80.45532226699999, -1.9406801459999201], [-80.44008636499984, -1.943418263999888], [-80.44194793699995, -1.9569027409999649], [-80.41718292199982, -1.9699972869998987], [-80.41073608499994, -1.983131169999922], [-80.37388610799997, -1.9849356419999253], [-80.36740875199996, -1.9962103359999332], [-80.34492492599992, -1.9977985619999004], [-80.34017181399997, -2.028822183999978], [-80.31185150099998, -2.062383413999953], [-80.30467224199998, -2.092665432999979], [-80.29077911399997, -2.091332672999897], [-80.27693176299988, -2.077757118999955], [-80.24496459999989, -2.115022182999951], [-80.25186920099992, -2.1492514619998815], [-80.24089813199998, -2.16476154399993], [-80.23871612499983, -2.191906212999868], [-80.21974181999991, -2.1949079039998196], [-80.2003402709999, -2.210762738999904], [-80.21665191599988, -2.2321374409999066], [-80.23331451399991, -2.233296154999948], [-80.23519134399993, -2.252389669999957], [-80.26424407999991, -2.244474648999926], [-80.2677993769999, -2.2671275129998776]]], [[[-80.88950299999982, -2.3409299999999575], [-80.89018199999987, -2.340522999999905], [-80.88990799999993, -2.339979999999855], [-80.88950299999982, -2.3409299999999575]]], [[[-80.89041099999997, -2.340146999999888], [-80.89054900099995, -2.3399989989999312], [-80.89031999999992, -2.340134999999975], [-80.89041099999997, -2.340146999999888]]], [[[-80.99702499899996, -2.2034119999999007], [-80.9967579989999, -2.203440999999941], [-80.99693299899991, -2.203633998999976], [-80.99702499899996, -2.2034119999999007]]], [[[-80.97251899999998, -2.2006699999998887], [-80.97288499999996, -2.1998519999999644], [-80.9724809999999, -2.199844999999925], [-80.97251899999998, -2.2006699999998887]]], [[[-80.8090670009999, -2.15482499999996], [-80.8103940009999, -2.155179000999965], [-80.81043999999997, -2.1550560009998208], [-80.80935699999992, -2.1547429999999395], [-80.8090670009999, -2.15482499999996]]]]}}, {"id": "20", "type": "Feature", "properties": {"id_code": "23", "id_name": "SANTO DOMINGO DE LOS TSACHILAS", "id_abbr": "SDT", "region": "Costa", "province_label": "23 - SANTO DOMINGO DE LOS TSACHILAS"}, "geometry": {"type": "Polygon", "coordinates": [[[-79.03043365499997, -0.47973641799984534], [-79.0458602899999, -0.48761415399997077], [-79.07015228399996, -0.5236135119998835], [-79.10096740799992, -0.5250370499999235], [-79.11296844499998, -0.541820763999965], [-79.13687896799996, -0.5495219219999399], [-79.16020965599995, -0.5861352089999627], [-79.19643402099996, -0.6080002189999618], [-79.20195007199999, -0.6287468079999599], [-79.26454162499994, -0.6625269649999268], [-79.28572082499994, -0.6963731059999532], [-79.32379150399993, -0.6987698669998963], [-79.34957885699998, -0.6900876759999051], [-79.37037658699995, -0.654447017999928], [-79.36309814399993, -0.6556649209998682], [-79.36067962699991, -0.6408886909999296], [-79.3455886829999, -0.6305279139999698], [-79.35684203999995, -0.5886339539999312], [-79.36682891799995, -0.5802277329999583], [-79.35049438499988, -0.5721939799999518], [-79.35581970199996, -0.5586763609998684], [-79.3453216549999, -0.5560473789999492], [-79.34732818699996, -0.544226467999863], [-79.41645812899998, -0.5468156329999374], [-79.41668701199995, -0.5385714179999468], [-79.45046996999997, -0.548853576999818], [-79.45748138399995, -0.5643633009999576], [-79.46166229199991, -0.5484886769999093], [-79.48323058999995, -0.543448327999954], [-79.46623992899993, -0.5296926499999017], [-79.46112823499993, -0.496557920999976], [-79.44950103699989, -0.4798957099998802], [-79.46424865799986, -0.4726031709998324], [-79.45629119799997, -0.46759650099988903], [-79.45779418899997, -0.4565737539999759], [-79.42913055499992, -0.4386642559998677], [-79.41075897199988, -0.4106861659998913], [-79.40978240899983, -0.19135427399982063], [-79.42980194199998, -0.17555269599995427], [-79.44956207299998, -0.1801492569998686], [-79.46227264299995, -0.17166177899997592], [-79.47310638399989, -0.17538850099987258], [-79.5193786619999, -0.1638785589999543], [-79.5294799799999, -0.13649219199987783], [-79.54109954899997, -0.1333499699998697], [-79.54839324899996, -0.09945799399997668], [-79.60898590099998, -0.053460500999960914], [-79.61622619699995, -0.03818286199987142], [-79.60731506299993, -0.02241966499997261], [-79.60076904299984, -0.030702256999973088], [-79.59822082599993, -0.02067518899997367], [-79.57933807399996, -0.018302759999869522], [-79.53603362999996, -0.02910594599995875], [-79.51594543599998, -0.026352229999929477], [-79.51460266099997, -0.03272399299993367], [-79.51284026999991, -0.02741741999994929], [-79.47549438499988, -0.029164696999941953], [-79.44863891699998, -0.03968087599997716], [-79.43601989799993, -0.033165710999867315], [-79.43244171099997, -0.027611247999914212], [-79.43625640899995, -0.03137043499992842], [-79.44726562499994, -0.02982048699993811], [-79.44742584199997, -0.020256111999970017], [-79.46366882399991, -0.002913196999941192], [-79.46362304699994, 0.004502900000147747], [-79.45616912699995, -0.0019094919999247395], [-79.42459869299995, 0.004748521999999866], [-79.42754364099989, 0.024264840000114418], [-79.40204620399993, 0.014121216000148706], [-79.40694427499994, 0.025887226000065766], [-79.35205841099997, 0.0177665560001401], [-79.34678649899996, 0.024221477000139657], [-79.34056854299985, 0.01893339600002264], [-79.32456207299998, 0.023533289000056357], [-79.31285858199993, 0.010471002000087992], [-79.3032531739999, 0.02074699300010252], [-79.24882507399997, 0.0062649970001871225], [-79.23780059699993, 0.012159774000053858], [-79.23207092299998, 0.0030151200001569123], [-79.19781494099999, 9.457400005885575e-05], [-79.18359374999994, -0.014465180999877703], [-79.14252499999992, -0.01372399999991103], [-79.0976104849999, -0.026567745999841463], [-79.10189799999989, -0.036258999999915886], [-79.12715899999995, -0.04906499999992775], [-79.14945220999994, -0.09190025199984575], [-79.11969757099996, -0.08561952399992379], [-79.11679799899997, -0.09218099999986862], [-79.10187526999988, -0.08312098499987997], [-79.09458899999993, -0.09165199899990739], [-79.04558563299997, -0.10183461099995839], [-79.02427699899994, -0.11775899999997819], [-78.9906616209999, -0.10601952699994399], [-78.98312383099994, -0.11159893499990403], [-78.96495928199994, -0.10120079399996484], [-78.92877964899998, -0.12114599899996392], [-78.89187621999992, -0.10673464699993929], [-78.86830139199998, -0.11836484799988511], [-78.85893199999992, -0.13381399999997257], [-78.83768463099989, -0.1350914989998273], [-78.83316802899992, -0.16000550899991595], [-78.84262084899996, -0.1664381919998732], [-78.82944488499999, -0.17871814999995195], [-78.83236694399989, -0.1885044419998394], [-78.79473876999998, -0.2137459659999763], [-78.78392791699997, -0.2118741119999754], [-78.75894165099999, -0.24062618599992902], [-78.74590301499995, -0.2774166769999624], [-78.77317047199983, -0.27916648999996596], [-78.77378845199996, -0.29825475699988147], [-78.82228851399992, -0.3462729159999185], [-78.83245086799991, -0.34211707099996147], [-78.85654449399993, -0.34938704899991535], [-78.86748504699983, -0.33169025099994087], [-78.89945220999988, -0.3358484199998202], [-78.9292526239999, -0.31373083599987694], [-78.95284271199989, -0.3143634799999404], [-78.93303680399993, -0.360790728999973], [-78.95522308299996, -0.36176767899996776], [-78.96211242599998, -0.3694639199999301], [-78.96862792899992, -0.3823628119999398], [-78.96451568599991, -0.40035694899995633], [-78.97330474799998, -0.40859171699997887], [-79.01151275599995, -0.4179781369999773], [-79.01527404699993, -0.44976332699991417], [-79.03043365499997, -0.47973641799984534]]]}}, {"id": "21", "type": "Feature", "properties": {"id_code": "21", "id_name": "SUCUMBIOS", "id_abbr": "SUC", "region": "Amazonia", "province_label": "21 - SUCUMBIOS"}, "geometry": {"type": "Polygon", "coordinates": [[[-75.94059753499994, -0.5329589839998903], [-75.94699859499997, -0.5487022389999083], [-75.93000793399995, -0.5680560469999705], [-75.99217986999992, -0.5550376179999716], [-76.01329803399994, -0.5322521929999766], [-76.06060791099998, -0.5051096069999517], [-76.07740783599996, -0.44891673399996534], [-76.0883407579999, -0.44041830299994444], [-76.12926483099989, -0.4514930549999576], [-76.17333984399994, -0.4411612749999563], [-76.26256561199995, -0.44957807599996613], [-76.29905700699999, -0.47872370399988995], [-76.33345794699989, -0.4856184729998745], [-76.36976599999997, -0.5182929999999715], [-76.38719899999995, -0.5199199999998427], [-76.42089843699995, -0.48705643399995324], [-76.46897888199999, -0.48735204299987345], [-76.50698089599996, -0.4437071969999238], [-76.53322601299999, -0.43642067999996925], [-76.55685424799998, -0.4099443259999589], [-76.62770099999989, -0.42911399999997], [-76.64040399999999, -0.4184209999999666], [-76.63615417599988, -0.3979964559999303], [-76.68762999999996, -0.3711479999998346], [-76.70178990899996, -0.35192809299985583], [-76.72714999999994, -0.3464539999998806], [-76.71994014599994, -0.3355028209999773], [-76.75023699999986, -0.3037659999998823], [-76.75265502999997, -0.2875677939999264], [-76.76569366399997, -0.28018206299987014], [-76.76559448199998, -0.25553184699992926], [-76.80129241899994, -0.23424206699991146], [-76.83122253399995, -0.18897621299987577], [-76.84706878699996, -0.1792654089999246], [-76.87528991699992, -0.12767325399994434], [-76.90182494999988, -0.10864294299994981], [-76.9047622679999, -0.08452215699992394], [-76.93372344999995, -0.0858054609999499], [-76.93379974299995, -0.05909761699990668], [-76.9344711299999, -0.058878734999950666], [-76.97938537699997, -0.07150362399994492], [-77.01639556899988, -0.09968237599997565], [-77.06026458699989, -0.11363336499994148], [-77.09520721399997, -0.11147544399989329], [-77.11927795499992, -0.09343078699993157], [-77.16243743999996, -0.08425160499990625], [-77.16242980899995, -0.1021833799998717], [-77.1949539179999, -0.09453128299992386], [-77.2037811269999, -0.09894617599991307], [-77.21040344199992, -0.08401401299994404], [-77.29005432199989, -0.04521349399993824], [-77.30532073999996, -0.05390818699987676], [-77.30619049099994, -0.0723101039999392], [-77.33634948699995, -0.09642562899989571], [-77.34140014599996, -0.12352008399994929], [-77.37938690099998, -0.15256526999991138], [-77.39335632299986, -0.1398153739999657], [-77.42873382599993, -0.1308951669998919], [-77.45283508299991, -0.13787972799997306], [-77.45541381799995, -0.11617624799993109], [-77.44457244799992, -0.09794100399994932], [-77.45783233699996, -0.0837889749998908], [-77.43825530899994, -0.06322143899996036], [-77.45045471099996, -0.06102209499988476], [-77.45606994699989, -0.05029989399986334], [-77.46076202399996, -0.01893298599981108], [-77.48621368399989, -0.02690975699988485], [-77.48703002999997, -0.040195178999908876], [-77.50766754199998, -0.03960352399997191], [-77.50424194399994, -0.05531534099986857], [-77.51057434099988, -0.064213491999908], [-77.53610229399999, -0.055575276999888956], [-77.58397674499997, -0.10910747099990203], [-77.59118652299998, -0.10926838999989741], [-77.61195373599992, -0.08198343299989119], [-77.6381072989999, -0.07609386699994047], [-77.78230285599989, -0.08311337299994648], [-77.78514861999997, -0.031033694999962336], [-77.79447174099994, -0.016646164999940538], [-77.77947235099998, 0.010505544000125155], [-77.78456115699998, 0.019526652000081413], [-77.81187438899997, 0.023963534000017717], [-77.82254791199989, 0.03418531800008395], [-77.8545989989999, 0.02438012300012815], [-77.85937499999994, 0.062247083000102066], [-77.89006805399998, 0.08311027399997784], [-77.91824340899996, 0.08176330400010556], [-77.93534850999993, 0.10317494100007707], [-77.94602203299996, 0.09932335500008094], [-77.96225738599998, 0.11284583700017947], [-77.97674560499996, 0.10558822800015832], [-77.97201538099989, 0.14342445200009024], [-77.94126129199992, 0.1798746730000289], [-77.92347717399991, 0.18204788900004587], [-77.92436218299997, 0.19818473000003678], [-77.90482330299994, 0.20586341600017022], [-77.88603973399995, 0.19978287899999714], [-77.87046813999996, 0.20778446000008444], [-77.86580657899998, 0.23174527400004763], [-77.84953308099989, 0.2404804830001126], [-77.84764098999995, 0.2590121930000464], [-77.8312911989999, 0.26721146600016255], [-77.82923889099993, 0.27412739500016414], [-77.84531402599993, 0.2791170780000698], [-77.85247039899991, 0.3005921540000145], [-77.82344818199988, 0.3260233400001198], [-77.81285858099989, 0.3567731680001316], [-77.79718780599995, 0.36943906600004084], [-77.79629516699998, 0.38518831100009265], [-77.81346130399993, 0.4036779100000558], [-77.80726623599992, 0.4269073610001328], [-77.79421996999997, 0.4347196219999887], [-77.7837982179999, 0.46136462700007996], [-77.76092529199991, 0.47955557800003135], [-77.75180053699995, 0.5049378870000396], [-77.7294311529999, 0.5324974660001089], [-77.7207717899999, 0.531478525000125], [-77.70974731399991, 0.5489156250001201], [-77.67760467499988, 0.5625576380000439], [-77.65586090099998, 0.6031093590000296], [-77.68975067199995, 0.6210527420000744], [-77.68634033199999, 0.6407363419999683], [-77.67269134499998, 0.6493015290001836], [-77.63712310799991, 0.6360303760001784], [-77.61690521299988, 0.6421322240000222], [-77.56619262699991, 0.6344990140001414], [-77.52236938599998, 0.6582524780001222], [-77.49206543099996, 0.6624949580001385], [-77.48071289099994, 0.6562870740000335], [-77.47943878199999, 0.6102156040001319], [-77.48788452199994, 0.5842193370000928], [-77.50971221999998, 0.5656409870001653], [-77.51410675099993, 0.5343301900000483], [-77.52101135199996, 0.5298345690001725], [-77.51578521699997, 0.4951160260001757], [-77.52515411399997, 0.4677458110000998], [-77.51406097399996, 0.4495109320001234], [-77.52947235099998, 0.4091315860000577], [-77.52313232399996, 0.38480624500010663], [-77.50969695999993, 0.36935353300015095], [-77.4847259519999, 0.37146398500016176], [-77.46100616499996, 0.3881571880001502], [-77.41773986799996, 0.39151108400017165], [-77.40351104599995, 0.40300589900010664], [-77.37953185999999, 0.3839740460000485], [-77.38300323499999, 0.395492107000166], [-77.37212371799995, 0.40085142800012363], [-77.35999298199994, 0.3921493290001763], [-77.32710266099991, 0.3894708750000291], [-77.28685760499991, 0.3632210190000933], [-77.26242828299996, 0.37009748900004524], [-77.24506378199999, 0.36185678800006826], [-77.21547698999996, 0.36302128600016204], [-77.19996643099995, 0.3682622620000302], [-77.18341827299997, 0.38808909100009714], [-77.16510009699988, 0.38941380400001435], [-77.14833831899983, 0.37589275900012353], [-77.12809753299996, 0.37967705700009446], [-77.11218261699986, 0.37169319400004497], [-77.10559844899996, 0.3421417180001072], [-77.08158111599988, 0.31761735700013105], [-77.08892059199991, 0.30171147000010023], [-77.07755279499992, 0.2854887260000396], [-77.04489135699998, 0.29086905700012267], [-77.02730560299995, 0.2778394520000802], [-77.00815582299998, 0.2945863610000288], [-76.98305511399997, 0.2665172229999939], [-76.9312057489999, 0.27644682000010334], [-76.93509674099988, 0.26240733300011243], [-76.90597534199992, 0.2460566620000577], [-76.87979888799998, 0.25224465200011537], [-76.84294891399992, 0.23962981900007208], [-76.79614257799989, 0.26488605200012216], [-76.78553772099997, 0.26295638000016197], [-76.76918792699996, 0.24312271200011537], [-76.75162506199996, 0.2533671270001605], [-76.76605987599987, 0.2640554010000642], [-76.7326049809999, 0.28911733600006073], [-76.71260833799994, 0.26947730900013767], [-76.70175170999988, 0.27920574000012266], [-76.67926788399996, 0.27019321900007753], [-76.65647125299995, 0.2714220290001208], [-76.65352630499984, 0.2517769930000213], [-76.62696075499997, 0.26273256600012473], [-76.58818054299996, 0.21932467799996402], [-76.56813049299996, 0.24412843600003953], [-76.53408813499988, 0.25927290300012373], [-76.50310516399998, 0.23686106500008464], [-76.44772338899998, 0.2400274440000203], [-76.44459533699995, 0.2560048410001059], [-76.43450164899997, 0.25806835300011244], [-76.42414855899989, 0.2523363820000668], [-76.42964172399991, 0.24093249499998137], [-76.42325591999992, 0.23494245100016542], [-76.41205596999998, 0.24161452100014458], [-76.41204071099997, 0.38067069800013087], [-76.3695678709999, 0.3949201699999776], [-76.3461151119999, 0.3803022210001359], [-76.33423614599997, 0.38810113100004173], [-76.33149719199992, 0.4130993790001867], [-76.3139953619999, 0.43423676600002636], [-76.29712676899999, 0.4216783340000916], [-76.27610778699989, 0.4369540210000764], [-76.25872802699996, 0.4254261260000476], [-76.25706481999998, 0.4017162029999781], [-76.23278808699996, 0.4030116190000399], [-76.22619628799998, 0.37666079399997443], [-76.20792388899997, 0.38639461900004335], [-76.19380187999991, 0.37376889600017194], [-76.17751312199988, 0.3720975530001738], [-76.15898895399994, 0.3894994860000338], [-76.13048553499993, 0.37062710600008586], [-76.11424255399999, 0.316504061000046], [-76.10433959999995, 0.3137353370001392], [-76.08657836799995, 0.3344873780000057], [-76.06939697299998, 0.33681091600010404], [-76.05074310399993, 0.329670042000032], [-76.04611205999998, 0.30611437600009594], [-76.00695037899999, 0.29905575500004034], [-75.99756622199999, 0.26843372100012175], [-75.98220825199991, 0.25856229700013955], [-76.00395965699988, 0.2558400930001312], [-76.0042419429999, 0.24839879600006043], [-75.96401214499997, 0.24067714800008844], [-75.95235443099989, 0.22178919600014524], [-75.94439697299998, 0.23066261400015264], [-75.95647430399998, 0.2056177560000947], [-75.93656921399997, 0.20018212600007246], [-75.91311645499997, 0.1697028290000162], [-75.89604949999995, 0.1599733390000324], [-75.90571594299996, 0.13950784500013924], [-75.88410949799999, 0.14079762900007609], [-75.88098144399999, 0.12033327700009977], [-75.87230682299997, 0.11875966200017274], [-75.86107635399998, 0.13536122500005376], [-75.85198211699998, 0.1300668730000325], [-75.81814575199996, 0.08301854100011496], [-75.80733489999994, 0.050211411000134376], [-75.78643798899998, 0.05522108100018386], [-75.73881530699992, 0.032895531000008305], [-75.71179962099995, 0.04234220900002583], [-75.6638870239999, 0.042915922000020146], [-75.65066528399984, 0.03017773000010493], [-75.63772582999991, 0.04778270100007376], [-75.62934112499994, 0.027601849000063794], [-75.6053085339999, 0.013432481000108965], [-75.58184814399982, 0.014005021000059514], [-75.58355712899998, -0.015193848999956572], [-75.57673644999983, -0.023924778999912633], [-75.53091430699993, -0.01810622899995451], [-75.50507354699988, -0.047972339999944325], [-75.46938323899997, -0.049547839999888765], [-75.42734527699992, -0.08614011099990648], [-75.38619995099992, -0.09750238799989575], [-75.35577392599993, -0.0909188599999311], [-75.32775878799998, -0.10480496899981517], [-75.29875183099989, -0.10595125599996891], [-75.27284240699993, -0.12622046399991405], [-75.25601959199997, -0.11988890199995694], [-75.28417205799997, -0.14177194199993437], [-75.28923034699989, -0.15484164699995517], [-75.29632568299996, -0.14875654799993754], [-75.29924011199995, -0.15532410099990557], [-75.30639648399995, -0.15020999399990842], [-75.31655883799993, -0.15869000499986896], [-75.34349059999994, -0.1549299949999181], [-75.35625457799989, -0.1624797879999278], [-75.35302734399994, -0.14860418499989692], [-75.36445617699985, -0.14659002299987378], [-75.36856841999992, -0.16427159199986363], [-75.40825652999996, -0.16806900499989297], [-75.43254089299995, -0.15337093099986987], [-75.4602355959999, -0.15247338999995463], [-75.47893524199998, -0.13237273699985508], [-75.4993362429999, -0.12969489399995382], [-75.51596069399989, -0.11497712799990722], [-75.53937530399992, -0.11513800199998059], [-75.55191040099999, -0.1309179949998338], [-75.56880950899995, -0.13183717499993008], [-75.57749938999996, -0.12077256199989961], [-75.59600830099993, -0.12094210099996872], [-75.60630035499997, -0.1095968029998744], [-75.61019897499989, -0.19301947999991853], [-75.58854675299995, -0.18977606199996444], [-75.57897949199997, -0.17792993799992018], [-75.56932830799997, -0.18527784899993094], [-75.54151916499995, -0.17541357799990465], [-75.5137023929999, -0.19718213399983142], [-75.49827575599994, -0.22748677499993164], [-75.48226928799988, -0.23692299499987257], [-75.47899627699996, -0.2684927889999358], [-75.46915435899996, -0.2812972359999435], [-75.47489929299991, -0.2929826079999316], [-75.46459197999991, -0.29964259199994103], [-75.46361541699997, -0.3176705529999708], [-75.41567993099989, -0.39639100499988444], [-75.4007415779999, -0.40017306899983396], [-75.38817596399991, -0.4339725069999645], [-75.3561248769999, -0.44682228499993926], [-75.34786987299998, -0.4642199859999323], [-75.32503509499998, -0.452601968999943], [-75.3271255489999, -0.46027022599997736], [-75.31107330399993, -0.4739494919999174], [-75.31312560999999, -0.4943799079998712], [-75.30052947999997, -0.492405055999825], [-75.29528808599991, -0.5060645329999716], [-75.28633880699994, -0.49691569699990623], [-75.27011871399998, -0.5053399789998707], [-75.27565765399999, -0.5158489939999527], [-75.26479339499991, -0.5233216879998963], [-75.26525115899994, -0.5336796639999193], [-75.24952697699996, -0.5195299979998822], [-75.24275207499988, -0.5389000169999463], [-75.24796295099992, -0.5446100219999721], [-75.23293304399988, -0.5508409739999252], [-75.22956085199996, -0.5569490199999336], [-75.23587798999995, -0.5595790139999508], [-75.22472381499995, -0.5700590619999275], [-75.24023437399995, -0.5807083839999336], [-75.24023437399995, -0.6017895329998737], [-75.23042297399996, -0.6047790039999654], [-75.23741149899996, -0.6120899919999374], [-75.22619628899992, -0.62232774499995], [-75.23986053399994, -0.6319689749998929], [-75.24022674599996, -0.6452800039999147], [-75.24608612099996, -0.6388486019998822], [-75.24887847899993, -0.6473619329999565], [-75.25748443499992, -0.643308996999906], [-75.25862884599997, -0.6560053819998757], [-75.26607513499994, -0.6446111199999223], [-75.28697204699984, -0.6545764809998786], [-75.28540039099983, -0.6199623939999128], [-75.30526733399995, -0.6317743649999557], [-75.31914520199996, -0.6139311189999717], [-75.3424682619999, -0.6234246499999472], [-75.3680496209999, -0.6021620039999789], [-75.38469696099992, -0.6092068549999681], [-75.40343475399999, -0.5649160139999481], [-75.42482757599998, -0.5661778449999701], [-75.44966125499991, -0.5497330419998434], [-75.46694183299991, -0.546235023999941], [-75.48408508299997, -0.5573300719999565], [-75.4945068369999, -0.5442829729998948], [-75.50803375299995, -0.5571232439999676], [-75.5350036619999, -0.5419211969999083], [-75.55788421599988, -0.5485045309998782], [-75.55997466999992, -0.5227775569999267], [-75.57437133899998, -0.5189948089999348], [-75.56878661999991, -0.5023226729999806], [-75.57554626399991, -0.4925055799999427], [-75.59056091299993, -0.5063397279999435], [-75.59768676699997, -0.48494029099992986], [-75.64717865099993, -0.46827444299987064], [-75.65354156399997, -0.45214760199991133], [-75.70088958799988, -0.4728416799999309], [-75.71783447199994, -0.4662279479999256], [-75.72341918899997, -0.4426378599999339], [-75.74819183399995, -0.41990536499992004], [-75.76963043099983, -0.42466315699994084], [-75.77804565299994, -0.4195061919999148], [-75.82624053899997, -0.43775594199985335], [-75.83586120699988, -0.4258513449999555], [-75.8552703869999, -0.424191743999927], [-75.85222625699998, -0.4094406359999425], [-75.86163329999994, -0.4032162419999281], [-75.93193054199998, -0.40793225099992014], [-75.95508575399992, -0.4193398059999254], [-75.94059753499994, -0.5329589839998903]]]}}, {"id": "22", "type": "Feature", "properties": {"id_code": "18", "id_name": "TUNGURAHUA", "id_abbr": "TUN", "region": "Sierra", "province_label": "18 - TUNGURAHUA"}, "geometry": {"type": "Polygon", "coordinates": [[[-78.63636779699993, -1.5069085349999796], [-78.63227081299988, -1.5031667939999238], [-78.6364135739999, -1.4931646579999551], [-78.6883621209999, -1.4966715569999565], [-78.69273376499996, -1.4867733709999698], [-78.72646331899989, -1.4701313959999425], [-78.77261352599993, -1.4301253559999623], [-78.80049133299997, -1.4475477929998988], [-78.81373596099996, -1.4452177289999213], [-78.83290100099987, -1.461583495999946], [-78.84365081799996, -1.4595758919999753], [-78.85254669199998, -1.4708886139998754], [-78.87158203099989, -1.4683700789999534], [-78.90921783499994, -1.4315701719999652], [-78.91670227099996, -1.4099605089999727], [-78.93189239499992, -1.4018346059999658], [-78.92559814499998, -1.3925758599999654], [-78.93173980799992, -1.3838939659999596], [-78.92712402399991, -1.3756930829998169], [-78.93919372499983, -1.36049282599987], [-78.93441772599988, -1.3379328239999495], [-78.91532897899992, -1.3252140279998912], [-78.91449737499994, -1.3085081579999382], [-78.89781951899988, -1.2950735079999731], [-78.88118743899997, -1.2591040129999556], [-78.89068603399994, -1.2543383839999365], [-78.89348602299998, -1.2244150639999134], [-78.86217498799994, -1.1915590749998728], [-78.85908508299997, -1.1738905899999281], [-78.84591674899997, -1.183051943999942], [-78.7973403929999, -1.1447511919999442], [-78.78043365499991, -1.146243691999814], [-78.7451629649999, -1.1322778469999548], [-78.72507476899995, -1.15018629899987], [-78.67381286699992, -1.1450539829999684], [-78.66523742699997, -1.1546220769998854], [-78.65968322699996, -1.1423571099999208], [-78.62592315699993, -1.1264040469998804], [-78.6134490959999, -1.110120176999942], [-78.58575439499992, -1.120919107999839], [-78.56753540099999, -1.115499257999943], [-78.57037353499999, -1.09633338499998], [-78.56246948199998, -1.0841085899999712], [-78.56731414799998, -1.0743697889998316], [-78.57652282799995, -1.073913692999838], [-78.55921173099989, -1.0588567249999414], [-78.52342224199992, -1.0592792039998926], [-78.50212860099998, -1.0941750989999264], [-78.46591949499992, -1.0880571599998916], [-78.44634246799995, -1.0612493759998642], [-78.44574737499994, -1.0474817759998132], [-78.43460082999997, -1.0464305869999748], [-78.41010284399988, -1.0193915369998763], [-78.40394592299992, -0.9942758079999408], [-78.37457275399998, -1.0058109759999638], [-78.36115264799992, -0.9986955519999015], [-78.32616424599996, -1.0438277719998155], [-78.33226776199996, -1.085137725999914], [-78.34294891299999, -1.0976936819998855], [-78.33409881499995, -1.109963893999975], [-78.33796691899988, -1.1350991719999115], [-78.35938262999991, -1.1609320649999404], [-78.35094451999993, -1.1737781769999174], [-78.32209014999995, -1.1648629889999143], [-78.31133270299995, -1.1428463449998958], [-78.26675414999988, -1.1390912539998794], [-78.2640457149999, -1.1570471529998372], [-78.24617004499993, -1.154213069999912], [-78.22916412299992, -1.1390187729999184], [-78.19001770099993, -1.1587193009999623], [-78.1870040899999, -1.1834555859999796], [-78.16949462899987, -1.1876646279999363], [-78.15261077899999, -1.1795758009999417], [-78.13449859699995, -1.182292102999952], [-78.12916564999983, -1.1917636399999196], [-78.11663818299996, -1.1888378849999413], [-78.12469482499995, -1.2255868919999102], [-78.11833953799999, -1.2687540049999484], [-78.11006927499994, -1.2788479329999518], [-78.12170410199991, -1.3369352819998426], [-78.11932373099995, -1.3624523879999515], [-78.12912750299995, -1.3674558399999341], [-78.12835693399995, -1.384181020999904], [-78.14829254099993, -1.3972554209998975], [-78.14318084699994, -1.4126623859999654], [-78.15116882299998, -1.4294197559999589], [-78.19237518399996, -1.4553759099999297], [-78.1968841559999, -1.4748919019999107], [-78.21752929799993, -1.4737489229999028], [-78.22301483199993, -1.487154721999957], [-78.26531982499989, -1.5033228389999636], [-78.27632904099988, -1.4983339299998875], [-78.27902221699998, -1.4819819919998167], [-78.29761505099992, -1.4800386429999435], [-78.31707763799989, -1.497509478999973], [-78.34519195499996, -1.5035542249999025], [-78.34860992499995, -1.5235612399999354], [-78.36454772999997, -1.5142779349998818], [-78.36446380599995, -1.4969638589999477], [-78.38719940099998, -1.4941594599999348], [-78.3954086309999, -1.484602569999936], [-78.42332458399989, -1.4853476289999321], [-78.4933471679999, -1.445349096999962], [-78.49948882999996, -1.4339450599999282], [-78.51318359399994, -1.4741833209998845], [-78.54212951599993, -1.4600710869998466], [-78.53990936199995, -1.4797848459999159], [-78.56307983499994, -1.4756475679998857], [-78.58582305899995, -1.4903867249999507], [-78.60437011699992, -1.4903217549999113], [-78.62220764099999, -1.507324576999963], [-78.63636779699993, -1.5069085349999796]]]}}, {"id": "23", "type": "Feature", "properties": {"id_code": "19", "id_name": "ZAMORA CHINCHIPE", "id_abbr": "ZAM", "region": "Amazonia", "province_label": "19 - ZAMORA CHINCHIPE"}, "geometry": {"type": "Polygon", "coordinates": [[[-79.0749511709999, -4.966127870999969], [-79.11389923099989, -4.9747390749998885], [-79.14785766499989, -4.9580531129999486], [-79.1818466179999, -4.954967020999959], [-79.26521301199989, -4.9670524589999445], [-79.30626678499988, -4.89850473499996], [-79.32015228299991, -4.900644779999936], [-79.33423614599991, -4.883377550999967], [-79.34598541199995, -4.8855729089999045], [-79.36571502599992, -4.837037086999942], [-79.39482879599996, -4.8309440609999115], [-79.42765808099995, -4.747295378999922], [-79.41883087199994, -4.7252459529999555], [-79.39832305899989, -4.718365190999975], [-79.39475250199996, -4.67889642699987], [-79.38071441599999, -4.656979559999854], [-79.35926055899995, -4.649496078999903], [-79.35311126799996, -4.625094889999957], [-79.33327484099988, -4.606092929999875], [-79.32743072499994, -4.577663420999954], [-79.33726501499996, -4.547293661999959], [-79.32782745299988, -4.531790255999908], [-79.32749175999993, -4.509317397999837], [-79.31534576399986, -4.510334967999938], [-79.29058837799994, -4.476661204999971], [-79.27985381999991, -4.473132131999876], [-79.27142333999996, -4.473773001999973], [-79.26327514599996, -4.48808765299998], [-79.24829101599988, -4.482602118999978], [-79.22402954199998, -4.492973326999959], [-79.20883941699998, -4.5105414379999615], [-79.19824218799988, -4.482196806999923], [-79.18932342499994, -4.474255561999939], [-79.16637420699993, -4.475540159999923], [-79.15911865299995, -4.451748369999962], [-79.1466522209999, -4.4478168479998885], [-79.14173889099999, -4.432395935999921], [-79.1199417119999, -4.426126001999933], [-79.11135864199991, -4.406732082999952], [-79.11534118599997, -4.390435694999894], [-79.10742187499989, -4.358709812999905], [-79.11570739799987, -4.341009615999894], [-79.10895538399996, -4.333980083999961], [-79.12101745699994, -4.3083415029999514], [-79.10616302399995, -4.289237499999956], [-79.11473083499999, -4.267402171999947], [-79.10580444399994, -4.26011943799989], [-79.1089782709999, -4.224644660999957], [-79.10057067899987, -4.209260462999907], [-79.10793304399994, -4.185014723999927], [-79.1347961429999, -4.161308764999944], [-79.15997314499992, -4.153311727999949], [-79.16274261499996, -4.114850042999876], [-79.15354156399997, -4.066674708999869], [-79.1399078369999, -4.056611061999888], [-79.13639068499998, -4.035818099999972], [-79.14608001699997, -4.017826079999963], [-79.14294433499998, -3.9735364909999475], [-79.15144348099994, -3.963797329999977], [-79.13952636699997, -3.949978589999887], [-79.14832305899995, -3.925209759999973], [-79.12957763599996, -3.8781323429999475], [-79.14542388899997, -3.8562793719999036], [-79.14302063099996, -3.8220994479999035], [-79.15699005099992, -3.8184721479998984], [-79.16036987399997, -3.80483460399995], [-79.17663574099998, -3.794244289999881], [-79.1789932239999, -3.7655942449999316], [-79.19052886999992, -3.7522790429999304], [-79.19613647499995, -3.726026772999944], [-79.17632293599996, -3.711042880999969], [-79.16162872299998, -3.7152183049999508], [-79.15415191699992, -3.692551134999917], [-79.15764617899998, -3.6630625729999338], [-79.14686584399999, -3.6594483859999514], [-79.14119720499991, -3.666385888999912], [-79.10749816899983, -3.6477918619999627], [-79.11105346799991, -3.636654614999941], [-79.10280609099993, -3.628737211999976], [-79.05809783899997, -3.6103310589999182], [-79.05627441399992, -3.598543166999889], [-79.06896209799999, -3.5907146929998817], [-79.04486846899988, -3.576726436999877], [-79.05672454899997, -3.572186469999963], [-79.0460815429999, -3.5494425289999754], [-79.05707550099999, -3.5407724379999195], [-79.06730651799995, -3.5028040409998766], [-79.04290008499999, -3.4725577829998997], [-79.0560379019999, -3.459061145999897], [-79.06088256899994, -3.438235519999921], [-79.06875610299988, -3.437943458999939], [-79.05755615299995, -3.427940367999952], [-79.0507736209999, -3.399805544999822], [-78.98968505799996, -3.3534419539998908], [-78.96937561099998, -3.353443861999949], [-78.96166992299993, -3.3434228899999425], [-78.94726562499994, -3.3421673779998855], [-78.9162216179999, -3.367054939999946], [-78.90156555099998, -3.3941524019999747], [-78.88137054499992, -3.40139818199998], [-78.87476348799993, -3.4219133849999253], [-78.88066101199996, -3.446950910999931], [-78.86706542999991, -3.4647238259998403], [-78.87052154399998, -3.5022673609999515], [-78.85615539599996, -3.516102075999868], [-78.84371185299995, -3.51669716899994], [-78.8318023679999, -3.549368619999825], [-78.78633117699991, -3.550636051999959], [-78.75463867199994, -3.568738937999967], [-78.72078704799992, -3.5619661809999457], [-78.6841735839999, -3.587743997999951], [-78.6672515869999, -3.5496368399998914], [-78.63119506899994, -3.5343291759999715], [-78.58725738599992, -3.55127334499997], [-78.53495788499987, -3.537534950999941], [-78.53480529799992, -3.528186319999918], [-78.36514282199994, -3.5292737489999126], [-78.3652725209999, -3.5313878049999516], [-78.39214324999995, -3.560125826999922], [-78.38431549099982, -3.567741630999876], [-78.39353179999995, -3.5813949109999044], [-78.39839172299992, -3.6214902399999573], [-78.38706207199988, -3.6412000659998967], [-78.40214538599997, -3.651388167999869], [-78.39293670699993, -3.6780893799999035], [-78.39987182699997, -3.6902160649999587], [-78.41687774699994, -3.6859970099999373], [-78.42355346699992, -3.6929409499999224], [-78.41648864799998, -3.7193129059999706], [-78.42192077599992, -3.7241735459999745], [-78.40610504199998, -3.7441296569999167], [-78.41744995099992, -3.7670364379998773], [-78.40843963599997, -3.772443532999887], [-78.41171264699994, -3.7887401569999497], [-78.43284606999998, -3.816534041999944], [-78.46472930899995, -3.827394485999946], [-78.45918273899986, -3.837565182999924], [-78.47895049999994, -3.8681697839999742], [-78.4770660399999, -3.881700277999869], [-78.4858169549999, -3.8922457699999313], [-78.47692871099991, -3.907771349999962], [-78.49021911599993, -3.9361710549999316], [-78.52398681599999, -3.937322376999873], [-78.54307556099997, -3.975261449999948], [-78.56663513199993, -3.993287086999885], [-78.5683364869999, -4.046582221999927], [-78.55307006899994, -4.053325652999945], [-78.54141235299994, -4.074802398999964], [-78.56880188099996, -4.103138923999893], [-78.58264922999996, -4.135981082999876], [-78.57773590199986, -4.196597575999874], [-78.60662078799999, -4.21981096199994], [-78.60121917699996, -4.25272607699992], [-78.61090087899998, -4.264800547999869], [-78.6148147589999, -4.290766238999879], [-78.64499664399989, -4.315008162999959], [-78.64177703799993, -4.331908701999964], [-78.65120696999992, -4.361944674999961], [-78.64076232799994, -4.37388896899995], [-78.64084625199996, -4.4014897349998705], [-78.6317367549999, -4.415807723999933], [-78.60378265499997, -4.410000800999967], [-78.60158538699989, -4.4241180429999645], [-78.6214065559999, -4.436291217999894], [-78.63541412399996, -4.465191839999818], [-78.63462829599996, -4.501190661999942], [-78.66067499999991, -4.52773499999995], [-78.65615844699988, -4.563424110999961], [-78.66271199999989, -4.569001999999955], [-78.66234600099989, -4.590067999999917], [-78.67904699999991, -4.59389299999998], [-78.7061462389999, -4.6240591999999765], [-78.76253509399993, -4.628917216999923], [-78.77279662999996, -4.641608713999915], [-78.8039474489999, -4.63685131099993], [-78.85530853399996, -4.666677473999869], [-78.86341857899998, -4.690954683999962], [-78.89073181099991, -4.719662666999909], [-78.88933563299997, -4.760223387999872], [-78.91487121499989, -4.780508994999934], [-78.89155578699996, -4.808287142999973], [-78.91336059599996, -4.853141783999888], [-78.89159393399996, -4.871673582999961], [-78.89417266799995, -4.885650157999976], [-78.97212982299993, -4.891401766999877], [-78.9840316779999, -4.942262172999904], [-79.00488281299994, -4.976819991999946], [-79.01517486499989, -5.0158033359999195], [-79.03466796899994, -5.01319551399996], [-79.05041503899997, -4.988580225999897], [-79.06763458299991, -4.987996100999965], [-79.0749511709999, -4.966127870999969]]]}}]}