isic_code,isic_name,section_code,section_name,division_code,group_code,tradable_atlas,confidence_atlas,mixed_atlas,tradable_regional,confidence_regional,mixed_regional,rationale
0111,"Growing of cereals (except rice), leguminous crops and oil seeds",A,"Agriculture, forestry and fishing",01,011,tradable,0.96,False,tradable,0.96,False,"Primary agricultural/forestry/fishing output (growing of cereals (except rice), leguminous crops and oil seeds) is a physical commodity shipped to national and export markets; tradable under both Atlas and regional definitions."
0112,Growing of rice,A,"Agriculture, forestry and fishing",01,011,tradable,0.96,False,tradable,0.96,False,Primary agricultural/forestry/fishing output (growing of rice) is a physical commodity shipped to national and export markets; tradable under both Atlas and regional definitions.
0113,"Growing of vegetables and melons, roots and tubers",A,"Agriculture, forestry and fishing",01,011,tradable,0.96,False,tradable,0.96,False,"Primary agricultural/forestry/fishing output (growing of vegetables and melons, roots and tubers) is a physical commodity shipped to national and export markets; tradable under both Atlas and regional definitions."
0114,Growing of sugar cane,A,"Agriculture, forestry and fishing",01,011,tradable,0.96,False,tradable,0.96,False,Primary agricultural/forestry/fishing output (growing of sugar cane) is a physical commodity shipped to national and export markets; tradable under both Atlas and regional definitions.
0115,Growing of tobacco,A,"Agriculture, forestry and fishing",01,011,tradable,0.96,False,tradable,0.96,False,Primary agricultural/forestry/fishing output (growing of tobacco) is a physical commodity shipped to national and export markets; tradable under both Atlas and regional definitions.
0116,Growing of fibre crops,A,"Agriculture, forestry and fishing",01,011,tradable,0.96,False,tradable,0.96,False,Primary agricultural/forestry/fishing output (growing of fibre crops) is a physical commodity shipped to national and export markets; tradable under both Atlas and regional definitions.
0119,Growing of other non-perennial crops,A,"Agriculture, forestry and fishing",01,011,tradable,0.96,False,tradable,0.96,False,Primary agricultural/forestry/fishing output (growing of other non-perennial crops) is a physical commodity shipped to national and export markets; tradable under both Atlas and regional definitions.
0121,Growing of grapes,A,"Agriculture, forestry and fishing",01,012,tradable,0.96,False,tradable,0.96,False,Primary agricultural/forestry/fishing output (growing of grapes) is a physical commodity shipped to national and export markets; tradable under both Atlas and regional definitions.
0122,Growing of tropical and subtropical fruits,A,"Agriculture, forestry and fishing",01,012,tradable,0.96,False,tradable,0.96,False,Primary agricultural/forestry/fishing output (growing of tropical and subtropical fruits) is a physical commodity shipped to national and export markets; tradable under both Atlas and regional definitions.
0123,Growing of citrus fruits,A,"Agriculture, forestry and fishing",01,012,tradable,0.96,False,tradable,0.96,False,Primary agricultural/forestry/fishing output (growing of citrus fruits) is a physical commodity shipped to national and export markets; tradable under both Atlas and regional definitions.
0124,Growing of pome fruits and stone fruits,A,"Agriculture, forestry and fishing",01,012,tradable,0.96,False,tradable,0.96,False,Primary agricultural/forestry/fishing output (growing of pome fruits and stone fruits) is a physical commodity shipped to national and export markets; tradable under both Atlas and regional definitions.
0125,Growing of other tree and bush fruits and nuts,A,"Agriculture, forestry and fishing",01,012,tradable,0.96,False,tradable,0.96,False,Primary agricultural/forestry/fishing output (growing of other tree and bush fruits and nuts) is a physical commodity shipped to national and export markets; tradable under both Atlas and regional definitions.
0126,Growing of oleaginous fruits,A,"Agriculture, forestry and fishing",01,012,tradable,0.96,False,tradable,0.96,False,Primary agricultural/forestry/fishing output (growing of oleaginous fruits) is a physical commodity shipped to national and export markets; tradable under both Atlas and regional definitions.
0127,Growing of beverage crops,A,"Agriculture, forestry and fishing",01,012,tradable,0.96,False,tradable,0.96,False,Primary agricultural/forestry/fishing output (growing of beverage crops) is a physical commodity shipped to national and export markets; tradable under both Atlas and regional definitions.
0128,"Growing of spices, aromatic, drug and pharmaceutical crops",A,"Agriculture, forestry and fishing",01,012,tradable,0.96,False,tradable,0.96,False,"Primary agricultural/forestry/fishing output (growing of spices, aromatic, drug and pharmaceutical crops) is a physical commodity shipped to national and export markets; tradable under both Atlas and regional definitions."
0129,Growing of other perennial crops,A,"Agriculture, forestry and fishing",01,012,tradable,0.96,False,tradable,0.96,False,Primary agricultural/forestry/fishing output (growing of other perennial crops) is a physical commodity shipped to national and export markets; tradable under both Atlas and regional definitions.
0130,Plant propagation,A,"Agriculture, forestry and fishing",01,013,tradable,0.96,False,tradable,0.96,False,Primary agricultural/forestry/fishing output (plant propagation) is a physical commodity shipped to national and export markets; tradable under both Atlas and regional definitions.
0141,Raising of cattle and buffaloes,A,"Agriculture, forestry and fishing",01,014,tradable,0.96,False,tradable,0.96,False,Primary agricultural/forestry/fishing output (raising of cattle and buffaloes) is a physical commodity shipped to national and export markets; tradable under both Atlas and regional definitions.
0142,Raising of horses and other equines,A,"Agriculture, forestry and fishing",01,014,tradable,0.96,False,tradable,0.96,False,Primary agricultural/forestry/fishing output (raising of horses and other equines) is a physical commodity shipped to national and export markets; tradable under both Atlas and regional definitions.
0143,Raising of camels and camelids,A,"Agriculture, forestry and fishing",01,014,tradable,0.96,False,tradable,0.96,False,Primary agricultural/forestry/fishing output (raising of camels and camelids) is a physical commodity shipped to national and export markets; tradable under both Atlas and regional definitions.
0144,Raising of sheep and goats,A,"Agriculture, forestry and fishing",01,014,tradable,0.96,False,tradable,0.96,False,Primary agricultural/forestry/fishing output (raising of sheep and goats) is a physical commodity shipped to national and export markets; tradable under both Atlas and regional definitions.
0145,Raising of swine/pigs,A,"Agriculture, forestry and fishing",01,014,tradable,0.96,False,tradable,0.96,False,Primary agricultural/forestry/fishing output (raising of swine/pigs) is a physical commodity shipped to national and export markets; tradable under both Atlas and regional definitions.
0146,Raising of poultry,A,"Agriculture, forestry and fishing",01,014,tradable,0.96,False,tradable,0.96,False,Primary agricultural/forestry/fishing output (raising of poultry) is a physical commodity shipped to national and export markets; tradable under both Atlas and regional definitions.
0149,Raising of other animals,A,"Agriculture, forestry and fishing",01,014,tradable,0.96,False,tradable,0.96,False,Primary agricultural/forestry/fishing output (raising of other animals) is a physical commodity shipped to national and export markets; tradable under both Atlas and regional definitions.
0150,Mixed farming,A,"Agriculture, forestry and fishing",01,015,tradable,0.96,False,tradable,0.96,False,Primary agricultural/forestry/fishing output (mixed farming) is a physical commodity shipped to national and export markets; tradable under both Atlas and regional definitions.
0161,Support activities for crop production,A,"Agriculture, forestry and fishing",01,016,tradable,0.96,False,tradable,0.96,False,Primary agricultural/forestry/fishing output (support activities for crop production) is a physical commodity shipped to national and export markets; tradable under both Atlas and regional definitions.
0162,Support activities for animal production,A,"Agriculture, forestry and fishing",01,016,tradable,0.96,False,tradable,0.96,False,Primary agricultural/forestry/fishing output (support activities for animal production) is a physical commodity shipped to national and export markets; tradable under both Atlas and regional definitions.
0163,Post-harvest crop activities,A,"Agriculture, forestry and fishing",01,016,tradable,0.96,False,tradable,0.96,False,Primary agricultural/forestry/fishing output (post-harvest crop activities) is a physical commodity shipped to national and export markets; tradable under both Atlas and regional definitions.
0164,Seed processing for propagation,A,"Agriculture, forestry and fishing",01,016,tradable,0.96,False,tradable,0.96,False,Primary agricultural/forestry/fishing output (seed processing for propagation) is a physical commodity shipped to national and export markets; tradable under both Atlas and regional definitions.
0170,"Hunting, trapping and related service activities",A,"Agriculture, forestry and fishing",01,017,tradable,0.96,False,tradable,0.96,False,"Primary agricultural/forestry/fishing output (hunting, trapping and related service activities) is a physical commodity shipped to national and export markets; tradable under both Atlas and regional definitions."
0210,Silviculture and other forestry activities,A,"Agriculture, forestry and fishing",02,021,tradable,0.96,False,tradable,0.96,False,Primary agricultural/forestry/fishing output (silviculture and other forestry activities) is a physical commodity shipped to national and export markets; tradable under both Atlas and regional definitions.
0220,Logging,A,"Agriculture, forestry and fishing",02,022,tradable,0.96,False,tradable,0.96,False,Primary agricultural/forestry/fishing output (logging) is a physical commodity shipped to national and export markets; tradable under both Atlas and regional definitions.
0230,Gathering of non-wood forest products,A,"Agriculture, forestry and fishing",02,023,tradable,0.96,False,tradable,0.96,False,Primary agricultural/forestry/fishing output (gathering of non-wood forest products) is a physical commodity shipped to national and export markets; tradable under both Atlas and regional definitions.
0240,Support services to forestry,A,"Agriculture, forestry and fishing",02,024,tradable,0.96,False,tradable,0.96,False,Primary agricultural/forestry/fishing output (support services to forestry) is a physical commodity shipped to national and export markets; tradable under both Atlas and regional definitions.
0311,Marine fishing,A,"Agriculture, forestry and fishing",03,031,tradable,0.96,False,tradable,0.96,False,Primary agricultural/forestry/fishing output (marine fishing) is a physical commodity shipped to national and export markets; tradable under both Atlas and regional definitions.
0312,Freshwater fishing,A,"Agriculture, forestry and fishing",03,031,tradable,0.96,False,tradable,0.96,False,Primary agricultural/forestry/fishing output (freshwater fishing) is a physical commodity shipped to national and export markets; tradable under both Atlas and regional definitions.
0321,Marine aquaculture,A,"Agriculture, forestry and fishing",03,032,tradable,0.96,False,tradable,0.96,False,Primary agricultural/forestry/fishing output (marine aquaculture) is a physical commodity shipped to national and export markets; tradable under both Atlas and regional definitions.
0322,Freshwater aquaculture,A,"Agriculture, forestry and fishing",03,032,tradable,0.96,False,tradable,0.96,False,Primary agricultural/forestry/fishing output (freshwater aquaculture) is a physical commodity shipped to national and export markets; tradable under both Atlas and regional definitions.
0510,Mining of hard coal,B,Mining and quarrying,05,051,tradable,0.95,False,tradable,0.95,False,Mining/quarrying output (mining of hard coal) is a physical raw commodity traded internationally and across regions; tradable under both definitions.
0520,Mining of lignite,B,Mining and quarrying,05,052,tradable,0.95,False,tradable,0.95,False,Mining/quarrying output (mining of lignite) is a physical raw commodity traded internationally and across regions; tradable under both definitions.
0610,Extraction of crude petroleum,B,Mining and quarrying,06,061,tradable,0.95,False,tradable,0.95,False,Mining/quarrying output (extraction of crude petroleum) is a physical raw commodity traded internationally and across regions; tradable under both definitions.
0620,Extraction of natural gas,B,Mining and quarrying,06,062,tradable,0.95,False,tradable,0.95,False,Mining/quarrying output (extraction of natural gas) is a physical raw commodity traded internationally and across regions; tradable under both definitions.
0710,Mining of iron ores,B,Mining and quarrying,07,071,tradable,0.95,False,tradable,0.95,False,Mining/quarrying output (mining of iron ores) is a physical raw commodity traded internationally and across regions; tradable under both definitions.
0721,Mining of uranium and thorium ores,B,Mining and quarrying,07,072,tradable,0.95,False,tradable,0.95,False,Mining/quarrying output (mining of uranium and thorium ores) is a physical raw commodity traded internationally and across regions; tradable under both definitions.
0729,Mining of other non-ferrous metal ores,B,Mining and quarrying,07,072,tradable,0.95,False,tradable,0.95,False,Mining/quarrying output (mining of other non-ferrous metal ores) is a physical raw commodity traded internationally and across regions; tradable under both definitions.
0810,"Quarrying of stone, sand and clay",B,Mining and quarrying,08,081,tradable,0.95,False,tradable,0.95,False,"Mining/quarrying output (quarrying of stone, sand and clay) is a physical raw commodity traded internationally and across regions; tradable under both definitions."
0891,Mining of chemical and fertilizer minerals,B,Mining and quarrying,08,089,tradable,0.95,False,tradable,0.95,False,Mining/quarrying output (mining of chemical and fertilizer minerals) is a physical raw commodity traded internationally and across regions; tradable under both definitions.
0892,Extraction of peat,B,Mining and quarrying,08,089,tradable,0.95,False,tradable,0.95,False,Mining/quarrying output (extraction of peat) is a physical raw commodity traded internationally and across regions; tradable under both definitions.
0893,Extraction of salt,B,Mining and quarrying,08,089,tradable,0.95,False,tradable,0.95,False,Mining/quarrying output (extraction of salt) is a physical raw commodity traded internationally and across regions; tradable under both definitions.
0899,Other mining and quarrying n.e.c.,B,Mining and quarrying,08,089,tradable,0.95,False,tradable,0.95,False,Mining/quarrying output (other mining and quarrying n.e.c.) is a physical raw commodity traded internationally and across regions; tradable under both definitions.
0910,Support activities for petroleum and natural gas extraction,B,Mining and quarrying,09,091,tradable,0.95,False,tradable,0.95,False,Mining/quarrying output (support activities for petroleum and natural gas extraction) is a physical raw commodity traded internationally and across regions; tradable under both definitions.
0990,Support activities for other mining and quarrying,B,Mining and quarrying,09,099,tradable,0.95,False,tradable,0.95,False,Mining/quarrying output (support activities for other mining and quarrying) is a physical raw commodity traded internationally and across regions; tradable under both definitions.
1010,Processing and preserving of meat,C,Manufacturing,10,101,tradable,0.93,False,tradable,0.93,False,"Manufactured physical good (processing and preserving of meat); ships to buyers in other provinces and abroad, so tradable under both Atlas and regional definitions."
1020,"Processing and preserving of fish, crustaceans and molluscs",C,Manufacturing,10,102,tradable,0.93,False,tradable,0.93,False,"Manufactured physical good (processing and preserving of fish, crustaceans and molluscs); ships to buyers in other provinces and abroad, so tradable under both Atlas and regional definitions."
1030,Processing and preserving of fruit and vegetables,C,Manufacturing,10,103,tradable,0.93,False,tradable,0.93,False,"Manufactured physical good (processing and preserving of fruit and vegetables); ships to buyers in other provinces and abroad, so tradable under both Atlas and regional definitions."
1040,Manufacture of vegetable and animal oils and fats,C,Manufacturing,10,104,tradable,0.93,False,tradable,0.93,False,"Manufactured physical good (manufacture of vegetable and animal oils and fats); ships to buyers in other provinces and abroad, so tradable under both Atlas and regional definitions."
1050,Manufacture of dairy products,C,Manufacturing,10,105,tradable,0.93,False,tradable,0.93,False,"Manufactured physical good (manufacture of dairy products); ships to buyers in other provinces and abroad, so tradable under both Atlas and regional definitions."
1061,Manufacture of grain mill products,C,Manufacturing,10,106,tradable,0.93,False,tradable,0.93,False,"Manufactured physical good (manufacture of grain mill products); ships to buyers in other provinces and abroad, so tradable under both Atlas and regional definitions."
1062,Manufacture of starches and starch products,C,Manufacturing,10,106,tradable,0.93,False,tradable,0.93,False,"Manufactured physical good (manufacture of starches and starch products); ships to buyers in other provinces and abroad, so tradable under both Atlas and regional definitions."
1071,Manufacture of bakery products,C,Manufacturing,10,107,tradable,0.93,False,tradable,0.93,False,"Manufactured physical good (manufacture of bakery products); ships to buyers in other provinces and abroad, so tradable under both Atlas and regional definitions."
1072,Manufacture of sugar,C,Manufacturing,10,107,tradable,0.93,False,tradable,0.93,False,"Manufactured physical good (manufacture of sugar); ships to buyers in other provinces and abroad, so tradable under both Atlas and regional definitions."
1073,"Manufacture of cocoa, chocolate and sugar confectionery",C,Manufacturing,10,107,tradable,0.93,False,tradable,0.93,False,"Manufactured physical good (manufacture of cocoa, chocolate and sugar confectionery); ships to buyers in other provinces and abroad, so tradable under both Atlas and regional definitions."
1074,"Manufacture of macaroni, noodles, couscous and similar farinaceous products",C,Manufacturing,10,107,tradable,0.93,False,tradable,0.93,False,"Manufactured physical good (manufacture of macaroni, noodles, couscous and similar farinaceous products); ships to buyers in other provinces and abroad, so tradable under both Atlas and regional definitions."
1075,Manufacture of prepared meals and dishes,C,Manufacturing,10,107,tradable,0.93,False,tradable,0.93,False,"Manufactured physical good (manufacture of prepared meals and dishes); ships to buyers in other provinces and abroad, so tradable under both Atlas and regional definitions."
1079,Manufacture of other food products n.e.c.,C,Manufacturing,10,107,tradable,0.93,False,tradable,0.93,False,"Manufactured physical good (manufacture of other food products n.e.c.); ships to buyers in other provinces and abroad, so tradable under both Atlas and regional definitions."
1080,Manufacture of prepared animal feeds,C,Manufacturing,10,108,tradable,0.93,False,tradable,0.93,False,"Manufactured physical good (manufacture of prepared animal feeds); ships to buyers in other provinces and abroad, so tradable under both Atlas and regional definitions."
1101,"Distilling, rectifying and blending of spirits",C,Manufacturing,11,110,tradable,0.93,False,tradable,0.93,False,"Manufactured physical good (distilling, rectifying and blending of spirits); ships to buyers in other provinces and abroad, so tradable under both Atlas and regional definitions."
1102,Manufacture of wines,C,Manufacturing,11,110,tradable,0.93,False,tradable,0.93,False,"Manufactured physical good (manufacture of wines); ships to buyers in other provinces and abroad, so tradable under both Atlas and regional definitions."
1103,Manufacture of malt liquors and malt,C,Manufacturing,11,110,tradable,0.93,False,tradable,0.93,False,"Manufactured physical good (manufacture of malt liquors and malt); ships to buyers in other provinces and abroad, so tradable under both Atlas and regional definitions."
1104,Manufacture of soft drinks; production of mineral waters and other bottled waters,C,Manufacturing,11,110,tradable,0.93,False,tradable,0.93,False,"Manufactured physical good (manufacture of soft drinks; production of mineral waters and other bottled waters); ships to buyers in other provinces and abroad, so tradable under both Atlas and regional definitions."
1200,Manufacture of tobacco products,C,Manufacturing,12,120,tradable,0.93,False,tradable,0.93,False,"Manufactured physical good (manufacture of tobacco products); ships to buyers in other provinces and abroad, so tradable under both Atlas and regional definitions."
1311,Preparation and spinning of textile fibres,C,Manufacturing,13,131,tradable,0.93,False,tradable,0.93,False,"Manufactured physical good (preparation and spinning of textile fibres); ships to buyers in other provinces and abroad, so tradable under both Atlas and regional definitions."
1312,Weaving of textiles,C,Manufacturing,13,131,tradable,0.93,False,tradable,0.93,False,"Manufactured physical good (weaving of textiles); ships to buyers in other provinces and abroad, so tradable under both Atlas and regional definitions."
1313,Finishing of textiles,C,Manufacturing,13,131,tradable,0.93,False,tradable,0.93,False,"Manufactured physical good (finishing of textiles); ships to buyers in other provinces and abroad, so tradable under both Atlas and regional definitions."
1391,Manufacture of knitted and crocheted fabrics,C,Manufacturing,13,139,tradable,0.93,False,tradable,0.93,False,"Manufactured physical good (manufacture of knitted and crocheted fabrics); ships to buyers in other provinces and abroad, so tradable under both Atlas and regional definitions."
1392,"Manufacture of made-up textile articles, except apparel",C,Manufacturing,13,139,tradable,0.93,False,tradable,0.93,False,"Manufactured physical good (manufacture of made-up textile articles, except apparel); ships to buyers in other provinces and abroad, so tradable under both Atlas and regional definitions."
1393,Manufacture of carpets and rugs,C,Manufacturing,13,139,tradable,0.93,False,tradable,0.93,False,"Manufactured physical good (manufacture of carpets and rugs); ships to buyers in other provinces and abroad, so tradable under both Atlas and regional definitions."
1394,"Manufacture of cordage, rope, twine and netting",C,Manufacturing,13,139,tradable,0.93,False,tradable,0.93,False,"Manufactured physical good (manufacture of cordage, rope, twine and netting); ships to buyers in other provinces and abroad, so tradable under both Atlas and regional definitions."
1399,Manufacture of other textiles n.e.c.,C,Manufacturing,13,139,tradable,0.93,False,tradable,0.93,False,"Manufactured physical good (manufacture of other textiles n.e.c.); ships to buyers in other provinces and abroad, so tradable under both Atlas and regional definitions."
1410,"Manufacture of wearing apparel, except fur apparel",C,Manufacturing,14,141,tradable,0.93,False,tradable,0.93,False,"Manufactured physical good (manufacture of wearing apparel, except fur apparel); ships to buyers in other provinces and abroad, so tradable under both Atlas and regional definitions."
1420,Manufacture of articles of fur,C,Manufacturing,14,142,tradable,0.93,False,tradable,0.93,False,"Manufactured physical good (manufacture of articles of fur); ships to buyers in other provinces and abroad, so tradable under both Atlas and regional definitions."
1430,Manufacture of knitted and crocheted apparel,C,Manufacturing,14,143,tradable,0.93,False,tradable,0.93,False,"Manufactured physical good (manufacture of knitted and crocheted apparel); ships to buyers in other provinces and abroad, so tradable under both Atlas and regional definitions."
1511,Tanning and dressing of leather; dressing and dyeing of fur,C,Manufacturing,15,151,tradable,0.93,False,tradable,0.93,False,"Manufactured physical good (tanning and dressing of leather; dressing and dyeing of fur); ships to buyers in other provinces and abroad, so tradable under both Atlas and regional definitions."
1512,"Manufacture of luggage, handbags and the like, saddlery and harness",C,Manufacturing,15,151,tradable,0.93,False,tradable,0.93,False,"Manufactured physical good (manufacture of luggage, handbags and the like, saddlery and harness); ships to buyers in other provinces and abroad, so tradable under both Atlas and regional definitions."
1520,Manufacture of footwear,C,Manufacturing,15,152,tradable,0.93,False,tradable,0.93,False,"Manufactured physical good (manufacture of footwear); ships to buyers in other provinces and abroad, so tradable under both Atlas and regional definitions."
1610,Sawmilling and planing of wood,C,Manufacturing,16,161,tradable,0.93,False,tradable,0.93,False,"Manufactured physical good (sawmilling and planing of wood); ships to buyers in other provinces and abroad, so tradable under both Atlas and regional definitions."
1621,Manufacture of veneer sheets and wood-based panels,C,Manufacturing,16,162,tradable,0.93,False,tradable,0.93,False,"Manufactured physical good (manufacture of veneer sheets and wood-based panels); ships to buyers in other provinces and abroad, so tradable under both Atlas and regional definitions."
1622,Manufacture of builders' carpentry and joinery,C,Manufacturing,16,162,tradable,0.93,False,tradable,0.93,False,"Manufactured physical good (manufacture of builders' carpentry and joinery); ships to buyers in other provinces and abroad, so tradable under both Atlas and regional definitions."
1623,Manufacture of wooden containers,C,Manufacturing,16,162,tradable,0.93,False,tradable,0.93,False,"Manufactured physical good (manufacture of wooden containers); ships to buyers in other provinces and abroad, so tradable under both Atlas and regional definitions."
1629,"Manufacture of other products of wood; manufacture of articles of cork, straw and plaiting materials",C,Manufacturing,16,162,tradable,0.93,False,tradable,0.93,False,"Manufactured physical good (manufacture of other products of wood; manufacture of articles of cork, straw and plaiting materials); ships to buyers in other provinces and abroad, so tradable under both Atlas and regional definitions."
1701,"Manufacture of pulp, paper and paperboard",C,Manufacturing,17,170,tradable,0.93,False,tradable,0.93,False,"Manufactured physical good (manufacture of pulp, paper and paperboard); ships to buyers in other provinces and abroad, so tradable under both Atlas and regional definitions."
1702,Manufacture of corrugated paper and paperboard and of containers of paper and paperboard,C,Manufacturing,17,170,tradable,0.93,False,tradable,0.93,False,"Manufactured physical good (manufacture of corrugated paper and paperboard and of containers of paper and paperboard); ships to buyers in other provinces and abroad, so tradable under both Atlas and regional definitions."
1709,Manufacture of other articles of paper and paperboard,C,Manufacturing,17,170,tradable,0.93,False,tradable,0.93,False,"Manufactured physical good (manufacture of other articles of paper and paperboard); ships to buyers in other provinces and abroad, so tradable under both Atlas and regional definitions."
1811,Printing,C,Manufacturing,18,181,tradable,0.6,True,tradable,0.78,False,"Printing yields a physical product (books, packaging, labels) that can ship to clients elsewhere, but much job printing is a proximity-based local/regional service; leans tradable (manufactured output), stronger regionally, and flagged mixed under Atlas."
1812,Service activities related to printing,C,Manufacturing,18,181,tradable,0.55,True,tradable,0.65,True,"Ancillary printing services (pre-press, binding, plate-making): pre-press/design can be delivered remotely while finishing serves nearby printers; straddles under both definitions, leaning tradable."
1820,Reproduction of recorded media,C,Manufacturing,18,182,tradable,0.93,False,tradable,0.93,False,"Manufactured physical good (reproduction of recorded media); ships to buyers in other provinces and abroad, so tradable under both Atlas and regional definitions."
1910,Manufacture of coke oven products,C,Manufacturing,19,191,tradable,0.93,False,tradable,0.93,False,"Manufactured physical good (manufacture of coke oven products); ships to buyers in other provinces and abroad, so tradable under both Atlas and regional definitions."
1920,Manufacture of refined petroleum products,C,Manufacturing,19,192,tradable,0.93,False,tradable,0.93,False,"Manufactured physical good (manufacture of refined petroleum products); ships to buyers in other provinces and abroad, so tradable under both Atlas and regional definitions."
2011,Manufacture of basic chemicals,C,Manufacturing,20,201,tradable,0.93,False,tradable,0.93,False,"Manufactured physical good (manufacture of basic chemicals); ships to buyers in other provinces and abroad, so tradable under both Atlas and regional definitions."
2012,Manufacture of fertilizers and nitrogen compounds,C,Manufacturing,20,201,tradable,0.93,False,tradable,0.93,False,"Manufactured physical good (manufacture of fertilizers and nitrogen compounds); ships to buyers in other provinces and abroad, so tradable under both Atlas and regional definitions."
2013,Manufacture of plastics and synthetic rubber in primary forms,C,Manufacturing,20,201,tradable,0.93,False,tradable,0.93,False,"Manufactured physical good (manufacture of plastics and synthetic rubber in primary forms); ships to buyers in other provinces and abroad, so tradable under both Atlas and regional definitions."
2021,Manufacture of pesticides and other agrochemical products,C,Manufacturing,20,202,tradable,0.93,False,tradable,0.93,False,"Manufactured physical good (manufacture of pesticides and other agrochemical products); ships to buyers in other provinces and abroad, so tradable under both Atlas and regional definitions."
2022,"Manufacture of paints, varnishes and similar coatings, printing ink and mastics",C,Manufacturing,20,202,tradable,0.93,False,tradable,0.93,False,"Manufactured physical good (manufacture of paints, varnishes and similar coatings, printing ink and mastics); ships to buyers in other provinces and abroad, so tradable under both Atlas and regional definitions."
2023,"Manufacture of soap and detergents, cleaning and polishing preparations, perfumes and toilet preparations",C,Manufacturing,20,202,tradable,0.93,False,tradable,0.93,False,"Manufactured physical good (manufacture of soap and detergents, cleaning and polishing preparations, perfumes and toilet preparations); ships to buyers in other provinces and abroad, so tradable under both Atlas and regional definitions."
2029,Manufacture of other chemical products n.e.c.,C,Manufacturing,20,202,tradable,0.93,False,tradable,0.93,False,"Manufactured physical good (manufacture of other chemical products n.e.c.); ships to buyers in other provinces and abroad, so tradable under both Atlas and regional definitions."
2030,Manufacture of man-made fibres,C,Manufacturing,20,203,tradable,0.93,False,tradable,0.93,False,"Manufactured physical good (manufacture of man-made fibres); ships to buyers in other provinces and abroad, so tradable under both Atlas and regional definitions."
2100,"Manufacture of pharmaceuticals, medicinal chemical and botanical products",C,Manufacturing,21,210,tradable,0.93,False,tradable,0.93,False,"Manufactured physical good (manufacture of pharmaceuticals, medicinal chemical and botanical products); ships to buyers in other provinces and abroad, so tradable under both Atlas and regional definitions."
2211,Manufacture of rubber tyres and tubes; retreading and rebuilding of rubber tyres,C,Manufacturing,22,221,tradable,0.93,False,tradable,0.93,False,"Manufactured physical good (manufacture of rubber tyres and tubes; retreading and rebuilding of rubber tyres); ships to buyers in other provinces and abroad, so tradable under both Atlas and regional definitions."
2219,Manufacture of other rubber products,C,Manufacturing,22,221,tradable,0.93,False,tradable,0.93,False,"Manufactured physical good (manufacture of other rubber products); ships to buyers in other provinces and abroad, so tradable under both Atlas and regional definitions."
2220,Manufacture of plastics products,C,Manufacturing,22,222,tradable,0.93,False,tradable,0.93,False,"Manufactured physical good (manufacture of plastics products); ships to buyers in other provinces and abroad, so tradable under both Atlas and regional definitions."
2310,Manufacture of glass and glass products,C,Manufacturing,23,231,tradable,0.93,False,tradable,0.93,False,"Manufactured physical good (manufacture of glass and glass products); ships to buyers in other provinces and abroad, so tradable under both Atlas and regional definitions."
2391,Manufacture of refractory products,C,Manufacturing,23,239,tradable,0.93,False,tradable,0.93,False,"Manufactured physical good (manufacture of refractory products); ships to buyers in other provinces and abroad, so tradable under both Atlas and regional definitions."
2392,Manufacture of clay building materials,C,Manufacturing,23,239,tradable,0.93,False,tradable,0.93,False,"Manufactured physical good (manufacture of clay building materials); ships to buyers in other provinces and abroad, so tradable under both Atlas and regional definitions."
2393,Manufacture of other porcelain and ceramic products,C,Manufacturing,23,239,tradable,0.93,False,tradable,0.93,False,"Manufactured physical good (manufacture of other porcelain and ceramic products); ships to buyers in other provinces and abroad, so tradable under both Atlas and regional definitions."
2394,"Manufacture of cement, lime and plaster",C,Manufacturing,23,239,tradable,0.93,False,tradable,0.93,False,"Manufactured physical good (manufacture of cement, lime and plaster); ships to buyers in other provinces and abroad, so tradable under both Atlas and regional definitions."
2395,"Manufacture of articles of concrete, cement and plaster",C,Manufacturing,23,239,tradable,0.93,False,tradable,0.93,False,"Manufactured physical good (manufacture of articles of concrete, cement and plaster); ships to buyers in other provinces and abroad, so tradable under both Atlas and regional definitions."
2396,"Cutting, shaping and finishing of stone",C,Manufacturing,23,239,tradable,0.93,False,tradable,0.93,False,"Manufactured physical good (cutting, shaping and finishing of stone); ships to buyers in other provinces and abroad, so tradable under both Atlas and regional definitions."
2399,Manufacture of other non-metallic mineral products n.e.c.,C,Manufacturing,23,239,tradable,0.93,False,tradable,0.93,False,"Manufactured physical good (manufacture of other non-metallic mineral products n.e.c.); ships to buyers in other provinces and abroad, so tradable under both Atlas and regional definitions."
2410,Manufacture of basic iron and steel,C,Manufacturing,24,241,tradable,0.93,False,tradable,0.93,False,"Manufactured physical good (manufacture of basic iron and steel); ships to buyers in other provinces and abroad, so tradable under both Atlas and regional definitions."
2420,Manufacture of basic precious and other non-ferrous metals,C,Manufacturing,24,242,tradable,0.93,False,tradable,0.93,False,"Manufactured physical good (manufacture of basic precious and other non-ferrous metals); ships to buyers in other provinces and abroad, so tradable under both Atlas and regional definitions."
2431,Casting of iron and steel,C,Manufacturing,24,243,tradable,0.93,False,tradable,0.93,False,"Manufactured physical good (casting of iron and steel); ships to buyers in other provinces and abroad, so tradable under both Atlas and regional definitions."
2432,Casting of non-ferrous metals,C,Manufacturing,24,243,tradable,0.93,False,tradable,0.93,False,"Manufactured physical good (casting of non-ferrous metals); ships to buyers in other provinces and abroad, so tradable under both Atlas and regional definitions."
2511,Manufacture of structural metal products,C,Manufacturing,25,251,tradable,0.93,False,tradable,0.93,False,"Manufactured physical good (manufacture of structural metal products); ships to buyers in other provinces and abroad, so tradable under both Atlas and regional definitions."
2512,"Manufacture of tanks, reservoirs and containers of metal",C,Manufacturing,25,251,tradable,0.93,False,tradable,0.93,False,"Manufactured physical good (manufacture of tanks, reservoirs and containers of metal); ships to buyers in other provinces and abroad, so tradable under both Atlas and regional definitions."
2513,"Manufacture of steam generators, except central heating hot water boilers",C,Manufacturing,25,251,tradable,0.93,False,tradable,0.93,False,"Manufactured physical good (manufacture of steam generators, except central heating hot water boilers); ships to buyers in other provinces and abroad, so tradable under both Atlas and regional definitions."
2520,Manufacture of weapons and ammunition,C,Manufacturing,25,252,tradable,0.93,False,tradable,0.93,False,"Manufactured physical good (manufacture of weapons and ammunition); ships to buyers in other provinces and abroad, so tradable under both Atlas and regional definitions."
2591,"Forging, pressing, stamping and roll-forming of metal; powder metallurgy",C,Manufacturing,25,259,tradable,0.93,False,tradable,0.93,False,"Manufactured physical good (forging, pressing, stamping and roll-forming of metal; powder metallurgy); ships to buyers in other provinces and abroad, so tradable under both Atlas and regional definitions."
2592,Treatment and coating of metals; machining,C,Manufacturing,25,259,tradable,0.93,False,tradable,0.93,False,"Manufactured physical good (treatment and coating of metals; machining); ships to buyers in other provinces and abroad, so tradable under both Atlas and regional definitions."
2593,"Manufacture of cutlery, hand tools and general hardware",C,Manufacturing,25,259,tradable,0.93,False,tradable,0.93,False,"Manufactured physical good (manufacture of cutlery, hand tools and general hardware); ships to buyers in other provinces and abroad, so tradable under both Atlas and regional definitions."
2599,Manufacture of other fabricated metal products n.e.c.,C,Manufacturing,25,259,tradable,0.93,False,tradable,0.93,False,"Manufactured physical good (manufacture of other fabricated metal products n.e.c.); ships to buyers in other provinces and abroad, so tradable under both Atlas and regional definitions."
2610,Manufacture of electronic components and boards,C,Manufacturing,26,261,tradable,0.93,False,tradable,0.93,False,"Manufactured physical good (manufacture of electronic components and boards); ships to buyers in other provinces and abroad, so tradable under both Atlas and regional definitions."
2620,Manufacture of computers and peripheral equipment,C,Manufacturing,26,262,tradable,0.93,False,tradable,0.93,False,"Manufactured physical good (manufacture of computers and peripheral equipment); ships to buyers in other provinces and abroad, so tradable under both Atlas and regional definitions."
2630,Manufacture of communication equipment,C,Manufacturing,26,263,tradable,0.93,False,tradable,0.93,False,"Manufactured physical good (manufacture of communication equipment); ships to buyers in other provinces and abroad, so tradable under both Atlas and regional definitions."
2640,Manufacture of consumer electronics,C,Manufacturing,26,264,tradable,0.93,False,tradable,0.93,False,"Manufactured physical good (manufacture of consumer electronics); ships to buyers in other provinces and abroad, so tradable under both Atlas and regional definitions."
2651,"Manufacture of measuring, testing, navigating and control equipment",C,Manufacturing,26,265,tradable,0.93,False,tradable,0.93,False,"Manufactured physical good (manufacture of measuring, testing, navigating and control equipment); ships to buyers in other provinces and abroad, so tradable under both Atlas and regional definitions."
2652,Manufacture of watches and clocks,C,Manufacturing,26,265,tradable,0.93,False,tradable,0.93,False,"Manufactured physical good (manufacture of watches and clocks); ships to buyers in other provinces and abroad, so tradable under both Atlas and regional definitions."
2660,"Manufacture of irradiation, electromedical and electrotherapeutic equipment",C,Manufacturing,26,266,tradable,0.93,False,tradable,0.93,False,"Manufactured physical good (manufacture of irradiation, electromedical and electrotherapeutic equipment); ships to buyers in other provinces and abroad, so tradable under both Atlas and regional definitions."
2670,Manufacture of optical instruments and photographic equipment,C,Manufacturing,26,267,tradable,0.93,False,tradable,0.93,False,"Manufactured physical good (manufacture of optical instruments and photographic equipment); ships to buyers in other provinces and abroad, so tradable under both Atlas and regional definitions."
2680,Manufacture of magnetic and optical media,C,Manufacturing,26,268,tradable,0.93,False,tradable,0.93,False,"Manufactured physical good (manufacture of magnetic and optical media); ships to buyers in other provinces and abroad, so tradable under both Atlas and regional definitions."
2710,"Manufacture of electric motors, generators, transformers and electricity distribution and control apparatus",C,Manufacturing,27,271,tradable,0.93,False,tradable,0.93,False,"Manufactured physical good (manufacture of electric motors, generators, transformers and electricity distribution and control apparatus); ships to buyers in other provinces and abroad, so tradable under both Atlas and regional definitions."
2720,Manufacture of batteries and accumulators,C,Manufacturing,27,272,tradable,0.93,False,tradable,0.93,False,"Manufactured physical good (manufacture of batteries and accumulators); ships to buyers in other provinces and abroad, so tradable under both Atlas and regional definitions."
2731,Manufacture of fibre optic cables,C,Manufacturing,27,273,tradable,0.93,False,tradable,0.93,False,"Manufactured physical good (manufacture of fibre optic cables); ships to buyers in other provinces and abroad, so tradable under both Atlas and regional definitions."
2732,Manufacture of other electronic and electric wires and cables,C,Manufacturing,27,273,tradable,0.93,False,tradable,0.93,False,"Manufactured physical good (manufacture of other electronic and electric wires and cables); ships to buyers in other provinces and abroad, so tradable under both Atlas and regional definitions."
2733,Manufacture of wiring devices,C,Manufacturing,27,273,tradable,0.93,False,tradable,0.93,False,"Manufactured physical good (manufacture of wiring devices); ships to buyers in other provinces and abroad, so tradable under both Atlas and regional definitions."
2740,Manufacture of electric lighting equipment,C,Manufacturing,27,274,tradable,0.93,False,tradable,0.93,False,"Manufactured physical good (manufacture of electric lighting equipment); ships to buyers in other provinces and abroad, so tradable under both Atlas and regional definitions."
2750,Manufacture of domestic appliances,C,Manufacturing,27,275,tradable,0.93,False,tradable,0.93,False,"Manufactured physical good (manufacture of domestic appliances); ships to buyers in other provinces and abroad, so tradable under both Atlas and regional definitions."
2790,Manufacture of other electrical equipment,C,Manufacturing,27,279,tradable,0.93,False,tradable,0.93,False,"Manufactured physical good (manufacture of other electrical equipment); ships to buyers in other provinces and abroad, so tradable under both Atlas and regional definitions."
2811,"Manufacture of engines and turbines, except aircraft, vehicle and cycle engines",C,Manufacturing,28,281,tradable,0.93,False,tradable,0.93,False,"Manufactured physical good (manufacture of engines and turbines, except aircraft, vehicle and cycle engines); ships to buyers in other provinces and abroad, so tradable under both Atlas and regional definitions."
2812,Manufacture of fluid power equipment,C,Manufacturing,28,281,tradable,0.93,False,tradable,0.93,False,"Manufactured physical good (manufacture of fluid power equipment); ships to buyers in other provinces and abroad, so tradable under both Atlas and regional definitions."
2813,"Manufacture of other pumps, compressors, taps and valves",C,Manufacturing,28,281,tradable,0.93,False,tradable,0.93,False,"Manufactured physical good (manufacture of other pumps, compressors, taps and valves); ships to buyers in other provinces and abroad, so tradable under both Atlas and regional definitions."
2814,"Manufacture of bearings, gears, gearing and driving elements",C,Manufacturing,28,281,tradable,0.93,False,tradable,0.93,False,"Manufactured physical good (manufacture of bearings, gears, gearing and driving elements); ships to buyers in other provinces and abroad, so tradable under both Atlas and regional definitions."
2815,"Manufacture of ovens, furnaces and furnace burners",C,Manufacturing,28,281,tradable,0.93,False,tradable,0.93,False,"Manufactured physical good (manufacture of ovens, furnaces and furnace burners); ships to buyers in other provinces and abroad, so tradable under both Atlas and regional definitions."
2816,Manufacture of lifting and handling equipment,C,Manufacturing,28,281,tradable,0.93,False,tradable,0.93,False,"Manufactured physical good (manufacture of lifting and handling equipment); ships to buyers in other provinces and abroad, so tradable under both Atlas and regional definitions."
2817,Manufacture of office machinery and equipment (except computers and peripheral equipment),C,Manufacturing,28,281,tradable,0.93,False,tradable,0.93,False,"Manufactured physical good (manufacture of office machinery and equipment (except computers and peripheral equipment)); ships to buyers in other provinces and abroad, so tradable under both Atlas and regional definitions."
2818,Manufacture of power-driven hand tools,C,Manufacturing,28,281,tradable,0.93,False,tradable,0.93,False,"Manufactured physical good (manufacture of power-driven hand tools); ships to buyers in other provinces and abroad, so tradable under both Atlas and regional definitions."
2819,Manufacture of other general-purpose machinery,C,Manufacturing,28,281,tradable,0.93,False,tradable,0.93,False,"Manufactured physical good (manufacture of other general-purpose machinery); ships to buyers in other provinces and abroad, so tradable under both Atlas and regional definitions."
2821,Manufacture of agricultural and forestry machinery,C,Manufacturing,28,282,tradable,0.93,False,tradable,0.93,False,"Manufactured physical good (manufacture of agricultural and forestry machinery); ships to buyers in other provinces and abroad, so tradable under both Atlas and regional definitions."
2822,Manufacture of metal-forming machinery and machine tools,C,Manufacturing,28,282,tradable,0.93,False,tradable,0.93,False,"Manufactured physical good (manufacture of metal-forming machinery and machine tools); ships to buyers in other provinces and abroad, so tradable under both Atlas and regional definitions."
2823,Manufacture of machinery for metallurgy,C,Manufacturing,28,282,tradable,0.93,False,tradable,0.93,False,"Manufactured physical good (manufacture of machinery for metallurgy); ships to buyers in other provinces and abroad, so tradable under both Atlas and regional definitions."
2824,"Manufacture of machinery for mining, quarrying and construction",C,Manufacturing,28,282,tradable,0.93,False,tradable,0.93,False,"Manufactured physical good (manufacture of machinery for mining, quarrying and construction); ships to buyers in other provinces and abroad, so tradable under both Atlas and regional definitions."
2825,"Manufacture of machinery for food, beverage and tobacco processing",C,Manufacturing,28,282,tradable,0.93,False,tradable,0.93,False,"Manufactured physical good (manufacture of machinery for food, beverage and tobacco processing); ships to buyers in other provinces and abroad, so tradable under both Atlas and regional definitions."
2826,"Manufacture of machinery for textile, apparel and leather production",C,Manufacturing,28,282,tradable,0.93,False,tradable,0.93,False,"Manufactured physical good (manufacture of machinery for textile, apparel and leather production); ships to buyers in other provinces and abroad, so tradable under both Atlas and regional definitions."
2829,Manufacture of other special-purpose machinery,C,Manufacturing,28,282,tradable,0.93,False,tradable,0.93,False,"Manufactured physical good (manufacture of other special-purpose machinery); ships to buyers in other provinces and abroad, so tradable under both Atlas and regional definitions."
2910,Manufacture of motor vehicles,C,Manufacturing,29,291,tradable,0.93,False,tradable,0.93,False,"Manufactured physical good (manufacture of motor vehicles); ships to buyers in other provinces and abroad, so tradable under both Atlas and regional definitions."
2920,Manufacture of bodies (coachwork) for motor vehicles; manufacture of trailers and semi-trailers,C,Manufacturing,29,292,tradable,0.93,False,tradable,0.93,False,"Manufactured physical good (manufacture of bodies (coachwork) for motor vehicles; manufacture of trailers and semi-trailers); ships to buyers in other provinces and abroad, so tradable under both Atlas and regional definitions."
2930,Manufacture of parts and accessories for motor vehicles,C,Manufacturing,29,293,tradable,0.93,False,tradable,0.93,False,"Manufactured physical good (manufacture of parts and accessories for motor vehicles); ships to buyers in other provinces and abroad, so tradable under both Atlas and regional definitions."
3011,Building of ships and floating structures,C,Manufacturing,30,301,tradable,0.93,False,tradable,0.93,False,"Manufactured physical good (building of ships and floating structures); ships to buyers in other provinces and abroad, so tradable under both Atlas and regional definitions."
3012,Building of pleasure and sporting boats,C,Manufacturing,30,301,tradable,0.93,False,tradable,0.93,False,"Manufactured physical good (building of pleasure and sporting boats); ships to buyers in other provinces and abroad, so tradable under both Atlas and regional definitions."
3020,Manufacture of railway locomotives and rolling stock,C,Manufacturing,30,302,tradable,0.93,False,tradable,0.93,False,"Manufactured physical good (manufacture of railway locomotives and rolling stock); ships to buyers in other provinces and abroad, so tradable under both Atlas and regional definitions."
3030,Manufacture of air and spacecraft and related machinery,C,Manufacturing,30,303,tradable,0.93,False,tradable,0.93,False,"Manufactured physical good (manufacture of air and spacecraft and related machinery); ships to buyers in other provinces and abroad, so tradable under both Atlas and regional definitions."
3040,Manufacture of military fighting vehicles,C,Manufacturing,30,304,tradable,0.93,False,tradable,0.93,False,"Manufactured physical good (manufacture of military fighting vehicles); ships to buyers in other provinces and abroad, so tradable under both Atlas and regional definitions."
3091,Manufacture of motorcycles,C,Manufacturing,30,309,tradable,0.93,False,tradable,0.93,False,"Manufactured physical good (manufacture of motorcycles); ships to buyers in other provinces and abroad, so tradable under both Atlas and regional definitions."
3092,Manufacture of bicycles and invalid carriages,C,Manufacturing,30,309,tradable,0.93,False,tradable,0.93,False,"Manufactured physical good (manufacture of bicycles and invalid carriages); ships to buyers in other provinces and abroad, so tradable under both Atlas and regional definitions."
3099,Manufacture of other transport equipment n.e.c.,C,Manufacturing,30,309,tradable,0.93,False,tradable,0.93,False,"Manufactured physical good (manufacture of other transport equipment n.e.c.); ships to buyers in other provinces and abroad, so tradable under both Atlas and regional definitions."
3100,Manufacture of furniture,C,Manufacturing,31,310,tradable,0.93,False,tradable,0.93,False,"Manufactured physical good (manufacture of furniture); ships to buyers in other provinces and abroad, so tradable under both Atlas and regional definitions."
3211,Manufacture of jewellery and related articles,C,Manufacturing,32,321,tradable,0.93,False,tradable,0.93,False,"Manufactured physical good (manufacture of jewellery and related articles); ships to buyers in other provinces and abroad, so tradable under both Atlas and regional definitions."
3212,Manufacture of imitation jewellery and related articles,C,Manufacturing,32,321,tradable,0.93,False,tradable,0.93,False,"Manufactured physical good (manufacture of imitation jewellery and related articles); ships to buyers in other provinces and abroad, so tradable under both Atlas and regional definitions."
3220,Manufacture of musical instruments,C,Manufacturing,32,322,tradable,0.93,False,tradable,0.93,False,"Manufactured physical good (manufacture of musical instruments); ships to buyers in other provinces and abroad, so tradable under both Atlas and regional definitions."
3230,Manufacture of sports goods,C,Manufacturing,32,323,tradable,0.93,False,tradable,0.93,False,"Manufactured physical good (manufacture of sports goods); ships to buyers in other provinces and abroad, so tradable under both Atlas and regional definitions."
3240,Manufacture of games and toys,C,Manufacturing,32,324,tradable,0.93,False,tradable,0.93,False,"Manufactured physical good (manufacture of games and toys); ships to buyers in other provinces and abroad, so tradable under both Atlas and regional definitions."
3250,Manufacture of medical and dental instruments and supplies,C,Manufacturing,32,325,tradable,0.93,False,tradable,0.93,False,"Manufactured physical good (manufacture of medical and dental instruments and supplies); ships to buyers in other provinces and abroad, so tradable under both Atlas and regional definitions."
3290,Other manufacturing n.e.c.,C,Manufacturing,32,329,tradable,0.93,False,tradable,0.93,False,"Manufactured physical good (other manufacturing n.e.c.); ships to buyers in other provinces and abroad, so tradable under both Atlas and regional definitions."
3311,Repair of fabricated metal products,C,Manufacturing,33,331,non-tradable,0.55,True,tradable,0.62,True,"Industrial repair tied to the location of the equipment; serves the domestic/regional capital stock rather than export markets (non-tradable Atlas), but is region-serving for industrial clients (tradable regional). Atlas-vs-regional divergence; mixed because some specialized repair draws a wider catchment."
3312,Repair of machinery,C,Manufacturing,33,331,non-tradable,0.55,True,tradable,0.65,True,Machinery repair is delivered to the equipment's site for domestic clients (non-tradable Atlas); specialized machinery repair serves a multi-province industrial base (tradable regional). Divergence; mixed.
3313,Repair of electronic and optical equipment,C,Manufacturing,33,331,non-tradable,0.55,True,tradable,0.62,True,"Electronic/optical equipment can be shipped in for specialized repair (wider catchment, tradable regional) but the service is largely tied to domestic clients (non-tradable Atlas). Divergence; mixed."
3314,Repair of electrical equipment,C,Manufacturing,33,331,non-tradable,0.55,True,tradable,0.62,True,Electrical-equipment repair serves domestic/regional industrial clients on-site (non-tradable Atlas) but is region-serving for the producer base (tradable regional). Divergence; mixed.
3315,"Repair of transport equipment, except motor vehicles",C,Manufacturing,33,331,tradable,0.6,True,tradable,0.75,False,"Repair/overhaul of ships, aircraft, rail and other transport equipment is internationally tradable -- yards and MRO facilities draw vessels/aircraft and clients from abroad and other regions; leans tradable under both. Mixed under Atlas because smaller operators serve local fleets."
3319,Repair of other equipment,C,Manufacturing,33,331,non-tradable,0.5,True,tradable,0.58,True,Heterogeneous catch-all industrial repair; largely tied to domestic client location (non-tradable Atlas) yet serves a regional producer base (tradable regional). Divergence; low confidence/mixed given the mix of activities.
3320,Installation of industrial machinery and equipment,C,Manufacturing,33,332,non-tradable,0.55,True,tradable,0.65,True,Project-based installation of industrial machinery delivered at the client's site; firms operate across a region (tradable regional) but the output is not internationally traded (non-tradable Atlas). Divergence; mixed.
3510,"Electric power generation, transmission and distribution",D,"Electricity, gas, steam and air conditioning supply",35,351,non-tradable,0.6,True,tradable,0.55,True,"Bundles bulk generation/transmission with local distribution. Power is overwhelmingly consumed domestically (non-tradable Atlas; only minor cross-border trade). Generation feeds a multi-province national grid, so generating provinces effectively export power (tradable regional/economic-base), though final distribution is a local utility. Divergence; mixed on both sides given the bundle."
3520,Manufacture of gas; distribution of gaseous fuels through mains,D,"Electricity, gas, steam and air conditioning supply",35,352,non-tradable,0.6,True,non-tradable,0.55,True,"Gas can be a tradable commodity, but this class centres on distribution through local mains -- a place-bound utility network; non-tradable Atlas and largely non-tradable regionally, with the production/bulk-supply component straddling. Mixed."
3530,Steam and air conditioning supply,D,"Electricity, gas, steam and air conditioning supply",35,353,non-tradable,0.85,False,non-tradable,0.8,False,District steam/heat/air-conditioning cannot be transported far and serves customers physically connected to the local network; non-tradable under both definitions.
3600,"Water collection, treatment and supply",E,"Water supply; sewerage, waste management and remediation activities",36,360,non-tradable,0.92,False,non-tradable,0.9,False,Piped water is a place-bound local utility serving connected resident customers; non-tradable under both definitions (anchor).
3700,Sewerage,E,"Water supply; sewerage, waste management and remediation activities",37,370,non-tradable,0.92,False,non-tradable,0.88,False,Sewerage networks serve the local connected population; non-tradable under both definitions.
3811,Collection of non-hazardous waste,E,"Water supply; sewerage, waste management and remediation activities",38,381,non-tradable,0.85,False,non-tradable,0.7,True,Municipal waste collection is a local service for resident customers (non-tradable Atlas); slightly mixed regionally because some collectors operate across municipal/provincial boundaries.
3812,Collection of hazardous waste,E,"Water supply; sewerage, waste management and remediation activities",38,381,non-tradable,0.8,False,non-tradable,0.62,True,"Specialized hazardous-waste collection can serve a multi-province catchment of industrial clients, so it straddles the regional line, but it is not an internationally traded output (non-tradable Atlas); mixed."
3821,Treatment and disposal of non-hazardous waste,E,"Water supply; sewerage, waste management and remediation activities",38,382,non-tradable,0.78,False,tradable,0.55,True,Regional landfills/treatment facilities draw waste from a wide multi-municipality catchment -- region-serving (tradable regional) -- but the service is not exported abroad (non-tradable Atlas). Divergence; mixed regionally.
3822,Treatment and disposal of hazardous waste,E,"Water supply; sewerage, waste management and remediation activities",38,382,non-tradable,0.72,True,tradable,0.6,True,Specialized hazardous-waste treatment is concentrated in a few regional/national facilities serving clients across provinces (tradable regional) but is not internationally traded (non-tradable Atlas). Divergence; mixed.
3830,Materials recovery,E,"Water supply; sewerage, waste management and remediation activities",38,383,tradable,0.68,True,tradable,0.75,False,"Materials recovery produces scrap/recyclate sold as a commodity into national and international markets -- the output is genuinely traded, so tradable under both. Mixed under Atlas because the activity is part sorting/processing service, part commodity."
3900,Remediation activities and other waste management services,E,"Water supply; sewerage, waste management and remediation activities",39,390,non-tradable,0.62,True,tradable,0.6,True,Project-based environmental remediation delivered at the client site; specialized firms serve clients across a region (tradable regional) but the output is not an export (non-tradable Atlas). Divergence; mixed.
4100,Construction of buildings,F,Construction,41,410,non-tradable,0.9,False,non-tradable,0.88,False,Buildings are fixed in place and serve the locality where built; construction output is non-tradable under both definitions (anchor).
4210,Construction of roads and railways,F,Construction,42,421,non-tradable,0.85,False,non-tradable,0.68,True,"Roads/railways are place-bound infrastructure, so the output is non-tradable, but specialized heavy-civil contractors bid for projects across provinces, so it is flagged mixed under the regional view."
4220,Construction of utility projects,F,Construction,42,422,non-tradable,0.85,False,non-tradable,0.68,True,"Utility-project infrastructure is place-bound (non-tradable output); specialized contractors operate across provinces, so flagged mixed regionally."
4290,Construction of other civil engineering projects,F,Construction,42,429,non-tradable,0.85,False,non-tradable,0.68,True,"Other civil-engineering output is place-bound (non-tradable); large contractors can win projects across provinces, so flagged mixed regionally."
4311,Demolition,F,Construction,43,431,non-tradable,0.85,False,non-tradable,0.8,False,On-site demolition serving local projects; non-tradable under both.
4312,Site preparation,F,Construction,43,431,non-tradable,0.85,False,non-tradable,0.8,False,On-site site-preparation trade serving local projects; non-tradable under both.
4321,Electrical installation,F,Construction,43,432,non-tradable,0.85,False,non-tradable,0.8,False,On-site electrical installation serving local projects; non-tradable under both.
4322,"Plumbing, heat and air-conditioning installation",F,Construction,43,432,non-tradable,0.85,False,non-tradable,0.8,False,On-site plumbing/HVAC installation serving local projects; non-tradable under both.
4329,Other construction installation,F,Construction,43,432,non-tradable,0.85,False,non-tradable,0.8,False,On-site construction installation serving local projects; non-tradable under both.
4330,Building completion and finishing,F,Construction,43,433,non-tradable,0.85,False,non-tradable,0.8,False,On-site building completion/finishing for local projects; non-tradable under both.
4390,Other specialized construction activities,F,Construction,43,439,non-tradable,0.83,False,non-tradable,0.78,False,Specialized on-site construction work for local projects; non-tradable under both.
4510,Sale of motor vehicles,G,Wholesale and retail trade; repair of motor vehicles and motorcycles,45,451,non-tradable,0.8,False,non-tradable,0.55,True,"Vehicle retailing earns a trade margin on domestically distributed goods (non-tradable Atlas); dealerships draw buyers from a regional catchment, so flagged mixed under the regional view but leaning local."
4520,Maintenance and repair of motor vehicles,G,Wholesale and retail trade; repair of motor vehicles and motorcycles,45,452,non-tradable,0.85,False,non-tradable,0.8,False,Vehicle repair/maintenance garages serve local motorists; non-tradable under both definitions.
4530,Sale of motor vehicle parts and accessories,G,Wholesale and retail trade; repair of motor vehicles and motorcycles,45,453,non-tradable,0.78,False,non-tradable,0.6,True,"Vehicle-parts trade earns a domestic margin (non-tradable Atlas); parts distributors can serve a regional/wholesale market, so flagged mixed regionally."
4540,"Sale, maintenance and repair of motorcycles and related parts and accessories",G,Wholesale and retail trade; repair of motor vehicles and motorcycles,45,454,non-tradable,0.8,False,non-tradable,0.62,True,"Combines local motorcycle repair with parts/vehicle sale; non-tradable Atlas, mixed/leaning local regionally."
4610,Wholesale on a fee or contract basis,G,Wholesale and retail trade; repair of motor vehicles and motorcycles,46,461,non-tradable,0.8,False,tradable,0.8,False,"Wholesale/distribution (wholesale on a fee or contract basis) is a trade-margin activity not counted as an export (non-tradable Atlas), but distribution hubs serve buyers across many provinces (tradable regional/economic-base). Canonical Atlas-vs-regional divergence case."
4620,Wholesale of agricultural raw materials and live animals,G,Wholesale and retail trade; repair of motor vehicles and motorcycles,46,462,non-tradable,0.8,False,tradable,0.8,False,"Wholesale/distribution (wholesale of agricultural raw materials and live animals) is a trade-margin activity not counted as an export (non-tradable Atlas), but distribution hubs serve buyers across many provinces (tradable regional/economic-base). Canonical Atlas-vs-regional divergence case."
4630,"Wholesale of food, beverages and tobacco",G,Wholesale and retail trade; repair of motor vehicles and motorcycles,46,463,non-tradable,0.8,False,tradable,0.8,False,"Wholesale/distribution (wholesale of food, beverages and tobacco) is a trade-margin activity not counted as an export (non-tradable Atlas), but distribution hubs serve buyers across many provinces (tradable regional/economic-base). Canonical Atlas-vs-regional divergence case."
4641,"Wholesale of textiles, clothing and footwear",G,Wholesale and retail trade; repair of motor vehicles and motorcycles,46,464,non-tradable,0.8,False,tradable,0.8,False,"Wholesale/distribution (wholesale of textiles, clothing and footwear) is a trade-margin activity not counted as an export (non-tradable Atlas), but distribution hubs serve buyers across many provinces (tradable regional/economic-base). Canonical Atlas-vs-regional divergence case."
4649,Wholesale of other household goods,G,Wholesale and retail trade; repair of motor vehicles and motorcycles,46,464,non-tradable,0.8,False,tradable,0.8,False,"Wholesale/distribution (wholesale of other household goods) is a trade-margin activity not counted as an export (non-tradable Atlas), but distribution hubs serve buyers across many provinces (tradable regional/economic-base). Canonical Atlas-vs-regional divergence case."
4651,"Wholesale of computers, computer peripheral equipment and software",G,Wholesale and retail trade; repair of motor vehicles and motorcycles,46,465,non-tradable,0.8,False,tradable,0.8,False,"Wholesale/distribution (wholesale of computers, computer peripheral equipment and software) is a trade-margin activity not counted as an export (non-tradable Atlas), but distribution hubs serve buyers across many provinces (tradable regional/economic-base). Canonical Atlas-vs-regional divergence case."
4652,Wholesale of electronic and telecommunications equipment and parts,G,Wholesale and retail trade; repair of motor vehicles and motorcycles,46,465,non-tradable,0.8,False,tradable,0.8,False,"Wholesale/distribution (wholesale of electronic and telecommunications equipment and parts) is a trade-margin activity not counted as an export (non-tradable Atlas), but distribution hubs serve buyers across many provinces (tradable regional/economic-base). Canonical Atlas-vs-regional divergence case."
4653,"Wholesale of agricultural machinery, equipment and supplies",G,Wholesale and retail trade; repair of motor vehicles and motorcycles,46,465,non-tradable,0.8,False,tradable,0.8,False,"Wholesale/distribution (wholesale of agricultural machinery, equipment and supplies) is a trade-margin activity not counted as an export (non-tradable Atlas), but distribution hubs serve buyers across many provinces (tradable regional/economic-base). Canonical Atlas-vs-regional divergence case."
4659,Wholesale of other machinery and equipment,G,Wholesale and retail trade; repair of motor vehicles and motorcycles,46,465,non-tradable,0.8,False,tradable,0.8,False,"Wholesale/distribution (wholesale of other machinery and equipment) is a trade-margin activity not counted as an export (non-tradable Atlas), but distribution hubs serve buyers across many provinces (tradable regional/economic-base). Canonical Atlas-vs-regional divergence case."
4661,"Wholesale of solid, liquid and gaseous fuels and related products",G,Wholesale and retail trade; repair of motor vehicles and motorcycles,46,466,non-tradable,0.8,False,tradable,0.8,False,"Wholesale/distribution (wholesale of solid, liquid and gaseous fuels and related products) is a trade-margin activity not counted as an export (non-tradable Atlas), but distribution hubs serve buyers across many provinces (tradable regional/economic-base). Canonical Atlas-vs-regional divergence case."
4662,Wholesale of metals and metal ores,G,Wholesale and retail trade; repair of motor vehicles and motorcycles,46,466,non-tradable,0.8,False,tradable,0.8,False,"Wholesale/distribution (wholesale of metals and metal ores) is a trade-margin activity not counted as an export (non-tradable Atlas), but distribution hubs serve buyers across many provinces (tradable regional/economic-base). Canonical Atlas-vs-regional divergence case."
4663,"Wholesale of construction materials, hardware, plumbing and heating equipment and supplies",G,Wholesale and retail trade; repair of motor vehicles and motorcycles,46,466,non-tradable,0.8,False,tradable,0.8,False,"Wholesale/distribution (wholesale of construction materials, hardware, plumbing and heating equipment and supplies) is a trade-margin activity not counted as an export (non-tradable Atlas), but distribution hubs serve buyers across many provinces (tradable regional/economic-base). Canonical Atlas-vs-regional divergence case."
4669,Wholesale of waste and scrap and other products n.e.c.,G,Wholesale and retail trade; repair of motor vehicles and motorcycles,46,466,non-tradable,0.8,False,tradable,0.8,False,"Wholesale/distribution (wholesale of waste and scrap and other products n.e.c.) is a trade-margin activity not counted as an export (non-tradable Atlas), but distribution hubs serve buyers across many provinces (tradable regional/economic-base). Canonical Atlas-vs-regional divergence case."
4690,Non-specialized wholesale trade,G,Wholesale and retail trade; repair of motor vehicles and motorcycles,46,469,non-tradable,0.8,False,tradable,0.8,False,"Wholesale/distribution (non-specialized wholesale trade) is a trade-margin activity not counted as an export (non-tradable Atlas), but distribution hubs serve buyers across many provinces (tradable regional/economic-base). Canonical Atlas-vs-regional divergence case."
4711,"Retail sale in non-specialized stores with food, beverages or tobacco predominating",G,Wholesale and retail trade; repair of motor vehicles and motorcycles,47,471,non-tradable,0.85,False,non-tradable,0.82,False,"Retail sale (retail sale in non-specialized stores with food, beverages or tobacco predominating) serves walk-in local consumers; non-tradable under both definitions."
4719,Other retail sale in non-specialized stores,G,Wholesale and retail trade; repair of motor vehicles and motorcycles,47,471,non-tradable,0.85,False,non-tradable,0.82,False,Retail sale (other retail sale in non-specialized stores) serves walk-in local consumers; non-tradable under both definitions.
4721,Retail sale of food in specialized stores,G,Wholesale and retail trade; repair of motor vehicles and motorcycles,47,472,non-tradable,0.85,False,non-tradable,0.82,False,Retail sale (retail sale of food in specialized stores) serves walk-in local consumers; non-tradable under both definitions.
4722,Retail sale of beverages in specialized stores,G,Wholesale and retail trade; repair of motor vehicles and motorcycles,47,472,non-tradable,0.85,False,non-tradable,0.82,False,Retail sale (retail sale of beverages in specialized stores) serves walk-in local consumers; non-tradable under both definitions.
4723,Retail sale of tobacco products in specialized stores,G,Wholesale and retail trade; repair of motor vehicles and motorcycles,47,472,non-tradable,0.85,False,non-tradable,0.82,False,Retail sale (retail sale of tobacco products in specialized stores) serves walk-in local consumers; non-tradable under both definitions.
4730,Retail sale of automotive fuel in specialized stores,G,Wholesale and retail trade; repair of motor vehicles and motorcycles,47,473,non-tradable,0.85,False,non-tradable,0.82,False,Retail sale (retail sale of automotive fuel in specialized stores) serves walk-in local consumers; non-tradable under both definitions.
4741,"Retail sale of computers, peripheral units, software and telecommunications equipment in specialized stores",G,Wholesale and retail trade; repair of motor vehicles and motorcycles,47,474,non-tradable,0.85,False,non-tradable,0.82,False,"Retail sale (retail sale of computers, peripheral units, software and telecommunications equipment in specialized stores) serves walk-in local consumers; non-tradable under both definitions."
4742,Retail sale of audio and video equipment in specialized stores,G,Wholesale and retail trade; repair of motor vehicles and motorcycles,47,474,non-tradable,0.85,False,non-tradable,0.82,False,Retail sale (retail sale of audio and video equipment in specialized stores) serves walk-in local consumers; non-tradable under both definitions.
4751,Retail sale of textiles in specialized stores,G,Wholesale and retail trade; repair of motor vehicles and motorcycles,47,475,non-tradable,0.85,False,non-tradable,0.82,False,Retail sale (retail sale of textiles in specialized stores) serves walk-in local consumers; non-tradable under both definitions.
4752,"Retail sale of hardware, paints and glass in specialized stores",G,Wholesale and retail trade; repair of motor vehicles and motorcycles,47,475,non-tradable,0.85,False,non-tradable,0.82,False,"Retail sale (retail sale of hardware, paints and glass in specialized stores) serves walk-in local consumers; non-tradable under both definitions."
4753,"Retail sale of carpets, rugs, wall and floor coverings in specialized stores",G,Wholesale and retail trade; repair of motor vehicles and motorcycles,47,475,non-tradable,0.85,False,non-tradable,0.82,False,"Retail sale (retail sale of carpets, rugs, wall and floor coverings in specialized stores) serves walk-in local consumers; non-tradable under both definitions."
4759,"Retail sale of electrical household appliances, furniture, lighting equipment and other household articles in specialized stores",G,Wholesale and retail trade; repair of motor vehicles and motorcycles,47,475,non-tradable,0.85,False,non-tradable,0.82,False,"Retail sale (retail sale of electrical household appliances, furniture, lighting equipment and other household articles in specialized stores) serves walk-in local consumers; non-tradable under both definitions."
4761,"Retail sale of books, newspapers and stationary in specialized stores",G,Wholesale and retail trade; repair of motor vehicles and motorcycles,47,476,non-tradable,0.85,False,non-tradable,0.82,False,"Retail sale (retail sale of books, newspapers and stationary in specialized stores) serves walk-in local consumers; non-tradable under both definitions."
4762,Retail sale of music and video recordings in specialized stores,G,Wholesale and retail trade; repair of motor vehicles and motorcycles,47,476,non-tradable,0.85,False,non-tradable,0.82,False,Retail sale (retail sale of music and video recordings in specialized stores) serves walk-in local consumers; non-tradable under both definitions.
4763,Retail sale of sporting equipment in specialized stores,G,Wholesale and retail trade; repair of motor vehicles and motorcycles,47,476,non-tradable,0.85,False,non-tradable,0.82,False,Retail sale (retail sale of sporting equipment in specialized stores) serves walk-in local consumers; non-tradable under both definitions.
4764,Retail sale of games and toys in specialized stores,G,Wholesale and retail trade; repair of motor vehicles and motorcycles,47,476,non-tradable,0.85,False,non-tradable,0.82,False,Retail sale (retail sale of games and toys in specialized stores) serves walk-in local consumers; non-tradable under both definitions.
4771,"Retail sale of clothing, footwear and leather articles in specialized stores",G,Wholesale and retail trade; repair of motor vehicles and motorcycles,47,477,non-tradable,0.85,False,non-tradable,0.82,False,"Retail sale (retail sale of clothing, footwear and leather articles in specialized stores) serves walk-in local consumers; non-tradable under both definitions."
4772,"Retail sale of pharmaceutical and medical goods, cosmetic and toilet articles in specialized stores",G,Wholesale and retail trade; repair of motor vehicles and motorcycles,47,477,non-tradable,0.85,False,non-tradable,0.82,False,"Retail sale (retail sale of pharmaceutical and medical goods, cosmetic and toilet articles in specialized stores) serves walk-in local consumers; non-tradable under both definitions."
4773,Other retail sale of new goods in specialized stores,G,Wholesale and retail trade; repair of motor vehicles and motorcycles,47,477,non-tradable,0.85,False,non-tradable,0.82,False,Retail sale (other retail sale of new goods in specialized stores) serves walk-in local consumers; non-tradable under both definitions.
4774,Retail sale of second-hand goods,G,Wholesale and retail trade; repair of motor vehicles and motorcycles,47,477,non-tradable,0.85,False,non-tradable,0.82,False,Retail sale (retail sale of second-hand goods) serves walk-in local consumers; non-tradable under both definitions.
4781,"Retail sale via stalls and markets of food, beverages and tobacco products",G,Wholesale and retail trade; repair of motor vehicles and motorcycles,47,478,non-tradable,0.85,False,non-tradable,0.82,False,"Retail sale (retail sale via stalls and markets of food, beverages and tobacco products) serves walk-in local consumers; non-tradable under both definitions."
4782,"Retail sale via stalls and markets of textiles, clothing and footwear",G,Wholesale and retail trade; repair of motor vehicles and motorcycles,47,478,non-tradable,0.85,False,non-tradable,0.82,False,"Retail sale (retail sale via stalls and markets of textiles, clothing and footwear) serves walk-in local consumers; non-tradable under both definitions."
4789,Retail sale via stalls and markets of other goods,G,Wholesale and retail trade; repair of motor vehicles and motorcycles,47,478,non-tradable,0.85,False,non-tradable,0.82,False,Retail sale (retail sale via stalls and markets of other goods) serves walk-in local consumers; non-tradable under both definitions.
4791,Retail sale via mail order houses or via Internet,G,Wholesale and retail trade; repair of motor vehicles and motorcycles,47,479,non-tradable,0.55,True,tradable,0.6,True,"E-commerce/mail-order retail can ship to customers in other provinces and abroad, so it leans tradable regionally and straddles the Atlas line (cross-border e-commerce); diverges from store-based retail. Mixed."
4799,"Other retail sale not in stores, stalls or markets",G,Wholesale and retail trade; repair of motor vehicles and motorcycles,47,479,non-tradable,0.85,False,non-tradable,0.82,False,"Retail sale (other retail sale not in stores, stalls or markets) serves walk-in local consumers; non-tradable under both definitions."
4911,"Passenger rail transport, interurban",H,Transportation and storage,49,491,tradable,0.8,False,tradable,0.85,False,"Interurban passenger rail connects provinces/regions; a region-connecting transport service, tradable under both."
4912,Freight rail transport,H,Transportation and storage,49,491,tradable,0.85,False,tradable,0.88,False,"Freight rail hauls goods across regions and to ports/borders; transport-and-logistics service, tradable under both."
4921,Urban and suburban passenger land transport,H,Transportation and storage,49,492,non-tradable,0.8,False,non-tradable,0.75,False,City/suburban buses and metros serve local commuters within the locality; non-tradable under both definitions.
4922,Other passenger land transport,H,Transportation and storage,49,492,tradable,0.6,True,tradable,0.68,True,"Mixed category spanning interurban/long-distance coaches (region-connecting, tradable) and local taxis/charters (local); leans tradable on the interurban share. Mixed under both."
4923,Freight transport by road,H,Transportation and storage,49,492,tradable,0.82,False,tradable,0.85,False,"Road freight/trucking carries goods across provinces and to borders; transport-and-logistics service, tradable under both."
4930,Transport via pipeline,H,Transportation and storage,49,493,tradable,0.78,False,tradable,0.82,False,Pipelines move oil/gas across regions to ports and export terminals (region- and export-serving); tradable under both definitions.
5011,Sea and coastal passenger water transport,H,Transportation and storage,50,501,tradable,0.78,False,tradable,0.8,False,Maritime passenger transport connects ports across regions and internationally; tradable under both.
5012,Sea and coastal freight water transport,H,Transportation and storage,50,501,tradable,0.85,False,tradable,0.85,False,Maritime freight is core international trade logistics; tradable under both.
5021,Inland passenger water transport,H,Transportation and storage,50,502,tradable,0.6,True,tradable,0.7,True,Inland/river passenger transport (relevant in the Amazon/coast) connects communities across a region; leans tradable but some routes are local. Mixed.
5022,Inland freight water transport,H,Transportation and storage,50,502,tradable,0.7,True,tradable,0.78,False,Inland/river freight moves goods across a region toward markets/ports; tradable under both. Mixed under Atlas given mostly domestic reach.
5110,Passenger air transport,H,Transportation and storage,51,511,tradable,0.88,False,tradable,0.88,False,Airlines connect provinces and countries and carry inbound tourists; tradable under both.
5120,Freight air transport,H,Transportation and storage,51,512,tradable,0.88,False,tradable,0.88,False,Air cargo is international/inter-regional trade logistics; tradable under both.
5210,Warehousing and storage,H,Transportation and storage,52,521,non-tradable,0.8,False,tradable,0.82,False,"Storage/warehousing is not itself an exported service (non-tradable Atlas), but distribution warehouses, grain silos and cold stores serve a multi-province catchment (tradable regional/economic-base). Canonical Atlas-vs-regional divergence (anchor)."
5221,Service activities incidental to land transportation,H,Transportation and storage,52,522,tradable,0.65,True,tradable,0.78,False,Terminal/freight-handling support to land transport supports inter-regional and trade flows; tradable under both. Mixed under Atlas as some operations are local.
5222,Service activities incidental to water transportation,H,Transportation and storage,52,522,tradable,0.78,False,tradable,0.82,False,Port/harbour and shipping support services serve international maritime trade; tradable under both.
5223,Service activities incidental to air transportation,H,Transportation and storage,52,522,tradable,0.78,False,tradable,0.82,False,Airport ground services and air-traffic support serve inter-regional/international flights; tradable under both.
5224,Cargo handling,H,Transportation and storage,52,522,tradable,0.72,True,tradable,0.8,False,"Loading/unloading at ports, airports and terminals serves trade flows; tradable under both. Mixed under Atlas where handling is for local transport."
5229,Other transportation support activities,H,Transportation and storage,52,522,tradable,0.7,True,tradable,0.78,False,"Freight forwarding, customs brokerage and logistics coordination directly serve cross-border/inter-regional trade; tradable under both. Mixed under Atlas given some local dispatch."
5310,Postal activities,H,Transportation and storage,53,531,non-tradable,0.58,True,tradable,0.6,True,"Universal-service postal networks carry mail nationwide (region-connecting, leans tradable regionally) but the activity is largely a domestic public service (non-tradable Atlas). Divergence; mixed."
5320,Courier activities,H,Transportation and storage,53,532,tradable,0.72,True,tradable,0.8,False,Express/courier networks (incl. international parcels) are trade-and-logistics services serving clients across regions and borders; tradable under both. Mixed under Atlas where last-mile delivery is local.
5510,Short term accommodation activities,I,Accommodation and food service activities,55,551,tradable,0.85,False,tradable,0.85,False,Hotels serve visitors travelling from other provinces and abroad -- exported tourism services; tradable under both (anchor).
5520,"Camping grounds, recreational vehicle parks and trailer parks",I,Accommodation and food service activities,55,552,tradable,0.72,True,tradable,0.78,False,Camping/RV/trailer parks serve travelling tourists/visitors; tradable tourism service under both. Mixed under Atlas as some sites serve local/regional weekenders.
5590,Other accommodation,I,Accommodation and food service activities,55,559,tradable,0.7,True,tradable,0.75,False,"Other lodging (hostels, workers'/student residences) partly serves visitors (tourism, tradable) and partly longer-stay local users; leans tradable, mixed under Atlas."
5610,Restaurants and mobile food service activities,I,Accommodation and food service activities,56,561,non-tradable,0.6,True,non-tradable,0.55,True,"Restaurants mainly serve local diners (non-tradable), though in tourist areas a meaningful share serves visitors; flagged mixed under both with low confidence given the tourism component."
5621,Event catering,I,Accommodation and food service activities,56,562,non-tradable,0.62,True,non-tradable,0.6,True,"Catering is contracted for local/regional events; mostly local but can serve clients across a region -- mixed under both, leaning local."
5629,Other food service activities,I,Accommodation and food service activities,56,562,non-tradable,0.6,True,non-tradable,0.58,True,"Contract/institutional food service (canteens, concessions) serves on-site clients; some operators run multi-site regional contracts -- mixed, leaning local."
5630,Beverage serving activities,I,Accommodation and food service activities,56,563,non-tradable,0.8,False,non-tradable,0.75,False,Bars/cafes serve walk-in local patrons; non-tradable under both definitions.
5811,Book publishing,J,Information and communication,58,581,tradable,0.85,False,tradable,0.86,False,Information/communication service (book publishing) is delivered digitally/at a distance to clients in other provinces and abroad; tradable under both definitions.
5812,Publishing of directories and mailing lists,J,Information and communication,58,581,tradable,0.85,False,tradable,0.86,False,Information/communication service (publishing of directories and mailing lists) is delivered digitally/at a distance to clients in other provinces and abroad; tradable under both definitions.
5813,"Publishing of newspapers, journals and periodicals",J,Information and communication,58,581,tradable,0.85,False,tradable,0.86,False,"Information/communication service (publishing of newspapers, journals and periodicals) is delivered digitally/at a distance to clients in other provinces and abroad; tradable under both definitions."
5819,Other publishing activities,J,Information and communication,58,581,tradable,0.85,False,tradable,0.86,False,Information/communication service (other publishing activities) is delivered digitally/at a distance to clients in other provinces and abroad; tradable under both definitions.
5820,Software publishing,J,Information and communication,58,582,tradable,0.85,False,tradable,0.86,False,Information/communication service (software publishing) is delivered digitally/at a distance to clients in other provinces and abroad; tradable under both definitions.
5911,"Motion picture, video and television programme production activities",J,Information and communication,59,591,tradable,0.85,False,tradable,0.86,False,"Information/communication service (motion picture, video and television programme production activities) is delivered digitally/at a distance to clients in other provinces and abroad; tradable under both definitions."
5912,"Motion picture, video and television programme post-production activities",J,Information and communication,59,591,tradable,0.85,False,tradable,0.86,False,"Information/communication service (motion picture, video and television programme post-production activities) is delivered digitally/at a distance to clients in other provinces and abroad; tradable under both definitions."
5913,"Motion picture, video and television programme distribution activities",J,Information and communication,59,591,tradable,0.85,False,tradable,0.86,False,"Information/communication service (motion picture, video and television programme distribution activities) is delivered digitally/at a distance to clients in other provinces and abroad; tradable under both definitions."
5914,Motion picture projection activities,J,Information and communication,59,591,non-tradable,0.68,True,non-tradable,0.62,True,"Cinemas sell admissions to a local/regional audience that physically attends; unlike film production/distribution, exhibition is place-bound. Non-tradable under both; mixed regionally as multiplexes draw a wider area. Diverges from the rest of section J."
5920,Sound recording and music publishing activities,J,Information and communication,59,592,tradable,0.85,False,tradable,0.86,False,Information/communication service (sound recording and music publishing activities) is delivered digitally/at a distance to clients in other provinces and abroad; tradable under both definitions.
6010,Radio broadcasting,J,Information and communication,60,601,tradable,0.6,True,tradable,0.7,True,"Radio content can be syndicated and reaches audiences beyond the locality (national networks), so it leans tradable, but many stations serve a purely local market -- mixed under both."
6020,Television programming and broadcasting activities,J,Information and communication,60,602,tradable,0.65,True,tradable,0.75,False,TV programming/broadcasting produces content distributed to national/multi-region audiences and can be licensed/exported; tradable under both. Mixed under Atlas given the local-station component.
6110,Wired telecommunications activities,J,Information and communication,61,611,tradable,0.85,False,tradable,0.86,False,Information/communication service (wired telecommunications activities) is delivered digitally/at a distance to clients in other provinces and abroad; tradable under both definitions.
6120,Wireless telecommunications activities,J,Information and communication,61,612,tradable,0.85,False,tradable,0.86,False,Information/communication service (wireless telecommunications activities) is delivered digitally/at a distance to clients in other provinces and abroad; tradable under both definitions.
6130,Satellite telecommunications activities,J,Information and communication,61,613,tradable,0.85,False,tradable,0.86,False,Information/communication service (satellite telecommunications activities) is delivered digitally/at a distance to clients in other provinces and abroad; tradable under both definitions.
6190,Other telecommunications activities,J,Information and communication,61,619,tradable,0.85,False,tradable,0.86,False,Information/communication service (other telecommunications activities) is delivered digitally/at a distance to clients in other provinces and abroad; tradable under both definitions.
6201,Computer programming activities,J,Information and communication,62,620,tradable,0.85,False,tradable,0.86,False,Information/communication service (computer programming activities) is delivered digitally/at a distance to clients in other provinces and abroad; tradable under both definitions.
6202,Computer consultancy and computer facilities management activities,J,Information and communication,62,620,tradable,0.85,False,tradable,0.86,False,Information/communication service (computer consultancy and computer facilities management activities) is delivered digitally/at a distance to clients in other provinces and abroad; tradable under both definitions.
6209,Other information technology and computer service activities,J,Information and communication,62,620,tradable,0.85,False,tradable,0.86,False,Information/communication service (other information technology and computer service activities) is delivered digitally/at a distance to clients in other provinces and abroad; tradable under both definitions.
6311,"Data processing, hosting and related activities",J,Information and communication,63,631,tradable,0.85,False,tradable,0.86,False,"Information/communication service (data processing, hosting and related activities) is delivered digitally/at a distance to clients in other provinces and abroad; tradable under both definitions."
6312,Web portals,J,Information and communication,63,631,tradable,0.85,False,tradable,0.86,False,Information/communication service (web portals) is delivered digitally/at a distance to clients in other provinces and abroad; tradable under both definitions.
6391,News agency activities,J,Information and communication,63,639,tradable,0.85,False,tradable,0.86,False,Information/communication service (news agency activities) is delivered digitally/at a distance to clients in other provinces and abroad; tradable under both definitions.
6399,Other information service activities n.e.c.,J,Information and communication,63,639,tradable,0.85,False,tradable,0.86,False,Information/communication service (other information service activities n.e.c.) is delivered digitally/at a distance to clients in other provinces and abroad; tradable under both definitions.
6411,Central banking,K,Financial and insurance activities,64,641,non-tradable,0.65,True,non-tradable,0.6,True,"Central banking is a national monetary-authority function, not a market service sold to customers; not tradable as an export or across provinces in the economic-base sense. Non-tradable under both; mixed/low confidence as it is sui generis. Diverges from the rest of section K."
6419,Other monetary intermediation,K,Financial and insurance activities,64,641,tradable,0.85,False,tradable,0.86,False,Financial/insurance service (other monetary intermediation) is delivered at a distance to clients beyond the locality and across borders; tradable under both definitions.
6420,Activities of holding companies,K,Financial and insurance activities,64,642,tradable,0.85,False,tradable,0.86,False,Financial/insurance service (activities of holding companies) is delivered at a distance to clients beyond the locality and across borders; tradable under both definitions.
6430,"Trusts, funds and similar financial entities",K,Financial and insurance activities,64,643,tradable,0.85,False,tradable,0.86,False,"Financial/insurance service (trusts, funds and similar financial entities) is delivered at a distance to clients beyond the locality and across borders; tradable under both definitions."
6491,Financial leasing,K,Financial and insurance activities,64,649,tradable,0.85,False,tradable,0.86,False,Financial/insurance service (financial leasing) is delivered at a distance to clients beyond the locality and across borders; tradable under both definitions.
6492,Other credit granting,K,Financial and insurance activities,64,649,tradable,0.85,False,tradable,0.86,False,Financial/insurance service (other credit granting) is delivered at a distance to clients beyond the locality and across borders; tradable under both definitions.
6499,"Other financial service activities, except insurance and pension funding activities, n.e.c.",K,Financial and insurance activities,64,649,tradable,0.85,False,tradable,0.86,False,"Financial/insurance service (other financial service activities, except insurance and pension funding activities, n.e.c.) is delivered at a distance to clients beyond the locality and across borders; tradable under both definitions."
6511,Life insurance,K,Financial and insurance activities,65,651,tradable,0.85,False,tradable,0.86,False,Financial/insurance service (life insurance) is delivered at a distance to clients beyond the locality and across borders; tradable under both definitions.
6512,Non-life insurance,K,Financial and insurance activities,65,651,tradable,0.85,False,tradable,0.86,False,Financial/insurance service (non-life insurance) is delivered at a distance to clients beyond the locality and across borders; tradable under both definitions.
6520,Reinsurance,K,Financial and insurance activities,65,652,tradable,0.85,False,tradable,0.86,False,Financial/insurance service (reinsurance) is delivered at a distance to clients beyond the locality and across borders; tradable under both definitions.
6530,Pension funding,K,Financial and insurance activities,65,653,tradable,0.85,False,tradable,0.86,False,Financial/insurance service (pension funding) is delivered at a distance to clients beyond the locality and across borders; tradable under both definitions.
6611,Administration of financial markets,K,Financial and insurance activities,66,661,tradable,0.85,False,tradable,0.86,False,Financial/insurance service (administration of financial markets) is delivered at a distance to clients beyond the locality and across borders; tradable under both definitions.
6612,Security and commodity contracts brokerage,K,Financial and insurance activities,66,661,tradable,0.85,False,tradable,0.86,False,Financial/insurance service (security and commodity contracts brokerage) is delivered at a distance to clients beyond the locality and across borders; tradable under both definitions.
6619,Other activities auxiliary to financial service activities,K,Financial and insurance activities,66,661,tradable,0.85,False,tradable,0.86,False,Financial/insurance service (other activities auxiliary to financial service activities) is delivered at a distance to clients beyond the locality and across borders; tradable under both definitions.
6621,Risk and damage evaluation,K,Financial and insurance activities,66,662,tradable,0.85,False,tradable,0.86,False,Financial/insurance service (risk and damage evaluation) is delivered at a distance to clients beyond the locality and across borders; tradable under both definitions.
6622,Activities of insurance agents and brokers,K,Financial and insurance activities,66,662,tradable,0.85,False,tradable,0.86,False,Financial/insurance service (activities of insurance agents and brokers) is delivered at a distance to clients beyond the locality and across borders; tradable under both definitions.
6629,Other activities auxiliary to insurance and pension funding,K,Financial and insurance activities,66,662,tradable,0.85,False,tradable,0.86,False,Financial/insurance service (other activities auxiliary to insurance and pension funding) is delivered at a distance to clients beyond the locality and across borders; tradable under both definitions.
6630,Fund management activities,K,Financial and insurance activities,66,663,tradable,0.85,False,tradable,0.86,False,Financial/insurance service (fund management activities) is delivered at a distance to clients beyond the locality and across borders; tradable under both definitions.
6810,Real estate activities with own or leased property,L,Real estate activities,68,681,non-tradable,0.8,False,non-tradable,0.7,True,Income from owning/renting property is tied to a fixed location and a local market (non-tradable Atlas); mixed regionally because commercial/portfolio landlords can draw tenants/investors from beyond the locality.
6820,Real estate activities on a fee or contract basis,L,Real estate activities,68,682,non-tradable,0.68,True,non-tradable,0.62,True,"Brokerage/property-management services attach to local property and are mostly non-tradable, though commercial brokerage can serve buyers/investors from other regions and abroad -- mixed under both."
6910,Legal activities,M,"Professional, scientific and technical activities",69,691,tradable,0.82,False,tradable,0.84,False,Professional/scientific/technical service (legal activities) can be delivered to remote clients in other provinces and abroad; tradable under both definitions.
6920,"Accounting, bookkeeping and auditing activities; tax consultancy",M,"Professional, scientific and technical activities",69,692,tradable,0.82,False,tradable,0.84,False,"Professional/scientific/technical service (accounting, bookkeeping and auditing activities; tax consultancy) can be delivered to remote clients in other provinces and abroad; tradable under both definitions."
7010,Activities of head offices,M,"Professional, scientific and technical activities",70,701,tradable,0.82,False,tradable,0.84,False,Professional/scientific/technical service (activities of head offices) can be delivered to remote clients in other provinces and abroad; tradable under both definitions.
7020,Management consultancy activities,M,"Professional, scientific and technical activities",70,702,tradable,0.82,False,tradable,0.84,False,Professional/scientific/technical service (management consultancy activities) can be delivered to remote clients in other provinces and abroad; tradable under both definitions.
7110,Architectural and engineering activities and related technical consultancy,M,"Professional, scientific and technical activities",71,711,tradable,0.82,False,tradable,0.84,False,Professional/scientific/technical service (architectural and engineering activities and related technical consultancy) can be delivered to remote clients in other provinces and abroad; tradable under both definitions.
7120,Technical testing and analysis,M,"Professional, scientific and technical activities",71,712,tradable,0.82,False,tradable,0.84,False,Professional/scientific/technical service (technical testing and analysis) can be delivered to remote clients in other provinces and abroad; tradable under both definitions.
7210,Research and experimental development on natural sciences and engineering,M,"Professional, scientific and technical activities",72,721,tradable,0.82,False,tradable,0.84,False,Professional/scientific/technical service (research and experimental development on natural sciences and engineering) can be delivered to remote clients in other provinces and abroad; tradable under both definitions.
7220,Research and experimental development on social sciences and humanities,M,"Professional, scientific and technical activities",72,722,tradable,0.82,False,tradable,0.84,False,Professional/scientific/technical service (research and experimental development on social sciences and humanities) can be delivered to remote clients in other provinces and abroad; tradable under both definitions.
7310,Advertising,M,"Professional, scientific and technical activities",73,731,tradable,0.82,False,tradable,0.84,False,Professional/scientific/technical service (advertising) can be delivered to remote clients in other provinces and abroad; tradable under both definitions.
7320,Market research and public opinion polling,M,"Professional, scientific and technical activities",73,732,tradable,0.82,False,tradable,0.84,False,Professional/scientific/technical service (market research and public opinion polling) can be delivered to remote clients in other provinces and abroad; tradable under both definitions.
7410,Specialized design activities,M,"Professional, scientific and technical activities",74,741,tradable,0.82,False,tradable,0.84,False,Professional/scientific/technical service (specialized design activities) can be delivered to remote clients in other provinces and abroad; tradable under both definitions.
7420,Photographic activities,M,"Professional, scientific and technical activities",74,742,non-tradable,0.55,True,non-tradable,0.58,True,"Dominated by local consumer services (portrait, event, ID photography); leans non-tradable, though commercial/press photography can serve clients elsewhere -- mixed under both, low confidence."
7490,"Other professional, scientific and technical activities n.e.c.",M,"Professional, scientific and technical activities",74,749,tradable,0.82,False,tradable,0.84,False,"Professional/scientific/technical service (other professional, scientific and technical activities n.e.c.) can be delivered to remote clients in other provinces and abroad; tradable under both definitions."
7500,Veterinary activities,M,"Professional, scientific and technical activities",75,750,non-tradable,0.6,True,tradable,0.6,True,"Veterinary services are delivered on-site to local pet owners and farms (non-tradable Atlas), but livestock/animal-health practices serve a regional agricultural catchment (tradable regional). Divergence; mixed."
7710,Renting and leasing of motor vehicles,N,Administrative and support service activities,77,771,non-tradable,0.55,True,tradable,0.6,True,"Vehicle rental serves travellers and regional business clients (airport rental partly serves inbound visitors), but is largely a domestic service; non-tradable Atlas (mixed), tradable regional. Divergence; mixed."
7721,Renting and leasing of recreational and sports goods,N,Administrative and support service activities,77,772,non-tradable,0.72,False,non-tradable,0.62,True,"Consumer recreational/sports-goods rental serves local users (some tourist rental); non-tradable Atlas, mixed/leaning local regionally."
7722,Renting of video tapes and disks,N,Administrative and support service activities,77,772,non-tradable,0.82,False,non-tradable,0.8,False,Local consumer video rental outlets; non-tradable under both.
7729,Renting and leasing of other personal and household goods,N,Administrative and support service activities,77,772,non-tradable,0.72,False,non-tradable,0.65,True,"Consumer/household-goods rental serving local users; non-tradable Atlas, mildly mixed regionally."
7730,"Renting and leasing of other machinery, equipment and tangible goods",N,Administrative and support service activities,77,773,non-tradable,0.6,True,tradable,0.65,True,"Plant/equipment rental (construction, industrial machinery) serves business clients across a region (tradable regional) but is not an exported service (non-tradable Atlas). Divergence; mixed."
7740,"Leasing of intellectual property and similar products, except copyrighted works",N,Administrative and support service activities,77,774,tradable,0.68,True,tradable,0.72,False,"Licensing of patents, trademarks and franchises generates royalties that flow across regions and borders; tradable under both. Mixed under Atlas given heterogeneity."
7810,Activities of employment placement agencies,N,Administrative and support service activities,78,781,non-tradable,0.55,True,tradable,0.6,True,"Recruitment/placement serves employers and job-seekers across a region/nation (tradable regional), but the core matching is largely a domestic labour-market service (non-tradable Atlas); mixed, some cross-border recruitment."
7820,Temporary employment agency activities,N,Administrative and support service activities,78,782,non-tradable,0.58,True,tradable,0.6,True,Temp/staffing agencies supply labour to client firms; agencies operate across a region (tradable regional) but supply is to the domestic market (non-tradable Atlas). Divergence; mixed.
7830,Other human resources provision,N,Administrative and support service activities,78,783,non-tradable,0.55,True,tradable,0.6,True,HR/payroll/PEO provision can serve multi-province corporate clients (tradable regional) but is mostly not an exported service (non-tradable Atlas); mixed.
7911,Travel agency activities,N,Administrative and support service activities,79,791,tradable,0.75,False,tradable,0.8,False,Travel agencies earn commissions serving travellers; inbound/tour bookings are part of exported tourism services; tradable under both.
7912,Tour operator activities,N,Administrative and support service activities,79,791,tradable,0.8,False,tradable,0.85,False,Tour operators package and sell destination experiences to visitors from other regions and abroad -- a core exported tourism service; tradable under both.
7990,Other reservation service and related activities,N,Administrative and support service activities,79,799,tradable,0.68,True,tradable,0.75,False,"Reservation/ticketing and related services support travel and tourism flows; tradable under both, mixed under Atlas given some local activity."
8010,Private security activities,N,Administrative and support service activities,80,801,non-tradable,0.72,False,non-tradable,0.65,True,"Guarding services are delivered at the client's local premises; mostly non-tradable, though firms can hold multi-province contracts -- mixed regionally."
8020,Security systems service activities,N,Administrative and support service activities,80,802,non-tradable,0.6,True,non-tradable,0.6,True,"Alarm monitoring/installation can run from a regional/national centre (straddles) but ultimately serves local premises; mixed under both, leaning local."
8030,Investigation activities,N,Administrative and support service activities,80,803,non-tradable,0.62,True,non-tradable,0.6,True,"Private investigation serves mostly local/regional clients and can occasionally serve clients elsewhere; mixed, leaning non-tradable."
8110,Combined facilities support activities,N,Administrative and support service activities,81,811,non-tradable,0.6,True,tradable,0.58,True,"Integrated facilities management serves client sites locally, but contractors increasingly hold multi-province corporate contracts (tradable regional); non-tradable Atlas. Mixed."
8121,General cleaning of buildings,N,Administrative and support service activities,81,812,non-tradable,0.85,False,non-tradable,0.8,False,Building cleaning is performed on-site for local clients -- a ubiquitous local service; non-tradable under both.
8129,Other building and industrial cleaning activities,N,Administrative and support service activities,81,812,non-tradable,0.78,False,non-tradable,0.68,True,"Specialized/industrial cleaning is on-site but specialists can serve a regional industrial base; mostly non-tradable, mixed regionally."
8130,Landscape care and maintenance service activities,N,Administrative and support service activities,81,813,non-tradable,0.85,False,non-tradable,0.8,False,Gardening/landscaping performed on-site for local clients; non-tradable under both.
8211,Combined office administrative service activities,N,Administrative and support service activities,82,821,non-tradable,0.65,True,non-tradable,0.6,True,Outsourced office administration can serve clients across a region (mixed regional) but is largely a support service to local establishments (non-tradable Atlas).
8219,"Photocopying, document preparation and other specialized office support activities",N,Administrative and support service activities,82,821,non-tradable,0.78,False,non-tradable,0.7,True,"Walk-in document/office support for local clients; non-tradable Atlas, mildly mixed regionally."
8220,Activities of call centres,N,Administrative and support service activities,82,822,tradable,0.8,False,tradable,0.82,False,Call/contact centres are classic business-process outsourcing serving clients in other regions and abroad -- internationally tradable; tradable under both.
8230,Organization of conventions and trade shows,N,Administrative and support service activities,82,823,tradable,0.65,True,tradable,0.72,False,"Convention/trade-show organisers attract exhibitors and visitors from other regions and abroad (MICE tourism); tradable under both, mixed under Atlas for local events."
8291,Activities of collection agencies and credit bureaus,N,Administrative and support service activities,82,829,non-tradable,0.55,True,tradable,0.6,True,Debt-collection and credit-reference services can be centralised and serve clients across a region/nation (tradable regional); not typically exported (non-tradable Atlas). Mixed.
8292,Packaging activities,N,Administrative and support service activities,82,829,non-tradable,0.6,True,tradable,0.65,True,Contract packing/labelling supports manufacturers and exporters and can serve clients across a region (tradable regional); the service itself is not exported (non-tradable Atlas). Divergence; mixed.
8299,Other business support service activities n.e.c.,N,Administrative and support service activities,82,829,non-tradable,0.5,True,tradable,0.55,True,Heterogeneous catch-all of business support; some serve regional clients (tradable regional) but much is local administrative support (non-tradable Atlas). Low confidence/mixed.
8411,General public administration activities,O,Public administration and defence; compulsory social security,84,841,non-tradable,0.9,False,non-tradable,0.88,False,"Public administration/defence/social security (general public administration activities) is a government function serving residents/citizens, not a market-tradable output; non-tradable under both definitions."
8412,"Regulation of the activities of providing health care, education, cultural services and other social services, excluding social security",O,Public administration and defence; compulsory social security,84,841,non-tradable,0.9,False,non-tradable,0.88,False,"Public administration/defence/social security (regulation of the activities of providing health care, education, cultural services and other social services, excluding social security) is a government function serving residents/citizens, not a market-tradable output; non-tradable under both definitions."
8413,Regulation of and contribution to more efficient operation of businesses,O,Public administration and defence; compulsory social security,84,841,non-tradable,0.9,False,non-tradable,0.88,False,"Public administration/defence/social security (regulation of and contribution to more efficient operation of businesses) is a government function serving residents/citizens, not a market-tradable output; non-tradable under both definitions."
8421,Foreign affairs,O,Public administration and defence; compulsory social security,84,842,non-tradable,0.9,False,non-tradable,0.88,False,"Public administration/defence/social security (foreign affairs) is a government function serving residents/citizens, not a market-tradable output; non-tradable under both definitions."
8422,Defence activities,O,Public administration and defence; compulsory social security,84,842,non-tradable,0.9,False,non-tradable,0.88,False,"Public administration/defence/social security (defence activities) is a government function serving residents/citizens, not a market-tradable output; non-tradable under both definitions."
8423,Public order and safety activities,O,Public administration and defence; compulsory social security,84,842,non-tradable,0.9,False,non-tradable,0.88,False,"Public administration/defence/social security (public order and safety activities) is a government function serving residents/citizens, not a market-tradable output; non-tradable under both definitions."
8430,Compulsory social security activities,O,Public administration and defence; compulsory social security,84,843,non-tradable,0.9,False,non-tradable,0.88,False,"Public administration/defence/social security (compulsory social security activities) is a government function serving residents/citizens, not a market-tradable output; non-tradable under both definitions."
8510,Pre-primary and primary education,P,Education,85,851,non-tradable,0.9,False,non-tradable,0.88,False,Local schooling for resident children; non-tradable under both (anchor: primary/secondary excluded).
8521,General secondary education,P,Education,85,852,non-tradable,0.85,False,non-tradable,0.8,False,Secondary schooling serves the resident population locally; non-tradable under both.
8522,Technical and vocational secondary education,P,Education,85,852,non-tradable,0.75,False,non-tradable,0.65,True,"Vocational/technical schools mostly serve local students, but some specialized institutes draw a regional catchment; non-tradable Atlas, mixed regionally."
8530,Higher education,P,Education,85,853,non-tradable,0.6,True,tradable,0.8,False,"Universities draw students from across the country (and some international students) -- strongly region-serving (tradable regional) and partly an exported service (mixed Atlas); routine teaching is local. Canonical Atlas-vs-regional divergence (anchor): non-tradable Atlas, tradable regional."
8541,Sports and recreation education,P,Education,85,854,non-tradable,0.7,True,non-tradable,0.62,True,"Driving schools and sports/recreation instruction mostly serve local learners; some academies draw regionally -- non-tradable, mixed."
8542,Cultural education,P,Education,85,854,non-tradable,0.7,True,non-tradable,0.62,True,"Music/art/language tuition mostly serves local learners; specialized academies can draw regionally -- non-tradable, mixed."
8549,Other education n.e.c.,P,Education,85,854,non-tradable,0.55,True,tradable,0.6,True,"Includes language schools, exam prep and online courses that can serve students elsewhere (tradable regional, partly Atlas), but much is local tuition; mixed/low confidence."
8550,Educational support activities,P,Education,85,855,non-tradable,0.55,True,tradable,0.6,True,Educational consulting/support services can be delivered to institutions across a region/nation (tradable regional) but are not generally exported (non-tradable Atlas); mixed.
8610,Hospital activities,Q,Human health and social work activities,86,861,non-tradable,0.6,True,tradable,0.8,False,"Referral and specialized hospitals draw patients from many provinces (tradable regional) and attract some medical tourism (mixed Atlas); routine hospital care is local. Canonical Atlas-vs-regional divergence (anchor): non-tradable Atlas, tradable regional."
8620,Medical and dental practice activities,Q,Human health and social work activities,86,862,non-tradable,0.62,True,non-tradable,0.58,True,"Routine medical/dental practice serves local patients (non-tradable), but specialist consultants and dental/medical tourism draw a wider catchment; mixed under both, leaning local."
8690,Other human health activities,Q,Human health and social work activities,86,869,non-tradable,0.58,True,tradable,0.6,True,"Diagnostic labs, imaging and ambulance services often operate from regional hubs serving multiple provinces (tradable regional) but are not generally exported (non-tradable Atlas); mixed."
8710,Residential nursing care facilities,Q,Human health and social work activities,87,871,non-tradable,0.7,True,non-tradable,0.62,True,"Residential nursing care mainly serves the local/regional population; some specialized facilities draw a wider catchment -- non-tradable, mixed regionally."
8720,"Residential care activities for mental retardation, mental health and substance abuse",Q,Human health and social work activities,87,872,non-tradable,0.68,True,non-tradable,0.62,True,"Specialized residential mental-health/substance-abuse care can serve a regional catchment but is largely place-bound social care; non-tradable, mixed regionally."
8730,Residential care activities for the elderly and disabled,Q,Human health and social work activities,87,873,non-tradable,0.72,False,non-tradable,0.65,True,"Care homes serve mostly local/regional residents; non-tradable Atlas, mildly mixed regionally."
8790,Other residential care activities,Q,Human health and social work activities,87,879,non-tradable,0.7,True,non-tradable,0.62,True,"Residential social care, largely local/regional; non-tradable, mixed regionally."
8810,Social work activities without accommodation for the elderly and disabled,Q,Human health and social work activities,88,881,non-tradable,0.82,False,non-tradable,0.78,False,Community social services for local residents; non-tradable under both.
8890,Other social work activities without accommodation,Q,Human health and social work activities,88,889,non-tradable,0.82,False,non-tradable,0.78,False,Local community/social assistance services; non-tradable under both.
9000,"Creative, arts and entertainment activities",R,"Arts, entertainment and recreation",90,900,tradable,0.6,True,tradable,0.7,True,"Artists, performers and producers create works and shows that tour and sell beyond the locality (and can be exported); leans tradable under both, mixed given some purely local performance."
9101,Library and archives activities,R,"Arts, entertainment and recreation",91,910,non-tradable,0.8,False,non-tradable,0.75,False,Public libraries/archives serve the local resident population; non-tradable under both.
9102,Museums activities and operation of historical sites and buildings,R,"Arts, entertainment and recreation",91,910,tradable,0.65,True,tradable,0.75,False,"Museums and heritage sites attract visitors from other regions and abroad (cultural tourism); tradable under both, mixed under Atlas for small local museums."
9103,Botanical and zoological gardens and nature reserves activities,R,"Arts, entertainment and recreation",91,910,tradable,0.68,True,tradable,0.78,False,"Gardens, zoos and nature reserves are tourism draws pulling visitors from elsewhere (highly relevant for Ecuador); tradable under both, mixed under Atlas where attendance is local."
9200,Gambling and betting activities,R,"Arts, entertainment and recreation",92,920,non-tradable,0.55,True,tradable,0.6,True,"Casinos/betting draw patrons from a regional catchment and tourists (tradable regional), and online betting can cross borders (mixed Atlas); much play is local. Mixed; leans regional-tradable."
9311,Operation of sports facilities,R,"Arts, entertainment and recreation",93,931,non-tradable,0.68,True,non-tradable,0.6,True,"Sports facilities mostly serve local users, but stadiums hosting regional/national events draw wider audiences -- non-tradable, mixed regionally."
9312,Activities of sports clubs,R,"Arts, entertainment and recreation",93,931,non-tradable,0.62,True,non-tradable,0.6,True,"Most clubs serve local members; professional clubs draw regional/national fan revenue and transfers -- mixed, leaning local."
9319,Other sports activities,R,"Arts, entertainment and recreation",93,931,non-tradable,0.65,True,non-tradable,0.6,True,"Mostly local sports provision (instructors, leagues); some professional/event activity draws wider audiences -- non-tradable, mixed."
9321,Activities of amusement parks and theme parks,R,"Arts, entertainment and recreation",93,932,tradable,0.6,True,tradable,0.72,False,"Amusement/theme parks attract visitors travelling from other regions (and tourists); tradable under both, mixed under Atlas where attendance is mostly local."
9329,Other amusement and recreation activities n.e.c.,R,"Arts, entertainment and recreation",93,932,non-tradable,0.62,True,non-tradable,0.58,True,"Mostly local recreation services; some attractions draw a regional/tourist catchment -- non-tradable, mixed."
9411,Activities of business and employers membership organizations,S,Other service activities,94,941,non-tradable,0.78,False,non-tradable,0.72,False,"Membership organization (activities of business and employers membership organizations) serves its members and advocacy/community functions, not a market output sold across regions; non-tradable under both definitions."
9412,Activities of professional membership organizations,S,Other service activities,94,941,non-tradable,0.78,False,non-tradable,0.72,False,"Membership organization (activities of professional membership organizations) serves its members and advocacy/community functions, not a market output sold across regions; non-tradable under both definitions."
9420,Activities of trade unions,S,Other service activities,94,942,non-tradable,0.78,False,non-tradable,0.72,False,"Membership organization (activities of trade unions) serves its members and advocacy/community functions, not a market output sold across regions; non-tradable under both definitions."
9491,Activities of religious organizations,S,Other service activities,94,949,non-tradable,0.78,False,non-tradable,0.72,False,"Membership organization (activities of religious organizations) serves its members and advocacy/community functions, not a market output sold across regions; non-tradable under both definitions."
9492,Activities of political organizations,S,Other service activities,94,949,non-tradable,0.78,False,non-tradable,0.72,False,"Membership organization (activities of political organizations) serves its members and advocacy/community functions, not a market output sold across regions; non-tradable under both definitions."
9499,Activities of other membership organizations n.e.c.,S,Other service activities,94,949,non-tradable,0.78,False,non-tradable,0.72,False,"Membership organization (activities of other membership organizations n.e.c.) serves its members and advocacy/community functions, not a market output sold across regions; non-tradable under both definitions."
9511,Repair of computers and peripheral equipment,S,Other service activities,95,951,non-tradable,0.6,True,tradable,0.6,True,"Computer repair is mostly local, but specialized/warranty repair can take ship-in work from a wider catchment (tradable regional); not an export (non-tradable Atlas). Mixed."
9512,Repair of communication equipment,S,Other service activities,95,951,non-tradable,0.6,True,tradable,0.6,True,"Communication-equipment repair is mostly local, but specialized repair centres serve a regional catchment (tradable regional); non-tradable Atlas. Mixed."
9521,Repair of consumer electronics,S,Other service activities,95,952,non-tradable,0.75,False,non-tradable,0.68,True,"Local consumer-electronics repair; non-tradable Atlas, mildly mixed regionally."
9522,Repair of household appliances and home and garden equipment,S,Other service activities,95,952,non-tradable,0.8,False,non-tradable,0.75,False,On-site/local appliance and home/garden-equipment repair; non-tradable under both.
9523,Repair of footwear and leather goods,S,Other service activities,95,952,non-tradable,0.82,False,non-tradable,0.78,False,Local cobbler/leather repair; non-tradable under both.
9524,Repair of furniture and home furnishings,S,Other service activities,95,952,non-tradable,0.8,False,non-tradable,0.75,False,Local furniture repair/restoration; non-tradable under both (occasional specialist restoration draws wider).
9529,Repair of other personal and household goods,S,Other service activities,95,952,non-tradable,0.8,False,non-tradable,0.75,False,Local repair of other personal/household goods; non-tradable under both.
9601,Washing and (dry-) cleaning of textile and fur products,S,Other service activities,96,960,non-tradable,0.82,False,non-tradable,0.78,False,Laundry/dry-cleaning serves local customers; non-tradable under both.
9602,Hairdressing and other beauty treatment,S,Other service activities,96,960,non-tradable,0.95,False,non-tradable,0.92,False,Personal grooming delivered in person to local clients -- the archetypal non-tradable local service (anchor); non-tradable under both.
9603,Funeral and related activities,S,Other service activities,96,960,non-tradable,0.85,False,non-tradable,0.8,False,Funeral services serve the local community; non-tradable under both.
9609,Other personal service activities n.e.c.,S,Other service activities,96,960,non-tradable,0.8,False,non-tradable,0.75,False,"Personal services (spas, tattooing, etc.) delivered in person to local clients; non-tradable under both."
9700,Activities of households as employers of domestic personnel,T,Activities of households as employers; undifferentiated goods- and services-producing activities of households for own use,97,970,non-tradable,0.95,False,non-tradable,0.92,False,Domestic staff employed by and serving a household; not a market-traded output; non-tradable under both.
9810,Undifferentiated goods-producing activities of private households for own use,T,Activities of households as employers; undifferentiated goods- and services-producing activities of households for own use,98,981,non-tradable,0.95,False,non-tradable,0.92,False,Subsistence own-use goods production by households; not marketed; non-tradable under both.
9820,Undifferentiated service-producing activities of private households for own use,T,Activities of households as employers; undifferentiated goods- and services-producing activities of households for own use,98,982,non-tradable,0.95,False,non-tradable,0.92,False,Own-use household service production; not marketed; non-tradable under both.
9900,Activities of extraterritorial organizations and bodies,U,Activities of extraterritorial organizations and bodies,99,990,non-tradable,0.6,True,non-tradable,0.55,True,"Embassies and international organizations perform diplomatic/administrative functions rather than producing a market-traded output; non-tradable under both, though their local spending behaves somewhat like an external demand injection. Sui generis; mixed/low confidence."
J6203,Design and development of blockchain-based solutions,J,Information and communication,62,620,tradable,0.85,False,tradable,0.86,False,Blockchain software design/development is a digital IT service delivered at a distance to clients in other provinces and abroad; tradable under both definitions (mirrors ISIC 6201/6209).
K6613,Virtual asset management,K,Financial and insurance activities,66,661,tradable,0.68,True,tradable,0.8,False,Management of virtual/crypto assets is a financial service delivered remotely to clients beyond the locality and across borders; tradable under both. Mixed under Atlas given the novelty/heterogeneity of the activity.
K6614,"Advisory, management and operation services for virtual markets",K,Financial and insurance activities,66,661,tradable,0.68,True,tradable,0.8,False,Advising on and operating virtual markets is a financial/technical service delivered at a distance to clients across regions and borders; tradable under both. Mixed under Atlas given the activity's novelty.
